chargelarge_id,name,address,latitude,longitude,power_range,charge_point_count,port_count,dc_port_count,connector_types,min_power_kw,max_power_kw,status_counts,fast_dc_indicator
32c163d9-84aa-4c71-b092-9aab18f2e771-C027643,Test 001,"62 Kitchener St, St Ives, St Ives, NSW 2075",-33.71289756,151.17095918,7.4,1,1,0,TYPE2,7.4,7.4,"{""Missing"": 1}",False
179ada28-f0c6-4431-a1fc-bbb2e5ec26d6-AUCHB25390002,Edgewater Motel,"1 Princess Avenue South, Burrill Lake, NSW 2539",-35.3883582,150.4481227,22,4,4,0,TYPE2,22.0,22.0,"{""Available"": 4}",False
15d06bf5-6b4a-425d-9312-bae4b17cc22b-1329,[TBC] [SO-35605] Carpark 801 - Xavier Sun,"14 Millennium Ct, Silverwater, NSW 2128",-33.8325123,151.040631,7,1,1,0,TYPE2,7.0,7.0,"{""Missing"": 1}",False
d1cbdd86-205d-4538-b287-34032bf74788-u-DjHT_9ORnC_RpMdhcRvBOYwCVpKrqQhsiV,7 Koala Pl Boat Harbour NSW 2316,"7 Koala Pl, Boat Harbour, NSW 2316",-32.777059,152.1102617,22,4,4,0,TYPE2,22.0,22.0,"{""Available"": 4}",False
ac6d79e9-3d3d-4a6b-a3b2-99a06fe51e25-206,20 Hillcrest St-Homebush,"20 Hillcrest St, Homebush, NSW, Australia, 21, Homebush, NSW 2140",-33.862411,151.079737,22,2,2,0,TYPE2,22.0,22.0,"{""Available"": 2}",False
32c163d9-84aa-4c71-b092-9aab18f2e771-2407003381,Test 001,"62 Kitchener St, St Ives, St Ives, NSW 2075",-33.71289756,151.17095918,7.4,1,1,0,TYPE2,7.4,7.4,"{""Missing"": 1}",False
15d06bf5-6b4a-425d-9312-bae4b17cc22b-252,TEST MQ,"287 Victoria Rd, Rydalmere, NSW 2116",-33.8242036,151.0502673,7 - 120,9,16,4,CCS2|TYPE2,7.0,120.0,"{""Available"": 11, ""Missing"": 2, ""OutOfService"": 3}",True
baaffa39-0adb-422e-a7bf-4b391d232b5d-3,AGL Corporate EV Public Charging,"103 Denison St, Rozelle NSW 2039, Australia, Rozelle, NSW 2039",-33.869885,151.17001,7 - 22,16,16,0,TYPE2,7.0,22.0,"{""Inoperative"": 7, ""Unknown"": 9}",False
ac6d79e9-3d3d-4a6b-a3b2-99a06fe51e25-244,11 Barwon Park Rd-St Peters,"11 Barwon Park Rd, St Peters, NSW, 2044, City of Sydney, NSW 2044",-33.911284,151.181307,22,2,2,0,TYPE2,22.0,22.0,"{""Inoperative"": 2}",False
ac6d79e9-3d3d-4a6b-a3b2-99a06fe51e25-49,1 Denison St-Rozelle,"1 Denison St, Rozelle NSW 2039, Australia, Rozelle, NSW 2039",-33.865594,151.16783,22,2,2,0,TYPE2,22.0,22.0,"{""Available"": 1, ""Charging"": 1}",False
15d06bf5-6b4a-425d-9312-bae4b17cc22b-829,Intellihub - Murriverie Road North Bondi,"1 Reina St, North Bondi, NSW 2026",-33.8818567,151.275285,22,2,2,0,TYPE2,22.0,22.0,"{""Charging"": 1, ""Missing"": 1}",False
15d06bf5-6b4a-425d-9312-bae4b17cc22b-321,PEMBROKE - Energy Trade,"48 Pembroke St, Epping, NSW 2121",-33.771806,151.0879443,22,1,1,0,TYPE2,22.0,22.0,"{""Missing"": 1}",False
ac6d79e9-3d3d-4a6b-a3b2-99a06fe51e25-247,81 Corish Circle-Banksmeadow,"81 Corish Circle, Banksmeadow, NSW, Australia, Bayside, NSW 2019",-33.946987,151.221714,22,2,2,0,TYPE2,22.0,22.0,"{""Available"": 2}",False
ac6d79e9-3d3d-4a6b-a3b2-99a06fe51e25-22,25 Childe St-Byron Bay,"25 Childe St, Byron Bay NSW 2481, Australia, Byron Bay, NSW 2481",-28.6343,153.598951,22,2,2,0,TYPE2,22.0,22.0,"{""Available"": 2}",False
ac6d79e9-3d3d-4a6b-a3b2-99a06fe51e25-185,Op 10 Neild Ave-Edgecliff,"Neild Avenue 6, Darlinghurst, NSW 2010",-33.877878,151.228855,22,2,2,0,TYPE2,22.0,22.0,"{""Available"": 2}",False
15d06bf5-6b4a-425d-9312-bae4b17cc22b-1476,[TBC] [SO000493] Raston Group,"14 Millennium Ct, Silverwater, NSW 2128",-33.8325123,151.040631,7,9,9,0,TYPE2,7.0,7.0,"{""Missing"": 9}",False
15d06bf5-6b4a-425d-9312-bae4b17cc22b-1468,[TBC] [SO000277] CS Energy - CSE555 - Garden Square,"14 Millennium Ct, Silverwater, NSW 2128",-33.8325123,151.040631,7,10,10,0,TYPE2,7.0,7.0,"{""Missing"": 10}",False
ac6d79e9-3d3d-4a6b-a3b2-99a06fe51e25-129,25 Swanson St-Erskineville,"25 Swanson St, Erskineville NSW 2043, Austral, Erskineville, NSW 2043",-33.900873,151.188801,22,2,2,0,TYPE2,22.0,22.0,"{""Available"": 2}",False
15d06bf5-6b4a-425d-9312-bae4b17cc22b-1608,Orange City Council - Aquatic Centre,"21A Hill St, Orange, NSW 2800",-33.288714,149.0916869,22,2,2,0,TYPE2,22.0,22.0,"{""Available"": 1, ""Missing"": 1}",False
ac6d79e9-3d3d-4a6b-a3b2-99a06fe51e25-218,OP 2 Cambridge St-Singleton,"2 Cambridge St, Singleton NSW 2330, Australia, Singleton, NSW 2330",-32.560981,151.174902,22,2,2,0,TYPE2,22.0,22.0,"{""Available"": 1, ""OutOfService"": 1}",False
ac6d79e9-3d3d-4a6b-a3b2-99a06fe51e25-117,116 Bruce Street-Cooks Hill,"Bruce Street 116, Cooks Hill, NSW 2300",-32.933201,151.766914,22,2,2,0,TYPE2,22.0,22.0,"{""Available"": 2}",False
baaffa39-0adb-422e-a7bf-4b391d232b5d-121,2 King St Bondi NSW 2026,"2 King St, Bondi NSW 2026, Australia, Bondi, NSW 2026",-33.894543,151.26083,22,1,1,0,TYPE2,22.0,22.0,"{""Charging"": 1}",False
ac6d79e9-3d3d-4a6b-a3b2-99a06fe51e25-173,1 Shelton St-Charlestown,"1 Shelton St, Charlestown NSW 2290, Australia, Charlestown, NSW 2290",-32.96584,151.699286,22,2,2,0,TYPE2,22.0,22.0,"{""Available"": 1, ""Charging"": 1}",False
ac6d79e9-3d3d-4a6b-a3b2-99a06fe51e25-190,6 Ethel St-Eastwood,"6 Ethel St, Eastwood NSW 2122, Eastwood, NSW 2122",-33.790025,151.083105,22,2,2,0,TYPE2,22.0,22.0,"{""Available"": 2}",False
ac6d79e9-3d3d-4a6b-a3b2-99a06fe51e25-254,56 Baxter Road-Mascot,"56-60 Baxter Road, Mascot, Bayside, NSW 2020",-33.931523,151.186961,22,2,2,0,TYPE2,22.0,22.0,"{""Available"": 2}",False
baaffa39-0adb-422e-a7bf-4b391d232b5d-503,"46-50 South St, Gymea NSW 2227","46-50 South St, Gymea NSW 2227, Australia, Gymea, NSW 2227",-34.035562,151.08589,22,1,1,0,TYPE2,22.0,22.0,"{""Unknown"": 1}",False
393dc550-5791-46d3-a359-20e9e5b406b3-672d6bf9f4ef0f2e4a094ca1,Strikes,"31 Strikes Ln, Eurunderee, NSW 2850",-32.5220206,149.6135511,7,3,3,0,TYPE2,7.0,7.0,"{""Available"": 3}",False
15d06bf5-6b4a-425d-9312-bae4b17cc22b-1280,[TBC] [SO-50048] Interleasing,"14 Millennium Ct, Silverwater, NSW 2128",-33.8325123,151.040631,7,2,2,0,TYPE2,7.0,7.0,"{""Missing"": 2}",False
179ada28-f0c6-4431-a1fc-bbb2e5ec26d6-AUCHB27650008,Sydney Business Park Stage 2,"15 Hollinsworth Road, Sydney, NSW 2765",-33.7190837,150.8388294,22,3,3,0,TYPE2,22.0,22.0,"{""Available"": 3}",False
15d06bf5-6b4a-425d-9312-bae4b17cc22b-6,EVSE Australia,"19/287 Victoria Rd, Rydalmere, NSW 2116",-33.8120957,151.0357542,0 - 60,8,10,3,CCS2|TYPE2,0.0,60.0,"{""Available"": 2, ""Missing"": 8}",True
15d06bf5-6b4a-425d-9312-bae4b17cc22b-260,Energy Trade - Schofields - Jerralong Dr/Isla St,"125 Jerralong Dr, Schofields, NSW 2762",-33.7035011,150.881432,22,3,3,0,TYPE2,22.0,22.0,"{""Missing"": 3}",False
15d06bf5-6b4a-425d-9312-bae4b17cc22b-380,Beach St Huskisson - Climax Air,"9 Beach St, Huskisson, NSW 2540",-35.0449083,150.6754418,7,1,1,0,TYPE2,7.0,7.0,"{""Missing"": 1}",False
393dc550-5791-46d3-a359-20e9e5b406b3-659cb78903c231cb9400410a,Yarrawonga Mulwala Golf Club Resort (Villas),"Golf Club Road, Mulwala, NSW 2647",-36.0054412,145.9949607,7,4,4,0,TYPE2,7.0,7.0,"{""Available"": 4}",False
15d06bf5-6b4a-425d-9312-bae4b17cc22b-1310,[TBC] [SO-35169] CS Energy - CSE370 - Bundaberg,"14 Millennium Ct, Silverwater, NSW 2128",-33.8325123,151.040631,7 - 22,6,11,0,TYPE2,7.0,22.0,"{""Missing"": 11}",False
ac6d79e9-3d3d-4a6b-a3b2-99a06fe51e25-8,Dixon Park Beach-Merewether,"20 Ocean St, Merewether NSW 2291澳大利亚, Merewether, NSW 2291",-32.944764,151.760535,11,3,3,0,TYPE2,11.0,11.0,"{""Available"": 2, ""Inoperative"": 1}",False
ac6d79e9-3d3d-4a6b-a3b2-99a06fe51e25-188,107 Culloden Rd-Marsfield,"107 Culloden Rd, Marsfield NSW 2122, Australi, Marsfield, NSW 2122",-33.774078,151.105771,22,2,2,0,TYPE2,22.0,22.0,"{""Available"": 2}",False
ac6d79e9-3d3d-4a6b-a3b2-99a06fe51e25-225,6 Howe St-Singleton,"6 Howe St, Singleton NSW, Australia, 2330, Singleton, NSW 2330",-32.568798,151.180906,22,2,2,0,TYPE2,22.0,22.0,"{""Available"": 2}",False
ac6d79e9-3d3d-4a6b-a3b2-99a06fe51e25-89,70 Lower Gibbes St-Chatswood,"70 Lower Gibbes St, Chatswood, Chatswood, NSW 2067",-33.785616,151.198228,22,2,2,0,TYPE2,22.0,22.0,"{""Available"": 2}",False
baaffa39-0adb-422e-a7bf-4b391d232b5d-18,26 Nelson St Annandale NSW 2038,"26 Nelson St, Annandale NSW 2038, Australia, Annandale, NSW 2038",-33.886332,151.17173,22,1,1,0,TYPE2,22.0,22.0,"{""Available"": 1}",False
15d06bf5-6b4a-425d-9312-bae4b17cc22b-1549,[TBC] [SO001048] Andrew Roubicek,"14 Millennium Ct, Silverwater, NSW 2128",-33.8325123,151.040631,22,1,1,0,TYPE2,22.0,22.0,"{""Missing"": 1}",False
ac6d79e9-3d3d-4a6b-a3b2-99a06fe51e25-213,203 Brisbane St-Dubbo,"203 Brisbane St, Dubbo, NSW, Australia, 2830, Dubbo, NSW 2830",-32.252271,148.603008,22,2,2,0,TYPE2,22.0,22.0,"{""Available"": 2}",False
ac6d79e9-3d3d-4a6b-a3b2-99a06fe51e25-67,284 Old South Head Rd-Watsons Bay,"284 Old South Head Rd, Watsons Bay NSW 2030,, Watsons Bay, NSW 2030",-33.846393,151.283846,22,2,2,0,TYPE2,22.0,22.0,"{""Available"": 2}",False
ac6d79e9-3d3d-4a6b-a3b2-99a06fe51e25-25,66 Cliff Rd-Wollongong,"66 Cliff Rd, Wollongong NSW 2500, Australia, Wollongong, NSW 2500",-34.418649,150.90218,22,2,2,0,TYPE2,22.0,22.0,"{""Available"": 2}",False
15d06bf5-6b4a-425d-9312-bae4b17cc22b-1607,[TBC] [SO001420] Inner West Council - Petersham Depot,"14 Millennium Ct, Silverwater, NSW 2128",-33.8325123,151.040631,22,4,4,0,TYPE2,22.0,22.0,"{""Missing"": 4}",False
15d06bf5-6b4a-425d-9312-bae4b17cc22b-1423,[TBC] [SO-36167] Patrick Stevedores Operations,"14 Millennium Ct, Silverwater, NSW 2128",-33.8325123,151.040631,22,2,4,0,TYPE2,22.0,22.0,"{""Missing"": 4}",False
15d06bf5-6b4a-425d-9312-bae4b17cc22b-852,Podium Oran Park - Oran Park,"351  Dr, Oran Park, NSW 2570",-34.0004614,150.7405915,6.9 - 7,15,15,0,TYPE2,6.9,7.0,"{""Available"": 13, ""Charging"": 1, ""OutOfService"": 1}",False
15d06bf5-6b4a-425d-9312-bae4b17cc22b-1364,[TBC] [SO-36165] Arc Renewable Group - IGS Alexandria,"14 Millennium Ct, Silverwater, NSW 2128",-33.8325123,151.040631,7,6,6,0,TYPE2,7.0,7.0,"{""Missing"": 6}",False
15d06bf5-6b4a-425d-9312-bae4b17cc22b-1377,[TBC] [SO-36674] Energy Trade - Jordan Springs,"76 Lakeside Parade, Jordan Springs, NSW 2747",-33.7286103,150.7267153,22,2,2,0,TYPE2,22.0,22.0,"{""Missing"": 2}",False
15d06bf5-6b4a-425d-9312-bae4b17cc22b-550,Astina Serviced Apartments,"21 Woodriff St, Penrith, NSW 2750",-33.7543861,150.6966537,22,1,1,0,TYPE2,22.0,22.0,"{""Missing"": 1}",False
baaffa39-0adb-422e-a7bf-4b391d232b5d-133,59 Holmwood St Newtown NSW 2042,"59 Holmwood St, Newtown NSW 2042, Australia, Newtown, NSW 2042",-33.904523,151.17785,22,1,1,0,TYPE2,22.0,22.0,"{""Charging"": 1}",False
baaffa39-0adb-422e-a7bf-4b391d232b5d-467,"47 Morgan St, Merewether NSW 2291","47 Morgan St, Merewether NSW 2291, Australia, Merewether, NSW 2291",-32.940066,151.75159,22,1,1,0,TYPE2,22.0,22.0,"{""Unknown"": 1}",False
15d06bf5-6b4a-425d-9312-bae4b17cc22b-905,Wollongong Council - Administration Building,"41 Burelli St, Wollongong, NSW 2500",-34.4274805,150.8986483,7 - 22,2,3,0,TYPE2,7.0,22.0,"{""Missing"": 3}",False
15d06bf5-6b4a-425d-9312-bae4b17cc22b-1404,[TBC] [SO000017] CS Energy - CSE20526,"14 Millennium Ct, Silverwater, NSW 2128",-33.8325123,151.040631,7,2,2,0,TYPE2,7.0,7.0,"{""Missing"": 2}",False
ac6d79e9-3d3d-4a6b-a3b2-99a06fe51e25-192,8 Gaza Rd-West Ryde,"8 Gaza Road, West Ryde NSW 2114, West Ryde, NSW 2114",-33.808818,151.08777,22,2,2,0,TYPE2,22.0,22.0,"{""Charging"": 2}",False
ac6d79e9-3d3d-4a6b-a3b2-99a06fe51e25-205,60 Water Rd-Belfield,"60 Water Rd, Belfield, NSW, Australia, 2191, Belfield, NSW 2191",-33.899803,151.083043,22,2,2,0,TYPE2,22.0,22.0,"{""Available"": 2}",False
ac6d79e9-3d3d-4a6b-a3b2-99a06fe51e25-120,192A Darby St-Cooks Hill,"Darby Street 192, Cooks Hill, NSW 2300",-32.933168,151.770049,22,2,2,0,TYPE2,22.0,22.0,"{""Available"": 2}",False
baaffa39-0adb-422e-a7bf-4b391d232b5d-473,"Opposite 105 Laman St, Cooks Hill NSW 2300","105 Laman St, Cooks Hill NSW 2300, Australia, Cooks Hill, NSW 2300",-32.929417,151.76709,22,1,1,0,TYPE2,22.0,22.0,"{""Unknown"": 1}",False
15d06bf5-6b4a-425d-9312-bae4b17cc22b-1432,[TBC] [SO000147] Actew AGL Retail,"14 Millennium Ct, Silverwater, NSW 2128",-33.8325123,151.040631,22,2,4,0,TYPE2,22.0,22.0,"{""Missing"": 4}",False
ac6d79e9-3d3d-4a6b-a3b2-99a06fe51e25-242,49 Buckland St-Alexandria,"49 Buckland St, Alexandria, NSW, 2015, City of Sydney, NSW 2015",-33.899251,151.197759,22,2,2,0,TYPE2,22.0,22.0,"{""Available"": 2}",False
32c163d9-84aa-4c71-b092-9aab18f2e771-TACW2245321G9530,AC Terra Test,"43 Newton Road, Wetherill Park, NSW 2164",-33.84895584,150.88365114,22,1,1,0,TYPE2,22.0,22.0,"{""Missing"": 1}",False
ac6d79e9-3d3d-4a6b-a3b2-99a06fe51e25-164,1A Merchant St-Stanmore,"1A Merchant St, Stanmore NSW 2048, Australia, Stanmore, NSW 2048",-33.89615,151.167194,22,2,2,0,TYPE2,22.0,22.0,"{""Available"": 1, ""Charging"": 1}",False
ac6d79e9-3d3d-4a6b-a3b2-99a06fe51e25-233,63 Beckwith St-Wagga Wagga,"63 Beckwith St, Wagga Wagga NSW 2650, Austral, Wagga Wagga, NSW 2650",-35.104605,147.360817,22,2,2,0,TYPE2,22.0,22.0,"{""Available"": 2}",False
ac6d79e9-3d3d-4a6b-a3b2-99a06fe51e25-174,OP 65 Vaucluse Rd-Vaucluse,"65 Vaucluse Rd, Vaucluse NSW 2030, Australia, Vaucluse, NSW 2030",-33.85443,151.268419,22,2,2,0,TYPE2,22.0,22.0,"{""Available"": 2}",False
ac6d79e9-3d3d-4a6b-a3b2-99a06fe51e25-203,Park St-Gloucester,"Park St, Gloucester, NSW, Australia, 2422, Gloucester, NSW 2422",-32.005157,151.958101,22,2,2,0,TYPE2,22.0,22.0,"{""Available"": 2}",False
15d06bf5-6b4a-425d-9312-bae4b17cc22b-1217,Energy Trade - Bottlebrush 95 Grima,"95 Grima St, Schofields, NSW 2762",-33.7034827,150.88328,22,3,3,0,TYPE2,22.0,22.0,"{""Missing"": 3}",False
ac6d79e9-3d3d-4a6b-a3b2-99a06fe51e25-20,54 Gordon Cres-Lane Cove,"54 Gordon Cres, Lane Cove North NSW 2066, Aus, Lane Cove North, NSW 2066",-33.806405,151.161609,22,2,2,0,TYPE2,22.0,22.0,"{""Charging"": 2}",False
d1cbdd86-205d-4538-b287-34032bf74788-0rKRlq0JaOenmBFwXj3NZCf2djI1Vh6hJzOB,Temple St Btw Percival Rd and Percival Ln Stanmore NSW 2048,"Temple St Btw Percival Rd and Percival Ln, Stanmore, NSW 2048",-33.893257,151.16408,22,1,1,0,TYPE2,22.0,22.0,"{""Available"": 1}",False
15d06bf5-6b4a-425d-9312-bae4b17cc22b-1268,[TBC] [SO-32580] Colussus,"14 Millennium Ct, Silverwater, NSW 2128",-33.8325123,151.040631,22,1,1,0,TYPE2,22.0,22.0,"{""Missing"": 1}",False
baaffa39-0adb-422e-a7bf-4b391d232b5d-53,118 Nelson St Annandale NSW 2038,"118 Nelson St, Annandale NSW 2038, Australia, Annandale, NSW 2038",-33.883422,151.17304,22,1,1,0,TYPE2,22.0,22.0,"{""Available"": 1}",False
ac6d79e9-3d3d-4a6b-a3b2-99a06fe51e25-81,75 Park Rd-Naremburn,"75 Park Rd, Naremburn, NSW 2064, Australia, Naremburn, NSW 2064",-33.815804,151.19429,22,2,2,0,TYPE2,22.0,22.0,"{""Available"": 1, ""Charging"": 1}",False
baaffa39-0adb-422e-a7bf-4b391d232b5d-266,Connected Kerb Test,"10 Barbour Rd, Thirlmere NSW 2572, Australia, Thirlmere, NSW 2572",-34.205986,150.569773,22,1,1,0,TYPE2,22.0,22.0,"{""Unknown"": 1}",False
ac6d79e9-3d3d-4a6b-a3b2-99a06fe51e25-77,146 Glenmore Rd-Paddington,"146 Glenmore Rd, Paddington NSW 2021, Austral, Paddington, NSW 2021",-33.882176,151.22553,22,2,2,0,TYPE2,22.0,22.0,"{""Available"": 2}",False
ac6d79e9-3d3d-4a6b-a3b2-99a06fe51e25-151,3 Wyvern Ave-Chatswood,"3 Wyvern Ave, Roseville NSW 2069, Australia, Roseville, NSW 2069",-33.789356,151.17935,22,2,2,0,TYPE2,22.0,22.0,"{""Available"": 2}",False
ac6d79e9-3d3d-4a6b-a3b2-99a06fe51e25-157,259 John St-Singleton,"259 John St, Singleton NSW 2330, Australia, Singleton, NSW 2330",-32.559519,151.172935,22,2,2,0,TYPE2,22.0,22.0,"{""Available"": 2}",False
ac6d79e9-3d3d-4a6b-a3b2-99a06fe51e25-130,83 Cook Rd-Centennial Park,"83 Cook Rd, Centennial Park NSW 2021, Austral, Centennial Park, NSW 2021",-33.893117,151.229567,22,2,2,0,TYPE2,22.0,22.0,"{""Available"": 2}",False
15d06bf5-6b4a-425d-9312-bae4b17cc22b-625,North Kellyville - Energy Trade,"40 Applegum Cres, Kellyville, NSW 2155",-33.6876687,150.9414365,7,5,5,0,TYPE2,7.0,7.0,"{""Missing"": 5}",False
15d06bf5-6b4a-425d-9312-bae4b17cc22b-326,Corrigans Cove Resort,"204 Beach Rd, Batehaven, NSW 2536",-35.729627,150.1961056,7,1,1,0,TYPE2,7.0,7.0,"{""Available"": 1}",False
15d06bf5-6b4a-425d-9312-bae4b17cc22b-1477,[TBC] [SO000526] CS Energy - CSE743 - Coolum Police Station,"14 Millennium Ct, Silverwater, NSW 2128",-33.8325123,151.040631,7,1,2,0,TYPE2,7.0,7.0,"{""Missing"": 2}",False
ac6d79e9-3d3d-4a6b-a3b2-99a06fe51e25-19,15 Greenwich Rd-Greenwich,"15 Greenwich Rd, Greenwich NSW 2065, Australi, Greenwich, NSW 2065",-33.825558,151.187956,22,2,2,0,TYPE2,22.0,22.0,"{""Available"": 2}",False
36e36d1d-718f-429c-828f-68150b84e574-6bf289fb-7da5-11f0-bfce-002248c7a48c,Holtermann Street Car Park,"8 Holtermann Street, Crows Nest, 2065",-33.82507,151.20168,7.2,30,30,0,TYPE2,7.2,7.2,"{""Available"": 22, ""Unknown"": 8}",False
15d06bf5-6b4a-425d-9312-bae4b17cc22b-1573,[TBC] [SO000989] CS Energy - CSE582 - Toowoomba DOE,"14 Millennium Ct, Silverwater, NSW 2128",-33.8325123,151.040631,7,12,12,0,TYPE2,7.0,7.0,"{""Missing"": 12}",False
15d06bf5-6b4a-425d-9312-bae4b17cc22b-1480,[TBC] [SO000545] CS Energy - CSE323 - Youth Justice - Morayfield,"14 Millennium Ct, Silverwater, NSW 2128",-33.8325123,151.040631,7,3,3,0,TYPE2,7.0,7.0,"{""Missing"": 3}",False
ac6d79e9-3d3d-4a6b-a3b2-99a06fe51e25-79,Baker Park Dudley St-Randwick,"Carr Street 1A, Randwick, NSW 2031",-33.923239,151.249319,22,2,2,0,TYPE2,22.0,22.0,"{""Available"": 2}",False
32c163d9-84aa-4c71-b092-9aab18f2e771-SMP_6011002779,Hungerford Hill Estate,"2450 Broke Road, Pokolbin, NSW 2320",-32.777752,151.336014,22,1,2,0,TYPE2,22.0,22.0,"{""Available"": 2}",False
15d06bf5-6b4a-425d-9312-bae4b17cc22b-1419,[TBC] [SO000128] Raytheon Australia,"14 Millennium Ct, Silverwater, NSW 2128",-33.8325123,151.040631,22,2,2,0,TYPE2,22.0,22.0,"{""Missing"": 2}",False
15d06bf5-6b4a-425d-9312-bae4b17cc22b-749,The Parkside,"159-161 Epping Rd, Macquarie Park, NSW 2113",-33.7784248,151.1096749,22,3,3,0,TYPE2,22.0,22.0,"{""Missing"": 3}",False
ac6d79e9-3d3d-4a6b-a3b2-99a06fe51e25-207,44 Skarratt St N-Silverwater,"44 Skarratt St N, Silverwater, NSW, Australia, Silverwater, NSW 2128",-33.834643,151.037485,22,2,2,0,TYPE2,22.0,22.0,"{""Available"": 2}",False
15d06bf5-6b4a-425d-9312-bae4b17cc22b-1547,[TBC] [SO001066] Department for Infrastructure and Transport,"14 Millennium Ct, Silverwater, NSW 2128",-33.8325123,151.040631,22,1,1,0,TYPE2,22.0,22.0,"{""Missing"": 1}",False
15d06bf5-6b4a-425d-9312-bae4b17cc22b-423,Rydges Resort Hunter Valley - Schwartz Family,"430 Wine Country Dr, Lovedale, NSW 2325",-32.7815753,151.3490953,7 - 22,5,5,0,TYPE2,7.0,22.0,"{""Available"": 5}",False
ac6d79e9-3d3d-4a6b-a3b2-99a06fe51e25-236,5 High St-Millers Point,"5 High St, Millers Point, NSW, 2000, Millers Point, NSW 2000",-33.861106,151.203202,22,2,2,0,TYPE2,22.0,22.0,"{""Available"": 2}",False
15d06bf5-6b4a-425d-9312-bae4b17cc22b-916,AFI Service Pty Ltd - Varnsen Suites,"10 Seymour St, Laurieton, NSW 2443",-31.6504223,152.7958861,22,2,2,0,TYPE2,22.0,22.0,"{""Available"": 1, ""Charging"": 1}",False
ac6d79e9-3d3d-4a6b-a3b2-99a06fe51e25-145,14 Exeter Road-Homebush West,"14 Exeter Rd, Homebush West NSW 2140, Austral, Homebush West, NSW 2140",-33.866478,151.068532,22,2,2,0,TYPE2,22.0,22.0,"{""Available"": 2}",False
baaffa39-0adb-422e-a7bf-4b391d232b5d-91,185 Carrington Rd Coogee NSW 2034,"185 Carrington Rd, Coogee NSW 2034, Australia, Coogee, NSW 2034",-33.914943,151.24931,22,1,1,0,TYPE2,22.0,22.0,"{""Available"": 1}",False
ac6d79e9-3d3d-4a6b-a3b2-99a06fe51e25-47,2 Marion st-Leichhardt,"2 Marion St, Leichhardt NSW 2040, Australia, Leichhardt, NSW 2040",-33.88388,151.156508,22,2,2,0,TYPE2,22.0,22.0,"{""Available"": 2}",False
15d06bf5-6b4a-425d-9312-bae4b17cc22b-329,The Canopy - Lane Cove,"12 Rosenthal Ave, Lane Cove, NSW 2066",-33.8140235,151.1692661,22,6,6,0,TYPE2,22.0,22.0,"{""Available"": 4, ""Missing"": 2}",False
15d06bf5-6b4a-425d-9312-bae4b17cc22b-1583,[TBC] [SO001022] Wattrix Pty Ltd,"14 Millennium Ct, Silverwater, NSW 2128",-33.8325123,151.040631,7,1,1,0,TYPE2,7.0,7.0,"{""Missing"": 1}",False
32c163d9-84aa-4c71-b092-9aab18f2e771-EX-2223-1A10-1-2244-00010,Bella Vista Motel,"5 Central Coast Highway, Kariong, NSW 2250",-33.43480555,151.29751509,22,1,1,0,TYPE2,22.0,22.0,"{""Unavailable"": 1}",False
15d06bf5-6b4a-425d-9312-bae4b17cc22b-1585,[TBC] [SO001321] Energy Trade - 163 Mcevoy St Alexandria,"14 Millennium Ct, Silverwater, NSW 2128",-33.8325123,151.040631,22,5,5,0,TYPE2,22.0,22.0,"{""Missing"": 5}",False
15d06bf5-6b4a-425d-9312-bae4b17cc22b-1553,CS Energy - CSE25006 - Charters Towers CSC,"14 Millennium Ct, Silverwater, NSW 2128",-33.8325123,151.040631,7,1,1,0,TYPE2,7.0,7.0,"{""Missing"": 1}",False
32c163d9-84aa-4c71-b092-9aab18f2e771-EX-2223-1A10-1-2244-00031,Bella Vista Motel,"5 Central Coast Highway, Kariong, NSW 2250",-33.43480555,151.29751509,22,1,1,0,TYPE2,22.0,22.0,"{""Unavailable"": 1}",False
15d06bf5-6b4a-425d-9312-bae4b17cc22b-970,"Energy Trade - 9 Terry Road, Rouse Hill","9 Terry Rd, Rouse Hill, NSW 2155",-33.6857862,150.9136083,22,3,3,0,TYPE2,22.0,22.0,"{""Missing"": 3}",False
d1cbdd86-205d-4538-b287-34032bf74788-zDTHALW44-WAMRi2b2_Oy6JM0Kwdb4abUVFe,Opposite 105 Laman St Cooks Hill NSW 2300,"Opposite 105 Laman St, Cooks Hill, NSW 2300",-32.929417,151.76709,22,2,2,0,TYPE2,22.0,22.0,"{""Available"": 2}",False
15d06bf5-6b4a-425d-9312-bae4b17cc22b-1562,[TBC] [SO001157] Energy Trade - 10 Monash Rd Gladesville,"14 Millennium Ct, Silverwater, NSW 2128",-33.8325123,151.040631,7,1,1,0,TYPE2,7.0,7.0,"{""Missing"": 1}",False
15d06bf5-6b4a-425d-9312-bae4b17cc22b-1120,EVSE Commissioning Location,"14 Millennium Ct, Silverwater, NSW 2128",-33.8325123,151.040631,0 - 180,7,14,9,CCS2|CHADEMO|TYPE2,0.0,180.0,"{""Available"": 12, ""OutOfService"": 2}",True
15d06bf5-6b4a-425d-9312-bae4b17cc22b-360,City Centre Motel Armidale,"146 Dangar St, Armidale, NSW 2350",-30.5167599,151.6636723,22,4,8,0,TYPE2,22.0,22.0,"{""Available"": 6, ""OutOfService"": 2}",False
15d06bf5-6b4a-425d-9312-bae4b17cc22b-1489,CS Energy - CSE302 - CYJMA Cairns,"14 Millennium Ct, Silverwater, NSW 2128",-33.8325123,151.040631,7,3,5,0,TYPE2,7.0,7.0,"{""Missing"": 5}",False
15d06bf5-6b4a-425d-9312-bae4b17cc22b-1485,[TBC] [SO000588] Energis,"14 Millennium Ct, Silverwater, NSW 2128",-33.8325123,151.040631,22,3,3,0,TYPE2,22.0,22.0,"{""Missing"": 3}",False
15d06bf5-6b4a-425d-9312-bae4b17cc22b-1139,Energy Trade - Astrid Apartments,"11 Fishburn Cres, Castle Hill, NSW 2154",-33.7288989,150.9904168,22,2,2,0,TYPE2,22.0,22.0,"{""Missing"": 2}",False
15d06bf5-6b4a-425d-9312-bae4b17cc22b-666,2 Morton St Parramatta - Energy Trade,"2 Morton St, Sydney Olympic Park, NSW 2150",-33.8147342,151.0169798,7,4,4,0,TYPE2,7.0,7.0,"{""Missing"": 4}",False
15d06bf5-6b4a-425d-9312-bae4b17cc22b-522,Essential Energy - Project Lighthouse,"8 Buller St, Port Macquarie, NSW 2444",-31.431514,152.903446,22,2,2,0,TYPE2,22.0,22.0,"{""Available"": 1, ""Missing"": 1}",False
15d06bf5-6b4a-425d-9312-bae4b17cc22b-535,Mantra Nelson Bay,"Aqua Apartments, 1A Tomaree St, Nelson Bay, NSW 2315",-32.7234611,152.145401,22,2,2,0,TYPE2,22.0,22.0,"{""Missing"": 2}",False
d1cbdd86-205d-4538-b287-34032bf74788-rK_l7BIpRP1G33-T0gKO85m-_fSLVjKJCI-C,312 Tomakin Rd Mogo,"312 Tomakin Rd, Mogo, 2536",-35.801037,150.1562312,22,1,1,0,TYPE2,22.0,22.0,"{""Unknown"": 1}",False
179ada28-f0c6-4431-a1fc-bbb2e5ec26d6-AUCHB26300001,Cooma Motor Lodge Motel (Private),"6 Sharp Street, Cooma, NSW 2630",-36.2295,149.13512,7,13,13,0,TYPE2,7.0,7.0,"{""Available"": 12, ""Charging"": 1}",False
179ada28-f0c6-4431-a1fc-bbb2e5ec26d6-AUCHB25390001,Rowans Arcade,"93 Princes Highway, Ulladulla, NSW 2539",-35.35765,150.47338,25,4,4,4,CCS2|CHADEMO,25.0,25.0,"{""Available"": 4}",True
baaffa39-0adb-422e-a7bf-4b391d232b5d-93,Opposite 2 Moyes St Marrickville NSW 2204,"2 Moyes St, Marrickville NSW 2204, Australia, Marrickville, NSW 2204",-33.91464,151.14877,22,1,1,0,TYPE2,22.0,22.0,"{""Charging"": 1}",False
ac6d79e9-3d3d-4a6b-a3b2-99a06fe51e25-215,360 Summer St-Orange,"360 Summer St, Orange NSW 2800, Australia, Orange, NSW 2800",-33.284874,149.107696,22,2,2,0,TYPE2,22.0,22.0,"{""Available"": 2}",False
baaffa39-0adb-422e-a7bf-4b391d232b5d-96,16 Gower St Summer Hill NSW 2130,"16 Gower St, Summer Hill NSW 2130, Australia, Summer Hill, NSW 2130",-33.888561,151.13808,22,1,1,0,TYPE2,22.0,22.0,"{""Charging"": 1}",False
15d06bf5-6b4a-425d-9312-bae4b17cc22b-1482,[TBC] [SO000421] CS Energy - CSE733 - Queensland Ambulance Service Spring Hill,"14 Millennium Ct, Silverwater, NSW 2128",-33.8325123,151.040631,7,2,2,0,TYPE2,7.0,7.0,"{""Missing"": 2}",False
d1cbdd86-205d-4538-b287-34032bf74788-FNl_RZud4Iaf0-x5JMuGGBva691k13X5L6Lu,190 Hope St Bathurst,"190 Hope St, Bathurst, 2795",-33.412717,149.5697501,22,1,1,0,TYPE2,22.0,22.0,"{""Available"": 1}",False
15d06bf5-6b4a-425d-9312-bae4b17cc22b-715,"Arc Energy - 8 Stoney Creek Road, Bexley","8 Stoney Creek Rd, Bexley, NSW 2207",-33.9497109,151.1256231,22,3,3,0,TYPE2,22.0,22.0,"{""Missing"": 3}",False
ac6d79e9-3d3d-4a6b-a3b2-99a06fe51e25-175,18 Kiaora Rd-Double Bay,"18 Kiaora Rd, Double Bay NSW 2028, Australia, Double Bay, NSW 2028",-33.881907,151.246535,22,2,2,0,TYPE2,22.0,22.0,"{""Available"": 2}",False
ac6d79e9-3d3d-4a6b-a3b2-99a06fe51e25-152,8 Northcote St-St Leonards,"8 Northcote St, St Leonards NSW 2065, Austral, St Leonards, NSW 2065",-33.82069,151.195495,22,2,2,0,TYPE2,22.0,22.0,"{""Available"": 1, ""Charging"": 1}",False
ac6d79e9-3d3d-4a6b-a3b2-99a06fe51e25-26,2 Headland Ave-Austinmer,"Headland Ave, Austinmer, Austinmer, NSW 2515",-34.300895,150.939609,22,2,2,0,TYPE2,22.0,22.0,"{""Available"": 2}",False
ac6d79e9-3d3d-4a6b-a3b2-99a06fe51e25-149,4 Cavill Ave-Ashfield,"4 Cavill Ave, Ashfield NSW 2131, Australia, Ashfield, NSW 2131",-33.887056,151.121898,22,2,2,0,TYPE2,22.0,22.0,"{""Available"": 2}",False
15d06bf5-6b4a-425d-9312-bae4b17cc22b-1750,"1 Station St, Lewisham","1 Station St, Lewisham, NSW 2049",-33.8905737,151.1492092,22,1,2,0,TYPE2,22.0,22.0,"{""Available"": 2}",False
15d06bf5-6b4a-425d-9312-bae4b17cc22b-459,Lockhart - Lockhart Council Chambers,"65 Green St, Lockhart, NSW 2656",-35.2209136,146.7177866,22,2,2,0,TYPE2,22.0,22.0,"{""Missing"": 2}",False
15d06bf5-6b4a-425d-9312-bae4b17cc22b-1495,Leura Gardens Resort - Schwartz Family,"20-28 Fitzroy St, Leura, NSW 2780",-33.7208385,150.3430894,7,2,2,0,TYPE2,7.0,7.0,"{""Missing"": 2}",False
15d06bf5-6b4a-425d-9312-bae4b17cc22b-1350,BYD Haberfield,"107-113 Parramatta Rd, Haberfield, NSW 2045",-33.8854654,151.1379402,7,1,1,0,TYPE2,7.0,7.0,"{""Missing"": 1}",False
ac6d79e9-3d3d-4a6b-a3b2-99a06fe51e25-132,Rural Street Carpark-Lismore,"Opposite 8 Rural Street Lismore 2480, Lismore, NSW 2480",-28.809703,153.280122,22,2,2,0,TYPE2,22.0,22.0,"{""Available"": 2}",False
ac6d79e9-3d3d-4a6b-a3b2-99a06fe51e25-131,151 Cook Rd-Centennial Park,"149 Cook Rd, Centennial Park NSW 2021, Austra, Centennial Park, NSW 2021",-33.895862,151.227876,22,2,2,0,TYPE2,22.0,22.0,"{""Available"": 2}",False
ac6d79e9-3d3d-4a6b-a3b2-99a06fe51e25-127,36 Pitt St-Redfern,"36 Pitt St, Redfern NSW 2016, Australia, Redfern, NSW 2016",-33.890924,151.204249,22,2,2,0,TYPE2,22.0,22.0,"{""Available"": 2}",False
baaffa39-0adb-422e-a7bf-4b391d232b5d-123,Opposite 16 Duxford St Paddington NSW 2021,"16 Duxford St, Paddington NSW 2021, Australia, Paddington, NSW 2021",-33.882752,151.229265,22,1,1,0,TYPE2,22.0,22.0,"{""Available"": 1}",False
ac6d79e9-3d3d-4a6b-a3b2-99a06fe51e25-64,1 Mears Ave-Randwick,"1 Mears Ave, Randwick NSW 2031, Australia, Randwick, NSW 2031",-33.9169,151.241491,22,2,2,0,TYPE2,22.0,22.0,"{""Available"": 2}",False
15d06bf5-6b4a-425d-9312-bae4b17cc22b-494,Hotel Marvell,"4 Marvell St, Byron Bay, NSW 2481",-28.6454348,153.6136718,22,1,1,0,TYPE2,22.0,22.0,"{""Available"": 1}",False
d1cbdd86-205d-4538-b287-34032bf74788-2vJmZP3pFXznMxaOxL4HRjBqFlnhzb3w8fhk,Opposite 68 Percival Rd Stanmore NSW 2048,"Opposite 68 Percival Rd, Stanmore, NSW 2048",-33.891353,151.16504,22,1,1,0,TYPE2,22.0,22.0,"{""Available"": 1}",False
15d06bf5-6b4a-425d-9312-bae4b17cc22b-1596,Patrick Maintenance,"Penrhyn Rd, Port Botany, NSW 2036",-33.9650432,151.216725,22,4,4,0,TYPE2,22.0,22.0,"{""Missing"": 4}",False
15d06bf5-6b4a-425d-9312-bae4b17cc22b-1595,[TBC] [SO001228] Equaliser energy,"14 Millennium Ct, Silverwater, NSW 2128",-33.8325123,151.040631,7,3,3,0,TYPE2,7.0,7.0,"{""Missing"": 3}",False
15d06bf5-6b4a-425d-9312-bae4b17cc22b-257,Pandorea - Schofields,"26 Sutherland Ave, Kings Langley, NSW 2147",-33.7050834,150.8823014,22,3,3,0,TYPE2,22.0,22.0,"{""Missing"": 3}",False
15d06bf5-6b4a-425d-9312-bae4b17cc22b-751,Canterbury Bankstown Charles Street,"10B Charles St, Canterbury, NSW 2193",-33.9117104,151.1172924,7,2,2,0,TYPE2,7.0,7.0,"{""Charging"": 1, ""Missing"": 1}",False
ac6d79e9-3d3d-4a6b-a3b2-99a06fe51e25-118,130 Parry St-Newcastle,"Marketown Shopping Centre, Steel St, Newcastl, Newcastle West, NSW 2302",-32.929648,151.762266,22,2,2,0,TYPE2,22.0,22.0,"{""Available"": 2}",False
ac6d79e9-3d3d-4a6b-a3b2-99a06fe51e25-45,218 Norton St-Leichhardt,"218 Norton St, Leichhardt NSW 2040, Australia, Leichhardt, NSW 2040",-33.879475,151.156456,22,2,2,0,TYPE2,22.0,22.0,"{""Available"": 1, ""Charging"": 1}",False
ac6d79e9-3d3d-4a6b-a3b2-99a06fe51e25-41,1 Rich St-Marrickville,"1 Rich St, Marrickville NSW 2204, Australia, Marrickville, NSW 2204",-33.905763,151.164445,22,2,2,0,TYPE2,22.0,22.0,"{""Available"": 2}",False
179ada28-f0c6-4431-a1fc-bbb2e5ec26d6-AUCHB21530001,The Orchards,"21-25 Spurway Drive, Norwest, NSW 2153",-33.7287812,150.9650978,22,6,6,0,TYPE2,22.0,22.0,"{""Available"": 1, ""Charging"": 4, ""OutOfService"": 1}",False
ac6d79e9-3d3d-4a6b-a3b2-99a06fe51e25-11,55 Pyrmont St-Pyrmont,"55 Pyrmont St, Pyrmont, NSW 2009, Pyrmont, NSW 2009",-33.868148,151.194159,22,2,2,0,TYPE2,22.0,22.0,"{""Available"": 2}",False
15d06bf5-6b4a-425d-9312-bae4b17cc22b-771,Jerralong Lotus - Schofields - Energy Trade,"129A Jerralong Dr, Schofields, NSW 2762",-33.7038725,150.8805434,22,6,6,0,TYPE2,22.0,22.0,"{""Missing"": 6}",False
15d06bf5-6b4a-425d-9312-bae4b17cc22b-530,The Entrance Leagues Club,"3 Bay Village Rd, Bateau Bay, NSW 2261",-33.3773813,151.4733724,22,2,4,0,TYPE2,22.0,22.0,"{""Available"": 3, ""OutOfService"": 1}",False
179ada28-f0c6-4431-a1fc-bbb2e5ec26d6-AUCHB20600001,60 Miller Street,"60 Miller Street, North Sydney, NSW 2060",-33.83932,151.2061,22,6,6,0,TYPE2,22.0,22.0,"{""Available"": 6}",False
393dc550-5791-46d3-a359-20e9e5b406b3-6aa3894ed74522ee65fdcd3f,Front Driveway,"Unit M, 10 - 16 South St, Rydalmere, Sydney, NSW 2116",-33.81566,151.033566,22,1,1,0,TYPE2,22.0,22.0,"{""Unknown"": 1}",False
baaffa39-0adb-422e-a7bf-4b391d232b5d-119,396 Mowbray Rd W Lane Cove North NSW 2066,"396 Mowbray Rd W, Lane Cove North NSW 2066, A, Lane Cove North, NSW 2066",-33.806307,151.17585,22,1,1,0,TYPE2,22.0,22.0,"{""Available"": 1}",False
ac6d79e9-3d3d-4a6b-a3b2-99a06fe51e25-74,30 Military Rd-North Bondi,"30 Military Rd, North Bondi NSW 2026, Austral, North Bondi, NSW 2026",-33.885562,151.284044,22,2,2,0,TYPE2,22.0,22.0,"{""Available"": 2}",False
baaffa39-0adb-422e-a7bf-4b391d232b5d-108,5 Pearson St Balmain East NSW 2041,"5 Pearson St, Balmain East NSW 2041, Australi, Balmain East, NSW 2041",-33.858267,151.19511,22,1,1,0,TYPE2,22.0,22.0,"{""Charging"": 1}",False
d1cbdd86-205d-4538-b287-34032bf74788-ibxdE7VEtpT7LdkriyIUSgVk-paThlG_iOPe,2 Buckland St Chippendale NSW 2008,"2 Buckland St, Chippendale, NSW 2008",-33.88472,151.19743,22,1,1,0,TYPE2,22.0,22.0,"{""Available"": 1}",False
baaffa39-0adb-422e-a7bf-4b391d232b5d-92,4 Guihen St Annandale NSW 2038,"4 Guihen St, Annandale NSW 2038, Australia, Annandale, NSW 2038",-33.884907,151.17485,22,1,1,0,TYPE2,22.0,22.0,"{""Available"": 1}",False
179ada28-f0c6-4431-a1fc-bbb2e5ec26d6-AUCHB24780001,Ballina Beach Nature Resort,"440 South Ballina Beach Road, Ballina, NSW 2478",-28.88638,153.5697,22,4,4,0,TYPE2,22.0,22.0,"{""Available"": 4}",False
e01de15b-1ce6-4c05-8f89-81b463696ce1-6eb0642a-f312-4899-b5c4-2fd9fadc39b3,Meriton Kiara North,"675 Gardeners Rd, Mascot, NSW 2020",-33.920112,151.1851498,22.2,3,3,0,TYPE2,22.17,22.17,"{""Available"": 2, ""Charging"": 1}",False
15d06bf5-6b4a-425d-9312-bae4b17cc22b-830,"Intellihub -  58 Marine Pde, Maroubra","54 Marine Parade, Maroubra, NSW 2035",-33.9412956,151.263782,22,2,2,0,TYPE2,22.0,22.0,"{""Available"": 1, ""Missing"": 1}",False
ac6d79e9-3d3d-4a6b-a3b2-99a06fe51e25-148,20 Gladstone St-Enmore,"20 Gladstone St, Enmore NSW 2042, Australia, Enmore, NSW 2042",-33.897188,151.174037,22,2,2,0,TYPE2,22.0,22.0,"{""Available"": 2}",False
15d06bf5-6b4a-425d-9312-bae4b17cc22b-1500,[TBC] [SO000608] Supa Energy - Waitara,"14 Millennium Ct, Silverwater, NSW 2128",-33.8325123,151.040631,7 - 22,2,2,0,TYPE2,7.0,22.0,"{""Missing"": 2}",False
15d06bf5-6b4a-425d-9312-bae4b17cc22b-734,Blacktown City Council Civic Centre SO-20054,"62 Flushcombe Rd, Blacktown, NSW 2148",-33.7716596,150.9085248,7,7,7,0,TYPE2,7.0,7.0,"{""Missing"": 7}",False
15d06bf5-6b4a-425d-9312-bae4b17cc22b-1388,Unilever Streets,"2 Magnum Pl, Minto, NSW 2566",-34.0417383,150.8393121,22,5,5,0,TYPE2,22.0,22.0,"{""Missing"": 5}",False
15d06bf5-6b4a-425d-9312-bae4b17cc22b-735,"8 Dumaresq St, Campbelltown - ArcEnergy","8 Dumaresq St, Campbelltown, NSW 2560",-34.0669467,150.8125111,22,2,2,0,TYPE2,22.0,22.0,"{""Missing"": 2}",False
15d06bf5-6b4a-425d-9312-bae4b17cc22b-521,Energy Trade - STPE001 (2),"55 Princes Hwy, St Peters, NSW 2044",-33.9102484,151.1803732,22,1,1,0,TYPE2,22.0,22.0,"{""Missing"": 1}",False
ac6d79e9-3d3d-4a6b-a3b2-99a06fe51e25-143,89 The Crescent-Homebush West,"89 The Crescent, Homebush West NSW 2140, Aust, Homebush West, NSW 2140",-33.865371,151.071336,22,2,2,0,TYPE2,22.0,22.0,"{""Available"": 2}",False
d1cbdd86-205d-4538-b287-34032bf74788-SRtfGjfhLjVobHeuPyYZDYWbH9mHMMYUHfPX,188 South Parade Auburn NSW 2144,"188 South Parade, Auburn, NSW 2144",-33.847213,151.02934,22,1,1,0,TYPE2,22.0,22.0,"{""Available"": 1}",False
32c163d9-84aa-4c71-b092-9aab18f2e771-EX-2223-1A10-1-2244-00039,Bella Vista Motel,"5 Central Coast Highway, Kariong, NSW 2250",-33.43480555,151.29751509,22,1,1,0,TYPE2,22.0,22.0,"{""Unavailable"": 1}",False
ac6d79e9-3d3d-4a6b-a3b2-99a06fe51e25-224,103 Prince St-Orange,"103 Prince St, Orange NSW 2800, Australia, Orange, NSW 2800",-33.277065,149.098128,22,2,2,0,TYPE2,22.0,22.0,"{""Available"": 2}",False
ac6d79e9-3d3d-4a6b-a3b2-99a06fe51e25-183,OP 118 Wallis St-Woollahra,"119 Wallis St, Woollahra NSW 2025, Australia, Woollahra, NSW 2025",-33.889511,151.242059,22,2,2,0,TYPE2,22.0,22.0,"{""Available"": 2}",False
179ada28-f0c6-4431-a1fc-bbb2e5ec26d6-AUCHB25160001,The Fitz Cafe Bar,"251 Princes Highway, Wollongong, NSW 2516",-34.3344791,150.9135204,22,4,4,0,TYPE2,22.0,22.0,"{""Available"": 4}",False
ac6d79e9-3d3d-4a6b-a3b2-99a06fe51e25-126,43 Pyrmont St-Pyrmont,"43 Pyrmont St, Pyrmont NSW 2009, Australia, Pyrmont, NSW 2009",-33.867916,151.19403,22,2,2,0,TYPE2,22.0,22.0,"{""Available"": 2}",False
15d06bf5-6b4a-425d-9312-bae4b17cc22b-955,"Intellihub -  Queens Park Road, Queens Park","66  Rd, Queens Park, NSW 2022",-33.8990954,151.2481101,22,2,2,0,TYPE2,22.0,22.0,"{""Available"": 1, ""Missing"": 1}",False
15d06bf5-6b4a-425d-9312-bae4b17cc22b-1530,Energy Trade - 137 Herring Rd Macquarie Park,"137 Herring Rd, Macquarie Park, NSW 2113",-33.7813529,151.1144245,7,2,2,0,TYPE2,7.0,7.0,"{""Missing"": 2}",False
ac6d79e9-3d3d-4a6b-a3b2-99a06fe51e25-44,65 Booth St-Annandale,"65 Booth St, Annandale NSW 2038, Australia, Annandale, NSW 2038",-33.882022,151.172631,22,2,2,0,TYPE2,22.0,22.0,"{""Available"": 1, ""Charging"": 1}",False
baaffa39-0adb-422e-a7bf-4b391d232b5d-130,1-7 Waratah Ave Randwick NSW 2031,"1-7 Waratah Ave, Randwick NSW 2031, Australia, Randwick, NSW 2031",-33.914222,151.2376,7,1,1,0,TYPE2,7.0,7.0,"{""Available"": 1}",False
ac6d79e9-3d3d-4a6b-a3b2-99a06fe51e25-189,13 Constitution Rd-Ryde,"13 Constitution Rd, Ryde NSW 2112, Ryde, NSW 2112",-33.818446,151.095492,22,1,1,0,TYPE2,22.0,22.0,"{""Charging"": 1}",False
ac6d79e9-3d3d-4a6b-a3b2-99a06fe51e25-23,10 Victoria St-Wollongong,"10 Victoria St, Wollongong NSW 2500, Australi, Wollongong, NSW 2500",-34.42213,150.891978,22,2,2,0,TYPE2,22.0,22.0,"{""Available"": 2}",False
d1cbdd86-205d-4538-b287-34032bf74788-mLm7w23qbPwboEaNKjKEtS3N_wNb7njK5rwN,Wingewarra St Dubbo,"Wingewarra St, Dubbo, 2830",-32.249763,148.6074219,22,1,1,0,TYPE2,22.0,22.0,"{""Available"": 1}",False
ac6d79e9-3d3d-4a6b-a3b2-99a06fe51e25-35,9 Layton Street-Camperdown,"9-11 Layton St, Camperdown NSW 2050, Australi, Camperdown, NSW 2050",-33.885741,151.177028,22,2,2,0,TYPE2,22.0,22.0,"{""Available"": 2}",False
32c163d9-84aa-4c71-b092-9aab18f2e771-A23195020014,TheLanglee,"40 Langlee Avenue, Waverly, NSW 2024",-33.89782083,151.2588836,22,1,1,0,TYPE2,22.0,22.0,"{""Available"": 1}",False
d1cbdd86-205d-4538-b287-34032bf74788-bzhjzFbW2cLaaL7xAhMaDlpz9vFNumPo6DDn,77 Bull St Cooks Hill NSW 2300,"77 Bull St, Cooks Hill, NSW 2300",-32.930368,151.76746,22,2,2,0,TYPE2,22.0,22.0,"{""Available"": 2}",False
ac6d79e9-3d3d-4a6b-a3b2-99a06fe51e25-231,19 Albury St-Wagga Wagga,"19 Albury St, Wagga Wagga NSW, Australia, 265, Wagga Wagga, NSW 2650",-35.112676,147.355226,22,2,2,0,TYPE2,22.0,22.0,"{""Available"": 2}",False
179ada28-f0c6-4431-a1fc-bbb2e5ec26d6-AUCHB28000001,Ibis Styles Orange,"146 Bathurst Road, Orange, NSW 2800",-33.2955864,149.1158482,11,2,2,0,TYPE2,11.0,11.0,"{""Available"": 2}",False
15d06bf5-6b4a-425d-9312-bae4b17cc22b-1240,"[TBC] [SO-32925] Energy Trade - 6-8 Lords Ave, Asquith NSW 2077","14 Millennium Ct, Silverwater, NSW 2128",-33.8325123,151.040631,22,2,2,0,TYPE2,22.0,22.0,"{""Missing"": 2}",False
d1cbdd86-205d-4538-b287-34032bf74788-bD2cVmXuNcx0rKh68uRp9klljC47QQhkO9z1,Opposite 1 Marian St Killara NSW 2071,"Opposite 1 Marian St, Killara, NSW 2071",-33.766524,151.16178,22,1,1,0,TYPE2,22.0,22.0,"{""Available"": 1}",False
15d06bf5-6b4a-425d-9312-bae4b17cc22b-1656,Orange City Council - City Library,"151 Byng St, Orange, NSW 2800",-33.2817348,149.1034134,7,2,4,0,TYPE2,7.0,7.0,"{""Available"": 4}",False
15d06bf5-6b4a-425d-9312-bae4b17cc22b-263,John Hunter Hospital,"2 Lookout Rd, New Lambton Heights, NSW 2305",-32.9226544,151.6927332,7,1,2,0,TYPE2,7.0,7.0,"{""Missing"": 2}",False
e01de15b-1ce6-4c05-8f89-81b463696ce1-05499c79-aa94-4945-b4be-302838998794,Meriton Suites Dank St Waterloo,"30 Danks St, Waterloo, NSW 2017",-33.898145,151.2152074,22.2,1,1,0,TYPE2,22.17,22.17,"{""Available"": 1}",False
15d06bf5-6b4a-425d-9312-bae4b17cc22b-1520,Acacia Snowy Motel - Snowy Stay Pty Ltd,"8 Nettin Cct, Jindabyne, NSW 2627",-36.41917,148.6086205,22,4,4,0,TYPE2,22.0,22.0,"{""Available"": 4}",False
d1cbdd86-205d-4538-b287-34032bf74788-8ucQ6UKTgVekAr-SOImW8ZVoToxxfGZX9RM2,Warne St Wellington,"Warne St, Wellington, 2820",-32.552137,148.9481077,22,1,1,0,TYPE2,22.0,22.0,"{""Available"": 1}",False
d1cbdd86-205d-4538-b287-34032bf74788-An7XkzI-B6CFxg4q7qcu074HaXa0VoXPnl8z,248 Armidale Rd East Tamworth,"248 Armidale Rd, East Tamworth, 2340",-31.098205,150.9405066,22,4,4,0,TYPE2,22.0,22.0,"{""Available"": 4}",False
179ada28-f0c6-4431-a1fc-bbb2e5ec26d6-AUCHB22280004,Meridian Unit 207 - Glen Lord,"680 Kingsway, Sydney, NSW 2228",-34.0337527,151.0945653,7.2,1,1,0,TYPE2,7.2,7.2,"{""Available"": 1}",False
b4a3859a-1294-46cd-8af9-2cbf7848df2f-a5d639d4-445f-42b0-9fcd-62bd27531d7e,Lightning Ridge Outback Resort & Caravan Park,"Onyx Street, Lightning Ridge, NSW 2834",-29.429345,147.973403,22 - 30,3,3,2,CCS1|TYPE2,22.0,30.0,"{""Available"": 3}",True
baaffa39-0adb-422e-a7bf-4b391d232b5d-29,5 Grove St Dulwich Hill NSW 2203,"5 Grove St, Dulwich Hill NSW 2203, Australia, Dulwich Hill, NSW 2203",-33.901307,151.1396,22,1,1,0,TYPE2,22.0,22.0,"{""Available"": 1}",False
15d06bf5-6b4a-425d-9312-bae4b17cc22b-1186,Energy Trade - Wattle 91 Grima,"91 Grima St, Schofields, NSW 2762",-33.7047883,150.8831159,22,3,3,0,TYPE2,22.0,22.0,"{""Missing"": 3}",False
d1cbdd86-205d-4538-b287-34032bf74788-xnFvOFbWCBIbE8iVOsfOksiCI1O4XDiI-P_k,30 Alexander St Eglinton,"30 Alexander St, Eglinton, 2795",-33.377303,149.5406504,22,1,1,0,TYPE2,22.0,22.0,"{""Available"": 1}",False
15d06bf5-6b4a-425d-9312-bae4b17cc22b-1162,[TBC] [SO-32231] Energy Trade - Wollongong,"14 Millennium Ct, Silverwater, NSW 2128",-33.8325123,151.040631,7,1,1,0,TYPE2,7.0,7.0,"{""Missing"": 1}",False
baaffa39-0adb-422e-a7bf-4b391d232b5d-84,66 Mill Hill Rd Bondi Junction NSW 2022,"66 Mill Hill Rd, Bondi Junction NSW 2022, Aus, Bondi Junction, NSW 2022",-33.892692,151.244,22,1,1,0,TYPE2,22.0,22.0,"{""Available"": 1}",False
15d06bf5-6b4a-425d-9312-bae4b17cc22b-1025,Intellihub - Station St (near Lindon Ln). Morisset,"43C Yambo St, Morisset, NSW 2264",-33.1073331,151.4869702,22,1,1,0,TYPE2,22.0,22.0,"{""Missing"": 1}",False
ac6d79e9-3d3d-4a6b-a3b2-99a06fe51e25-13,3 Brown St-Newtown,"3 Brown St, Newtown, NSW 2042, Newtown, NSW 2042",-33.895295,151.182613,22,2,2,0,TYPE2,22.0,22.0,"{""Available"": 2}",False
ac6d79e9-3d3d-4a6b-a3b2-99a06fe51e25-136,90 Wollongong Road-Arncliffe,"90 Wollongong Rd, Arncliffe NSW 2205, Austral, Arncliffe, NSW 2205",-33.936313,151.142431,22,2,2,0,TYPE2,22.0,22.0,"{""Available"": 2}",False
d1cbdd86-205d-4538-b287-34032bf74788-JLgm-Hn6K92ED8_uJtPdA_tioZoRnnCf7crL,Opposite 356 George St Waterloo NSW 2017,"Opposite 356 George St, Waterloo, NSW 2017",-33.903102,151.20392,22,1,1,0,TYPE2,22.0,22.0,"{""Available"": 1}",False
ac6d79e9-3d3d-4a6b-a3b2-99a06fe51e25-46,34C Taylor St-Annandale,"34C Taylor St, Annandale NSW 2038, Australia, Annandale, NSW 2038",-33.883414,151.174321,22,2,2,0,TYPE2,22.0,22.0,"{""Charging"": 2}",False
ac6d79e9-3d3d-4a6b-a3b2-99a06fe51e25-34,15 Boundary St-Darlinghurst,"15 Boundary St, Darlinghurst NSW 2010, Austra, Darlinghurst, NSW 2010",-33.878849,151.22543,22,2,2,0,TYPE2,22.0,22.0,"{""Available"": 2}",False
baaffa39-0adb-422e-a7bf-4b391d232b5d-149,Opposite 13 Neptune St Coogee NSW 2034,"13 Neptune St, Coogee NSW 2034, Australia, Coogee, NSW 2034",-33.926085,151.25783,22,1,1,0,TYPE2,22.0,22.0,"{""Available"": 1}",False
ac6d79e9-3d3d-4a6b-a3b2-99a06fe51e25-43,35 Fitzroy St-Marrickville,"35 Fitzroy St, Marrickville, Marrickville, NSW 2204",-33.909748,151.16549,22,2,2,0,TYPE2,22.0,22.0,"{""Available"": 2}",False
e01de15b-1ce6-4c05-8f89-81b463696ce1-1914f458-81dd-4a44-9e6e-311e4854fa37,Googong Common,"Heazlett St, Googong, NSW 2620",-35.426445,149.2316517,12.8 - 22.2,4,4,0,TYPE2,12.75,22.17,"{""Available"": 4}",False
ac6d79e9-3d3d-4a6b-a3b2-99a06fe51e25-7,Test Lab-Demo only,"16 Aquatic Dr, Frenchs Forest NSW 2086, Austr, Frenchs Forest, NSW 2086",-33.754253,151.236031,7 - 22,10,10,0,TYPE2,7.0,22.0,"{""Available"": 6, ""Inoperative"": 4}",False
ac6d79e9-3d3d-4a6b-a3b2-99a06fe51e25-40,16 Charlotte St-Ashfield,"16 Charlotte St, Ashfield NSW 2131, Australia, Ashfield, NSW 2131",-33.886938,151.125795,22,2,2,0,TYPE2,22.0,22.0,"{""Available"": 1, ""Charging"": 1}",False
ac6d79e9-3d3d-4a6b-a3b2-99a06fe51e25-204,Wallis St-Tuncurry,"Wallis St, Tuncurry, NSW, Australia, 2428, Tuncurry, NSW 2428",-32.171354,152.500668,22,2,2,0,TYPE2,22.0,22.0,"{""Available"": 2}",False
15d06bf5-6b4a-425d-9312-bae4b17cc22b-2839,Willoughby Council - Railway St,"Railway St, Chatswood, NSW 2067",-33.794389,151.180174,7 - 60,2,4,2,CCS2|TYPE2,7.0,60.0,"{""Available"": 4}",True
ac6d79e9-3d3d-4a6b-a3b2-99a06fe51e25-182,241 Avoca St-Randwick,"241 Avoca St, Randwick NSW 2031, Australia, Randwick, NSW 2031",-33.920148,151.240615,22,2,2,0,TYPE2,22.0,22.0,"{""Available"": 2}",False
ac6d79e9-3d3d-4a6b-a3b2-99a06fe51e25-18,2 Huntley St-Alexandria,"2 Huntley St, Alexandria, NSW 2015, Alexandria, NSW 2015",-33.910452,151.194203,22,2,2,0,TYPE2,22.0,22.0,"{""Available"": 2}",False
d1cbdd86-205d-4538-b287-34032bf74788-X8o8SIdJrBuTA3k-pGIxD1Ky0HtNkG2hGdwV,327 Trafalgar St Petersham NSW 2049,"327 Trafalgar St, Petersham, NSW 2049",-33.894785,151.15336,22,1,1,0,TYPE2,22.0,22.0,"{""Available"": 1}",False
d1cbdd86-205d-4538-b287-34032bf74788-MYoOtCyqhZTwDlx1QdbXztuNt7mQEpxIaNB1,Adj 323 Bondi Rd (Opposite 1 Dudley St) Bondi NSW 2026,"Adj 323 Bondi Rd (Opposite 1 Dudley St), Bondi, NSW 2026",-33.895535,151.27119,22,1,1,0,TYPE2,22.0,22.0,"{""Available"": 1}",False
ac6d79e9-3d3d-4a6b-a3b2-99a06fe51e25-176,31 Florence St-Tweed Heads,"31 Florence St, Tweed Heads NSW 2485, Austral, Tweed Heads, NSW 2485",-28.176149,153.543395,22,2,2,0,TYPE2,22.0,22.0,"{""Available"": 2}",False
d1cbdd86-205d-4538-b287-34032bf74788-aDfA5UqXpgLoTMTHokgav8-I6B0JfRNSzGcX,30 Marian St Killara NSW 2071,"30 Marian St, Killara, NSW 2071",-33.767497,151.15885,22,1,1,0,TYPE2,22.0,22.0,"{""Available"": 1}",False
15d06bf5-6b4a-425d-9312-bae4b17cc22b-1510,"[TBC] [SO000644] Energy Trade - 79 Wellington St, Bondi Beach","14 Millennium Ct, Silverwater, NSW 2128",-33.8325123,151.040631,22,4,4,0,TYPE2,22.0,22.0,"{""Missing"": 4}",False
baaffa39-0adb-422e-a7bf-4b391d232b5d-87,96A Dudley St Coogee NSW 2034,"96A Dudley St, Coogee NSW 2034, Australia, Coogee, NSW 2034",-33.924774,151.2555,22,1,1,0,TYPE2,22.0,22.0,"{""Available"": 1}",False
ac6d79e9-3d3d-4a6b-a3b2-99a06fe51e25-42,2 Cavendish St-Enmore,"2 Cavendish St, Enmore NSW 2042, Australia, Enmore, NSW 2042",-33.898741,151.171033,22,2,2,0,TYPE2,22.0,22.0,"{""Available"": 1, ""Charging"": 1}",False
baaffa39-0adb-422e-a7bf-4b391d232b5d-35,88 Terry St Tempe NSW 2044,"88 Terry St, Tempe NSW 2044, Australia, Tempe, NSW 2044",-33.918547,151.16534,22,1,1,0,TYPE2,22.0,22.0,"{""Charging"": 1}",False
d1cbdd86-205d-4538-b287-34032bf74788-aOO7Oe9GNgSLQTQxC2asdvFg-As70xSho9CW,Adjacent 99 Ramsay St(pole in Kingston St) Haberfield NSW 2045,"Adjacent 99 Ramsay St(pole in Kingston St), Haberfield, NSW 2045",-33.88142,151.13986,22,1,1,0,TYPE2,22.0,22.0,"{""Available"": 1}",False
d1cbdd86-205d-4538-b287-34032bf74788-6xq6Tr4n-a76y2oexLOX0JgHhBklUrNVLmgD,12 Grey St Wickham NSW 2293,"12 Grey St, Wickham, NSW 2293",-32.922245,151.75868,22,2,2,0,TYPE2,22.0,22.0,"{""Available"": 2}",False
15d06bf5-6b4a-425d-9312-bae4b17cc22b-865,Charles Sturt University - Bathurst Campus,"Panorama Ave, Bathurst, NSW 2795",-33.4299847,149.5659992,7,1,1,0,TYPE2,7.0,7.0,"{""Available"": 1}",False
ac6d79e9-3d3d-4a6b-a3b2-99a06fe51e25-217,1 Riley St-Forbes,"1 Riley St, Forbes NSW 2871, Australia, Forbes, NSW 2871",-33.387146,148.00474,22,2,2,0,TYPE2,22.0,22.0,"{""Available"": 2}",False
15d06bf5-6b4a-425d-9312-bae4b17cc22b-891,Charles Sturt University - Wagga Wagga Campus,"Charles Sturt University, NSW 2678",-35.0569329,147.3512593,7,1,1,0,TYPE2,7.0,7.0,"{""Available"": 1}",False
ac6d79e9-3d3d-4a6b-a3b2-99a06fe51e25-21,Wordsworth St-Byron Bay,"Wordsworth St, Byron Bay NSW 2481, Australia, Byron Bay, NSW 2481",-28.642051,153.609752,22,2,2,0,TYPE2,22.0,22.0,"{""Available"": 2}",False
15d06bf5-6b4a-425d-9312-bae4b17cc22b-653,Charles Sturt University - Albury - Wodonga Campus,"Charles Sturt University, 386 Elizabeth Mitchell Dr, Thurgoona, NSW 2640",-36.0378511,146.9871331,7,1,1,0,TYPE2,7.0,7.0,"{""Available"": 1}",False
15d06bf5-6b4a-425d-9312-bae4b17cc22b-725,Charles Sturt University - Orange Campus,"346 Leeds Parade, Orange, NSW 2800",-33.2480992,149.1151889,7,1,1,0,TYPE2,7.0,7.0,"{""Available"": 1}",False
ac6d79e9-3d3d-4a6b-a3b2-99a06fe51e25-177,37 Commercial Rd-Murwillumbah,"37 Commercial Rd, Murwillumbah NSW 2484, Aust, Murwillumbah, NSW 2484",-28.32845,153.398442,22,2,2,0,TYPE2,22.0,22.0,"{""Available"": 2}",False
ac6d79e9-3d3d-4a6b-a3b2-99a06fe51e25-255,21 Goodchap Rd-Chatswood,"21 Goodchap Rd, Chatswood, Willoughby, NSW 2068",-33.801586,151.176883,22,2,2,0,TYPE2,22.0,22.0,"{""Available"": 2}",False
ac6d79e9-3d3d-4a6b-a3b2-99a06fe51e25-122,75a Ross St-Glebe,"75A Ross St, Glebe NSW 2037, Australia, Glebe, NSW 2037",-33.880757,151.181394,22,2,2,0,TYPE2,22.0,22.0,"{""Available"": 2}",False
baaffa39-0adb-422e-a7bf-4b391d232b5d-102,Opp 55 Grove St Birchgrove NSW 2041,"55 Grove St, Birchgrove NSW 2041, Australia, Birchgrove, NSW 2041",-33.851175,151.18192,22,1,1,0,TYPE2,22.0,22.0,"{""Available"": 1}",False
baaffa39-0adb-422e-a7bf-4b391d232b5d-524,"200 George St, Sydney NSW 2000","George Street 200, Sydney, NSW 2000",-33.862216,151.207794,22,21,21,0,TYPE2,22.0,22.0,"{""Unknown"": 21}",False
ac6d79e9-3d3d-4a6b-a3b2-99a06fe51e25-144,8 Station Street-Homebush,"8 Station St, Homebush NSW 2140, Australia, Homebush, NSW 2140",-33.865813,151.087094,22,2,2,0,TYPE2,22.0,22.0,"{""Available"": 2}",False
393dc550-5791-46d3-a359-20e9e5b406b3-65ced2662c9947e1aff61681,Quest Griffith,"53 Railway Street, Griffith, NSW 2680",-34.286965,146.045489,22,2,2,0,TYPE2,22.0,22.0,"{""Available"": 2}",False
15d06bf5-6b4a-425d-9312-bae4b17cc22b-264,Wallsend District Hospital - Todae Solar Pty Ltd,"Nash St, Wallsend, NSW 2287",-32.9031005,151.6696167,7,1,2,0,TYPE2,7.0,7.0,"{""Missing"": 2}",False
ac6d79e9-3d3d-4a6b-a3b2-99a06fe51e25-10,94 Booner St-Hawks Nest,"94 Booner St, Hawks Nest NSW 2324, Australia, Hawks Nest, NSW 2324",-32.673439,152.182622,22,2,2,0,TYPE2,22.0,22.0,"{""Available"": 2}",False
ac6d79e9-3d3d-4a6b-a3b2-99a06fe51e25-141,9 Hornsey Road-Homebush West,"9 Hornsey Rd, Homebush West NSW 2140, Austral, Homebush West, NSW 2140",-33.865967,151.068021,22,2,2,0,TYPE2,22.0,22.0,"{""Available"": 2}",False
15d06bf5-6b4a-425d-9312-bae4b17cc22b-1515,[TBC] [SO000772] Bruce Lyon Holdings,"14 Millennium Ct, Silverwater, NSW 2128",-33.8325123,151.040631,22,2,2,0,TYPE2,22.0,22.0,"{""Available"": 1, ""Missing"": 1}",False
ac6d79e9-3d3d-4a6b-a3b2-99a06fe51e25-139,95 Chalmers Road-Strathfield,"95 Chalmers Rd, Strathfield NSW 2135, Austral, Strathfield, NSW 2135",-33.884259,151.081362,22,2,2,0,TYPE2,22.0,22.0,"{""Available"": 1, ""Charging"": 1}",False
15d06bf5-6b4a-425d-9312-bae4b17cc22b-1013,Wunderlich Lane Coles,"2 Baptist St, Redfern, NSW 2016",-33.8934611,151.2123376,7 - 22,16,16,0,TYPE2,7.0,22.0,"{""Available"": 13, ""Missing"": 3}",False
15d06bf5-6b4a-425d-9312-bae4b17cc22b-1827,Bunnings Gladesville,"461 Victoria Rd, Gladesville, NSW 2111",-33.8208575,151.1210111,120,1,2,2,CCS2,120.0,120.0,"{""Available"": 2}",True
15d06bf5-6b4a-425d-9312-bae4b17cc22b-1587,[TBC] [SO001295] B P Australia,"14 Millennium Ct, Silverwater, NSW 2128",-33.8325123,151.040631,22,1,1,0,TYPE2,22.0,22.0,"{""Missing"": 1}",False
e01de15b-1ce6-4c05-8f89-81b463696ce1-5f17c601-7a11-448e-bd42-5da4d088dd95,Meriton 8 Defries Ave Zetland,"8 Defries Ave, Zetland, NSW 2017",-33.907534,151.2124757,22.2,6,6,0,TYPE2,22.17,22.17,"{""Available"": 6}",False
ac6d79e9-3d3d-4a6b-a3b2-99a06fe51e25-140,74 Baker Rd-Strathfield,"74 Barker Rd, Strathfield NSW 2135, Australia, Strathfield, NSW 2135",-33.876485,151.075103,22,2,2,0,TYPE2,22.0,22.0,"{""Available"": 1, ""Charging"": 1}",False
d1cbdd86-205d-4538-b287-34032bf74788-5eAvPH8ZX_pSHPPOtyrJ57eHHqw3hw_5WZwb,Opposite 389 Catherine St Lilyfield NSW 2040,"Opposite 389 Catherine St, Lilyfield, NSW 2040",-33.874426,151.16508,22,1,1,0,TYPE2,22.0,22.0,"{""Available"": 1}",False
ac6d79e9-3d3d-4a6b-a3b2-99a06fe51e25-191,286 Morrison Rd-Putney,"286 Morrison Rd, Putney NSW 2112, Putney, NSW 2112",-33.820912,151.105298,22,2,2,0,TYPE2,22.0,22.0,"{""Available"": 2}",False
15d06bf5-6b4a-425d-9312-bae4b17cc22b-1524,Oran Park Hotel,"2 Mack Pl, Oran Park, NSW 2570",-33.9967548,150.7434536,22,4,4,0,TYPE2,22.0,22.0,"{""Available"": 3, ""Missing"": 1}",False
15d06bf5-6b4a-425d-9312-bae4b17cc22b-214,Eagers Automotive - Hoxton Park,"402 Hoxton Park Rd, Prestons, NSW 2170",-33.9289188,150.8774736,40,1,1,1,CCS2,40.0,40.0,"{""Missing"": 1}",True
baaffa39-0adb-422e-a7bf-4b391d232b5d-481,"3 Wentworth St, Glebe NSW 2037","3 Wentworth St, Glebe NSW 2037, Australia, Glebe, NSW 2037",-33.880175,151.1943,22,1,1,0,TYPE2,22.0,22.0,"{""Unknown"": 1}",False
15d06bf5-6b4a-425d-9312-bae4b17cc22b-1529,[TBC] [SO000999] Energy Trade - 2-8 James St Blakeshurst,"14 Millennium Ct, Silverwater, NSW 2128",-33.8325123,151.040631,22,2,2,0,TYPE2,22.0,22.0,"{""Missing"": 2}",False
d1cbdd86-205d-4538-b287-34032bf74788-A_P-Wi_nV67Z9kuxLZn-um7JgpqIESSQGQEP,Adj 28 Production Ave(pole in Midjuburi Ln) Kogarah NSW 2217,"Adj 28 Production Ave(pole in Midjuburi Ln), Kogarah, NSW 2217",-33.97892,151.13941,22,1,1,0,TYPE2,22.0,22.0,"{""Available"": 1}",False
ac6d79e9-3d3d-4a6b-a3b2-99a06fe51e25-194,12 Rocca St-Ryde,"12 Rocca Street, Ryde, NSW, 2112, Ryde, NSW 2112",-33.795775,151.103745,22,2,2,0,TYPE2,22.0,22.0,"{""Available"": 2}",False
ac6d79e9-3d3d-4a6b-a3b2-99a06fe51e25-227,67 Percy St-Wellington,"67 Percy St, Wellington NSW 2820, Australia, Wellington, NSW 2820",-32.552227,148.942931,22,2,2,0,TYPE2,22.0,22.0,"{""Available"": 2}",False
15d06bf5-6b4a-425d-9312-bae4b17cc22b-1376,[TBC] [SO-28190] UQ Boyce Estate - ALLIED ENERGY,"14 Millennium Ct, Silverwater, NSW 2128",-33.8325123,151.040631,7,1,2,0,TYPE2,7.0,7.0,"{""Missing"": 2}",False
15d06bf5-6b4a-425d-9312-bae4b17cc22b-1242,Opera Apartments,"71 Macquarie St, Sydney, NSW 2000",-33.8612717,151.2128474,7,1,1,0,TYPE2,7.0,7.0,"{""Missing"": 1}",False
d1cbdd86-205d-4538-b287-34032bf74788-o_qQfzPdFdJF8Mf8WkZei8rsFEXn5LCtsEBB,Opposite 195A Rainbow St Randwick NSW 2031,"Opposite 195A Rainbow St, Randwick, NSW 2031",-33.926083,151.2431393,22,1,1,0,TYPE2,22.0,22.0,"{""Available"": 1}",False
15d06bf5-6b4a-425d-9312-bae4b17cc22b-1727,Parkes International,"18-32 Peak Hill Rd, Parkes, NSW 2870",-33.1236022,148.1743095,22,1,2,0,TYPE2,22.0,22.0,"{""Available"": 2}",False
ac6d79e9-3d3d-4a6b-a3b2-99a06fe51e25-202,46 Marine Dr-Tea Gardens,"46 Marine Dr, Tea Gardens, NSW, Australia 242, Tea Gardens, NSW 2428",-32.669337,152.164726,22,2,2,0,TYPE2,22.0,22.0,"{""Available"": 2}",False
ac6d79e9-3d3d-4a6b-a3b2-99a06fe51e25-37,726 Bourke St-Redfern,"726 Bourke St, Redfern NSW 2016, Australia, Redfern, NSW 2016",-33.893978,151.21389,22,2,2,0,TYPE2,22.0,22.0,"{""Available"": 1, ""Charging"": 1}",False
179ada28-f0c6-4431-a1fc-bbb2e5ec26d6-AUCHB27870001,Oberon RSL Club,"Cnr Dudley & Oberon St, Oberon, NSW 2787",-33.70485,149.86307,22,8,8,0,TYPE2,22.0,22.0,"{""Available"": 8}",False
15d06bf5-6b4a-425d-9312-bae4b17cc22b-183,EVSE,"29 Cherrybrook Rd, Lansvale, NSW 2166",-33.9013389,150.946484,7,10,10,0,TYPE2,7.0,7.0,"{""Missing"": 10}",False
15d06bf5-6b4a-425d-9312-bae4b17cc22b-866,YUNEX - SO-22238 (TBC),"14 Millennium Ct, Silverwater, NSW 2128",-33.8325123,151.040631,22,1,1,0,TYPE2,22.0,22.0,"{""Missing"": 1}",False
d1cbdd86-205d-4538-b287-34032bf74788-i0wGRGwW5x1n9oK0z3rBXKyj161fagh9lab8,30-40 George St Leichhardt NSW 2040,"30-40 George St, Leichhardt, NSW 2040",-33.888076,151.14888,22,1,1,0,TYPE2,22.0,22.0,"{""Charging"": 1}",False
ac6d79e9-3d3d-4a6b-a3b2-99a06fe51e25-163,1 Empire St-Haberfield,"1 Empire St, Haberfield NSW 2045, Australia, Haberfield, NSW 2045",-33.878467,151.137554,22,2,2,0,TYPE2,22.0,22.0,"{""Available"": 2}",False
15d06bf5-6b4a-425d-9312-bae4b17cc22b-225,EVSE Testing location,"9 Euston St, Rydalmere, NSW 2116",-33.8127697,151.0353916,22 - 60,2,2,1,CCS2|TYPE2,22.0,60.0,"{""Missing"": 2}",True
d1cbdd86-205d-4538-b287-34032bf74788-vLzCevevmNSfPifzoqSvTRLIBnhEzCinunw0,24 Howard St Randwick NSW 2031,"24 Howard St, Randwick, NSW 2031",-33.923439,151.242472,22,1,1,0,TYPE2,22.0,22.0,"{""Available"": 1}",False
ac6d79e9-3d3d-4a6b-a3b2-99a06fe51e25-196,130 Coxs Rd-North Ryde,"130 Coxs Rd, North Ryde NSW 2113, Australia, North Ryde, NSW 2113",-33.796071,151.123445,22,2,2,0,TYPE2,22.0,22.0,"{""Available"": 2}",False
ac6d79e9-3d3d-4a6b-a3b2-99a06fe51e25-31,36 Napier St-Paddington,"Block E, Paddington NSW 2021, Australia, Paddington, NSW 2021",-33.88338,151.220003,22,2,2,0,TYPE2,22.0,22.0,"{""Available"": 2}",False
ac6d79e9-3d3d-4a6b-a3b2-99a06fe51e25-170,1 Nanda St-Marmong Point,"1 Nanda St, Marmong Point NSW 2284, Australia, Marmong Point, NSW 2284",-32.978004,151.619175,22,2,2,0,TYPE2,22.0,22.0,"{""Available"": 2}",False
ac6d79e9-3d3d-4a6b-a3b2-99a06fe51e25-138,91 Albert Road-Strathfield,"91 Albert Rd, Strathfield NSW 2135, Australia, Strathfield, NSW 2135",-33.873483,151.08413,22,2,2,0,TYPE2,22.0,22.0,"{""Available"": 2}",False
baaffa39-0adb-422e-a7bf-4b391d232b5d-115,121 Todman Ave Kensington NSW 2033,"121 Todman Ave, Kensington NSW 2033, Australi, Kensington, NSW 2033",-33.91005,151.22089,22,1,1,0,TYPE2,22.0,22.0,"{""Charging"": 1}",False
baaffa39-0adb-422e-a7bf-4b391d232b5d-136,Opposite 84 Frenchmans Road Randwick NSW 2031,"84 Frenchmans Rd, Randwick NSW 2031, Australi, Randwick, NSW 2031",-33.90697,151.25058,22,1,1,0,TYPE2,22.0,22.0,"{""Available"": 1}",False
d1cbdd86-205d-4538-b287-34032bf74788-5qJ57Lz8ZWU0PWAd3jymxLT6f9A338aywGHZ,74 Railway St Merewether NSW 2291,"74 Railway St, Merewether, NSW 2291",-32.93862,151.74905,22,2,2,0,TYPE2,22.0,22.0,"{""Available"": 2}",False
ac6d79e9-3d3d-4a6b-a3b2-99a06fe51e25-137,9 Subway Road-Rockdale,"9 Subway Rd, Rockdale NSW 2216, Australia, Rockdale, NSW 2216",-33.955905,151.136897,22,2,2,0,TYPE2,22.0,22.0,"{""Available"": 1, ""Charging"": 1}",False
ac6d79e9-3d3d-4a6b-a3b2-99a06fe51e25-169,The Esplanade-Warners Bay,"4 John St, Warners Bay NSW 2282, Australia, Warners Bay, NSW 2282",-32.972862,151.642784,22,2,2,0,TYPE2,22.0,22.0,"{""Available"": 2}",False
179ada28-f0c6-4431-a1fc-bbb2e5ec26d6-AUCHB26460001,Heritage Motor Inn,"25 Edward Street, Corowa, NSW 2646",-36.0019,146.38617,22,8,8,0,TYPE2,22.0,22.0,"{""Available"": 8}",False
15d06bf5-6b4a-425d-9312-bae4b17cc22b-1551,Ariah Park Hotel,"73-75 Coolamon St, Ariah Park, NSW 2665",-34.3467575,147.222118,22,1,1,0,TYPE2,22.0,22.0,"{""Missing"": 1}",False
ac6d79e9-3d3d-4a6b-a3b2-99a06fe51e25-147,OPP 51 Percival-Stanmore,"OPP 51 Percival, Stanmore NSW 2048, Australia, Stanmore, NSW 2048",-33.890805,151.165561,22,2,2,0,TYPE2,22.0,22.0,"{""Available"": 2}",False
15d06bf5-6b4a-425d-9312-bae4b17cc22b-951,Amazon Commercial Services Pty Ltd - Amazon Bella Vista,"53 Irvine Pl, Bella Vista, NSW 2153",-33.7389113,150.9476829,22,1,1,0,TYPE2,22.0,22.0,"{""Missing"": 1}",False
32c163d9-84aa-4c71-b092-9aab18f2e771-DEL-TFHSN-EX-2223-1A10-1-2244-00008,Deniliquin Country Club Motor Inn,"68-72 Crispe Street, Deniliquin, NSW 2710",-35.53722089,144.96641328,7.4,1,1,0,TYPE2,7.4,7.4,"{""Unavailable"": 1}",False
ac6d79e9-3d3d-4a6b-a3b2-99a06fe51e25-168,128 Bettington Street-Merriwa,"126/128 Bettington St, Merriwa NSW 2329, Aust, Merriwa, NSW 2329",-32.138823,150.352967,22,2,2,0,TYPE2,22.0,22.0,"{""Available"": 2}",False
ac6d79e9-3d3d-4a6b-a3b2-99a06fe51e25-125,14 Bunn St-Pyrmont,"2-14 Bunn St, Pyrmont NSW 2009, Australia, Pyrmont, NSW 2009",-33.871151,151.196234,22,2,2,0,TYPE2,22.0,22.0,"{""Available"": 2}",False
ac6d79e9-3d3d-4a6b-a3b2-99a06fe51e25-153,33 Johnson St-Chatswood,"33 Johnson St, Chatswood NSW 2067, Australia, Chatswood, NSW 2067",-33.799958,151.18437,22,2,2,0,TYPE2,22.0,22.0,"{""Available"": 1, ""Charging"": 1}",False
ac6d79e9-3d3d-4a6b-a3b2-99a06fe51e25-142,108 The Crescent-Homebush West,"108 The Crescent, Homebush West NSW 2140, Aus, Homebush West, NSW 2140",-33.865152,151.06975,22,2,2,0,TYPE2,22.0,22.0,"{""Available"": 2}",False
32c163d9-84aa-4c71-b092-9aab18f2e771-DEL-cMJC6-EX-2223-1A10-1-2244-00031,Bella Vista Motel,"5 Central Coast Highway, Kariong, NSW 2250",-33.43480555,151.29751509,22,1,1,0,TYPE2,22.0,22.0,"{""Unavailable"": 1}",False
baaffa39-0adb-422e-a7bf-4b391d232b5d-138,Opposite 1 York Rd Bondi Junction NSW 2022,"1 York Rd, Bondi Junction NSW 2022, Australia, Bondi Junction, NSW 2022",-33.892965,151.2418,22,1,1,0,TYPE2,22.0,22.0,"{""Available"": 1}",False
ac6d79e9-3d3d-4a6b-a3b2-99a06fe51e25-167,113 Dobroyd Pde-Haberfield,"113 Dobroyd Parade, Haberfield NSW 2045, Aust, Haberfield, NSW 2045",-33.874299,151.128317,22,2,2,0,TYPE2,22.0,22.0,"{""Available"": 2}",False
baaffa39-0adb-422e-a7bf-4b391d232b5d-163,Opposite 67 Boomerang St Haberfield NSW 2045,"67 Boomerang St, Haberfield NSW 2045, Austral, Haberfield, NSW 2045",-33.870609,151.14523,22,1,1,0,TYPE2,22.0,22.0,"{""Available"": 1}",False
ac6d79e9-3d3d-4a6b-a3b2-99a06fe51e25-198,1 Endeavour St-West Ryde,"1 Endeavour St, West Ryde NSW 2114, Australia, West Ryde, NSW 2114",-33.807455,151.084648,22,2,2,0,TYPE2,22.0,22.0,"{""Available"": 2}",False
15d06bf5-6b4a-425d-9312-bae4b17cc22b-1464,[TBC] [S0000441] CS Energy - CSE281C - Robina Hospital GCHH,"14 Millennium Ct, Silverwater, NSW 2128",-33.8325123,151.040631,7,6,6,0,TYPE2,7.0,7.0,"{""Missing"": 6}",False
15d06bf5-6b4a-425d-9312-bae4b17cc22b-927,Intellihub - Smith Street Charlestown,"33 Smith St, Charlestown, NSW 2290",-32.9654747,151.6961709,22,2,2,0,TYPE2,22.0,22.0,"{""Available"": 1, ""Missing"": 1}",False
15d06bf5-6b4a-425d-9312-bae4b17cc22b-1039,"Intellihub - 107 John St, Singleton","107 John St, Singleton, NSW 2330",-32.5655265,151.1671398,22,2,2,0,TYPE2,22.0,22.0,"{""Available"": 1, ""Missing"": 1}",False
ac6d79e9-3d3d-4a6b-a3b2-99a06fe51e25-154,32 Patrick Street-North Willoughby,"32 Patrick St, North Willoughby NSW 2068, Aus, North Willoughby, NSW 2068",-33.794434,151.196897,22,2,2,0,TYPE2,22.0,22.0,"{""Available"": 2}",False
baaffa39-0adb-422e-a7bf-4b391d232b5d-47,17 Holmwood St Newtown NSW 2042,"17 Holmwood St, Newtown NSW 2042, Australia, Newtown, NSW 2042",-33.90411,151.17908,22,1,1,0,TYPE2,22.0,22.0,"{""Available"": 1}",False
d1cbdd86-205d-4538-b287-34032bf74788-f11vqSNb5noOGqc1JlI_QDipbm8qvTZqF5Dy,459 President Ave Kirrawee NSW 2232,"459 President Ave, Kirrawee, NSW 2232",-34.034617,151.06989,22,1,1,0,TYPE2,22.0,22.0,"{""Available"": 1}",False
ac6d79e9-3d3d-4a6b-a3b2-99a06fe51e25-246,25 Birmingham St-Alexandria,"25 Birmingham St, Alexandria, NSW, Australia, City of Sydney, NSW 2015",-33.920405,151.196399,22,2,2,0,TYPE2,22.0,22.0,"{""Available"": 2}",False
15d06bf5-6b4a-425d-9312-bae4b17cc22b-388,Gibson Arndell Park - Goodman AU496,"4 Lidco St, Arndell Park, NSW 2148",-33.7911371,150.8811426,22,3,6,0,TYPE2,22.0,22.0,"{""Missing"": 6}",False
15d06bf5-6b4a-425d-9312-bae4b17cc22b-1568,[TBC] [SO001216] Town of Victoria Park - Kent St Depot,"14 Millennium Ct, Silverwater, NSW 2128",-33.8325123,151.040631,22,1,2,0,TYPE2,22.0,22.0,"{""Missing"": 2}",False
ac6d79e9-3d3d-4a6b-a3b2-99a06fe51e25-155,1 Bowen St-Chatswood,"1 Bowen St, Chatswood NSW 2067, Australia, Chatswood, NSW 2067",-33.805261,151.178234,22,2,2,0,TYPE2,22.0,22.0,"{""Available"": 2}",False
ac6d79e9-3d3d-4a6b-a3b2-99a06fe51e25-171,11 Edgar Street-Belmont,"11 Edgar St, Belmont NSW 2280, Australia, Belmont, NSW 2280",-33.034409,151.65844,22,2,2,0,TYPE2,22.0,22.0,"{""Available"": 2}",False
15d06bf5-6b4a-425d-9312-bae4b17cc22b-1456,[TBC] [S0000389] CS Energy - CSE328 - 49 Neil St. Toowoomba,"14 Millennium Ct, Silverwater, NSW 2128",-33.8325123,151.040631,7,2,2,0,TYPE2,7.0,7.0,"{""Missing"": 2}",False
15d06bf5-6b4a-425d-9312-bae4b17cc22b-1462,[TBC] [SO000349] Energy Trade - Buddina,"14 Millennium Ct, Silverwater, NSW 2128",-33.8325123,151.040631,7,2,2,0,TYPE2,7.0,7.0,"{""Missing"": 2}",False
baaffa39-0adb-422e-a7bf-4b391d232b5d-129,50 Cook St Randwick NSW 2031,"50 Cook St, Randwick NSW 2031, Australia, Randwick, NSW 2031",-33.911689,151.23908,22,1,1,0,TYPE2,22.0,22.0,"{""Available"": 1}",False
15d06bf5-6b4a-425d-9312-bae4b17cc22b-1282,[TBC] [SO-34530] Pro Electrical Services,"14 Millennium Ct, Silverwater, NSW 2128",-33.8325123,151.040631,7,1,1,0,TYPE2,7.0,7.0,"{""Missing"": 1}",False
15d06bf5-6b4a-425d-9312-bae4b17cc22b-1460,[TBC] [SO000134] Oracle Energy,"14 Millennium Ct, Silverwater, NSW 2128",-33.8325123,151.040631,7,1,2,0,TYPE2,7.0,7.0,"{""Missing"": 2}",False
179ada28-f0c6-4431-a1fc-bbb2e5ec26d6-AUCHB27660001,Lavida Pharmaceuticals,"25 Wonderland Drive, Sydney, NSW 2766",-33.8043079,150.8382844,22,4,4,0,TYPE2,22.0,22.0,"{""Available"": 4}",False
15d06bf5-6b4a-425d-9312-bae4b17cc22b-925,Intellihub - Ocean Street,"96 Ocean St, Dudley, NSW 2290",-32.9895359,151.7187917,22,2,2,0,TYPE2,22.0,22.0,"{""Available"": 2}",False
179ada28-f0c6-4431-a1fc-bbb2e5ec26d6-AUCHB25770001,Bendooley Estate,"3020 Old Hume Highway, Berrima, NSW 2577",-34.46889,150.36038,22,16,16,0,TYPE2,22.0,22.0,"{""Available"": 16}",False
15d06bf5-6b4a-425d-9312-bae4b17cc22b-1465,[TBC] [S0000360] CS Energy - CSE761,"14 Millennium Ct, Silverwater, NSW 2128",-33.8325123,151.040631,22,3,6,0,TYPE2,22.0,22.0,"{""Missing"": 6}",False
15d06bf5-6b4a-425d-9312-bae4b17cc22b-1314,[TBC] [SO-35126] Town of Bassendean,"14 Millennium Ct, Silverwater, NSW 2128",-33.8325123,151.040631,22,1,2,0,TYPE2,22.0,22.0,"{""Missing"": 2}",False
15d06bf5-6b4a-425d-9312-bae4b17cc22b-2180,Greenway Wetherill Park - Foodcourt,"Kiosk 6/1187 The Horsley Dr, Wetherill Park, NSW 2164",-33.84989,150.8978389,130,1,2,2,CCS2,130.0,130.0,"{""Available"": 2}",True
ac6d79e9-3d3d-4a6b-a3b2-99a06fe51e25-245,OP 35 Mill St-Carlton,"Opposite 35 Mill St, Carlton, Carlton, NSW 2218",-33.966707,151.121692,22,2,2,0,TYPE2,22.0,22.0,"{""Available"": 2}",False
ac6d79e9-3d3d-4a6b-a3b2-99a06fe51e25-53,26 Terry St-Balmain,"26 Terry St, Balmain NSW 2041, Australia, Balmain, NSW 2041",-33.857837,151.171049,22,2,2,0,TYPE2,22.0,22.0,"{""Available"": 2}",False
d1cbdd86-205d-4538-b287-34032bf74788-nyaTLPhS-uuhMEWLcIl59hSsrDzb61aEpkDE,Cook Rd after Lang Rd Centennial Park NSW 2021,"Cook Rd after Lang Rd, Centennial Park, NSW 2021",-33.896551,151.2272596,22,1,1,0,TYPE2,22.0,22.0,"{""Available"": 1}",False
ac6d79e9-3d3d-4a6b-a3b2-99a06fe51e25-76,66 Dover Rd-Rose Bay,"66 Dover Rd, Rose Bay NSW 2029, Australia, Rose Bay, NSW 2029",-33.873479,151.27443,22,2,2,0,TYPE2,22.0,22.0,"{""Available"": 2}",False
15d06bf5-6b4a-425d-9312-bae4b17cc22b-1283,[TBC] [SO-34494] CS Energy - CSE741 - DJAG Gladstone,"14 Millennium Ct, Silverwater, NSW 2128",-33.8325123,151.040631,7,1,1,0,TYPE2,7.0,7.0,"{""Missing"": 1}",False
ac6d79e9-3d3d-4a6b-a3b2-99a06fe51e25-14,34 Morley Ave-Rosebery,"34 Morley Ave, Rosebery, NSW 2018, Rosebery, NSW 2018",-33.915981,151.203186,22,2,2,0,TYPE2,22.0,22.0,"{""Available"": 1, ""Charging"": 1}",False
15d06bf5-6b4a-425d-9312-bae4b17cc22b-1532,[TBC] [SO000985] Energy Trade - 18 Garthowen Cres,"14 Millennium Ct, Silverwater, NSW 2128",-33.8325123,151.040631,22,2,2,0,TYPE2,22.0,22.0,"{""Missing"": 2}",False
15d06bf5-6b4a-425d-9312-bae4b17cc22b-1045,Inchcape Australia Limited - Subaru - Parramatta Sales,"60-64 Church St, Parramatta, NSW 2150",-33.8210301,151.0044612,22,1,2,0,TYPE2,22.0,22.0,"{""Missing"": 2}",False
15d06bf5-6b4a-425d-9312-bae4b17cc22b-1023,Intellihub - Bridge St. Morisset,"59 Bridge St, Morisset, NSW 2264",-33.1074098,151.4897138,22,2,2,0,TYPE2,22.0,22.0,"{""Available"": 1, ""Missing"": 1}",False
15d06bf5-6b4a-425d-9312-bae4b17cc22b-2651,Western Sydney University - Parramatta South Campus - P1462,"EB, Parramatta, NSW 2116",-33.8112831,151.0236306,60,3,6,6,CCS2,60.0,60.0,"{""Available"": 6}",True
ac6d79e9-3d3d-4a6b-a3b2-99a06fe51e25-201,21-27 Wattle St-West Ryde,"21-27 Wattle St, West Ryde, NSW, Australia, 2, Unknown, NSW 2114",-33.806373,151.0929,22,2,2,0,TYPE2,22.0,22.0,"{""Available"": 2}",False
ac6d79e9-3d3d-4a6b-a3b2-99a06fe51e25-209,34 Cliff Rd-Epping,"34 Cliff Rd, Epping, NSW, Australia, 2121, Epping, NSW 2121",-33.770621,151.077491,22,2,2,0,TYPE2,22.0,22.0,"{""Available"": 2}",False
d1cbdd86-205d-4538-b287-34032bf74788-mMmBF8REuyOemH4QFibCR7MnaUooFuKJiNsc,82 Brooks St The Hill NSW 2300,"82 Brooks St, The Hill, NSW 2300",-32.934105,151.77108,22,2,2,0,TYPE2,22.0,22.0,"{""Available"": 2}",False
ac6d79e9-3d3d-4a6b-a3b2-99a06fe51e25-73,365 Bronte Rd-Bronte,"365 Bronte Rd, Bronte NSW 2024, Australia, Bronte, NSW 2024",-33.903012,151.260606,22,2,2,0,TYPE2,22.0,22.0,"{""Available"": 2}",False
ac6d79e9-3d3d-4a6b-a3b2-99a06fe51e25-72,17 Flood St-Bondi,"17 Flood St, Bondi NSW 2026, Australia, Bondi, NSW 2026",-33.891131,151.258845,22,2,2,0,TYPE2,22.0,22.0,"{""Available"": 2}",False
ac6d79e9-3d3d-4a6b-a3b2-99a06fe51e25-75,Church St-Waverley,"29 Carrington Rd, Waverley NSW 2024, Australi, Waverley, NSW 2024",-33.898142,151.253777,22,2,2,0,TYPE2,22.0,22.0,"{""Available"": 1, ""Charging"": 1}",False
ac6d79e9-3d3d-4a6b-a3b2-99a06fe51e25-193,27 Reserve St-West Ryde,"27 Reserve St, West Ryde NSW 2114, Ryde, NSW 2114",-33.803747,151.08938,22,2,2,0,TYPE2,22.0,22.0,"{""Available"": 2}",False
ac6d79e9-3d3d-4a6b-a3b2-99a06fe51e25-228,Lawler St-Forbes,"Lawler St, Forbes NSW 2871, Australia, Forbes, NSW 2871",-33.382484,148.008426,22,2,2,0,TYPE2,22.0,22.0,"{""Available"": 2}",False
15d06bf5-6b4a-425d-9312-bae4b17cc22b-1356,[TBC] [SO-36234] CS Energy - CSE25010 - DJAG Beenleigh,"14 Millennium Ct, Silverwater, NSW 2128",-33.8325123,151.040631,7,2,2,0,TYPE2,7.0,7.0,"{""Missing"": 2}",False
15d06bf5-6b4a-425d-9312-bae4b17cc22b-1357,[TBC] [SO-29879] SUPA - 15-19 Crown Street,"14 Millennium Ct, Silverwater, NSW 2128",-33.8325123,151.040631,22,2,2,0,TYPE2,22.0,22.0,"{""Missing"": 2}",False
15d06bf5-6b4a-425d-9312-bae4b17cc22b-1475,[TBC] [SO000519] CS Energy - CSE744 - Balby Police Station,"14 Millennium Ct, Silverwater, NSW 2128",-33.8325123,151.040631,7,1,2,0,TYPE2,7.0,7.0,"{""Missing"": 2}",False
15d06bf5-6b4a-425d-9312-bae4b17cc22b-1316,[TBC] [SO-34806] Collins Aerospace,"14 Millennium Ct, Silverwater, NSW 2128",-33.8325123,151.040631,22,1,1,0,TYPE2,22.0,22.0,"{""Missing"": 1}",False
15d06bf5-6b4a-425d-9312-bae4b17cc22b-1315,[TBC] [SO-35111] Graincorp Wagga Wagga,"14 Millennium Ct, Silverwater, NSW 2128",-33.8325123,151.040631,22,1,1,0,TYPE2,22.0,22.0,"{""Missing"": 1}",False
15d06bf5-6b4a-425d-9312-bae4b17cc22b-1246,[TBC] [SO-33509] [SO-31825] Nilsen Pty Ltd,"14 Millennium Ct, Silverwater, NSW 2128",-33.8325123,151.040631,22,2,2,0,TYPE2,22.0,22.0,"{""Missing"": 2}",False
15d06bf5-6b4a-425d-9312-bae4b17cc22b-1243,[TBC] [SO-33331] CS Energy - Atherton Child Safety Service Centre - CSE728,"14 Millennium Ct, Silverwater, NSW 2128",-33.8325123,151.040631,7,5,5,0,TYPE2,7.0,7.0,"{""Missing"": 5}",False
baaffa39-0adb-422e-a7bf-4b391d232b5d-504,"459 President Ave, Kirrawee NSW 2232","459 President Ave, Kirrawee NSW 2232, Austral, Kirrawee, NSW 2232",-34.034617,151.06989,22,1,1,0,TYPE2,22.0,22.0,"{""Unknown"": 1}",False
15d06bf5-6b4a-425d-9312-bae4b17cc22b-3384,Club Corowa,"30 Betterment Parade, Corowa New South Wales, NSW 2646",-35.99552,146.385816,120,1,2,2,CCS2,120.0,120.0,"{""Available"": 2}",True
15d06bf5-6b4a-425d-9312-bae4b17cc22b-1090,[TBC] [SO-27204] MM Electrical,"14 Millennium Ct, Silverwater, NSW 2128",-33.8325123,151.040631,60,1,2,2,CCS2,60.0,60.0,"{""Missing"": 2}",True
15d06bf5-6b4a-425d-9312-bae4b17cc22b-1294,[TBC] [SO-30810] SUPA ENERGY,"14 Millennium Ct, Silverwater, NSW 2128",-33.8325123,151.040631,22,5,5,0,TYPE2,22.0,22.0,"{""Missing"": 5}",False
15d06bf5-6b4a-425d-9312-bae4b17cc22b-729,5 Citrus Ave Hornsby - Energy Trade,"5 Citrus Ave, Hornsby, NSW 2077",-33.6919444,151.1015696,22,1,1,0,TYPE2,22.0,22.0,"{""Missing"": 1}",False
baaffa39-0adb-422e-a7bf-4b391d232b5d-99,21-23 Corunna Rd Stanmore NSW 2048,"21-23 Corunna Rd, Stanmore NSW 2048, Australi, Stanmore, NSW 2048",-33.888629,151.17117,22,1,1,0,TYPE2,22.0,22.0,"{""Available"": 1}",False
ac6d79e9-3d3d-4a6b-a3b2-99a06fe51e25-78,King St-Randwick,"1R Darley Rd, Randwick NSW 2031, Australia, Randwick, NSW 2031",-33.90625,151.231942,22,2,2,0,TYPE2,22.0,22.0,"{""Available"": 2}",False
15d06bf5-6b4a-425d-9312-bae4b17cc22b-1540,Mulgoa Quarries Pty Ltd,"44 Tyrone Pl, Erskine Park, NSW 2759",-33.8156624,150.788837,22,1,1,0,TYPE2,22.0,22.0,"{""Missing"": 1}",False
ac6d79e9-3d3d-4a6b-a3b2-99a06fe51e25-156,4 York St-Singleton,"4 York St, Singleton NSW 2330, Australia, Singleton, NSW 2330",-32.566618,151.167042,22,2,2,0,TYPE2,22.0,22.0,"{""Available"": 2}",False
15d06bf5-6b4a-425d-9312-bae4b17cc22b-562,Eclipse Tower,"60 Station St E, Parramatta, NSW 2150",-33.8185134,151.0072343,22,5,5,0,TYPE2,22.0,22.0,"{""Available"": 4, ""Charging"": 1}",False
ac6d79e9-3d3d-4a6b-a3b2-99a06fe51e25-146,74 Park Rd-Homebush,"74 Park Rd, Homebush NSW 2140, Australia, Homebush, NSW 2140",-33.862151,151.080992,22,2,2,0,TYPE2,22.0,22.0,"{""Available"": 1, ""Charging"": 1}",False
baaffa39-0adb-422e-a7bf-4b391d232b5d-83,104 Mill Hill Rd Bondi Junction NSW 2022,"104 Mill Hill Rd, Bondi Junction NSW 2022, Au, Bondi Junction, NSW 2022",-33.893655,151.2438,22,1,1,0,TYPE2,22.0,22.0,"{""Available"": 1}",False
15d06bf5-6b4a-425d-9312-bae4b17cc22b-1552,[TBC] [SO001079] CS Energy - CSE634 - OIR George St,"14 Millennium Ct, Silverwater, NSW 2128",-33.8325123,151.040631,7,2,2,0,TYPE2,7.0,7.0,"{""Missing"": 2}",False
15d06bf5-6b4a-425d-9312-bae4b17cc22b-1301,[TBC] [SO-33778] Icon Water Lower Molonglo,"14 Millennium Ct, Silverwater, NSW 2128",-33.8325123,151.040631,22,2,2,0,TYPE2,22.0,22.0,"{""Missing"": 2}",False
15d06bf5-6b4a-425d-9312-bae4b17cc22b-1353,[TBC] [SO-36075] Energy Trade - Rose Bay,"14 Millennium Ct, Silverwater, NSW 2128",-33.8325123,151.040631,22,1,1,0,TYPE2,22.0,22.0,"{""Missing"": 1}",False
ac6d79e9-3d3d-4a6b-a3b2-99a06fe51e25-195,211 Culloden Rd-Marsfield,"211 Culloden Rd, Marsfield, NSW, Australia, 2, Marsfield, NSW 2122",-33.768029,151.111971,22,1,1,0,TYPE2,22.0,22.0,"{""Available"": 1}",False
15d06bf5-6b4a-425d-9312-bae4b17cc22b-986,9 Lorne Ave Killara,"9 Lorne Avenue, Killara, Kililara, NSW 2071",-33.7647971,151.1593387,22,1,1,0,TYPE2,22.0,22.0,"{""Missing"": 1}",False
15d06bf5-6b4a-425d-9312-bae4b17cc22b-1248,[TBC] [SO-33670] CS Energy - CSE336 - Tennyson St,"14 Millennium Ct, Silverwater, NSW 2128",-33.8325123,151.040631,7,4,4,0,TYPE2,7.0,7.0,"{""Missing"": 4}",False
15d06bf5-6b4a-425d-9312-bae4b17cc22b-421,Fairmont Resort Leura - Schwartz Family,"1 Sublime Point Rd, Leura, NSW 2780",-33.7208785,150.3514193,7 - 22,4,4,0,TYPE2,7.0,22.0,"{""Available"": 3, ""Charging"": 1}",False
ac6d79e9-3d3d-4a6b-a3b2-99a06fe51e25-123,108 Dalmeny Ave-Roseberry,"108 Dalmeny Ave, Rosebery NSW 2018, Australia, Rosebery, NSW 2018",-33.913331,151.209195,22,2,2,0,TYPE2,22.0,22.0,"{""Available"": 2}",False
ac6d79e9-3d3d-4a6b-a3b2-99a06fe51e25-95,1A Gloucester Avenue-Burwood,"1A Gloucester Avenue Burwood, Burwood, NSW 2134",-33.874968,151.1018,22,2,2,0,TYPE2,22.0,22.0,"{""Available"": 1, ""Charging"": 1}",False
15d06bf5-6b4a-425d-9312-bae4b17cc22b-673,"Parramatta Road, Homebush","42-50 Parramatta Rd, Homebush, NSW 2140",-33.8653625,151.0866588,22,1,1,0,TYPE2,22.0,22.0,"{""Missing"": 1}",False
d1cbdd86-205d-4538-b287-34032bf74788-QsgDxuBdptspGOEII_XFJF173XSgkmfVJ6zh,16-30 Wortley St Balmain NSW 2041,"16-30 Wortley St, Balmain, NSW 2041",-33.860552,151.17906,22,1,1,0,TYPE2,22.0,22.0,"{""Available"": 1}",False
d1cbdd86-205d-4538-b287-34032bf74788-2poA919wm51tfiJbtvOA8wxtV-TbSQ3wVeeD,Opposite 22 Kilgour Ave Bar Beach NSW 2300,"Opposite 22 Kilgour Ave, Bar Beach, NSW 2300",-32.941694,151.76384,22,2,2,0,TYPE2,22.0,22.0,"{""Available"": 2}",False
d1cbdd86-205d-4538-b287-34032bf74788-XHF90DSjpc3fq6sxIUXn4AqTUgWZYFk6Q0ct,14b Mentmore Ave Rosebery NSW 2018,"14b Mentmore Ave, Rosebery, NSW 2018",-33.913328,151.2045827,22,1,1,0,TYPE2,22.0,22.0,"{""Available"": 1}",False
393dc550-5791-46d3-a359-20e9e5b406b3-66d7aca30f8f2d06fcbd28f4,Coomealla Memorial Sporting Club,"1150 Silver City Hwy, Dareton, NSW 2717",-34.0951261,142.0395947,22,1,1,0,TYPE2,22.0,22.0,"{""Available"": 1}",False
ac6d79e9-3d3d-4a6b-a3b2-99a06fe51e25-210,Endeavor FSC-Penrith,"Blaikie Road 120, Jamisontown, NSW 2750",-33.766758,150.672814,7,1,1,0,TYPE2,7.0,7.0,"{""Available"": 1}",False
ac6d79e9-3d3d-4a6b-a3b2-99a06fe51e25-184,10 Fern Place-Woollahra,"10 Fern Pl, Woollahra NSW 2025, Australia, Woollahra, NSW 2025",-33.890283,151.25317,22,2,2,0,TYPE2,22.0,22.0,"{""Available"": 1, ""Charging"": 1}",False
ac6d79e9-3d3d-4a6b-a3b2-99a06fe51e25-208,22 Essex St-Epping,"22 Essex St, Epping, NSW, Australia, 2121, Epping, NSW 2121",-33.772647,151.086459,22,2,2,0,TYPE2,22.0,22.0,"{""Available"": 2}",False
15d06bf5-6b4a-425d-9312-bae4b17cc22b-174,Bunnings Caringbah,"Koonya Cct, Caringbah, NSW 2229",-34.0279242,151.1210292,50,1,2,2,CCS2|CHADEMO,50.0,50.0,"{""OutOfService"": 2}",True
ac6d79e9-3d3d-4a6b-a3b2-99a06fe51e25-66,18 Council St-Bondi Junction,"18 Council St, Bondi Junction NSW 2022, Austr, Bondi Junction, NSW 2022",-33.894043,151.255113,22,2,2,0,TYPE2,22.0,22.0,"{""Available"": 1, ""Charging"": 1}",False
15d06bf5-6b4a-425d-9312-bae4b17cc22b-2142,Victoria Cross,"155 Miller St, North Sydney, NSW 2060",-33.8374849,151.207574,22,2,2,0,TYPE2,22.0,22.0,"{""Available"": 2}",False
baaffa39-0adb-422e-a7bf-4b391d232b5d-12,90 Rowntree St Birchgrove NSW 2041,"90 Rowntree St, Birchgrove NSW 2041, Australi, Birchgrove, NSW 2041",-33.853503,151.18034,22,1,1,0,TYPE2,22.0,22.0,"{""Available"": 1}",False
e01de15b-1ce6-4c05-8f89-81b463696ce1-66f5faa6-420d-48fd-91cd-91314f4494b1,Meriton North Ryde,"88 Talavera Rd, Macquarie Park, NSW 2113",-33.775362,151.1220464,22.2,3,3,0,TYPE2,22.17,22.17,"{""Available"": 3}",False
ac6d79e9-3d3d-4a6b-a3b2-99a06fe51e25-48,2 Slade St-Rozelle,"Slade St, Rozelle NSW 2039, Australia, Rozelle, NSW 2039",-33.860791,151.172506,22,2,2,0,TYPE2,22.0,22.0,"{""Charging"": 2}",False
179ada28-f0c6-4431-a1fc-bbb2e5ec26d6-AUCHB26430001,Howlong Golf Resort,"186 Golf Club Drive, Howlong, NSW 2643",-35.98521,146.64443,22,4,4,0,TYPE2,22.0,22.0,"{""Available"": 3, ""Charging"": 1}",False
15d06bf5-6b4a-425d-9312-bae4b17cc22b-455,Lockhart - The Rock Recreation Ground,"60 Wilson St, The Rock, NSW 2655",-35.2665253,147.1104941,22,2,2,0,TYPE2,22.0,22.0,"{""Available"": 1, ""Missing"": 1}",False
ac6d79e9-3d3d-4a6b-a3b2-99a06fe51e25-235,Op 13 St John St-Newtown,"13 St John St, Newtown, NSW, 2042, Newtown, NSW 2042",-33.901687,151.17965,22,2,2,0,TYPE2,22.0,22.0,"{""Inoperative"": 2}",False
393dc550-5791-46d3-a359-20e9e5b406b3-670c57177d3ed025b338c362,CH Boutique Hotel Tamworth,"52 Brisbane Street, Tamworth, NSW 2340",-31.0894491,150.9296736,7,4,4,0,TYPE2,7.0,7.0,"{""Available"": 3, ""OutOfService"": 1}",False
d1cbdd86-205d-4538-b287-34032bf74788-orM7A_PCuNKTjjWbh3CbVrc4yF_3svnEvoYw,46-50 South St Gymea NSW 2227,"46-50 South St, Gymea, NSW 2227",-34.035562,151.08589,22,1,1,0,TYPE2,22.0,22.0,"{""Available"": 1}",False
393dc550-5791-46d3-a359-20e9e5b406b3-66ac21c167c3db19f4104594,Yarrawonga Mulwala Golf Club (Club House),"1 Golf Club Road, Mulwala, NSW 2647",-36.0049086,145.9940381,22,2,2,0,TYPE2,22.0,22.0,"{""Available"": 2}",False
baaffa39-0adb-422e-a7bf-4b391d232b5d-88,Opposite 23 See St Kingsford NSW 2032,"23 See St, Kingsford NSW 2032, Australia, Kingsford, NSW 2032",-33.922092,151.2249,22,1,1,0,TYPE2,22.0,22.0,"{""Available"": 1}",False
ac6d79e9-3d3d-4a6b-a3b2-99a06fe51e25-172,228 Pacific Hwy-Swansea,"Swansea Centre, 228 Pacific Hwy, Swansea NSW, Swansea, NSW 2281",-33.091679,151.637718,22,2,2,0,TYPE2,22.0,22.0,"{""Available"": 2}",False
ac6d79e9-3d3d-4a6b-a3b2-99a06fe51e25-57,Kokoda Park-Kensington,"7 Ascot St, Kensington NSW 2033, Australia, Kensington, NSW 2033",-33.90801,151.224762,22,2,2,0,TYPE2,22.0,22.0,"{""Available"": 2}",False
baaffa39-0adb-422e-a7bf-4b391d232b5d-124,30 Little St Lane Cove NSW 2066,"30 Little St, Lane Cove NSW 2066, Australia, Lane Cove, NSW 2066",-33.815669,151.17143,7,1,1,0,TYPE2,7.0,7.0,"{""Available"": 1}",False
d1cbdd86-205d-4538-b287-34032bf74788-WM6x0FLHB5PbqwfIt8afEeo3qtkBrgwXrKtf,Opposite 18 Merriwa St Gordon NSW 2072,"Opposite 18 Merriwa St, Gordon, NSW 2072",-33.753179,151.1483618,22,1,1,0,TYPE2,22.0,22.0,"{""Available"": 1}",False
baaffa39-0adb-422e-a7bf-4b391d232b5d-151,2 Wauhope Cres South Coogee NSW 2034,"2 Wauhope Cres, South Coogee NSW 2034, Austra, South Coogee, NSW 2034",-33.92974,151.251118,22,1,1,0,TYPE2,22.0,22.0,"{""Available"": 1}",False
179ada28-f0c6-4431-a1fc-bbb2e5ec26d6-AUCHB27310001,Rich River Golf Club,"Twenty Four Lane, Moama, NSW 2731",-36.03618,144.73323,22,8,8,0,TYPE2,22.0,22.0,"{""Available"": 8}",False
179ada28-f0c6-4431-a1fc-bbb2e5ec26d6-AUCHB22850001,Cardiff Executive Apartments,"49 Macquarie Road, Newcastle, NSW 2285",-32.94269,151.65747,22,8,8,0,TYPE2,22.0,22.0,"{""Available"": 8}",False
15d06bf5-6b4a-425d-9312-bae4b17cc22b-364,Christie Street - Basement 6 and 7,"88 Christie St, St Leonards, NSW 2065",-33.8237661,151.1952642,22,14,14,0,TYPE2,22.0,22.0,"{""Available"": 11, ""Charging"": 3}",False
d1cbdd86-205d-4538-b287-34032bf74788-G-WbmX3gaxymawvSJ56tW0gp1Ez4uHjOgEbH,Opp 2B Carlyle Rd East Lindfield NSW 2070,"Opp 2B Carlyle Rd, East Lindfield, NSW 2070",-33.76319,151.1942,22,1,1,0,TYPE2,22.0,22.0,"{""Available"": 1}",False
baaffa39-0adb-422e-a7bf-4b391d232b5d-125,"402 Mowbray Rd W, Lane Cove North NSW 2066","402 Mowbray Rd W, Lane Cove North NSW 2066, A, Lane Cove North, NSW 2066",-33.806571,151.17508,7,1,1,0,TYPE2,7.0,7.0,"{""Available"": 1}",False
baaffa39-0adb-422e-a7bf-4b391d232b5d-144,3 Botany St Bondi Junction NSW 2022,"3 Botany St, Bondi Junction NSW 2022, Austral, Bondi Junction, NSW 2022",-33.893451,151.25411,22,1,1,0,TYPE2,22.0,22.0,"{""Available"": 1}",False
b4a3859a-1294-46cd-8af9-2cbf7848df2f-2baedf7d-7f01-417a-93c6-72947e548ffb,Local Servo - Tabulam,"8597/8601 Bruxner Hwy, Tabulam, NSW 2469",-28.887244,152.56945,22 - 30,3,3,2,CCS1|TYPE2,22.0,30.0,"{""Available"": 3}",True
ac6d79e9-3d3d-4a6b-a3b2-99a06fe51e25-200,2 East Pde-Eastwood,"2 East Pde, Eastwood, NSW, Australia, 2122, Eastwood, NSW 2122",-33.791782,151.082673,22,2,2,0,TYPE2,22.0,22.0,"{""Available"": 2}",False
15d06bf5-6b4a-425d-9312-bae4b17cc22b-1073,EVSE Australia,"14 Millennium Ct, Silverwater, NSW 2128",-33.8325123,151.040631,0,1,1,0,TYPE2,0.0,0.0,"{""Available"": 1}",False
ac6d79e9-3d3d-4a6b-a3b2-99a06fe51e25-60,50 Cascade St-Paddington,"50 Cascade St, Paddington NSW 2021, Australia, Paddington, NSW 2021",-33.88351,151.23138,22,2,2,0,TYPE2,22.0,22.0,"{""Available"": 1, ""Charging"": 1}",False
ac6d79e9-3d3d-4a6b-a3b2-99a06fe51e25-50,170 Hawthorne Pde-Haberfield,"170 Hawthorne Parade, Haberfield NSW 2045, Au, Haberfield, NSW 2045",-33.879936,151.145328,22,2,2,0,TYPE2,22.0,22.0,"{""Available"": 1, ""Charging"": 1}",False
baaffa39-0adb-422e-a7bf-4b391d232b5d-104,50 Chandos St Ashfield NSW 2131,"50 Chandos St, Ashfield NSW 2131, Australia, Ashfield, NSW 2131",-33.883114,151.13057,22,1,1,0,TYPE2,22.0,22.0,"{""Available"": 1}",False
baaffa39-0adb-422e-a7bf-4b391d232b5d-122,5-17 Robey St Maroubra NSW 2035,"5-17 Robey St, Maroubra, Maroubra, NSW 2035",-33.942371,151.237916,22,1,1,0,TYPE2,22.0,22.0,"{""Available"": 1}",False
baaffa39-0adb-422e-a7bf-4b391d232b5d-68,59 Church St Randwick NSW 2031,"59 Church St, Randwick NSW 2031, Australia, Randwick, NSW 2031",-33.91168,151.23815,22,1,1,0,TYPE2,22.0,22.0,"{""Available"": 1}",False
baaffa39-0adb-422e-a7bf-4b391d232b5d-158,"Opposite 165 Victoria Rd, Bellevue Hill NSW 2023","165 Victoria Rd, Bellevue Hill NSW 2023, Aust, Bellevue Hill, NSW 2023",-33.888282,151.258716,22,1,1,0,TYPE2,22.0,22.0,"{""Available"": 1}",False
baaffa39-0adb-422e-a7bf-4b391d232b5d-21,91 Annandale St Annandale NSW 2038,"91 Annandale St, Annandale NSW 2038, Australi, Annandale, NSW 2038",-33.882982,151.16848,22,1,1,0,TYPE2,22.0,22.0,"{""Available"": 1}",False
15d06bf5-6b4a-425d-9312-bae4b17cc22b-741,Arc Energy - Quest Orange,"132 Kite St, Orange, NSW 2800",-33.2864475,149.1022401,22,2,2,0,TYPE2,22.0,22.0,"{""Missing"": 2}",False
d1cbdd86-205d-4538-b287-34032bf74788-5h--VebIPDP7y6-8Q5paCoJDFJPqz8NaPDd2,55 Stuart St Mullumbimby,"55 Stuart St, Mullumbimby, 2482",-28.552557,153.5006987,22,1,1,0,TYPE2,22.0,22.0,"{""Unknown"": 1}",False
baaffa39-0adb-422e-a7bf-4b391d232b5d-20,131 Annandale St Annandale NSW 2038,"131 Annandale St, Annandale NSW 2038, Austral, Annandale, NSW 2038",-33.881759,151.16904,22,1,1,0,TYPE2,22.0,22.0,"{""Charging"": 1}",False
ac6d79e9-3d3d-4a6b-a3b2-99a06fe51e25-226,1 Junction St-Forbes,"1 Junction St, Forbes NSW 2871, Australia, Forbes, NSW 2871",-33.390542,148.004648,22,2,2,0,TYPE2,22.0,22.0,"{""Available"": 2}",False
baaffa39-0adb-422e-a7bf-4b391d232b5d-97,Opposite 94 Mallett St Camperdown NSW 2050,"94 Mallett St, Camperdown NSW 2050, Australia, Camperdown, NSW 2050",-33.889085,151.17744,22,1,1,0,TYPE2,22.0,22.0,"{""Available"": 1}",False
d1cbdd86-205d-4538-b287-34032bf74788-CxZFJA3aU1Vxgl4s03LsZpDjN4M4robqa-LW,Glover St(Glover Street field) Lilyfield NSW 2040,"Glover St(Glover Street field), Lilyfield, NSW 2040",-33.866683,151.15535,22,1,1,0,TYPE2,22.0,22.0,"{""Available"": 1}",False
baaffa39-0adb-422e-a7bf-4b391d232b5d-43,3 Wardell Rd Lewisham NSW 2049,"3 Wardell Rd, Lewisham NSW 2049, Australia, Lewisham, NSW 2049",-33.897391,151.14927,22,1,1,0,TYPE2,22.0,22.0,"{""Available"": 1}",False
baaffa39-0adb-422e-a7bf-4b391d232b5d-22,136 Young St Annandale NSW 2038,"136 Young St, Annandale NSW 2038, Australia, Annandale, NSW 2038",-33.883784,151.16688,22,1,1,0,TYPE2,22.0,22.0,"{""Available"": 1}",False
baaffa39-0adb-422e-a7bf-4b391d232b5d-94,Opposite 46-48 Mallett St Camperdown NSW 2050,"46-48 Mallett St, Camperdown NSW 2050, Austra, Camperdown, NSW 2050",-33.887912,151.17695,22,1,1,0,TYPE2,22.0,22.0,"{""Available"": 1}",False
baaffa39-0adb-422e-a7bf-4b391d232b5d-148,Adjacent 16 Fletcher St (pole in Glen St) Tamarama NSW 2022,"Fletcher St, Tamarama NSW 2026, Australia, Tamarama, NSW 2026",-33.896764,151.26953,22,1,1,0,TYPE2,22.0,22.0,"{""Available"": 1}",False
baaffa39-0adb-422e-a7bf-4b391d232b5d-15,272 Johnston St Annandale NSW 2038,"272 Johnston St, Annandale NSW 2038, Australi, Annandale, NSW 2038",-33.874561,151.17369,22,1,1,0,TYPE2,22.0,22.0,"{""Charging"": 1}",False
baaffa39-0adb-422e-a7bf-4b391d232b5d-73,Opposite 168 Beach St Coogee NSW 2034,"168 Beach St, Coogee NSW 2034, Australia, Coogee, NSW 2034",-33.924665,151.25738,22,1,1,0,TYPE2,22.0,22.0,"{""Available"": 1}",False
baaffa39-0adb-422e-a7bf-4b391d232b5d-100,24 Annandale St Annandale NSW 2038,"24 Annandale St, Annandale NSW 2038, Australi, Annandale, NSW 2038",-33.886612,151.1668,22,1,1,0,TYPE2,22.0,22.0,"{""Charging"": 1}",False
baaffa39-0adb-422e-a7bf-4b391d232b5d-110,266 Johnston St Annandale NSW 2038,"266 Johnston St, Annandale NSW 2038, Australi, Annandale, NSW 2038",-33.874917,151.17353,22,1,1,0,TYPE2,22.0,22.0,"{""Charging"": 1}",False
baaffa39-0adb-422e-a7bf-4b391d232b5d-37,1A St Kilda St Bexley North NSW 2207,"1A St Kilda St, Bexley North NSW 2207, Austra, Bexley North, NSW 2207",-33.941275,151.109664,22,1,1,0,TYPE2,22.0,22.0,"{""Available"": 1}",False
baaffa39-0adb-422e-a7bf-4b391d232b5d-49,32 Belmore St Enmore NSW 2042,"32 Belmore St, Enmore NSW 2042, Australia, Enmore, NSW 2042",-33.89817,151.17249,22,1,1,0,TYPE2,22.0,22.0,"{""Available"": 1}",False
ac6d79e9-3d3d-4a6b-a3b2-99a06fe51e25-237,236 Dowling St-Woolloomoollo,"236 Dowling St, Woolloomoollo, NSW, 2011, Woolloomoollo, NSW 2011",-33.874249,151.220611,22,2,2,0,TYPE2,22.0,22.0,"{""Available"": 2}",False
baaffa39-0adb-422e-a7bf-4b391d232b5d-70,10 Isabel Ave Vaucluse NSW 2030,"10 Isabel Ave, Vaucluse NSW 2030, Australia, Vaucluse, NSW 2030",-33.862092,151.28035,22,1,1,0,TYPE2,22.0,22.0,"{""Available"": 1}",False
baaffa39-0adb-422e-a7bf-4b391d232b5d-7,9 Nicholson St Balmain East NSW 2041,"9 Nicholson St, Balmain East NSW 2041, Austra, Balmain East, NSW 2041",-33.856575,151.19312,22,1,1,0,TYPE2,22.0,22.0,"{""Available"": 1}",False
baaffa39-0adb-422e-a7bf-4b391d232b5d-58,59 Windsor St Paddington NSW 2021,"59 Windsor St, Paddington NSW 2021, Australia, Paddington, NSW 2021",-33.885101,151.23344,22,1,1,0,TYPE2,22.0,22.0,"{""Available"": 1}",False
baaffa39-0adb-422e-a7bf-4b391d232b5d-23,9 Fort St Petersham NSW 2049,"9 Fort St, Petersham NSW 2049, Australia, Petersham, NSW 2049",-33.88997,151.1577,22,1,1,0,TYPE2,22.0,22.0,"{""Available"": 1}",False
baaffa39-0adb-422e-a7bf-4b391d232b5d-111,Opposite 20 Federation Rd Newtown 2042,"20 Federation Rd, Camperdown NSW 2050, Austra, Camperdown, NSW 2050",-33.893298,151.179621,22,1,1,0,TYPE2,22.0,22.0,"{""Available"": 1}",False
ac6d79e9-3d3d-4a6b-a3b2-99a06fe51e25-52,3 Weston St-Balmain East,"3 Weston St, Balmain East NSW 2041, Australia, Balmain East, NSW 2041",-33.857421,151.195462,22,2,2,0,TYPE2,22.0,22.0,"{""Available"": 2}",False
baaffa39-0adb-422e-a7bf-4b391d232b5d-132,85 Denison St Bondi Junction NSW 2022,"85 Denison St, Bondi Junction NSW 2022, Austr, Bondi Junction, NSW 2022",-33.893444,151.24459,22,1,1,0,TYPE2,22.0,22.0,"{""Available"": 1}",False
baaffa39-0adb-422e-a7bf-4b391d232b5d-77,176 Beach St Coogee NSW 2034,"176 Beach St, Coogee NSW 2034, Australia, Coogee, NSW 2034",-33.924808,151.256992,22,1,1,0,TYPE2,22.0,22.0,"{""Available"": 1}",False
baaffa39-0adb-422e-a7bf-4b391d232b5d-141,Opposite 4 Stanley Street Queens Park NSW 2022,"4 Stanley St, Queens Park NSW 2022, Australia, Queens Park, NSW 2022",-33.895936,151.247496,22,1,1,0,TYPE2,22.0,22.0,"{""Available"": 1}",False
baaffa39-0adb-422e-a7bf-4b391d232b5d-71,Opposite 3 Carlton St Kensington NSW 2033,"3 Carlton St, Kensington NSW 2033, Australia, Kensington, NSW 2033",-33.905907,151.22573,22,1,1,0,TYPE2,22.0,22.0,"{""Charging"": 1}",False
baaffa39-0adb-422e-a7bf-4b391d232b5d-45,35 Diamond Bay Rd Vaucluse NSW 2030,"35 Diamond Bay Rd, Vaucluse NSW 2030, Austral, Vaucluse, NSW 2030",-33.861208,151.28059,22,1,1,0,TYPE2,22.0,22.0,"{""Available"": 1}",False
baaffa39-0adb-422e-a7bf-4b391d232b5d-157,Opposite 150 Bellevue Rd Bellevue Hill NSW 2023,"150 Bellevue Rd, Bellevue Hill NSW 2023, Aust, Bellevue Hill, NSW 2023",-33.878636,151.24656,22,1,1,0,TYPE2,22.0,22.0,"{""Available"": 1}",False
baaffa39-0adb-422e-a7bf-4b391d232b5d-139,276 Birrell St Bondi NSW 2026,"276 Birrell St, Bondi NSW 2026, Australia, Bondi, NSW 2026",-33.897271,151.26057,22,1,1,0,TYPE2,22.0,22.0,"{""Available"": 1}",False
15d06bf5-6b4a-425d-9312-bae4b17cc22b-703,Energy Trade - Costello,"120 Passendale Rd, Edmondson Park, NSW 2174",-33.965062,150.8596635,7,3,3,0,TYPE2,7.0,7.0,"{""Missing"": 3}",False
baaffa39-0adb-422e-a7bf-4b391d232b5d-67,17 Hereward St Maroubra NSW 2035,"17 Hereward St, Maroubra NSW 2035, Australia, Maroubra, NSW 2035",-33.944918,151.25602,22,1,1,0,TYPE2,22.0,22.0,"{""Available"": 1}",False
baaffa39-0adb-422e-a7bf-4b391d232b5d-89,52 Spencer St Rose Bay NSW 2029,"52 Spencer St, Rose Bay NSW 2029, Australia, Rose Bay, NSW 2029",-33.869007,151.2754,22,1,1,0,TYPE2,22.0,22.0,"{""Charging"": 1}",False
ac6d79e9-3d3d-4a6b-a3b2-99a06fe51e25-150,OP 20 Whitton Rd- Artarmon,"20 Whitton Rd, Chatswood NSW 2067, Australia, Chatswood, NSW 2067",-33.802509,151.177919,22,2,2,0,TYPE2,22.0,22.0,"{""Available"": 2}",False
baaffa39-0adb-422e-a7bf-4b391d232b5d-114,7 Holmwood St Newtown NSW 2042,"7 Holmwood St, Newtown NSW 2042, Australia, Newtown, NSW 2042",-33.904008,151.17938,22,1,1,0,TYPE2,22.0,22.0,"{""Available"": 1}",False
baaffa39-0adb-422e-a7bf-4b391d232b5d-128,"22 Bellevue Ave Greenwich NSW 2065,","22 Bellevue Ave, Greenwich NSW 2065, Australi, Greenwich, NSW 2065",-33.825193,151.1872,7,1,1,0,TYPE2,7.0,7.0,"{""Available"": 1}",False
baaffa39-0adb-422e-a7bf-4b391d232b5d-79,52 Dudley St Coogee NSW 2034,"52 Dudley St, Coogee NSW 2034, Australia, Coogee, NSW 2034",-33.924189,151.25163,22,1,1,0,TYPE2,22.0,22.0,"{""Available"": 1}",False
baaffa39-0adb-422e-a7bf-4b391d232b5d-57,49 Llandaff St Bondi Junction NSW 2022,"49 Llandaff St, Bondi Junction NSW 2022, Aust, Bondi Junction, NSW 2022",-33.893644,151.2533,22,1,1,0,TYPE2,22.0,22.0,"{""Available"": 1}",False
ac6d79e9-3d3d-4a6b-a3b2-99a06fe51e25-124,146 Pitt St-Redfern,"146 Pitt St, Redfern NSW 2016, Australia, Redfern, NSW 2016",-33.89528,151.203345,22,2,2,0,TYPE2,22.0,22.0,"{""Available"": 2}",False
baaffa39-0adb-422e-a7bf-4b391d232b5d-50,31 Diamond Bay Rd NSW Vaucluse,"31 Diamond Bay Rd, Vaucluse NSW 2030, Austral, Vaucluse, NSW 2030",-33.861281,151.28099,22,1,1,0,TYPE2,22.0,22.0,"{""Available"": 1}",False
baaffa39-0adb-422e-a7bf-4b391d232b5d-142,Opposite 97 Cascade Street Paddington NSW 2021,"97 Cascade St, Paddington NSW 2021, Australia, Paddington, NSW 2021",-33.880702,151.23259,22,1,1,0,TYPE2,22.0,22.0,"{""Available"": 1}",False
baaffa39-0adb-422e-a7bf-4b391d232b5d-155,442-446 Edgecliff Rd Edgecliff NSW 2027,"442-446 Edgecliff Rd, Edgecliff NSW 2027, Aus, Edgecliff, NSW 2027",-33.879684,151.23905,22,1,1,0,TYPE2,22.0,22.0,"{""Available"": 1}",False
baaffa39-0adb-422e-a7bf-4b391d232b5d-74,31 Boronia St Kensington NSW 2033,"31 Boronia St, Kensington NSW 2033, Australia, Kensington, NSW 2033",-33.906307,151.22296,22,1,1,0,TYPE2,22.0,22.0,"{""Available"": 1}",False
baaffa39-0adb-422e-a7bf-4b391d232b5d-25,29 Day St Leichhardt NSW 2040,"29 Day St, Leichhardt NSW 2040, Australia, Leichhardt, NSW 2040",-33.884591,151.15513,22,1,1,0,TYPE2,22.0,22.0,"{""Available"": 1}",False
baaffa39-0adb-422e-a7bf-4b391d232b5d-127,11 Duxford St Paddington NSW 2021,"11 Duxford St, Paddington NSW 2021, Australia, Paddington, NSW 2021",-33.882503,151.2296,7,1,1,0,TYPE2,7.0,7.0,"{""Charging"": 1}",False
baaffa39-0adb-422e-a7bf-4b391d232b5d-60,31 Duxford St Paddington NSW 2021,"31 Duxford St, Paddington NSW 2021, Australia, Paddington, NSW 2021",-33.883118,151.22891,22,1,1,0,TYPE2,22.0,22.0,"{""Available"": 1}",False
baaffa39-0adb-422e-a7bf-4b391d232b5d-61,22 Stafford St Paddington NSW 2021,"22 Stafford St, Paddington NSW 2021, Australi, Paddington, NSW 2021",-33.883741,151.22888,22,1,1,0,TYPE2,22.0,22.0,"{""Available"": 1}",False
baaffa39-0adb-422e-a7bf-4b391d232b5d-10,128 Rowntree St Birchgrove NSW 2041,"128 Rowntree St, Birchgrove NSW 2041, Austral, Birchgrove, NSW 2041",-33.852522,151.18211,22,1,1,0,TYPE2,22.0,22.0,"{""Available"": 1}",False
baaffa39-0adb-422e-a7bf-4b391d232b5d-109,59 Metropolitan Rd Enmore NSW 2042,"59 Metropolitan Rd, Enmore NSW 2042, Australi, Enmore, NSW 2042",-33.901175,151.17257,22,1,1,0,TYPE2,22.0,22.0,"{""Charging"": 1}",False
32c163d9-84aa-4c71-b092-9aab18f2e771-C027555,Leeton Heritage Motor Inn,"29 Yanco Avenue, Leeton, NSW 2705",-34.55826579,146.4139099,22,1,1,0,TYPE2,22.0,22.0,"{""Unavailable"": 1}",False
15d06bf5-6b4a-425d-9312-bae4b17cc22b-1735,2 Hannabus Place,"2 Hannabus Pl, Mulgrave, NSW 2756",-33.6267619,150.8353484,60,1,2,2,CCS2,60.0,60.0,"{""Available"": 2}",True
baaffa39-0adb-422e-a7bf-4b391d232b5d-69,267 Maroubra Rd Maroubra NSW 2033,"267 Maroubra Rd, Maroubra NSW 2035, Australia, Maroubra, NSW 2035",-33.942215,151.24292,22,1,1,0,TYPE2,22.0,22.0,"{""Available"": 1}",False
393dc550-5791-46d3-a359-20e9e5b406b3-6788b95616c263b357a1ec99,Delta HQ,"18/39 Herbert Street, St Leonards, NSW 2065",-33.819741,151.1930327,25,1,2,2,CCS2|CHADEMO,25.0,25.0,"{""Available"": 2}",True
baaffa39-0adb-422e-a7bf-4b391d232b5d-105,50 Nelson St Annandale NSW 2038,"50 Nelson St, Annandale NSW 2038, Australia, Annandale, NSW 2038",-33.885253,151.17223,22,1,1,0,TYPE2,22.0,22.0,"{""Available"": 1}",False
baaffa39-0adb-422e-a7bf-4b391d232b5d-17,182 Evans St Rozelle NSW 2039,"182 Evans St, Rozelle NSW 2039, Australia, Rozelle, NSW 2039",-33.86639,151.1706,22,1,1,0,TYPE2,22.0,22.0,"{""Available"": 1}",False
baaffa39-0adb-422e-a7bf-4b391d232b5d-160,Opposite 65 Elizabeth St Paddington NSW 2021,"65 Elizabeth St, Paddington NSW 2021, Austral, Paddington, NSW 2021",-33.884645,151.233244,22,1,1,0,TYPE2,22.0,22.0,"{""Available"": 1}",False
baaffa39-0adb-422e-a7bf-4b391d232b5d-63,2 Hollywood Ave Bondi Junction NSW 2022,"2 Hollywood Ave, Bondi Junction NSW 2022, Aus, Bondi Junction, NSW 2022",-33.894336,151.25155,22,1,1,0,TYPE2,22.0,22.0,"{""Available"": 1}",False
baaffa39-0adb-422e-a7bf-4b391d232b5d-146,Adjacent to 261 Clovelly Rd (pole in Knox st) Clovelly NSW 2031,"261 Clovelly Rd, Clovelly NSW 2031, Australia, Clovelly, NSW 2031",-33.911627,151.25649,22,1,1,0,TYPE2,22.0,22.0,"{""Available"": 1}",False
baaffa39-0adb-422e-a7bf-4b391d232b5d-55,326 Birrell St Bondi NSW 2026,"326 Birrell St, Bondi NSW 2026, Australia, Bondi, NSW 2026",-33.89795,151.26459,22,1,1,0,TYPE2,22.0,22.0,"{""Available"": 1}",False
15d06bf5-6b4a-425d-9312-bae4b17cc22b-237,Roberts Rd Eastern Creek - ActewAGL,"17 Roberts Rd, Eastern Creek, NSW 2766",-33.8172805,150.8381395,22,4,8,0,TYPE2,22.0,22.0,"{""Available"": 7, ""Charging"": 1}",False
baaffa39-0adb-422e-a7bf-4b391d232b5d-80,15 William Street Randwick NSW 2031,"15 William St, Randwick NSW 2031, Australia, Randwick, NSW 2031",-33.908119,151.23446,22,1,1,0,TYPE2,22.0,22.0,"{""Available"": 1}",False
d1cbdd86-205d-4538-b287-34032bf74788-W85cCDimk5n6THrs3poJPEnm1gp8q9X8dls2,22 McIntyre St Gordon NSW 2072,"22 McIntyre St, Gordon, NSW 2072",-33.753812,151.14945,22,1,1,0,TYPE2,22.0,22.0,"{""Available"": 1}",False
baaffa39-0adb-422e-a7bf-4b391d232b5d-162,3 Gladstone St Newtown NSW 2042,"3 Gladstone St, Newtown NSW 2042, Australia, Newtown, NSW 2042",-33.897759,151.17501,22,1,1,0,TYPE2,22.0,22.0,"{""Available"": 1}",False
d1cbdd86-205d-4538-b287-34032bf74788-1UNufc9YKlacb4cpGOVYN2T9xugErip2MU09,7 Victoria St Roseville NSW 2069,"7 Victoria St, Roseville, NSW 2069",-33.785686,151.18175,3,1,1,0,TYPE2,3.0,3.0,"{""Available"": 1}",False
baaffa39-0adb-422e-a7bf-4b391d232b5d-120,626 Mowbray Rd W Lane Cove North NSW 2066,"626 Mowbray Rd W, Lane Cove North NSW 2066, A, Lane Cove North, NSW 2066",-33.804676,151.156,22,1,1,0,TYPE2,22.0,22.0,"{""Charging"": 1}",False
baaffa39-0adb-422e-a7bf-4b391d232b5d-145,12 Brown St Bronte NSW 2024,"12 Brown St, Bronte NSW 2024, Australia, Bronte, NSW 2024",-33.902007,151.258398,22,1,1,0,TYPE2,22.0,22.0,"{""Available"": 1}",False
baaffa39-0adb-422e-a7bf-4b391d232b5d-76,4 Salisbury Rd Kensington NSW 2033,"4 Salisbury Rd, Kensington NSW 2033, Australi, Kensington, NSW 2033",-33.905494,151.22236,22,1,1,0,TYPE2,22.0,22.0,"{""Available"": 1}",False
baaffa39-0adb-422e-a7bf-4b391d232b5d-32,17 Dulwich St Dulwich Hill NSW 2203,"17 Dulwich St, Dulwich Hill NSW 2203, Austral, Dulwich Hill, NSW 2203",-33.902439,151.14093,22,1,1,0,TYPE2,22.0,22.0,"{""Available"": 1}",False
d1cbdd86-205d-4538-b287-34032bf74788-uuSFrAYLqiCgtkJeBHStXlwsM0dzSZ_6jVCG,1 Fox Ave Erskineville NSW 2043,"1 Fox Ave, Erskineville, NSW 2043",-33.902315,151.189787,22,1,1,0,TYPE2,22.0,22.0,"{""Available"": 1}",False
baaffa39-0adb-422e-a7bf-4b391d232b5d-147,Opposite 225 Darley Road Randwick NSW 2031,"225 Darley Rd, Randwick NSW 2031, Australia, Randwick, NSW 2031",-33.903408,151.24908,22,1,1,0,TYPE2,22.0,22.0,"{""Available"": 1}",False
baaffa39-0adb-422e-a7bf-4b391d232b5d-13,98 Rowntree St Birchgrove NSW 2041,"98 Rowntree St, Birchgrove NSW 2041, Australi, Birchgrove, NSW 2041",-33.85326,151.18076,22,1,1,0,TYPE2,22.0,22.0,"{""Available"": 1}",False
baaffa39-0adb-422e-a7bf-4b391d232b5d-112,160 Australia St Newtown NSW 2042,"160 Australia St, Newtown NSW 2042, Australia, Newtown, NSW 2042",-33.894826,151.17763,22,1,1,0,TYPE2,22.0,22.0,"{""Available"": 1}",False
baaffa39-0adb-422e-a7bf-4b391d232b5d-156,On Evan St adj 79 Darley Rd Randwick NSW 2031,"79 Darley Rd, Randwick NSW 2031, Australia, Randwick, NSW 2031",-33.903562,151.238495,22,1,1,0,TYPE2,22.0,22.0,"{""Available"": 1}",False
baaffa39-0adb-422e-a7bf-4b391d232b5d-135,Adjacent 90 Boundary St on Dillon St Paddington NSW 2021,"90 Boundary St, Paddington NSW 2021, Australi, Paddington, NSW 2021",-33.879191,151.22485,22,1,1,0,TYPE2,22.0,22.0,"{""Charging"": 1}",False
baaffa39-0adb-422e-a7bf-4b391d232b5d-41,93 Metropolitan Rd Enmore NSW 2042,"93 Metropolitan Rd, Enmore NSW 2042, Australi, Enmore, NSW 2042",-33.902037,151.17287,22,1,1,0,TYPE2,22.0,22.0,"{""Available"": 1}",False
baaffa39-0adb-422e-a7bf-4b391d232b5d-56,153 Windsor St Paddington NSW 2021,"153 Windsor St, Paddington NSW 2021, Australi, Paddington, NSW 2021",-33.886321,151.23523,22,1,1,0,TYPE2,22.0,22.0,"{""Available"": 1}",False
baaffa39-0adb-422e-a7bf-4b391d232b5d-98,6 Burt St Rozelle NSW 2039,"6 Burt St, Rozelle NSW 2039, Australia, Rozelle, NSW 2039",-33.868556,151.17216,22,1,1,0,TYPE2,22.0,22.0,"{""Available"": 1}",False
baaffa39-0adb-422e-a7bf-4b391d232b5d-103,23 Terrace Rd Dulwich Hill NSW 2203,"23 Terrace Rd, Dulwich Hill NSW 2203, Austral, Dulwich Hill, NSW 2203",-33.906482,151.13796,22,1,1,0,TYPE2,22.0,22.0,"{""Available"": 1}",False
baaffa39-0adb-422e-a7bf-4b391d232b5d-31,100 Constitution Rd Dulwich Hill NSW 2203,"100 Constitution Rd, Dulwich Hill NSW 2203, A, Dulwich Hill, NSW 2203",-33.903009,151.13983,22,1,1,0,TYPE2,22.0,22.0,"{""Available"": 1}",False
32c163d9-84aa-4c71-b092-9aab18f2e771-ZPR302205,Zaptec 001,"62 Kitchener St, St Ives, St Ives, NSW 2075",-33.71307765,151.17083068,22,1,1,0,TYPE2,22.0,22.0,"{""Unavailable"": 1}",False
baaffa39-0adb-422e-a7bf-4b391d232b5d-44,34 Spencer St Rose Bay NSW 2029,"34 Spencer St, Rose Bay NSW 2029, Australia, Rose Bay, NSW 2029",-33.869938,151.27489,22,1,1,0,TYPE2,22.0,22.0,"{""Available"": 1}",False
baaffa39-0adb-422e-a7bf-4b391d232b5d-66,167 Darley Rd Randwick NSW 2031,"167 Darley Rd, Randwick NSW 2031, Australia, Randwick, NSW 2031",-33.902921,151.24577,22,1,1,0,TYPE2,22.0,22.0,"{""Available"": 1}",False
baaffa39-0adb-422e-a7bf-4b391d232b5d-161,Adjacent 287 Ramsay St (pole in Martin St) Habberfield NSW 2045,"287 Ramsay St, Haberfield NSW 2045, Australia, Haberfield, NSW 2045",-33.873368,151.13367,22,1,1,0,TYPE2,22.0,22.0,"{""Unknown"": 1}",False
baaffa39-0adb-422e-a7bf-4b391d232b5d-38,"276B Gymea Bay Rd, Gymea Bay NSW 2227","276B Gymea Bay Rd, Gymea Bay NSW 2227, Austra, Gymea Bay, NSW 2227",-34.050739,151.088013,22,1,1,0,TYPE2,22.0,22.0,"{""Available"": 1}",False
baaffa39-0adb-422e-a7bf-4b391d232b5d-152,Opposite 41 St Marks Rd Randwick NSW 2031,"41 St Marks Rd, Randwick NSW 2031, Australia, Randwick, NSW 2031",-33.910421,151.246731,22,1,1,0,TYPE2,22.0,22.0,"{""Available"": 1}",False
ac6d79e9-3d3d-4a6b-a3b2-99a06fe51e25-16,16 Kent St-Millers Point,"16 Kent St, Millers Point, Millers Point, NSW 2000",-33.858665,151.203667,22,2,2,0,TYPE2,22.0,22.0,"{""Available"": 2}",False
baaffa39-0adb-422e-a7bf-4b391d232b5d-143,2A Frances St Randwick NSW 2031,"2A Frances St, Randwick NSW 2031, Australia, Randwick, NSW 2031",-33.91033,151.23686,22,1,1,0,TYPE2,22.0,22.0,"{""Available"": 1}",False
15d06bf5-6b4a-425d-9312-bae4b17cc22b-1262,Narara Ecovillage - Front Parking Space,"30 Gugandi Rd, Narara, NSW 2250",-33.3933301,151.3291468,22,3,3,0,TYPE2,22.0,22.0,"{""Available"": 2, ""Charging"": 1}",False
d1cbdd86-205d-4538-b287-34032bf74788--JoshKK6dPcsroRKT2lcnIw-CmvdwLziNHFd,2-8 Parsons St Rozelle NSW 2039,"2-8 Parsons St, Rozelle, NSW 2039",-33.86511,151.17671,22,1,1,0,TYPE2,22.0,22.0,"{""Available"": 1}",False
baaffa39-0adb-422e-a7bf-4b391d232b5d-131,"Opp 104 Botany Street, Randwick NSW 2031","104 Botany St, Randwick NSW 2031, Australia, Randwick, NSW 2031",-33.924028,151.23475,22,1,1,0,TYPE2,22.0,22.0,"{""Charging"": 1}",False
baaffa39-0adb-422e-a7bf-4b391d232b5d-30,17 Grove St Dulwich Hill NSW 2203,"17 Grove St, Dulwich Hill NSW 2203, Australia, Dulwich Hill, NSW 2203",-33.90169,151.13928,22,1,1,0,TYPE2,22.0,22.0,"{""Available"": 1}",False
baaffa39-0adb-422e-a7bf-4b391d232b5d-154,Opposite 2 Diamond Bay Rd Vaucluse NSW 2030,"2 Diamond Bay Rd, Vaucluse NSW 2030, Australi, Vaucluse, NSW 2030",-33.861206,151.278681,22,1,1,0,TYPE2,22.0,22.0,"{""Available"": 1}",False
baaffa39-0adb-422e-a7bf-4b391d232b5d-90,2A Liverpool St Rose Bay NSW 2029,"2A Liverpool St, Rose Bay NSW 2029, Australia, Rose Bay, NSW 2029",-33.875197,151.2729,22,1,1,0,TYPE2,22.0,22.0,"{""Available"": 1}",False
baaffa39-0adb-422e-a7bf-4b391d232b5d-52,35 Metropolitan Rd Enmore NSW 2042,"35 Metropolitan Rd, Enmore NSW 2042, Australi, Enmore, NSW 2042",-33.90054,151.17236,22,1,1,0,TYPE2,22.0,22.0,"{""Available"": 1}",False
32c163d9-84aa-4c71-b092-9aab18f2e771-TACW2245321G9532,AC Terra LMS test,"43 Newton Road, Wetherill Park, NSW 2164",-33.84898258,150.88368333,22,1,1,0,TYPE2,22.0,22.0,"{""Missing"": 1}",False
baaffa39-0adb-422e-a7bf-4b391d232b5d-62,103 Ebley St Bondi Junction NSW 2022,"103 Ebley St, Bondi Junction NSW 2022, Austra, Bondi Junction, NSW 2022",-33.893989,151.25094,22,1,1,0,TYPE2,22.0,22.0,"{""Available"": 1}",False
ac6d79e9-3d3d-4a6b-a3b2-99a06fe51e25-165,39 Watkin St-Hurlstone Park,"39 Watkin St, Hurlstone Park NSW 2193, Austra, Hurlstone Park, NSW 2193",-33.905883,151.124107,22,2,2,0,TYPE2,22.0,22.0,"{""Available"": 2}",False
baaffa39-0adb-422e-a7bf-4b391d232b5d-64,Opposite 120 Marine Pde Maroubra NSW 2035,"120 Marine Parade, Maroubra NSW 2035, Austral, Maroubra, NSW 2035",-33.944494,151.26108,22,1,1,0,TYPE2,22.0,22.0,"{""Available"": 1}",False
baaffa39-0adb-422e-a7bf-4b391d232b5d-33,39 Dulwich St Dulwich Hill NSW 2203,"39 Dulwich St, Dulwich Hill NSW 2203, Austral, Dulwich Hill, NSW 2203",-33.902889,151.14178,22,1,1,0,TYPE2,22.0,22.0,"{""Available"": 1}",False
32c163d9-84aa-4c71-b092-9aab18f2e771-SN2502151281,Wilson Street,"19-21 Wilson Street, Botany, NSW 2019",-33.95278618,151.2045197,22,1,1,0,TYPE2,22.0,22.0,"{""Available"": 1}",False
baaffa39-0adb-422e-a7bf-4b391d232b5d-8,164 Darling St Balmain NSW 2041,"164 Darling St, Balmain NSW 2041, Australia, Balmain, NSW 2041",-33.8582,151.18754,22,1,1,0,TYPE2,22.0,22.0,"{""Available"": 1}",False
15d06bf5-6b4a-425d-9312-bae4b17cc22b-3315,Padstow Parade Car Park,"14 Padstow Parade, Padstow, NSW 2211",-33.952892,151.031596,22,2,4,0,TYPE2,22.0,22.0,"{""Available"": 4}",False
15d06bf5-6b4a-425d-9312-bae4b17cc22b-1787,Smiggins Hotel,"18 Corroboree Rd, Smiggin Holes, NSW 2624",-36.3930064,148.4261555,22,1,1,0,TYPE2,22.0,22.0,"{""Available"": 1}",False
baaffa39-0adb-422e-a7bf-4b391d232b5d-75,110 Beach St Coogee NSW 2034,"110 Beach St, Coogee NSW 2034, Australia, Coogee, NSW 2034",-33.917682,151.25869,22,1,1,0,TYPE2,22.0,22.0,"{""Available"": 1}",False
baaffa39-0adb-422e-a7bf-4b391d232b5d-40,"3 McKinnon Ave, Five Dock NSW 2046","3 McKinnon Ave, Five Dock NSW 2046, Australia, Five Dock, NSW 2046",-33.86335,151.130975,22,1,1,0,TYPE2,22.0,22.0,"{""Available"": 1}",False
15d06bf5-6b4a-425d-9312-bae4b17cc22b-1908,Aero 247,"247 Coward St, Mascot, NSW 2020",-33.9241705,151.1850102,22,2,2,0,TYPE2,22.0,22.0,"{""Available"": 2}",False
ac6d79e9-3d3d-4a6b-a3b2-99a06fe51e25-232,91 Loftus St-Temora,"91 Loftus Street, Temora NSW, Australia, 2666, Temora, NSW 2666",-34.44703,147.532805,22,2,2,0,TYPE2,22.0,22.0,"{""Available"": 2}",False
d1cbdd86-205d-4538-b287-34032bf74788-bOWyYkZKXyGuNkFZ2ubdMQvZrY4XmWeOxsdx,63-67 Chapel St Rockdale NSW 2216,"63-67 Chapel St, Rockdale, NSW 2216",-33.956185,151.14124,22,1,1,0,TYPE2,22.0,22.0,"{""Available"": 1}",False
baaffa39-0adb-422e-a7bf-4b391d232b5d-65,13 Llandaff St Bondi Junction NSW 2022,"13 Llandaff St, Bondi Junction NSW 2022, Aust, Bondi Junction, NSW 2022",-33.893468,151.2521,22,1,1,0,TYPE2,22.0,22.0,"{""Available"": 1}",False
baaffa39-0adb-422e-a7bf-4b391d232b5d-137,Adj 88-120 Clovelly Road (Pole in Bligh Pl) Randwick NSW 2031,"88 Clovelly Rd, Randwick NSW 2031, Australia, Randwick, NSW 2031",-33.908913,151.24851,22,1,1,0,TYPE2,22.0,22.0,"{""Available"": 1}",False
baaffa39-0adb-422e-a7bf-4b391d232b5d-116,75 Corunna Rd Stanmore NSW 2048,"75 Corunna Rd, Stanmore NSW 2048, Australia, Stanmore, NSW 2048",-33.888842,151.16854,22,1,1,0,TYPE2,22.0,22.0,"{""Available"": 1}",False
baaffa39-0adb-422e-a7bf-4b391d232b5d-59,25 Llandaff St Bondi Junction NSW 2022,"25 Llandaff St, Bondi Junction NSW 2022, Aust, Bondi Junction, NSW 2022",-33.89351,151.25239,22,1,1,0,TYPE2,22.0,22.0,"{""Available"": 1}",False
d1cbdd86-205d-4538-b287-34032bf74788-SU-7EydCnJhahdhAD46YGB8KwWnS87ZGyySC,19 Illawong Ave Tamarama NSW 2026,"19 Illawong Ave, Tamarama, NSW 2026",-33.897199,151.26729,22,1,1,0,TYPE2,22.0,22.0,"{""Available"": 1}",False
baaffa39-0adb-422e-a7bf-4b391d232b5d-51,27 Bennett St Bondi NSW 2026,"27 Bennett St, Bondi NSW 2026, Australia, Bondi, NSW 2026",-33.895411,151.26034,22,1,1,0,TYPE2,22.0,22.0,"{""Available"": 1}",False
e01de15b-1ce6-4c05-8f89-81b463696ce1-6d671d52-94f3-42d3-adad-08e867a792b2,Meriton Mascot Central 8 Jackson Dr Mascot,"8 Jackson Dr, Mascot, NSW 2020",-33.923073,151.1844646,22.2,2,2,0,TYPE2,22.17,22.17,"{""Available"": 2}",False
baaffa39-0adb-422e-a7bf-4b391d232b5d-153,69 St. Marks Road Randwick 2031,"69 St Marks Rd, Randwick NSW 2031, Australia, Randwick, NSW 2031",-33.913122,151.24663,22,1,1,0,TYPE2,22.0,22.0,"{""Available"": 1}",False
baaffa39-0adb-422e-a7bf-4b391d232b5d-19,31 Mallett St Camperdown NSW 2050,"31A Mallett St, Camperdown NSW 2050, Australi, Camperdown, NSW 2050",-33.887383,151.17672,22,1,1,0,TYPE2,22.0,22.0,"{""Available"": 1}",False
baaffa39-0adb-422e-a7bf-4b391d232b5d-14,270 Johnston St Annandale NSW 2038,"270 Johnston St, Annandale NSW 2038, Australi, Annandale, NSW 2038",-33.874666,151.17364,22,1,1,0,TYPE2,22.0,22.0,"{""Available"": 1}",False
32c163d9-84aa-4c71-b092-9aab18f2e771-C027618,CaptainKiloWatt,"40 Merimbula Drive, Merimbula, NSW 2548",-36.88940683,149.90479007,22,1,1,0,TYPE2,22.0,22.0,"{""Unavailable"": 1}",False
baaffa39-0adb-422e-a7bf-4b391d232b5d-140,229 Denison St Queens Park NSW 2022,"229 Denison St, Queens Park NSW 2022, Austral, Queens Park, NSW 2022",-33.898244,151.243583,22,1,1,0,TYPE2,22.0,22.0,"{""Available"": 1}",False
baaffa39-0adb-422e-a7bf-4b391d232b5d-9,180 Darling St Balmain NSW 2041,"180 Darling St, Balmain NSW 2041, Australia, Balmain, NSW 2041",-33.858233,151.18678,22,1,1,0,TYPE2,22.0,22.0,"{""Available"": 1}",False
ac6d79e9-3d3d-4a6b-a3b2-99a06fe51e25-116,98 Memorial Dr-Bar Beach,"Memorial Drive 96, Bar Beach, NSW 2300",-32.939627,151.769778,22,2,2,0,TYPE2,22.0,22.0,"{""Available"": 2}",False
15d06bf5-6b4a-425d-9312-bae4b17cc22b-226,Disney Studios Australia Pty Ltd,"40B Driver Ave, Moore Park, NSW 2021",-33.8925692,151.226303,22,3,3,0,TYPE2,22.0,22.0,"{""Available"": 3}",False
ac6d79e9-3d3d-4a6b-a3b2-99a06fe51e25-51,13 Beattie St-Balmain,"13 Beattie St, Balmain NSW 2041, Australia, Balmain, NSW 2041",-33.857831,151.18015,22,2,2,0,TYPE2,22.0,22.0,"{""Available"": 2}",False
15d06bf5-6b4a-425d-9312-bae4b17cc22b-1749,"Albert Parade Park, 40 Albert Parade, Ashfield","Albert Parade Park, 40 Albert Parade, Ashfield, NSW 2131",-33.8828108,151.1232022,22,2,4,0,TYPE2,22.0,22.0,"{""Available"": 4}",False
ac6d79e9-3d3d-4a6b-a3b2-99a06fe51e25-110,35 Woodburn St-Evans Head,"35 Woodburn St, Evans Head NSW 2473, Australi, Evans Head, NSW 2473",-29.117604,153.430397,22,2,2,0,TYPE2,22.0,22.0,"{""Available"": 2}",False
393dc550-5791-46d3-a359-20e9e5b406b3-6466b654786b7e375375a3b7,Ballina,"17 Piper Drive, Ballina, NSW 2478",-28.846859,153.555208,22,1,1,0,TYPE2,22.0,22.0,"{""Available"": 1}",False
ac6d79e9-3d3d-4a6b-a3b2-99a06fe51e25-68,3 Paragon Ave-South West Rocks,"3 Paragon Ave, South West Rocks NSW 2431, South West Rocks, NSW 2431",-30.885471,153.039447,22,2,2,0,TYPE2,22.0,22.0,"{""Available"": 2}",False
ac6d79e9-3d3d-4a6b-a3b2-99a06fe51e25-27,Railway Pde-Thirroul,"345 Lawrence Hargrave Dr, Thirroul NSW 2515,, Thirroul, NSW 2515",-34.317592,150.918481,22,2,2,0,TYPE2,22.0,22.0,"{""Available"": 2}",False
ac6d79e9-3d3d-4a6b-a3b2-99a06fe51e25-111,154 Canterbury Street-Casino,"154 Canterbury St, Casino NSW 2470, Australia, Casino, NSW 2470",-28.862708,153.048037,22,2,2,0,TYPE2,22.0,22.0,"{""Available"": 2}",False
d1cbdd86-205d-4538-b287-34032bf74788-6tiUPTpGSXgTzJrDE_qik1CjvKSQGcan30kN,Opposite 53 Holdsworth St Woollahra NSW 2025,"Opposite 53 Holdsworth St, Woollahra, NSW 2025",-33.886261,151.238,22,1,1,0,TYPE2,22.0,22.0,"{""Available"": 1}",False
ac6d79e9-3d3d-4a6b-a3b2-99a06fe51e25-29,11 William st-Bellingen,"11 William St, Bellingen NSW 2454, Australia, Bellingen, NSW 2454",-30.452755,152.896039,22,2,2,0,TYPE2,22.0,22.0,"{""Available"": 2}",False
d1cbdd86-205d-4538-b287-34032bf74788-K_zjFVxc9hYelUvhVEQGro6FljWMSh3lm98Z,2-8 Bruce Ave Killara NSW 2071,"2-8 Bruce Ave, Killara, NSW 2071",-33.761414,151.15664,22,1,1,0,TYPE2,22.0,22.0,"{""Available"": 1}",False
ac6d79e9-3d3d-4a6b-a3b2-99a06fe51e25-24,14 George St-Wollongong,"14 George St, Wollongong NSW 2500, Australia, Wollongong, NSW 2500",-34.428262,150.895417,22,2,2,0,TYPE2,22.0,22.0,"{""Available"": 2}",False
d1cbdd86-205d-4538-b287-34032bf74788-M-m6e65IkOntVKXyyp8m2DOyzXNVrq_2HR8_,Opp 200 Coward St Mascot NSW 2020,"Opp 200 Coward St, Mascot, NSW 2020",-33.925015,151.19121,22,1,1,0,TYPE2,22.0,22.0,"{""Charging"": 1}",False
baaffa39-0adb-422e-a7bf-4b391d232b5d-26,64 Kensington Rd Summer Hill NSW 2130,"64 Kensington Rd, Summer Hill NSW 2130, Austr, Summer Hill, NSW 2130",-33.887754,151.13935,22,1,1,0,TYPE2,22.0,22.0,"{""Available"": 1}",False
baaffa39-0adb-422e-a7bf-4b391d232b5d-475,"31 Scott St, Newcastle East NSW 2300","31 Scott St, Newcastle East NSW 2300, Austral, Newcastle East, NSW 2300",-32.92785,151.78764,22,1,1,0,TYPE2,22.0,22.0,"{""Unknown"": 1}",False
baaffa39-0adb-422e-a7bf-4b391d232b5d-159,Opposite 61 Broome St Maroubra NSW 2035,"61 Broome St, Maroubra NSW 2035, Australia, Maroubra, NSW 2035",-33.952949,151.250376,22,1,1,0,TYPE2,22.0,22.0,"{""Available"": 1}",False
393dc550-5791-46d3-a359-20e9e5b406b3-67ca5a9514c376699faf7190,Clancy's Cottage - Talbingo,"25 Bowman Street, Talbingo, NSW 2720",-35.5818285,148.3057031,7,1,1,0,TYPE2,7.0,7.0,"{""Available"": 1}",False
32c163d9-84aa-4c71-b092-9aab18f2e771-DEL-Pz5oC-ZPR302205,Zaptec 001,"62 Kitchener St, St Ives, St Ives, NSW 2075",-33.71307765,151.17083068,22,1,1,0,TYPE2,22.0,22.0,"{""Unavailable"": 1}",False
d1cbdd86-205d-4538-b287-34032bf74788-a_GfI1k38A1Q_rmj1gxAChse9BrUkmZjK2sh,31 Scott St Newcastle East NSW 2300,"31 Scott St, Newcastle East, NSW 2300",-32.927962,151.7876472,22,2,2,0,TYPE2,22.0,22.0,"{""Available"": 2}",False
d1cbdd86-205d-4538-b287-34032bf74788-EmYhyJTPtwhs8JIysM_917lfQCDZGqf7z91L,"Hopetoun St, Petersham Petersham NSW 2049","Hopetoun St, Petersham, Petersham, NSW 2049",-33.89586,151.1587,22,1,1,0,TYPE2,22.0,22.0,"{""OutOfService"": 1}",False
baaffa39-0adb-422e-a7bf-4b391d232b5d-78,64 Coogee Bay Rd Randwick NSW 2031,"64 Coogee Bay Rd, Randwick NSW 2031, Australi, Randwick, NSW 2031",-33.919349,151.24707,22,1,1,0,TYPE2,22.0,22.0,"{""Available"": 1}",False
baaffa39-0adb-422e-a7bf-4b391d232b5d-27,34 Chandos St Ashfield NSW 2131,"34 Chandos St, Ashfield NSW 2131, Australia, Ashfield, NSW 2131",-33.883796,151.12889,22,1,1,0,TYPE2,22.0,22.0,"{""Available"": 1}",False
baaffa39-0adb-422e-a7bf-4b391d232b5d-34,2 George St Marrickville NSW 2204,"2 George St, Marrickville NSW 2204, Australia, Marrickville, NSW 2204",-33.904833,151.14836,22,1,1,0,TYPE2,22.0,22.0,"{""Available"": 1}",False
32c163d9-84aa-4c71-b092-9aab18f2e771-B24373020166,LC 006,"180 River Road, Lane Cove, NSW 2066",-33.8249255,151.17681697,7.4,1,1,0,TYPE2,7.4,7.4,"{""Available"": 1}",False
15d06bf5-6b4a-425d-9312-bae4b17cc22b-2127,Nowra RSL,"124 Wallace St, Nowra, NSW 2541",-34.8895147,150.6084858,22,3,3,0,TYPE2,22.0,22.0,"{""Available"": 3}",False
baaffa39-0adb-422e-a7bf-4b391d232b5d-11,20 Johnston St Balmain East NSW 2041,"20 Johnston St, Balmain East NSW 2041, Austra, Balmain East, NSW 2041",-33.859103,151.1941,22,1,1,0,TYPE2,22.0,22.0,"{""Available"": 1}",False
baaffa39-0adb-422e-a7bf-4b391d232b5d-85,Opposite 111 Duncan St Maroubra NSW 2035,"111 Duncan St, Maroubra NSW 2035, Australia, Maroubra, NSW 2035",-33.944967,151.25402,22,1,1,0,TYPE2,22.0,22.0,"{""Available"": 1}",False
d1cbdd86-205d-4538-b287-34032bf74788-C4PFe8CDCcGdvAMrImAPOgYs8FsyQB-M0DQq,2 Ashton St Rockdale NSW 2216,"2 Ashton St, Rockdale, NSW 2216",-33.95847,151.1388,22,1,1,0,TYPE2,22.0,22.0,"{""Available"": 1}",False
ac6d79e9-3d3d-4a6b-a3b2-99a06fe51e25-63,85 Cowper St-Randwick,"85 Cowper St, Randwick NSW 2031, Australia, Randwick, NSW 2031",-33.90958,151.241945,22,2,2,0,TYPE2,22.0,22.0,"{""Available"": 1, ""Charging"": 1}",False
ac6d79e9-3d3d-4a6b-a3b2-99a06fe51e25-59,36 Hopewell St-Paddington,"Hopewell Street 38, Paddington, NSW 2021",-33.882349,151.222159,22,2,2,0,TYPE2,22.0,22.0,"{""Available"": 1, ""Charging"": 1}",False
d1cbdd86-205d-4538-b287-34032bf74788-x8gC61Qltr3grKD0jR_kA3StoKzm-JsXRxbI,649 Old South Head Rd Rose Bay NSW 2029,"649 Old South Head Rd, Rose Bay, NSW 2029",-33.865786,151.27815,22,1,1,0,TYPE2,22.0,22.0,"{""Available"": 1}",False
ac6d79e9-3d3d-4a6b-a3b2-99a06fe51e25-65,15 Barker St-Kensington,"15 Barker St, Kensington NSW 2033, Australia, Kensington, NSW 2033",-33.919511,151.225958,22,2,2,0,TYPE2,22.0,22.0,"{""Available"": 1, ""Charging"": 1}",False
ac6d79e9-3d3d-4a6b-a3b2-99a06fe51e25-61,126 Jersey Rd-Paddington,"126 Jersey Rd, Paddington NSW 2021, Australia, Paddington, NSW 2021",-33.88731,151.2355,22,2,2,0,TYPE2,22.0,22.0,"{""Available"": 2}",False
15d06bf5-6b4a-425d-9312-bae4b17cc22b-2673,Electrifying Assets - 23 Colless St,"23 Colless St, Penrith, NSW 2750",-33.758674,150.707695,22,1,1,0,TYPE2,22.0,22.0,"{""Available"": 1}",False
15d06bf5-6b4a-425d-9312-bae4b17cc22b-982,Barham Bridge Motor Inn,"1 Murray St, Barham, NSW 2732",-35.629197,144.124317,22,1,2,0,TYPE2,22.0,22.0,"{""Available"": 2}",False
393dc550-5791-46d3-a359-20e9e5b406b3-672ae131527c67abfd9b2a5c,Ourimbah RSL Club,"20 Pacific Highway, Ourimbah, NSW 2258",-33.3535915,151.370057,22,2,2,0,TYPE2,22.0,22.0,"{""Available"": 1, ""Charging"": 1}",False
15d06bf5-6b4a-425d-9312-bae4b17cc22b-1129,Lithgow City Bowling Club Ltd,"2C  St, Lithgow, NSW 2790",-33.4853431,150.1520203,22,2,4,0,TYPE2,22.0,22.0,"{""Available"": 4}",False
ac6d79e9-3d3d-4a6b-a3b2-99a06fe51e25-54,2 King St-Balmain,"2 King St, Balmain NSW 2041, Australia, Balmain, NSW 2041",-33.855812,151.176042,22,2,2,0,TYPE2,22.0,22.0,"{""Available"": 1, ""Charging"": 1}",False
15d06bf5-6b4a-425d-9312-bae4b17cc22b-645,Energy Trade - Gordon St - Blacktown,"10 Gordon St, Blacktown, NSW 2148",-33.7678213,150.9156986,22,1,1,0,TYPE2,22.0,22.0,"{""Missing"": 1}",False
393dc550-5791-46d3-a359-20e9e5b406b3-685c9a8092fd8c3884a102d2,Austin Tourist Park Site,"581 Armidale Road, East Tamworth, NSW 2340",-31.116248,150.9601118,22,2,2,0,TYPE2,22.0,22.0,"{""Available"": 2}",False
ac6d79e9-3d3d-4a6b-a3b2-99a06fe51e25-166,27 Station St-Petersham,"27 Station St, Petersham NSW 2049, Australia, Petersham, NSW 2049",-33.890256,151.150462,22,2,2,0,TYPE2,22.0,22.0,"{""Available"": 2}",False
ac6d79e9-3d3d-4a6b-a3b2-99a06fe51e25-56,551 Darling St-Rozelle,"551 Darling St, Rozelle NSW 2039, Australia, Rozelle, NSW 2039",-33.859164,151.171908,22,2,2,0,TYPE2,22.0,22.0,"{""Available"": 2}",False
ac6d79e9-3d3d-4a6b-a3b2-99a06fe51e25-62,1 Stanley St-Woollahra,"1 Stanley St, Woollahra NSW 2025, Woollahra, NSW 2025",-33.88848,151.24446,22,2,2,0,TYPE2,22.0,22.0,"{""Available"": 2}",False
ac6d79e9-3d3d-4a6b-a3b2-99a06fe51e25-55,39 Grove St-Birchgrove,"39 Grove St, Birchgrove NSW 2041, Australia, Birchgrove, NSW 2041",-33.851295,151.181697,22,2,2,0,TYPE2,22.0,22.0,"{""Available"": 2}",False
32c163d9-84aa-4c71-b092-9aab18f2e771-DEL-kE2V8-EX-2223-1A10-1-2244-00010,Bella Vista Motel,"5 Central Coast Highway, Kariong, NSW 2250",-33.43480555,151.29751509,22,1,1,0,TYPE2,22.0,22.0,"{""Unavailable"": 1}",False
32c163d9-84aa-4c71-b092-9aab18f2e771-TACW743421G3062,Test 001,"62 Kitchener St, St Ives, St Ives, NSW 2075",-33.71307765,151.17083068,7.4,1,1,0,TYPE2,7.4,7.4,"{""Available"": 1}",False
ac6d79e9-3d3d-4a6b-a3b2-99a06fe51e25-90,2A Central St-Naremburn,"2a Central St, Naremburn, Naremburn, NSW 2065",-33.816091,151.201361,22,2,2,0,TYPE2,22.0,22.0,"{""Available"": 2}",False
d1cbdd86-205d-4538-b287-34032bf74788-7zOG7ad-LLC7VEIQP7y0oQPHvJsKZWwWBhya,106 Sampson St Orange,"106 Sampson St, Orange, 2800",-33.276671,149.0903662,7,1,1,0,TYPE2,7.0,7.0,"{""Available"": 1}",False
ac6d79e9-3d3d-4a6b-a3b2-99a06fe51e25-88,56 Frenchs Rd-Willoughby,"56-58 Frenchs Rd, Willoughby, Willoughby, NSW 2068",-33.807294,151.200025,22,2,2,0,TYPE2,22.0,22.0,"{""Available"": 2}",False
ac6d79e9-3d3d-4a6b-a3b2-99a06fe51e25-100,Clontarf Reserve-Clontarf,"Sandy Bay Rd, Clontarf NSW 2093, Australia, Clontarf, NSW 2093",-33.807032,151.251908,22,2,2,0,TYPE2,22.0,22.0,"{""Available"": 2}",False
d1cbdd86-205d-4538-b287-34032bf74788-zqE_WAJZ5eWa55miqDdW8zMCYksvKsWKLttR,41 Owen St Huskisson,"41 Owen St, Huskisson, 2540",-35.038318,150.6692781,7,2,2,0,TYPE2,7.0,7.0,"{""Available"": 2}",False
d1cbdd86-205d-4538-b287-34032bf74788-CQpwzlmJwbttR5wchX_Wm5n1JOQaYlOWc149,Opposite 8-26 Darley Rd Leichardt NSW 2040,"Opposite 8-26 Darley Rd, Leichardt, NSW 2040",-33.87985,151.14772,22,1,1,0,TYPE2,22.0,22.0,"{""Charging"": 1}",False
ac6d79e9-3d3d-4a6b-a3b2-99a06fe51e25-69,4 Rankine St-Crescent Head,"Rankine St, Crescent Head NSW 2440, Australia, Crescent Head, NSW 2440",-31.189683,152.978444,22,2,2,0,TYPE2,22.0,22.0,"{""Available"": 2}",False
15d06bf5-6b4a-425d-9312-bae4b17cc22b-1668,Rosevale,"361 Rankin St, Bathurst, NSW 2795",-33.4225787,149.5653976,0 - 22,2,2,0,TYPE2,0.0,22.0,"{""Available"": 2}",False
32c163d9-84aa-4c71-b092-9aab18f2e771-240900121,Mollymook Shores Hotel,"11 Golf Ave, Mollymook, NSW 2539",-35.34039468,150.47375295,7.4,1,1,0,TYPE2,7.4,7.4,"{""Available"": 1}",False
d1cbdd86-205d-4538-b287-34032bf74788--jjwpPL5qjjSHnAOBN9nOY8e4xtnuB17rXMl,76 George Gibson Dr Coopernook,"76 George Gibson Dr, Coopernook, 2426",-31.823489,152.6161719,22,2,2,0,TYPE2,22.0,22.0,"{""Available"": 1, ""Unknown"": 1}",False
ac6d79e9-3d3d-4a6b-a3b2-99a06fe51e25-93,22 Church Street-Burwood,"22 Church Street Burwood, Burwood, NSW 2134",-33.881212,151.104088,22,2,2,0,TYPE2,22.0,22.0,"{""Available"": 2}",False
ac6d79e9-3d3d-4a6b-a3b2-99a06fe51e25-91,5 Broughton Rd-Artarmon,"5 Broughton Rd, Artarmon, Artarmon, NSW 2064",-33.80958,151.182722,22,2,2,0,TYPE2,22.0,22.0,"{""Charging"": 2}",False
15d06bf5-6b4a-425d-9312-bae4b17cc22b-2147,Randwick City Council - Works Depot,"192-220 Storey St, Maroubra, NSW 2035",-33.9375267,151.2464294,22,4,5,0,TYPE2,22.0,22.0,"{""Available"": 5}",False
ac6d79e9-3d3d-4a6b-a3b2-99a06fe51e25-39,44 Cherry St-Ballina,"44 Cherry St, Ballina NSW 2478, Australia, Ballina, NSW 2478",-28.868951,153.562225,22,2,2,0,TYPE2,22.0,22.0,"{""Available"": 2}",False
ac6d79e9-3d3d-4a6b-a3b2-99a06fe51e25-223,219 Darling St-Dubbo,"219 Darling St, Dubbo NSW 2830, Australia, Dubbo, NSW 2830",-32.251059,148.605706,22,2,2,0,TYPE2,22.0,22.0,"{""Available"": 2}",False
ac6d79e9-3d3d-4a6b-a3b2-99a06fe51e25-30,21 Morgo St-Urunga,"21 Morgo St, Urunga NSW 2455, Australia, Urunga, NSW 2455",-30.495819,153.022,22,2,2,0,TYPE2,22.0,22.0,"{""Available"": 2}",False
d1cbdd86-205d-4538-b287-34032bf74788-BcrDT9Yohylv8UwkFawzM0Ck35VGedbk7191,Opposite 205 Greenwich Rd Greenwich NSW 2065,"Opposite 205 Greenwich Rd, Greenwich, NSW 2065",-33.83735,151.1847,22,1,1,0,TYPE2,22.0,22.0,"{""Available"": 1}",False
15d06bf5-6b4a-425d-9312-bae4b17cc22b-1502,Ingenia - Old Bar,"Lanis on the Beach, Rd, Old Bar, NSW 2430",-31.9691369,152.5920448,7 - 22,3,4,0,TYPE2,7.0,22.0,"{""Available"": 4}",False
ac6d79e9-3d3d-4a6b-a3b2-99a06fe51e25-121,46 Kippax St-Surry Hills,"46 Kippax St, Surry Hills NSW 2010, Australia, Surry Hills, NSW 2010",-33.884727,151.209673,22,2,2,0,TYPE2,22.0,22.0,"{""Available"": 1, ""Charging"": 1}",False
393dc550-5791-46d3-a359-20e9e5b406b3-67eb408eb10c45e596f9d20a,Laundry Lane,"2b/106 Old Pittwater Road, Brookvale, NSW 2100",-33.763362,151.2619393,22,1,1,0,TYPE2,22.0,22.0,"{""Available"": 1}",False
179ada28-f0c6-4431-a1fc-bbb2e5ec26d6-AUCHB23030001,Hamilton Executive Apartments,"101 Denison Street, Newcastle, NSW 2303",-32.92575,151.74829,22,8,8,0,TYPE2,22.0,22.0,"{""Available"": 8}",False
d1cbdd86-205d-4538-b287-34032bf74788-p6z_6H95R88QpeJd5PdSnsYy6UjQ0lrx-8a6,11-15 Gang Gang St Katoomba,"11-15 Gang Gang St, Katoomba, 2780",-33.712619,150.3125524,22,2,2,0,TYPE2,22.0,22.0,"{""Available"": 2}",False
393dc550-5791-46d3-a359-20e9e5b406b3-6682194cf7a82ac324d14353,COUNTRY CHIC COTTAGES,"140 Keppel St, Bathurst, NSW 2795",-33.4176872,149.5751024,7,2,2,0,TYPE2,7.0,7.0,"{""Available"": 1, ""Unknown"": 1}",False
ac6d79e9-3d3d-4a6b-a3b2-99a06fe51e25-71,54 Brown St-Bronte,"54 Brown St, Bronte NSW 2024, Australia, Bronte, NSW 2024",-33.899489,151.259149,22,2,2,0,TYPE2,22.0,22.0,"{""Available"": 2}",False
ac6d79e9-3d3d-4a6b-a3b2-99a06fe51e25-58,Broadarrow Reserve-Maroubra,"Mons Ave, Maroubra NSW 2035, Australia, Maroubra, NSW 2035",-33.947205,151.254327,22,2,2,0,TYPE2,22.0,22.0,"{""Available"": 2}",False
d1cbdd86-205d-4538-b287-34032bf74788-I7QwbM-4898VCSa6U0Qc-hObQhzLcokoNmcU,79 Denning St South Coogee NSW 2034,"79 Denning St, South Coogee, NSW 2034",-33.933618,151.25832,22,1,1,0,TYPE2,22.0,22.0,"{""Available"": 1}",False
179ada28-f0c6-4431-a1fc-bbb2e5ec26d6-AUCHB25270001,HARS Aviation Museum Australia,"54 Airport Road, Wollongong, NSW 2527",-34.5611,150.79104,22,2,2,0,TYPE2,22.0,22.0,"{""Available"": 2}",False
179ada28-f0c6-4431-a1fc-bbb2e5ec26d6-AUCHB24480001,The Beach Rooms,"6-10 Fraser Street, Nambucca Heads, NSW 2448",-30.64474,153.00389,7.4,8,8,0,TYPE2,7.4,7.4,"{""Available"": 8}",False
ac6d79e9-3d3d-4a6b-a3b2-99a06fe51e25-87,47 Archer St-Chatswood,"47-49 Archer St, Chatswood, Chatswood, NSW 2067",-33.798037,151.186461,22,2,2,0,TYPE2,22.0,22.0,"{""Available"": 2}",False
d1cbdd86-205d-4538-b287-34032bf74788-gHQgPii3kn859s9caf3UDi4UqltJmcahxKjm,101 Drumalbyn Rd Bellevue Hill NSW 2023,"101 Drumalbyn Rd, Bellevue Hill, NSW 2023",-33.8832,151.2588,22,1,1,0,TYPE2,22.0,22.0,"{""Available"": 1}",False
d1cbdd86-205d-4538-b287-34032bf74788-CqP25zVqJkMAX2d7-p3Zr29vAizcbxMHJraw,18 Echo Point Rd Katoomba,"18 Echo Point Rd, Katoomba, 2780",-33.729403,150.3120559,22,2,2,0,TYPE2,22.0,22.0,"{""Available"": 2}",False
15d06bf5-6b4a-425d-9312-bae4b17cc22b-1554,The Edmondson Tavern,"1 Kibby Rd, Edmondson Park, NSW 2174",-33.955083,150.8622647,22,4,8,0,TYPE2,22.0,22.0,"{""Available"": 7, ""Charging"": 1}",False
393dc550-5791-46d3-a359-20e9e5b406b3-6631aaf4849fe9708e64618a,Dundas Sports & Recreation Club,"9 Elder Rd,, Dundas, NSW 2117",-33.803774,151.038919,22,2,2,0,TYPE2,22.0,22.0,"{""Available"": 2}",False
ac6d79e9-3d3d-4a6b-a3b2-99a06fe51e25-92,18 Morwick Street-Strathfield,"18 Morwick Street Strathfield, Strathfield, NSW 2135",-33.875057,151.096055,22,2,2,0,TYPE2,22.0,22.0,"{""Available"": 2}",False
15d06bf5-6b4a-425d-9312-bae4b17cc22b-1800,Verdical,"88 Ebley St, Bondi Junction, NSW 2022",-33.893537,151.2502571,22,3,3,0,TYPE2,22.0,22.0,"{""Available"": 3}",False
ac6d79e9-3d3d-4a6b-a3b2-99a06fe51e25-97,433 Old South Head Road-Rose bay,"429-433 Old South Head Road Rose Bay, Rose bay, NSW 2029",-33.878492,151.270483,22,2,2,0,TYPE2,22.0,22.0,"{""Available"": 2}",False
d1cbdd86-205d-4538-b287-34032bf74788-pHXj-RmdnU0IsxZSOKEyLAOnlrvYLhLYAKz7,8 York St Rockdale NSW 2216,"8 York St, Rockdale, NSW 2216",-33.95054,151.1399,22,1,1,0,TYPE2,22.0,22.0,"{""Available"": 1}",False
ac6d79e9-3d3d-4a6b-a3b2-99a06fe51e25-32,228 Moore Park Road-Paddington,"228 Moore Park Rd, Paddington NSW 2021, Austr, Paddington, NSW 2021",-33.887268,151.224098,22,2,2,0,TYPE2,22.0,22.0,"{""Available"": 2}",False
ac6d79e9-3d3d-4a6b-a3b2-99a06fe51e25-80,132 Malabar Rd-South Coogee,"1 Greenwood Ave, South Coogee NSW 2034, Austr, South Coogee, NSW 2034",-33.929971,151.255637,22,2,2,0,TYPE2,22.0,22.0,"{""Available"": 2}",False
ac6d79e9-3d3d-4a6b-a3b2-99a06fe51e25-82,12 Frederick St-St Leonards,"12 Frederick St, St Leonards NSW 2065, Austra, St Leonards, NSW 2065",-33.817909,151.188856,22,2,2,0,TYPE2,22.0,22.0,"{""Available"": 2}",False
32c163d9-84aa-4c71-b092-9aab18f2e771-DEL-rVXcZ-TACW2245321G9532,AC Terra LMS test,"43 Newton Road, Wetherill Park, NSW 2164",-33.84898258,150.88368333,22,1,1,0,TYPE2,22.0,22.0,"{""Unavailable"": 1}",False
179ada28-f0c6-4431-a1fc-bbb2e5ec26d6-AUCHB27820001,Poets Cottage,"63 Valley Road, Blue Mountains, NSW 2782",-33.71477,150.36355,7.4,2,2,0,TYPE2,7.4,7.4,"{""Available"": 2}",False
ac6d79e9-3d3d-4a6b-a3b2-99a06fe51e25-96,146 Flood Street-Leichhardt,"146 Flood Street Leichhardt, Leichhardt, NSW 2040",-33.883498,151.149944,22,2,2,0,TYPE2,22.0,22.0,"{""Available"": 2}",False
d1cbdd86-205d-4538-b287-34032bf74788-oYSQTe-mla7XePd-aq9MvsMXX3v3-uzIj4qn,7 Smith St Epping NSW 2121,"7 Smith St, Epping, NSW 2121",-33.773346,151.08523,3,1,1,0,TYPE2,3.0,3.0,"{""Available"": 1}",False
ac6d79e9-3d3d-4a6b-a3b2-99a06fe51e25-85,44 Anderson St-Chatswood,"44 Anderson St, Chatswood NSW 2067, Australia, Chatswood, NSW 2067",-33.793421,151.181814,22,2,2,0,TYPE2,22.0,22.0,"{""Available"": 1, ""Charging"": 1}",False
ac6d79e9-3d3d-4a6b-a3b2-99a06fe51e25-99,Passmore Reserve-Manly Vale,"Campbell Parade, Manly Vale NSW 2093, Austral, Manly Vale, NSW 2093",-33.78119,151.27155,22,2,2,0,TYPE2,22.0,22.0,"{""Available"": 2}",False
393dc550-5791-46d3-a359-20e9e5b406b3-67bd2e6c1c2f46d1bb0de9a9,Comfort Resort Waters Edge,"1 Buller St, Port Macquarie, NSW 2444",-31.4310886,152.9044608,22,2,2,0,TYPE2,22.0,22.0,"{""Available"": 2}",False
d1cbdd86-205d-4538-b287-34032bf74788-pTfx_IMyfUu-110qX7vPZcj9BSmvxpe-ExH8,25-27 Pomeroy St Homebush NSW 2140,"25-27 Pomeroy St, Homebush, NSW 2140",-33.858375,151.0814556,22,1,1,0,TYPE2,22.0,22.0,"{""Available"": 1}",False
15d06bf5-6b4a-425d-9312-bae4b17cc22b-248,The Westport Club - Mingara,"25 Buller St, Port Macquarie, NSW 2444",-31.430177,152.9017453,22,2,4,0,TYPE2,22.0,22.0,"{""Available"": 4}",False
d1cbdd86-205d-4538-b287-34032bf74788-ukm5hbNsCIqCxbt-gkVc5fgEIASGCwqMAaxx,7-15 Milray St Lindfield NSW 2070,"7-15 Milray St, Lindfield, NSW 2070",-33.773674,151.1706,22,1,1,0,TYPE2,22.0,22.0,"{""Charging"": 1}",False
ac6d79e9-3d3d-4a6b-a3b2-99a06fe51e25-114,55 Lindsay Street-Hamilton,"59 Lindsay St, Hamilton NSW 2303, Australia, Hamilton, NSW 2303",-32.922059,151.74773,22,2,2,0,TYPE2,22.0,22.0,"{""Available"": 2}",False
ac6d79e9-3d3d-4a6b-a3b2-99a06fe51e25-119,45 Station St-Wickham,"45 Station Street, Wickham, NSW 2293",-32.923012,151.757129,22,2,2,0,TYPE2,22.0,22.0,"{""Available"": 2}",False
32c163d9-84aa-4c71-b092-9aab18f2e771-C027474,Test 001,"62 Kitchener St, St Ives, St Ives, NSW 2075",-33.71289756,151.17095918,7.4,1,1,0,TYPE2,7.4,7.4,"{""Missing"": 1}",False
393dc550-5791-46d3-a359-20e9e5b406b3-65d415d846335dbe67104fd6,Cosmo Motel Adamstown,"165 Brunker Road, Adamstown, NSW 2289",-32.9315936,151.7276019,22,3,3,0,TYPE2,22.0,22.0,"{""Available"": 3}",False
ac6d79e9-3d3d-4a6b-a3b2-99a06fe51e25-83,110 Reserve Rd-Artarmon,"110 Reserve Rd, Artarmon NSW 2064, Australia, Artarmon, NSW 2064",-33.812073,151.184119,22,2,2,0,TYPE2,22.0,22.0,"{""Available"": 2}",False
179ada28-f0c6-4431-a1fc-bbb2e5ec26d6-AUCHB23300001,Starline Alpacas,"1100 Milbrodale Road, Broke, NSW 2330",-32.75094,151.08034,22,8,8,0,TYPE2,22.0,22.0,"{""Available"": 8}",False
ac6d79e9-3d3d-4a6b-a3b2-99a06fe51e25-94,12 Boundary Street-Croydon,"12 Boundary Street Croydon, Croydon, NSW 2134",-33.880725,151.114103,22,2,2,0,TYPE2,22.0,22.0,"{""Available"": 2}",False
ac6d79e9-3d3d-4a6b-a3b2-99a06fe51e25-98,2 Tebbutt Street-Leichhardt,"2 Tebbutt Street Leichhardt, Leichhardt, NSW 2040",-33.889484,151.146946,22,2,2,0,TYPE2,22.0,22.0,"{""Available"": 2}",False
ac6d79e9-3d3d-4a6b-a3b2-99a06fe51e25-262,17 Ball Avenue-Eastwood,"17 Ball Avenue, Eastwood, Ryde, NSW 2122",-33.786737,151.084427,22,1,1,0,TYPE2,22.0,22.0,"{""Inoperative"": 1}",False
393dc550-5791-46d3-a359-20e9e5b406b3-66b2ee11d8381e2e3731f32e,Rydalmere,"Rydalmere, Sydney, NSW 2116",-33.815716,151.033639,7,2,2,0,TYPE2,7.0,7.0,"{""Available"": 2}",False
393dc550-5791-46d3-a359-20e9e5b406b3-670c584c8ec44e9ec8e59987,CH Boutique Apartments Hillvue,"31 The Ringers Road, Hillvue, NSW 2340",-31.1277097,150.9203955,7,2,2,0,TYPE2,7.0,7.0,"{""Available"": 2}",False
d1cbdd86-205d-4538-b287-34032bf74788-wb40MErBBIkc6qQcMfNU4Mv9SSGiRBMBFk1x,Opposite 5 Princess St Lidcombe NSW 2141,"Opposite 5 Princess St, Lidcombe, NSW 2141",-33.859433,151.053,22,1,1,0,TYPE2,22.0,22.0,"{""Available"": 1}",False
ac6d79e9-3d3d-4a6b-a3b2-99a06fe51e25-107,39 Bishop St-Newport,"39 Bishop St, Newport NSW 2106, Australia, Newport, NSW 2106",-33.657274,151.315564,22,2,2,0,TYPE2,22.0,22.0,"{""Available"": 2}",False
15d06bf5-6b4a-425d-9312-bae4b17cc22b-24,City of Ryde - Macquarie Park,"22 Giffnock Ave, Macquarie Park, NSW 2113",-33.7831032,151.1223883,22,2,2,0,TYPE2,22.0,22.0,"{""Available"": 1, ""Missing"": 1}",False
baaffa39-0adb-422e-a7bf-4b391d232b5d-95,Opposite 103 Denison St Rozelle NSW 2039,"103 Denison St, Rozelle NSW 2039, Australia, Rozelle, NSW 2039",-33.869885,151.17001,22,1,1,0,TYPE2,22.0,22.0,"{""Charging"": 1}",False
393dc550-5791-46d3-a359-20e9e5b406b3-6448974d96bac003dea4c951,Wagga Country Club,"57 plumpton road, Wagga Wagga, NSW 2650",-35.1606681,147.3643427,7,2,2,0,TYPE2,7.0,7.0,"{""Available"": 2}",False
ac6d79e9-3d3d-4a6b-a3b2-99a06fe51e25-105,48 Carrington Pde-Curl Curl,"46-48 Carrington Parade, Curl Curl NSW 2096,, Curl Curl, NSW 2096",-33.773927,151.292202,22,2,2,0,TYPE2,22.0,22.0,"{""Available"": 2}",False
d1cbdd86-205d-4538-b287-34032bf74788-jyZvJqo6d5fQLuvL1-1sIAubyK83n7_CI_vh,Opposite 86 May St St Peters NSW 2044,"Opposite 86 May St, St Peters, NSW 2044",-33.909536,151.17781,22,1,1,0,TYPE2,22.0,22.0,"{""Charging"": 1}",False
179ada28-f0c6-4431-a1fc-bbb2e5ec26d6-AUCHB23000001,291 King Street,"291 King Street, Newcastle, NSW 2300",-32.92882,151.76801,22,8,8,0,TYPE2,22.0,22.0,"{""Available"": 7, ""Charging"": 1}",False
d1cbdd86-205d-4538-b287-34032bf74788-iwkmt2QMBNM-JUWtNGp0CqdDf_otieIhqGY4,Opposite 4 Tonbridge St Sans Souci NSW 2219,"Opposite 4 Tonbridge St, Sans Souci, NSW 2219",-33.98634,151.1424,22,1,1,0,TYPE2,22.0,22.0,"{""Available"": 1}",False
ac6d79e9-3d3d-4a6b-a3b2-99a06fe51e25-104,3 Hilltop Crescent-Fairlight,"3-5 Hilltop Crescent, Fairlight, NSW 2094",-33.796084,151.275594,22,2,2,0,TYPE2,22.0,22.0,"{""Available"": 2}",False
d1cbdd86-205d-4538-b287-34032bf74788-SEv6wSmefuh5VLkIGV78KWRa4i4BTjDRPedt,36 Echo Point Rd Katoomba,"36 Echo Point Rd, Katoomba, 2780",-33.73081,150.3122213,22,2,2,0,TYPE2,22.0,22.0,"{""Available"": 2}",False
15d06bf5-6b4a-425d-9312-bae4b17cc22b-1751,"11 Fowler St, Camperdown","11 Fowler St, Camperdown, NSW 2050",-33.8905316,151.1761275,22,2,4,0,TYPE2,22.0,22.0,"{""Available"": 4}",False
15d06bf5-6b4a-425d-9312-bae4b17cc22b-922,Intellihub - Roylston St. Paddington,"23 Roylston St, Paddington, NSW 2021",-33.881782,151.233328,22,2,2,0,TYPE2,22.0,22.0,"{""Available"": 1, ""Missing"": 1}",False
ac6d79e9-3d3d-4a6b-a3b2-99a06fe51e25-103,24 Fourth Ave-Blacktown,"24 Fourth Ave, Blacktown NSW 2148, Australia, Blacktown, NSW 2148",-33.764225,150.910147,22,2,2,0,TYPE2,22.0,22.0,"{""Available"": 2}",False
baaffa39-0adb-422e-a7bf-4b391d232b5d-150,Quarry Street Tennis Courts Paddington NSW 2021,"2 Quarry St, Paddington NSW 2021, Australia, Paddington, NSW 2021",-33.882832,151.23686,22,1,1,0,TYPE2,22.0,22.0,"{""Available"": 1}",False
d1cbdd86-205d-4538-b287-34032bf74788-0DPGDfHtBMvnFul28M1-nmXWsD6xOiMkkcHu,104 Woodburn Rd Berala NSW 2141,"104 Woodburn Rd, Berala, NSW 2141",-33.86907,151.03487,22,1,1,0,TYPE2,22.0,22.0,"{""Available"": 1}",False
15d06bf5-6b4a-425d-9312-bae4b17cc22b-18,City of Ryde - Church Street Carpark,"19 Church St, Ryde, NSW 2112",-33.8144788,151.1046533,22,1,1,0,TYPE2,22.0,22.0,"{""Available"": 1}",False
ac6d79e9-3d3d-4a6b-a3b2-99a06fe51e25-106,30 The Esplanade-Narrabeen,"30 The Esplanade, Narrabeen NSW 2101, Austral, Narrabeen, NSW 2101",-33.719381,151.289021,22,2,2,0,TYPE2,22.0,22.0,"{""Available"": 2}",False
ac6d79e9-3d3d-4a6b-a3b2-99a06fe51e25-102,38 Holbeche Rd-Arndell Park,"38 Holbeche Rd, Arndell Park NSW 2148, Austra, Arndell Park, NSW 2148",-33.789103,150.884309,22,2,2,0,TYPE2,22.0,22.0,"{""Available"": 2}",False
d1cbdd86-205d-4538-b287-34032bf74788-TWLPr_4Z_0ERhjHMkaQ-LydO2VaGDXTVBJtH,Opposite 65 Tooke St Cooks Hill NSW 2300,"Opposite 65 Tooke St, Cooks Hill, NSW 2300",-32.934948,151.76598,22,2,2,0,TYPE2,22.0,22.0,"{""Available"": 2}",False
d1cbdd86-205d-4538-b287-34032bf74788-MSpb-vZEPm8dfexpB07hKizRf978yniLdp1I,Opposite 20 Hevington Rd Auburn NSW 2144,"Opposite 20 Hevington Rd, Auburn, NSW 2144",-33.85995,151.03384,22,1,1,0,TYPE2,22.0,22.0,"{""Available"": 1}",False
baaffa39-0adb-422e-a7bf-4b391d232b5d-72,19 Queen St Randwick NSW 2031,"19 Queen St, Randwick NSW 2031, Australia, Randwick, NSW 2031",-33.918866,151.24716,22,1,1,0,TYPE2,22.0,22.0,"{""Available"": 1}",False
393dc550-5791-46d3-a359-20e9e5b406b3-65d70c109e5027b653ddb617,The Clarence Apartments,"1 Clarence Street, Strathfield, NSW 2135",-33.8662471,151.0912722,22,2,2,0,TYPE2,22.0,22.0,"{""Available"": 1, ""Charging"": 1}",False
ac6d79e9-3d3d-4a6b-a3b2-99a06fe51e25-101,12 Riverstone Pde-Riverstone,"12 Riverstone Parade, Riverstone NSW 2765, Au, Riverstone, NSW 2765",-33.678488,150.860529,22,2,2,0,TYPE2,22.0,22.0,"{""Available"": 2}",False
baaffa39-0adb-422e-a7bf-4b391d232b5d-134,Opposite 21 Joseph Street Lilyfield NSW 2039,"Joseph St, Lilyfield NSW 2039, Australia, Lilyfield, NSW 2039",-33.87189,151.16505,22,1,1,0,TYPE2,22.0,22.0,"{""Charging"": 1}",False
baaffa39-0adb-422e-a7bf-4b391d232b5d-107,2 Allman Ave Summer Hill NSW 2130,"2 Allman Ave, Summer Hill NSW 2130, Australia, Summer Hill, NSW 2130",-33.89152,151.1337,22,1,1,0,TYPE2,22.0,22.0,"{""Available"": 1}",False
d1cbdd86-205d-4538-b287-34032bf74788-ebP7qgnkdAQ4NhCeU3xIWCLUeLBZLX8ctxKw,null New Canterbury Rd Petersham NSW 2049,"null New Canterbury Rd, Petersham, NSW 2049",-33.896204,151.1541627,22,1,1,0,TYPE2,22.0,22.0,"{""Available"": 1}",False
15d06bf5-6b4a-425d-9312-bae4b17cc22b-3294,Carter Sports,"10 Carter St, Lidcombe New South Wales, NSW 2141",-33.8526184,151.0602437,60,1,2,2,CCS2,60.0,60.0,"{""Available"": 2}",True
15d06bf5-6b4a-425d-9312-bae4b17cc22b-253,Wave Aquatic Center - Baulkham Hills,"44 Mileham Ave, Baulkham Hills, NSW 2153",-33.7445839,150.9910722,7,1,2,0,TYPE2,7.0,7.0,"{""Available"": 2}",False
baaffa39-0adb-422e-a7bf-4b391d232b5d-81,7 Jersey Rd Woollahra NSW 2025,"7 Jersey Rd, Woollahra NSW 2025, Australia, Woollahra, NSW 2025",-33.888405,151.23263,22,1,1,0,TYPE2,22.0,22.0,"{""Available"": 1}",False
ac6d79e9-3d3d-4a6b-a3b2-99a06fe51e25-115,17 Graham Rd-Broadmeadow,"17 Graham Rd, Broadmeadow NSW 2303, Australia, Broadmeadow, NSW 2303",-32.921985,151.736602,22,2,2,0,TYPE2,22.0,22.0,"{""Available"": 2}",False
15d06bf5-6b4a-425d-9312-bae4b17cc22b-1442,Energy Trade - Tallawong,"37 Reis St, Tallawong, NSW 2762",-33.695278,150.8884095,22,2,2,0,TYPE2,22.0,22.0,"{""Available"": 2}",False
d1cbdd86-205d-4538-b287-34032bf74788-h8btSE3ZCehNvQvwuCrtlQU1kLmRVtYGodI8,Opposite 10 Elizabeth St Berala NSW 2141,"Opposite 10 Elizabeth St, Berala, NSW 2141",-33.873194,151.02983,22,1,1,0,TYPE2,22.0,22.0,"{""Available"": 1}",False
d1cbdd86-205d-4538-b287-34032bf74788-vaSTI6YhEbjuWK3ZonX6kb-tPDuXEX_804qr,7 Stevenson Pl Newcastle East NSW 2300,"7 Stevenson Pl, Newcastle East, NSW 2300",-32.927063,151.78904,22,2,2,0,TYPE2,22.0,22.0,"{""Available"": 2}",False
d1cbdd86-205d-4538-b287-34032bf74788-cWFCa_VkX8b6xhjrSTVGmCiR47zgnoGtxknI,Opposite 142 Morgan St Merewether NSW 2291,"Opposite 142 Morgan St, Merewether, NSW 2291",-32.941841,151.74506,22,2,2,0,TYPE2,22.0,22.0,"{""Available"": 2}",False
b4a3859a-1294-46cd-8af9-2cbf7848df2f-75921339-f27c-48bd-a9da-aa6cfd17fdff,Murwillumbah Brothers Leagues Club,"1 Dorothy St, Murwillumbah, NSW 2484",-28.325534,153.385457,22 - 30,3,3,2,CCS1|TYPE2,22.0,30.0,"{""Available"": 3}",True
e01de15b-1ce6-4c05-8f89-81b463696ce1-625a7194-f1b1-4828-8a58-62a18bbdbf6f,Meriton Chatswood,"79 albert ave, Chatswood, NSW 2067",-33.796,151.178,22.2,2,2,0,TYPE2,22.17,22.17,"{""Available"": 1, ""Charging"": 1}",False
179ada28-f0c6-4431-a1fc-bbb2e5ec26d6-AUCHB28500002,Soldiers Motel,"35 Perry Street, Mudgee, NSW 2850",-32.59411,149.58592,22,6,6,0,TYPE2,22.0,22.0,"{""Available"": 5, ""Charging"": 1}",False
179ada28-f0c6-4431-a1fc-bbb2e5ec26d6-AUCHB27360001,Tooleybuc Club Motor Inn,"1 Lockhart Road, Tooleybuc, NSW 2736",-35.02261,143.33721,22,4,4,0,TYPE2,22.0,22.0,"{""Available"": 4}",False
15d06bf5-6b4a-425d-9312-bae4b17cc22b-1343,Colliers Macquarie Park,"1 Giffnock Ave, Macquarie Park, NSW 2113",-33.7848369,151.1262332,22,10,10,0,TYPE2,22.0,22.0,"{""Available"": 7, ""Charging"": 3}",False
d1cbdd86-205d-4538-b287-34032bf74788-08c0I3_kfiM4tTQucJHXtYCF98IyB_WfeIj3,58 Carnarvon St Silverwater NSW 2128,"58 Carnarvon St, Silverwater, NSW 2128",-33.837421,151.04125,22,1,1,0,TYPE2,22.0,22.0,"{""Available"": 1}",False
d1cbdd86-205d-4538-b287-34032bf74788-F9_Sehj2VT0JM5hsze0DtybM7sG0BJHlxguj,22 Military Rd Watsons Bay NSW 2030,"22 Military Rd, Watsons Bay, NSW 2030",-33.8431,151.2835,22,1,1,0,TYPE2,22.0,22.0,"{""Available"": 1}",False
d1cbdd86-205d-4538-b287-34032bf74788-dJIOEsFoIfMhRvM3DUZ9eGjKEdJ55tVrIvZp,Opposite 45 Asquith St Silverwater NSW 2128,"Opposite 45 Asquith St, Silverwater, NSW 2128",-33.838001,151.04011,22,1,1,0,TYPE2,22.0,22.0,"{""Available"": 1}",False
15d06bf5-6b4a-425d-9312-bae4b17cc22b-1678,Meriden School,"3 Margaret St, Strathfield, NSW 2135",-33.874248,151.0921154,7,4,4,0,TYPE2,7.0,7.0,"{""Available"": 4}",False
d1cbdd86-205d-4538-b287-34032bf74788-Zq7sMNS8XbPYkLFaw18CCqAXoQ0FlOzpmNnK,Opposite 10A Caroline St(pole in Louis St) Redfern NSW 2016,"Opposite 10A Caroline St(pole in Louis St), Redfern, NSW 2016",-33.89072,151.1984,22,1,1,0,TYPE2,22.0,22.0,"{""Available"": 1}",False
e01de15b-1ce6-4c05-8f89-81b463696ce1-5ede2e25-f216-4fb2-9d2c-645e84f8b219,Meriton Suites North Sydney,"80 Arthur St, North Sydney, NSW 2060",-33.840308,151.209379,22.2,1,1,0,TYPE2,22.17,22.17,"{""Available"": 1}",False
179ada28-f0c6-4431-a1fc-bbb2e5ec26d6-AUCHB25750001,Mittagong Motel,"7-11 Old Hume Highway, Mittagong, NSW 2575",-34.44797,150.45607,22,4,4,0,TYPE2,22.0,22.0,"{""Available"": 2, ""Charging"": 2}",False
d1cbdd86-205d-4538-b287-34032bf74788-gi4Bi1QteW-SSiFSfZW3299fygl1aYStZhYA,30 James St Lidcombe NSW 2141,"30 James St, Lidcombe, NSW 2141",-33.866589,151.04661,22,1,1,0,TYPE2,22.0,22.0,"{""Available"": 1}",False
d1cbdd86-205d-4538-b287-34032bf74788-tQ46MIGxU5ftFU6P1YLN0rv_BQLGFfk7ZKCu,Opposite 114 Lindsay St Hamilton NSW 2303,"Opposite 114 Lindsay St, Hamilton, NSW 2303",-32.921091,151.7435658,22,2,2,0,TYPE2,22.0,22.0,"{""Available"": 2}",False
d1cbdd86-205d-4538-b287-34032bf74788-3sQV7apDRTfpr50wb_wxeLZlN8CuMWuTtHpf,Opp 60 Glover St Lilyfield NSW 2040,"Opp 60 Glover St, Lilyfield, NSW 2040",-33.867593,151.15569,22,1,1,0,TYPE2,22.0,22.0,"{""Available"": 1}",False
15d06bf5-6b4a-425d-9312-bae4b17cc22b-2590,Lake Jindabyne Hotel,"Lake  Hotel, 48 Kosciuszko Rd, Jindabyne, NSW 2627",-36.4145129,148.6238021,22,2,2,0,TYPE2,22.0,22.0,"{""Available"": 2}",False
179ada28-f0c6-4431-a1fc-bbb2e5ec26d6-AUCHB22280002,Meridian Apartments,"680 Kingsway, Miranda, NSW 2228",-34.03411,151.09429,22,3,3,0,TYPE2,22.0,22.0,"{""Available"": 3}",False
15d06bf5-6b4a-425d-9312-bae4b17cc22b-2401,Porsche Willoughby - Artarmon,"43 Hotham Parade, Artarmon, NSW 2064",-33.8149793,151.1805863,60,4,8,8,TYPE2,60.0,60.0,"{""Available"": 8}",True
32c163d9-84aa-4c71-b092-9aab18f2e771-A24374020103,LC 002,"180 River Road, Lane Cove, NSW 2066",-33.8249255,151.17681697,7.4,1,1,0,TYPE2,7.4,7.4,"{""Available"": 1}",False
d1cbdd86-205d-4538-b287-34032bf74788-CtCUVso2AjdLRe-dPSwqsuVIKe4Fs6A7iThe,Opposite 5 Forest Grove Epping NSW 2121,"Opposite 5 Forest Grove, Epping, NSW 2121",-33.774912,151.08578,22,1,1,0,TYPE2,22.0,22.0,"{""Available"": 1}",False
d1cbdd86-205d-4538-b287-34032bf74788-f3cHI6pBNmZcTKM7TZiSxokwqgcvWzgNIyFQ,Opposite 1 Lorne Ave Killara NSW 2071,"Opposite 1 Lorne Ave, Killara, NSW 2071",-33.765305,151.1607,22,1,1,0,TYPE2,22.0,22.0,"{""Charging"": 1}",False
393dc550-5791-46d3-a359-20e9e5b406b3-69ddea6d7a3b7c4682b90458,ChargeNLeaf Hornsby - Phoenix Badminton,"11/17 Salisbury Road, Hornsby, NSW 2077",-33.6969999,151.1110249,120,2,2,2,CCS2,120.0,120.0,"{""Available"": 2}",True
d1cbdd86-205d-4538-b287-34032bf74788-qcvCxrdnYJhA0T_nviKQbsNgt5DpZtG2vJcl,5A Victoria St Roseville NSW 2069,"5A Victoria St, Roseville, NSW 2069",-33.786101,151.18042,22,1,1,0,TYPE2,22.0,22.0,"{""Available"": 1}",False
d1cbdd86-205d-4538-b287-34032bf74788-W44QtLFLWl7dzszXTZDjvqi4zbjrJmI942MT,91 Carlton Cres Summer Hill NSW 2130,"91 Carlton Cres, Summer Hill, NSW 2130",-33.890015,151.13561,22,1,1,0,TYPE2,22.0,22.0,"{""Available"": 1}",False
393dc550-5791-46d3-a359-20e9e5b406b3-686497f000f98d0b7019ca28,Ryde-Eastwood Leagues Club Site,"117 Ryedale Road, West Ryde, NSW 2114",-33.8050426,151.0918096,22,2,2,0,TYPE2,22.0,22.0,"{""Available"": 2}",False
393dc550-5791-46d3-a359-20e9e5b406b3-678dc5d1f4634db78dc78f98,7a Loy,"7a Loy Avenue, Mudgee, NSW 2850",-32.588413,149.5864775,22,1,1,0,TYPE2,22.0,22.0,"{""Available"": 1}",False
15d06bf5-6b4a-425d-9312-bae4b17cc22b-2843,Lakemba Knapton Reserve Car Park,"27 The Boulevarde, Lakemba, NSW 2195",-33.9197432,151.078339,50,1,2,2,CCS2,50.0,50.0,"{""Available"": 2}",True
15d06bf5-6b4a-425d-9312-bae4b17cc22b-476,Maitland Riverside Plaza,"405 High St, Maitland, NSW 2320",-32.733865,151.5561263,7,4,4,0,TYPE2,7.0,7.0,"{""Available"": 2, ""Charging"": 1, ""OutOfService"": 1}",False
15d06bf5-6b4a-425d-9312-bae4b17cc22b-2977,Westfield Chatswood carpark top level,"52 Albert Ave, Chatswood, NSW 2067",-33.7985207,151.183215,7 - 22,3,6,0,TYPE2,7.0,22.0,"{""Available"": 6}",False
15d06bf5-6b4a-425d-9312-bae4b17cc22b-760,Manchester Drive - Schofields - Energy Trade,"37 Manchester Dr, Schofields, NSW 2762",-33.7047364,150.8809076,7,3,3,0,TYPE2,7.0,7.0,"{""Missing"": 3}",False
d1cbdd86-205d-4538-b287-34032bf74788-EdOlvJH62ndnDQpR-xCl5Y662GvJKGDOK49-,201 Trafalgar St Stanmore NSW 2048,"201 Trafalgar St, Stanmore, NSW 2048",-33.89492,151.16261,22,1,1,0,TYPE2,22.0,22.0,"{""Available"": 1}",False
d1cbdd86-205d-4538-b287-34032bf74788-iSGPRijsSpoh5vfyb_G1pruJJXxPpsNvUzhd,20 Cliff Rd (pole in Rosebank Ave) Epping NSW 2121,"20 Cliff Rd (pole in Rosebank Ave), Epping, NSW 2121",-33.770069,151.07848,22,1,1,0,TYPE2,22.0,22.0,"{""Charging"": 1}",False
393dc550-5791-46d3-a359-20e9e5b406b3-680f30cd5dd27e31c89a602b,Strata Plan 85782 Lane Cove,"3 Finlayson Street, Lane Cove, NSW 2066",-33.8133246,151.168603,7,9,9,0,TYPE2,7.0,7.0,"{""Available"": 4, ""Unknown"": 5}",False
ac6d79e9-3d3d-4a6b-a3b2-99a06fe51e25-199,16 Dickson Ave-West Ryde,"16 Dickson Ave, West Ryde, West Ryde, NSW 2114",-33.806246,151.085457,22,2,2,0,TYPE2,22.0,22.0,"{""Available"": 2}",False
393dc550-5791-46d3-a359-20e9e5b406b3-6662d2fb73536304af92e588,Talbingo Caravan Park,"24 Whitty street, Talbingo, NSW 2720",-35.5834847,148.2966413,7,2,2,0,TYPE2,7.0,7.0,"{""Available"": 2}",False
393dc550-5791-46d3-a359-20e9e5b406b3-68fc342fad520a60321b7345,Strata Plan 86681 - orchid Grange,"263-265 Midson Rd, Beecroft, NSW 2119",-33.7615468,151.0670231,7,3,3,0,TYPE2,7.0,7.0,"{""Available"": 3}",False
32c163d9-84aa-4c71-b092-9aab18f2e771-A23195020013,TheLanglee,"40 Langlee Avenue, Waverly, NSW 2024",-33.89782083,151.2588836,22,1,1,0,TYPE2,22.0,22.0,"{""Available"": 1}",False
baaffa39-0adb-422e-a7bf-4b391d232b5d-126,642 Mowbray Rd W Lane Cove North NSW 2066,"642 Mowbray Rd W, Lane Cove North NSW 2066, A, Lane Cove North, NSW 2066",-33.804553,151.1552,7,1,1,0,TYPE2,7.0,7.0,"{""Available"": 1}",False
d1cbdd86-205d-4538-b287-34032bf74788-1ULnD0iFORR7KfffRLX1xOwsKOVTdn48VvqC,Rear of 47 President Ave (pole in Warren Ave) Kogarah NSW 2217,"Rear of 47 President Ave (pole in Warren Ave), Kogarah, NSW 2217",-33.9655,151.1421,22,1,1,0,TYPE2,22.0,22.0,"{""Available"": 1}",False
393dc550-5791-46d3-a359-20e9e5b406b3-63858d1c2a80432902bf61b8,Good earth group - Site,"3/2 Pullman Place, Emu Plains, NSW 2750",-33.745829,150.65561,7 - 22,3,3,0,TYPE2,7.0,22.0,"{""Available"": 2, ""Unknown"": 1}",False
15d06bf5-6b4a-425d-9312-bae4b17cc22b-1882,CSR Gyprock Wetherill Park,"376 Victoria St, Wetherill Park, NSW 2164",-33.8445308,150.9034653,22,1,2,0,TYPE2,22.0,22.0,"{""Available"": 2}",False
d1cbdd86-205d-4538-b287-34032bf74788-nO-Mq3KeX7Q4rm-PQmB7s8Y50k_PC2zTjA_G,Opposite 13 Victoria St Ashfield NSW 2131,"Opposite 13 Victoria St, Ashfield, NSW 2131",-33.891716,151.13011,22,1,1,0,TYPE2,22.0,22.0,"{""Charging"": 1}",False
ac6d79e9-3d3d-4a6b-a3b2-99a06fe51e25-12,12 Trinity Ave-Dawes Point,"12 Trinity Ave, Dawes Point NSW 2000, Austral, Dawes Point, NSW 2000",-33.8574,151.206572,22,2,2,0,TYPE2,22.0,22.0,"{""Charging"": 2}",False
32c163d9-84aa-4c71-b092-9aab18f2e771-TACW22-4-2522-G7336,Leeton Heritage Motor Inn,"29 Yanco Avenue, Leeton, NSW 2705",-34.55826579,146.4139099,22,1,1,0,TYPE2,22.0,22.0,"{""Unavailable"": 1}",False
b4a3859a-1294-46cd-8af9-2cbf7848df2f-1854fded-3965-4656-be0f-6f10f2a6cb69,Nimbin Hub and Storage,"36 Sibley Street, Nimbin, NSW 2480",-28.592046,153.22817,22 - 30,3,3,2,CCS1|TYPE2,22.0,30.0,"{""Available"": 3}",True
15d06bf5-6b4a-425d-9312-bae4b17cc22b-430,Tinkersfield,"1 Post Office Ln, Crackenback, NSW 2627",-36.4527822,148.496287,22,2,2,0,TYPE2,22.0,22.0,"{""Available"": 2}",False
36e36d1d-718f-429c-828f-68150b84e574-6e04fbbf-7da5-11f0-bfce-002248c7a48c,Ward Street Car Park North Sydney,"Ward Street, North Sydney, 2060",-33.836776,151.2083567,7.2,2,2,0,TYPE2,7.2,7.2,"{""Available"": 2}",False
32c163d9-84aa-4c71-b092-9aab18f2e771-21340695,Hotel Etico,"11 Montgomery Street, MOUNT VICTORIA, NSW 2786",-33.58838316,150.25416984,22,1,1,0,TYPE2,22.0,22.0,"{""Unavailable"": 1}",False
393dc550-5791-46d3-a359-20e9e5b406b3-661e015a868f7cc3f0357682,Wagon Wheel Hotel St Mary's,"449 Great Western Hwy,, St Marys, NSW 2760",-33.769361,150.769784,22,2,2,0,TYPE2,22.0,22.0,"{""Available"": 2}",False
ac6d79e9-3d3d-4a6b-a3b2-99a06fe51e25-186,Op 255 Vimiera Rd-Marsfield,"255 Vimiera Rd, Marsfield NSW 2122, Australia, Marsfield, NSW 2122",-33.768305,151.104546,22,2,2,0,TYPE2,22.0,22.0,"{""Available"": 1, ""Charging"": 1}",False
36e36d1d-718f-429c-828f-68150b84e574-6ca98085-7da5-11f0-bfce-002248c7a48c,North Sydney Council Public Car Park,"2 Kelrose Lane, North Sydney, 2060",-33.83416,151.206844,7.2,6,6,0,TYPE2,7.2,7.2,"{""Available"": 4, ""Unknown"": 2}",False
baaffa39-0adb-422e-a7bf-4b391d232b5d-54,163 Windsor St Paddington NSW 2021,"163 Windsor St, Paddington NSW 2021, Australi, Paddington, NSW 2021",-33.886508,151.2355,22,1,1,0,TYPE2,22.0,22.0,"{""Available"": 1}",False
36e36d1d-718f-429c-828f-68150b84e574-6bf3ba32-7da5-11f0-bfce-002248c7a48c,Hipwood Street Car Park,"12 Hipwood Street, Kirribilli, 2061",-33.84351,151.21381,7.2,4,4,0,TYPE2,7.2,7.2,"{""Available"": 4}",False
15d06bf5-6b4a-425d-9312-bae4b17cc22b-1437,Ingenia - Merry Beach,"Merry Beach Caravan Park, 46 Merry Beach Rd, Kioloa, NSW 2539",-35.5654089,150.3719759,7,4,4,0,TYPE2,7.0,7.0,"{""Available"": 4}",False
d1cbdd86-205d-4538-b287-34032bf74788-1oo2BTnX4m4f6vhLHOCncyNUUMuPAOa313Gk,Adj 1 Read St Bronte NSW 2024,"Adj 1 Read St, Bronte, NSW 2024",-33.899265,151.26091,22,1,1,0,TYPE2,22.0,22.0,"{""Available"": 1}",False
baaffa39-0adb-422e-a7bf-4b391d232b5d-46,32 Liverpool St Rose Bay NSW 2029,"32 Liverpool St, Rose Bay NSW 2029, Australia, Rose Bay, NSW 2029",-33.875483,151.27491,22,1,1,0,TYPE2,22.0,22.0,"{""Available"": 1}",False
393dc550-5791-46d3-a359-20e9e5b406b3-641010f3a41369b96184b991,Aperture Digital,"65 Barwan Street,, Narrabri, NSW 2390",-30.327859,149.785715,22,1,1,0,TYPE2,22.0,22.0,"{""Available"": 1}",False
15d06bf5-6b4a-425d-9312-bae4b17cc22b-1629,Anglicare - Taren Point - Woolooware Shores,"25 Bay Rd, Taren Point, NSW 2229",-34.0234209,151.1269697,7 - 22,16,18,0,TYPE2,7.0,22.0,"{""Available"": 18}",False
15d06bf5-6b4a-425d-9312-bae4b17cc22b-1828,Randwick Racecourse,"Ascot St, Alison Rd, Randwick, NSW 2031",-33.9083801,151.2263453,22,1,2,0,TYPE2,22.0,22.0,"{""Available"": 2}",False
393dc550-5791-46d3-a359-20e9e5b406b3-664555b889064b4bc1168478,Wandana Brewing Company,"20 Manns rd, Mullumbimby, NSW 2482",-28.5541173,153.5149182,22,2,2,0,TYPE2,22.0,22.0,"{""Available"": 2}",False
d1cbdd86-205d-4538-b287-34032bf74788-l_84nAGdRGEeqS2Uik5rEeUe636C7lcCMepx,200 Forbes St Darlinghurst NSW 2010,"200 Forbes St, Darlinghurst, NSW 2010",-33.877157,151.218768,22,1,1,0,TYPE2,22.0,22.0,"{""Charging"": 1}",False
32c163d9-84aa-4c71-b092-9aab18f2e771-26112833,Boathouse Resort  3,"21-23 Marine Drive, Tea Gardens, NSW 2324",-32.66214323,152.15660673,22,1,1,0,TYPE2,22.0,22.0,"{""Available"": 1}",False
ac6d79e9-3d3d-4a6b-a3b2-99a06fe51e25-33,112A Burton St-Darlinghurst,"112A Burton St, Darlinghurst NSW 2010, Austra, Darlinghurst, NSW 2010",-33.879056,151.219334,22,2,2,0,TYPE2,22.0,22.0,"{""Available"": 2}",False
15d06bf5-6b4a-425d-9312-bae4b17cc22b-923,Intellihub - Wiley Street,"50 Wiley St, Waverley, NSW 2024",-33.8998711,151.2566727,22,1,1,0,TYPE2,22.0,22.0,"{""Charging"": 1}",False
ac6d79e9-3d3d-4a6b-a3b2-99a06fe51e25-250,8 Parkside Dr-Sandringham,"8 Parkside Dr, Sandringham, NSW, 2219, Bayside, NSW 2219",-33.998349,151.137443,22,2,2,0,TYPE2,22.0,22.0,"{""Available"": 2}",False
36e36d1d-718f-429c-828f-68150b84e574-6ca98611-7da5-11f0-bfce-002248c7a48c,"Nicholson Street Car Park, North Sydney","Nicholson Street, Wollstonecraft, 2065",-33.82728,151.19935,7.2,4,4,0,TYPE2,7.2,7.2,"{""Available"": 4}",False
ac6d79e9-3d3d-4a6b-a3b2-99a06fe51e25-263,99 Constitution Rd West-West Ryde,"99 Constitution Road West, West Ryde, Ryde, NSW 2114",-33.814903,151.086841,22,1,1,0,TYPE2,22.0,22.0,"{""Inoperative"": 1}",False
d1cbdd86-205d-4538-b287-34032bf74788-0cpuFBa9foS2X9h9zrDmuwRdkXJ-N3m7RrbR,15 Crawford St Berala NSW 2141,"15 Crawford St, Berala, NSW 2141",-33.870357,151.03126,22,1,1,0,TYPE2,22.0,22.0,"{""Unknown"": 1}",False
15d06bf5-6b4a-425d-9312-bae4b17cc22b-926,Intellihub - Harrison Street,"49 Harrison St, Cardiff, NSW 2285",-32.9408868,151.6596607,22,1,1,0,TYPE2,22.0,22.0,"{""Available"": 1}",False
36e36d1d-718f-429c-828f-68150b84e574-6ca8a006-7da5-11f0-bfce-002248c7a48c,Nicholson Street Car Park North Sydney,"Nicholson Street, Wollstonecraft, 2065",-33.82728,151.19935,7.2,4,4,0,TYPE2,7.2,7.2,"{""Available"": 4}",False
15d06bf5-6b4a-425d-9312-bae4b17cc22b-1838,Thynk Building,"Unit 1, Ground Floor THYNK Building, 3 Bowden Way, Beresfield, NSW 2322",-32.8030085,151.6334311,22,3,3,0,TYPE2,22.0,22.0,"{""Available"": 3}",False
15d06bf5-6b4a-425d-9312-bae4b17cc22b-520,Energy Trade - STPE001,"30 Applebee St, St Peters, NSW 2044",-33.910117,151.1798105,22,1,1,0,TYPE2,22.0,22.0,"{""Missing"": 1}",False
d1cbdd86-205d-4538-b287-34032bf74788-aJyHa7wcVePPsYOacptUeIqPa9EwcWiTOjoj,3 Wentworth St Glebe NSW 2037,"3 Wentworth St, Glebe, NSW 2037",-33.880079,151.194364,22,1,1,0,TYPE2,22.0,22.0,"{""Available"": 1}",False
d1cbdd86-205d-4538-b287-34032bf74788-WrokX-x5A4XhFccNCD-uNYfwX82IrtH0Db1G,3 Kandy Ave Epping NSW 2121,"3 Kandy Ave, Epping, NSW 2121",-33.765316,151.08168,22,1,1,0,TYPE2,22.0,22.0,"{""Available"": 1}",False
baaffa39-0adb-422e-a7bf-4b391d232b5d-82,35 Holmwood St Newtown NSW 2042,"35 Holmwood St, Newtown NSW 2042, Australia, Newtown, NSW 2042",-33.904259,151.17864,22,1,1,0,TYPE2,22.0,22.0,"{""Available"": 1}",False
ac6d79e9-3d3d-4a6b-a3b2-99a06fe51e25-38,322 Bourke St-Surry Hills,"322 Bourke St, Surry Hills NSW 2010, Australi, Surry Hills, NSW 2010",-33.882089,151.2165,22,2,2,0,TYPE2,22.0,22.0,"{""Charging"": 2}",False
32c163d9-84aa-4c71-b092-9aab18f2e771-22259639,Hotel Etico,"11 Montgomery Street, MOUNT VICTORIA, NSW 2786",-33.58838316,150.25416984,22,1,1,0,TYPE2,22.0,22.0,"{""Unavailable"": 1}",False
15d06bf5-6b4a-425d-9312-bae4b17cc22b-2134,RSL Lifecare Port Macquarie,"821 Ocean Dr, Port Macquarie, NSW 2444",-31.4912785,152.9033541,22,3,3,0,TYPE2,22.0,22.0,"{""Available"": 3}",False
15d06bf5-6b4a-425d-9312-bae4b17cc22b-2679,Electrifying Assets - 24 Francis St,"24 Francis St, Colyton, NSW 2750",-33.778408,150.801085,22,1,1,0,TYPE2,22.0,22.0,"{""Available"": 1}",False
baaffa39-0adb-422e-a7bf-4b391d232b5d-86,Opposite 11 Beaumond Ave Maroubra NSW 2035,"11 Beaumond Ave, Maroubra NSW 2035, Australia, Maroubra, NSW 2035",-33.943922,151.26006,22,1,1,0,TYPE2,22.0,22.0,"{""Available"": 1}",False
ac6d79e9-3d3d-4a6b-a3b2-99a06fe51e25-181,22 Orchard Rd-Chatswood,"22 Orchard Rd, Chatswood NSW 2067, Australia, Chatswood, NSW 2067",-33.801482,151.18228,22,2,2,0,TYPE2,22.0,22.0,"{""Available"": 2}",False
15d06bf5-6b4a-425d-9312-bae4b17cc22b-438,Sapphire Valley Caravan Park,"Sapphire Valley Cvan Park, 29 Sapphire Coast Dr, Merimbula, NSW 2548",-36.8843332,149.9044714,7,1,1,0,TYPE2,7.0,7.0,"{""Available"": 1}",False
ac6d79e9-3d3d-4a6b-a3b2-99a06fe51e25-249,76A Barton St-Monterey,"76A Barton Street, Monterey , NSW, 2217, Bayside, NSW 2217",-33.972514,151.142334,22,2,2,0,TYPE2,22.0,22.0,"{""Available"": 2}",False
d1cbdd86-205d-4538-b287-34032bf74788-M-FfgzsukUUKQq9iqtKrLfWaSFEO7az5ornx,5 Bellevue Ave Greenwich NSW 2065,"5 Bellevue Ave, Greenwich, NSW 2065",-33.823174,151.18687,22,1,1,0,TYPE2,22.0,22.0,"{""Available"": 1}",False
15d06bf5-6b4a-425d-9312-bae4b17cc22b-2521,DFO Homebush,"G025A/3-5 Underwood Rd, Homebush, NSW 2140",-33.8546524,151.077357,22 - 150,3,5,4,CCS2|TYPE2,22.0,150.0,"{""Available"": 5}",True
d1cbdd86-205d-4538-b287-34032bf74788-8FQhTy8GrCykRP_zeQnCjEjQIsbDMP1fdu4k,11 Dubbo St Elong Elong,"11 Dubbo St, Elong Elong, 2831",-32.111607,149.0381389,22,1,1,0,TYPE2,22.0,22.0,"{""Available"": 1}",False
ac6d79e9-3d3d-4a6b-a3b2-99a06fe51e25-17,22 Carillon St-Camperdown,"22 Carillon St, Camperdown, NSW 2050, Camperdown, NSW 2050",-33.891232,151.18685,22,2,2,0,TYPE2,22.0,22.0,"{""Available"": 2}",False
32c163d9-84aa-4c71-b092-9aab18f2e771-A24374020106,LC 001,"180 River Road, Lane Cove, NSW 2066",-33.8249255,151.17681697,7.4,1,1,0,TYPE2,7.4,7.4,"{""Available"": 1}",False
d1cbdd86-205d-4538-b287-34032bf74788-UuVU8uptE2s67g1lQAV93o3MmEpHBD3H8MMY,4 Avona Ave Glebe NSW 2037,"4 Avona Ave, Glebe, NSW 2037",-33.87502,151.1844313,22,1,1,0,TYPE2,22.0,22.0,"{""Unknown"": 1}",False
d1cbdd86-205d-4538-b287-34032bf74788-BJsLF3xItKnhy0nLZFquMV-Udph3LJgaMOkE,32-34 George St Marrickville NSW 2204,"32-34 George St, Marrickville, NSW 2204",-33.904959,151.15054,22,1,1,0,TYPE2,22.0,22.0,"{""Available"": 1}",False
15d06bf5-6b4a-425d-9312-bae4b17cc22b-1223,Forbes Shire Council - Spring St,"21 Spring St, Forbes, NSW 2871",-33.3841497,148.0099857,22 - 60,3,4,2,CCS2|TYPE2,22.0,60.0,"{""Available"": 4}",True
15d06bf5-6b4a-425d-9312-bae4b17cc22b-1860,Queen Victoria Building - Vicinity,"15-17/455 George St, Sydney, NSW 2000",-33.8715234,151.206701,60,2,2,2,CCS2,60.0,60.0,"{""Available"": 2}",True
d1cbdd86-205d-4538-b287-34032bf74788-vBHXyWd65TA0Hhdq_ylVkGTSDLeTGRKus5Ij,Adj 29-33 Lachlan St (pole in Amelia St) Waterloo NSW 2017,"Adj 29-33 Lachlan St (pole in Amelia St), Waterloo, NSW 2017",-33.900966,151.21373,22,1,1,0,TYPE2,22.0,22.0,"{""Available"": 1}",False
32c163d9-84aa-4c71-b092-9aab18f2e771-EX-2223-1A10-1-2223-00012,Mudgee Homestead,"31 Coorumbene Rd, Buckaroo, NSW 2850",-32.55860935,149.65114277,22,1,1,0,TYPE2,22.0,22.0,"{""Available"": 1}",False
32c163d9-84aa-4c71-b092-9aab18f2e771-EX-2223-1A10-1-2244-00032,"Pelican Motor Inn, Merimbula","18 Merimbula Drive, Merimbula, NSW 2548",-36.88812237,149.90845079,7,1,1,0,TYPE2,7.0,7.0,"{""Available"": 1}",False
32c163d9-84aa-4c71-b092-9aab18f2e771-TACW742621G2254,Club Maitland City,"14 Arthur Street, Rutherford, NSW 2320",-32.71774,151.52831,7.4,1,1,0,TYPE2,7.4,7.4,"{""Unavailable"": 1}",False
15d06bf5-6b4a-425d-9312-bae4b17cc22b-2351,RSL Lifecare Tura Beach,"Mariner Park Village, 2B  Dr, Tura Beach, NSW 2548",-36.8641277,149.9135503,22,1,1,0,TYPE2,22.0,22.0,"{""Available"": 1}",False
15d06bf5-6b4a-425d-9312-bae4b17cc22b-1725,Lake Cargelligo Tourist Information Centre,"1 Foster St, Lake Cargelligo, NSW 2672",-33.297815,146.3761968,7,1,2,0,TYPE2,7.0,7.0,"{""Available"": 2}",False
15d06bf5-6b4a-425d-9312-bae4b17cc22b-2297,RSL Lifecare Ballina,"11 Hackett Ln, Ballina, NSW 2478",-28.8662843,153.5711132,22,2,2,0,TYPE2,22.0,22.0,"{""Available"": 2}",False
15d06bf5-6b4a-425d-9312-bae4b17cc22b-229,Quest Albury,"550 Kiewa St, Albury, NSW 2640",-36.0781605,146.9167471,22,4,4,0,TYPE2,22.0,22.0,"{""Available"": 3, ""Charging"": 1}",False
15d06bf5-6b4a-425d-9312-bae4b17cc22b-1572,Summer Hill (Sustainability Hub),"7 Prospect Rd, Summer Hill, NSW 2131",-33.8904443,151.1313954,22,4,4,0,TYPE2,22.0,22.0,"{""Available"": 4}",False
15d06bf5-6b4a-425d-9312-bae4b17cc22b-1771,Forster Civic Centre,"4A Lake St, Forster, NSW 2428",-32.1830335,152.5147744,22,4,4,0,TYPE2,22.0,22.0,"{""Available"": 4}",False
32c163d9-84aa-4c71-b092-9aab18f2e771-EX-2223-1A10-1-2244-00041,TOWN SQUARE MOTEL,"246 Anson Street, Orange, NSW 2800",-33.27533406,149.09985286,22,1,1,0,TYPE2,22.0,22.0,"{""Unavailable"": 1}",False
15d06bf5-6b4a-425d-9312-bae4b17cc22b-10,Campbelltown City Council,"Campbelltown, NSW 2560",-34.0632886,150.8169485,7,1,2,0,TYPE2,7.0,7.0,"{""Missing"": 2}",False
32c163d9-84aa-4c71-b092-9aab18f2e771-EX-2223-1A10-1-2244-00022,NELSON BAY BREEZE,"1 Trafalgar Street, Nelson Bay, NSW 2315",-32.71702774,152.15288588,22,1,1,0,TYPE2,22.0,22.0,"{""Available"": 1}",False
baaffa39-0adb-422e-a7bf-4b391d232b5d-113,8 Belmore St Enmore NSW 2042,"8 Belmore St, Enmore NSW 2042, Australia, Enmore, NSW 2042",-33.898101,151.17308,22,1,1,0,TYPE2,22.0,22.0,"{""Available"": 1}",False
d1cbdd86-205d-4538-b287-34032bf74788-9h8h9d87acKoZWiIUQFBTlmUpsuPyLx9080n,Adjacent 1A Cardigan St Auburn NSW 2144,"Adjacent 1A Cardigan St, Auburn, NSW 2144",-33.848025,151.02787,22,1,1,0,TYPE2,22.0,22.0,"{""Available"": 1}",False
15d06bf5-6b4a-425d-9312-bae4b17cc22b-1748,42 Malakoff Street Marrickville NSW 2204,"42 Malakoff St, Marrickville, NSW 2204",-33.9079964,151.1567163,22,1,2,0,TYPE2,22.0,22.0,"{""Available"": 2}",False
baaffa39-0adb-422e-a7bf-4b391d232b5d-48,1 Ewell St Bondi NSW 2026,"1 Ewell St, Bondi NSW 2026, Australia, Bondi, NSW 2026",-33.896397,151.26046,22,1,1,0,TYPE2,22.0,22.0,"{""Available"": 1}",False
15d06bf5-6b4a-425d-9312-bae4b17cc22b-1830,Westfield Kotara - Scentre Group,"Shop 2140, Westfield, 2140/1 Northcott Dr, Kotara, NSW 2289",-32.9407926,151.7105487,60,2,4,4,CCS2,60.0,60.0,"{""Available"": 4}",True
32c163d9-84aa-4c71-b092-9aab18f2e771-TACW742621G2220,Club Maitland City,"14 Arthur Street, Rutherford, NSW 2320",-32.71774,151.52831,7.4,1,1,0,TYPE2,7.4,7.4,"{""Available"": 1}",False
15d06bf5-6b4a-425d-9312-bae4b17cc22b-1742,"8 Federation Rd, Newtown","8 Federation Rd, Newtown, NSW 2050",-33.8936071,151.1783461,47,1,2,2,CCS2,47.0,47.0,"{""Available"": 2}",True
15d06bf5-6b4a-425d-9312-bae4b17cc22b-1888,Bunnings Bellambi,"Ln & Watts Ln, Bellambi, NSW 2518",-34.3621796,150.9079806,120,1,2,2,CCS2,120.0,120.0,"{""Available"": 2}",True
15d06bf5-6b4a-425d-9312-bae4b17cc22b-1043,Marrickville Metro,"20 Smidmore St, Marrickville, NSW 2204",-33.908086,151.1721824,22,4,4,0,TYPE2,22.0,22.0,"{""Available"": 4}",False
15d06bf5-6b4a-425d-9312-bae4b17cc22b-2135,RSL Lifecare Wagga,"50-56A McKell Ave, Mount Austin, NSW 2650",-35.1366,147.347177,22,3,3,0,TYPE2,22.0,22.0,"{""Available"": 3}",False
15d06bf5-6b4a-425d-9312-bae4b17cc22b-2066,Brigidine College Randwick - 6 Aeolia Street,"6 Aeolia St, NSW, Randwick, New South Wales 2031",-33.9190385,151.2432402,7,2,2,0,TYPE2,7.0,7.0,"{""Available"": 1, ""Charging"": 1}",False
32c163d9-84aa-4c71-b092-9aab18f2e771-B24373020165,LC 003,"180 River Road, Lane Cove, NSW 2066",-33.8249255,151.17681697,7.4,1,1,0,TYPE2,7.4,7.4,"{""Available"": 1}",False
15d06bf5-6b4a-425d-9312-bae4b17cc22b-585,Rosemont,"80 Hume Ln, Crows Nest, NSW 2065",-33.823146,151.2002953,22,1,1,0,TYPE2,22.0,22.0,"{""Available"": 1}",False
32c163d9-84aa-4c71-b092-9aab18f2e771-DEL-WTPcc-EX-2223-1A10-1-2244-00039,Bella Vista Motel,"5 Central Coast Highway, Kariong, NSW 2250",-33.43480555,151.29751509,22,1,1,0,TYPE2,22.0,22.0,"{""Unavailable"": 1}",False
15d06bf5-6b4a-425d-9312-bae4b17cc22b-1996,Eastpoint,"235-285 New South Head Rd, NSW, Edgecliff, 2027",-33.8795314,151.2364858,7,4,4,0,TYPE2,7.0,7.0,"{""Available"": 4}",False
32c163d9-84aa-4c71-b092-9aab18f2e771-240900122,Mollymook Shores Hotel,"11 Golf Ave, Mollymook, NSW 2539",-35.34039468,150.47375295,7,1,1,0,TYPE2,7.0,7.0,"{""Available"": 1}",False
32c163d9-84aa-4c71-b092-9aab18f2e771-C027646,CaptainKiloWatt,"40 Merimbula Drive, Merimbula, NSW 2548",-36.88940683,149.90479007,22,1,1,0,TYPE2,22.0,22.0,"{""Unavailable"": 1}",False
15d06bf5-6b4a-425d-9312-bae4b17cc22b-2040,"21 Russell St, Lilyfield","21 Russell St, Lilyfield, NSW 2040",-33.875569,151.1632871,22,1,2,0,TYPE2,22.0,22.0,"{""Available"": 2}",False
32c163d9-84aa-4c71-b092-9aab18f2e771-EX-2223-1A10-1-2244-00030,"Pelican Motor Inn, Merimbula","18 Merimbula Drive, Merimbula, NSW 2548",-36.88812237,149.90845079,7,1,1,0,TYPE2,7.0,7.0,"{""Available"": 1}",False
15d06bf5-6b4a-425d-9312-bae4b17cc22b-2065,Peppers & The Sebel Manly,"8 S Steyne, NSW, Manly, New South Wales 2095",-33.7998774,151.2894431,22,2,2,0,TYPE2,22.0,22.0,"{""Available"": 2}",False
ac6d79e9-3d3d-4a6b-a3b2-99a06fe51e25-256,11 Mandemar Ave-Homebush West,"11 Mandemar Ave, Homebush West, Strathfield, NSW 2135",-33.861669,151.064942,22,2,2,0,TYPE2,22.0,22.0,"{""Available"": 2}",False
d1cbdd86-205d-4538-b287-34032bf74788-rfS9Xui1sCkVeSL5nMNU7r6Av_A74A4Wa1yV,47 Morgan St Merewether NSW 2291,"47 Morgan St, Merewether, NSW 2291",-32.940066,151.75159,22,2,2,0,TYPE2,22.0,22.0,"{""Available"": 2}",False
15d06bf5-6b4a-425d-9312-bae4b17cc22b-1863,Bunnings Alexandria,"8 Euston Rd, Alexandria, NSW 2015",-33.9053367,151.1936557,120,1,2,2,CCS2,120.0,120.0,"{""Available"": 2}",True
15d06bf5-6b4a-425d-9312-bae4b17cc22b-1993,Willoughby City Council - Plunkett St,"1 Plunkett St, New South Wales, St Leonards, NSW 2065",-33.821558,151.196412,50,1,2,2,CCS2,50.0,50.0,"{""Available"": 2}",True
15d06bf5-6b4a-425d-9312-bae4b17cc22b-424,Rydges Newcastle - Schwartz Family,"350 Wharf Rd, Newcastle, NSW 2300",-32.9251925,151.773059,7,4,4,0,TYPE2,7.0,7.0,"{""Available"": 4}",False
15d06bf5-6b4a-425d-9312-bae4b17cc22b-291,Station Street - Thornleigh - Energy Trade,"21 Station St, Thornleigh, NSW 2120",-33.7325047,151.0813223,22,1,1,0,TYPE2,22.0,22.0,"{""Missing"": 1}",False
ac6d79e9-3d3d-4a6b-a3b2-99a06fe51e25-36,166 Wyndham St-Alexandria,"166 Wyndham St, Alexandria NSW 2015, Australi, Alexandria, NSW 2015",-33.900154,151.199343,22,2,2,0,TYPE2,22.0,22.0,"{""Charging"": 2}",False
15d06bf5-6b4a-425d-9312-bae4b17cc22b-991,Podium Oran Park - Recom,"351  Dr, Oran Park, NSW 2570",-34.0004614,150.7405915,22,5,5,0,TYPE2,22.0,22.0,"{""Available"": 3, ""Charging"": 2}",False
15d06bf5-6b4a-425d-9312-bae4b17cc22b-2319,Zenith Autohaus,"52 Merkel St, Thurgoona, NSW 2640",-36.061919,146.9618868,22,1,1,0,TYPE2,22.0,22.0,"{""Available"": 1}",False
15d06bf5-6b4a-425d-9312-bae4b17cc22b-1940,Coachman's Inn Motel Bathurst,"Coachmans Inn, 1 Littlebourne St, Kelso, NSW 2795",-33.4199724,149.6143985,22,2,2,0,TYPE2,22.0,22.0,"{""Available"": 2}",False
15d06bf5-6b4a-425d-9312-bae4b17cc22b-1401,Ingenia - Soldiers Point,"122  Rd, Soldiers Point, NSW 2317",-32.7111837,152.0695048,7,4,4,0,TYPE2,7.0,7.0,"{""Available"": 4}",False
15d06bf5-6b4a-425d-9312-bae4b17cc22b-2034,"67 John St, Leichhardt","67 John St, Leichhardt, NSW 2040",-33.8804965,151.1661681,22,1,2,0,TYPE2,22.0,22.0,"{""Available"": 1, ""Charging"": 1}",False
15d06bf5-6b4a-425d-9312-bae4b17cc22b-2042,"24-30 Bayley St, Marrickville","28 Bayley St, Marrickville, NSW 2204",-33.912016,151.1427426,22,1,2,0,TYPE2,22.0,22.0,"{""Available"": 2}",False
baaffa39-0adb-422e-a7bf-4b391d232b5d-39,2 Carawa St Umina Beach NSW 2257,"2 Carawa St, Umina Beach NSW 2257, Australia, Umina Beach, NSW 2257",-33.524585,151.312746,22,1,1,0,TYPE2,22.0,22.0,"{""Available"": 1}",False
15d06bf5-6b4a-425d-9312-bae4b17cc22b-1824,Bunnings Kingsgrove,"30A Richland St, Kingsgrove, NSW 2208",-33.93524,151.0986714,120,1,2,2,CCS2,120.0,120.0,"{""Available"": 2}",True
d1cbdd86-205d-4538-b287-34032bf74788-MxibAdNxu0UN-ntxtl2xOL4kHaCkTdc7l-5Z,Boundary St Gloucester,"Boundary St, Gloucester, 2422",-32.005654,151.9563331,22,1,1,0,TYPE2,22.0,22.0,"{""Available"": 1}",False
15d06bf5-6b4a-425d-9312-bae4b17cc22b-1521,Sponers Chalet - Sponers Asset Pty Ltd,"8568 Kosciuszko Rd, Perisher Valley, NSW 2627",-36.3599294,148.4849448,22,3,3,0,TYPE2,22.0,22.0,"{""Available"": 3}",False
15d06bf5-6b4a-425d-9312-bae4b17cc22b-1862,Bunnings Greenacre,"67 Roberts Rd, Greenacre, NSW 2190",-33.9020478,151.0655786,120,1,2,2,CCS2,120.0,120.0,"{""Available"": 2}",True
15d06bf5-6b4a-425d-9312-bae4b17cc22b-1525,Gateway to Thornleigh,"9 Chilvers Rd, Thornleigh, NSW 2120",-33.7234006,151.0824206,22,2,2,0,TYPE2,22.0,22.0,"{""Available"": 2}",False
15d06bf5-6b4a-425d-9312-bae4b17cc22b-892,"Intellihub - 176 Sutherland Street, Paddington","176 Sutherland St, Paddington, NSW 2021",-33.8843595,151.235984,22,1,1,0,TYPE2,22.0,22.0,"{""Available"": 1}",False
15d06bf5-6b4a-425d-9312-bae4b17cc22b-1479,Jervis Bay Holiday Park,"Leisure Haven Caravan Pk, 785  Rd, Woollamia, NSW 2540",-35.0231109,150.6615749,22,1,2,0,TYPE2,22.0,22.0,"{""Available"": 2}",False
15d06bf5-6b4a-425d-9312-bae4b17cc22b-1744,"61 Constitution Rd, Dulwich Hill","61 Constitution Rd, Dulwich Hill, NSW 2203",-33.9015095,151.1367499,22,1,2,0,TYPE2,22.0,22.0,"{""Available"": 2}",False
179ada28-f0c6-4431-a1fc-bbb2e5ec26d6-AUCHB22990001,Jesmond Executive Apartments,"189 Newcastle Road, Newcastle, NSW 2299",-32.90549,151.6911,22,2,2,0,TYPE2,22.0,22.0,"{""Available"": 2}",False
15d06bf5-6b4a-425d-9312-bae4b17cc22b-1150,Fisherman's Paradise Motel - Sussex Inlet,"164 River Rd, Sussex Inlet, NSW 2540",-35.1534186,150.596443,7 - 22,4,4,0,TYPE2,7.0,22.0,"{""Available"": 4}",False
15d06bf5-6b4a-425d-9312-bae4b17cc22b-2216,Canterbury League Club,"26 Bridge Rd, Belmore, NSW 2192",-33.9187399,151.0873564,22,4,4,0,TYPE2,22.0,22.0,"{""Available"": 4}",False
15d06bf5-6b4a-425d-9312-bae4b17cc22b-3046,Lathe Industrial Park,"20 Lathe Pl, Unanderra, NSW 2526",-34.4623822,150.8584624,22,8,8,0,TYPE2,22.0,22.0,"{""Available"": 8}",False
15d06bf5-6b4a-425d-9312-bae4b17cc22b-1755,Bega Community Centre,"40 Upper St, Bega, NSW 2550",-36.6773694,149.8453954,22,2,4,0,TYPE2,22.0,22.0,"{""Available"": 4}",False
32c163d9-84aa-4c71-b092-9aab18f2e771-DEL-22jZm-TACW2245321G9530,AC Terra Test,"43 Newton Road, Wetherill Park, NSW 2164",-33.84895584,150.88365114,22,1,1,0,TYPE2,22.0,22.0,"{""Unavailable"": 1}",False
ac6d79e9-3d3d-4a6b-a3b2-99a06fe51e25-15,19 Yurong St-Darlinghurst,"3-19 Yurong St, Darlinghurst, NSW 2010, Darlinghurst, NSW 2010",-33.874947,151.214184,22,2,2,0,TYPE2,22.0,22.0,"{""Available"": 2}",False
15d06bf5-6b4a-425d-9312-bae4b17cc22b-1658,Parkes Shire Library Carpark,"2 Cecile St, Parkes, NSW 2870",-33.1387093,148.1729954,22,4,4,0,TYPE2,22.0,22.0,"{""Available"": 4}",False
15d06bf5-6b4a-425d-9312-bae4b17cc22b-1724,Greig Bros Garage,"81 Merilba St, Tottenham, NSW 2873",-32.2449403,147.3564967,0,1,2,0,TYPE2,0.0,0.0,"{""Available"": 2}",False
15d06bf5-6b4a-425d-9312-bae4b17cc22b-96,Little St Carpark | Lane Cove Council,"2 Little St, Lane Cove North, NSW 2066",-33.8138903,151.1707874,7 - 22,7,7,0,TYPE2,7.0,22.0,"{""Available"": 6, ""Charging"": 1}",False
15d06bf5-6b4a-425d-9312-bae4b17cc22b-2754,Granville Place Shopping Centre,"31 East St, Granville, NSW 2142",-33.8327976,151.0135605,7 - 21,3,3,0,TYPE2,7.0,21.0,"{""Charging"": 3}",False
d1cbdd86-205d-4538-b287-34032bf74788-bkq01jP9PIFpqQKHHzCraJMJnmOGVLiXh7-q,Adj 1242 Botany Rd (pole in Edgehill Ave) Botany NSW 2019,"Adj 1242 Botany Rd (pole in Edgehill Ave), Botany, NSW 2019",-33.9511,151.1979,22,1,1,0,TYPE2,22.0,22.0,"{""Charging"": 1}",False
d1cbdd86-205d-4538-b287-34032bf74788-M_D5uCO4sNoDayBv_PL5JoOOeXDyDMh2MBn6,Adjacent 69 Ocean St -pole in 1 Wellington St Woollahra NSW 2025,"Adjacent 69 Ocean St -pole in 1 Wellington St, Woollahra, NSW 2025",-33.8857,151.2397,22,1,1,0,TYPE2,22.0,22.0,"{""Available"": 1}",False
15d06bf5-6b4a-425d-9312-bae4b17cc22b-1743,"34 Myra Rd, Dulwich Hill","34 Myra Rd, Dulwich Hill, NSW 2203",-33.9079415,151.1356726,22,1,2,0,TYPE2,22.0,22.0,"{""Available"": 2}",False
15d06bf5-6b4a-425d-9312-bae4b17cc22b-153,Club Central Hurstville,"2 Crofts Ave, Hurstville, NSW 2220",-33.9660368,151.1036698,22,4,4,0,TYPE2,22.0,22.0,"{""Available"": 2, ""Charging"": 2}",False
15d06bf5-6b4a-425d-9312-bae4b17cc22b-1715,See Saw Wines Cellar Door,"42 Lake Canobolas Rd, Nashdale, NSW 2800",-33.2990773,149.0193866,22,1,1,0,TYPE2,22.0,22.0,"{""Available"": 1}",False
15d06bf5-6b4a-425d-9312-bae4b17cc22b-2038,"52 Pembroke St, Ashfield","52 Pembroke St, Ashfield, NSW 2131",-33.8853908,151.1322384,22,1,2,0,TYPE2,22.0,22.0,"{""Available"": 2}",False
15d06bf5-6b4a-425d-9312-bae4b17cc22b-2087,Mount Annan Marketplace,"11 - 13 Main St, Mount Annan, NSW 2567",-34.0493134,150.7593171,120,2,4,4,CCS2,120.0,120.0,"{""Available"": 4}",True
32c163d9-84aa-4c71-b092-9aab18f2e771-21694271,VICTORIA & ALBERT GUESTHOUSE,"19 Station Street, Mount Victoria, NSW 2786",-33.58950325,150.25615207,22,1,1,0,TYPE2,22.0,22.0,"{""Available"": 1}",False
15d06bf5-6b4a-425d-9312-bae4b17cc22b-2133,Gregory Hills Centre,"1 Gregory Hills Dr, Gledswood Hills, NSW 2557",-34.0203298,150.7633134,150,2,4,4,CCS2,150.0,150.0,"{""Available"": 4}",True
15d06bf5-6b4a-425d-9312-bae4b17cc22b-2163,"Willoughby City Council - The Ice Works - 183 High St, Willoughby","183-191 High St, North Willoughby, NSW 2068",-33.796316,151.2012515,50,1,2,2,CCS2,50.0,50.0,"{""Available"": 2}",True
baaffa39-0adb-422e-a7bf-4b391d232b5d-117,3 William St Randwick NSW 2031,"3 William St, Randwick NSW 2031, Australia, Randwick, NSW 2031",-33.907292,151.23462,22,1,1,0,TYPE2,22.0,22.0,"{""Available"": 1}",False
15d06bf5-6b4a-425d-9312-bae4b17cc22b-1507,Solomon PTY LTD,"Sovereign Motor Inn, 111 Princes Hwy, Figtree, NSW 2525",-34.4405593,150.8566894,22,4,4,0,TYPE2,22.0,22.0,"{""Available"": 4}",False
15d06bf5-6b4a-425d-9312-bae4b17cc22b-1805,Huskisson Bayside Resort,"28-32 Bowen St, Huskisson, NSW 2540",-35.0413798,150.6722718,22,1,1,0,TYPE2,22.0,22.0,"{""Available"": 1}",False
15d06bf5-6b4a-425d-9312-bae4b17cc22b-1847,Bunnings Rydalmere,"316 Victoria Rd, Rydalmere, NSW 2116",-33.81024,151.03424,120,1,2,2,CCS2,120.0,120.0,"{""Available"": 1, ""Charging"": 1}",True
15d06bf5-6b4a-425d-9312-bae4b17cc22b-2446,Moama RSL,"56 Merool Rd, Moama, NSW 2731",-36.1035845,144.7322168,60,1,2,2,CCS2,60.0,60.0,"{""Available"": 2}",True
15d06bf5-6b4a-425d-9312-bae4b17cc22b-2855,Birrong Leisure & Aquatic Centre,"2 Wellington Rd, Birrong, NSW 2143",-33.8864685,151.0192732,60,1,2,2,CCS2,60.0,60.0,"{""Available"": 2}",True
32c163d9-84aa-4c71-b092-9aab18f2e771-22824761,Boathouse Resort  2,"21-23 Marine Drive, Tea Gardens, NSW 2324",-32.66214323,152.15660673,22,1,1,0,TYPE2,22.0,22.0,"{""Available"": 1}",False
15d06bf5-6b4a-425d-9312-bae4b17cc22b-2032,"107 Alt St, Ashfield","107 Alt St, Ashfield, NSW 2131",-33.8803158,151.1299199,22,1,2,0,TYPE2,22.0,22.0,"{""Available"": 2}",False
d1cbdd86-205d-4538-b287-34032bf74788-Ys9TgeLwQ2FUBob1JZOn_pF0WsbWlLmMN9hX,1 Westbourne Rd Lindfield NSW 2070,"1 Westbourne Rd, Lindfield, NSW 2070",-33.782619,151.17132,22,1,1,0,TYPE2,22.0,22.0,"{""Available"": 1}",False
15d06bf5-6b4a-425d-9312-bae4b17cc22b-722,West Ryde Smash Repairs,"932 Victoria Rd, West Ryde, NSW 2114",-33.8102536,151.0932679,22,1,1,0,TYPE2,22.0,22.0,"{""Available"": 1}",False
15d06bf5-6b4a-425d-9312-bae4b17cc22b-1734,Civic Gunnedah,"83 Chandos St, Gunnedah, NSW 2380",-30.9761991,150.2515352,22,2,4,0,TYPE2,22.0,22.0,"{""Available"": 4}",False
15d06bf5-6b4a-425d-9312-bae4b17cc22b-1992,Willoughby City Council - Anderson St,"370 Anderson St, Chatswood, NSW 2067",-33.7964104,151.1836091,50,1,2,2,CCS2,50.0,50.0,"{""Available"": 2}",True
15d06bf5-6b4a-425d-9312-bae4b17cc22b-2166,La Pera Estate,"842  Rd, Lovedale, NSW 2320",-32.7326471,151.3923335,22,4,4,0,TYPE2,22.0,22.0,"{""Available"": 4}",False
d1cbdd86-205d-4538-b287-34032bf74788-iAczGsh6imHW1YxU38xYHvX9I3ENU6EodggH,27-35 Doomben Ave Eastwood NSW 2122,"27-35 Doomben Ave, Eastwood, NSW 2122",-33.786148,151.0835,22,1,1,0,TYPE2,22.0,22.0,"{""Available"": 1}",False
15d06bf5-6b4a-425d-9312-bae4b17cc22b-1560,Tallowood Cottages,"1600 Bowraville Rd, Spicketts Creek, NSW 2454",-30.5303037,152.869309,7,1,1,0,TYPE2,7.0,7.0,"{""Available"": 1}",False
32c163d9-84aa-4c71-b092-9aab18f2e771-24377957,Boathouse Resort  1,"21-23 Marine Drive, Tea Gardens, NSW 2324",-32.66214323,152.15660673,22,1,1,0,TYPE2,22.0,22.0,"{""Available"": 1}",False
32c163d9-84aa-4c71-b092-9aab18f2e771-24378138,Boathouse Resort  4,"21-23 Marine Drive, Tea Gardens, NSW 2324",-32.66214323,152.15660673,22,1,1,0,TYPE2,22.0,22.0,"{""Available"": 1}",False
15d06bf5-6b4a-425d-9312-bae4b17cc22b-1799,Yalawanyi Ganya - Taree,"2 Biripi Wy, Taree, NSW 2430",-31.9341348,152.4651872,22,4,4,0,TYPE2,22.0,22.0,"{""Available"": 4}",False
15d06bf5-6b4a-425d-9312-bae4b17cc22b-2286,Ingenia Lifestyle - Element,"21  Rd, Fullerton Cove, NSW 2318",-32.8542583,151.8006691,22,1,1,0,TYPE2,22.0,22.0,"{""Available"": 1}",False
15d06bf5-6b4a-425d-9312-bae4b17cc22b-1722,"51 Bathurst Street, Condobolin","51 Bathurst St, Condobolin, NSW 2877",-33.0886001,147.1494866,22,1,2,0,TYPE2,22.0,22.0,"{""Available"": 2}",False
15d06bf5-6b4a-425d-9312-bae4b17cc22b-2553,Holiday Inn St Marys,"Corner Forrester And, Boronia Rd, St Marys, Saint Marys, NSW 2760",-33.7473065,150.7800182,22,3,3,0,TYPE2,22.0,22.0,"{""Available"": 1, ""Charging"": 1, ""OutOfService"": 1}",False
179ada28-f0c6-4431-a1fc-bbb2e5ec26d6-AUCHB28800001,Thrive Medical Broken Hill,"170 Crystal Street, Broken Hill, NSW 2880",-31.9609178,141.463042,22,4,4,0,TYPE2,22.0,22.0,"{""Available"": 3, ""Charging"": 1}",False
15d06bf5-6b4a-425d-9312-bae4b17cc22b-2379,Alto Castle Hill,"11 Hudson Ave, Castle Hill, NSW 2154",-33.7288511,150.9750568,60,1,2,2,CCS2|TYPE2,60.0,60.0,"{""Available"": 2}",True
32c163d9-84aa-4c71-b092-9aab18f2e771-B24373020168,LC 004,"180 River Road, Lane Cove, NSW 2066",-33.8249255,151.17681697,7.4,1,1,0,TYPE2,7.4,7.4,"{""Available"": 1}",False
32c163d9-84aa-4c71-b092-9aab18f2e771-A24374020105,LC 005,"180 River Road, Lane Cove, NSW 2066",-33.8249255,151.17681697,7.4,1,1,0,TYPE2,7.4,7.4,"{""Available"": 1}",False
d1cbdd86-205d-4538-b287-34032bf74788-cmRbBI7omIZ3MPuS2aQx-ubj2ge1s5feMEog,Opposite 2 Havilah Rd Lindfield NSW 2070,"Opposite 2 Havilah Rd, Lindfield, NSW 2070",-33.772828,151.1696,22,1,1,0,TYPE2,22.0,22.0,"{""Charging"": 1}",False
32c163d9-84aa-4c71-b092-9aab18f2e771-C6E06BJC22YQWNYGPC,Test DC 101,"62 Kitchener St, St Ives, St Ives, NSW 2075",-33.71307765,151.17083068,60,1,2,2,CHADEMO,60.0,60.0,"{""Unavailable"": 2}",True
baaffa39-0adb-422e-a7bf-4b391d232b5d-106,35 Gould Ave Lewisham NSW 2049,"35 Gould Ave, Lewisham NSW 2049, Australia, Lewisham, NSW 2049",-33.899375,151.14696,22,1,1,0,TYPE2,22.0,22.0,"{""Available"": 1}",False
32c163d9-84aa-4c71-b092-9aab18f2e771-A2433054016,Captain Kilowat DC,"40 Merimbula Drive, Merimbula, NSW 2548",-36.88940683,149.90479007,30,1,1,1,CCS2,30.0,30.0,"{""Unavailable"": 1}",True
15d06bf5-6b4a-425d-9312-bae4b17cc22b-2278,HomeCo Roselands SC,"24  Ave, Roselands, NSW 2196",-33.9349,151.068,120,1,2,2,CCS2,120.0,120.0,"{""Available"": 2}",True
15d06bf5-6b4a-425d-9312-bae4b17cc22b-1505,Bridgeview Motel,"2 The Corso, Gorokan, NSW 2263",-33.2597527,151.516506,7 - 22,2,2,0,TYPE2,7.0,22.0,"{""Available"": 2}",False
32c163d9-84aa-4c71-b092-9aab18f2e771-TACW743421G3071,Old Maitland Inn,"279 New England Highway, Rutherford, NSW 2320",-32.71688,151.52542,7.4,1,1,0,TYPE2,7.4,7.4,"{""Available"": 1}",False
15d06bf5-6b4a-425d-9312-bae4b17cc22b-1405,Liverpool Plains Shire Council - Currabubula Recreation Ground,"5 Werris Creek Rd, Currabubula, NSW 2342",-31.2608184,150.7395144,22,1,2,0,TYPE2,22.0,22.0,"{""Available"": 2}",False
32c163d9-84aa-4c71-b092-9aab18f2e771-TACW2242522G7336,Encor 1788,"21 Knox Lane, Double Bay, NSW 2028",-33.87612559,151.24236017,22,1,1,0,TYPE2,22.0,22.0,"{""Available"": 1}",False
32c163d9-84aa-4c71-b092-9aab18f2e771-80251205610,Johnson Bros. Mitre10,"73-75 Bassett Street, Mona Vale, NSW 2103",-33.67183865,151.30660949,120,1,2,2,CCS2,120.0,120.0,"{""Unavailable"": 2}",True
32c163d9-84aa-4c71-b092-9aab18f2e771-W2-2223-MA10-6-2548-00023,NELSON BAY BREEZE,"1 Trafalgar Street, Nelson Bay, NSW 2315",-32.71701209,152.15289505,22,1,1,0,TYPE2,22.0,22.0,"{""Available"": 1}",False
15d06bf5-6b4a-425d-9312-bae4b17cc22b-2518,Warriewood Square,"Square, 12 Jacksons Rd, Warriewood, NSW 2102",-33.6956998,151.2967734,22 - 150,3,4,2,CCS2|TYPE2,22.0,150.0,"{""Available"": 3, ""OutOfService"": 1}",True
179ada28-f0c6-4431-a1fc-bbb2e5ec26d6-AUCHB27650006,OLG Furniture,"Astoria Street, Sydney, NSW 2765",-33.71849,150.82832,22,4,4,0,TYPE2,22.0,22.0,"{""Available"": 4}",False
179ada28-f0c6-4431-a1fc-bbb2e5ec26d6-AUCHB27650004,Spirax Sarco Head Office,"1 Harris Avenue, Sydney, NSW 2765",-33.71652,150.83507,22,4,4,0,TYPE2,22.0,22.0,"{""Available"": 4}",False
15d06bf5-6b4a-425d-9312-bae4b17cc22b-1879,Bunnings Eastgardens,"140-148 Denison St, Hillsdale, NSW 2036",-33.9491679,151.2247949,120,1,2,2,CCS2,120.0,120.0,"{""Available"": 2}",True
15d06bf5-6b4a-425d-9312-bae4b17cc22b-2352,RSL Lifecare North Richmond,"26 Arthur Phillip Dr, North Richmond, NSW 2754",-33.5832542,150.7026697,22,1,1,0,TYPE2,22.0,22.0,"{""Available"": 1}",False
15d06bf5-6b4a-425d-9312-bae4b17cc22b-2036,"30 Hill St, Marrickville","30 Hill St, Marrickville, NSW 2204",-33.917825,151.1456355,22,1,2,0,TYPE2,22.0,22.0,"{""Available"": 2}",False
15d06bf5-6b4a-425d-9312-bae4b17cc22b-2035,"2 St Davids Rd, Haberfield","2 St Davids Rd, Haberfield, NSW 2045",-33.884617,151.1366103,22,1,2,0,TYPE2,22.0,22.0,"{""Available"": 2}",False
15d06bf5-6b4a-425d-9312-bae4b17cc22b-2109,Scarborough Wine Co. Winery and Administration,"972 Hermitage Rd, Pokolbin, NSW 2320",-32.7347528,151.2585687,22,1,2,0,TYPE2,22.0,22.0,"{""Available"": 2}",False
15d06bf5-6b4a-425d-9312-bae4b17cc22b-336,The Golden Dog Hotel,"57-59 Coramba St, Glenreagh, NSW 2450",-30.0512076,152.9799168,22,1,1,0,TYPE2,22.0,22.0,"{""Available"": 1}",False
15d06bf5-6b4a-425d-9312-bae4b17cc22b-2154,PARKROYAL Parramatta,"30 Phillip St, Parramatta, NSW 2150",-33.8122613,151.0049878,22,6,6,0,TYPE2,22.0,22.0,"{""Available"": 5, ""Charging"": 1}",False
15d06bf5-6b4a-425d-9312-bae4b17cc22b-2587,RideLender Padstow,"44 Gibson Ave, Padstow, NSW 2211",-33.9368796,151.0274547,60,2,4,4,CCS2,60.0,60.0,"{""Available"": 4}",True
15d06bf5-6b4a-425d-9312-bae4b17cc22b-1747,"407 New Canterbury Rd, Dulwich Hill","407 New Canterbury Rd, Dulwich Hill, NSW 2203",-33.9024135,151.1436912,22,1,2,0,TYPE2,22.0,22.0,"{""Available"": 2}",False
32c163d9-84aa-4c71-b092-9aab18f2e771-241000083,The Select Inn Gosford,"512 Pacific Highway, Wyoming, NSW 2250",-33.40509398,151.35051917,22,1,2,0,TYPE2,22.0,22.0,"{""Available"": 2}",False
15d06bf5-6b4a-425d-9312-bae4b17cc22b-1745,"67 Lilyfield Rd, Rozelle","67 Lilyfield Rd, Rozelle, NSW 2039",-33.8689498,151.1716716,22,1,2,0,TYPE2,22.0,22.0,"{""Available"": 1, ""Charging"": 1}",False
15d06bf5-6b4a-425d-9312-bae4b17cc22b-2444,EV Fast Charger 5 Cinders Ln,"12 Cinders Ln, Armidale, NSW 2350",-30.5141439,151.6658684,150,2,4,4,CCS2,150.0,150.0,"{""Available"": 1, ""OutOfService"": 3}",True
d1cbdd86-205d-4538-b287-34032bf74788-I1L2ZdRjbkhJrLp6y5m5AAG1unJIse5Vb_cj,Opposite 10 Judge St Randwick NSW 2031,"Opposite 10 Judge St, Randwick, NSW 2031",-33.916012,151.244597,22,1,1,0,TYPE2,22.0,22.0,"{""Available"": 1}",False
15d06bf5-6b4a-425d-9312-bae4b17cc22b-1746,"86a Victoria Rd, Marrickville","86a Victoria Rd, Marrickville, NSW 2204",-33.9057394,151.1683813,22,1,2,0,TYPE2,22.0,22.0,"{""Available"": 1, ""Charging"": 1}",False
15d06bf5-6b4a-425d-9312-bae4b17cc22b-2520,Bankstown Central,"Shop ML436/1 North Terrace, Bankstown, NSW 2200",-33.9165199,151.0402594,160,2,6,6,CCS2,160.0,160.0,"{""Available"": 5, ""Charging"": 1}",True
15d06bf5-6b4a-425d-9312-bae4b17cc22b-574,Rosebery Engine Yards - Goodman - AU369,"115-133 Dunning Ave, Rosebery, NSW 2018",-33.9183325,151.2021639,22,4,4,0,TYPE2,22.0,22.0,"{""Available"": 4}",False
32c163d9-84aa-4c71-b092-9aab18f2e771-TACW2240922T0336,Leeton Heritage Motor Inn,"29 Yanco Avenue, Leeton, NSW 2705",-34.55826579,146.4139099,22,1,1,0,TYPE2,22.0,22.0,"{""Available"": 1}",False
15d06bf5-6b4a-425d-9312-bae4b17cc22b-2519,Lake Haven Centre,"Cnr  Dr, Lake Haven, NSW 2263",-33.2401926,151.5037929,22 - 150,3,4,2,CCS2|TYPE2,22.0,150.0,"{""Available"": 4}",True
15d06bf5-6b4a-425d-9312-bae4b17cc22b-2647,Western Sydney University - Hawkesbury Campus - P1460,"Vines Dr, Richmond, NSW 2753",-33.6142948,150.7469723,60,2,4,4,CCS2,60.0,60.0,"{""Available"": 4}",True
32c163d9-84aa-4c71-b092-9aab18f2e771-EX-2223-1A10-1-2244-00036,Deniliquin Country Club Motor Inn,"68-72 Crispe Street, Deniliquin, NSW 2701",-35.53721063,144.96648052,7.4,1,1,0,TYPE2,7.4,7.4,"{""Available"": 1}",False
32c163d9-84aa-4c71-b092-9aab18f2e771-EX-2223-1A10-1-2244-00038,"Pelican Motor Inn, Merimbula","18 Merimbula Drive, Merimbula, NSW 2548",-36.88812237,149.90845079,7,1,1,0,TYPE2,7.0,7.0,"{""Available"": 1}",False
15d06bf5-6b4a-425d-9312-bae4b17cc22b-432,Canterbury Bankstown Council - Campsie Admin Centre,"137 Beamish St, Campsie, NSW 2194",-33.9077151,151.1035944,7,2,2,0,TYPE2,7.0,7.0,"{""Charging"": 1, ""Finishing"": 1}",False
15d06bf5-6b4a-425d-9312-bae4b17cc22b-728,SP103806 - LPC House,"3 Fordham Way, Oran Park, NSW 2570",-34.0001882,150.7388425,7,4,4,0,TYPE2,7.0,7.0,"{""Available"": 4}",False
15d06bf5-6b4a-425d-9312-bae4b17cc22b-1088,Oaks Nelson Bay Lure Suites,"20 Tomaree St, Nelson Bay, NSW 2315",-32.7230985,152.1412468,7,1,1,0,TYPE2,7.0,7.0,"{""Available"": 1}",False
15d06bf5-6b4a-425d-9312-bae4b17cc22b-2033,"20 Arthur St, Marrickville","20 Arthur St, Marrickville, NSW 2204",-33.9128493,151.1514703,22,1,2,0,TYPE2,22.0,22.0,"{""Available"": 2}",False
15d06bf5-6b4a-425d-9312-bae4b17cc22b-2085,Bathurst Railway Museum,"126 Havannah St, Bathurst, NSW 2795",-33.4260726,149.5815503,20,2,2,0,TYPE2,20.0,20.0,"{""Available"": 2}",False
15d06bf5-6b4a-425d-9312-bae4b17cc22b-1010,Subaru - PCS North Shore Sales (Private only),"355 Pacific Hwy, Artarmon, NSW 2064",-33.8169938,151.1803732,22,2,2,0,TYPE2,22.0,22.0,"{""Available"": 1, ""Charging"": 1}",False
ac6d79e9-3d3d-4a6b-a3b2-99a06fe51e25-86,3 Spring St-Chatswood,"3-9 Spring St, Chatswood, Chatswood, NSW 2067",-33.796884,151.184868,22,2,2,0,TYPE2,22.0,22.0,"{""Available"": 2}",False
15d06bf5-6b4a-425d-9312-bae4b17cc22b-2031,"16 Myra Rd, Dulwich Hill","16 Myra Rd, Dulwich Hill, NSW 2203",-33.907162,151.1357912,22,1,2,0,TYPE2,22.0,22.0,"{""Available"": 2}",False
15d06bf5-6b4a-425d-9312-bae4b17cc22b-598,Market Square | Lane Cove Council,"24-28 Burns Bay Rd, Lane Cove, NSW 2066",-33.8152452,151.1691799,7,5,5,0,TYPE2,7.0,7.0,"{""Available"": 5}",False
ac6d79e9-3d3d-4a6b-a3b2-99a06fe51e25-9,75 St Johns Rd-Glebe,"75 St Johns Rd, Glebe NSW 2037, Australia, Glebe, NSW 2037",-33.881093,151.187108,22,2,2,0,TYPE2,22.0,22.0,"{""Available"": 2}",False
15d06bf5-6b4a-425d-9312-bae4b17cc22b-2039,"12-14 Glen Street, Marrickville","12-14 Glen St, Marrickville, NSW 2204",-33.9159664,151.145994,22,1,2,0,TYPE2,22.0,22.0,"{""Available"": 2}",False
32c163d9-84aa-4c71-b092-9aab18f2e771-EX-2223-1A10-1-2244-00012,ARMIDALE PINES MOTEL,"141 Marsh St, Armidale, NSW 2350",-30.51644921,151.66813765,22,1,1,0,TYPE2,22.0,22.0,"{""Available"": 1}",False
32c163d9-84aa-4c71-b092-9aab18f2e771-SMP_6011003222,The Deck Cafe,"701 Lovedale Rd, Lovedale, NSW 2325",-32.745188,151.386908,22,1,2,0,TYPE2,22.0,22.0,"{""Available"": 2}",False
15d06bf5-6b4a-425d-9312-bae4b17cc22b-1878,Warren Shire Council Administration Building,"115 Dubbo St, Warren, NSW 2824",-31.7008445,147.8364811,22,1,2,0,TYPE2,22.0,22.0,"{""Available"": 2}",False
15d06bf5-6b4a-425d-9312-bae4b17cc22b-2048,Warren Visitors Information Centre,"2 Coonamble Rd, Beemunnel, NSW 2824",-31.6955192,147.8425889,22,1,2,0,TYPE2,22.0,22.0,"{""Available"": 2}",False
15d06bf5-6b4a-425d-9312-bae4b17cc22b-1865,Ardlethan -  Coolamon Shire Council and NSW Government,"Mithul St, Ardlethan, NSW 2665",-34.3538123,146.9020714,60,1,2,2,CCS2,60.0,60.0,"{""Available"": 2}",True
15d06bf5-6b4a-425d-9312-bae4b17cc22b-2204,Greenway Wetherill Park - Central Carpark,"1183-1187 The Horsley Dr, Wetherill Park, NSW 2164",-33.8504204,150.8983778,150,1,2,2,CCS2,150.0,150.0,"{""Available"": 2}",True
179ada28-f0c6-4431-a1fc-bbb2e5ec26d6-AUCHB27650005,Device Technologies,"158 Hollinsworth Road, Sydney, NSW 2765",-33.72094,150.83468,22,4,4,0,TYPE2,22.0,22.0,"{""Available"": 4}",False
32c163d9-84aa-4c71-b092-9aab18f2e771-23160318,Kitchener St,"Kitchener Street, ST Ives, NSW 2075",-33.71285992,151.17299923,7.4,1,1,0,TYPE2,7.4,7.4,"{""Missing"": 1}",False
15d06bf5-6b4a-425d-9312-bae4b17cc22b-242,Mingara Leisure Group - Tumbi Umbi,"Mingara Dr, Tumbi Umbi, NSW 2261",-33.3630652,151.443182,22,3,5,0,TYPE2,22.0,22.0,"{""Available"": 3, ""OutOfService"": 2}",False
15d06bf5-6b4a-425d-9312-bae4b17cc22b-2517,Chatswood Chase No.2,"345 Victoria Ave, Chatswood, NSW 2067",-33.7930422,151.1865547,150,1,2,2,CCS2,150.0,150.0,"{""Available"": 2}",True
15d06bf5-6b4a-425d-9312-bae4b17cc22b-2618,Dural Country Club,"662A Old Northern Rd, Dural, NSW 2158",-33.6758975,151.0252731,22,1,2,0,TYPE2,22.0,22.0,"{""Available"": 2}",False
15d06bf5-6b4a-425d-9312-bae4b17cc22b-2921,TAFE NSW - Byron,"23 Bayshore Dr, Byron Bay, NSW 2481",-28.6327538,153.5811823,22,1,2,0,TYPE2,22.0,22.0,"{""Available"": 2}",False
15d06bf5-6b4a-425d-9312-bae4b17cc22b-1192,EVSE Demonstration Location,"14 Millennium Ct, Silverwater, NSW 2128",-33.8324773,151.0406507,120,1,2,2,CCS2,120.0,120.0,"{""Available"": 2}",True
15d06bf5-6b4a-425d-9312-bae4b17cc22b-2543,Chatswood Chase,"345 Victoria Ave, Chatswood, NSW 2067",-33.7940051,151.1865976,7 - 180,3,4,2,CCS2|TYPE2,7.0,180.0,"{""Available"": 4}",True
32c163d9-84aa-4c71-b092-9aab18f2e771-21694260,VICTORIA & ALBERT GUESTHOUSE,"19 Station Street, Mount Victoria, NSW 2786",-33.58950325,150.25615207,22,1,1,0,TYPE2,22.0,22.0,"{""Available"": 1}",False
ac6d79e9-3d3d-4a6b-a3b2-99a06fe51e25-252,6 Westminster Rd-Gladesville,"6 Westminster Road, Gladesville, NSW, 2111, Ryde, NSW 2111",-33.824002,151.127431,22,2,2,0,TYPE2,22.0,22.0,"{""Available"": 2}",False
15d06bf5-6b4a-425d-9312-bae4b17cc22b-2041,"528 Illawarra Rd, Marrickville","528 Illawarra Rd, Marrickville, NSW 2204",-33.9200876,151.1441132,22,1,2,0,TYPE2,22.0,22.0,"{""Available"": 2}",False
d1cbdd86-205d-4538-b287-34032bf74788-zeoPoEcD-u4RaTltuHK4zIoIVqnTeUT1gWhG,6 Frome St Raglan,"6 Frome St, Raglan, 2795",-33.426197,149.6447012,22,1,1,0,TYPE2,22.0,22.0,"{""Available"": 1}",False
15d06bf5-6b4a-425d-9312-bae4b17cc22b-2405,Kareela Village SC,"1 Freya St, Kareela, NSW 2232",-34.01707,151.08093,150,1,2,2,CCS2,150.0,150.0,"{""Available"": 2}",True
15d06bf5-6b4a-425d-9312-bae4b17cc22b-2634,Western Sydney University - Kingswood Campus - P1461,"Building K Second Ave, Kingswood, NSW 2747",-33.76997,150.72924,60,2,4,4,CCS2,60.0,60.0,"{""Available"": 3, ""Finishing"": 1}",True
15d06bf5-6b4a-425d-9312-bae4b17cc22b-1555,Ingenia - Eden Beachfront,"Shadrack Resort, 441 Princes Hwy, Eden, NSW 2551",-37.0779399,149.8751304,7 - 22,3,4,0,TYPE2,7.0,22.0,"{""Available"": 4}",False
15d06bf5-6b4a-425d-9312-bae4b17cc22b-480,Waratah Sports Club,"34 Telopea Way, Orange, NSW 2800",-33.2491974,149.1016196,22,1,2,0,TYPE2,22.0,22.0,"{""Available"": 2}",False
15d06bf5-6b4a-425d-9312-bae4b17cc22b-1443,Five Mile Hotel,"289 Armidale Rd, South Grafton, NSW 2460",-29.734395,152.9400538,22,2,4,0,TYPE2,22.0,22.0,"{""Available"": 4}",False
15d06bf5-6b4a-425d-9312-bae4b17cc22b-2646,Western Sydney University - Campbelltown Campus - P1459,"Narellan Rd, Campbelltown, NSW 2560",-34.0659372,150.7985629,60,2,4,4,CCS2,60.0,60.0,"{""Available"": 4}",True
15d06bf5-6b4a-425d-9312-bae4b17cc22b-2786,Watagan Park Central,"66 Jeremiah Dr, Cooranbong, NSW 2265",-33.0596845,151.4615489,7 - 100,5,6,2,CCS2|TYPE2,7.0,100.0,"{""Available"": 6}",True
15d06bf5-6b4a-425d-9312-bae4b17cc22b-2037,"51 Albert St, Petersham","51 Albert St, Petersham, NSW 2049",-33.8970356,151.1577346,22,1,2,0,TYPE2,22.0,22.0,"{""Available"": 2}",False
15d06bf5-6b4a-425d-9312-bae4b17cc22b-2100,Scarborough Wine Co. Cellar Door,"179 Gillards Rd, NSW, Pokolbin, New South Wales 2320",-32.7640555,151.2915994,22,1,1,0,TYPE2,22.0,22.0,"{""Available"": 1}",False
15d06bf5-6b4a-425d-9312-bae4b17cc22b-2020,Warren Shire Carter Oval,"5 Stafford St, NSW, Warren, New South Wales 2824",-31.6977596,147.8306059,22,1,2,0,TYPE2,22.0,22.0,"{""Available"": 2}",False
15d06bf5-6b4a-425d-9312-bae4b17cc22b-2148,The Park Oasis Burwood,"46 Park Rd, Burwood, NSW 2134",-33.8748919,151.101138,22,2,2,0,TYPE2,22.0,22.0,"{""Available"": 2}",False
15d06bf5-6b4a-425d-9312-bae4b17cc22b-2701,Nepean,"Woodriff St, Penrith, NSW 2750",-33.7569989,150.6943137,7,2,2,0,TYPE2,7.0,7.0,"{""Available"": 1, ""Finishing"": 1}",False
15d06bf5-6b4a-425d-9312-bae4b17cc22b-486,Loughnan - Coolamon Shire Council and NSW Government,"Methul St S, Coolamon, NSW 2701",-34.81361,147.2015481,22,1,2,0,TYPE2,22.0,22.0,"{""Available"": 2}",False
15d06bf5-6b4a-425d-9312-bae4b17cc22b-2578,Genesis Care Campbelltown,"38 Camden Rd, Campbelltown, NSW 2560",-34.0716105,150.8059754,50 - 200,1,4,4,CCS2|CHADEMO,50.0,200.0,"{""Available"": 4}",True
15d06bf5-6b4a-425d-9312-bae4b17cc22b-425,Novotel Newcastle - Schwartz Family,"5 King St, Newcastle, NSW 2300",-32.9292642,151.784893,7,1,1,0,TYPE2,7.0,7.0,"{""Available"": 1}",False
32c163d9-84aa-4c71-b092-9aab18f2e771-KKB253900374WE,Seaside Holiday Resort,"48 Marine Drive, Fingal Bay, NSW 2315",-32.74245264,152.16995892,22,1,1,0,TYPE2,22.0,22.0,"{""Available"": 1}",False
15d06bf5-6b4a-425d-9312-bae4b17cc22b-2936,Anthony Skarratt Reserve,"42 Nelson Rd, Box Hill, NSW 2765",-33.6629541,150.9077769,22,1,2,0,TYPE2,22.0,22.0,"{""Available"": 2}",False
ac6d79e9-3d3d-4a6b-a3b2-99a06fe51e25-128,126 Bourke Rd-Alexandria,"126 Bourke Rd, Alexandria NSW 2015, Australia, Alexandria, NSW 2015",-33.913631,151.192596,22,2,2,0,TYPE2,22.0,22.0,"{""Available"": 1, ""Charging"": 1}",False
15d06bf5-6b4a-425d-9312-bae4b17cc22b-2465,Quakers Court,"Quakers Rd &, Falmouth Rd, Quakers Hill, NSW 2763",-33.7406447,150.8850714,120,1,2,2,CCS2,120.0,120.0,"{""Available"": 2}",True
15d06bf5-6b4a-425d-9312-bae4b17cc22b-2844,Panania Carpark,"202 Tower St, Panania, NSW 2213",-33.955717,150.996881,50,1,2,2,CCS2,50.0,50.0,"{""Available"": 2}",True
15d06bf5-6b4a-425d-9312-bae4b17cc22b-2366,AarLaur Lodge,"27 Candlebark Cct, Jindabyne, NSW 2627",-36.4215308,148.6171053,7,2,2,0,TYPE2,7.0,7.0,"{""Available"": 2}",False
15d06bf5-6b4a-425d-9312-bae4b17cc22b-2696,Electrifying Assets - 129 Stafford St,"129 Stafford St, Penrith, NSW 2750",-33.761459,150.706261,22,1,1,0,TYPE2,22.0,22.0,"{""Available"": 1}",False
15d06bf5-6b4a-425d-9312-bae4b17cc22b-435,Club Lemon Tree,"18A Gould Dr, Lemon Tree Passage, NSW 2319",-32.7336011,152.0336795,7,2,4,0,TYPE2,7.0,7.0,"{""Available"": 4}",False
15d06bf5-6b4a-425d-9312-bae4b17cc22b-528,Kyogle Council - Woodenbong Recreation Reserve,"1 Unumgar St, Woodenbong, NSW 2476",-28.388896,152.6087317,22,1,2,0,TYPE2,22.0,22.0,"{""Available"": 2}",False
15d06bf5-6b4a-425d-9312-bae4b17cc22b-447,Ingenia - Hunter Valley,"137 Mount View Rd, Cessnock, NSW 2325",-32.8319309,151.3383938,7,2,2,0,TYPE2,7.0,7.0,"{""Available"": 2}",False
15d06bf5-6b4a-425d-9312-bae4b17cc22b-1569,The Commercial Hotel Wallerawang,"66 Main St, Wallerawang, NSW 2845",-33.4073176,150.0674988,22,2,4,0,TYPE2,22.0,22.0,"{""Available"": 4}",False
15d06bf5-6b4a-425d-9312-bae4b17cc22b-2088,Redbank Village,"41 Yobarnie Ave, North Richmond, NSW 2754",-33.583286,150.700923,180,1,2,2,CCS2,180.0,180.0,"{""Available"": 2}",True
15d06bf5-6b4a-425d-9312-bae4b17cc22b-2390,Mount View Estate,"502  Rd, Mount View, NSW 2325",-32.8328459,151.3050248,22,1,2,0,TYPE2,22.0,22.0,"{""Available"": 2}",False
179ada28-f0c6-4431-a1fc-bbb2e5ec26d6-AUCHB22280001,Meridian - Michael Smith,"680 Kingsway, Miranda, NSW 2228",-34.0337527,151.0945653,7.4,1,1,0,TYPE2,7.4,7.4,"{""Available"": 1}",False
15d06bf5-6b4a-425d-9312-bae4b17cc22b-512,Sheraton Grand Sydney Hyde Park,"161 Elizabeth St, Sydney, NSW 2000",-33.8715281,151.2098195,22,8,8,0,TYPE2,22.0,22.0,"{""Available"": 8}",False
15d06bf5-6b4a-425d-9312-bae4b17cc22b-2084,Bathurst Motor Racing Museum,"400 Panorama Ave, NSW, Bathurst, New South Wales 2795",-33.440074,149.5620353,20,2,2,0,TYPE2,20.0,20.0,"{""Available"": 2}",False
15d06bf5-6b4a-425d-9312-bae4b17cc22b-2023,Jerrabomberra Mixed Use Development,"14 Ferdinand Ln, NSW, Jerrabomberra, New South Wales 2619",-35.3806566,149.1978441,22,2,4,0,TYPE2,22.0,22.0,"{""Available"": 2, ""OutOfService"": 2}",False
32c163d9-84aa-4c71-b092-9aab18f2e771-TACW743421G3064,Old Maitland Inn,"279 New England Highway, Rutherford, NSW 2320",-32.71688,151.52542,7.4,1,1,0,TYPE2,7.4,7.4,"{""Available"": 1}",False
32c163d9-84aa-4c71-b092-9aab18f2e771-240700338,Gosford Palms Motor Inn,"7 - 9 Moore St, West Gosford, NSW 2250",-33.42578984,151.332455,22,1,2,0,TYPE2,22.0,22.0,"{""Available"": 2}",False
15d06bf5-6b4a-425d-9312-bae4b17cc22b-303,Hamilton Queanbeyan Motel - ActewAGL,"53 Tharwa Rd, Queanbeyan West, NSW 2620",-35.3573098,149.2225112,22,2,4,0,TYPE2,22.0,22.0,"{""Available"": 4}",False
15d06bf5-6b4a-425d-9312-bae4b17cc22b-2842,Bankstown Marion Street Car Park,"40 Marion St, Bankstown, NSW 2200",-33.9176822,151.031472,22,3,6,0,TYPE2,22.0,22.0,"{""Available"": 6}",False
15d06bf5-6b4a-425d-9312-bae4b17cc22b-1380,Milton Ulladulla Exservos Club,"212-222 Princes Hwy, Ulladulla, NSW 2539",-35.3684214,150.4706082,22,2,4,0,TYPE2,22.0,22.0,"{""Available"": 4}",False
15d06bf5-6b4a-425d-9312-bae4b17cc22b-2610,Arriva Camperdown,"26 Dunblane St, Camperdown, NSW 2050",-33.8881314,151.1795327,22,1,1,0,TYPE2,22.0,22.0,"{""Available"": 1}",False
15d06bf5-6b4a-425d-9312-bae4b17cc22b-1519,Alpine resort motel - Snowy resort pty ltd,"1 Nettin Cct, Jindabyne, NSW 2627",-36.4179395,148.6092193,11,4,4,0,TYPE2,11.0,11.0,"{""Available"": 4}",False
15d06bf5-6b4a-425d-9312-bae4b17cc22b-2676,Electrifying Assets - 15 vista St,"15 Vista St, Penrith, NSW 2747",-33.753712,150.688382,22,1,1,0,TYPE2,22.0,22.0,"{""Available"": 1}",False
15d06bf5-6b4a-425d-9312-bae4b17cc22b-2683,Electrifying Assets - 204 Derby St,"204 Derby St, Penrith, NSW 2747",-33.757611,150.697934,22,1,1,0,TYPE2,22.0,22.0,"{""Available"": 1}",False
15d06bf5-6b4a-425d-9312-bae4b17cc22b-893,Intellihub - 71 Adelaide Street,"71 Adelaide St, Woollahra, NSW 2025",-33.8884408,151.2513321,22,1,1,0,TYPE2,22.0,22.0,"{""OutOfService"": 1}",False
15d06bf5-6b4a-425d-9312-bae4b17cc22b-1578,Maitland Levee - Riverside Carpark,"2 St Andrews St, Maitland, NSW 2320",-32.7302737,151.5538537,22,1,2,0,TYPE2,22.0,22.0,"{""Available"": 2}",False
15d06bf5-6b4a-425d-9312-bae4b17cc22b-1328,Sycamore Street Carpark,"1 Chelmsford Pl, Leeton, NSW 2705",-34.5508649,146.4051814,22,1,1,0,TYPE2,22.0,22.0,"{""Available"": 1}",False
15d06bf5-6b4a-425d-9312-bae4b17cc22b-1534,Wallangulla Motel (LRDBC),"22 Morilla St, Lightning Ridge, NSW 2834",-29.42863,147.97752,22,4,4,0,TYPE2,22.0,22.0,"{""Available"": 4}",False
15d06bf5-6b4a-425d-9312-bae4b17cc22b-1337,North Turramurra Recreation Area,"361A Bobbin Head Rd, North Turramurra, NSW 2074",-33.7025027,151.1487267,22,1,2,0,TYPE2,22.0,22.0,"{""Available"": 2}",False
15d06bf5-6b4a-425d-9312-bae4b17cc22b-2564,TAFE NSW - Kingswood,"12-44 O'Connell St, Kingswood, NSW 2747",-33.7638761,150.7352017,22 - 35.1,1,3,2,CCS2|CHADEMO|TYPE2,22.0,35.1,"{""Available"": 3}",True
15d06bf5-6b4a-425d-9312-bae4b17cc22b-1390,Liverpool Plains Shire Council - Willow Tree Visitor Information Centre,"16/20 New England Hwy, Willow Tree, NSW 2339",-31.649149,150.7268856,7,1,2,0,TYPE2,7.0,7.0,"{""Available"": 2}",False
15d06bf5-6b4a-425d-9312-bae4b17cc22b-898,Intellihub - 1-3 Warners Avenue North Bondi,"1-3 Warners Ave, North Bondi, NSW 2026",-33.8845996,151.2712066,22,1,1,0,TYPE2,22.0,22.0,"{""Available"": 1}",False
15d06bf5-6b4a-425d-9312-bae4b17cc22b-1183,Caels Gate Winery - Broke NSW,"697 Wollombi Rd, Broke, NSW 2330",-32.7954858,151.0769092,22,1,2,0,TYPE2,22.0,22.0,"{""Available"": 2}",False
15d06bf5-6b4a-425d-9312-bae4b17cc22b-999,Uralla Bowling Club - Uralla,"52 Hill Street, Uralla, NSW 2358",-30.6392657,151.498423,22,2,4,0,TYPE2,22.0,22.0,"{""Available"": 4}",False
d1cbdd86-205d-4538-b287-34032bf74788-4v295MOjPcSt4hQYMnn1ZjNMgKvOggxRAigC,3 John St Mascot NSW 2020,"3 John St, Mascot, NSW 2020",-33.923982,151.18941,22,1,1,0,TYPE2,22.0,22.0,"{""Available"": 1}",False
15d06bf5-6b4a-425d-9312-bae4b17cc22b-1564,Kempsey Shire Council - Dunghutti-Ngaku Aboriginal Art Gallery,"62 Lachlan St, South Kempsey, NSW 2440",-31.0967091,152.8350678,7,1,2,0,TYPE2,7.0,7.0,"{""Available"": 2}",False
15d06bf5-6b4a-425d-9312-bae4b17cc22b-899,"Intellihub - 9 Anzac Ave, Collaroy","9 Anzac Ave, Collaroy, NSW 2097",-33.7386068,151.3041171,22,1,1,0,TYPE2,22.0,22.0,"{""Available"": 1}",False
15d06bf5-6b4a-425d-9312-bae4b17cc22b-1455,Arriva Strathfield,"23 Morwick St, Strathfield, NSW 2135",-33.8747073,151.0949486,7,1,1,0,TYPE2,7.0,7.0,"{""Available"": 1}",False
15d06bf5-6b4a-425d-9312-bae4b17cc22b-138,Thredbo Village,"7 A, 7 A Friday Dr, Thredbo, NSW 2625",-36.4993618,148.3140571,22,5,10,0,TYPE2,22.0,22.0,"{""Available"": 8, ""OutOfService"": 2}",False
15d06bf5-6b4a-425d-9312-bae4b17cc22b-2513,Forbes Street Charger,"6 Forbes St, Grenfell, NSW 2810",-33.8896094,148.1608406,22,1,2,0,TYPE2,22.0,22.0,"{""Available"": 1, ""Finishing"": 1}",False
15d06bf5-6b4a-425d-9312-bae4b17cc22b-2516,Nepean Village Shopping Centre,"Woodriff St, Penrith, NSW 2750",-33.758099,150.691843,150,1,2,2,CCS2,150.0,150.0,"{""Available"": 2}",True
15d06bf5-6b4a-425d-9312-bae4b17cc22b-2773,Goodman – AU187 Oakdale West 4A/B,"2 Cuprum Cl, Kemps Creek, NSW 2178",-33.8303917,150.8034626,22,1,2,0,TYPE2,22.0,22.0,"{""Available"": 2}",False
15d06bf5-6b4a-425d-9312-bae4b17cc22b-2815,Revesby,"Marco Ave, Revesby, NSW 2212",-33.9521924,151.0126372,50,1,2,2,CCS2,50.0,50.0,"{""OutOfService"": 2}",True
15d06bf5-6b4a-425d-9312-bae4b17cc22b-2350,RSL Lifecare Dubbo,"28A Lansdowne Dr, Dubbo, NSW 2830",-32.2497561,148.572459,22,1,1,0,TYPE2,22.0,22.0,"{""Available"": 1}",False
15d06bf5-6b4a-425d-9312-bae4b17cc22b-2317,Kingscliff Shopping Centre,"Shopping Village, 24 Pearl St, Kingscliff, NSW 2487",-28.2562739,153.5750002,60,1,2,2,CCS2,60.0,60.0,"{""Available"": 2}",True
15d06bf5-6b4a-425d-9312-bae4b17cc22b-2856,Chester Hill Library Car Park,"233 Wellington Rd, Chester Hill, NSW 2162",-33.8848225,150.9999872,22,2,4,0,TYPE2,22.0,22.0,"{""Available"": 4}",False
15d06bf5-6b4a-425d-9312-bae4b17cc22b-3048,Culburra Bowling & Recreation Club,"Prince Edward Ave & West Cres, Culburra Beach, NSW 2540",-34.9313336,150.7558727,22,1,2,0,TYPE2,22.0,22.0,"{""Available"": 2}",False
15d06bf5-6b4a-425d-9312-bae4b17cc22b-2681,Electrifying Assets - 3 Markham Ave,"3 Markham Ave, Penrith, NSW 2760",-33.754802,150.711581,22,1,1,0,TYPE2,22.0,22.0,"{""Available"": 1}",False
15d06bf5-6b4a-425d-9312-bae4b17cc22b-2674,Electrifying Assets - 141 Station St,"141 Station St, Penrith, NSW 2750",-33.756326,150.692205,22,1,1,0,TYPE2,22.0,22.0,"{""Available"": 1}",False
15d06bf5-6b4a-425d-9312-bae4b17cc22b-2841,Morris Iemma Sports Centre,"150 Belmore Rd, Riverwood, NSW 2210",-33.9438716,151.0545873,22 - 60,2,4,2,CCS2|TYPE2,22.0,60.0,"{""Available"": 4}",True
15d06bf5-6b4a-425d-9312-bae4b17cc22b-3304,Cowra Art Gallery EV Chargers,"77 Darling St, Cowra New South Wales, NSW 2794",-33.83432,148.69429,22,1,2,0,TYPE2,22.0,22.0,"{""Available"": 2}",False
15d06bf5-6b4a-425d-9312-bae4b17cc22b-2680,Electrifying Assets - 29 hobart St,"29 Hobart St, Oxley Park, NSW 2760",-33.765106,150.791532,22,1,1,0,TYPE2,22.0,22.0,"{""Available"": 1}",False
15d06bf5-6b4a-425d-9312-bae4b17cc22b-1060,PCYC - Northern Beaches Council,"40 Kingsway, Dee Why, NSW 2099",-33.7503059,151.2862588,7,3,3,0,TYPE2,7.0,7.0,"{""Available"": 3}",False
15d06bf5-6b4a-425d-9312-bae4b17cc22b-146,Camden Council - Oran Park Library,"72 Central Ave, Oran Park, NSW 2570",-33.9992231,150.7444047,22,1,2,0,TYPE2,22.0,22.0,"{""Available"": 2}",False
15d06bf5-6b4a-425d-9312-bae4b17cc22b-478,Tyrrells,"1838 Broke Rd, Pokolbin, NSW 2320",-32.7691856,151.2737075,22,2,4,0,TYPE2,22.0,22.0,"{""Available"": 4}",False
15d06bf5-6b4a-425d-9312-bae4b17cc22b-873,"Intellihub - 46 Dutruc Street, Randwick","46 Dutruc St, Randwick, NSW 2031",-33.9120156,151.2450131,22,1,1,0,TYPE2,22.0,22.0,"{""Available"": 1}",False
15d06bf5-6b4a-425d-9312-bae4b17cc22b-1407,Cootamundra-Gundagai Regional Council - Library,"81 Wallendoon St, Cootamundra, NSW 2590",-34.6395032,148.0257059,22,2,4,0,TYPE2,22.0,22.0,"{""Available"": 4}",False
15d06bf5-6b4a-425d-9312-bae4b17cc22b-1478,Carrathool Shire Council - Hillston Library,"175 High St, Hillston, NSW 2675",-33.4866947,145.5287553,22,1,2,0,TYPE2,22.0,22.0,"{""Available"": 2}",False
15d06bf5-6b4a-425d-9312-bae4b17cc22b-1417,Ingenia - Ulladulla,"300 Kings Point Dr, Ulladulla, NSW 2539",-35.3728739,150.4624822,7,4,4,0,TYPE2,7.0,7.0,"{""Available"": 4}",False
15d06bf5-6b4a-425d-9312-bae4b17cc22b-1204,Blacktown International Sports Park,"81 Eastern Rd, Rooty Hill, NSW 2766",-33.7706618,150.8537603,22,2,4,0,TYPE2,22.0,22.0,"{""Available"": 4}",False
15d06bf5-6b4a-425d-9312-bae4b17cc22b-1531,Thornton Library,"Taylor Ave, Thornton, NSW 2322",-32.7773995,151.6405329,22,2,4,0,TYPE2,22.0,22.0,"{""Available"": 4}",False
15d06bf5-6b4a-425d-9312-bae4b17cc22b-747,Seymour Residence Roseville,"989 Pacific Hwy, Roseville, NSW 2069",-33.7887782,151.1803313,22,5,5,0,TYPE2,22.0,22.0,"{""Available"": 3, ""Charging"": 2}",False
15d06bf5-6b4a-425d-9312-bae4b17cc22b-1501,Gwydir Shire Council - Roxy Theatre,"70 Maitland St, Bingara, NSW 2404",-29.8690751,150.5712429,22,1,2,0,TYPE2,22.0,22.0,"{""Available"": 2}",False
15d06bf5-6b4a-425d-9312-bae4b17cc22b-420,Rydges Sydney Central - Schwartz Family,"28 Albion St, Surry Hills, NSW 2010",-33.8819201,151.2097607,7,2,2,0,TYPE2,7.0,7.0,"{""Available"": 2}",False
15d06bf5-6b4a-425d-9312-bae4b17cc22b-1201,Intellihub - Station St (near Dora St) Morisset,"81 Dora St, Morisset, NSW 2264",-33.1080533,151.4874849,22,1,1,0,TYPE2,22.0,22.0,"{""Available"": 1}",False
179ada28-f0c6-4431-a1fc-bbb2e5ec26d6-AUCHB22280003,Meridian Unit 606 - Juliet Sharpe,"680 Kingsway, Sydney, NSW 2228",-34.0337527,151.0945653,7.2,1,1,0,TYPE2,7.2,7.2,"{""Available"": 1}",False
15d06bf5-6b4a-425d-9312-bae4b17cc22b-789,"Intellihub - 20 Phoenix Street, Lane Cove","20 Phoenix St, Lane Cove, NSW 2066",-33.813944,151.1723489,22,1,1,0,TYPE2,22.0,22.0,"{""Available"": 1}",False
15d06bf5-6b4a-425d-9312-bae4b17cc22b-17,Max Webber Library,"Flushcombe Rd & Alpha St, Blacktown, NSW 2148",-33.7718108,150.9082711,7,2,2,0,TYPE2,7.0,7.0,"{""Available"": 2}",False
15d06bf5-6b4a-425d-9312-bae4b17cc22b-900,Intellihub - Blackbutts Rd,"52 Blackbutts Rd, Frenchs Forest, NSW 2086",-33.74183,151.2137825,22,1,1,0,TYPE2,22.0,22.0,"{""Available"": 1}",False
15d06bf5-6b4a-425d-9312-bae4b17cc22b-481,Western Sydney Conference Centre,"83 Mulgoa Rd, Penrith, NSW 2750",-33.7577332,150.6839358,22,4,4,0,TYPE2,22.0,22.0,"{""Available"": 4}",False
15d06bf5-6b4a-425d-9312-bae4b17cc22b-1400,Ingenia - One Mile,"426 Gan Gan Rd, One Mile, NSW 2316",-32.776436,152.1135114,7,3,4,0,TYPE2,7.0,7.0,"{""Available"": 4}",False
15d06bf5-6b4a-425d-9312-bae4b17cc22b-474,Rydges World Square - Schwartz Family,"389 Pitt St, Sydney, NSW 2000",-33.8769645,151.2074949,6.4,2,2,0,TYPE2,6.4,6.4,"{""Available"": 2}",False
15d06bf5-6b4a-425d-9312-bae4b17cc22b-594,Blacktown Workers Club,"55 Campbell St, 2148, Blacktown, NSW 2145",-33.7732397,150.9087369,7,2,4,0,TYPE2,7.0,7.0,"{""Available"": 2, ""OutOfService"": 2}",False
15d06bf5-6b4a-425d-9312-bae4b17cc22b-379,Stevens Park Rockley,"Rockley, NSW 2795",-33.6887306,149.5643453,7,1,2,0,TYPE2,7.0,7.0,"{""Available"": 2}",False
15d06bf5-6b4a-425d-9312-bae4b17cc22b-1001,"Intellihub - Quarry St, Paddington","1 Quarry St, Paddington, NSW 2021",-33.8846447,151.2372822,22,1,1,0,TYPE2,22.0,22.0,"{""Available"": 1}",False
15d06bf5-6b4a-425d-9312-bae4b17cc22b-1673,Wallendbeen Park Farm,"1498 Cullinga Rd, Wallendbeen, NSW 2588",-34.5443556,148.1668362,7,1,1,0,TYPE2,7.0,7.0,"{""Available"": 1}",False
15d06bf5-6b4a-425d-9312-bae4b17cc22b-1312,Denman Van Village,"14 Macauley St, Denman, NSW 2328",-32.3944282,150.6842498,7,2,2,0,TYPE2,7.0,7.0,"{""Available"": 2}",False
15d06bf5-6b4a-425d-9312-bae4b17cc22b-354,The Carrington Inn,"59 Ellendon St, Bungendore, NSW 2621",-35.2576783,149.4394187,22,4,8,0,TYPE2,22.0,22.0,"{""Available"": 7, ""OutOfService"": 1}",False
15d06bf5-6b4a-425d-9312-bae4b17cc22b-526,Kyogle Council - Tabulam Sports Ground,"39 Clarence St, Tabulam, NSW 2469",-28.8904104,152.5665971,22,1,2,0,TYPE2,22.0,22.0,"{""Available"": 2}",False
15d06bf5-6b4a-425d-9312-bae4b17cc22b-1612,Albion Park Bowling Club,"52 Taylor Rd, Albion Park, NSW 2527",-34.5703806,150.7687428,22,2,4,0,TYPE2,22.0,22.0,"{""Available"": 4}",False
15d06bf5-6b4a-425d-9312-bae4b17cc22b-960,Golden Age Motor Inn,"56 Macquoid St, Queanbeyan East, NSW 2620",-35.3505578,149.2415228,22,1,2,0,TYPE2,22.0,22.0,"{""Available"": 2}",False
15d06bf5-6b4a-425d-9312-bae4b17cc22b-1430,The Gibraltar,"7 Boronia St, Bowral, NSW 2576",-34.4662955,150.4136177,22,2,4,0,TYPE2,22.0,22.0,"{""Available"": 4}",False
15d06bf5-6b4a-425d-9312-bae4b17cc22b-2675,Electrifying Assets - 43 Herbet St,"43 Herbert St, Cambridge Park, NSW 2750",-33.75361,150.733824,22,1,1,0,TYPE2,22.0,22.0,"{""Available"": 1}",False
15d06bf5-6b4a-425d-9312-bae4b17cc22b-418,Mercure Sydney - Schwartz Family,"818 George St, Chippendale, NSW 2008",-33.8842625,151.203022,7,2,2,0,TYPE2,7.0,7.0,"{""Available"": 1, ""Charging"": 1}",False
15d06bf5-6b4a-425d-9312-bae4b17cc22b-1422,Dungog Shire Council - Vacy Sportsground,"800 Gresford Rd, Vacy, NSW 2421",-32.5395965,151.5772559,22,1,1,0,TYPE2,22.0,22.0,"{""Available"": 1}",False
15d06bf5-6b4a-425d-9312-bae4b17cc22b-431,Charlestown Club,"5 Lincoln St, Charlestown, NSW 2290",-32.9670483,151.6925911,7,4,4,0,TYPE2,7.0,7.0,"{""Available"": 4}",False
15d06bf5-6b4a-425d-9312-bae4b17cc22b-366,Kempsey Shire Council,"490 Macleay Valley Way, South Kempsey, NSW 2440",-31.1173876,152.8269217,22,1,2,0,TYPE2,22.0,22.0,"{""Available"": 2}",False
15d06bf5-6b4a-425d-9312-bae4b17cc22b-1579,Maitland Townhall,"263 High St, Maitland, NSW 2320",-32.7381212,151.5608581,22,1,2,0,TYPE2,22.0,22.0,"{""Available"": 2}",False
15d06bf5-6b4a-425d-9312-bae4b17cc22b-1122,The Trustee - Thomas Holt Dr,"3 Thomas Holt Dr, North Ryde, NSW 2113",-33.7874476,151.1287003,7,4,4,0,TYPE2,7.0,7.0,"{""Available"": 4}",False
15d06bf5-6b4a-425d-9312-bae4b17cc22b-1497,Gwydir Shire Council - Hall St Carpark,"2 Hall St, Warialda, NSW 2402",-29.5403423,150.5760307,22,1,1,0,TYPE2,22.0,22.0,"{""Available"": 1}",False
15d06bf5-6b4a-425d-9312-bae4b17cc22b-1655,Orange City Council - Lake Canobolas,"Pineleigh, 87 Lake Canobolas Rd, Nashdale, NSW 2800",-33.2968629,149.0245795,7,1,2,0,TYPE2,7.0,7.0,"{""Available"": 2}",False
15d06bf5-6b4a-425d-9312-bae4b17cc22b-1418,Scenic World,"1 Violet St, Katoomba, NSW 2780",-33.7280129,150.3007914,22,2,4,0,TYPE2,22.0,22.0,"{""Available"": 4}",False
15d06bf5-6b4a-425d-9312-bae4b17cc22b-1346,RIKARD Wines,"279 Old Canobolas Rd, Nashdale, NSW 2800",-33.3182645,148.9826775,22,1,2,0,TYPE2,22.0,22.0,"{""Available"": 2}",False
15d06bf5-6b4a-425d-9312-bae4b17cc22b-896,Intellihub -  388 Edgecliff Rd,"388 Edgecliff Rd, Woollahra, NSW 2025",-33.8832086,151.2420528,22,1,1,0,TYPE2,22.0,22.0,"{""Charging"": 1}",False
15d06bf5-6b4a-425d-9312-bae4b17cc22b-1371,Harden Country Club,"53 East St, Harden, NSW 2587",-34.562857,148.3611063,22,2,4,0,TYPE2,22.0,22.0,"{""Available"": 4}",False
15d06bf5-6b4a-425d-9312-bae4b17cc22b-1368,South Tamworth Bowling Club,"11-23 Margaret St, South Tamworth, NSW 2340",-31.1084516,150.9207823,22,1,2,0,TYPE2,22.0,22.0,"{""Available"": 2}",False
15d06bf5-6b4a-425d-9312-bae4b17cc22b-527,Kyogle Council - Bonalbo Norman Johnston Park,"29 Woodenbong Rd, Bonalbo, NSW 2469",-28.7386889,152.6284508,22,1,2,0,TYPE2,22.0,22.0,"{""Available"": 1, ""OutOfService"": 1}",False
15d06bf5-6b4a-425d-9312-bae4b17cc22b-1092,Cadman Motor Inn and Apartments - West Tamworth,"103-111 Ebsworth St, West Tamworth, NSW 2340",-31.0964482,150.9241901,22,1,2,0,TYPE2,22.0,22.0,"{""Available"": 2}",False
15d06bf5-6b4a-425d-9312-bae4b17cc22b-148,Camden Council - Oxley Road Car Park,"40 Oxley St, Camden, NSW 2570",-34.0542472,150.6946681,22,1,2,0,TYPE2,22.0,22.0,"{""Available"": 2}",False
15d06bf5-6b4a-425d-9312-bae4b17cc22b-909,Maitland City Council -  Harold Gregson Reserve,"174 High St, Maitland, NSW 2320",-32.7405848,151.5656338,22,2,4,0,TYPE2,22.0,22.0,"{""Available"": 4}",False
15d06bf5-6b4a-425d-9312-bae4b17cc22b-1602,Ingenia - Lake Macquarie,"20 Monterey Ave, Mannering Park, NSW 2259",-33.1504884,151.5397684,7,3,4,0,TYPE2,7.0,7.0,"{""Available"": 4}",False
15d06bf5-6b4a-425d-9312-bae4b17cc22b-1664,The Sebel Kiama,"2 Minnamurra St, Kiama, NSW 2533",-34.6683304,150.8549555,22,2,2,0,TYPE2,22.0,22.0,"{""Available"": 2}",False
15d06bf5-6b4a-425d-9312-bae4b17cc22b-1483,Ingenia - Lake Conjola,"1 Norman St, Lake Conjola, NSW 2539",-35.2665559,150.4767902,7,3,4,0,TYPE2,7.0,7.0,"{""Available"": 4}",False
15d06bf5-6b4a-425d-9312-bae4b17cc22b-560,Parq on Flinders,"94 Princes Hwy, Wollongong, NSW 2500",-34.4209383,150.8926348,7,4,4,0,TYPE2,7.0,7.0,"{""Available"": 4}",False
15d06bf5-6b4a-425d-9312-bae4b17cc22b-133,Club Central Menai,"44-60 Allison Cres, Menai, NSW 2234",-34.0136447,151.017104,22,2,2,0,TYPE2,22.0,22.0,"{""Available"": 2}",False
15d06bf5-6b4a-425d-9312-bae4b17cc22b-1252,GB Electrical - Wallsend Diggers,"5 Tyrrell St, Wallsend, NSW 2287",-32.9017788,151.670882,22,2,4,0,TYPE2,22.0,22.0,"{""Available"": 4}",False
15d06bf5-6b4a-425d-9312-bae4b17cc22b-1473,Ingenia - Wagga Wagga,"93 Hammond Ave, East Wagga Wagga, NSW 2650",-35.1200126,147.389515,7 - 22,3,4,0,TYPE2,7.0,22.0,"{""Available"": 4}",False
15d06bf5-6b4a-425d-9312-bae4b17cc22b-246,Springwoods Sports Club - Mingara,"83 Macquarie Rd, Springwood, NSW 2777",-33.6984501,150.5696661,22,2,2,0,TYPE2,22.0,22.0,"{""Available"": 2}",False
15d06bf5-6b4a-425d-9312-bae4b17cc22b-1392,Ingenia - Byron Bay,"Broken Head Rd at Byron Holiday Park, Byron Bay, NSW 2481",-28.674008,153.6116491,7,3,4,0,TYPE2,7.0,7.0,"{""Available"": 4}",False
15d06bf5-6b4a-425d-9312-bae4b17cc22b-12,Pennant Hills Market Place,"4-10 Hillcrest Rd, Pennant Hills, NSW 2120",-33.7377393,151.0711227,18,2,2,0,TYPE2,18.0,18.0,"{""Available"": 2}",False
15d06bf5-6b4a-425d-9312-bae4b17cc22b-2678,Electrifying Assets - 32 Peachtree Rd,"32 Peachtree Rd, Penrith, NSW 2750",-33.745664,150.687097,22,1,1,0,TYPE2,22.0,22.0,"{""Available"": 1}",False
15d06bf5-6b4a-425d-9312-bae4b17cc22b-2682,Electrifying Assets - 37 Barry St,"37 Barry St, Cambridge Park, NSW 2750",-33.74717,150.720702,22,1,1,0,TYPE2,22.0,22.0,"{""Available"": 1}",False
15d06bf5-6b4a-425d-9312-bae4b17cc22b-2672,Electrifying Assets - 24 Lethbridge St,"24 Lethbridge St, Penrith, NSW 2750",-33.758561,150.709442,22,1,1,0,TYPE2,22.0,22.0,"{""Available"": 1}",False
15d06bf5-6b4a-425d-9312-bae4b17cc22b-902,"Intellihub -  4 West Promenade, Manly","4 West Promenade, Manly, NSW 2095",-33.7976656,151.2840034,22,1,1,0,TYPE2,22.0,22.0,"{""Available"": 1}",False
15d06bf5-6b4a-425d-9312-bae4b17cc22b-1396,Nepean Health Hub,"84/88 Parker St, Penrith, NSW 2750",-33.7610759,150.7108181,22,2,2,0,TYPE2,22.0,22.0,"{""Available"": 2}",False
15d06bf5-6b4a-425d-9312-bae4b17cc22b-442,East Maitland Bowling Club,"38 Banks St, East Maitland, NSW 2323",-32.7475426,151.5836595,7,2,4,0,TYPE2,7.0,7.0,"{""Available"": 4}",False
15d06bf5-6b4a-425d-9312-bae4b17cc22b-487,Ganmain - Coolamon Shire Council and NSW Government,"76 Ford St, Ganmain, NSW 2702",-34.7933852,147.0388513,6.8 - 7,1,2,0,TYPE2,6.8,7.0,"{""Available"": 2}",False
15d06bf5-6b4a-425d-9312-bae4b17cc22b-832,"Intellihub -  21 Sirius Road, lane Cove West","19A Sirius Rd, Lane Cove West, NSW 2066",-33.8101822,151.1460649,22,1,1,0,TYPE2,22.0,22.0,"{""Available"": 1}",False
15d06bf5-6b4a-425d-9312-bae4b17cc22b-1386,Crystalbrook Byron - MPA Solutions Group,"77 Broken Head Rd, Byron Bay, NSW 2481",-28.6762329,153.6107108,22,1,2,0,TYPE2,22.0,22.0,"{""Available"": 2}",False
15d06bf5-6b4a-425d-9312-bae4b17cc22b-1398,UniLodge Kensington,"187 Anzac Parade, Kensington, NSW 2033",-33.9128621,151.2239391,22,1,1,0,TYPE2,22.0,22.0,"{""Available"": 1}",False
15d06bf5-6b4a-425d-9312-bae4b17cc22b-529,Kyogle Council - Kyogle Museum,"69 Roxy Ln, Kyogle, NSW 2474",-28.6208725,153.0029825,22,1,2,0,TYPE2,22.0,22.0,"{""Available"": 2}",False
15d06bf5-6b4a-425d-9312-bae4b17cc22b-245,The Lantern Club - Mingara,"21  Ave, Roselands, NSW 2196",-33.9354696,151.0714178,22,1,2,0,TYPE2,22.0,22.0,"{""Available"": 2}",False
15d06bf5-6b4a-425d-9312-bae4b17cc22b-809,"Intellihub - Nicholson St, Wollstonecraft","4 Oxley St, St Leonards, NSW 2065",-33.8257557,151.1969689,22,1,1,0,TYPE2,22.0,22.0,"{""Available"": 1}",False
15d06bf5-6b4a-425d-9312-bae4b17cc22b-971,Gerringong Bowling & Recreation Club - Werri Beach,"1A Bridges Rd, Gerringong, NSW 2534",-34.7424456,150.8315456,7,1,2,0,TYPE2,7.0,7.0,"{""Available"": 2}",False
15d06bf5-6b4a-425d-9312-bae4b17cc22b-463,Ingenia - Middle Rock,"554 Gan Gan Rd, One Mile, NSW 2316",-32.766467,152.1155508,7,1,1,0,TYPE2,7.0,7.0,"{""Available"": 1}",False
15d06bf5-6b4a-425d-9312-bae4b17cc22b-956,Intellihub -  Kalinya Street,"13 Kalinya St, Newport, NSW 2106",-33.6588206,151.3096528,22,1,1,0,TYPE2,22.0,22.0,"{""Charging"": 1}",False
15d06bf5-6b4a-425d-9312-bae4b17cc22b-1474,Port Kembla Golf Club - Golf Place,"24 Golf Pl, Primbee, NSW 2502",-34.5078328,150.8782408,22,2,4,0,TYPE2,22.0,22.0,"{""Available"": 4}",False
15d06bf5-6b4a-425d-9312-bae4b17cc22b-1309,Turramurra Library,"5 Ray St, Turramurra, NSW 2074",-33.7320174,151.1273488,40,1,2,2,CCS2,40.0,40.0,"{""Available"": 2}",True
15d06bf5-6b4a-425d-9312-bae4b17cc22b-167,Club Parramatta,"2 Macquarie St, Parramatta, Sydney, NSW 2150",-33.8143393,150.9988364,22,4,8,0,TYPE2,22.0,22.0,"{""Available"": 7, ""Charging"": 1}",False
15d06bf5-6b4a-425d-9312-bae4b17cc22b-1266,Lake George Winery,"173 The Vineyards Rd, Lake George, NSW 2620",-34.9851985,149.3840365,60,1,2,2,CCS2,60.0,60.0,"{""Available"": 2}",True
15d06bf5-6b4a-425d-9312-bae4b17cc22b-1657,De iuliis Cellar Door,"1616 Broke Rd, Pokolbin, NSW 2320",-32.7603227,151.2532715,22,2,2,0,TYPE2,22.0,22.0,"{""Available"": 2}",False
15d06bf5-6b4a-425d-9312-bae4b17cc22b-1124,Dungowan Waterfront Accommodation,"99 Naval Parade, Erowal Bay, NSW 2540",-35.102623,150.6502383,7,2,4,0,TYPE2,7.0,7.0,"{""Available"": 4}",False
15d06bf5-6b4a-425d-9312-bae4b17cc22b-258,Tathra Beach House Apartments,"17 John Taylor Cres, Tathra, NSW 2550",-36.7262841,149.9790098,22,2,2,0,TYPE2,22.0,22.0,"{""Available"": 2}",False
15d06bf5-6b4a-425d-9312-bae4b17cc22b-791,"Intellihub - 11 Little Street, Lane Cove","15 Little St, Lane Cove, NSW 2066",-33.8146945,151.1713455,22,1,1,0,TYPE2,22.0,22.0,"{""Available"": 1}",False
15d06bf5-6b4a-425d-9312-bae4b17cc22b-1305,Intellihub - Mascot,"149 Coward St, Mascot, NSW 2020",-33.9255057,151.1938819,22,1,1,0,TYPE2,22.0,22.0,"{""Available"": 1}",False
15d06bf5-6b4a-425d-9312-bae4b17cc22b-1633,Osborn House,"96 Osborn Ave, Bundanoon, NSW 2578",-34.6563931,150.3036906,7,1,2,0,TYPE2,7.0,7.0,"{""Available"": 2}",False
15d06bf5-6b4a-425d-9312-bae4b17cc22b-1096,Eastcoast Beverages,"993 George Downes Dr, Kulnura, NSW 2250",-33.2299841,151.2179851,22,3,3,0,TYPE2,22.0,22.0,"{""Available"": 3}",False
15d06bf5-6b4a-425d-9312-bae4b17cc22b-1055,The Country Club - St Georges Basin,"11 Paradise Beach Rd, Sanctuary Point, NSW 2540",-35.1040997,150.6247896,22,1,2,0,TYPE2,22.0,22.0,"{""Available"": 2}",False
15d06bf5-6b4a-425d-9312-bae4b17cc22b-1556,Ingenia - South West Rocks,"Gordon Young Dr, South West Rocks, NSW 2431",-30.8897222,153.0329191,7,4,4,0,TYPE2,7.0,7.0,"{""Available"": 4}",False
15d06bf5-6b4a-425d-9312-bae4b17cc22b-1295,Bridges Hill Park - Cessnock City Council,"19 Yango St, Cessnock, NSW 2325",-32.8317425,151.3596788,7,2,4,0,TYPE2,7.0,7.0,"{""Available"": 4}",False
15d06bf5-6b4a-425d-9312-bae4b17cc22b-1360,Bonn Abbey,"25 Nelson St, Broke, NSW 2330",-32.7454569,151.1056388,7,1,2,0,TYPE2,7.0,7.0,"{""Available"": 2}",False
179ada28-f0c6-4431-a1fc-bbb2e5ec26d6-AUCHB27650010,Sydney Business Park (Stage 2) - Trade Centre,"15 Hollinsworth Road, Sydney, NSW 2765",-33.7190837,150.8388294,22,2,2,0,TYPE2,22.0,22.0,"{""Available"": 2}",False
15d06bf5-6b4a-425d-9312-bae4b17cc22b-285,BATES SMART,"12 Shoreline Dr, Rhodes, NSW 2138",-33.8330537,151.0843024,22,1,1,0,TYPE2,22.0,22.0,"{""Available"": 1}",False
15d06bf5-6b4a-425d-9312-bae4b17cc22b-651,Barooga Recreation Reserve Sporties,"10 Burkinshaw St, Barooga, NSW 3644",-35.9064534,145.6867492,22,1,2,0,TYPE2,22.0,22.0,"{""Available"": 2}",False
15d06bf5-6b4a-425d-9312-bae4b17cc22b-437,Matilda Motor Inn,"231 Darling St, Dubbo, NSW 2830",-32.2527709,148.6049904,22,1,1,0,TYPE2,22.0,22.0,"{""Available"": 1}",False
15d06bf5-6b4a-425d-9312-bae4b17cc22b-643,Shearing Shed Motor Inn,"31 Cobra St, Dubbo, NSW 2830",-32.2536723,148.6024006,22,1,2,0,TYPE2,22.0,22.0,"{""Available"": 2}",False
15d06bf5-6b4a-425d-9312-bae4b17cc22b-1354,The Clairfield Hotel,"1 Sydney Rd, Mudgee, NSW 2850",-32.6009157,149.5975785,7,4,4,0,TYPE2,7.0,7.0,"{""Available"": 4}",False
15d06bf5-6b4a-425d-9312-bae4b17cc22b-145,Camden Council - Narellan Library,"Corner Queen &, Elyard St, Narellan, NSW 2567",-34.0438854,150.7368636,22,1,2,0,TYPE2,22.0,22.0,"{""Available"": 2}",False
15d06bf5-6b4a-425d-9312-bae4b17cc22b-386,Asteri Maison - Paddington,"6 Cecil St, Paddington, NSW 2021",-33.8823359,151.2335806,22,2,2,0,TYPE2,22.0,22.0,"{""Available"": 2}",False
15d06bf5-6b4a-425d-9312-bae4b17cc22b-1024,Intellihub - Station St. Morisset,"Station St, Morisset, NSW 2264",-33.1080525,151.5111874,22,1,1,0,TYPE2,22.0,22.0,"{""Available"": 1}",False
15d06bf5-6b4a-425d-9312-bae4b17cc22b-65,Wentworth st Carpark - Parramatta Council,"9 Wentworth St, Parramatta, NSW 2150",-33.8192956,151.0050544,22,3,6,0,TYPE2,22.0,22.0,"{""Available"": 6}",False
15d06bf5-6b4a-425d-9312-bae4b17cc22b-119,Tweed Heads Vegas Motel,"123 Wharf St, Tweed Heads, NSW 2485",-28.1767544,153.5407321,22,2,2,0,TYPE2,22.0,22.0,"{""Available"": 2}",False
15d06bf5-6b4a-425d-9312-bae4b17cc22b-1391,Liverpool Plains Shire Council - Quirindi,"193 George St, Quirindi, NSW 2343",-31.5073731,150.6804784,22,1,2,0,TYPE2,22.0,22.0,"{""Available"": 2}",False
15d06bf5-6b4a-425d-9312-bae4b17cc22b-1358,Maranda Country Estate,"68 Wollombi St, Broke, NSW 2330",-32.7381686,151.0991884,7,1,2,0,TYPE2,7.0,7.0,"{""Available"": 2}",False
15d06bf5-6b4a-425d-9312-bae4b17cc22b-921,Intellihub - Smith Street Hillsdale,"33 Smith St, Hillsdale, NSW 2036",-33.9487226,151.2254579,22,1,1,0,TYPE2,22.0,22.0,"{""Charging"": 1}",False
15d06bf5-6b4a-425d-9312-bae4b17cc22b-954,"Intellihub -  Bronte Road, Waverley","137 Bronte Rd, Queens Park, NSW 2022",-33.8971591,151.2513438,22,1,1,0,TYPE2,22.0,22.0,"{""Available"": 1}",False
15d06bf5-6b4a-425d-9312-bae4b17cc22b-1435,The Builders Club  - 61 Church St,"61 Church St, Wollongong, NSW 2500",-34.4206636,150.8968306,22,3,3,0,TYPE2,22.0,22.0,"{""Available"": 1, ""Charging"": 2}",False
15d06bf5-6b4a-425d-9312-bae4b17cc22b-1300,Ripples On The Creek,"602  Rd, Gradys Creek, NSW 2474",-28.4485712,152.9549106,7,1,1,0,TYPE2,7.0,7.0,"{""Available"": 1}",False
15d06bf5-6b4a-425d-9312-bae4b17cc22b-1469,Charles Sturt University - Bathurst Campus,"1432, Mitchell, NSW 2795",-33.4297947,149.5600064,120,1,2,2,CCS2,120.0,120.0,"{""Available"": 2}",True
15d06bf5-6b4a-425d-9312-bae4b17cc22b-385,Club Dorsman,"8 Dorsman Dr, Singleton Heights, NSW 2330",-32.5496511,151.1613028,7,2,2,0,TYPE2,7.0,7.0,"{""Available"": 2}",False
15d06bf5-6b4a-425d-9312-bae4b17cc22b-1638,Wests Illawarra,"1 Hargreaves St, Unanderra, NSW 2526",-34.4515126,150.8428553,22,4,4,0,TYPE2,22.0,22.0,"{""Available"": 4}",False
15d06bf5-6b4a-425d-9312-bae4b17cc22b-580,Bonny Hills - Ingenia Holidays,"24 Beach St, Bonny Hills, NSW 2445",-31.5860488,152.8373121,7,2,2,0,TYPE2,7.0,7.0,"{""Available"": 1, ""Charging"": 1}",False
15d06bf5-6b4a-425d-9312-bae4b17cc22b-871,"Intellihub - 23 Roma Avenue, Kensington","23 Roma Ave, Kensington, NSW 2033",-33.9136177,151.2238123,22,1,1,0,TYPE2,22.0,22.0,"{""Available"": 1}",False
15d06bf5-6b4a-425d-9312-bae4b17cc22b-945,"Intellihub -  Victoria St, Botany","15 Victoria St, Botany, NSW 2019",-33.9461318,151.2075577,22,1,1,0,TYPE2,22.0,22.0,"{""Available"": 1}",False
15d06bf5-6b4a-425d-9312-bae4b17cc22b-1079,Bulahdelah Motor Lodge,"71  Way, Bulahdelah, NSW 2423",-32.4090273,152.2106784,22,2,2,0,TYPE2,22.0,22.0,"{""Available"": 2}",False
15d06bf5-6b4a-425d-9312-bae4b17cc22b-1440,BIG4 Happy Hallidays Holiday Park,"517 Blackhead Rd, Hallidays Point, NSW 2430",-32.0663202,152.5317688,22,2,4,0,TYPE2,22.0,22.0,"{""Available"": 4}",False
15d06bf5-6b4a-425d-9312-bae4b17cc22b-1306,Intellihub - Bexley North,"26 Shaw St, Bexley North, NSW 2207",-33.9381932,151.1114416,22,1,1,0,TYPE2,22.0,22.0,"{""Available"": 1}",False
d1cbdd86-205d-4538-b287-34032bf74788-1YCKuObu1tfSmK30BpJr1uCG0E9nDLsjbz1p,2A Ravenswood Ave Gordon NSW 2072,"2A Ravenswood Ave, Gordon, NSW 2072",-33.758767,151.1548523,22,1,1,0,TYPE2,22.0,22.0,"{""Available"": 1}",False
15d06bf5-6b4a-425d-9312-bae4b17cc22b-2719,Adelaide Hotel Moruya,"36-38 Vulcan St, Moruya, NSW 2537",-35.9086099,150.0815862,22,1,2,0,TYPE2,22.0,22.0,"{""Available"": 2}",False
15d06bf5-6b4a-425d-9312-bae4b17cc22b-2854,Ashbury Peace Park,"28 Trevenar St, Ashbury, NSW 2193",-33.8978231,151.123712,22,1,2,0,TYPE2,22.0,22.0,"{""Available"": 2}",False
15d06bf5-6b4a-425d-9312-bae4b17cc22b-1609,Gosford RSL Club,"26 Central Coast Hwy, West Gosford, NSW 2250",-33.4289794,151.3218412,22,2,4,0,TYPE2,22.0,22.0,"{""Available"": 3, ""Charging"": 1}",False
15d06bf5-6b4a-425d-9312-bae4b17cc22b-953,"Intellihub - Laguna Street, Vaucluse","7 Laguna St, Vaucluse, NSW 2030",-33.8592742,151.279129,22,1,1,0,TYPE2,22.0,22.0,"{""Available"": 1}",False
15d06bf5-6b4a-425d-9312-bae4b17cc22b-151,Rhodes Apartment - AMARCO,"19 Shoreline Dr, Rhodes, NSW 2138",-33.8320771,151.0847801,22,1,1,0,TYPE2,22.0,22.0,"{""Available"": 1}",False
15d06bf5-6b4a-425d-9312-bae4b17cc22b-2938,Earwood Senior Citizens Centre - Joy Lane,"Cnr Homer Street & Joy Ave, Earlwood, NSW 2206",-33.927616,151.124908,22,1,2,0,TYPE2,22.0,22.0,"{""Available"": 2}",False
15d06bf5-6b4a-425d-9312-bae4b17cc22b-853,Albury Council - Lot 102 Volt Lane Car Park,"1 AMP Ln, Albury, NSW 2640",-36.0823114,146.9162383,6.9 - 22,3,4,0,TYPE2,6.9,22.0,"{""Available"": 4}",False
15d06bf5-6b4a-425d-9312-bae4b17cc22b-924,Intellihub - Clovelly Road,"22A Clovelly Rd, Randwick, NSW 2031",-33.9036355,151.2426324,22,2,2,0,TYPE2,22.0,22.0,"{""Available"": 1, ""Missing"": 1}",False
15d06bf5-6b4a-425d-9312-bae4b17cc22b-1251,Leisure Inn Pokolbin,"485 McDonalds Rd, Pokolbin, NSW 2320",-32.7712459,151.302899,22,2,4,0,TYPE2,22.0,22.0,"{""Available"": 4}",False
15d06bf5-6b4a-425d-9312-bae4b17cc22b-1000,Intellihub - O'Donnell St. North Bondi,"37-39 O'Donnell St, North Bondi, NSW 2026",-33.884156,151.2819425,22,1,1,0,TYPE2,22.0,22.0,"{""Available"": 1}",False
15d06bf5-6b4a-425d-9312-bae4b17cc22b-807,"Intellihub -  2–4 Pinaroo Place, Lane Cove North","2/4 Pinaroo Pl, Lane Cove North, NSW 2066",-33.8057655,151.156182,22,1,1,0,TYPE2,22.0,22.0,"{""Available"": 1}",False
15d06bf5-6b4a-425d-9312-bae4b17cc22b-874,"Intellihub - Soudan Street, Randwick","8 Soudan St, Randwick, NSW 2031",-33.9189972,151.241825,22,1,1,0,TYPE2,22.0,22.0,"{""Available"": 1}",False
15d06bf5-6b4a-425d-9312-bae4b17cc22b-479,Grenfell Aquatic Centre,"Forbes St & Melyra Street, Grenfell, NSW 2810",-33.8920036,148.1607769,22,1,2,0,TYPE2,22.0,22.0,"{""Available"": 2}",False
15d06bf5-6b4a-425d-9312-bae4b17cc22b-170,Toronto Commercial Centre Carpark,"7 Pemell St, Toronto, NSW 2283",-33.0145429,151.5961952,40,1,2,2,CCS2,40.0,40.0,"{""Available"": 2}",True
15d06bf5-6b4a-425d-9312-bae4b17cc22b-456,Lockhart - Lockhart Car Park,"109 Green St, Lockhart, NSW 2656",-35.2205934,146.7153791,7,2,2,0,TYPE2,7.0,7.0,"{""Available"": 2}",False
15d06bf5-6b4a-425d-9312-bae4b17cc22b-1333,Stockmans Motel and Restaurant Tamworth,"2-24 Spains Ln, Kingswood, NSW 2340",-31.1647707,150.9181072,22,2,4,0,TYPE2,22.0,22.0,"{""Available"": 4}",False
15d06bf5-6b4a-425d-9312-bae4b17cc22b-1580,Gillieston Heights Community Hub,"25 Redwood Dr, Gillieston Heights, NSW 2321",-32.7643133,151.5311119,22,1,2,0,TYPE2,22.0,22.0,"{""Available"": 2}",False
15d06bf5-6b4a-425d-9312-bae4b17cc22b-552,Edward River - Deniliquin,"266 Cressy St, Deniliquin, NSW 2710",-35.5314455,144.9647679,7,2,4,0,TYPE2,7.0,7.0,"{""Available"": 4}",False
15d06bf5-6b4a-425d-9312-bae4b17cc22b-928,Intellihub - 19 Ebsworth Street,"19 Ebsworth St, Redhead, NSW 2290",-33.0123072,151.7191945,22,1,1,0,TYPE2,22.0,22.0,"{""Available"": 1}",False
15d06bf5-6b4a-425d-9312-bae4b17cc22b-962,Gateway KIA - Wollongong,"121 Princes Hwy, Fairy Meadow, NSW 2519",-34.4019257,150.8906507,60,1,2,2,CCS2,60.0,60.0,"{""Available"": 2}",True
15d06bf5-6b4a-425d-9312-bae4b17cc22b-1084,Intellihub - Allambie Road,"118 Allambie Rd, Allambie Heights, NSW 2100",-33.7654906,151.2511981,22,1,1,0,TYPE2,22.0,22.0,"{""Available"": 1}",False
15d06bf5-6b4a-425d-9312-bae4b17cc22b-912,Intellihub - The Boulevarde Brighton-Le-Sands,"7 The Boulevarde, Brighton-Le-Sands, NSW 2216",-33.9614505,151.1554995,22,1,1,0,TYPE2,22.0,22.0,"{""Available"": 1}",False
15d06bf5-6b4a-425d-9312-bae4b17cc22b-443,Worrigee Sports,"131 Greenwell Point Rd, Worrigee, NSW 2540",-34.889311,150.6264382,22,2,4,0,TYPE2,22.0,22.0,"{""Available"": 4}",False
15d06bf5-6b4a-425d-9312-bae4b17cc22b-1227,Colliers International - Mascot,"building 3 level 8/185 O'Riordan St, Mascot, NSW 2020",-33.9269737,151.1864654,7,2,4,0,TYPE2,7.0,7.0,"{""Available"": 3, ""OutOfService"": 1}",False
15d06bf5-6b4a-425d-9312-bae4b17cc22b-324,Batemans Bay Soldiers Club,"4-6 Beach Rd, Batemans Bay, NSW 2536",-35.7094784,150.1790805,22,1,2,0,TYPE2,22.0,22.0,"{""Available"": 2}",False
15d06bf5-6b4a-425d-9312-bae4b17cc22b-1499,Gwydir Shire Council - Cunningham Park,"2 Copeton Dam Rd, Bingara, NSW 2404",-29.8644746,150.5771204,22,1,2,0,TYPE2,22.0,22.0,"{""Available"": 1, ""OutOfService"": 1}",False
15d06bf5-6b4a-425d-9312-bae4b17cc22b-1622,Orange City Council - Botanic Gardens,"300 Hill St, Orange, NSW 2800",-33.2562881,149.0975511,22,1,2,0,TYPE2,22.0,22.0,"{""Available"": 2}",False
15d06bf5-6b4a-425d-9312-bae4b17cc22b-879,Narooma Golf Club,"Surf Beach Holiday Park, 1 Ballingalla St, Narooma, NSW 2546",-36.2185761,150.1388189,22,1,2,0,TYPE2,22.0,22.0,"{""Available"": 2}",False
15d06bf5-6b4a-425d-9312-bae4b17cc22b-1344,Albury Showground,"21 Hague Ave, North Albury, NSW 2640",-36.0647048,146.9342238,22,1,1,0,TYPE2,22.0,22.0,"{""Available"": 1}",False
15d06bf5-6b4a-425d-9312-bae4b17cc22b-383,Basha's Floors and Blinds,"63 Graham St, Nowra, NSW 2541",-34.8710776,150.6017849,22,2,2,0,TYPE2,22.0,22.0,"{""Available"": 2}",False
15d06bf5-6b4a-425d-9312-bae4b17cc22b-1670,Bay and Bush,"21 Pritchard Ave, Woollamia, NSW 2540",-35.0197844,150.6391028,7,1,2,0,TYPE2,7.0,7.0,"{""Available"": 2}",False
15d06bf5-6b4a-425d-9312-bae4b17cc22b-994,Bay Hotel & Shopping Centre,"330 Fishery Point Rd, Bonnells Bay, NSW 2264",-33.110486,151.532597,22,1,2,0,TYPE2,22.0,22.0,"{""Available"": 2}",False
15d06bf5-6b4a-425d-9312-bae4b17cc22b-854,Albury Council - 520 David Street Car Park,"446 Dean St, Albury, NSW 2640",-36.080888,146.922055,22,2,4,0,TYPE2,22.0,22.0,"{""Available"": 4}",False
15d06bf5-6b4a-425d-9312-bae4b17cc22b-812,"Intellihub - 165 Oberon St, Coogee","165 Oberon St, Coogee, NSW 2034",-33.9255678,151.2503873,22,1,1,0,TYPE2,22.0,22.0,"{""Available"": 1}",False
15d06bf5-6b4a-425d-9312-bae4b17cc22b-1427,Dungog Shire Council - Visitor Information Centre,"191 Dowling St, Dungog, NSW 2420",-32.402119,151.7578478,22,2,4,0,TYPE2,22.0,22.0,"{""Available"": 3, ""OutOfService"": 1}",False
15d06bf5-6b4a-425d-9312-bae4b17cc22b-872,"Intellihub - Harbourne Road, Kingsford","45-49 Harbourne Rd, Kingsford, NSW 2032",-33.9231777,151.2288436,22,1,1,0,TYPE2,22.0,22.0,"{""Available"": 1}",False
15d06bf5-6b4a-425d-9312-bae4b17cc22b-1490,Carrathool Shire Council - Goolgowi Caravan Park,"21 Combo St, Goolgowi, NSW 2652",-33.9794322,145.7069414,22,1,2,0,TYPE2,22.0,22.0,"{""Available"": 2}",False
15d06bf5-6b4a-425d-9312-bae4b17cc22b-273,The Hills Shire Council,"3 Columbia Ct, Norwest, NSW 2153",-33.7305284,150.9717373,22,2,4,0,TYPE2,22.0,22.0,"{""Available"": 4}",False
15d06bf5-6b4a-425d-9312-bae4b17cc22b-652,TARA Lane Cove,"640 Mowbray Rd, Lane Cove North, NSW 2066",-33.8047567,151.155219,5.5,1,1,0,TYPE2,5.5,5.5,"{""Available"": 1}",False
15d06bf5-6b4a-425d-9312-bae4b17cc22b-221,Penrith Homemaker Centre,"Mulgoa Rd & Wolseley St, Jamisontown, NSW 2750",-33.770938,150.6738044,22,2,4,0,TYPE2,22.0,22.0,"{""Available"": 4}",False
15d06bf5-6b4a-425d-9312-bae4b17cc22b-1665,Ku-ring-gai Fitness & Aquatic Centre,"64PM+J7, West Pymble, NSW 2073",-33.7635747,151.1336242,60,1,2,2,CCS2,60.0,60.0,"{""OutOfService"": 2}",True
15d06bf5-6b4a-425d-9312-bae4b17cc22b-888,"Intellihub - Campbell Avenue, Paddington","27 Campbell Ave, Paddington, NSW 2021",-33.8810353,151.2227966,22,1,1,0,TYPE2,22.0,22.0,"{""Available"": 1}",False
15d06bf5-6b4a-425d-9312-bae4b17cc22b-457,Lockhart - Lockhart Caravan Park,"152 Green St W, Lockhart, NSW 2656",-35.2209231,146.7120541,22,2,2,0,TYPE2,22.0,22.0,"{""Available"": 2}",False
15d06bf5-6b4a-425d-9312-bae4b17cc22b-897,Intellihub - 34-36 Macpherson Street Bronte,"34-36 Macpherson St, Bronte, NSW 2024",-33.905109,151.258092,22,1,1,0,TYPE2,22.0,22.0,"{""Available"": 1}",False
15d06bf5-6b4a-425d-9312-bae4b17cc22b-831,"Intellihub - 72 Christie Street, St Leonards","72 Christie St, St Leonards, NSW 2065",-33.8245586,151.1957881,22,1,1,0,TYPE2,22.0,22.0,"{""Available"": 1}",False
15d06bf5-6b4a-425d-9312-bae4b17cc22b-845,Kempsey Shire Council,"19 Buchanan Dr, South West Rocks, NSW 2431",-30.8862295,153.0383289,22,1,2,0,TYPE2,22.0,22.0,"{""Available"": 2}",False
15d06bf5-6b4a-425d-9312-bae4b17cc22b-59,"53-71 Rowe Street, Eastwood","53-71 Rowe St, Eastwood, NSW 2122",-33.7905895,151.0844184,22,1,2,0,TYPE2,22.0,22.0,"{""Available"": 2}",False
15d06bf5-6b4a-425d-9312-bae4b17cc22b-911,"Intellihub - Arncliffe St, Wolli Creek","12 Arncliffe St, Wolli Creek, NSW 2205",-33.9356098,151.1484234,22,1,1,0,TYPE2,22.0,22.0,"{""Available"": 1}",False
15d06bf5-6b4a-425d-9312-bae4b17cc22b-745,Bankstown Sports Club,"8 Greenfield Parade, Bankstown, NSW 2200",-33.9199389,151.0338791,22,3,3,0,TYPE2,22.0,22.0,"{""Available"": 3}",False
15d06bf5-6b4a-425d-9312-bae4b17cc22b-1528,Small Acres Cyder,"12 Akhurst Rd, Nashdale, NSW 2800",-33.2818158,148.9909724,7,1,2,0,TYPE2,7.0,7.0,"{""Available"": 2}",False
15d06bf5-6b4a-425d-9312-bae4b17cc22b-806,"Intellihub - 15/21 Mindarie Street, Lane Cove North","2 Kullah Parade, Lane Cove North, NSW 2066",-33.8054851,151.157593,22,1,1,0,TYPE2,22.0,22.0,"{""Available"": 1}",False
15d06bf5-6b4a-425d-9312-bae4b17cc22b-1680,Wallendbeen Park Farm - The Old Bakery Guesthouse,"12 Whitton St, Harden, NSW 2587",-34.5543788,148.3701022,7,1,1,0,TYPE2,7.0,7.0,"{""Available"": 1}",False
2d4e8b28-ad87-4f3a-b13a-b3f638a89819-9e49969b-acaa-4cff-9750-e2be6a1f1652,Dunedoo Bowling Club,"39 Cobborah St, Dunedoo, NSW 2844",-32.018271,149.396839,22,2,2,0,TYPE2,22.0,22.0,"{""Available"": 1, ""Inoperative"": 1}",False
2d4e8b28-ad87-4f3a-b13a-b3f638a89819-9e49969c-2eb7-42ca-b85e-9f93d0119358,Camellia Motel,"80 Whitton St, Narrandera, NSW 2700",-34.74135,146.55487,22,4,4,0,TYPE2,22.0,22.0,"{""Available"": 3, ""Inoperative"": 1}",False
32c163d9-84aa-4c71-b092-9aab18f2e771-SMP_6011002778,Hungerford Hill Estate,"2450 Broke Road, Pokolbin, NSW 2320",-32.777752,151.336014,22,1,2,0,TYPE2,22.0,22.0,"{""Available"": 2}",False
32c163d9-84aa-4c71-b092-9aab18f2e771-TACW743421G3061,Maitland City Motel,"258 New England Hyway, Rutherford, NSW 2320",-32.71832,151.52742,7.4,1,1,0,TYPE2,7.4,7.4,"{""Available"": 1}",False
32c163d9-84aa-4c71-b092-9aab18f2e771-SMP_6011002780,Tamburlaine Organic Wines,"358 McDonalds Road, Pokolbin, NSW 2320",-32.78286355,151.29979084,22,1,2,0,TYPE2,22.0,22.0,"{""Available"": 2}",False
32c163d9-84aa-4c71-b092-9aab18f2e771-EX-2223-1A10-1-2244-00029,Seaside Holiday Resort,"48 Marine Drive, Fingal Bay, NSW 2315",-32.74245264,152.16995892,22,1,1,0,TYPE2,22.0,22.0,"{""Available"": 1}",False
32c163d9-84aa-4c71-b092-9aab18f2e771-EX-2223-1A10-1-2244-00008,Deniliquin Country Club Motor Inn,"68-72 Crispe Street, Deniliquin, NSW 2710",-35.53722089,144.96641328,7.4,1,1,0,TYPE2,7.4,7.4,"{""Unavailable"": 1}",False
32c163d9-84aa-4c71-b092-9aab18f2e771-EX-2223-1A10-1-2244-00044,NELSON BAY BREEZE,"1 Trafalgar Street, Nelson Bay, NSW 2315",-32.71701209,152.15289505,22,1,1,0,TYPE2,22.0,22.0,"{""Unavailable"": 1}",False
15d06bf5-6b4a-425d-9312-bae4b17cc22b-805,"Intellihub - Arncliffe St, Wolli Creek","86 Arncliffe St, Wolli Creek, NSW 2205",-33.9305869,151.153704,22,1,1,0,TYPE2,22.0,22.0,"{""Charging"": 1}",False
15d06bf5-6b4a-425d-9312-bae4b17cc22b-1726,Adelong Motel,"174 Maitland St, Narrabri, NSW 2390",-30.3224988,149.7819547,22,1,2,0,TYPE2,22.0,22.0,"{""Available"": 1, ""OutOfService"": 1}",False
15d06bf5-6b4a-425d-9312-bae4b17cc22b-1513,Kiama Pavillion,"2 Bong Bong St, Kiama, NSW 2533",-34.6748189,150.8570701,22,2,4,0,TYPE2,22.0,22.0,"{""Available"": 4}",False
15d06bf5-6b4a-425d-9312-bae4b17cc22b-901,"Intellihub -  25 Ashburner St, Manly","25 Ashburner St, Manly, NSW 2095",-33.8004097,151.2888592,22,1,1,0,TYPE2,22.0,22.0,"{""Available"": 1}",False
32c163d9-84aa-4c71-b092-9aab18f2e771-TACW2240922T0353,Huon Park,"381 Bobbin Head Road, North Turramurra, NSW 2074",-33.69628522,151.15093365,22,1,1,0,TYPE2,22.0,22.0,"{""Available"": 1}",False
