OBJECTID,Station_name,Station_address,Operator,Number_of_plugs,Charger_Type,Charger_rating,Latitude,Longitude,LGANAME,PCODE,Source,augmentation_match_status,augmentation_match_method,augmentation_match_confidence,augmentation_manual_review,augmentation_reference_row,augmentation_match_distance_m,augmentation_nearest_distance_m,augmentation_nearest_gap_m,external_source,external_station_id,external_station_name,external_station_address,external_operator,external_plug_types,external_number_of_plugs,external_charger_capacity,external_opening_hours,external_latitude,external_longitude,augmentation_review_reason
,,", Muswellbrook, 2333",EVUp,2,AC,22 kW,-32.26224229,150.8901391,Muswellbrook Shire Council,2333,Existing Destination Chargers,review,coordinate_candidate,0.5,True,876.0,39.11604998051754,39.11604998051754,335.25976671490935,Peclet local snapshot (experimental),DC184,Muswellbrook Marketplace charger,"Hill Street, Muswellbrook NSW 2333",EVUp,Type 2,2.0,kW,Open 24/7,-32.26199832,150.8904388,nearest=39.116m; gap=335.260m; manual confirmation required
,,"01 Wallgrove Road, Sydney, 2766",BP,4,DC,150 kW,-33.81100405,150.8495966,Blacktown City Council,2766,Existing Fast Chargers,accepted,address_exact_unique,0.97,False,1449.0,2.23741939185987,2.23741939185987,1004.6205131219426,Peclet local snapshot (experimental),FC60,BP Eastern Creek charger,"1 Wallgrove Rd, Eastern Creek NSW 2766, Australia",bp pulse,Type 2,2.0,75 kW,Open 24/7,-33.81100481,150.8496208,
,,"1 - 7 Ross St, Wilcannia NSW 2836, Australia",NRMA,4,DC,50 kW,-30.5118739,151.669395,Central Darling Shire Council,2350,TfNSW Regional,accepted,coordinate_exact,1.0,False,1251.0,0.0,0.0,27.11425077641018,Peclet local snapshot (experimental),AK879,Ross St Wilcannia charger,"1 - 7 Ross St, Wilcannia NSW 2836, Australia",NRMA,,4.0,50 kW,,-30.5118739,151.669395,
,,"1 Balfour St, Sydney, 2070",Chargefox,7,AC,22 kW,-33.77410115,151.167035,Ku-ring-gai Council,2070,Existing Destination Chargers,review,coordinate_candidate,0.5,True,93.0,309.85632291511536,309.85632291511536,925.9249684387231,Peclet local snapshot (experimental),DC359,Lindfield Village Green Underground Car Park charger,"Lindfield Village Green, 10 Tryon Rd, Lindfield NSW 2070, Australia",,Type 2,15.0,kW,Open 24/7,-33.775075,151.170176,nearest=309.856m; gap=925.925m; manual confirmation required
,,"1 Bay Ln, Byron Bay, 2481",Tesla,2,AC,19 kW,-28.64181886,153.6136326,Byron Shire Council,2481,Existing Destination Chargers,accepted,address_exact_unique,0.97,False,15.0,0.11212984320886656,0.11212984320886656,103.87258606799523,Peclet local snapshot (experimental),DC43,Beach Hotel Resort charger,"1 Bay Ln, Byron Bay NSW 2481, Australia",Tesla Destination,Tesla,2.0,3 kW,Open 24/7,-28.641818,153.613632,
,,"1 Bay St, Sydney, 2037",Tesla,16,DC,130 kW,-33.88350355,151.1944334,"Sydney, Council of the City of",2037,Existing Fast Chargers,review,ambiguous_exact_address,0.5,True,261.0,57.31765060090469,57.31765060090469,9.862854331777264,Peclet local snapshot (experimental),FC236,Broadway Shopping Centre charger,"1 Bay St, Glebe NSW 2037, Australia",Tesla Supercharge,Type 2; J-1772,16.0,120 kW,Open 24/7,-33.882995,151.194332,nearest=57.318m; gap=9.863m; manual confirmation required
,,"1 Bells Blvd, Kingscliff, 2487",Evie,4,DC,75 kW,-28.27690295,153.5770781,Tweed Shire Council,2487,Existing Fast Chargers,review,coordinate_candidate,0.5,True,432.0,128.12858779099884,128.12858779099884,1695.8787854673758,Peclet local snapshot (experimental),DC52,Mantra on Salt Beach Kingscliff charger,"9 Gunnamatta Ave, Kingscliff NSW 2487, Australia",Chargefox,Type 2,2.0,10 kW,,-28.27803959,153.577293,nearest=128.129m; gap=1695.879m; manual confirmation required
,,"1 Bradleys Head Rd, Sydney, 2088",Chargefox,1,AC,22 kW,-33.84103708,151.2422452,Mosman Municipal Council,2088,Existing Destination Chargers,accepted,address_exact_unique,0.97,False,991.0,64.83569716097516,64.83569716097516,1037.0905938150931,Peclet local snapshot (experimental),DC754,Taronga Zoo Sydney (2) charger,"1 Bradleys Head Rd, Mosman NSW 2088, Australia",Chargefox,Type 2,4.0,22 kW,,-33.841458,151.242731,
,,"1 Bradleys Head Rd, Sydney, 2088",Chargefox,1,AC,22 kW,-33.84141846,151.2426306,Mosman Municipal Council,2088,Existing Destination Chargers,accepted,address_exact_unique,0.97,False,991.0,10.262137879048746,10.262137879048746,1144.9799947723968,Peclet local snapshot (experimental),DC754,Taronga Zoo Sydney (2) charger,"1 Bradleys Head Rd, Mosman NSW 2088, Australia",Chargefox,Type 2,4.0,22 kW,,-33.841458,151.242731,
,,"1 Cathedral Sq, Sydney, 2000",AXCharge,3,AC,22 kW,-33.87136841,151.2137407,"Sydney, Council of the City of",2000,Existing Destination Chargers,review,coordinate_candidate,0.5,True,1767.0,88.51083051668925,88.51083051668925,183.70600534233265,Peclet local snapshot (experimental),DC649,AXCharge St Cathedral Car Parking charger,"2 Cathedral St, Sydney NSW 2000, Australia",Noodoe EV,Type 2,3.0,kW,9am to 10pm,-33.87208294,151.2133182,nearest=88.511m; gap=183.706m; manual confirmation required
,,"1 Dalgal Way, Sydney, 2037",Tesla,2,AC,22 kW,-33.87637442,151.1776376,"Sydney, Council of the City of",2037,Existing Destination Chargers,review,ambiguous_exact_address,0.5,True,175.0,20.54317511731732,20.54317511731732,0.7153192424888246,Peclet local snapshot (experimental),DC815,Tramsheds Harold Park (1) charger,"1 Dalgal Way, Forest Lodge NSW 2037, Australia",Chargefox,Type 2,2.0,22 kW,,-33.876335,151.177855,nearest=20.543m; gap=0.715m; manual confirmation required
,,"1 Dalgal Way, Sydney, 2037",Tesla,4,DC,250 kW,-33.87650055,151.178,"Sydney, Council of the City of",2037,Existing Fast Chargers,review,ambiguous_exact_address,0.5,True,1882.0,20.0685948311779,20.0685948311779,2.692266400374148,Peclet local snapshot (experimental),FC249,Tramsheds Harold Park (2) charger,"1 Dalgal Wy, Forest Lodge NSW 2037, Australia",Tesla Supercharge,Type 2,4.0,250 kW,6am - 11pm for carpark,-33.87635779,151.177867,nearest=20.069m; gap=2.692m; manual confirmation required
,,"1 Eels Pl, Sydney, 2150",Everty,3,AC,22 kW,-33.8064585,151.0017477,"Parramatta, Council of the City of",2150,Existing Destination Chargers,accepted,address_exact_unique,0.97,False,521.0,9.375806892952152,9.375806892952152,514.8873526559163,Peclet local snapshot (experimental),DC518,Parramatta Leagues Club charger,"1 Eels Place, Parramatta NSW 2150",Everty,Type 2,3.0,kW,9am - 6am,-33.80638252,151.0017037,
,,"1 Elizabeth St, Merimbula, 2548",Tesla,1,AC,8 kW,-36.89530635,149.9118809,Bega Valley Shire Council,2548,Existing Destination Chargers,review,coordinate_candidate,0.5,True,209.0,49.2138528513206,49.2138528513206,325.44462394205885,Peclet local snapshot (experimental),DC984,The Coast Resort Merimbula - Unit 2 charger,"13 Fishpen Rd, Merimbula NSW 2548, Australia",Tesla Destination,Tesla,1.0,8 kW,,-36.894914,149.912137,nearest=49.214m; gap=325.445m; manual confirmation required
,,"1 Ferguson Cres, Mittagong, 2575",Tesla,1,AC,22 kW,-34.44729434,150.4615586,Wingecarribee Shire Council,2575,Existing Destination Chargers,accepted,address_exact_unique,0.97,False,187.0,55.94449197914559,55.94449197914559,428.6467118782471,Peclet local snapshot (experimental),DC849,The Fitzroy Inn charger,"1 Ferguson Cres, Mittagong NSW 2575, Australia",Tesla Destination,Tesla; Type 2,2.0,22 kW,,-34.447058,150.46102,
,,"1 Ferrers Rd, Sydney, 2766",Tesla,2,AC,22 kW,-33.80382587,150.8677297,Blacktown City Council,2766,Existing Destination Chargers,accepted,address_exact_unique,0.97,False,119.0,0.11636919619997417,0.11636919619997417,252.00539113957166,Peclet local snapshot (experimental),DC524,Sydney Motorsport Park charger,"1 Ferrers Rd, Eastern Creek, NSW, Australia, NT 2766",Tesla Destination,Tesla,2.0,22 kW,,-33.803825,150.867729,
,,"1 Frederick St, Sydney, 2064",Evie,6,DC,150 kW,-33.81707912,151.1889369,Willoughby City Council,2064,Existing Fast Chargers,review,coordinate_candidate,0.5,True,2008.0,102.5629773431679,102.5629773431679,51.98390606662839,Peclet local snapshot (experimental),HC2114,Frederick St St Leonards charger,"12 Frederick St
St Leonards NSW 2065
Australia",EVX,,2.0,22 kW,,-33.818,151.189,nearest=102.563m; gap=51.984m; manual confirmation required
,,"1 Friday Dr, Thredbo, 2625",Exploren,10,AC,22 kW,-36.50129634,148.3103774,Snowy Monaro Regional Council,2625,Existing Destination Chargers,accepted,address_exact_unique,0.97,False,1828.0,392.6260363763917,392.6260363763917,165.48172993904615,Peclet local snapshot (experimental),DC970,Thredbo P4 Car Park charger,"1 Friday Dr, Thredbo NSW 2625, Australia",Exploren,Type 2,8.0,22 kW,Open 24/7,-36.49934833,148.314041,
,,"1 Golf Club Rd, Deniliquin, 2710",Chargefox,4,AC,22 kW,-35.53652657,144.9742282,Edward River Council,2710,Existing Destination Chargers,accepted,address_exact_unique,0.97,False,2029.0,63.31225663073368,63.31225663073368,571.9949287927268,Peclet local snapshot (experimental),HC2523,Golf Club Rd Deniliquin charger,"1 Golf Club Rd
Deniliquin NSW 2710
Australia",Chargefox,,4.0,AC,,-35.5369,144.9737,
,,"1 Greenbridge Dr, Wilton, 2571",Chargefox,2,DC,160 kW,-34.22847652,150.6841562,Wollondilly Shire Council,2571,Existing Fast Chargers,review,coordinate_candidate,0.5,True,1842.0,7264.9951713411765,7264.9951713411765,236.77301747497495,Peclet local snapshot (experimental),FC40,Ampol Foodary Pheasants Nest Southbound charger,"South Bound, Hume Hwy, Pheasants Nest NSW 2574, Australia",AmpCharge,Tesla; Type 2,9.0,150kW (300kW upgrade coming soon),Open 24/7,-34.28254012,150.6397707,nearest=7264.995m; gap=236.773m; manual confirmation required
,,"1 Hargreaves St, Wollongong, 2526",Exploren,4,AC,22 kW,-34.45151356,150.8428559,Wollongong City Council,2526,Existing Destination Chargers,review,coordinate_candidate,0.5,True,1898.0,53.956955412680664,53.956955412680664,1695.6230895696585,Peclet local snapshot (experimental),HC2330,Hargreaves St Unanderra charger,"Hargreaves St
Unanderra NSW 2526
Australia",Exploren,,4.0,AC,,-34.4519,150.8425,nearest=53.957m; gap=1695.623m; manual confirmation required
,,"1 Hay St, Port Macquarie, 2444",Tesla,4,AC,22 kW,-31.42837342,152.9087618,Port Macquarie-Hastings Council,2444,Existing Destination Chargers,accepted,address_exact_unique,0.97,False,867.0,42.92478226115557,42.92478226115557,89.13675463298486,Peclet local snapshot (experimental),DC116,Rydges Port Macquarie charger,"1 Hay St, Port Macquarie NSW 2444, Australia",,Type 2,3.0,kW,,-31.428466,152.909201,
,,"1 Hollinsworth Rd, Sydney, 2765",Chargefox,4,AC,22 kW,-33.71981686,150.8425556,Blacktown City Council,2765,Existing Destination Chargers,accepted,address_exact_unique,0.97,False,1717.0,0.11056255240671888,0.11056255240671888,337.79347596578566,Peclet local snapshot (experimental),DC399,IKEA Marsden Park charger,"1 Hollinsworth Rd, Marsden Park NSW 2765, Australia",Chargefox,Type 2,5.0,22 kW,Open 24/7,-33.719816,150.842555,
,,"1 Ingham Dr, Casula NSW 2170",Evie,4,DC,50 kW,-33.948829,150.90027,Liverpool City Council,2170,ARENA - Driving the Nation,accepted,coordinate_exact,1.0,False,1453.0,0.0,0.0,1628.4383427489868,Peclet local snapshot (experimental),FC80,Casula Mall charger,"1 Ingham Dr, Casula NSW 2170, Australia",Evie Networks,Tesla; Type 2,4.0,50 kW,,-33.948829,150.90027,
,,"1 Jondaryan Ave, Griffith, 2680",Tesla,2,AC,22 kW,-34.2891582,146.0511201,Griffith City Council,2680,Existing Destination Chargers,review,coordinate_candidate,0.5,True,1938.0,351.47752955639277,351.47752955639277,319.95363534680513,Peclet local snapshot (experimental),HC2601,Bridge Rd Griffith charger,2 Bridge Rd Griffith NSW 2680 Australia,Tesla,,6.0,DC,,-34.2923,146.0507,nearest=351.478m; gap=319.954m; manual confirmation required
,,"1 Kiaora Ln, Sydney, 2028",Chargefox,2,AC,22 kW,-33.87823128,151.2448659,Woollahra Municipal Council,2028,Existing Destination Chargers,review,coordinate_candidate,0.5,True,147.0,81.53942413044902,81.53942413044902,83.71350567372426,Peclet local snapshot (experimental),DC684,Kiaora Place Shopping Centre - Level 1 charger,"1 Kiaora Road, Double Bay, NSW, 2028",Chargefox,Type 2,2.0,22 kW,"6am-11pm, 7 days Upper level closes at 11pm",-33.878071,151.244004,nearest=81.539m; gap=83.714m; manual confirmation required
,,"1 Laman St, Newcastle, 2300",Chargefox,2,AC,22 kW,-32.92913118,151.772021,Newcastle City Council,2300,Existing Destination Chargers,accepted,coordinate_near_clear,0.9,False,1306.0,3.7422688668980033,3.7422688668980033,373.3438386192157,Peclet local snapshot (experimental),DC274,Laman St Parking charger,"25 Laman St, Cooks Hill NSW 2300, Australia",Chargefox,Type 2,2.0,22 kW,Open 24/7,-32.929146,151.772057,
,,"1 Little Walker St, Casino, NSW 2470, Australia",NRMA,4,DC,50 kW,-35.442745,149.7913305,Richmond Valley Council,2622,TfNSW Regional,accepted,coordinate_exact,1.0,False,409.0,0.0,0.0,5.336283428356793,Peclet local snapshot (experimental),AK871,Little Walker St Casino charger,"1 Little Walker St, Casino, NSW 2470, Australia",NRMA,,4.0,50 kW,,-35.442745,149.7913305,
,,"1 Littlebourne St, Bathurst, 2795",Exploren,2,AC,22 kW,-33.41997202,149.6143994,Bathurst Regional Council,2795,Existing Destination Chargers,review,coordinate_candidate,0.5,True,114.0,1178.5044666572576,1178.5044666572576,28.483901448366396,Peclet local snapshot (experimental),DC486,NRMA Bathurst Panorama Holiday Park charger,"250 Sydney Rd, Bathurst, NSW 2795",Chargefox,J-1772,2.0,22 kW,,-33.41853844,149.6269807,nearest=1178.504m; gap=28.484m; manual confirmation required
,,"1 Magenta Dr, Central Coast, 2261",Tesla,1,AC,6 kW,-33.31093998,151.5228138,Central Coast Council,2261,Existing Destination Chargers,accepted,address_exact_unique,0.97,False,1280.0,41.20264163499402,41.20264163499402,5148.044461992278,Peclet local snapshot (experimental),DC150,Pullman Magenta Shores Resort charger,1 1 Magenta Drive Magenta New South Wales NSW 2261,Tesla Destination,Tesla,1.0,11 kW,,-33.310777,151.523212,
,,"1 Martin Pl, Sydney, 2000",Everty,3,AC,22 kW,-33.86784589,151.2077858,"Sydney, Council of the City of",2000,Existing Destination Chargers,accepted,coordinate_near_clear,0.9,False,980.0,0.12348853805956457,0.12348853805956457,187.30658464920978,Peclet local snapshot (experimental),DC689,Secure Parking No 1 Martin Place Carpark charger,"165 Pitt St, Sydney NSW 2000",Everty,Type 2,4.0,22 kW,Open 24/7,-33.867845,151.207785,
,,"1 Matong St, Dareton, 2717",Chargestar,1,AC,22 kW,-34.09419724,142.0396877,Wentworth Shire Council,2717,Existing Destination Chargers,accepted,address_exact_unique,0.97,False,1820.0,10.820175053413855,10.820175053413855,11107.014221317146,Peclet local snapshot (experimental),DC940,Coomealla Memorial Sporting Club and Motel charger,"1 Matong St, Dareton NSW 2717, Australia",,Tesla; Type 2,2.0,kW,Open 24/7,-34.094238,142.039581,
,,"1 Molly Morgan Dr, Maitland, 2323",Chargefox,2,AC,6 kW,-32.76249354,151.5895816,Maitland City Council,2323,Existing Destination Chargers,review,ambiguous_exact_address,0.5,True,474.0,21.51975663049557,21.51975663049557,16.584920003686598,Peclet local snapshot (experimental),DC306,Stockland Green Hills (1) charger,"1 Molly Morgan Dr, East Maitland NSW 2323, Australia",Tesla Destination,Tesla; Type 2,3.0,22 kW,,-32.76244408,151.5898041,nearest=21.520m; gap=16.585m; manual confirmation required
,,"1 Molly Morgan Dr, Maitland, 2323",Tesla,2,AC,22 kW,-32.76258363,151.5903554,Maitland City Council,2323,Existing Destination Chargers,review,ambiguous_exact_address,0.5,True,902.0,35.76135031258495,35.76135031258495,18.073400547895126,Peclet local snapshot (experimental),DC307,Stockland Greenhills (2) charger,"1 Molly Morgan Dr, East Maitland NSW 2323, Australia",Chargefox,Type 2,2.0,7 kW,,-32.76249116,151.5899891,nearest=35.761m; gap=18.073m; manual confirmation required
,,"1 Pambula Beach Rd, Pambula Beach, 2549",Tesla,1,AC,22 kW,-36.94024329,149.9072653,Bega Valley Shire Council,2549,Existing Destination Chargers,accepted,address_exact_unique,0.97,False,202.0,5.024759064244224,5.024759064244224,2121.990923489376,Peclet local snapshot (experimental),DC936,Discovery Parks Pambula Beach charger,"1 Pambula Beach Rd, Pambula Beach NSW 2549, Australia",Tesla Destination,Tesla,1.0,22 kW,,-36.940225,149.907317,
,,"1 Park St, Sydney, 2103",JOLT,2,DC,25 kW,-33.67613618,151.3039429,Northern Beaches Council,2103,Existing Fast Chargers,accepted,address_exact_unique,0.97,False,1083.0,13.666599698824866,13.666599698824866,63.313709547186875,Peclet local snapshot (experimental),FC191,Mona Vale Library Car Park charger,"1 Park St, Mona Vale NSW 2103, Australia",JOLT,Tesla; Type 2,2.0,25 kW,Open 24/7,-33.67606,151.303827,
,,"1 Perry St, Batemans Bay, 2536",Evie,4,DC,75 kW,-35.70737242,150.1761672,Eurobodalla Shire Council,2536,Existing Fast Chargers,accepted,address_exact_unique,0.97,False,657.0,45.68227005121397,45.68227005121397,99.20082162822823,Peclet local snapshot (experimental),FC69,Village Centre Batemans Bay charger,"1 Perry St, Batemans Bay NSW 2536, Australia",Evie Networks,Type 2,4.0,75 kW,Open 24/7,-35.706983,150.176006,
,,"1 Plunkett St, Sydney, 2065",Exploren,2,DC,50 kW,-33.8215586,151.1964124,Willoughby City Council,2065,Existing Fast Chargers,review,coordinate_candidate,0.5,True,166.0,30.267416765516547,30.267416765516547,210.51745542325753,Peclet local snapshot (experimental),DC770,Plunkett Street Parking charger,"32 Chandos St, St Leonards NSW 2065, Australia",Chargefox,Type 2,2.0,7 kW,Open 24/7,-33.821772,151.196209,nearest=30.267m; gap=210.517m; manual confirmation required
,,"1 Porter St, Byron Bay, 2481",Chargefox,11,AC,22 kW,-28.63114219,153.5822593,Byron Shire Council,2481,Existing Destination Chargers,accepted,address_exact_unique,0.97,False,1258.0,36.22404815330834,36.22404815330834,140.66837041940326,Peclet local snapshot (experimental),DC29,Habitat Byron Bay charger,"1 Porter St, Byron Bay NSW 2481, Australia",Chargefox,Type 2,11.0,22 kW,,-28.631464,153.582317,
,,"1 Railway Pde, Sydney, 2217",Tesla,2,AC,6 kW,-33.96202107,151.1331081,Georges River Council,2217,Existing Destination Chargers,review,coordinate_candidate,0.5,True,662.0,60.902819458768974,60.902819458768974,16.43599686370264,Peclet local snapshot (experimental),FC109,Kogarah Town Centre charger,"Kogarah Town Centre, 1-9 Railway Parade, Kogarah NSW 2217, Australia",Evie Networks,Tesla; Type 2,4.0,60 - 150 kW,7:00 AM - 10:00 PM,-33.96168115,151.1325903,nearest=60.903m; gap=16.436m; manual confirmation required
,,"1 Reina Street, Sydney, 2026",Exploren,1,AC,22 kW,-33.8818579,151.2752853,Waverley Council,2026,Existing Destination Chargers,accepted,address_exact_unique,0.97,False,963.0,0.10383660818425108,0.10383660818425108,462.17480790307803,Peclet local snapshot (experimental),DC617,1 Reina St Parking charger,"1 Reina St, North Bondi NSW 2026, Australia",Exploren,Type 2,1.0,22 kW,Open 24/7,-33.881857,151.275285,
,,"1 Rider Blvd, Sydney, 2138",Tesla,3,AC,22 kW,-33.83552757,151.0841261,"Canada Bay Council, City of",2138,Existing Destination Chargers,review,coordinate_candidate,0.5,True,556.0,118.6006318353104,118.6006318353104,156.92722899690418,Peclet local snapshot (experimental),DC669,Rhodes Waterside charger,"Level 3, 1 Rider Blvd, Rhodes NSW 2138, Australia",Chargefox,Tesla; Type 2,8.0,22 kW,Rhodes Waterside Shopping Centre,-33.835415,151.085403,nearest=118.601m; gap=156.927m; manual confirmation required
,,"1 Salisbury Rd, Sydney, 2154",Tesla,1,AC,6 kW,-33.73073778,150.9734024,The Hills Shire Council,2154,Existing Destination Chargers,accepted,address_exact_unique,0.97,False,922.0,0.09429069935765562,0.09429069935765562,191.65771288833642,Peclet local snapshot (experimental),DC426,The Hills Lodge charger,"1 Salisbury Rd, Castle Hill NSW 2154, Australia",Tesla Destination,Tesla; Type 2,3.0,5 kW,,-33.730737,150.973402,
,,"1 Seabeach Ave, Sydney, 2103",Chargefox,2,AC,6 kW,-33.67677782,151.3098839,Northern Beaches Council,2103,Existing Destination Chargers,accepted,address_exact_unique,0.97,False,1712.0,8.180527751632345,8.180527751632345,557.9464421000457,Peclet local snapshot (experimental),DC383,Baldwin Living Seabeach Gardens charger,"1 Seabeach Ave, Mona Vale NSW 2103, Australia",Chargefox,Type 2,2.0,7 kW,,-33.676719,151.309937,
,,"1 Stanley St, Sydney, 2025",EVX,2,AC,22 kW,-33.88848053,151.2444605,Woollahra Municipal Council,2025,Existing Destination Chargers,review,coordinate_candidate,0.5,True,362.0,14.410527673334409,14.410527673334409,227.13758771260405,Peclet local snapshot (experimental),HC2289,Edgecliff Rd Woollahra charger,"251 Edgecliff Rd
Woollahra NSW 2025
Australia",EVX,,2.0,22 kW,,-33.8886,151.2444,nearest=14.411m; gap=227.138m; manual confirmation required
,,"1 Sterling Cct, Sydney, 2050",Saascharge,1,AC,22 kW,-33.88474779,151.1766086,"Sydney, Council of the City of",2050,Existing Destination Chargers,accepted,coordinate_near_clear,0.9,False,538.0,0.10384677989785764,0.10384677989785764,111.61252253331106,Peclet local snapshot (experimental),DC579,Trio Apartments Camperdown charger,"1-5 Sterling Circuit, Camperdown NSW 2050",Saascharge International GmbH,Type 2,1.0,22 kW,Open 24/7,-33.884747,151.176608,
,,"1 Sublime Point Rd, Leura, 2780",Exploren,4,AC,22 kW,-33.72087992,150.3514194,Blue Mountains City Council,2780,Existing Destination Chargers,review,ambiguous_exact_address,0.5,True,925.0,0.10878307142498914,0.10878307142498914,165.9793671040182,Peclet local snapshot (experimental),DC432,Fairmont Resort Blue Mountains by MGallery (2) charger,"1 Sublime Point Rd, Leura NSW 2780, Australia, Leura 2780",Exploren,Type 2,2.0,7 kW,Open 24/7,-33.720879,150.351419,nearest=0.109m; gap=165.979m; manual confirmation required
,,"1 Wharf St, Tweed Heads, 2485",Tesla,6,DC,250 kW,-28.17378983,153.5445165,Tweed Shire Council,2485,Existing Fast Chargers,accepted,address_exact_unique,0.97,False,1090.0,11.213800027450228,11.213800027450228,445.26166713432724,Peclet local snapshot (experimental),FC250,Tweed Mall Shopping Centre charger,"1 Wharf Street, Tweed Heads NSW 2485, Australia",Tesla Supercharge,Type 2,6.0,250 kW,6:00 AM - 11:00 PM,-28.17379051,153.5446309,
,,"1 Williamtown Drive, Williamtown, 2318",Chargefox,6,AC,22 kW,-32.80442447,151.8391211,Port Stephens Council,2318,Existing Destination Chargers,accepted,address_exact_unique,0.97,False,1692.0,163.54164396209197,0.05966981471123296,163.48197414738073,Peclet local snapshot (experimental),DC272,Newcastle Airport - Premium Covered Car Park charger,"Newcastle Airport, 1 Williamtown Dr, Williamtown NSW 2318, Australia",,Type 2,6.0,kW,,-32.80527803,151.8405461,
,,"1/9 Railway Parade, Kogarah NSW 2217",Evie,4,DC,150 kW,-33.9624686,151.1324696,Georges River Council,2217,ARENA - Driving the Nation,accepted,address_exact_unique,0.97,False,1929.0,4.4778558925531495,4.4778558925531495,83.78734417398732,Peclet local snapshot (experimental),HC2428,Railway Parade Kogarah charger,"1/9 Railway Parade, Kogarah NSW 2217",Evie,,4.0,150 kW,,-33.9625,151.1325,
,,"10 Brookfield Rd, Minto NSW 2566",Evie,4,DC,75 kW,-34.03094307,150.8490285,Campbelltown City Council,2566,ARENA - Driving the Nation,accepted,address_exact_unique,0.97,False,1242.0,5.462014860557233,5.462014860557233,3397.6481133462435,Peclet local snapshot (experimental),HC2647,Brookfield Rd Minto charger,"10 Brookfield Rd, Minto NSW 2566",Evie,,4.0,75 kW,,-34.0309,150.849,
,,"10 Burkinshaw St, Barooga, 3644",Exploren,2,AC,22 kW,-35.9064535,145.6867497,Berrigan Shire Council,3644,Existing Destination Chargers,review,coordinate_candidate,0.5,True,818.0,115.8961426703468,115.8961426703468,13541.285787372964,Peclet local snapshot (experimental),HC2682,Burkinshaw St Barooga charger,"Burkinshaw St
Barooga NSW 3644
Australia",Non-networked,,2.0,AC,,-35.9067,145.688,nearest=115.896m; gap=13541.286m; manual confirmation required
,,"10 Colden Dr, Albion Park Rail, 2527",Chargefox,4,AC,22 kW,-34.57356661,150.8134274,Shellharbour City Council,2527,Existing Destination Chargers,review,coordinate_candidate,0.5,True,598.0,130.56798583152587,130.56798583152587,1914.5211027552996,Peclet local snapshot (experimental),DC844,Park Central charger,"30 Shaban St, Albion Park Rail NSW 2527, Australia",Chargefox,Type 2,4.0,22 kW,Open 24/7,-34.57470144,150.8137937,nearest=130.568m; gap=1914.521m; manual confirmation required
,,"10 Elizabeth St, Bathurst, 2795",Evie,4,DC,150 kW,-33.41417222,149.5833564,Bathurst Regional Council,2795,Existing Fast Chargers,accepted,address_exact_unique,0.97,False,1464.0,6.777566780440419,6.777566780440419,193.01321276117943,Peclet local snapshot (experimental),FC116,10 Elizabeth St Carpark charger,"10 Elizabeth St, Bathurst NSW 2795, Australia",Evie Networks,Tesla; Type 2,4.0,60 - 150 kW,Open 24/7,-33.41415869,149.5834276,
,,"10 Rugby Rd, Newcastle, 2305",Tesla,1,AC,22 kW,-32.9207518,151.7155225,Newcastle City Council,2305,Existing Destination Chargers,accepted,address_exact_unique,0.97,False,1671.0,61.87295208950853,61.87295208950853,1214.9740242310706,Peclet local snapshot (experimental),DC168,The Executive Inn charger,"10 Rugby Rd, New Lambton, NSW, Australia, 2304",Tesla Destination,Tesla,2.0,22 kW,,-32.92084,151.714868,
,,"10 Seymour street, Laurieton, 2443",Exploren,2,AC,22 kW,-31.65042247,152.7958869,Port Macquarie-Hastings Council,2443,Existing Destination Chargers,accepted,address_exact_unique,0.97,False,440.0,19.389575641346067,19.389575641346067,7035.779821894002,Peclet local snapshot (experimental),DC86,Varnsen Suites charger,10 Seymour street Laurieton,Exploren,Type 2,2.0,22 kW,7:00 AM - 7:00 PM,-31.65059653,152.7958746,
,,"10 Tryon Rd, Sydney, 2070",Chargefox,10,AC,22 kW,-33.77481686,151.1704995,Ku-ring-gai Council,2070,Existing Destination Chargers,accepted,address_exact_unique,0.97,False,93.0,41.448216107798466,41.448216107798466,956.6813034356854,Peclet local snapshot (experimental),DC359,Lindfield Village Green Underground Car Park charger,"Lindfield Village Green, 10 Tryon Rd, Lindfield NSW 2070, Australia",,Type 2,15.0,kW,Open 24/7,-33.775075,151.170176,
,,"10 Tryon Rd, Sydney, 2070",Exploren,5,AC,6 kW,-33.77497902,151.1702102,Ku-ring-gai Council,2070,Existing Destination Chargers,accepted,address_exact_unique,0.97,False,93.0,11.130778352267294,11.130778352267294,982.9644829629144,Peclet local snapshot (experimental),DC359,Lindfield Village Green Underground Car Park charger,"Lindfield Village Green, 10 Tryon Rd, Lindfield NSW 2070, Australia",,Type 2,15.0,kW,Open 24/7,-33.775075,151.170176,
,,"10 Victoria St, Wollongong , NSW 2500",EVX,2,AC,22 kW,-34.42213018,150.891979,Wollongong City Council,NSW 2500,Existing Destination Chargers,review,coordinate_candidate,0.5,True,591.0,13.406327249179471,13.406327249179471,123.14074680578517,Peclet local snapshot (experimental),DC826,12-20 Victoria St Parking charger,"12-20 Victoria St, Wollongong NSW 2500, Australia",EVX,Type 2,2.0,kW,Open 24/7,-34.42224045,150.8920381,nearest=13.406m; gap=123.141m; manual confirmation required
,,"10 Winery Dr, Port Macquarie, 2444",Tesla,12,DC,130 kW,-31.43610015,152.8235826,Port Macquarie-Hastings Council,2444,Existing Fast Chargers,accepted,address_exact_unique,0.97,False,694.0,0.05931765667445181,0.05931765667445181,2427.304386992235,Peclet local snapshot (experimental),FC243,Cassegrain Winery charger,"10 Winery Drive, Port Macquarie, Australia, 2444",Tesla Supercharge,Type 2; J-1772,12.0,120 kW,,-31.4361,152.823582,
,,"100 Weakleys Dr, Beresfield, 2322",Exploren,3,AC,22 kW,-32.80300905,151.6334314,Newcastle City Council,2322,Existing Destination Chargers,review,coordinate_candidate,0.5,True,329.0,62.7163583553533,62.7163583553533,841.1154091435417,Peclet local snapshot (experimental),HC2085,Bowden Way Beresfield charger,"3 Bowden Way
Beresfield NSW 2322
Australia",Non-networked,,3.0,AC,,-32.8032,151.6328,nearest=62.716m; gap=841.115m; manual confirmation required
,,"101 Goulburn St, Sydney, 2000",Chargefox,4,AC,6 kW,-33.87844949,151.208999,"Sydney, Council of the City of",2000,Existing Destination Chargers,review,coordinate_candidate,0.5,True,1381.0,18.32303988182559,18.32303988182559,224.56901371906238,Peclet local snapshot (experimental),DC672,Goulburn Street Car Park charger,"Corner of Goulburn and Elizabeth Streets, Sydney, NSW, 2000",Chargefox,Type 2,4.0,20 kW,Open 24/7,-33.878547,151.208839,nearest=18.323m; gap=224.569m; manual confirmation required
,,"101 Grafton St, Sydney, 2022",Tesla,4,AC,22 kW,-33.89091996,151.2508218,Waverley Council,2022,Existing Destination Chargers,review,coordinate_candidate,0.5,True,573.0,47.709485744297105,47.709485744297105,10.51748844855529,Peclet local snapshot (experimental),DC750,Westfield Bondi Junction - Valet charger,"500 Oxford St, Bondi Junction NSW 2022, Australia",,Type 2,4.0,kW,During shopping centre hours,-33.891349,151.250827,nearest=47.709m; gap=10.517m; manual confirmation required
,,"102 Volt Lane, Albury, 2640",Exploren,4,AC,22 kW,-36.08176781,146.9163193,Albury City Council,2640,Existing Destination Chargers,review,coordinate_candidate,0.5,True,1040.0,15.421470921502246,15.421470921502246,86.7002629401925,Peclet local snapshot (experimental),DC994,Volt Lane Car Park charger,"Lot 102, Volt Ln, Albury NSW 2640, Australia",Exploren,Type 2,3.0,22 kW,Open 24/7,-36.08172229,146.9164814,nearest=15.421m; gap=86.700m; manual confirmation required
,,"103 Sandy Flat Rd, Sandy Flat, 2372",Tesla,2,AC,22 kW,-29.23413718,152.0222883,Tenterfield Shire Council,2372,Existing Destination Chargers,accepted,address_exact_unique,0.97,False,2.0,59.98130145769112,59.98130145769112,19353.149934514382,Peclet local snapshot (experimental),DC2,Donegal Farmstay charger,"103 Sandy Flat Road, Sandy Flat NSW 2372, Australia",Tesla Destination,Tesla; Type 2,4.0,22 kW,,-29.233601,152.022356,
,,"1034 The Escort Way, Borenore, 2800",Tesla,2,AC,22 kW,-33.25922627,149.00404,Cabonne Council,2800,Existing Destination Chargers,accepted,address_exact_unique,0.97,False,36.0,82.68958867115545,82.68958867115545,1621.2086448228993,Peclet local snapshot (experimental),DC141,Heifer Station Wines charger,"1034 The Escort Way, Borenore NSW 2800, Australia",Tesla Destination,Tesla,2.0,22 kW,,-33.259963,149.004161,
,,"105 Station Rd, Sydney, 2147",Ampol,2,DC,150 kW,-33.77436041,150.9448809,Blacktown City Council,2147,Existing Fast Chargers,review,coordinate_candidate,0.5,True,1917.0,487.4647258463324,487.4647258463324,246.598276395496,Peclet local snapshot (experimental),HC2094,Fourth Ave Seven Hills charger,"24 Fourth Ave
Seven Hills NSW 2147
Australia",EVX,,2.0,22 kW,,-33.7775,150.9412,nearest=487.465m; gap=246.598m; manual confirmation required
,,"106 Parraween St, Sydney, 2090",Evie,4,DC,75 kW,-33.8273504,151.2303373,North Sydney Council,2090,Existing Fast Chargers,accepted,address_exact_unique,0.97,False,795.0,13.865666435645931,13.865666435645931,817.0418259307056,Peclet local snapshot (experimental),HC2157,Parraween St Cremorne charger,"106 Parraween St
Cremorne NSW 2090
Australia",Evie Networks,,4.0,75 kW,,-33.8273,151.2302,
,,"1067 Oxley Hwy, Thrumster, 2444",Chargefox,4,DC,180 kW,-31.46394199,152.8219499,Port Macquarie-Hastings Council,2444,Existing Fast Chargers,accepted,address_exact_unique,0.97,False,1046.0,0.15834174537035076,0.15834174537035076,832.2910399951351,Peclet local snapshot (experimental),FC7,NRMA - Port Macquarie charger,"1067 Oxley Highway, Thrumster, 2444",Chargefox,Tesla; Type 2,4.0,180kW,Open 24/7,-31.463941,152.8219487,
,,"1068 Pittwater Rd, Sydney, 2097",JOLT,2,DC,25 kW,-33.73111016,151.301011,Northern Beaches Council,2097,Existing Fast Chargers,review,coordinate_candidate,0.5,True,1323.0,877.9786062952817,877.9786062952817,440.8890652838734,Peclet local snapshot (experimental),DC372,9 Anzac Ave Parking charger,"9 Anzac Ave, Collaroy NSW 2097, Australia",Exploren,Type 2,1.0,22 kW,Open 24/7,-33.73861146,151.3039748,nearest=877.979m; gap=440.889m; manual confirmation required
,,"107 John St, Singleton, 2330",Exploren,1,AC,22 kW,-32.56552757,151.1671401,Singleton Council,2330,Existing Destination Chargers,review,coordinate_candidate,0.5,True,1288.0,1859.1162391955063,1859.1162391955063,19.25141502585643,Peclet local snapshot (experimental),DC185,Alroy Park Club - Singleton Diggers charger,"8 Dorsman Dr, Singleton Heights NSW 2330, Aus, Singleton Heights 2330",Exploren,Type 2,2.0,7 kW,Open 24/7,-32.54942491,151.1618019,nearest=1859.116m; gap=19.251m; manual confirmation required
,,"108 Ingleburn Rd, Leppington, 2179",Chargefox,6,AC,6 kW,-33.96187992,150.8062342,Camden Council,2179,Existing Destination Chargers,accepted,address_exact_unique,0.97,False,1737.0,29.485891894420156,29.485891894420156,927.5288833581185,Peclet local snapshot (experimental),DC509,Leppington Village Shopping Centre charger,"108 Ingleburn Rd, Leppington NSW 2179, Australia",Chargefox,Type 2,6.0,7 kW,"6am - 10pm, 7 days",-33.9621421,150.8061863,
,,"109 Beecroft Rd, Sydney, 2119",JOLT,2,DC,25 kW,-33.75051656,151.0650831,"Hornsby, The Council of the Shire of",2119,Existing Fast Chargers,review,coordinate_candidate,0.5,True,1081.0,6.585867739163384,6.585867739163384,1566.8127816497029,Peclet local snapshot (experimental),FC169,Beecroft Village Plaza charger,"107 Beecroft Rd, Beecroft NSW 2119",JOLT,Tesla; Type 2,2.0,25 kW,Open 24/7,-33.75046555,151.0650469,nearest=6.586m; gap=1566.813m; manual confirmation required
,,"109 Cobra St, Dubbo, 2830",Tesla,2,AC,14 kW,-32.25474879,148.6101421,Dubbo Regional Council,2830,Existing Destination Chargers,accepted,address_exact_unique,0.97,False,70.0,0.08834587784803806,0.08834587784803806,140.49871102441747,Peclet local snapshot (experimental),DC275,Bluegum Dubbo Motel charger,"109 Cobra St, Dubbo NSW 2830, Australia",Tesla Destination,Tesla,2.0,14 kW,,-32.254748,148.610142,
,,"109 Whylandra St, Dubbo, 2830",Tesla,1,AC,22 kW,-32.25216621,148.5899209,Dubbo Regional Council,2830,Existing Destination Chargers,accepted,address_exact_unique,0.97,False,879.0,0.08779678182834084,0.08779678182834084,305.5884250145222,Peclet local snapshot (experimental),DC195,Akuna Motor Inn & Apartments charger,"109 Whylandra St, Dubbo NSW 2830, Australia",Tesla Destination,Tesla,1.0,22 kW,,-32.252166,148.58992,
,,"10B Charles St, Sydney, 2193",Exploren,1,AC,6 kW,-33.91171076,151.1172923,Canterbury Bankstown Council,2193,Existing Destination Chargers,accepted,address_exact_unique,0.97,False,954.0,17.17463224708156,17.17463224708156,1296.4812350222999,Peclet local snapshot (experimental),DC566,Charles St & Robert St Parking charger,"10B Charles St, Canterbury NSW 2193, Australia",Exploren,Type 2,1.0,7 kW,Open 24/7,-33.911864,151.117269,
,,"10W Apsley St, Walcha NSW 2354, Australia",NRMA,4,DC,50 kW,-29.960127,146.8578887,Walcha Council,2839,TfNSW Regional,accepted,address_exact_unique,0.97,False,1179.0,3.1935300079312863,3.1935300079312863,63.9955144566202,Peclet local snapshot (experimental),HC2671,Apsley St Walcha charger,"10W Apsley St, Walcha NSW 2354, Australia",NRMA,,4.0,50 kW,,-29.9601,146.8579,
,,"11 Coolangatta Rd, Coolangatta, 2535",EVUp,2,AC,22 kW,-34.84028833,150.7323604,Shoalhaven City Council,2535,Existing Destination Chargers,accepted,coordinate_exact,1.0,False,1801.0,0.0,0.05176004856377902,1805.27311133368,Peclet local snapshot (experimental),DC846,Mountain Ridge Wines charger,"11 Coolangatta Rd, Coolangatta NSW 2535, Australia","Tesla Destination, EVUp",Tesla; Type 2,4.0,7 kW,,-34.840288,150.73236,
,,"11 Coolangatta Rd, Coolangatta, 2535",Tesla,2,AC,6 kW,-34.8392503,150.7340831,Shoalhaven City Council,2535,Existing Destination Chargers,accepted,address_exact_unique,0.97,False,1801.0,195.04788391843886,195.04788391843886,1568.183620871499,Peclet local snapshot (experimental),DC846,Mountain Ridge Wines charger,"11 Coolangatta Rd, Coolangatta NSW 2535, Australia","Tesla Destination, EVUp",Tesla; Type 2,4.0,7 kW,,-34.840288,150.73236,
,,"11 Ewingsdale Rd, Ewingsdale, 2481",NRMA,4,DC,75 kW,-28.63612817,153.5534605,Byron Shire Council,2481,Existing Fast Chargers,accepted,coordinate_exact,1.0,False,686.0,0.0,0.05233029427734642,2623.6955571830094,Peclet local snapshot (experimental),FC201,The Farm Byron Bay charger,"11 Ewingsdale Rd, Ewingsdale NSW 2481, Australia",NRMA,Tesla; Type 2,4.0,50 kW,Open 24/7,-28.636128,153.55346,
,,"11 Hickson Rd, Sydney, 2000",Tesla,2,AC,22 kW,-33.85426831,151.2081952,"Sydney, Council of the City of",2000,Existing Destination Chargers,accepted,coordinate_exact,1.0,False,1387.0,0.0,0.039106225542181565,188.78519317736314,Peclet local snapshot (experimental),DC688,Pier One Sydney Harbour charger,"11 Hickson Rd, Dawes Point NSW 2000, Australia",Tesla Destination,Tesla,2.0,22 kW,,-33.854268,151.208195,
,,"11 Jamison St, Sydney, 2000",Tesla,2,AC,22 kW,-33.86433138,151.2060691,"Sydney, Council of the City of",2000,Existing Destination Chargers,accepted,coordinate_exact,1.0,False,1386.0,0.0,0.043251105682773086,191.14272124912668,Peclet local snapshot (experimental),DC685,The Amora Hotel Jamison Sydney charger,"11 Jamison St, Sydney, Australia, NSW 2000",Tesla Destination,Tesla,2.0,22 kW,Open 24/7,-33.864331,151.206069,
,,"11 Renown Rd, Sydney, 2153",Tesla,1,AC,19 kW,-33.76312017,151.0042903,The Hills Shire Council,2153,Existing Destination Chargers,accepted,address_exact_unique,0.97,False,90.0,28.86858392167382,28.86858392167382,1306.0973962083724,Peclet local snapshot (experimental),DC346,Baulkham Hills Sports Club charger,"11 Renown Road, Baulkham Hills NSW 2153, Australia",Tesla Destination,Tesla; J-1772,3.0,6 kW,Available during Club opening hours Sunday to Thursday: 9am - Late Friday and Saturday: 9am - 2am,-33.762882,151.004166,
,,"11 Scott St, Sydney, 2170",JOLT,2,DC,25 kW,-33.92522427,150.9265836,Liverpool City Council,2170,Existing Fast Chargers,review,coordinate_candidate,0.5,True,514.0,1012.8991482763674,1012.8991482763674,459.68915470053616,Peclet local snapshot (experimental),DC494,Taitung Food Service charger,"355 Newbridge Road, Moorebank NSW 2170",,Tesla,1.0,kW,7am to 3pm,-33.929436,150.936318,nearest=1012.899m; gap=459.689m; manual confirmation required
,,"11 West St, Wollongong, 2500",EVUp,2,AC,23 kW,-34.43367372,150.8916216,Wollongong City Council,2500,Existing Destination Chargers,accepted,address_exact_unique,0.97,False,1412.0,12.693193979296467,12.693193979296467,680.6012706425189,Peclet local snapshot (experimental),DC821,EVup INS Group charger,"11 West Street, Wollongong NSW 2500, Australia",EVUp,Type 2,2.0,22 kW,,-34.433588,150.891713,
,,"11 William St, Bellingen, 2454",EVX,2,AC,22 kW,-30.4527558,152.896039,Bellingen Shire Council,2454,Existing Destination Chargers,review,coordinate_candidate,0.5,True,1266.0,1409.4042822572808,1409.4042822572808,5909.031170040357,Peclet local snapshot (experimental),DC66,The Lodge Bellingen charger,"1381 Waterfall Way, Bellingen NSW 2454, Australia",,Tesla,2.0,11 kW,8:30 AM - 10:30 AM,-30.444593,152.884791,nearest=1409.404m; gap=5909.031m; manual confirmation required
,,"110 Anzac Pde, Sydney, 2033",JOLT,2,DC,25 kW,-33.90717322,151.2239409,Randwick City Council,2033,Existing Fast Chargers,accepted,address_exact_unique,0.97,False,678.0,17.431574026551353,17.431574026551353,42.95583411783729,Peclet local snapshot (experimental),FC175,Goodwood St Parking charger,"110 Anzac Parade, Kensington NSW 2033, Australia",JOLT,Tesla; Type 2,2.0,25 kW,Open 24/7,-33.907121,151.224119,
,,"1106 Barrenjoey Rd, Sydney, 2108",JOLT,2,DC,25 kW,-33.59707712,151.320022,Northern Beaches Council,2108,Existing Fast Chargers,accepted,coordinate_near_clear,0.9,False,687.0,3.0046420973831522,3.0046420973831522,6655.574027007666,Peclet local snapshot (experimental),FC212,Barrenjoey House carpark charger,"Palm Beach, Palm Beach NSW 2108, Australia",JOLT,Tesla; Type 2,2.0,25 kW,Open 24/7,-33.59705164,151.3200112,
,,"1-11 Lexington Dr, Sydney, 2153",ChargePoint,6,AC,6 kW,-33.73669174,150.9503203,The Hills Shire Council,2153,Existing Destination Chargers,accepted,coordinate_near_clear,0.9,False,105.0,0.08683462750764824,0.08683462750764824,210.11412324949924,Peclet local snapshot (experimental),DC430,Woolworths Head Office charger,"1 Woolworths Way, Bella Vista NSW 2153, Australia",ChargePoint,J-1772,6.0,6.6 kW,,-33.736691,150.95032,
,,"111 Park Beach Rd, Coffs Harbour, 2450",Tesla,2,AC,6 kW,-30.28609214,153.1365155,Coffs Harbour City Council,2450,Existing Destination Chargers,accepted,address_exact_unique,0.97,False,1271.0,0.05047022833782311,0.05047022833782311,696.0403647518071,Peclet local snapshot (experimental),DC93,Park Beach Resort Motel charger,"111 Park Beach Rd, Coffs Harbour, , Australia, NSW 2450",Tesla Destination,Tesla,2.0,6 kW,Open 24/7,-30.286092,153.136515,
,,"113 Hanwood Ave, Hanwood, 2680",Tesla,2,AC,22 kW,-34.3407558,146.0586336,Griffith City Council,2680,Existing Destination Chargers,accepted,address_exact_unique,0.97,False,1434.0,0.10463196485166522,0.10463196485166522,5436.976733074489,Peclet local snapshot (experimental),DC961,Mino + Co Wines Cellar Door charger,"113 Hanwood Ave, Hanwood NSW 2680, Australia",Tesla Destination,Tesla,2.0,22 kW,,-34.340755,146.058633,
,,"11-37 Alexandria Pde, Sydney, 2077",JOLT,2,DC,25 kW,-33.70973178,151.1045866,"Hornsby, The Council of the Shire of",2077,Existing Fast Chargers,review,coordinate_candidate,0.5,True,929.0,118.98412709226689,118.98412709226689,98.27095443002189,Peclet local snapshot (experimental),DC454,Arc Renewable Group Maxwell Reissis charger,"18 Waitara Ave, Waitara NSW 2077, Australia",Exploren,Type 2,4.0,22 kW,,-33.709518,151.105847,nearest=118.984m; gap=98.271m; manual confirmation required
,,"115 Rowe St, Sydney, 2122",Tesla,2,AC,19 kW,-33.79103908,151.0830941,"Ryde, Council of the City of",2122,Existing Destination Chargers,accepted,address_exact_unique,0.97,False,89.0,17.554041573362895,17.554041573362895,114.58752134308116,Peclet local snapshot (experimental),DC340,Eastwood Hotel charger,"115 Rowe Street, Eastwood, , Australia, NSW 2122",Tesla Destination,Tesla,2.0,7 kW,Open 24/7,-33.790888,151.083039,
,,"115-133 Dunning Ave, Sydney, 2018",Exploren,4,AC,22 kW,-33.91833338,151.2021642,"Sydney, Council of the City of",2018,Existing Destination Chargers,review,coordinate_candidate,0.5,True,970.0,275.94240662469036,275.94240662469036,141.53747379399493,Peclet local snapshot (experimental),DC646,34 Morley Ave Parking charger,"34 Morley Ave, Rosebery NSW 2018, Australia",EVX,Type 2,2.0,kW,Open 24/7,-33.91597935,151.2031107,nearest=275.942m; gap=141.537m; manual confirmation required
,,"116 Liverpool St, Scone, NSW 2337, Australia",NRMA,2,DC,50 kW,-31.9598511,141.4601038,Upper Hunter Shire Council,2880,TfNSW Regional,review,ambiguous_exact_address,0.5,True,1537.0,886989.9806874252,56.63763789225453,233.55779370218534,Peclet local snapshot (experimental),HC2754,Liverpool St Scone charger,"116 Liverpool St, Scone, NSW 2337, Australia",NRMA,,2.0,50 kW,,-31.9958831470424,150.863918038716,nearest=56.638m; gap=233.558m; manual confirmation required
,,"117 Glenayr Ave, Sydney, 2026",Chargefox,1,AC,6 kW,-33.88682487,151.2723734,Waverley Council,2026,Existing Destination Chargers,accepted,address_exact_unique,0.97,False,1401.0,0.1035463808321095,0.1035463808321095,26.845877377786792,Peclet local snapshot (experimental),DC761,117 Glenayr Ave Parking charger,"117 Glenayr Ave, Bondi Beach NSW 2026, Australia",Chargefox,Type 2,1.0,7 kW,,-33.886824,151.272373,
,,"117 Macquarie St, Sydney, 2000",Tesla,2,AC,22 kW,-33.86298603,151.2123053,"Sydney, Council of the City of",2000,Existing Destination Chargers,accepted,address_exact_unique,0.97,False,1769.0,20.757921362049093,20.757921362049093,52.771130379036705,Peclet local snapshot (experimental),DC657,Intercontinental Hotel charger,117 Macquarie St Sydney NSW 2000,"Tesla Destination, Chargefox",Tesla; Type 2,3.0,22 kW,,-33.862807,151.212369,
,,"118 Allambie Rd, Sydney, 2100",Exploren,1,AC,22 kW,-33.76549154,151.2511982,Northern Beaches Council,2100,Existing Destination Chargers,review,coordinate_candidate,0.5,True,499.0,1232.9631779210415,1232.9631779210415,194.50949461106893,Peclet local snapshot (experimental),DC424,Westfield Warringah Mall - Tesla charger,"127 Old Pittwater Rd, Brookvale NSW 2100, Australia",Tesla Destination,Type 2,4.0,22 kW,,-33.766745,151.264451,nearest=1232.963m; gap=194.509m; manual confirmation required
,,"1183-1187 The Horsley Dr, Sydney, 2164",Chargefox,2,DC,150 kW,-33.84986891,150.8978248,Fairfield City Council,2164,Existing Fast Chargers,accepted,address_exact_unique,0.97,False,644.0,79.77588673644253,79.77588673644253,923.750181422563,Peclet local snapshot (experimental),FC23,ENGIE - Greenway Wetherill Park charger,"1183-1187 The Horsley Drive, Wetherill Park, 2164",Chargefox,Type 2,2.0,120kW,,-33.850403,150.8984016,
,,"1183-1187 The Horsley Dr, Wetherill Park NSW 2164",Engie,2,DC,150 kW,-33.8505352,150.8988605,Fairfield City Council,2164,ARENA - Driving the Nation,accepted,address_exact_unique,0.97,False,644.0,44.85506536552674,44.85506536552674,880.9868720966517,Peclet local snapshot (experimental),FC23,ENGIE - Greenway Wetherill Park charger,"1183-1187 The Horsley Drive, Wetherill Park, 2164",Chargefox,Type 2,2.0,120kW,,-33.850403,150.8984016,
,,"119 Borella Rd
East Albury NSW 2640
Australia",EVUp,4,AC,AC,-36.0779535,146.9432129,Albury City Council,2640,Destination Charging R1,review,ambiguous_exact_address,0.5,True,1567.0,5.298938518364913,5.298938518364913,69.7658544308023,Peclet local snapshot (experimental),HC2690,Borella Rd East Albury charger,"119 Borella Rd
East Albury NSW 2640
Australia",EVUp,,4.0,AC,,-36.078,146.9432,nearest=5.299m; gap=69.766m; manual confirmation required
,,"119 Greenwell Point Rd, Greenwell Point, 2540",Everty,1,AC,22 kW,-34.90711116,150.7351051,Shoalhaven City Council,2540,Existing Destination Chargers,review,coordinate_candidate,0.5,True,182.0,12.503642800790079,12.503642800790079,6408.324969754827,Peclet local snapshot (experimental),DC838,South Coast Retreat charger,"121 Greenwell Point Road, Greenwell Point, NSW 2540",Everty,Type 2,1.0,kW,Open 24/7,-34.90701795,150.7350284,nearest=12.504m; gap=6408.325m; manual confirmation required
,,"119 Stenhouse Drive, Cameron Park, 2285",Evie,8,DC,350 kW,-32.89647352,151.5977107,Lake Macquarie City Council,2285,Existing Fast Chargers,accepted,address_exact_unique,0.97,False,1452.0,54.30025270548316,54.30025270548316,1520.0573903058628,Peclet local snapshot (experimental),FC77,Ampol Cameron Park charger,"119 Stenhouse Dr, Cameron Park NSW 2285, Australia",Evie Networks,Tesla; Type 2,4.0,184 - 350 kW,,-32.89664822,151.5971676,
,,"12 Arncliffe St, Sydney, 2205",Exploren,1,AC,22 kW,-33.93374179,151.1492883,Bayside Council,2205,Existing Destination Chargers,accepted,coordinate_near_clear,0.9,False,1785.0,0.09210093579014537,0.09210093579014537,191.44246213897893,Peclet local snapshot (experimental),DC740,Arncliffe St Wolli Creek charger,"Arncliffe St, Wolli Creek NSW 2205, Australia",Exploren,Type 2,1.0,22 kW,Open 24/7,-33.933741,151.149288,
,,"12 Carabella St, Sydney, 2061",Tesla,2,AC,22 kW,-33.85016221,151.2184795,"North Sydney, Council of the City of Council",2061,Existing Destination Chargers,accepted,coordinate_near_clear,0.9,False,1752.0,0.05174225839992664,0.05174225839992664,689.3571631104782,Peclet local snapshot (experimental),DC596,Glenferrie Lodge Kirribilli charger,"12a Carabella, Kirribilli,  Australia, NSW 2061",Tesla Destination,Tesla,2.0,22 kW,,-33.850162,151.218479,
,,"12 Cooper Park Rd, Sydney, 2023",Chargefox,2,AC,6 kW,-33.88496401,151.2533664,Woollahra Municipal Council,2023,Existing Destination Chargers,accepted,address_exact_unique,0.97,False,137.0,14.835179222748426,14.835179222748426,414.98234784464137,Peclet local snapshot (experimental),DC623,Cooper Park Community Hall charger,"12 Cooper Park Rd, Bellevue Hill NSW 2023, Australia",Chargefox,Type 2,2.0,7 kW,Open 24/7,-33.88509053,151.2534174,
,,"12 Hume Hwy, Pheasants Nest, 2574",Ampol,9,DC,150 kW,-34.28138543,150.640016,Wollondilly Shire Council,2574,Existing Fast Chargers,review,coordinate_candidate,0.5,True,1842.0,130.3587013195276,130.3587013195276,255.92230193022868,Peclet local snapshot (experimental),FC40,Ampol Foodary Pheasants Nest Southbound charger,"South Bound, Hume Hwy, Pheasants Nest NSW 2574, Australia",AmpCharge,Tesla; Type 2,9.0,150kW (300kW upgrade coming soon),Open 24/7,-34.28254012,150.6397707,nearest=130.359m; gap=255.922m; manual confirmation required
,,"12 Hume Hwy, Pheasants Nest, 2574",Ampol,9,DC,150 kW,-34.28222427,150.6366026,Wollondilly Shire Council,2574,Existing Fast Chargers,review,coordinate_candidate,0.5,True,1051.0,111.02449501292183,111.02449501292183,182.1628391141486,Peclet local snapshot (experimental),FC41,Ampol Foodary Pheasants Nest Northbound charger,"Lots 1 & 2 Hume Hwy, Pheasants Nest, NSW, 2574",AmpCharge,Tesla; Type 2,9.0,50 kW (300kW upgrade coming soon),Open 24/7,-34.28321378,150.6364411,nearest=111.024m; gap=182.163m; manual confirmation required
,,"12 Jacksons Rd, Sydney, 2102",Chargefox,2,AC,22 kW,-33.69607712,151.297028,Northern Beaches Council,2102,Existing Destination Chargers,review,ambiguous_exact_address,0.5,True,482.0,43.27908729900044,43.27908729900044,43.20299382887721,Peclet local snapshot (experimental),DC336,Warriewood Square charger,"Warriewood Square, 12 Jacksons Rd, Warriewood NSW 2102, Australia",Chargefox,Type 2,2.0,22 kW,,-33.69574101,151.2967921,nearest=43.279m; gap=43.203m; manual confirmation required
,,"12 Jacksons Rd, Warriewood NSW 2102",Engie,2,DC,150 kW,-33.6971741,151.2956935,Northern Beaches Council,2102,ARENA - Driving the Nation,review,ambiguous_exact_address,0.5,True,1245.0,2.9420571270673475,2.9420571270673475,180.31253260665375,Peclet local snapshot (experimental),HC2705,Jacksons Rd Warriewood charger,"12 Jacksons Rd, Warriewood NSW 2102",Engie,,2.0,150 kW,,-33.6972,151.2957,nearest=2.942m; gap=180.313m; manual confirmation required
,,"12 Lord St, Botany NSW 2019",Evie,4,DC,75 kW,-33.939429,151.1970375,Bayside Council,2019,ARENA - Driving the Nation,accepted,address_exact_unique,0.97,False,1231.0,4.7292476662903535,4.7292476662903535,866.2670649660276,Peclet local snapshot (experimental),HC2429,Lord St Botany charger,"12 Lord St, Botany NSW 2019",Evie,,4.0,75 kW,,-33.9394,151.197,
,,"12 Rosenthal Ave, Sydney, 2066",Exploren,6,AC,22 kW,-33.81383988,151.1692322,Lane Cove Municipal Council,2066,Existing Destination Chargers,accepted,address_exact_unique,0.97,False,587.0,16.03526454402626,12.295892954116331,3.7393715899099274,Peclet local snapshot (experimental),DC814,The Canopy Lane Cove (3) charger,"12 Rosenthal Ave, Lane Cove NSW 2066, Austral, Lane Cove 2066",Exploren,Type 2,3.0,22 kW,Open 24/7,-33.81397832,151.1692808,
,,"12 Trinity Ave, Dawes Point, 2000",EVX,2,AC,22 kW,-33.85740045,151.2065726,"Sydney, Council of the City of",2000,Existing Destination Chargers,accepted,address_exact_unique,0.97,False,1384.0,14.552392695712262,14.552392695712262,213.1619174912816,Peclet local snapshot (experimental),DC679,12 Trinity Ave Parking charger,"12 Trinity Avenue, Dawes Point, NSW 2000",EVX,Type 2,2.0,kW,,-33.85753076,151.2065872,
,,"12 Yulong Ave, Sydney, 2084",Exploren,1,AC,22 kW,-33.68222127,151.227953,Northern Beaches Council,2084,Existing Destination Chargers,review,coordinate_candidate,0.5,True,1314.0,866.1124263776438,866.1124263776438,1849.3946899159355,Peclet local snapshot (experimental),DC337,Hills Flower Market charger,"287 Mona Vale Rd, Terry Hills, NSW, Australia, 2084",Tesla Destination,Tesla,2.0,22 kW,8-5pm,-33.68936157,151.2242126,nearest=866.112m; gap=1849.395m; manual confirmation required
,,"120 Rouse St, Tenterfield, 2372",Tesla,2,AC,6 kW,-29.05959364,152.0178889,Tenterfield Shire Council,2372,Existing Destination Chargers,accepted,coordinate_near_clear,0.9,False,421.0,0.11276845303996855,0.11276845303996855,268.60565433100277,Peclet local snapshot (experimental),DC8,Settlers Motor Inn charger,"120 New England Hwy, Tenterfield NSW 2372, Australia",Tesla Destination,Tesla,2.0,3 kW,,-29.059593,152.017888,
,,"1-21 Bay St, Sydney, 2037",Chargefox,3,AC,22 kW,-33.88362967,151.1939459,"Sydney, Council of the City of",2037,Existing Destination Chargers,review,coordinate_candidate,0.5,True,261.0,79.06153038858609,79.06153038858609,25.265605239122394,Peclet local snapshot (experimental),FC236,Broadway Shopping Centre charger,"1 Bay St, Glebe NSW 2037, Australia",Tesla Supercharge,Type 2; J-1772,16.0,120 kW,Open 24/7,-33.882995,151.194332,nearest=79.062m; gap=25.266m; manual confirmation required
,,"121 Howick St, Bathurst, 2795",Tesla,2,AC,6 kW,-33.41844249,149.5828599,Bathurst Regional Council,2795,Existing Destination Chargers,accepted,address_exact_unique,0.97,False,524.0,0.09972931381605006,0.09972931381605006,366.9655514692779,Peclet local snapshot (experimental),DC522,Armada Bathurst Shopping Centre charger,"121 Howick St Bathurst NSW 2795, Australia",Tesla Destination,Tesla,2.0,6 kW,,-33.418442,149.582859,
,,"121 Princes Hwy, Wollongong, 2519",Exploren,2,DC,60 kW,-34.40192697,150.8906517,Wollongong City Council,2519,Existing Fast Chargers,review,coordinate_candidate,0.5,True,1055.0,169.3343187583338,169.3343187583338,677.6533409894653,Peclet local snapshot (experimental),FC58,BP Fairy Meadow charger,"Northgate Ctr, 224/224 Princes Hwy, Fairy Meadow NSW 2519, Australia",bp pulse,Type 2,2.0,75 kW,Open 24/7,-34.40330246,150.8914438,nearest=169.334m; gap=677.653m; manual confirmation required
,Reflections Coffs Harbour,"123 Pacific Hwy
Coffs Harbour NSW 2450
Australia",Non-networked,4,AC,AC,-30.2930627,153.1200085,Coffs Harbour City Council,2450,Destination Charging R2,accepted,address_exact_unique,0.97,False,1575.0,4.227098936434054,4.227098936434054,244.06686548528342,Peclet local snapshot (experimental),HC2117,Pacific Hwy Coffs Harbour charger,"123 Pacific Hwy
Coffs Harbour NSW 2450
Australia",Non-networked,,4.0,AC,,-30.2931,153.12,
,,"123 Wharf St, Tweed Heads, 2485",Tesla,2,AC,14 kW,-28.17674579,153.5412843,Tweed Shire Council,2485,Existing Destination Chargers,review,ambiguous_exact_address,0.5,True,1260.0,0.09263498703398572,0.09263498703398572,54.05028567677357,Peclet local snapshot (experimental),DC46,Tweed Heads Vegas Motel (1) charger,"123 Wharf St, Tweed Heads, , Australia, NSW 2485",Tesla Destination,Tesla,2.0,14 kW,08:00 - 20:00,-28.176745,153.541284,nearest=0.093m; gap=54.050m; manual confirmation required
,,"123 Wharf Street, Tweed Heads, 2485",Exploren,2,AC,22 kW,-28.17661866,153.5407868,Tweed Shire Council,2485,Existing Destination Chargers,review,ambiguous_exact_address,0.5,True,1261.0,15.978978529741545,15.978978529741545,34.73990988593296,Peclet local snapshot (experimental),DC47,Tweed Heads Vegas Motel (2) charger,"123 Wharf St, Tweed Heads NSW 2485, Australia",Exploren,Type 2,2.0,22 kW,Open 24/7,-28.176754,153.540732,nearest=15.979m; gap=34.740m; manual confirmation required
,,"124 Wallace St, Nowra, 2541",Exploren,2,AC,22 kW,-34.88951556,150.6084865,Shoalhaven City Council,2541,Existing Destination Chargers,review,coordinate_candidate,0.5,True,1600.0,1597.9459026146665,1597.9459026146665,51.963447702848725,Peclet local snapshot (experimental),HC2720,Greenwell Point Rd Worrigee charger,"131 Greenwell Point Rd
Worrigee NSW 2540
Australia",Exploren,,4.0,AC,,-34.8899,150.626,nearest=1597.946m; gap=51.963m; manual confirmation required
,,"126 Havannah St, Bathurst, 2795",Exploren,2,AC,20 kW,-33.42607312,149.5815506,Bathurst Regional Council,2795,Existing Destination Chargers,accepted,address_exact_unique,0.97,False,944.0,34.67534084660819,34.67534084660819,822.5108574216774,Peclet local snapshot (experimental),DC512,Bathurst Rail Museum charger,"126 Havannah St, Bathurst NSW 2795, Australia",Tesla Destination,Type 2,2.0,7.5 - 22 kW,Open 24/7,-33.425787,149.581402,
,,"126 Mackay Ave, Yoogali, 2680",Chargefox,1,DC,24 kW,-34.30172777,146.0826426,Griffith City Council,2680,Existing Fast Chargers,review,coordinate_candidate,0.5,True,1938.0,3115.9281013688487,3115.9281013688487,770.8687349067613,Peclet local snapshot (experimental),HC2601,Bridge Rd Griffith charger,2 Bridge Rd Griffith NSW 2680 Australia,Tesla,,6.0,DC,,-34.2923,146.0507,nearest=3115.928m; gap=770.869m; manual confirmation required
,,"127 Conadilly St, Gunnedah, 2380",Chargefox,4,DC,47 kW,-30.97681086,150.2501652,Gunnedah Shire Council,2380,Existing Fast Chargers,review,coordinate_candidate,0.5,True,249.0,167.767003284148,167.767003284148,15.540246005581736,Peclet local snapshot (experimental),FC195,Little Barber St Parking Lot charger,"73 Little Barber St, Gunnedah NSW 2380, Australia",NRMA,Tesla; Type 2,2.0,50 kW,Open 24/7,-30.978145,150.250987,nearest=167.767m; gap=15.540m; manual confirmation required
,,"128 Bonnydoon Rd, Uki, 2484",Tesla,2,AC,22 kW,-28.4045526,153.3516617,Tweed Shire Council,2484,Existing Destination Chargers,accepted,address_exact_unique,0.97,False,424.0,299.14579986206695,299.14579986206695,8043.779166922271,Peclet local snapshot (experimental),DC15,Gymea Eco Retreat & Spa charger,"128 Bonnydoon Rd, Uki NSW 2484, Australia",Tesla Destination,Tesla,2.0,22 kW,,-28.403419,153.348888,
,,"128 Flood Street, Leichhardt NSW 2040",Evie,4,DC,75 kW,-33.88518,151.148629,Inner West Council,2040,ARENA - Driving the Nation,accepted,coordinate_exact,1.0,False,227.0,0.0,0.0,215.8276870766632,Peclet local snapshot (experimental),FC86,Leichhardt Marketplace charger,"128 Flood Street, Leichhardt NSW 2040, Australia",Evie Networks,Tesla; Type 2,6.0,50 - 75 kW,6:30 AM - 10:30 PM,-33.88518,151.148629,
,,"1-3 Dural St, Hornsby NSW 2077",Evie,4,DC,50 kW,-33.70276181,151.0964792,"Hornsby, The Council of the Shire of",2077,ARENA - Driving the Nation,accepted,coordinate_exact,1.0,False,232.0,0.0,0.0,1019.9653028443936,Peclet local snapshot (experimental),FC115,Hornsby Dural Street Council Carpark charger,"1-3 Dural Street, Hornsby NSW 2077, Australia",Evie Networks,Tesla; Type 2,4.0,50 kW,Open 24/7,-33.70276181,151.0964792,
,,"13 Kalinya Street, Sydney, 2106",Exploren,1,AC,22 kW,-33.65882187,151.3096537,Northern Beaches Council,2106,Existing Destination Chargers,accepted,address_exact_unique,0.97,False,910.0,41.56730200627341,41.56730200627341,511.2647521452375,Peclet local snapshot (experimental),DC350,13 Kalinya St Parking charger,"13 Kalinya St, Newport NSW 2106, Australia",Exploren,Type 2,1.0,22 kW,Open 24/7,-33.65876139,151.3092105,
,,"13 Mitchell St, Bourke, 2840",Tesla,2,AC,22 kW,-30.08820025,145.9338929,Bourke Shire Council,2840,Existing Destination Chargers,accepted,coordinate_near_clear,0.9,False,83.0,0.09094352912488562,0.09094352912488562,109.96847406741851,Peclet local snapshot (experimental),DC311,Bourke Riverside Motel charger,"42442 Mitchell, Bourke, Australia, NSW 2840",Tesla Destination,Tesla,2.0,22 kW,,-30.0882,145.933892,
,,"13 Park Rd, Speers Point, 2284",Everty,2,AC,22 kW,-32.9626517,151.618953,Lake Macquarie City Council,2284,Existing Destination Chargers,review,coordinate_candidate,0.5,True,57.0,14.972269786725297,14.972269786725297,228.03554718442595,Peclet local snapshot (experimental),DC235,Speers Point Park charger,"15 Park Rd, Speers Point NSW 2284, Australia",Everty,Type 2,2.0,kW,Open 24/7,-32.96278307,151.6189882,nearest=14.972m; gap=228.036m; manual confirmation required
,,"1-3 Warners Ave, Sydney, 2026",Exploren,1,AC,22 kW,-33.88434439,151.2712993,Waverley Council,2026,Existing Destination Chargers,accepted,address_exact_unique,0.97,False,144.0,8.043189143609386,8.043189143609386,247.23760947602693,Peclet local snapshot (experimental),DC666,1 - 3 Warners Avenue North Bondi Parking charger,"1-3 Warners Ave, North Bondi NSW 2026, Australia",Exploren,Type 2,1.0,22 kW,Open 24/7,-33.88441106,151.2713331,
,,"130 Glenayr Ave, Sydney, 2026",Chargefox,1,AC,6 kW,-33.88706611,151.2723443,Waverley Council,2026,Existing Destination Chargers,accepted,coordinate_exact,1.0,False,1402.0,0.0,0.03027314037144756,27.02116560495682,Peclet local snapshot (experimental),DC762,130 Glenayr Ave Parking charger,"130 Glenayr Ave, Bondi Beach NSW 2026, Australia",Chargefox,Type 2,1.0,7 kW,,-33.887066,151.272344,
,,"13125 Hume Hwy, Sutton Forest, 2577",Evie,8,DC,350 kW,-34.60721926,150.2251632,Wingecarribee Shire Council,2577,Existing Fast Chargers,accepted,address_exact_unique,0.97,False,1060.0,0.642784944391355,0.642784944391355,493.2941515032409,Peclet local snapshot (experimental),FC72,Sutton Forest West charger,"13125 Hume Hwy, Sutton Forest NSW 2577, Australia",Evie Networks,Tesla; Type 2,8.0,184 - 350 kW,Open 24/7,-34.607216,150.225169,
,,"13-15 Castlefield St, Sydney, 2026",Chargefox,2,AC,22 kW,-33.89347052,151.2677117,Waverley Council,2026,Existing Destination Chargers,review,coordinate_candidate,0.5,True,1369.0,8.006149388091263,8.006149388091263,391.15563268164277,Peclet local snapshot (experimental),DC603,South Bondi - Castlefield St Parking charger,"15 Castlefield St, Bondi NSW 2026, Australia",Chargefox,Type 2,2.0,22 kW,Open 24/7,-33.89354021,151.2677335,nearest=8.006m; gap=391.156m; manual confirmation required
,,"13-17 Princes Hwy, Albion Park Rail NSW 2527",Evie,2,DC,50 kW,-34.5504346,150.7877814,Shellharbour City Council,2527,ARENA - Driving the Nation,accepted,address_exact_unique,0.97,False,837.0,4.207587498469477,4.207587498469477,1194.1310760956208,Peclet local snapshot (experimental),HC2430,Princes Hwy Albion Park Rail charger,"13-17 Princes Hwy, Albion Park Rail NSW 2527",Evie,,2.0,50 kW,,-34.5504,150.7878,
,,"132 Pound Street, Grafton, 2460",NRMA,2,DC,50 kW,-29.68846451,152.933015,Clarence Valley Council,2460,Existing Fast Chargers,review,coordinate_candidate,0.5,True,250.0,55.606193241008725,55.606193241008725,736.9314381587233,Peclet local snapshot (experimental),FC199,Grafton Public Library charger,"126-144 Pound St, Grafton NSW 2460, Australia",NRMA,Tesla; Type 2,2.0,50 kW,Open 24/7,-29.68811,152.933421,nearest=55.606m; gap=736.931m; manual confirmation required
,,"133 Liverpool Rd, Sydney, 2134",JOLT,2,DC,25 kW,-33.88724929,151.0993353,Burwood Council,2134,Existing Fast Chargers,accepted,address_exact_unique,0.97,False,676.0,2.6449661603169234,2.6449661603169234,759.6520230481406,Peclet local snapshot (experimental),FC171,133 Liverpool Road charger,"133 Liverpool Road, Burwood NSW 2134, Australia",JOLT,Tesla; Type 2,2.0,25 kW,Open 24/7,-33.887273,151.099333,
,,"133 Samantha Riley Dr, Sydney, 2155",Chargefox,2,AC,22 kW,-33.69981786,150.9577978,The Hills Shire Council,2155,Existing Destination Chargers,accepted,address_exact_unique,0.97,False,95.0,1.1019877095681885,1.1019877095681885,1445.8608777024292,Peclet local snapshot (experimental),DC364,McDonald's Kellyville charger,"133 Samantha Riley Dr, Kellyville NSW 2155, Australia",Chargefox,Type 2,2.0,22 kW,Open 24/7,-33.699808,150.957799,
,,"133 Wyndham St Cnr Mcevoy St, Alexandria, NSW, 2015",Ampol,2,DC,150 kW,-33.9020166,151.2000104,Bayside Council,2015,ARENA - Driving the Nation,accepted,address_exact_unique,0.97,False,222.0,13.840174275541154,13.840174275541154,201.1928208137303,Peclet local snapshot (experimental),FC39,Ampol Foodary Alexandria charger,"133 Wyndham St Cnr Mcevoy St, Alexandria, NSW, 2015, Australia",AmpCharge,Type 2,2.0,150 kW,Open 24/7,-33.90214,151.20003,
,,"134 Lachlan St, Hay, 2711",NRMA,4,DC,180 kW,-34.50890395,144.8427858,Hay Shire Council,2711,Existing Fast Chargers,accepted,coordinate_near_clear,0.9,False,234.0,0.12857734837446008,0.12857734837446008,22.297743333862513,Peclet local snapshot (experimental),FC120,Moppett St Car Park charger,"406 Moppett St, Hay NSW 2711, Australia",NRMA,Tesla; Type 2,2.0,50 kW,Open 24/7,-34.508903,144.842785,
,,"134 Lachlan St, Hay, 2711",NRMA,2,DC,50 kW,-34.50908013,144.8410701,Hay Shire Council,2711,Existing Fast Chargers,review,coordinate_candidate,0.5,True,234.0,158.36375355273287,158.36375355273287,11.5745115796513,Peclet local snapshot (experimental),FC120,Moppett St Car Park charger,"406 Moppett St, Hay NSW 2711, Australia",NRMA,Tesla; Type 2,2.0,50 kW,Open 24/7,-34.508903,144.842785,nearest=158.364m; gap=11.575m; manual confirmation required
,,"134 Wallace Ln, Canobolas, 2800",Tesla,1,AC,14 kW,-33.3334595,149.0436226,Orange City Council,2800,Existing Destination Chargers,accepted,address_exact_unique,0.97,False,41.0,89.8816518339838,89.8816518339838,1233.5976967228169,Peclet local snapshot (experimental),DC158,Ross Hill Wines charger,"134 Wallace Ln, Orange NSW 2800, Australia",Tesla Destination,Tesla; Type 2,3.0,14 kW,,-33.334088,149.044231,
,,"134-136 Grafton St, Coffs Harbour, 2450",BP,2,DC,75 kW,-30.29156861,153.1183714,Coffs Harbour City Council,2450,Existing Fast Chargers,review,coordinate_candidate,0.5,True,656.0,21.696644976717188,21.696644976717188,209.48867268410243,Peclet local snapshot (experimental),FC63,bp Coffs Harbour charger,"136 Pacific Hwy, Coffs Harbour NSW 2450, Australia",bp pulse,Type 2,2.0,75 kW,,-30.291502,153.118159,nearest=21.697m; gap=209.489m; manual confirmation required
,,"134-140 Francis St, Sydney, 2026",Chargefox,2,AC,22 kW,-33.88836841,151.2633253,Waverley Council,2026,Existing Destination Chargers,review,coordinate_candidate,0.5,True,1751.0,152.57632264220038,152.57632264220038,217.52586492473782,Peclet local snapshot (experimental),DC583,Bellevue Hill â€“ Birriga Rd Parking charger,"25 Birriga Rd, Bellevue Hill NSW 2023, Australia",Chargefox,Type 2,2.0,22 kW,Open 24/7,-33.8869973,151.2632609,nearest=152.576m; gap=217.526m; manual confirmation required
,,"135 King St, Sydney, 2000",Tesla,1,AC,22 kW,-33.8690591,151.2088539,"Sydney, Council of the City of",2000,Existing Destination Chargers,accepted,address_exact_unique,0.97,False,572.0,20.348636625836374,20.348636625836374,146.87852304543958,Peclet local snapshot (experimental),DC748,Westfield Sydney Central Plaza charger,"135 King St, Sydney NSW 2000, Australia",Tesla Destination,Tesla,2.0,22 kW,,-33.869212,151.208975,
,,"137 Beamish St, Sydney, 2194",Exploren,2,AC,6 kW,-33.90773978,151.1038689,Canterbury Bankstown Council,2194,Existing Destination Chargers,accepted,coordinate_near_clear,0.9,False,1363.0,4.7271556504833745,4.7271556504833745,1314.1643919524474,Peclet local snapshot (experimental),DC570,Canterbury Bankstown Council - Campsie Admin Centre charger,"21 Shakespeare St, Campsie NSW 2194, Australia",Exploren,Type 2,2.0,7 kW,Open 24/7,-33.907706,151.1039,
,,"137 Bronte Rd, Sydney, 2022",Exploren,1,AC,22 kW,-33.8971592,151.2513443,Waverley Council,2022,Existing Destination Chargers,accepted,coordinate_exact,1.0,False,550.0,0.0,0.03551402493886313,221.36710874647918,Peclet local snapshot (experimental),DC625,137 Bronte Road Parking charger,"137 Bronte Rd, Queens Park NSW 2022, Australia",Exploren,Type 2,1.0,22 kW,Open 24/7,-33.897159,151.251344,
,,"14 Aquatic Dr, Sydney, 2086",EVX,18,AC,22 kW,-33.7542533,151.236031,Northern Beaches Council,2086,Existing Destination Chargers,review,coordinate_candidate,0.5,True,1847.0,760.3152505882751,760.3152505882751,61.64266914030725,Peclet local snapshot (experimental),FC85,Allambie Grove Business Park charger,"25 Frenchs Forest Rd E Frenchs Forest, NSW 2086",Evie Networks,Type 2,4.0,150 kW,,-33.75133669,151.2434692,nearest=760.315m; gap=61.643m; manual confirmation required
,,"14 Cross St, Forbes, 2871",Tesla,2,AC,22 kW,-33.3836577,148.0099459,Forbes Shire Council,2871,Existing Destination Chargers,accepted,address_exact_unique,0.97,False,1685.0,23.92946734562259,23.92946734562259,35.04176415736609,Peclet local snapshot (experimental),DC238,Country Mile Motor Inn charger,"14 Cross St, Forbes NSW 2871, Australia",Tesla Destination,Tesla,2.0,22 kW,,-33.383476,148.010084,
,,"14 Everton Rd, Sydney, 2135",JOLT,2,DC,25 kW,-33.87204909,151.0954464,Burwood Council,2135,Existing Fast Chargers,review,coordinate_candidate,0.5,True,1474.0,33.34385677552199,33.34385677552199,169.06647886621394,Peclet local snapshot (experimental),FC183,Everton Park charger,"Everton Park, 26 Everton Rd, Strathfield NSW 2135, Australia",JOLT,Tesla; Type 2,2.0,25 kW,Open 24/7,-33.872106,151.095801,nearest=33.344m; gap=169.066m; manual confirmation required
,,"14 George St, Wollongong, NSW 2500",EVX,2,AC,22 kW,-34.42826231,150.8954174,Wollongong City Council,NSW 2500,Existing Destination Chargers,accepted,address_exact_unique,0.97,False,590.0,1.902650693392398,1.902650693392398,306.8750010993764,Peclet local snapshot (experimental),DC824,14 George St Parking charger,"14 George St, Wollongong NSW 2500, Australia",EVX,Type 2,2.0,kW,Open 24/7,-34.42827551,150.8954042,
,Denman Van Village,"14 Macauley St
Denman NSW 2328
Australia",Non-networked,2,AC,AC,-32.394325,150.6847666,Muswellbrook Shire Council,2328,Destination Charging R2,accepted,address_exact_unique,0.97,False,712.0,4.190693775701038,4.190693775701038,15048.857318734184,Peclet local snapshot (experimental),HC2560,Macauley St Denman charger,"14 Macauley St
Denman NSW 2328
Australia",Non-networked,,2.0,AC,,-32.3943,150.6848,
,,"140 Denison St, Sydney, 2036",Exploren,2,DC,120 kW,-33.94916821,151.2247958,Bayside Council,2036,Existing Fast Chargers,review,coordinate_candidate,0.5,True,1375.0,88.04974893873053,88.04974893873053,407.39424920249274,Peclet local snapshot (experimental),DC636,33 Smith St Parking charger,"33 Smith St, Hillsdale NSW 2036, Australia",Exploren,Type 2,1.0,22 kW,Open 24/7,-33.94864433,151.2255116,nearest=88.050m; gap=407.394m; manual confirmation required
,,"140 Queen St, Berry, 2535",NRMA,2,DC,50 kW,-34.77559464,150.7010871,Shoalhaven City Council,2535,Existing Fast Chargers,accepted,address_exact_unique,0.97,False,1076.0,0.0717484654872323,0.0717484654872323,6909.789687997576,Peclet local snapshot (experimental),FC154,Berry Bowling Club charger,"140 Queen St, Berry NSW 2535, Australia",NRMA,Tesla; Type 2,2.0,50 kW,Open 24/7,-34.775594,150.701087,
,,"141 Morgan St, Sydney, 2209",JOLT,2,DC,25 kW,-33.9492503,151.0812503,Georges River Council,2209,Existing Fast Chargers,accepted,coordinate_near_clear,0.9,False,680.0,1.966249201633645,1.966249201633645,941.7243796040688,Peclet local snapshot (experimental),FC177,Morgan St Parking charger,"Morgan St, Beverly Hills NSW 2209, Australia",JOLT,Tesla; Type 2,2.0,25 kW,Open 24/7,-33.949251,151.081229,
,,"141 Roselands Ave, Roselands NSW 2196",Engie,2,DC,120 kW,-33.9354417,151.0685253,Georges River Council,2196,ARENA - Driving the Nation,accepted,address_exact_unique,0.97,False,325.0,5.19114153440189,5.19114153440189,73.96179268217972,Peclet local snapshot (experimental),HC2724,Roselands Ave Roselands charger,"141 Roselands Ave, Roselands NSW 2196",Engie,,2.0,120 kW,,-33.9354,151.0685,
,,"14-16 Darling St, Wentworth, 2648",Chargefox,2,AC,22 kW,-34.10961266,141.9201061,Wentworth Shire Council,2648,Existing Destination Chargers,accepted,address_exact_unique,0.97,False,1185.0,94.16467074708552,94.16467074708552,297.44067117513237,Peclet local snapshot (experimental),HC2012,Darling St Wentworth charger,"14-16 Darling St
Wentworth NSW 2648
Australia",Chargefox,,2.0,AC,,-34.109,141.9194,
,,"142 Addison Rd, Sydney, 2204",Everty,2,AC,6 kW,-33.90214419,151.1613003,Inner West Council,2204,Existing Destination Chargers,accepted,address_exact_unique,0.97,False,1758.0,14.847768872495433,14.847768872495433,501.5078354134755,Peclet local snapshot (experimental),DC613,Addi Road Gumbramorra Hall charger,"41a/142 Addison Rd, Marrickville NSW 2204, Australia",Everty,Type 2,2.0,7 kW,Open 24/7,-33.90226604,151.1612345,
,,"142 Glenayr Ave, Sydney, 2026",Chargefox,1,AC,6 kW,-33.88798403,151.2714735,Waverley Council,2026,Existing Destination Chargers,accepted,address_exact_unique,0.97,False,1394.0,20.976268071929773,20.976268071929773,46.732002671912205,Peclet local snapshot (experimental),DC732,142 Glenayr Ave Parking charger,"142 Glenayr Ave, Bondi Beach NSW 2026, Australia",Chargefox,Type 2,1.0,7 kW,Open 24/7,-33.88784174,151.2716227,
,,"143 Johnston St, Casino, 2470",EVUp,1,AC,22 kW,-28.86227832,153.0676086,Richmond Valley Council,2470,Existing Destination Chargers,accepted,address_exact_unique,0.97,False,1263.0,0.0684113807228749,0.0684113807228749,1762.7302759695806,Peclet local snapshot (experimental),DC54,The Clydesdale Motel & Steakhouse charger,"143 Johnston Street, Casino NSW 2470, Australia",EVUp,Type 2,1.0,kW,,-28.862278,153.067608,
,,"143 Terralong St, Kiama, 2533",Chargefox,4,AC,6 kW,-34.66723728,150.8499379,"Kiama, The Council of the Municipality of",2533,Existing Destination Chargers,review,coordinate_candidate,0.5,True,1924.0,477.79204125207684,477.79204125207684,588.1192568529452,Peclet local snapshot (experimental),HC2274,Minnamurra St Kiama charger,"2 Minnamurra St
Kiama NSW 2533
Australia",Exploren,,2.0,AC,,-34.6683,150.855,nearest=477.792m; gap=588.119m; manual confirmation required
,,"1442 George Downes Dr, Kulnura, 2250",Tesla,3,AC,22 kW,-33.19862167,151.199975,Central Coast Council,2250,Existing Destination Chargers,accepted,address_exact_unique,0.97,False,44.0,0.11919642636838128,0.11919642636838128,3871.0174086629772,Peclet local snapshot (experimental),DC171,Noonaweena Retreat Centre charger,"1442 George Downes Dr, Kulnura NSW 2250, Australia",Tesla Destination,Tesla,3.0,22 kW,,-33.198621,151.199974,
,,"145 Old Pittwater Rd, Sydney, 2100",Tesla,4,AC,22 kW,-33.76657762,151.2644454,Northern Beaches Council,2100,Existing Destination Chargers,review,coordinate_candidate,0.5,True,499.0,18.6190040860492,18.6190040860492,196.2881258674443,Peclet local snapshot (experimental),DC424,Westfield Warringah Mall - Tesla charger,"127 Old Pittwater Rd, Brookvale NSW 2100, Australia",Tesla Destination,Type 2,4.0,22 kW,,-33.766745,151.264451,nearest=18.619m; gap=196.288m; manual confirmation required
,,"147 Princes Hwy, Bodalla, 2545",ChargePoint,1,AC,22 kW,-36.09582487,150.0517628,Eurobodalla Shire Council,2545,Existing Destination Chargers,accepted,address_exact_unique,0.97,False,1424.0,20.497539262857163,20.497539262857163,1024.5349159220787,Peclet local snapshot (experimental),DC907,Micro Energy Systems Australia charger,147 Princes Hwy Bodalla NSW 2545,ChargePoint,Type 2,1.0,kW,By Appointment,-36.095952,150.051928,
,,"147 Soldiers Point Rd, Soldiers Point, 2317",Tesla,1,AC,14 kW,-32.7114585,152.0714014,Port Stephens Council,2317,Existing Destination Chargers,accepted,address_exact_unique,0.97,False,51.0,68.77400692890282,68.77400692890282,7.554918858830945,Peclet local snapshot (experimental),DC204,Bannisters charger,"147 Soldiers Point Rd, Soldiers Point NSW 2317, Australia",Tesla Destination,Tesla; Type 2,6.0,14 kW,,-32.711629,152.072108,
,,"149 Alison Rd, Sydney, 2031",JOLT,2,DC,50 kW,-33.91307612,151.2387948,Randwick City Council,2031,Existing Fast Chargers,review,coordinate_candidate,0.5,True,976.0,97.51441157458143,97.51441157458143,38.24392838103262,Peclet local snapshot (experimental),DC667,Randwick Junction - Silver St Carpark charger,"18 Silver St, Randwick, NSW, 2031",Chargefox,Type 2,2.0,22 kW,Open 24/7,-33.913895,151.239173,nearest=97.514m; gap=38.244m; manual confirmation required
,,"149 Coward St, Sydney, 2020",Exploren,1,AC,22 kW,-33.92550655,151.1938829,Bayside Council,2020,Existing Destination Chargers,review,coordinate_candidate,0.5,True,1744.0,523.9516500305052,523.9516500305052,12.88881777848917,Peclet local snapshot (experimental),DC553,Porsche Centre Sydney South charger,"470 Gardeners Rd, Alexandria NSW 2015, Australia",,Type 2,3.0,22 kW,Weekdays 08:30 - 17:30,-33.920826,151.194538,nearest=523.952m; gap=12.889m; manual confirmation required
,,"1498 Cullinga Rd, Wallendbeen, 2588",Exploren,1,AC,6 kW,-34.5443564,148.1668368,Cootamundra-gundagai Regional Council,2588,Existing Destination Chargers,review,coordinate_candidate,0.5,True,760.0,1954.9401060156056,1954.9401060156056,14743.383726423934,Peclet local snapshot (experimental),HC2089,Cullinga Rd Wallendbeen charger,"Cullinga Rd
Wallendbeen NSW 2588
Australia",Exploren,,1.0,AC,,-34.5616,148.171,nearest=1954.940m; gap=14743.384m; manual confirmation required
,,"1-5 Capper St, Tumut, 2720",Tesla,2,AC,22 kW,-35.29527332,148.2151982,Snowy Valleys Council,2720,Existing Destination Chargers,accepted,address_exact_unique,0.97,False,1818.0,7.520217153495549,7.520217153495549,19.584936783728793,Peclet local snapshot (experimental),DC929,Tesla destination charger Tumut Brewery charger,"1-5 Capper St, Tumut NSW 2720, Australia",,Tesla,1.0,kW,,-35.29522702,148.2152586,
,,"15 Chancellors Dr, Thrumster , 2444",Tesla,12,DC,250 kW,-31.4577518,152.8267908,Port Macquarie-Hastings Council,2444,Existing Fast Chargers,accepted,address_exact_unique,0.97,False,1487.0,8.41445407388555,8.41445407388555,49.29672498063863,Peclet local snapshot (experimental),FC252,Sovereign Place Town Centre (2) charger,"15 Chancellors Dr, Thrumster NSW 2444, Australia",Tesla Supercharge,Type 2,12.0,250 kW,Open 24/7,-31.45774801,152.8268794,
,,"15 Edwin Flack Ave, Sydney, 2127",Tesla,2,AC,22 kW,-33.84590095,151.0608609,"Parramatta, Council of the City of",2127,Existing Destination Chargers,accepted,coordinate_near_clear,0.9,False,540.0,0.134414079845836,0.134414079845836,655.8211333942475,Peclet local snapshot (experimental),DC589,Sydney Olympic Park charger,P1 Parking Station,Tesla Destination,Tesla,2.0,22 kW,,-33.8459,151.06086,
,,"15 Greenwich Rd, Greenwich , 2065",EVX,2,AC,22 kW,-33.8255586,151.187957,Lane Cove Municipal Council,2065,Existing Destination Chargers,accepted,coordinate_near_clear,0.9,False,577.0,4.9432917968387144,4.9432917968387144,96.31317509470094,Peclet local snapshot (experimental),DC766,Greenwich Rd Kerbside Charger,"13-15 Greenwich Rd, Greenwich NSW 2065",EVX,Type 2,2.0,kW,Open 24/7,-33.82555962,151.1880105,
,,"15 Little Street, Sydney, 2066",Exploren,1,AC,22 kW,-33.81460665,151.1713023,Lane Cove Municipal Council,2066,Existing Destination Chargers,accepted,address_exact_unique,0.97,False,1795.0,10.621286265233772,10.621286265233772,82.20395601138866,Peclet local snapshot (experimental),DC802,Intellihub - 11 Little S charger,"15 Little St, Lane Cove NSW 2066, Australia",Exploren,Type 2,1.0,22 kW,Open 24/7,-33.814695,151.171346,
,,"15 Merriville Rd, Sydney, 2155",JOLT,2,DC,25 kW,-33.70040345,150.9283123,Blacktown City Council,2155,Existing Fast Chargers,accepted,address_exact_unique,0.97,False,1873.0,21.260028839047347,21.260028839047347,1181.4800559983985,Peclet local snapshot (experimental),FC215,JOLT The Ettamogah charger,"15 Merriville Rd, Kellyville Ridge NSW 2155, Australia",JOLT,Tesla; Type 2,4.0,25 kW,Open 24/7,-33.70049719,150.928112,
,,"15 Merriville Rd, Sydney, 2155",JOLT,2,DC,25 kW,-33.70051756,150.9281081,Blacktown City Council,2155,Existing Fast Chargers,accepted,address_exact_unique,0.97,False,1873.0,2.2935940664985006,2.2935940664985006,1206.696100010038,Peclet local snapshot (experimental),FC215,JOLT The Ettamogah charger,"15 Merriville Rd, Kellyville Ridge NSW 2155, Australia",JOLT,Tesla; Type 2,4.0,25 kW,Open 24/7,-33.70049719,150.928112,
,,"15 Mort St, Port Macquarie, 2444",Tesla,2,AC,22 kW,-31.43157062,152.8964765,Port Macquarie-Hastings Council,2444,Existing Destination Chargers,review,coordinate_candidate,0.5,True,437.0,405.8879039879918,405.8879039879918,77.74394064703114,Peclet local snapshot (experimental),DC73,Koala Tree Motel charger,"179 Gordon St, Port Macquarie, Australia, NSW 2444",Tesla Destination,Tesla,2.0,22 kW,,-31.435,152.897942,nearest=405.888m; gap=77.744m; manual confirmation required
,,"15 Ridge St, Sydney, 2060",Evie,4,DC,75 kW,-33.83274979,151.2064264,North Sydney Council,2060,Existing Fast Chargers,review,coordinate_candidate,0.5,True,1780.0,77.05892125259673,77.05892125259673,14.82454629862275,Peclet local snapshot (experimental),DC717,Ridge St Carpark charger,"1 James Place, North Sydney NSW 2060, Australia",,Type 2,2.0,kW,,-33.833064,151.20717,nearest=77.059m; gap=14.825m; manual confirmation required
,,"15 Victoria St, Sydney, 2019",Exploren,1,AC,22 kW,-33.94613218,151.2075586,Bayside Council,2019,Existing Destination Chargers,accepted,address_exact_unique,0.97,False,1361.0,51.94591144748912,51.94591144748912,1176.4878321338888,Peclet local snapshot (experimental),DC562,Victoria St Carpark charger,"15 Victoria St, Botany NSW 2019 Australia",Exploren,Type 2,1.0,22 kW,Open 24/7,-33.94591757,151.2080588,
,,"15 Victory St, Braidwood, NSW 2622, Australia",NRMA,4,DC,50 kW,-31.4988197,145.8375768,Queanbeyan-Palerang Regional Council,2835,TfNSW Regional,accepted,address_exact_unique,0.97,False,1086.0,571680.8539552038,3.967787673324575,129039.55880473995,Peclet local snapshot (experimental),FC204,Braidwood Servicemens Club & Golf Course charger,"15 Victory St, Braidwood NSW 2622",NRMA,Tesla; Type 2,4.0,50 kW,Open 24/7,-35.4427778,149.7913735,
,,"1509-1511 Pittwater Rd, Sydney, 2101",Ampol,2,DC,150 kW,-33.70444949,151.2968509,Northern Beaches Council,2101,Existing Fast Chargers,review,coordinate_candidate,0.5,True,1245.0,813.1070466711338,813.1070466711338,155.24702594351925,Peclet local snapshot (experimental),HC2705,Jacksons Rd Warriewood charger,"12 Jacksons Rd, Warriewood NSW 2102",Engie,,2.0,150 kW,,-33.6972,151.2957,nearest=813.107m; gap=155.247m; manual confirmation required
,,"151 Beauchamp Rd, Sydney, 2036",JOLT,2,DC,25 kW,-33.95633138,151.2265986,Randwick City Council,2036,Existing Fast Chargers,accepted,address_exact_unique,0.97,False,1865.0,0.8958586948618841,0.8958586948618841,390.5544047925355,Peclet local snapshot (experimental),FC181,Beauchamp Rd Parking charger,"151 Beauchamp Rd, Matraville NSW, Australia",JOLT,Tesla; Type 2,2.0,25 kW,Open 24/7,-33.95632342,151.2265971,
,,"152 Church St, Glen Innes, 2370",EVUp,3,AC,22 kW,-29.73816621,151.7354424,Glen Innes Severn Council,2370,Existing Destination Chargers,accepted,address_exact_unique,0.97,False,1644.0,211.21430749500433,89.85400401788922,121.36030347711511,Peclet local snapshot (experimental),DC59,Glen Innes Visitor Information Centre charger,"152 Church St, Glen Innes NSW 2370, Australia","Tesla Destination, EVUp",Tesla; Type 2,3.0,22 kW,Open 24/7,-29.738166,151.73763,
,,"152 Church St, Glen Innes, 2370",Tesla,2,AC,22 kW,-29.7383564,151.7378358,Glen Innes Severn Council,2370,Existing Destination Chargers,accepted,address_exact_unique,0.97,False,1644.0,29.035400224714373,29.035400224714373,118.94987941639357,Peclet local snapshot (experimental),DC59,Glen Innes Visitor Information Centre charger,"152 Church St, Glen Innes NSW 2370, Australia","Tesla Destination, EVUp",Tesla; Type 2,3.0,22 kW,Open 24/7,-29.738166,151.73763,
,,"152 Green Street W, Lockhart, 2656",Exploren,2,AC,22 kW,-35.22092397,146.7120541,Lockhart Shire Council,2656,Existing Destination Chargers,review,coordinate_candidate,0.5,True,296.0,306.06604735352374,306.06604735352374,484.04090409939914,Peclet local snapshot (experimental),HC2710,Green St Lockhart charger,"109 Green St
Lockhart NSW 2656
Australia",Exploren,,2.0,AC,,-35.2206,146.7154,nearest=306.066m; gap=484.041m; manual confirmation required
,,"152 Pacific Hwy, 36 Josephson St, Swansea NSW 2281",Evie,4,DC,50 kW,-33.088721,151.637587,Lake Macquarie City Council,2281,ARENA - Driving the Nation,accepted,coordinate_exact,1.0,False,1068.0,0.0,0.0,348.7705966235307,Peclet local snapshot (experimental),FC103,Dan Murphy's Swansea charger,"36 Josephson St, Swansea NSW 2281, Australia",Evie Networks,Tesla; Type 2,4.0,50 kW,Open 24/7,-33.088721,151.637587,
,,"153 Coreen Ave Cnr Castlereagh Rd, Penrith, NSW, 2750",Ampol,2,DC,125 kW,-33.7428103,150.6929292,Penrith City Council,2750,ARENA - Driving the Nation,review,ambiguous_exact_address,0.5,True,1183.0,2.9327954693383673,2.9327954693383673,17.58895081628015,Peclet local snapshot (experimental),HC2726,Coreen Ave Cnr Castlereagh Rd Penrith charger,"153 Coreen Ave Cnr Castlereagh Rd, Penrith, NSW, 2750",Ampol,,2.0,125 kW,,-33.7428,150.6929,nearest=2.933m; gap=17.589m; manual confirmation required
,,"153 Fitzmaurice St, Wagga Wagga, 2650",Tesla,1,AC,8 kW,-35.10302607,147.3686987,Wagga Wagga City Council,2650,Existing Destination Chargers,review,coordinate_candidate,0.5,True,1466.0,739.0988077769915,739.0988077769915,8.081777350891912,Peclet local snapshot (experimental),FC147,Wagga Wagga Cross St Car Park charger,"8/24 Cross St, Wagga Wagga, NSW 2650",NRMA,Tesla; Type 2,2.0,50 kW,,-35.108358,147.37355,nearest=739.099m; gap=8.082m; manual confirmation required
,,"154 Canterbury St, Casino, 2470",EVX,2,AC,22 kW,-28.86270875,153.048037,Richmond Valley Council,2470,Existing Destination Chargers,review,coordinate_candidate,0.5,True,17.0,99.26139560773208,99.26139560773208,44.470326615943776,Peclet local snapshot (experimental),DC53,Casino RSM charger,"162 Canterbury St, Casino NSW 2470, Australia","Tesla Destination, EVUp",Tesla; Type 2,3.0,5 - 22 kW,,-28.862847,153.049044,nearest=99.261m; gap=44.470m; manual confirmation required
,,"155 Governor Macquarie Dr, Sydney, 2170",Tesla,3,AC,22 kW,-33.91433738,150.9456166,Liverpool City Council,2170,Existing Destination Chargers,accepted,coordinate_near_clear,0.9,False,942.0,0.06964814914522513,0.06964814914522513,1023.6576002290041,Peclet local snapshot (experimental),DC505,The William Inglis Hotel charger,"155 Gov Macquarie Dr, Warwick Farm NSW 2170, Australia",Tesla Destination,Tesla,3.0,22 kW,,-33.914337,150.945616,
,,"156 Melbourne St, Mulwala, 2647",Wevolt,4,DC,80 kW,-35.99499104,146.001983,Federation Council,2647,Existing Fast Chargers,accepted,address_exact_unique,0.97,False,295.0,10.572869206836469,10.572869206836469,1304.6250636971447,Peclet local snapshot (experimental),HC2691,Melbourne St Mulwala charger,"156 Melbourne St
Mulwala NSW 2647
Australia",Smart Charge,,2.0,AC,,-35.995,146.0021,
,,"15620 Hume Hwy, Marulan, 2579",BP,2,DC,75 kW,-34.71852257,150.0003884,Goulburn Mulwaree Council,2579,Existing Fast Chargers,review,coordinate_candidate,0.5,True,647.0,24.003269170710787,24.003269170710787,423.8334578550026,Peclet local snapshot (experimental),FC46,BP Marulan Southbound charger,"15597 Hume Hwy, Marulan NSW 2579, Australia",bp pulse,Tesla; Type 2,2.0,75 kW,Open 24/7,-34.718458,150.000639,nearest=24.003m; gap=423.833m; manual confirmation required
,,"15666 Hume Hwy, Marulan, 2579",BP,2,DC,75 kW,-34.71922127,149.9953273,Goulburn Mulwaree Council,2579,Existing Fast Chargers,review,coordinate_candidate,0.5,True,224.0,27.587951561014364,27.587951561014364,465.25064571437645,Peclet local snapshot (experimental),FC45,BP Marulan Northbound charger,"8 George St, Marulan NSW 2579, Australia",bp pulse,Tesla; Type 2,2.0,75 kW,Open 24/7,-34.719342,149.995591,nearest=27.588m; gap=465.251m; manual confirmation required
,,"157 Rouse Street, Tenterfield, NSW 2372, Australia",NRMA,2,DC,50 kW,-31.5645996,147.1969355,Tenterfield Shire Council,2825,TfNSW Regional,accepted,coordinate_exact,1.0,False,1253.0,0.0,0.0,30.756293698151993,Peclet local snapshot (experimental),AK888,Rouse Street Tenterfield charger,"157 Rouse Street, Tenterfield, NSW 2372, Australia",NRMA,,2.0,50 kW,,-31.5645996,147.1969355,
,,"1596 Broke Rd, Pokolbin, 2320",Tesla,2,AC,22 kW,-32.75900405,151.2523473,Cessnock City Council,2320,Existing Destination Chargers,accepted,coordinate_exact,1.0,False,43.0,0.0,0.02859857636166459,163.5718911823397,Peclet local snapshot (experimental),DC170,Oakvale Wines charger,"1596 Broke Rd, Pokolbin, Australia, NSW 2320",Tesla Destination,Tesla,2.0,22 kW,,-32.759004,151.252347,
,,"15c Mitchell St, Bourke, NSW 2840, Australia",NRMA,4,DC,75 kW,-30.3383734,152.7125414,Bourke Shire Council,2453,TfNSW Regional,review,ambiguous_exact_address,0.5,True,1633.0,4.953149141874203,4.953149141874203,20304.122153820914,Peclet local snapshot (experimental),HC2745,Mitchell St Bourke charger,"15c Mitchell St, Bourke, NSW 2840, Australia",NRMA,,4.0,75 kW,,-30.3384,152.7125,nearest=4.953m; gap=20304.122m; manual confirmation required
,,"1-5R Knowles Ave, Sydney, 2036",Chargefox,2,AC,11 kW,-33.95723628,151.2372372,Randwick City Council,2036,Existing Destination Chargers,review,coordinate_candidate,0.5,True,554.0,651.0184704134928,651.0184704134928,67.77498349432165,Peclet local snapshot (experimental),DC642,Baird Ave Carpark charger,"37-39 Baird Avenue, Matraville NSW 2036, Australia",Chargefox,Type 2,2.0,22 kW,Open 24/7,-33.9581141,151.2302584,nearest=651.018m; gap=67.775m; manual confirmation required
,,"16 Berry St, Nowra, 2541",NRMA,4,DC,160 kW,-34.87360065,150.6005345,Shoalhaven City Council,2541,Existing Fast Chargers,review,coordinate_candidate,0.5,True,1800.0,325.5928853443217,325.5928853443217,2616.424058717545,Peclet local snapshot (experimental),DC845,Basha's Floors & Blinds Pty Ltd charger,"63 Graham St, Nowra NSW 2541, Australia, Nowra 2541",Exploren,Type 2,2.0,22 kW,Open 24/7,-34.87090745,150.6019352,nearest=325.593m; gap=2616.424m; manual confirmation required
,,"16 Charlton St, Central Coast, 2261",Tesla,2,AC,6 kW,-33.36082487,151.4995526,Central Coast Council,2261,Existing Destination Chargers,accepted,address_exact_unique,0.97,False,1293.0,0.11164079811938563,0.11164079811938563,1330.2506899446857,Peclet local snapshot (experimental),DC206,Kim's Beachside Retreat charger,"16 Charlton St, Toowoon Bay NSW 2261, Australia",Tesla Destination,Tesla,2.0,4 kW,,-33.360824,151.499552,
,,"16 Kent St, Millers Point, 2000",EVX,2,AC,22 kW,-33.85866571,151.2036677,"Sydney, Council of the City of",2000,Existing Destination Chargers,accepted,address_exact_unique,0.97,False,1774.0,4.638849099113026,4.638849099113026,199.42066583605433,Peclet local snapshot (experimental),DC691,16 Kent Street Parking charger,"16 Kent Street Millers Point, NSW 2000, Australia",EVX,Type 2,2.0,kW,,-33.85869402,151.2036308,
,,"16 Nettin Cct, Jindabyne, 2627",Tesla,2,AC,22 kW,-36.41732937,148.6076567,Snowy Monaro Regional Council,2627,Existing Destination Chargers,accepted,address_exact_unique,0.97,False,1832.0,5.634980665086507,5.634980665086507,151.3069388300308,Peclet local snapshot (experimental),DC999,The Panorama Jindabyne charger,"16 Nettin Circuit, Jindabyne NSW 2627, Australia",Tesla Destination,Tesla,2.0,22 kW,,-36.41738,148.607654,
,,"16 Oaks Ave, Sydney, 2099",JOLT,2,DC,25 kW,-33.75370175,151.287,Northern Beaches Council,2099,Existing Fast Chargers,accepted,coordinate_near_clear,0.9,False,675.0,0.44648622241679264,0.44648622241679264,85.2908690512812,Peclet local snapshot (experimental),FC168,"Oaks Ave, Dee Why charger","4-16 Oaks Ave, Dee Why NSW 2099, Australia",JOLT,Tesla; Type 2,2.0,25 kW,Open 24/7,-33.753704,151.287004,
,,"161 Elizabeth St, Sydney, 2000",Tesla,2,AC,22 kW,-33.87192197,151.2097207,"Sydney, Council of the City of",2000,Existing Destination Chargers,review,ambiguous_exact_address,0.5,True,1398.0,0.12573846733698668,0.12573846733698668,44.63073169184281,Peclet local snapshot (experimental),DC756,Sheraton Grand Sydney Hyde Park (1) charger,"161 Elizabeth St, Sydney NSW 2000, Australia",Tesla Destination,Tesla,2.0,22 kW,,-33.871921,151.20972,nearest=0.126m; gap=44.631m; manual confirmation required
,,"161 Elizabeth Street, Sydney, 2000",Exploren,8,AC,22 kW,-33.87152857,151.2098208,"Sydney, Council of the City of",2000,Existing Destination Chargers,review,ambiguous_exact_address,0.5,True,1397.0,0.09732595566140072,0.09732595566140072,44.52022808398473,Peclet local snapshot (experimental),DC755,Sheraton Grand Sydney Hyde Park (2) charger,"161 Elizabeth St, Sydney NSW 2000, Australia, Sydney 2000",Exploren,Type 2,8.0,22 kW,Open 24/7,-33.871528,151.20982,nearest=0.097m; gap=44.520m; manual confirmation required
,,"16-20 Goodhope St, Sydney, 2021",Chargefox,2,DC,30 kW,-33.88181186,151.2283183,Woollahra Municipal Council,2021,Existing Fast Chargers,review,coordinate_candidate,0.5,True,1760.0,7.081183714001585,7.081183714001585,100.80940529455424,Peclet local snapshot (experimental),DC618,Five Ways - Goodhope St charger,"20 Goodhope Street, Paddington, NSW, 2021",Chargefox,Type 2,2.0,22 kW,Open 24/7,-33.88187,151.228287,nearest=7.081m; gap=100.809m; manual confirmation required
,,"164 Camp Drewe Road, Lennox Head, 2478",Chargefox,2,AC,22 kW,-28.77837542,153.5926857,Ballina Shire Council,2478,Existing Destination Chargers,review,coordinate_candidate,0.5,True,330.0,917.1772232380894,917.1772232380894,2481.0197447524524,Peclet local snapshot (experimental),HC2109,Ross Street & Pacific Parade LENNOX HEAD charger,"Cnr Ross Street & Pacific Parade
LENNOX HEAD NSW 2478
Australia",Non-networked,,2.0,AC,,-28.7866,153.5934,nearest=917.177m; gap=2481.020m; manual confirmation required
,,"164 Mona Vale Rd, St Ives, NSW, 2075",Ampol,2,DC,125 kW,-33.7307758,151.1570112,Ku-ring-gai Council,2075,ARENA - Driving the Nation,accepted,address_exact_unique,0.97,False,219.0,17.2450518674286,17.2450518674286,156.0684946762071,Peclet local snapshot (experimental),FC29,Ampol Foodary St Ives charger,"164 Mona Vale Rd, St Ives NSW 2075, Australia",AmpCharge,Tesla; Type 2,2.0,150 kW,Open 24/7,-33.7306437,151.1571089,
,,"165 Oberon Street, Sydney, 2034",Exploren,1,AC,22 kW,-33.92586491,151.2504234,Randwick City Council,2034,Existing Destination Chargers,accepted,coordinate_near_clear,0.9,False,988.0,0.10770767711257598,0.10770767711257598,190.6813942818218,Peclet local snapshot (experimental),DC728,150 - 152 Mount St Parking charger,"150-152 Mount St, Coogee NSW 2034, Australia",Exploren,Type 2,1.0,22 kW,Open 24/7,-33.925864,151.250423,
,,"1650 Alpine Way, Crackenback, 2627",Chargefox,2,AC,22 kW,-36.44508413,148.4499129,Snowy Monaro Regional Council,2627,Existing Destination Chargers,accepted,address_exact_unique,0.97,False,633.0,176.99752392041356,176.99752392041356,3856.1470047738044,Peclet local snapshot (experimental),DC1005,Lake Crackenback Resort charger,"1650 Alpine Way, Crackenback NSW 2627, Australia",Tesla Destination,Tesla,2.0,22 kW,Open 24/7,-36.44599,148.45154,
,,"166 Mona Vale Rd, Sydney, 2075",Chargefox,2,AC,22 kW,-33.73007312,151.1585586,Ku-ring-gai Council,2075,Existing Destination Chargers,accepted,address_exact_unique,0.97,False,106.0,10.91601502584464,10.91601502584464,137.4019960940699,Peclet local snapshot (experimental),DC436,St Ives Shopping Village charger,"Shop 135/166 Mona Vale Rd, St. Ives NSW 2075, Australia",Chargefox,Type 2,2.0,22 kW,6am to 8pm,-33.729999,151.158636,
,,"169 Willoughby Rd, Sydney, 2065",BP,2,DC,75 kW,-33.8201522,151.2011902,Willoughby City Council,2065,Existing Fast Chargers,accepted,address_exact_unique,0.97,False,1844.0,14.675947474798095,14.675947474798095,304.1685996550469,Peclet local snapshot (experimental),FC66,bp Naremburn charger,"169 Willoughby Rd, Naremburn NSW 2065, Australia",bp pulse,Type 2,2.0,75 kW,Open 24/7,-33.820156,151.201349,
,,"169-179 Thomas St, Sydney, 2000",Tesla,2,AC,22 kW,-33.8818549,151.2024194,"Sydney, Council of the City of",2000,Existing Destination Chargers,accepted,coordinate_near_clear,0.9,False,174.0,0.10667031844440901,0.10667031844440901,244.2262346708099,Peclet local snapshot (experimental),DC810,Wilson Parking Novotel Sydney Central charger,"179 Thomas St, Haymarket NSW 2000, Australia",Tesla Destination,Tesla,2.0,22 kW,Open 24/7,-33.881854,151.202419,
,,"17 Roberts Rd, Sydney, 2766",Exploren,6,AC,22 kW,-33.81728133,150.8381401,Blacktown City Council,2766,Existing Destination Chargers,accepted,coordinate_exact,1.0,False,1351.0,0.0,0.03783938380111802,1269.638921452334,Peclet local snapshot (experimental),DC495,Aurora charger,"17 Roberts Rd, Eastern Creek NSW 2766, Australia",Exploren,Type 2,4.0,22 kW,,-33.817281,150.83814,
,,"17 Smith St, Sydney, 2067",Chargefox,6,DC,47 kW,-33.78601306,151.1980831,Willoughby City Council,2067,Existing Fast Chargers,accepted,address_exact_unique,0.97,False,1708.0,60.948196243103745,60.948196243103745,3.1055818284351133,Peclet local snapshot (experimental),DC349,Woolworths Chatswood East charger,"17 Smith St, Chatswood NSW 2067, Australia",Chargefox,Type 2,6.0,7 kW,0700 - 2200 7 days.,-33.786534,151.197878,
,,"17 Stanley St, Sydney, 2210",JOLT,2,DC,25 kW,-33.96212217,151.0635736,Georges River Council,2210,Existing Fast Chargers,review,coordinate_candidate,0.5,True,1471.0,6.876765678728945,6.876765678728945,234.21298349299275,Peclet local snapshot (experimental),FC170,Stanley St Parking charger,"28 Stanley St, Peakhurst NSW 2210, Australia",JOLT,Tesla; Type 2,2.0,25 kW,Open 24/7,-33.962184,151.063572,nearest=6.877m; gap=234.213m; manual confirmation required
,,"17 Stewart St, Wollongong NSW 2500, Australia",NRMA,4,DC,75 kW,-29.7756503,151.1151033,Wollongong City Council,2453,TfNSW Regional,review,ambiguous_exact_address,0.5,True,326.0,5.535558123605726,5.535558123605726,105.75051656523355,Peclet local snapshot (experimental),HC2741,Stewart St Wollongong charger,"17 Stewart St, Wollongong NSW 2500, Australia",NRMA,,4.0,75 kW,,-29.7757,151.1151,nearest=5.536m; gap=105.751m; manual confirmation required
,,"170 Riversdale Rd, Illaroo, 2540",Tesla,4,AC,22 kW,-34.86498003,150.4925095,Shoalhaven City Council,2540,Existing Destination Chargers,accepted,address_exact_unique,0.97,False,596.0,167.43945552201927,167.43945552201927,9556.572823956865,Peclet local snapshot (experimental),DC837,Bundanon Art Museum and the Bridge charger,"170 Riversdale Rd, Illaroo NSW 2540, Australia",,Type 2,4.0,kW,"Wednesday - Sunday, 10am - 5pm",-34.866255,150.493486,
,,"173 The Vineyards Rd, Lake George, 2581",Exploren,2,DC,60 kW,-34.99682987,149.3848398,Yass Valley Council,2581,Existing Fast Chargers,accepted,address_exact_unique,0.97,False,1420.0,1303.025614901506,1303.025614901506,14319.839845051669,Peclet local snapshot (experimental),DC877,Lake George Winery charger,"Lake George Winery, 173 the vineyards road, Lake George",,Tesla,1.0,kW,,-34.985138,149.383878,
,,"176 Sutherland St, Sydney, 2021",Exploren,1,AC,22 kW,-33.88436041,151.235985,Woollahra Municipal Council,2021,Existing Destination Chargers,accepted,address_exact_unique,0.97,False,1376.0,12.411771935179464,12.411771935179464,111.4256729379355,Peclet local snapshot (experimental),DC637,176 Sutherland St Parking charger,"176 Sutherland St, Paddington NSW 2021, Australia",Exploren,Type 2,1.0,22 kW,Open 24/7,-33.88426081,151.2360457,
,,"1760 Joadja Road, Joadja, 2575",Tesla,1,AC,22 kW,-34.40588793,150.2226507,Wingecarribee Shire Council,2575,Existing Destination Chargers,accepted,address_exact_unique,0.97,False,593.0,0.12172930138262626,0.12172930138262626,410.70996404946715,Peclet local snapshot (experimental),DC832,Joadja Historic Site & Distillery charger,"1760 Joadja Rd, Joadja NSW 2575, Australia",Tesla Destination,Tesla,1.0,22 kW,,-34.405887,150.22265,
,,"177-179 Glenayr Ave, Sydney, 2026",Chargefox,1,AC,6 kW,-33.88860365,151.2706987,Waverley Council,2026,Existing Destination Chargers,accepted,coordinate_near_clear,0.9,False,986.0,1.4490421853654138,1.4490421853654138,118.7676915501966,Peclet local snapshot (experimental),DC724,177 Glenayr Ave Parking charger,"177 Glenayr Ave, Bondi Beach NSW 2026, Australia",Chargefox,Type 2,1.0,7 kW,Open 24/7,-33.88859599,151.2707114,
,,"179 Gillards Rd, Pokolbin, 2320",Exploren,1,AC,22 kW,-32.7640561,151.2915996,Cessnock City Council,2320,Existing Destination Chargers,accepted,address_exact_unique,0.97,False,1538.0,4.881600564279725,4.881600564279725,1148.8818722225703,Peclet local snapshot (experimental),HC2008,Gillards Rd Pokolbin charger,"179 Gillards Rd
Pokolbin NSW 2320
Australia",Exploren,,1.0,AC,,-32.7641,151.2916,
,,"179 Gordon St, Port Macquarie, 2444",Tesla,2,AC,22 kW,-31.43500005,152.8979429,Port Macquarie-Hastings Council,2444,Existing Destination Chargers,accepted,address_exact_unique,0.97,False,437.0,0.0855684114591023,0.0855684114591023,611.779180476974,Peclet local snapshot (experimental),DC73,Koala Tree Motel charger,"179 Gordon St, Port Macquarie, Australia, NSW 2444",Tesla Destination,Tesla,2.0,22 kW,,-31.435,152.897942,
,,"18 Alfred St, Dubbo, 2830",Chargefox,3,AC,22 kW,-32.24559064,148.5961001,Dubbo Regional Council,2830,Existing Destination Chargers,review,ambiguous_exact_address,0.5,True,1694.0,11.240936760188077,11.240936760188077,100.82516072307315,Peclet local snapshot (experimental),DC282,NRMA Dubbo City Holiday Park (2) charger,"18 Alfred street, Dubbo, NSW, 2830",Chargefox,Type 2,3.0,22 kW,,-32.24566529,148.5961807,nearest=11.241m; gap=100.825m; manual confirmation required
,,"18 Dandaloo St, Nyngan, NSW 2825, Australia",NRMA,4,DC,75 kW,-32.0506213,150.8667598,Bogan Shire Council,2360,TfNSW Regional,accepted,coordinate_exact,1.0,False,1249.0,0.0,0.0,22.928076786389035,Peclet local snapshot (experimental),AK867,Dandaloo St Nyngan charger,"18 Dandaloo St, Nyngan, NSW 2825, Australia",NRMA,,4.0,75 kW,,-32.0506213,150.8667598,
,,"18 Imlay St, Broulee, 2537",Tesla,2,AC,6 kW,-35.85590895,150.1722222,Eurobodalla Shire Council,2537,Existing Destination Chargers,accepted,address_exact_unique,0.97,False,1018.0,0.10716191074239244,0.10716191074239244,179.79086978082324,Peclet local snapshot (experimental),DC901,The Lodge Broulee Motel charger,"18 Imlay St, Broulee NSW 2537, Australia",Tesla Destination,Tesla,2.0,5 kW,,-35.855908,150.172222,
,,"18 Silver St, Sydney, 2031",Chargefox,2,DC,42 kW,-33.91374579,151.2390611,Randwick City Council,2031,Existing Fast Chargers,accepted,address_exact_unique,0.97,False,976.0,19.542241790041583,19.542241790041583,118.21658034944444,Peclet local snapshot (experimental),DC667,Randwick Junction - Silver St Carpark charger,"18 Silver St, Randwick, NSW, 2031",Chargefox,Type 2,2.0,22 kW,Open 24/7,-33.913895,151.239173,
,,"18 Station St, Sydney, 2766",Chargefox,8,AC,6 kW,-33.7710541,150.8449039,Blacktown City Council,2766,Existing Destination Chargers,accepted,coordinate_near_clear,0.9,False,1341.0,4.527061495851342,4.527061495851342,194.97082014422392,Peclet local snapshot (experimental),DC428,Park&Ride - Rooty Hill charger,"1 Station St, Rooty Hill NSW 2766, Australia",Chargefox,Type 2,10.0,7 kW,Open 24/7,-33.77109,150.844927,
,,"18 Victoria Avenue, Castle Hill NSW 2154",Evie,4,DC,50 kW,-33.727803,150.976049,The Hills Shire Council,2154,ARENA - Driving the Nation,accepted,coordinate_exact,1.0,False,1846.0,0.0,0.0,296.0705685886465,Peclet local snapshot (experimental),FC81,HomeCo Castle Hill charger,"18 Victoria Avenue, Castle Hill NSW 2154, Australia",Evie Networks,Tesla; Type 2,4.0,50 kW,Mon/Tue/Wed/Fri 9am - 6pm Thu 9am - 8:30pm Sat 9am - 5:30pm Sun 10am - 5:30pm,-33.727803,150.976049,
,,"18 Yango St, Cessnock, 2325",Exploren,4,AC,6 kW,-32.83174379,151.3596797,Cessnock City Council,2325,Existing Destination Chargers,review,coordinate_candidate,0.5,True,1532.0,30.320247253991074,30.320247253991074,661.3906621751938,Peclet local snapshot (experimental),HC2582,Yango St Cessnock charger,"Yango St
Cessnock NSW 2325
Australia",EVSE,,4.0,AC,,-32.8317,151.36,nearest=30.320m; gap=661.391m; manual confirmation required
,,"180 Campbell Pde, Sydney, 2026",Tesla,2,AC,22 kW,-33.88896801,151.2759489,Waverley Council,2026,Existing Destination Chargers,accepted,address_exact_unique,0.97,False,149.0,85.81800160896543,85.81800160896543,44.645064945442556,Peclet local snapshot (experimental),DC697,Pacific Bondi Beach charger,"180 Campbell Parade, Bondi Beach NSW 2026, Australia",Tesla Destination,Tesla,2.0,22 kW,5:30am to 12:30pm.,-33.889445,151.275218,
,,"180 George St, Sydney, 2150",Chargefox,3,AC,6 kW,-33.81443948,151.0102683,"Parramatta, Council of the City of",2150,Existing Destination Chargers,accepted,coordinate_exact,1.0,False,1742.0,0.0,0.05416722704042749,532.6247582287593,Peclet local snapshot (experimental),DC537,"Meriton Suites George Street, Parramatta charger","180 George St, Parramatta NSW 2150, Australia",Chargefox,Type 2,3.0,7 kW,Open 24/7,-33.814439,151.0102682,
,,"184 Forbes St, Sydney, 2010",Saascharge,2,AC,22 kW,-33.87567272,151.2192843,"Sydney, Council of the City of",2010,Existing Destination Chargers,accepted,address_exact_unique,0.97,False,1768.0,0.08471551768983009,0.08471551768983009,266.6208153443317,Peclet local snapshot (experimental),DC653,the Horizon charger,"184 Forbes Street, Darlinghurst, 2010, AUS",Saascharge International GmbH,Type 2,2.0,22 kW,Open 24/7,-33.875672,151.219284,
,,"18-40 Anderson St, Sydney, 2150",Tesla,4,AC,22 kW,-33.82070775,151.0052152,"Parramatta, Council of the City of",2150,Existing Destination Chargers,accepted,address_exact_unique,0.97,False,1741.0,32.59184922088767,32.59184922088767,156.7072737178443,Peclet local snapshot (experimental),DC535,Holiday Inn Parramatta charger,18-40 Anderson St Parramatta,,Type 2,2.0,kW,Open 24/7,-33.82087752,151.0055028,
,,"185 O'Riordan St, Sydney, 2020",Exploren,4,AC,6 kW,-33.92697402,151.1864655,Bayside Council,2020,Existing Destination Chargers,accepted,address_exact_unique,0.97,False,1788.0,33.07022534081819,33.07022534081819,84.85275724464961,Peclet local snapshot (experimental),DC763,AMP Connect Corporate Centre charger,"Building 3, 185 O'Riordan St, Mascot NSW 2020, Australia",Chargefox,Type 2,2.0,kW,Open 24/7,-33.927083,151.186799,
,,"185 Princes Hwy, Narooma , 2546",Tesla,8,DC,130 kW,-36.22313618,150.1283463,Eurobodalla Shire Council,2546,Existing Fast Chargers,accepted,coordinate_exact,1.0,False,257.0,0.0,0.03353813077301643,594.9710638314169,Peclet local snapshot (experimental),FC222,Narooma Supercharger charger,"185 Princes Highway, Narooma, Australia,",Tesla Supercharge,Type 2,4.0,120 kW,Open 24/7,-36.223136,150.128346,
,,"187 Rickard Rd, Leppington, 2179",Chargefox,8,AC,6 kW,-33.95353158,150.8087728,Camden Council,2179,Existing Destination Chargers,accepted,address_exact_unique,0.97,False,943.0,363.8446365083314,363.8446365083314,622.8727578372964,Peclet local snapshot (experimental),DC508,Park&Ride - Leppington charger,"187 Rickard Road, Leppington NSW 2179, Australia",Chargefox,Type 2,10.0,7 kW,Free parking for 18 hours,-33.953352,150.804834,
,,"188 Fernleigh Rd, Wagga Wagga, 2650",Tesla,1,AC,22 kW,-35.13090895,147.3404094,Wagga Wagga City Council,2650,Existing Destination Chargers,review,ambiguous_exact_address,0.5,True,1880.0,58.60422469958744,58.60422469958744,54.92145563042073,Peclet local snapshot (experimental),FC246,Quality Hotel Rules Club Wagga (2) charger,"188 Fernleigh Rd, Wagga Wagga NSW 2650, Australia",Tesla Supercharge,Type 2,6.0,250 kW,Open 24/7,-35.13100517,147.3397758,nearest=58.604m; gap=54.921m; manual confirmation required
,,"188 Raglan St, Sydney, 2088",Evie,4,DC,50 kW,-33.83108413,151.2436587,Mosman Municipal Council,2088,Existing Fast Chargers,accepted,address_exact_unique,0.97,False,1460.0,14.458542775847096,14.458542775847096,379.39157874094906,Peclet local snapshot (experimental),FC100,Raglan St West Car Park charger,"188 Raglan St, Mosman NSW 2088, Australia",Evie Networks,Tesla; Type 2,4.0,50 kW,Open 24/7,-33.830986,151.243556,
,,"189 Newcastle Rd, Newcastle, 2299",ChargeHub,2,AC,22 kW,-32.90549054,151.6911001,Newcastle City Council,2299,Existing Destination Chargers,accepted,address_exact_unique,0.97,False,472.0,26.59430728423888,26.59430728423888,275.24538470942025,Peclet local snapshot (experimental),DC258,Jesmond Executive Villas charger,"189 Newcastle Rd, Jesmond, NSW 2299",,Type 2,2.0,kW,Open 24/7,-32.90552001,151.6913828,
,,"18A Gould Dr, Lemon Tree Passage, 2319",Exploren,4,AC,6 kW,-32.73360165,152.0336807,Port Stephens Council,2319,Existing Destination Chargers,accepted,address_exact_unique,0.97,False,1283.0,47.018337719202194,47.018337719202194,144.91507705253355,Peclet local snapshot (experimental),DC155,Club Lemon Tree charger,"18A Gould Dr, Lemon Tree Passage NSW 2319, Au, Lemon Tree Passage 2319",Exploren,Type 2,4.0,7 kW,Open 24/7,-32.73328512,152.0333474,
,,"19 Bourke Rd, Sydney, 2020",Tesla,4,AC,22 kW,-33.9261552,151.187957,Bayside Council,2020,Existing Destination Chargers,review,coordinate_candidate,0.5,True,561.0,41.29120283215815,41.29120283215815,107.23014867516625,Peclet local snapshot (experimental),DC690,Holiday Inn Sydney Airport charger,"154 O'Riordan St., Mascot, NSW, 2020",,Type 2,4.0,kW,Open 24/7,-33.925797,151.188075,nearest=41.291m; gap=107.230m; manual confirmation required
,,"19 Buchanan Drive, South West Rocks, 2431",Exploren,2,AC,22 kW,-30.88653058,153.037958,Kempsey Shire Council,2431,Existing Destination Chargers,accepted,address_exact_unique,0.97,False,1651.0,30.837483395401396,30.837483395401396,499.7986691003443,Peclet local snapshot (experimental),DC99,Back Creek charger,"19 Buchanan Dr, South West Rocks NSW 2431, Australia",Exploren,Type 2,2.0,22 kW,Open 24/7,-30.88659136,153.0376427,
,,"19 Ebsworth St, Redhead, 2290",Exploren,1,AC,22 kW,-33.01271676,151.719038,Lake Macquarie City Council,2290,Existing Destination Chargers,accepted,address_exact_unique,0.97,False,468.0,0.8895321805180032,0.8895321805180032,258.34501517025194,Peclet local snapshot (experimental),DC232,19 Ebsworth St Parking charger,"19 Ebsworth St, Redhead NSW 2290, Australia",,Type 2,1.0,22 kW,Open 24/7,-33.01272284,151.7190442,
,,"19 Narabang Way, Sydney, 2085",Saascharge,1,AC,11 kW,-33.7073564,151.2121241,Northern Beaches Council,2085,Existing Destination Chargers,review,coordinate_candidate,0.5,True,1064.0,459.665118430443,459.665118430443,1832.576091140187,Peclet local snapshot (experimental),FC78,HomeCo Belrose charger,"4-6 Niangala Close, Belrose NSW 2085, Australia",Evie Networks,Tesla; Type 2,4.0,50 kW,"Mon - Wed, Fri - Sat 7am - 6pm; Thu 7am - 9pm; Sun 8am- 7pm",-33.703313,151.213158,nearest=459.665m; gap=1832.576m; manual confirmation required
,,"19 Princes Hwy, Figtree NSW 2525, Australia",Tesla,6,DC,175 kW,-34.4366153,150.8632982,Wollongong City Council,2525,Fast Charging R1,review,ambiguous_exact_address,0.5,True,780.0,1.7092721994927398,1.7092721994927398,88.57348020949193,Peclet local snapshot (experimental),HC2659,Princes Hwy Figtree charger,"19 Princes Hwy, Figtree NSW 2525, Australia",Tesla,,6.0,DC,,-34.4366,150.8633,nearest=1.709m; gap=88.573m; manual confirmation required
,,"1-9 Railway Parade, Kogarah NSW 2217",Evie,4,DC,150 kW,-33.96168115,151.1325903,Georges River Council,2217,ARENA - Driving the Nation,accepted,coordinate_exact,1.0,False,662.0,0.0,0.0,91.43202943750806,Peclet local snapshot (experimental),FC109,Kogarah Town Centre charger,"Kogarah Town Centre, 1-9 Railway Parade, Kogarah NSW 2217, Australia",Evie Networks,Tesla; Type 2,4.0,60 - 150 kW,7:00 AM - 10:00 PM,-33.96168115,151.1325903,
,,"19 Richmond Rd, Sydney, 2140",JOLT,2,DC,25 kW,-33.86603808,151.0644525,Strathfield,2140,Existing Fast Chargers,accepted,address_exact_unique,0.97,False,674.0,2.141593876400767,2.141593876400767,185.12092301999485,Peclet local snapshot (experimental),FC165,Richmond Road charger,"19 Richmond Rd, Homebush West NSW 2140, Homebush West 2140",JOLT,Tesla; Type 2,2.0,25 kW,Open 24/7,-33.866056,151.064444,
,,"19 Windsor Rd, Sydney, 2155",BP,2,DC,75 kW,-33.71274679,150.9591602,The Hills Shire Council,2155,Existing Fast Chargers,review,coordinate_candidate,0.5,True,649.0,5.151942663522286,5.151942663522286,833.1301189416272,Peclet local snapshot (experimental),FC49,BP Pulse Kellyville charger,"19-23 Windsor Rd, Kellyville NSW 2155, Australia",bp pulse,Type 2,2.0,75 kW,Open 24/7,-33.71278368,150.9591265,nearest=5.152m; gap=833.130m; manual confirmation required
,,"19/287 Victoria Rd, Sydney, 2116",Exploren,5,AC,22 kW,-33.81211216,151.0355095,"Parramatta, Council of the City of",2116,Existing Destination Chargers,review,coordinate_candidate,0.5,True,518.0,1229.8448126137803,1229.8448126137803,333.8303281031949,Peclet local snapshot (experimental),DC507,Parramatta Motor Group Service Centre charger,"3 Grand Ave, Camellia NSW 2142, Australia",,J-1772,1.0,kW,7:30 - 5:30 Monday - Friday 8:30 - 12:00 Saturday,-33.819988,151.026163,nearest=1229.845m; gap=333.830m; manual confirmation required
,,"190 Portland Dr, Cameron Park, 2285",Chargefox,4,AC,6 kW,-32.91601506,151.5977868,Lake Macquarie City Council,2285,Existing Destination Chargers,review,coordinate_candidate,0.5,True,1287.0,5.647838660294244,5.647838660294244,2114.865975498281,Peclet local snapshot (experimental),DC182,Cameron Park Plaza charger,"100 George Booth Dr, Cameron Park NSW 2285, Australia",Chargefox,Type 2,4.0,7 kW,Open 24/7,-32.91601573,151.5977263,nearest=5.648m; gap=2114.866m; manual confirmation required
,,"191 Mitchell Pde, Mollymook Beach, 2539",Tesla,1,AC,22 kW,-35.32272277,150.482015,Shoalhaven City Council,2539,Existing Destination Chargers,accepted,address_exact_unique,0.97,False,1014.0,264.6136406844247,264.6136406844247,308.8405561797239,Peclet local snapshot (experimental),DC883,Bannisters by the Sea charger,"191 Mitchell Parade, Mollymook, New South Wales, Australia, NSW 2539",Tesla Destination,Tesla; Type 2,2.0,22 kW,,-35.32223179,150.4848689,
,,"193 George St, Quirindi, 2343",Exploren,2,AC,22 kW,-31.50737342,150.6804785,Liverpool Plains Shire Council,2343,Existing Destination Chargers,accepted,address_exact_unique,0.97,False,1232.0,8.41452295351464,8.41452295351464,16364.871809375385,Peclet local snapshot (experimental),HC2450,George St Quirindi charger,"193 George St
Quirindi NSW 2343
Australia",Exploren,,2.0,AC,,-31.5073,150.6805,
,,197-215 Condamine St Balgowlah NSW 2093 Australia,Tesla,6,DC,175 kW,-33.7930342,151.2641426,Northern Beaches Council,2093,Fast Charging R3,review,ambiguous_exact_address,0.5,True,510.0,13.436706748189446,13.436706748189446,2.639013649509293,Peclet local snapshot (experimental),DC464,Stockland Balgowlah (1) charger,"197-215 Condamine St, Balgowlah NSW 2093, Australia",Tesla Destination,Type 2,8.0,22 kW,,-33.793153,151.264116,nearest=13.437m; gap=2.639m; manual confirmation required
,,"197-215 Condamine St, Sydney, 2093",Tesla,4,AC,22 kW,-33.7931532,151.2641161,Northern Beaches Council,2093,Existing Destination Chargers,accepted,coordinate_exact,1.0,False,510.0,0.0,0.02408248436004811,19.534567766640613,Peclet local snapshot (experimental),DC464,Stockland Balgowlah (1) charger,"197-215 Condamine St, Balgowlah NSW 2093, Australia",Tesla Destination,Type 2,8.0,22 kW,,-33.793153,151.264116,
,,"198 Great Western Highway, Hazelbrook, NSW, 2779",Ampol,2,DC,125 kW,-33.7211325,150.4521067,Blue Mountains City Council,2779,ARENA - Driving the Nation,accepted,address_exact_unique,0.97,False,378.0,3.666576171635323,3.666576171635323,9.460571350975048,Peclet local snapshot (experimental),HC2670,Great Western Highway Hazelbrook charger,"198 Great Western Highway, Hazelbrook, NSW, 2779",Ampol,,2.0,125 kW,,-33.7211,150.4521,
,,"1985 Camden Valley Way, Prestons NSW 2170",Evie,4,DC,150 kW,-33.95224765,150.8557529,Liverpool City Council,2170,ARENA - Driving the Nation,accepted,coordinate_exact,1.0,False,1883.0,0.0,0.0,3.2615506403842893,Peclet local snapshot (experimental),AK686,Camden Valley Way Prestons charger,"1985 Camden Valley Way, Prestons NSW 2170",Evie,,4.0,150 kW,,-33.95224765,150.8557529,
,,"19A Sirius Rd, Sydney, 2066",Exploren,1,AC,22 kW,-33.81018223,151.1460651,Lane Cove Municipal Council,2066,Existing Destination Chargers,accepted,coordinate_exact,1.0,False,170.0,0.0,0.027192493699705188,226.22334721759213,Peclet local snapshot (experimental),DC789,19A Sirius Rd Parking charger,"19A Sirius Rd, Lane Cove West NSW 2066, Australia",Exploren,Type 2,1.0,22 kW,Open 24/7,-33.810182,151.146065,
,,"1A Bridges Rd, Gerringong, 2534",Exploren,2,AC,6 kW,-34.74244649,150.8315465,"Kiama, The Council of the Municipality of",2534,Existing Destination Chargers,review,coordinate_candidate,0.5,True,376.0,74.39552560617305,74.39552560617305,584.4640587433868,Peclet local snapshot (experimental),HC2645,Pacific Ave Gerringong charger,"Pacific Ave
Gerringong NSW 2534
Australia",EVSE,,2.0,AC,,-34.7427,150.8323,nearest=74.396m; gap=584.464m; manual confirmation required
,,"1a Duck St, Sydney, 2144",Tesla,2,AC,22 kW,-33.836954,151.027035,Cumberland Council,2144,Existing Destination Chargers,review,coordinate_candidate,0.5,True,1365.0,1349.422729284302,1349.422729284302,16.729233077014896,Peclet local snapshot (experimental),DC584,EVSE Australia charger,"14 Millennium Ct, Silverwater NSW 2128, Austr, Silverwater 2128",Exploren,Type 2,3.0,22 kW,Open 24/7,-33.832512,151.040631,nearest=1349.423m; gap=16.729m; manual confirmation required
,,1A Keith St Dulwich Hill NSW 2203 Australia,EVE Australia,2,AC,22 kW,-33.9098594,151.141688,Inner West Council,2203,Kerbside Charging R1,accepted,address_exact_unique,0.97,False,1970.0,4.648348996460096,4.648348996460096,494.52710763318476,Peclet local snapshot (experimental),HC2029,Keith St Dulwich Hill charger,1A Keith St Dulwich Hill NSW 2203 Australia,EVE Australia,,2.0,22 kW,,-33.9099,151.1417,
,,"2 Baptist St, Sydney, 2016",Exploren,10,AC,22 kW,-33.89346151,151.2123383,"Sydney, Council of the City of",2016,Existing Destination Chargers,review,coordinate_candidate,0.5,True,1991.0,181.96839300905458,181.96839300905458,347.26494756047316,Peclet local snapshot (experimental),HC2552,Bourke St Redfern charger,"726 Bourke St
Redfern NSW 2016
Australia",EVX,,2.0,22 kW,,-33.894,151.2142,nearest=181.968m; gap=347.265m; manual confirmation required
,,"2 Central Ave, Sydney, 2015",Tesla,1,AC,22 kW,-33.89588993,151.1960561,"Sydney, Council of the City of",2015,Existing Destination Chargers,review,ambiguous_exact_address,0.5,True,1787.0,18.932216871990033,18.932216871990033,4.514755945365579,Peclet local snapshot (experimental),DC760,Commbank Foundry Carpark charger,"Shop 17/2 Central Ave, Eveleigh NSW 2015, Australia",,Type 2,6.0,kW,,-33.895749,151.195941,nearest=18.932m; gap=4.515m; manual confirmation required
,,"2 Coast Hospital Rd, Sydney, 2036",Evie,2,DC,75 kW,-33.98102507,151.2497087,Randwick City Council,2036,Existing Fast Chargers,accepted,address_exact_unique,0.97,False,697.0,30.61803247557034,30.61803247557034,1471.8328030274645,Peclet local snapshot (experimental),HC2031,Coast Hospital Rd Little Bay charger,"2 Coast Hospital Rd
Little Bay NSW 2036
Australia",Evie Networks,,2.0,75 kW,,-33.9808,151.2499,
,,"2 Corkwood Rd, Valla, 2448",BP,2,DC,75 kW,-30.6267528,152.9724735,Nambucca Valley Council,2448,Existing Fast Chargers,accepted,coordinate_near_clear,0.9,False,655.0,4.561440328310008,4.561440328310008,3414.3806231076114,Peclet local snapshot (experimental),FC62,bp Nambucca Heads charger,"5 Boggy Creek Rd, Valla NSW 2448, Australia",bp pulse,Tesla; Type 2,2.0,75 kW,Open 24/7,-30.62671183,152.9724759,
,,"2 Crofts Ave, Sydney, 2220",Exploren,4,AC,22 kW,-33.96603708,151.1036707,Georges River Council,2220,Existing Destination Chargers,accepted,address_exact_unique,0.97,False,969.0,0.06516514812680899,0.06516514812680899,297.8097976230922,Peclet local snapshot (experimental),DC644,Club Central Hurstville & Travelodge Hotel charger,"2 Crofts Ave, Hurstville NSW 2220, Australia",Exploren,Type 2,4.0,22 kW,Open 24/7,-33.966037,151.10367,
,,"2 Cross St, Sydney, 2100",EVUp,1,AC,22 kW,-33.7655586,151.2672142,Northern Beaches Council,2100,Existing Destination Chargers,review,coordinate_candidate,0.5,True,928.0,11.264596247010198,11.264596247010198,55.96767863363902,Peclet local snapshot (experimental),DC447,mycar Tyre & Auto Brookvale charger,"Corner of Green Street & Cross Street, Brookvale 2100",EVUp,Type 2,1.0,kW,Open 24/7,-33.765613,151.267317,nearest=11.265m; gap=55.968m; manual confirmation required
,,"2 Hannabus Pl, Windsor, 2756",Exploren,2,DC,60 kW,-33.62676281,150.8353483,Hawkesbury City Council,2756,Existing Fast Chargers,review,coordinate_candidate,0.5,True,86.0,262.7145254966674,262.7145254966674,669.0639649734197,Peclet local snapshot (experimental),DC326,GT Tooling charger,"34 Railway Rd S, Mulgrave NSW 2756, Australia",,J-1772,1.0,kW,Generally 9-5 but please call first,-33.628138,150.833041,nearest=262.715m; gap=669.064m; manual confirmation required
,,"2 Hector Ct, Sydney, 2155",Chargefox,4,AC,6 kW,-33.71912317,150.9544184,The Hills Shire Council,2155,Existing Destination Chargers,accepted,coordinate_near_clear,0.9,False,1329.0,4.581490845282362,4.581490845282362,823.9939956527136,Peclet local snapshot (experimental),DC390,Kellyville Grove Shopping Centre charger,"2 Hector Ct Kellyville NSW 2155, Australia",Chargefox,Type 2,4.0,7 kW,7:00 AM - 10:00 PM,-33.71915898,150.9543939,
,,"2 Hercules Street, Murrumbateman, 2582",Evie,2,DC,50 kW,-34.96936041,149.03,Yass Valley Council,2582,Existing Fast Chargers,accepted,coordinate_exact,1.0,False,658.0,0.0,0.0455899197459586,2206.8408646137655,Peclet local snapshot (experimental),FC71,Murrumbateman Country Inn charger,"2 Hercules St, Murrumbateman NSW 2582, Australia",Evie Networks,Tesla; Type 2,2.0,50 kW,Open 24/7,-34.96936,149.03,
,,"2 Huntley St, Alexandria, 2015",EVX,2,AC,22 kW,-33.9104525,151.1942032,"Sydney, Council of the City of",2015,Existing Destination Chargers,accepted,address_exact_unique,0.97,False,539.0,24.51406051389954,24.51406051389954,286.0235402348916,Peclet local snapshot (experimental),DC585,2 Huntley St Parking charger,"2 Huntley Street Alexandria, NSW 2015, Australia",EVX,Type 2,2.0,kW,,-33.91052886,151.193954,
,,"2 John St, Shellharbour, 2529",Chargefox,1,AC,6 kW,-34.5811512,150.8730671,Shellharbour City Council,2529,Existing Destination Chargers,review,coordinate_candidate,0.5,True,1835.0,1044.596433329609,1044.596433329609,2467.543623112768,Peclet local snapshot (experimental),FC11,NRMA - Shell Cove charger,"Harbour Boulevard, Shell Cove, 2529",Chargefox,Tesla; Type 2,4.0,350kW,Open 24/7,-34.588599,150.8661125,nearest=1044.596m; gap=2467.544m; manual confirmation required
,,"2 Lachlan Valley Way, Cowra, 2794",Non-networked,2,AC,22 kW,-33.83527532,148.6811792,Cowra Shire Council,2794,Existing Destination Chargers,review,coordinate_candidate,0.5,True,1858.0,1228.3228011019605,1228.3228011019605,28821.19495825287,Peclet local snapshot (experimental),FC139,Cowra Art Gallery charger,"77 Darling St, Cowra NSW 2794, Australia",NRMA,Tesla; Type 2,2.0,50 kW,Open 24/7,-33.834112,148.694404,nearest=1228.323m; gap=28821.195m; manual confirmation required
,,"2 Lachlan Valley Way, Cowra, 2794",Tesla,2,AC,22 kW,-33.83547852,148.6817277,Cowra Shire Council,2794,Existing Destination Chargers,review,coordinate_candidate,0.5,True,1858.0,1180.6485071715479,1180.6485071715479,28894.247772395065,Peclet local snapshot (experimental),FC139,Cowra Art Gallery charger,"77 Darling St, Cowra NSW 2794, Australia",NRMA,Tesla; Type 2,2.0,50 kW,Open 24/7,-33.834112,148.694404,nearest=1180.649m; gap=28894.248m; manual confirmation required
,,"2 Little St, Sydney, 2066",Exploren,2,AC,22 kW,-33.81389094,151.1707878,Lane Cove Municipal Council,2066,Existing Destination Chargers,accepted,address_exact_unique,0.97,False,1002.0,0.12801424600902384,0.12801424600902384,103.08595137673751,Peclet local snapshot (experimental),DC808,Little St Carpark (2) charger,"2 Little St, Lane Cove North NSW 2066, Austra, Lane Cove North 2066",Exploren,Type 2,4.0,7 kW,6am - 1am everyday,-33.81389,151.170787,
,,"2 Murray St, Port Macquarie, 2444",Tesla,2,AC,22 kW,-31.42813918,152.9109009,Port Macquarie-Hastings Council,2444,Existing Destination Chargers,accepted,address_exact_unique,0.97,False,869.0,1.5851887344955087,1.5851887344955087,79.02727010150831,Peclet local snapshot (experimental),DC123,Northpoint Holiday Apartments charger,"2 Murray Street, Port Macquarie, NSW, Australia, NSW 2444",Tesla Destination,Tesla; Type 2,5.0,11 kW,Open 24/7,-31.428153,152.910905,
,,"2 Ocean Dr, Kew, 2439",Tesla,8,DC,250 kW,-31.63426031,152.7250501,Port Macquarie-Hastings Council,2439,Existing Fast Chargers,review,coordinate_candidate,0.5,True,32.0,123.57401530965008,123.57401530965008,6822.715161347116,Peclet local snapshot (experimental),DC118,Kew Motel charger,"144 Nancy Bird Walton Dr, Kew NSW 2439, Australia",Tesla Destination,Tesla,2.0,4 kW,Open 24/7,-31.63444,152.723762,nearest=123.574m; gap=6822.715m; manual confirmation required
,,"2 Perry St, Euston, 2737",NRMA,1,AC,22 kW,-34.57761866,142.7461892,Balranald Shire Council,2737,Existing Destination Chargers,review,coordinate_candidate,0.5,True,1116.0,330.32184333532985,330.32184333532985,52.619473054762864,Peclet local snapshot (experimental),HC2110,Perry St Euston charger,"29 Perry St, Euston NSW 2737, Australia",NRMA,,4.0,DC,,-34.5766,142.7428,nearest=330.322m; gap=52.619m; manual confirmation required
,,"2 Premier St, Sydney, 2217",JOLT,2,DC,25 kW,-33.96242247,151.1343213,Georges River Council,2217,Existing Fast Chargers,review,coordinate_candidate,0.5,True,1929.0,168.19137222088838,168.19137222088838,11.477185446396106,Peclet local snapshot (experimental),HC2428,Railway Parade Kogarah charger,"1/9 Railway Parade, Kogarah NSW 2217",Evie,,4.0,150 kW,,-33.9625,151.1325,nearest=168.191m; gap=11.477m; manual confirmation required
,,"2 Quay St, Sydney, 2000",Tesla,6,AC,19 kW,-33.87969174,151.2027187,"Sydney, Council of the City of",2000,Existing Destination Chargers,review,coordinate_candidate,0.5,True,558.0,8.10708405869207,8.10708405869207,233.91181196482307,Peclet local snapshot (experimental),DC675,Wilson Parking Market City charger,"9-13 Hay St, Haymarket NSW 2000, Australia",Tesla Destination,Tesla,6.0,22 kW,,-33.879665,151.202637,nearest=8.107m; gap=233.912m; manual confirmation required
,,"2 Riddell St, Sydney, 2023",Chargefox,2,DC,40 kW,-33.88578883,151.2573263,Woollahra Municipal Council,2023,Existing Fast Chargers,review,coordinate_candidate,0.5,True,1608.0,306.67226516816527,306.67226516816527,62.414101961694996,Peclet local snapshot (experimental),HC2201,Victoria Rd Bellevue Hill charger,"165 Victoria Rd
Bellevue Hill NSW 2023
Australia",PLUS ES,,1.0,7 kW,,-33.8883,151.2587,nearest=306.672m; gap=62.414m; manual confirmation required
,,"2 Robsons Rd, Wollongong, 2500",Chargefox,4,AC,22 kW,-34.4040561,150.8745285,Wollongong City Council,2500,Existing Destination Chargers,review,coordinate_candidate,0.5,True,1946.0,497.9701410389878,497.9701410389878,1056.1748756444026,Peclet local snapshot (experimental),HC2097,Early Start Discovery Space (Building 21) University of Wollongong Northfields Ave Wollongong charger,"Early Start Discovery Space (Building 21) University of Wollongong
Northfields Ave
Wollongong NSW 2522
Australia",Chargefox,,4.0,AC,,-34.408,150.8771,nearest=497.970m; gap=1056.175m; manual confirmation required
,,"2 Rosenthal Ave, Lane Cove NSW 2066",Evie,4,DC,50 kW,-33.813936,151.169298,Lane Cove Municipal Council,2066,ARENA - Driving the Nation,accepted,coordinate_exact,1.0,False,1459.0,0.0,0.0,4.9668219628765815,Peclet local snapshot (experimental),FC98,The Canopy Lane Cove charger,"2 Rosenthal Ave, Lane Cove NSW 2066, Australia",Evie Networks,Tesla; Type 2,4.0,50 kW,6AM to 1AM,-33.813936,151.169298,
,,"2 Rosenthal Ave, Sydney, 2066",Tesla,3,AC,19 kW,-33.8137508,151.1687788,Lane Cove Municipal Council,2066,Existing Destination Chargers,review,ambiguous_exact_address,0.5,True,1459.0,52.200712488369405,52.200712488369405,0.6287677558396325,Peclet local snapshot (experimental),FC98,The Canopy Lane Cove charger,"2 Rosenthal Ave, Lane Cove NSW 2066, Australia",Evie Networks,Tesla; Type 2,4.0,50 kW,6AM to 1AM,-33.813936,151.169298,nearest=52.201m; gap=0.629m; manual confirmation required
,,"2 Sentry Dr, Sydney, 2768",Tesla,3,AC,22 kW,-33.71879184,150.9206707,Blacktown City Council,2768,Existing Destination Chargers,review,ambiguous_exact_address,0.5,True,1339.0,56.322450514727656,56.322450514727656,146.48293904342665,Peclet local snapshot (experimental),DC422,2 Sentry Drive Parking charger,"2 Sentry Drive, Stanhope Gardens NSW 2768, Australia",Chargefox,Type 2,1.0,7 kW,Open 24/7,-33.7183584,150.9209858,nearest=56.322m; gap=146.483m; manual confirmation required
,,"2 Sentry Dr, Sydney, 2768",Chargefox,4,DC,40 kW,-33.71984389,150.918979,Blacktown City Council,2768,Existing Fast Chargers,review,ambiguous_exact_address,0.5,True,934.0,14.10065656518305,14.10065656518305,1.0043329731769308,Peclet local snapshot (experimental),DC474,Stanhope Village Shopping Centre (1) charger,"2 Sentry Dr, Stanhope Gardens NSW 2768, Australia",Tesla Destination,Type 2,2.0,22 kW,,-33.71997,150.918963,nearest=14.101m; gap=1.004m; manual confirmation required
,,"2 Shepherd St, Ulladulla, 2539",Tesla,3,AC,22 kW,-35.33970075,150.4727307,Shoalhaven City Council,2539,Existing Destination Chargers,accepted,address_exact_unique,0.97,False,193.0,0.10481613507364275,0.10481613507364275,103.1298523149381,Peclet local snapshot (experimental),DC889,Motel Molly - Laid back luxury charger,"2 Shepherd St, Mollymook, NSW 2539",Tesla Destination,Tesla,3.0,22 kW,8:30am-5:30pm,-35.3397,150.47273,
,,"2 Stewart St, Lithgow, 2790",Evie,4,DC,150 kW,-33.48184889,150.1361812,"Lithgow Council, City of",2790,Existing Fast Chargers,review,coordinate_candidate,0.5,True,1205.0,1516.417503358581,1516.417503358581,836.0462141824203,Peclet local snapshot (experimental),HC2574,Lithgow St Lithgow charger,"2C Lithgow St
Lithgow NSW 2790
Australia",EVSE,,4.0,AC,,-33.4853,150.152,nearest=1516.418m; gap=836.046m; manual confirmation required
,,"2 Stockton St, Nelson Bay, 2315",Chargefox,2,AC,22 kW,-32.72076081,152.1434995,Port Stephens Council,2315,Existing Destination Chargers,accepted,address_exact_unique,0.97,False,904.0,2.67583026291821,2.67583026291821,63.27506519007713,Peclet local snapshot (experimental),DC322,Seabreeze Hotel charger,"2 Stockton Street, Nelson Bay 2315, Australia",Chargefox,Type 2,2.0,22 kW,,-32.72075263,152.1435264,
,,"2 Ween St, Peak Hill, 2869",Tesla,1,AC,22 kW,-32.72124929,148.1908148,Parkes Shire Council,2869,Existing Destination Chargers,accepted,address_exact_unique,0.97,False,1659.0,0.08149109059125807,0.08149109059125807,44765.82306770128,Peclet local snapshot (experimental),DC134,Peak Hill Caravan Park charger,"2 Ween St, Peak Hill, NSW, Australia, NT 2869",Tesla Destination,Type 2,1.0,22 kW,,-32.721249,148.190814,
,,"2 West St, Bermagui, 2546",Tesla,2,AC,17 kW,-36.42591296,150.0634715,Bega Valley Shire Council,2546,Existing Destination Chargers,accepted,address_exact_unique,0.97,False,625.0,0.11574187374543402,0.11574187374543402,588.003288592473,Peclet local snapshot (experimental),DC973,The Anchorage charger,"2 West St, Bermagui NSW 2546, Australia",Tesla Destination,Tesla,2.0,17 kW,,-36.425912,150.063471,
,,"20 Bay St, Byron Bay, 2481",Tesla,2,AC,6 kW,-28.64166771,153.6146847,Byron Shire Council,2481,Existing Destination Chargers,accepted,address_exact_unique,0.97,False,12.0,0.10440006474359408,0.10440006474359408,103.97732628666344,Peclet local snapshot (experimental),DC34,Beach Suites Byron Bay charger,"20 Bay St, Byron Bay NSW 2481, Australia",Tesla Destination,Tesla,2.0,5 kW,,-28.641667,153.614684,
,,"20 Bridge St, Sydney, 2073",Chargefox,2,AC,6 kW,-33.75068373,151.1446456,Ku-ring-gai Council,2073,Existing Destination Chargers,review,ambiguous_exact_address,0.5,True,1345.0,0.09831663001440132,0.09831663001440132,15.585975778304146,Peclet local snapshot (experimental),DC466,SG Fleet Pymble - Tenants only charger,"20 Bridge Street, Pymble 2073",Chargefox,Type 2,2.0,7 kW,,-33.750683,151.144645,nearest=0.098m; gap=15.586m; manual confirmation required
,,"20 Ocean St, Merewether, NSW 2291",EVX,4,AC,11 kW,-32.94476481,151.7605355,Newcastle City Council,NSW 2291,Existing Destination Chargers,review,coordinate_candidate,0.5,True,50.0,30.043691001230577,30.043691001230577,1571.150277273718,Peclet local snapshot (experimental),DC198,EVX Dixon Park charger,Dixon Park Beach Carpark,EVX,Type 2,2.0,kW,Open 24/7,-32.94464453,151.7602472,nearest=30.044m; gap=1571.150m; manual confirmation required
,,"20 Owen St, Sydney, 2761",Chargefox,2,DC,47 kW,-33.75074779,150.8580751,Blacktown City Council,2761,Existing Fast Chargers,review,coordinate_candidate,0.5,True,1315.0,5.342332928733822,5.342332928733822,1800.1563712110483,Peclet local snapshot (experimental),DC343,Blacktown Animal Relocation Centre (BARC) charger,"4 Rayben St, Glendenning NSW 2761, Australia",,Type 2,2.0,kW,Open 24/7,-33.75079421,150.8580602,nearest=5.342m; gap=1800.156m; manual confirmation required
,,"20 Park St, Port Macquarie, 2444",Tesla,2,AC,22 kW,-31.42759564,152.8975035,Port Macquarie-Hastings Council,2444,Existing Destination Chargers,review,ambiguous_exact_address,0.5,True,1279.0,52.047419230245595,52.047419230245595,1.966520977232726,Peclet local snapshot (experimental),DC132,Sails Resort Port Macquarie by Rydges charger,"20 Park St, Port Macquarie NSW 2444",,Type 2,2.0,kW,,-31.42742371,152.8980137,nearest=52.047m; gap=1.967m; manual confirmation required
,,"20 Phoenix Street, Sydney, 2066",Exploren,1,AC,22 kW,-33.81394499,151.1723493,Lane Cove Municipal Council,2066,Existing Destination Chargers,accepted,address_exact_unique,0.97,False,583.0,0.11351841676765304,0.11351841676765304,124.57277035014704,Peclet local snapshot (experimental),DC798,Intellihub - 20 Phoenix St charger,"20 Phoenix St, Lane Cove NSW 2066, Australia",Exploren,Type 2,1.0,22 kW,Open 24/7,-33.813944,151.172349,
,,"20 Smidmore St, Marrickville NSW 2204",Evie,4,DC,50 kW,-33.907982,151.170899,Inner West Council,2204,ARENA - Driving the Nation,accepted,coordinate_exact,1.0,False,1851.0,0.0,0.0,71.21069898599148,Peclet local snapshot (experimental),FC97,Marrickville Metro Shopping Centre charger,"34 Victoria Rd, Marrickville NSW 2204, Australia",Evie Networks,Tesla; Type 2,4.0,50 kW,,-33.907982,151.170899,
,,"20 Wentworth St, Sydney, 2142",Tesla,2,AC,19 kW,-33.83269174,151.0215005,"Parramatta, Council of the City of",2142,Existing Destination Chargers,review,coordinate_candidate,0.5,True,515.0,765.4954192631658,765.4954192631658,682.0497053595491,Peclet local snapshot (experimental),DC497,Granville Place charger,"31 East Street, Granville NSW 2142, Australia",,Type 2,3.0,22 kW,Open 24/7,-33.832578,151.013214,nearest=765.495m; gap=682.050m; manual confirmation required
,,"200 Crown St, Wollongong NSW 2500",Evie,4,DC,50 kW,-34.423975,150.892316,Wollongong City Council,2500,ARENA - Driving the Nation,accepted,coordinate_exact,1.0,False,1458.0,0.0,0.0,71.94785344639995,Peclet local snapshot (experimental),FC96,Wollongong Central - Regent St Entrance charger,"Regent St, Wollongong NSW 2500, Australia",Evie Networks,Tesla; Type 2,4.0,50 kW,6:00AM - 12:00AM,-34.423975,150.892316,
,,"200 Gilchrist Drive, Sydney, 2560",Tesla,2,AC,22 kW,-34.07462967,150.7968068,Campbelltown City Council,2560,Existing Destination Chargers,accepted,address_exact_unique,0.97,False,1359.0,17.39965050864102,17.39965050864102,800.1648453519981,Peclet local snapshot (experimental),DC546,Macarthur Square Shopping Centre charger,"200 Gilchrist Dr, Campbelltown NSW 2560, Australia",Tesla Destination,Tesla,2.0,22 kW,Open 24/7,-34.074784,150.796838,
,,"200 Horderns Rd, Bowral, 2576",Tesla,1,AC,8 kW,-34.49912817,150.4813033,Wingecarribee Shire Council,2576,Existing Destination Chargers,accepted,coordinate_exact,1.0,False,597.0,0.0,0.03336363715569715,6081.127161722102,Peclet local snapshot (experimental),DC843,Milton Park Country House charger,"Horderns Rd, Milton Park, Australia, NSW 2575",Tesla Destination,Tesla; Type 2,2.0,8 kW,,-34.499128,150.481303,
,,"201 Manning River Drive, Taree, 2430",Evie,4,DC,150 kW,-31.94333438,152.4706146,Mid-Coast Council,2430,Existing Fast Chargers,accepted,address_exact_unique,0.97,False,1062.0,4.970597114811345,4.970597114811345,1133.656946108581,Peclet local snapshot (experimental),FC74,Taree South Service Centre charger,"201 Manning River Dr, Glenthorne NSW 2430, Australia",Evie Networks,Tesla; Type 2,4.0,184 - 350 kW,Open 24/7,-31.94335335,152.4706623,
,,"201 Sloane St, Goulburn , 2580",Tesla,16,DC,130 kW,-34.75552357,149.720998,Goulburn Mulwaree Council,2580,Existing Fast Chargers,review,ambiguous_exact_address,0.5,True,1088.0,8.264609137530863,8.264609137530863,70.18848818851131,Peclet local snapshot (experimental),FC224,Goulburn Visitor Information Centre charger,"201 Sloane St, Goulburn NSW 2580, Australia",Tesla Supercharge,Type 2; J-1772,16.0,120 kW,Open 24/7,-34.755597,149.720984,nearest=8.265m; gap=70.188m; manual confirmation required
,,"201 Sussex St, Sydney, 2000",Chargefox,2,AC,22 kW,-33.871959,151.2039029,"Sydney, Council of the City of",2000,Existing Destination Chargers,accepted,address_exact_unique,0.97,False,150.0,9.457681128616372,9.457681128616372,147.85887327888804,Peclet local snapshot (experimental),DC707,Darling Park - Wilson Parking charger,"201 Sussex St, Sydney NSW 2000, Australia",Chargefox,Type 2,2.0,22 kW,,-33.871993,151.203809,
,,20-22 Camden Rd Campbelltown NSW 2560 Australia,Tesla,12,DC,175 kW,-34.0725934,150.8078816,Campbelltown City Council,2560,Fast Charging R1,accepted,address_exact_unique,0.97,False,1569.0,1.8468250979118253,1.8468250979118253,125.19130074745274,Peclet local snapshot (experimental),HC2734,Camden Rd Campbelltown charger,20-22 Camden Rd Campbelltown NSW 2560 Australia,Tesla,,12.0,DC,,-34.0726,150.8079,
,,"203 Victoria St, Potts Point, 2011",Tesla,4,AC,6 kW,-33.87458063,151.2218569,"Sydney, Council of the City of",2011,Existing Destination Chargers,accepted,address_exact_unique,0.97,False,972.0,0.16751495520837387,0.16751495520837387,266.5676288300536,Peclet local snapshot (experimental),DC652,Holiday Inn Sydney - Potts Point charger,"203 Victoria St, Potts Point NSW 2011, Australia",,Type 2,4.0,kW,Open 24/7,-33.8745795,151.2218557,
,,"2032 Camden Valley Way, Sydney, 2174",Exploren,8,AC,22 kW,-33.95508313,150.8622653,Liverpool City Council,2174,Existing Destination Chargers,review,coordinate_candidate,0.5,True,1910.0,259.4273112657831,259.4273112657831,22.964265728383396,Peclet local snapshot (experimental),HC2652,Camden Valley Way Edmondson Park charger,"2072 Camden Valley Way, Edmondson Park, NSW, 2174",Ampol,,2.0,125 kW,,-33.9559,150.8649,nearest=259.427m; gap=22.964m; manual confirmation required
,,"205 Kelly St, Scone, 2337",Tesla,2,AC,22 kW,-32.05161266,150.8670891,Upper Hunter Shire Council,2337,Existing Destination Chargers,accepted,address_exact_unique,0.97,False,871.0,0.0739913268324392,0.0739913268324392,114.44572009534033,Peclet local snapshot (experimental),DC133,Portman House charger,"205 Kelly St, Scone NSW 2337, Australia",Tesla Destination,Tesla,2.0,22 kW,,-32.051612,150.867089,
,,"205 Old Hume Hwy, Mittagong, 2575",Evie,4,DC,150 kW,-34.44672777,150.436991,Wingecarribee Shire Council,2575,Existing Fast Chargers,accepted,address_exact_unique,0.97,False,1462.0,2.3234571074474646,2.3234571074474646,622.902322987459,Peclet local snapshot (experimental),FC107,HomeCo Highlands charger,"205 Old Hume Hwy, Mittagong NSW 2575, Australia",Evie Networks,Type 2,4.0,150 kW,Open 24/7,-34.44673164,150.4370159,
,,"205 O'Riordan St, Sydney, 2020",Tesla,4,AC,22 kW,-33.927953,151.1871321,Bayside Council,2020,Existing Destination Chargers,accepted,address_exact_unique,0.97,False,569.0,25.36936587486357,25.36936587486357,76.13462514214913,Peclet local snapshot (experimental),DC739,Ibis Sydney Airport charger,"205 O'Riordan St, Mascot NSW 2020, Australia",,Type 2,4.0,kW,Open 24/7,-33.92798288,151.1868595,
,,"2072 Camden Valley Way, Edmondson Park, NSW, 2174",Ampol,2,DC,125 kW,-33.9558559,150.8648944,Liverpool City Council,2174,ARENA - Driving the Nation,review,ambiguous_exact_address,0.5,True,1910.0,4.93082266063319,4.93082266063319,44.007362256223345,Peclet local snapshot (experimental),HC2652,Camden Valley Way Edmondson Park charger,"2072 Camden Valley Way, Edmondson Park, NSW, 2174",Ampol,,2.0,125 kW,,-33.9559,150.8649,nearest=4.931m; gap=44.007m; manual confirmation required
,,"2090 Broke Rd, Pokolbin, 2320",NRMA,4,DC,75 kW,-32.77342947,151.2982713,Cessnock City Council,2320,Existing Fast Chargers,accepted,coordinate_exact,1.0,False,1467.0,0.0,0.05931264011769544,283.79998347183243,Peclet local snapshot (experimental),FC152,Hunter Valley Gardens Car Park charger,"Hunter Valley Gardens carpark, 2090 Broke Rd, Pokolbin NSW 2320, Australia",NRMA,Tesla; Type 2,4.0,50 kW,Open 24/7,-32.773429,151.298271,
,,"21 Alice St, Moree, 2400",Tesla,2,AC,19 kW,-29.47081786,149.847045,Moree Plains Shire Council,2400,Existing Destination Chargers,accepted,address_exact_unique,0.97,False,420.0,0.09562763692571193,0.09562763692571193,209.68493801057193,Peclet local snapshot (experimental),DC7,Econo Lodge Moree Spa Motor Inn charger,"21 Alice St, Moree NSW 2400, Australia",Tesla Destination,Tesla,1.0,7 kW,Open 24/7,-29.470817,149.847045,
,,"21 Ayrshire Cres, Newcastle, 2304",EVUp,2,AC,23 kW,-32.87689894,151.7117558,Newcastle City Council,2304,Existing Destination Chargers,review,coordinate_candidate,0.5,True,1672.0,1500.5119558079662,1500.5119558079662,210.714587644522,Peclet local snapshot (experimental),DC169,Hunter Wetlands Centre charger,"412 Sandgate Rd, Shortland NSW 2307, Australia",,Type 2; J-1772,2.0,kW,9amâ“4pm,-32.87626,151.695706,nearest=1500.512m; gap=210.715m; manual confirmation required
,,"21 Church St, Sydney, 2112",Exploren,1,AC,22 kW,-33.81449254,151.1046486,"Ryde, Council of the City of",2112,Existing Destination Chargers,accepted,address_exact_unique,0.97,False,582.0,15.805988906346691,15.805988906346691,226.29412064542512,Peclet local snapshot (experimental),DC791,Church St Car Park Top Ryde charger,"21 Church St, Ryde NSW 2112, Australia",Exploren,Type 2,1.0,22 kW,Open 24/7,-33.814552,151.104804,
,,"21 Combo St, Goolgowi, 2652",Exploren,4,AC,22 kW,-33.97943248,145.7069419,Carrathool Shire Council,2652,Existing Destination Chargers,review,coordinate_candidate,0.5,True,1172.0,101.95850117825829,101.95850117825829,45606.387843028904,Peclet local snapshot (experimental),HC2459,Combo St Goolgowi charger,"Combo St
Goolgowi NSW 2652
Australia",Exploren,,2.0,AC,,-33.9803,145.7073,nearest=101.959m; gap=45606.388m; manual confirmation required
,,"21 Hague Ave, Albury, 2640",Exploren,1,AC,22 kW,-36.06470575,146.9342242,Albury City Council,2640,Existing Destination Chargers,review,coordinate_candidate,0.5,True,1627.0,164.03703389664363,164.03703389664363,1519.4577413205486,Peclet local snapshot (experimental),HC2501,Mate St North Albury charger,"836 Mate St
North Albury NSW 2640
Australia",Exploren,,1.0,AC,,-36.066,146.9351,nearest=164.037m; gap=1519.458m; manual confirmation required
,,"21 Morgo St, Urunga, 2455",EVX,2,AC,22 kW,-30.49581986,153.022,Bellingen Shire Council,2455,Existing Destination Chargers,review,coordinate_candidate,0.5,True,832.0,10098.115424586143,10098.115424586143,4232.444865324302,Peclet local snapshot (experimental),HC2226,Martells Rd Brierfield charger,"417 Martells Rd
Brierfield NSW 2454
Australia",Non-networked,,1.0,AC,,-30.5155,152.9191,nearest=10098.115m; gap=4232.445m; manual confirmation required
,,"21 Roselands Ave, Sydney, 2196",Exploren,2,AC,22 kW,-33.93547052,151.0714184,Canterbury Bankstown Council,2196,Existing Destination Chargers,accepted,address_exact_unique,0.97,False,1001.0,0.06859343960499471,0.06859343960499471,210.4059123412387,Peclet local snapshot (experimental),DC804,The Lantern Club charger,"21 Roselands Ave, Roselands NSW 2196, Austral, Roselands 2196",Exploren,Type 2,2.0,22 kW,,-33.93547,151.071418,
,,"2-10 Wentworth St, Sydney, 2150",Exploren,6,AC,22 kW,-33.81921626,151.0047057,"Parramatta, Council of the City of",2150,Existing Destination Chargers,review,coordinate_candidate,0.5,True,948.0,34.02373526238572,34.02373526238572,164.8356832962519,Peclet local snapshot (experimental),DC534,Parramatta Station Car Park charger,"17 Wentworth St, Parramatta NSW 2150, Australia",,Type 2,3.0,22 kW,Open 24/7,-33.818911,151.004731,nearest=34.024m; gap=164.836m; manual confirmation required
,,"211 Lake Entrance Rd, Shellharbour City Centre, 2529",Tesla,4,AC,6 kW,-34.56390495,150.8381191,Shellharbour City Council,2529,Existing Destination Chargers,review,ambiguous_exact_address,0.5,True,1809.0,11.099932587379739,11.099932587379739,71.77608343488544,Peclet local snapshot (experimental),DC868,Stockland Shellharbour - West charger,"211 Lake Entrance Rd, Shellharbour City Centre NSW 2529, Australia",Tesla Destination,Tesla,4.0,6 kW,4:00am - 1:00am,-34.563997,150.838166,nearest=11.100m; gap=71.776m; manual confirmation required
,,"211 Lake Entrance Rd, Shellharbour City Centre, 2529",Ampol,10,DC,150 kW,-34.56639944,150.8394074,Shellharbour City Council,2529,Existing Fast Chargers,review,ambiguous_exact_address,0.5,True,601.0,237.01863564606285,237.01863564606285,53.29921917095177,Peclet local snapshot (experimental),DC872,Stockland Shellharbour (1) charger,"211 Lake Entrance Road, Shellharbour City Centre, New South Wales 2529",,Type 2,1.0,kW,Open 24/7,-34.56431323,150.8388763,nearest=237.019m; gap=53.299m; manual confirmation required
,,"2-110 Ben Boyd Pde, Boydtown, 2551",Exploren,1,AC,22 kW,-37.11146251,149.8802072,Bega Valley Shire Council,2551,Existing Destination Chargers,review,coordinate_candidate,0.5,True,628.0,922.3268525153397,922.3268525153397,2933.376278158956,Peclet local snapshot (experimental),DC980,Seahorse Inn Hotel & Villas charger,"Boydtown Park Rd, Eden NSW 2551, Australia",,Type 2,1.0,10 kW,Open 24/7,-37.1032,149.879292,nearest=922.327m; gap=2933.376m; manual confirmation required
,,"2-14 Cliff Rd, Wollongong, 2500",Tesla,4,AC,22 kW,-34.41458363,150.9002392,Wollongong City Council,2500,Existing Destination Chargers,accepted,address_exact_unique,0.97,False,1005.0,25.626494509647724,25.626494509647724,458.7349915065244,Peclet local snapshot (experimental),DC822,Novotel Wollongong Northbeach charger,"2-14 Cliff Rd, North Wollongong NSW 2500, Australia",,Type 2,4.0,kW,Open 24/7,-34.414544,150.899964,
,,"2197 Giinagay Way, Nambucca Heads, 2448",Tesla,2,AC,22 kW,-30.65431636,152.986997,Nambucca Valley Council,2448,Existing Destination Chargers,review,coordinate_candidate,0.5,True,1657.0,90.05264906923647,90.05264906923647,1774.148679077393,Peclet local snapshot (experimental),DC119,Nambucca Plaza Shopping Centre charger,"2191 Giinagay Way, Nambucca Heads NSW 2448, Australia",Tesla Destination,Tesla,2.0,22 kW,Open 24/7,-30.65448,152.987919,nearest=90.053m; gap=1774.149m; manual confirmation required
,,"22 Buchanan St, Kandos, 2848",Tesla,1,AC,22 kW,-32.86006011,149.9730971,Mid-Western Regional Council,2848,Existing Destination Chargers,accepted,address_exact_unique,0.97,False,40.0,39.567938818112815,39.567938818112815,6909.606572062085,Peclet local snapshot (experimental),DC148,Kandos Museum charger,"22 Buchanan St, Kandos NSW 2848, Australia",Tesla Destination,Tesla,1.0,22 kW,,-32.859938,149.973495,
,,"22 Carillon St, Camperdown, 2042",EVX,2,AC,22 kW,-33.89123228,151.1868509,"Sydney, Council of the City of",2042,Existing Destination Chargers,review,coordinate_candidate,0.5,True,544.0,24.303716137966155,24.303716137966155,577.1798570570598,Peclet local snapshot (experimental),DC600,22 Carillion Ave Parking charger,"22 Carillion Avenue Camperdown, NSW 2006, Australia",EVX,Type 2,2.0,kW,,-33.89129591,151.1871028,nearest=24.304m; gap=577.180m; manual confirmation required
,,"22 Cook Ln, Sydney, 2223",JOLT,2,DC,25 kW,-33.9701502,151.0801331,Georges River Council,2223,Existing Fast Chargers,review,coordinate_candidate,0.5,True,1472.0,8.97461786450805,8.97461786450805,1256.4964491686283,Peclet local snapshot (experimental),FC173,Cook St Parking charger,"22 Cook st, Mortdale NSW 2223, Australia",JOLT,Tesla; Type 2,2.0,25 kW,Open 24/7,-33.970228,151.080159,nearest=8.975m; gap=1256.496m; manual confirmation required
,,"22 Giffnock Ave, Sydney, 2113",Exploren,1,AC,22 kW,-33.78299204,151.1227908,"Ryde, Council of the City of",2113,Existing Destination Chargers,accepted,address_exact_unique,0.97,False,1721.0,24.07898389940196,24.07898389940196,116.5590239027995,Peclet local snapshot (experimental),DC435,Giffnock Avenue charger,"22 Giffnock Ave, Macquarie Park NSW 2113, Aus, Macquarie Park 2113",Exploren,Type 2,1.0,22 kW,Open 24/7,-33.782797,151.122904,
,,"220 Taren Point Rd, Caringbah NSW 2229",Evie,4,DC,75 kW,-34.02927306,151.1220736,Sutherland Shire Council,2229,ARENA - Driving the Nation,accepted,address_exact_unique,0.97,False,1563.0,3.8590505342379275,3.8590505342379275,122.6339151893517,Peclet local snapshot (experimental),HC2648,Taren Point Rd Caringbah charger,"220 Taren Point Rd, Caringbah NSW 2229",Evie,,4.0,75 kW,,-34.0293,151.1221,
,,"221 Wolseley St, Jamisontown NSW 2750",Evie,4,DC,350 kW,-33.770295,150.673823,Penrith City Council,2614,ARENA - Driving the Nation,accepted,coordinate_exact,1.0,False,1455.0,0.0,0.0,195.2993586919299,Peclet local snapshot (experimental),FC84,Shell Jamisontown charger,"221 Wolseley St, Jamisontown NSW 2750, Australia",Evie Networks,Tesla; Type 2,4.0,184 - 350 kW,Open 24/7,-33.770295,150.673823,
,,"22-24 Park Ave, Sydney, 2134",JOLT,2,DC,25 kW,-33.87384989,151.1019449,Burwood Council,2134,Existing Fast Chargers,accepted,coordinate_near_clear,0.9,False,247.0,3.8800042325489184,3.8800042325489184,117.15052639735454,Peclet local snapshot (experimental),FC184,Park Ave Parking charger,"30 Park Ave, Burwood NSW 2134, Australia",JOLT,Tesla; Type 2,2.0,25 kW,Open 24/7,-33.873878,151.10192,
,,"224 Princes Hwy, Wollongong, 2519",BP,2,DC,75 kW,-34.40332537,150.8914635,Wollongong City Council,2519,Existing Fast Chargers,accepted,address_exact_unique,0.97,False,1055.0,3.1234961906470864,3.1234961906470864,778.4272228102127,Peclet local snapshot (experimental),FC58,BP Fairy Meadow charger,"Northgate Ctr, 224/224 Princes Hwy, Fairy Meadow NSW 2519, Australia",bp pulse,Type 2,2.0,75 kW,Open 24/7,-34.40330246,150.8914438,
,,"224 Prospect Hwy, Seven Hills NSW 2147",Evie,4,DC,150 kW,-33.77578997,150.9330864,Cumberland Council,2147,ARENA - Driving the Nation,accepted,coordinate_exact,1.0,False,664.0,0.0,0.0,67.01818819010322,Peclet local snapshot (experimental),FC114,Seven Hills Plaza charger,"224 Prospect Hwy, Seven Hills NSW 2147, Australia",Evie Networks,Type 2,4.0,150 kW,Open 24/7,-33.77578997,150.9330864,
,,"224 Railway Pde, Sydney, 2166",Tesla,2,AC,19 kW,-33.89670075,150.938,Fairfield City Council,2166,Existing Destination Chargers,accepted,address_exact_unique,0.97,False,121.0,121.3402947158465,121.3402947158465,319.916468866349,Peclet local snapshot (experimental),DC526,Cabramatta Hotel charger,"224 Railway Parade, Cabramatta, NSW, Australia, NSW 2166, Australia",Tesla Destination,Tesla,2.0,4 kW,Open 24/7,-33.895619,150.938173,
,,"225 George St, Sydney, 2000",Chargestar,4,AC,22 kW,-33.86213918,151.2072993,"Sydney, Council of the City of",2000,Existing Destination Chargers,review,ambiguous_exact_address,0.5,True,992.0,77.97823763847883,77.97823763847883,6.178512739764983,Peclet local snapshot (experimental),DC758,Grosvenor Place (2) charger,"225 George St, The Rocks NSW 2000, Australia",,Type 2,10.0,kW,,-33.86275401,151.2068931,nearest=77.978m; gap=6.179m; manual confirmation required
,,"225 George St, Sydney, 2000",Saascharge,4,AC,22 kW,-33.86262867,151.2072362,"Sydney, Council of the City of",2000,Existing Destination Chargers,review,ambiguous_exact_address,0.5,True,1400.0,29.650456346020697,29.650456346020697,4.95942311400205,Peclet local snapshot (experimental),DC759,Grosvenor Place - Wilson Parking (7 Essex St) charger,"225 George Street, The Rocks NSW 2000, Australia",Saascharge International GmbH,Type 2,4.0,22 kW,Monday to Friday 6am-8pm,-33.862895,151.207252,nearest=29.650m; gap=4.959m; manual confirmation required
,,"2260 Camden Valley Way, Sydney, 2170",JOLT,2,DC,25 kW,-33.95800605,150.8864635,Liverpool City Council,2170,Existing Fast Chargers,review,ambiguous_exact_address,0.5,True,1872.0,3.508434286881618,3.508434286881618,21.182643327061147,Peclet local snapshot (experimental),FC210,Crossroads Hotel (1) charger,"2260 Camden Valley Wy, Casula NSW 2170, Australia",JOLT,Tesla; Type 2,2.0,25 kW,Open 24/7,-33.95798137,150.8864872,nearest=3.508m; gap=21.183m; manual confirmation required
,,"2260 Camden Valley Way, Sydney, 2170",JOLT,2,DC,25 kW,-33.9581552,150.8866296,Liverpool City Council,2170,Existing Fast Chargers,review,ambiguous_exact_address,0.5,True,254.0,14.171508976012431,14.171508976012431,9.197314722836415,Peclet local snapshot (experimental),FC209,Crossroads Hotel (2) charger,"2260 Camden Valley Wy, Casula NSW 2170, Australia",JOLT,Tesla; Type 2,2.0,25 kW,Open 24/7,-33.95822583,150.8865017,nearest=14.172m; gap=9.197m; manual confirmation required
,,"227 Railway Terrace, Schofields NSW 2762",Evie,4,DC,50 kW,-33.705677,150.876075,Blacktown City Council,2762,ARENA - Driving the Nation,accepted,coordinate_exact,1.0,False,1063.0,0.0,0.0,56.016938782686424,Peclet local snapshot (experimental),FC75,Coles Underground Parking charger,"227 Railway Terrace, Schofields NSW 2762, Australia",Evie Networks,Tesla; Type 2,4.0,50 kW,Mon - Sat 6am - 12am Sun 7am - 10pm,-33.705677,150.876075,
,,"228-234 Pacific Hwy, Swansea NSW, 2281",Everty,2,DC,25 kW,-33.09176581,151.6374214,Lake Macquarie City Council,2281,Existing Fast Chargers,review,coordinate_candidate,0.5,True,1077.0,10.974730551715101,10.974730551715101,327.94399798922495,Peclet local snapshot (experimental),FC155,Lake Macquarie Visitor Information Centre charger,"228 Pacific Hwy, Swansea NSW 2281, Australia",Everty,Tesla; Type 2,2.0,25 kW,Open 24/7,-33.091852,151.637364,nearest=10.975m; gap=327.944m; manual confirmation required
,,"2285 Pacific Hwy, Heatherbrae, 2324",Tesla,12,DC,130 kW,-32.78729434,151.7283534,Port Stephens Council,2324,Existing Fast Chargers,accepted,address_exact_unique,0.97,False,262.0,83.99911163163928,83.99911163163928,838.3316286883091,Peclet local snapshot (experimental),FC237,Country Comfort Motto Farm Motel - Newcastle Airport charger,"2285 Pacific Hwy, Heatherbrae NSW 2324, Australia",Tesla Supercharge,Type 2; J-1772,12.0,120 kW,Open 24/7,-32.78781734,151.727705,
,,"22A Clovelly Rd, Sydney, 2031",Exploren,1,AC,22 kW,-33.90363668,151.2426326,Randwick City Council,2031,Existing Destination Chargers,accepted,address_exact_unique,0.97,False,959.0,8.996186158513476,8.996186158513476,278.2266206806453,Peclet local snapshot (experimental),DC590,22A Cloverlly Rd Parking charger,"22A Clovelly Rd, Randwick NSW 2031, Australia",Exploren,Type 2,1.0,22 kW,Open 24/7,-33.90356674,151.2426816,
,,"23 Morwick St, Sydney, 2135",Exploren,1,AC,6 kW,-33.87470775,151.0949499,Burwood Council,2135,Existing Destination Chargers,review,coordinate_candidate,0.5,True,1973.0,124.94223016646994,124.94223016646994,174.83995996739776,Peclet local snapshot (experimental),HC2105,Morwick St Strathfield charger,"18 Morwick St
Strathfield NSW 2135
Australia",EVX,,2.0,22 kW,,-33.8753,151.0961,nearest=124.942m; gap=174.840m; manual confirmation required
,,"23 Roma Ave, Sydney, 2033",Exploren,1,AC,22 kW,-33.91371376,151.2242913,Randwick City Council,2033,Existing Destination Chargers,accepted,address_exact_unique,0.97,False,1755.0,45.49270820456964,45.49270820456964,473.2333755532604,Peclet local snapshot (experimental),DC608,23 Roma Ave Parking charger,"23 Roma Ave, Kensington NSW 2033, Australia",Exploren,Type 2,8.0,7 kW,Open 24/7,-33.913618,151.223812,
,,"230 Arden St, Sydney, 2034",JOLT,2,DC,50 kW,-33.92159464,151.2565566,Randwick City Council,2034,Existing Fast Chargers,review,coordinate_candidate,0.5,True,966.0,91.5081624030324,91.5081624030324,215.97958668475056,Peclet local snapshot (experimental),DC634,Crowne Plaza Coogee charger,"242 Arden St, Coogee NSW 2034, Australia",Tesla Destination,Tesla,2.0,22 kW,Open 24/7,-33.922194,151.255877,nearest=91.508m; gap=215.980m; manual confirmation required
,,"23-25 Oxley St, Taree, 2430",Tesla,2,AC,22 kW,-31.90289194,152.4773714,Mid-Coast Council,2430,Existing Destination Chargers,review,coordinate_candidate,0.5,True,1268.0,20.641027529069834,20.641027529069834,1531.1822514566284,Peclet local snapshot (experimental),DC78,Alabaster Motor Inn charger,"23 Oxley Street, Taree NSW 2430, Australia",Tesla Destination,Tesla,2.0,22 kW,Open 24/7,-31.902861,152.477587,nearest=20.641m; gap=1531.182m; manual confirmation required
,,"233 Wharf Rd, Newcastle, 2300",Chargefox,4,AC,22 kW,-32.92590895,151.778968,Newcastle City Council,2300,Existing Destination Chargers,review,coordinate_candidate,0.5,True,896.0,5.069938076709569,5.069938076709569,115.07448743521456,Peclet local snapshot (experimental),DC286,Wharf Rd Car Park charger,"209 Wharf Road, Newcastle NSW 2300, Australia",Chargefox,Type 2,4.0,22 kW,Open 24/7,-32.925951,151.778947,nearest=5.070m; gap=115.074m; manual confirmation required
,,"2352 George Bass Dr, Broulee, 2537",Tesla,1,AC,22 kW,-35.8426527,150.167026,Eurobodalla Shire Council,2537,Existing Destination Chargers,review,ambiguous_exact_address,0.5,True,614.0,89.50263619966837,89.50263619966837,148.78389271614355,Peclet local snapshot (experimental),DC920,The Bower at Broulee charger,2352 George Bass Drive,,Type 2,1.0,kW,,-35.843024,150.167907,nearest=89.503m; gap=148.784m; manual confirmation required
,,"235-285 New South Head Rd, Sydney, 2027",Exploren,4,AC,6 kW,-33.87953158,151.2364865,Woollahra Municipal Council,2027,Existing Destination Chargers,review,coordinate_candidate,0.5,True,1097.0,255.85471810364913,255.85471810364913,117.0590557226509,Peclet local snapshot (experimental),HC2164,Edgecliff Rd Edgecliff charger,"442-446 Edgecliff Rd
Edgecliff NSW 2027
Australia",PLUS ES,,1.0,7 kW,,-33.88,151.2392,nearest=255.855m; gap=117.059m; manual confirmation required
,,"2398 Pacific Hwy, Heatherbrae, 2324",BP,2,DC,75 kW,-32.78334139,151.7370591,Port Stephens Council,2324,Existing Fast Chargers,accepted,coordinate_near_clear,0.9,False,225.0,2.6511591413783675,2.6511591413783675,422.78253236501195,Peclet local snapshot (experimental),FC59,BP Heatherbrae charger,"269 Pacific Hwy, Heatherbrae NSW 2324, Australia",bp pulse,Tesla; Type 2,2.0,75 kW,Open 24/7,-32.78334894,151.7370322,
,,"23A Roylston Street, Sydney, 2021",Exploren,1,AC,22 kW,-33.88178283,151.2333283,Woollahra Municipal Council,2021,Existing Destination Chargers,accepted,coordinate_near_clear,0.9,False,163.0,0.09635727411619015,0.09635727411619015,65.68821426962992,Peclet local snapshot (experimental),DC745,Sarah Cottier Gallery charger,"23 Roylston St, Paddington NSW 2021, Australia",Exploren,Type 2,1.0,22 kW,Open 24/7,-33.881782,151.233328,
,,"24 Cooper St, Macksville, 2447",Evie,4,DC,350 kW,-30.71023028,152.9197698,Nambucca Valley Council,2447,Existing Fast Chargers,accepted,address_exact_unique,0.97,False,230.0,2.1365909552259725,2.1365909552259725,198.6018277751908,Peclet local snapshot (experimental),FC105,Ampol Foodary Macksville charger,"24 Cooper St, Macksville NSW 2447, Australia",Evie Networks,Tesla; Type 2,4.0,184 - 350 kW,Open 24/7,-30.7102492,152.9197659,
,,"24 Golf Pl, Wollongong, 2502",Exploren,4,AC,22 kW,-34.50783388,150.8782412,Wollongong City Council,2502,Existing Destination Chargers,review,coordinate_candidate,0.5,True,1595.0,37.71060039263788,37.71060039263788,2530.681527235688,Peclet local snapshot (experimental),HC2502,Golf Pl Primbee charger,"Golf Pl
Primbee NSW 2502
Australia",EVSE,,4.0,AC,,-34.508,150.8786,nearest=37.711m; gap=2530.682m; manual confirmation required
,,"24 Princes Hwy, Ulladulla, 2539",Tesla,2,AC,17 kW,-35.34620125,150.4702222,Shoalhaven City Council,2539,Existing Destination Chargers,accepted,coordinate_exact,1.0,False,604.0,0.0,0.03319364819904069,416.25260301301023,Peclet local snapshot (experimental),DC885,Mollymook Seascape Motel charger,"22-24 Princes Hwy, Mollymook NSW 2539, Australia",Tesla Destination,Tesla,2.0,17 kW,,-35.346201,150.470222,
,,"24 Sallys Corner Rd, Exeter , 2579",Tesla,6,DC,250 kW,-34.60929234,150.2297688,Wingecarribee Shire Council,2579,Existing Fast Chargers,accepted,address_exact_unique,0.97,False,1878.0,17.383258388777026,17.383258388777026,462.7435485420845,Peclet local snapshot (experimental),FC238,Heatherbrae's Pies Exeter charger,"24 Sallys Corner Rd, Exeter NSW 2579, Australia",Tesla Supercharge,Type 2; J-1772,12.0,250 kW,Open 24/7,-34.60926271,150.2299553,
,,"240 Hillsborough Rd, Warners Bay NSW 2282",Evie,4,DC,150 kW,-32.96354505,151.6617414,Lake Macquarie City Council,2282,ARENA - Driving the Nation,accepted,coordinate_exact,1.0,False,1069.0,0.0,0.0,2339.705714848611,Peclet local snapshot (experimental),FC112,HomeCo. Warners Bay charger,"240 Hillsborough Rd, Warners Bay NSW 2282, Australia",Evie Networks,Tesla; Type 2,4.0,60 - 150 kW,Open 24/7,-32.96354505,151.6617414,
,,"241 Keen St, Lismore, 2480",Tesla,2,AC,11 kW,-28.81323828,153.2754755,Lismore City Council,2480,Existing Destination Chargers,accepted,address_exact_unique,0.97,False,25.0,59.41020404703345,59.41020404703345,593.0994141326395,Peclet local snapshot (experimental),DC87,Lismore Bounty Motel charger,"241 Keen St, Lismore NSW 2480, Australia",Tesla Destination,Tesla,2.0,11 kW,,-28.812704,153.275479,
,,"241 Waterworth Dr, Mount Annan NSW 2567, Australia",Viva Energy Australia,4,DC,175 kW,-34.049425,150.7603383,Camden Council,2567,Fast Charging R2,accepted,address_exact_unique,0.97,False,796.0,4.492089221405273,4.492089221405273,1255.0191096835556,Peclet local snapshot (experimental),HC2193,Waterworth Dr Mount Annan charger,"241 Waterworth Dr, Mount Annan NSW 2567, Australia",Viva Energy Australia,,4.0,DC,,-34.0494,150.7603,
,,"242 Arden St, Sydney, 2034",Tesla,2,AC,22 kW,-33.92219424,151.2558779,Randwick City Council,2034,Existing Destination Chargers,accepted,address_exact_unique,0.97,False,966.0,0.08722495892317055,0.08722495892317055,276.4167864531529,Peclet local snapshot (experimental),DC634,Crowne Plaza Coogee charger,"242 Arden St, Coogee NSW 2034, Australia",Tesla Destination,Tesla,2.0,22 kW,Open 24/7,-33.922194,151.255877,
,,"24-28 Burns Bay Rd, Sydney, 2066",Exploren,4,AC,6 kW,-33.81524529,151.1691802,Lane Cove Municipal Council,2066,Existing Destination Chargers,accepted,coordinate_exact,1.0,False,1796.0,0.0,0.03716499169051543,136.76278846048535,Peclet local snapshot (experimental),DC812,Lane Cove Market Square Car Park charger,"24-28 Burns Bay Rd, Lane Cove NSW 2066, Australia",Exploren,Type 2,5.0,7 kW,Open 24/7,-33.815245,151.16918,
,,"243 Liverpool St, Sydney, 2010",Saascharge,2,AC,11 kW,-33.87752357,151.2151131,"Sydney, Council of the City of",2010,Existing Destination Chargers,accepted,address_exact_unique,0.97,False,140.0,0.06404990316287557,0.06404990316287557,283.10985276253945,Peclet local snapshot (experimental),DC648,Liverpool Street Gallery charger,"243 Liverpool Street, Darlinghurst, 2010, AUS",Saascharge International GmbH,Type 2,2.0,11 kW,Open 24/7,-33.877523,151.215113,
,,"24-42 King Georges Rd, Sydney, 2195",BP,2,DC,75 kW,-33.91960065,151.0668519,Canterbury Bankstown Council,2195,Existing Fast Chargers,accepted,address_exact_unique,0.97,False,1056.0,9.337262011784384,9.337262011784384,1065.1347417985519,Peclet local snapshot (experimental),FC61,BP Wiley Park charger,"24-42 King Georges Rd, Wiley Park NSW 2195, Australia",bp pulse,Type 2,2.0,75 kW,Open 24/7,-33.91957312,151.0669475,
,,"2457 Broke Rd, Pokolbin, 2320",Tesla,1,AC,22 kW,-32.7757598,151.3382833,Cessnock City Council,2320,Existing Destination Chargers,review,coordinate_candidate,0.5,True,463.0,73.47519239225234,73.47519239225234,231.69699593645288,Peclet local snapshot (experimental),DC212,Peterson House charger,"Corner Broke Road & Wine Country Drive, Pokolbin, New South Wales, Australia, NSW 2320",Tesla Destination,Tesla,3.0,22 kW,,-32.776316,151.337859,nearest=73.475m; gap=231.697m; manual confirmation required
,,"247 Belmore Rd, Riverwood NSW 2210",Evie,4,DC,75 kW,-33.952562,151.05103,Georges River Council,2210,ARENA - Driving the Nation,accepted,address_exact_unique,0.97,False,1564.0,5.050824809407121,5.050824809407121,1472.1417018643722,Peclet local snapshot (experimental),HC2649,Belmore Rd Riverwood charger,"247 Belmore Rd, Riverwood NSW 2210",Evie,,4.0,75 kW,,-33.9526,151.051,
,,"25 Ashburner St, Sydney, 2095",Exploren,1,AC,22 kW,-33.80041046,151.2888599,Northern Beaches Council,2095,Existing Destination Chargers,accepted,address_exact_unique,0.97,False,172.0,16.86614095551768,16.86614095551768,513.0697400166817,Peclet local snapshot (experimental),DC805,25 Ashburner St Parking charger,"25 Ashburner St, Manly NSW 2095, Australia",Exploren,Type 2,1.0,22 kW,Open 24/7,-33.80053036,151.2889717,
,,"25 Childe St, Byron Bay , NSW 2481",EVX,2,AC,22 kW,-28.63430035,153.598952,Byron Shire Council,NSW 2481,Existing Destination Chargers,accepted,address_exact_unique,0.97,False,852.0,2.659167365704928,2.659167365704928,695.525476747135,Peclet local snapshot (experimental),DC27,Childe St Kerbside charger,"25 Childe St, Byron Bay, New South Wales 2481",EVX,Type 2,2.0,kW,Open 24/7,-28.63430553,153.5989254,
,,"25 Frenchs Forest Rd E, Frenchs Forest NSW 2086",Evie,4,DC,150 kW,-33.75133669,151.2434692,Northern Beaches Council,2086,ARENA - Driving the Nation,accepted,coordinate_exact,1.0,False,1847.0,0.0,0.0,92.08329217552213,Peclet local snapshot (experimental),FC85,Allambie Grove Business Park charger,"25 Frenchs Forest Rd E Frenchs Forest, NSW 2086",Evie Networks,Type 2,4.0,150 kW,,-33.75133669,151.2434692,
,,"250 Comur St, Yass, 2582",Chargefox,4,DC,47 kW,-34.84551056,148.9151892,Yass Valley Council,2582,Existing Fast Chargers,review,coordinate_candidate,0.5,True,411.0,229.44001493600388,229.44001493600388,9.77335104186048,Peclet local snapshot (experimental),AK724,Lead St Yass charger,"68 Lead St, Yass NSW 2582, Australia",Tesla,,12.0,DC,,-34.8436036,148.9142289,nearest=229.440m; gap=9.773m; manual confirmation required
,,"250-318 Parramatta Rd, Sydney, 2140",Tesla,2,AC,22 kW,-33.86138443,151.0695506,Strathfield Municipal Council,2140,Existing Destination Chargers,accepted,address_exact_unique,0.97,False,151.0,0.07318078842094418,0.07318078842094418,154.3077434138729,Peclet local snapshot (experimental),DC712,Sydney Markets charger,"250-318 Parramatta Rd, Homebush West NSW 2129, Australia",Tesla Destination,Tesla; J-1772,4.0,22 kW,,-33.861384,151.06955,
,,"251 Edgecliff Rd
Woollahra NSW 2025
Australia",EVX,2,AC,22 kW,-33.8885736,151.2444096,Woollahra Municipal Council,2025,Kerbside Charging R1,accepted,address_exact_unique,0.97,False,362.0,3.0663760614690068,3.0663760614690068,232.1093875738318,Peclet local snapshot (experimental),HC2289,Edgecliff Rd Woollahra charger,"251 Edgecliff Rd
Woollahra NSW 2025
Australia",EVX,,2.0,22 kW,,-33.8886,151.2444,
,,"252 Centennial Rd, Bowral, 2576",Tesla,4,AC,6 kW,-34.46303808,150.4014895,Wingecarribee Shire Council,2576,Existing Destination Chargers,accepted,coordinate_exact,1.0,False,1803.0,0.0,0.04669478930431054,1167.9580453021408,Peclet local snapshot (experimental),DC856,Centennial Vineyards charger,"252 Centennial Rd, Bowral NSW 2576, Australia",Tesla Destination,Type 2,4.0,22 kW,,-34.463038,150.401489,
,,"253 Pacific Hwy, Coffs Harbour, 2450",Tesla,12,DC,130 kW,-30.28143948,153.1316667,Coffs Harbour City Council,2450,Existing Fast Chargers,accepted,address_exact_unique,0.97,False,693.0,0.08582992995342534,0.08582992995342534,691.2777154294207,Peclet local snapshot (experimental),FC242,Park Beach Plaza charger,"253 Pacific Highway, Coffs Harbour, NSW Australia, 2450",Tesla Supercharge,Type 2; J-1772,12.0,120 kW,Open 24/7,-30.281439,153.131666,
,,"25-47 Ocean St, Sydney, 2101",JOLT,2,DC,25 kW,-33.71943448,151.2986617,Northern Beaches Council,2101,Existing Fast Chargers,accepted,coordinate_near_clear,0.9,False,1475.0,3.0977081992749618,3.0977081992749618,618.8913732825214,Peclet local snapshot (experimental),FC186,"Ocean St, Narrabeen charger","5/16 Ocean St, Narrabeen NSW 2101, Australia",JOLT,Tesla; Type 2,2.0,25 kW,Open 24/7,-33.71941463,151.2986382,
,,"259 Pitt St, Sydney, 2000",Tesla,4,AC,22 kW,-33.87196101,151.208024,"Sydney, Council of the City of",2000,Existing Destination Chargers,accepted,coordinate_exact,1.0,False,983.0,0.0,0.001111949358448682,156.64276137947553,Peclet local snapshot (experimental),DC701,Hilton Sydney charger,"255 Pitt St, Sydney, Australia, NSW 2000",Tesla Destination,Tesla,4.0,22 kW,Open 24/7,-33.871961,151.208024,
,,"26 Aspect Dr, Coffs Harbour, 2450",Tesla,4,DC,60 kW,-30.27522227,153.1319389,Coffs Harbour City Council,2450,Existing Fast Chargers,accepted,address_exact_unique,0.97,False,263.0,0.45408164991686334,0.45408164991686334,691.3112962043431,Peclet local snapshot (experimental),FC251,The Big Banana Fun Park charger,"26 Aspect Dr, Coffs Harbour NSW 2450, Australia",Tesla Supercharge,Type 2,2.0,250 kW,Open 24/7,-30.27522635,153.1319391,
,,"26 Bent St, Sydney, 2137",Evie,2,DC,75 kW,-33.85437842,151.103997,"Canada Bay Council, City of",2137,Existing Fast Chargers,review,coordinate_candidate,0.5,True,1124.0,144.6434732784072,144.6434732784072,1558.9312429460315,Peclet local snapshot (experimental),HC2225,Brewer St Concord charger,"Brewer St
Concord NSW 2137
Australia",Evie Networks,,4.0,75 kW,,-33.8538,151.1054,nearest=144.643m; gap=1558.931m; manual confirmation required
,,"26 Neilly St, Walgett, NSW 2832, Australia",NRMA,2,DC,75 kW,-28.8659158,153.0485564,Walgett Shire Council,2337,TfNSW Regional,accepted,coordinate_exact,1.0,False,1884.0,0.0,0.0,21.817028135883035,Peclet local snapshot (experimental),AK885,Neilly St Walgett charger,"26 Neilly St, Walgett, NSW 2832, Australia",NRMA,,2.0,75 kW,,-28.8659158,153.0485564,
,,"26 Terry St, Sydney, 2041",EVX,2,AC,22 kW,-33.85783788,151.171049,Inner West Council,2041,Existing Destination Chargers,accepted,address_exact_unique,0.97,False,836.0,23.55666507761575,23.55666507761575,136.2212461814833,Peclet local snapshot (experimental),HC2397,Terry St Balmain charger,"26 Terry St
Balmain NSW 2041
Australia",EVX,,2.0,22 kW,,-33.8578,151.1713,
,,"26 William St, Newcastle, 2304",Tesla,3,AC,22 kW,-32.89182187,151.7444695,Newcastle City Council,2304,Existing Destination Chargers,accepted,address_exact_unique,0.97,False,1680.0,35.32661596319251,35.32661596319251,855.3516621415691,Peclet local snapshot (experimental),DC218,The Gateway Inn Newcastle charger,"26 William St, Mayfield NSW 2304, Australia",Tesla Destination,Tesla,3.0,22 kW,,-32.892016,151.74417,
,,"260 Craft Rd, Corrabare, 2325",Tesla,2,AC,6 kW,-32.9506577,151.177976,Cessnock City Council,2325,Existing Destination Chargers,accepted,address_exact_unique,0.97,False,1665.0,0.12151091154782921,0.12151091154782921,6232.77273828755,Peclet local snapshot (experimental),DC147,Wild Edge Retreat charger,"260 Craft Rd, Wollombi NSW 2325, Australia",Tesla Destination,Tesla; Type 2,4.0,6 kW,,-32.950657,151.177975,
,,"260 Jersey Rd, Plumpton NSW 2761",Evie,4,DC,75 kW,-33.7459827,150.8357299,Blacktown City Council,2761,ARENA - Driving the Nation,accepted,address_exact_unique,0.97,False,368.0,3.367966010922788,3.367966010922788,1852.1221182593697,Peclet local snapshot (experimental),HC2431,Jersey Rd Plumpton charger,"260 Jersey Rd, Plumpton NSW 2761",Evie,,4.0,75 kW,,-33.746,150.8357,
,,"260A Liverpool Rd, Ashfield NSW 2131",Evie,4,DC,50 kW,-33.889564,151.123599,Inner West Council,2131,ARENA - Driving the Nation,accepted,coordinate_exact,1.0,False,1848.0,0.0,0.0,349.0900092453885,Peclet local snapshot (experimental),FC89,Ashfield Mall charger,"260A Liverpool Road, Ashfield, NSW 2131",Evie Networks,Tesla; Type 2,4.0,50 kW,6am - 11pm,-33.889564,151.123599,
,,"26-30 Bayley St, Sydney, 2204",Exploren,2,AC,22 kW,-33.91201606,151.1427437,Inner West Council,2204,Existing Destination Chargers,review,coordinate_candidate,0.5,True,1970.0,254.24434093012616,254.24434093012616,281.04505324232565,Peclet local snapshot (experimental),HC2029,Keith St Dulwich Hill charger,1A Keith St Dulwich Hill NSW 2203 Australia,EVE Australia,,2.0,22 kW,,-33.9099,151.1417,nearest=254.244m; gap=281.045m; manual confirmation required
,,"266 Cressy St, Deniliquin, 2710",Exploren,4,AC,6 kW,-35.53144649,144.9647688,Edward River Council,2710,Existing Destination Chargers,review,coordinate_candidate,0.5,True,620.0,276.3472089447756,276.3472089447756,185.04413682310047,Peclet local snapshot (experimental),DC947,Waring Gardens - Deniliquin charger,"281 Cressy St, Deniliquin NSW 2710, Australia",Exploren,Type 2,4.0,7 kW,Open 24/7,-35.5293369,144.9631544,nearest=276.347m; gap=185.044m; manual confirmation required
,,"27 Arthur St, Moss Vale, 2577",Tesla,1,AC,6 kW,-34.55413118,150.3718428,Wingecarribee Shire Council,2577,Existing Destination Chargers,accepted,address_exact_unique,0.97,False,181.0,91.06001373131808,91.06001373131808,7534.044842601502,Peclet local snapshot (experimental),DC834,Old Nunnery Bed & Breakfast charger,"27 Arthur Street, Moss Vale NSW 2577, Australia",Tesla Destination,Tesla,1.0,4 kW,,-34.554682,150.371107,
,,"27 Campbell Avenue, Sydney, 2021",Exploren,1,AC,22 kW,-33.88103508,151.2227978,Woollahra Municipal Council,2021,Existing Destination Chargers,accepted,address_exact_unique,0.97,False,1756.0,5.80963267269475,5.80963267269475,152.9578199656058,Peclet local snapshot (experimental),DC609,27 Campbell Ave Parking charger,"27 Campbell Ave, Paddington NSW 2021, Australia",Exploren,Type 2,1.0,22 kW,Open 24/7,-33.8810476,151.2227367,
,,"27 Fitzroy St, Grafton, 2460",Tesla,2,AC,22 kW,-29.69422127,152.9378539,Clarence Valley Council,2460,Existing Destination Chargers,accepted,address_exact_unique,0.97,False,26.0,0.09197185691722391,0.09197185691722391,803.109671476508,Peclet local snapshot (experimental),DC90,Fitzroy Motor Inn charger,"27 Fitzroy St, Grafton, , Australia, NSW 2460 (behind the KFC)",Tesla Destination,Tesla,2.0,22 kW,,-29.694221,152.937853,
,,"27 Munda St, Sydney, 2031",Chargefox,2,AC,6 kW,-33.93062467,151.2464695,Randwick City Council,2031,Existing Destination Chargers,accepted,address_exact_unique,0.97,False,974.0,29.725461706627772,29.725461706627772,378.833510042527,Peclet local snapshot (experimental),DC656,514	Randwick Community Centre - Munda St charger,"27 Munda Street, Randwick, NSW, 2031",Chargefox,Type 2,2.0,7 kW,Open 24/7,-33.930504,151.246757,
,,"27 Wyee Rd, Morisset, 2264",Exploren,2,AC,22 kW,-33.12330735,151.4779489,Lake Macquarie City Council,2264,Existing Destination Chargers,review,coordinate_candidate,0.5,True,1695.0,1913.5122999816367,1913.5122999816367,49.0364741457397,Peclet local snapshot (experimental),DC289,"81 Dora Street, Morisset charger","81 Dora Street, Morisset",,Type 2,1.0,kW,,-33.1080823,151.4875253,nearest=1913.512m; gap=49.036m; manual confirmation required
,,"27-33 Oaks Ave, Dee Why NSW 2099",Evie,4,DC,150 kW,-33.75442135,151.2873331,Northern Beaches Council,2099,ARENA - Driving the Nation,accepted,coordinate_exact,1.0,False,233.0,0.0,0.0,85.37141700736815,Peclet local snapshot (experimental),FC117,Dee Why Marketplace (2) charger,"Shop 4/27-33 Oaks Ave, Dee Why NSW 2099, Australia",Evie Networks,Type 2,4.0,150 kW,7:00 AM - 10:30 PM,-33.75442135,151.2873331,
,,"28 Albion Street, Sydney, 2010",Exploren,2,AC,6 kW,-33.88192097,151.2097618,"Sydney, Council of the City of",2010,Existing Destination Chargers,accepted,address_exact_unique,0.97,False,1777.0,25.498562180174495,25.498562180174495,359.2198545454292,Peclet local snapshot (experimental),DC710,Rydges Sydney Central charger,"28 Albion St, Surry Hills, New South Wales 2010, Australia",Exploren,Type 2,2.0,7 kW,Open 24/7,-33.881885,151.209489,
,,"28 Auburn Street, Moree, NSW 2400, Australia",NRMA,2,DC,50 kW,-35.3548636,145.725081,Moree Plains Shire Council,2716,TfNSW Regional,accepted,coordinate_near_clear,0.9,False,1859.0,2.3662975531244754,2.3662975531244754,838.279260844028,Peclet local snapshot (experimental),FC142,Luke Park charger,"33 Powell St, Jerilderie NSW 2716, Australia",NRMA,Tesla; Type 2,2.0,50 kW,Open 24/7,-35.35488488,145.7250808,
,,"28 Blue Gum Rd, Newcastle, 2299",Tesla,1,AC,6 kW,-32.90296501,151.6898519,Newcastle City Council,2299,Existing Destination Chargers,accepted,address_exact_unique,0.97,False,878.0,81.26056560937481,81.26056560937481,236.76573370476484,Peclet local snapshot (experimental),DC194,Stockland Jesmond charger,"28 Blue Gum Rd, Jesmond NSW 2299, Australia",Tesla Destination,Type 2; J-1772,2.0,5 - 6 kW,Open 24/7,-32.902797,151.690699,
,,"28 Lawson St, Byron Bay, 2481",EVUp,2,DC,100 kW,-28.64327432,153.6158749,Byron Shire Council,2481,Existing Fast Chargers,review,coordinate_candidate,0.5,True,1047.0,18.705153026205878,18.705153026205878,194.4834425232799,Peclet local snapshot (experimental),FC15,Byron Bay Library charger,"Lawson Street, Byron Bay, 2481",Chargefox,Tesla; Type 2,2.0,50kW,,-28.643224,153.615692,nearest=18.705m; gap=194.483m; manual confirmation required
,,"28 Peppertree Dr, Pokolbin, 2320",Tesla,2,AC,3 kW,-32.73733038,151.3178178,Cessnock City Council,2320,Existing Destination Chargers,review,coordinate_candidate,0.5,True,1594.0,791.5296758775071,791.5296758775071,40.486869231815035,Peclet local snapshot (experimental),HC2495,McDonalds Rd Pokolbin charger,"790 McDonalds Rd
Pokolbin NSW 2320
Australia",Chargefox,,2.0,AC,,-32.7442,151.3156,nearest=791.530m; gap=40.487m; manual confirmation required
,,"2-8 Turramurra Ave, Sydney, 2074",Evie,4,DC,75 kW,-33.7323514,151.1307097,Ku-ring-gai Council,2074,Existing Fast Chargers,accepted,address_exact_unique,0.97,False,1493.0,29.204009744355513,29.204009744355513,2381.446404263765,Peclet local snapshot (experimental),HC2041,Turramurra Ave Turramurra charger,"2-8 Turramurra Ave
Turramurra NSW 2074
Australia",Evie Networks,,4.0,75 kW,,-33.7323,151.1304,
,,"28-32 Bowen St, Huskisson, 2540",Exploren,1,AC,22 kW,-35.04138043,150.6722723,Shoalhaven City Council,2540,Existing Destination Chargers,review,coordinate_candidate,0.5,True,275.0,166.4724766687631,166.4724766687631,275.7502115984307,Peclet local snapshot (experimental),HC2321,Hawke St Huskisson charger,"11 Hawke St
Huskisson NSW 2540
Australia",Non-networked,,1.0,AC,,-35.0399,150.672,nearest=166.472m; gap=275.750m; manual confirmation required
,,"28-38 Powell St, Sydney, 2140",Chargefox,3,AC,22 kW,-33.86413018,151.0845375,Strathfield Municipal Council,2140,Existing Destination Chargers,accepted,coordinate_near_clear,0.9,False,143.0,0.10894265132370543,0.10894265132370543,238.97502832411539,Peclet local snapshot (experimental),DC665,Teachers Mutual Bank charger,"28 Powell Street, Homebush NSW 2140, Australia",Chargefox,Type 2,3.0,22 kW,,-33.8641307,151.0845365,
,,"2848 Pacific Hwy, Tyndale NSW, 2464",Evie,4,DC,350 kW,-29.56122927,153.1492773,Clarence Valley Council,2464,Existing Fast Chargers,review,coordinate_candidate,0.5,True,1852.0,13.64467922740834,13.64467922740834,12486.058120485632,Peclet local snapshot (experimental),FC106,Shell Tyndale charger,"2848 Big River Way, Tyndale NSW 2460, Australia",Evie Networks,Tesla; Type 2,4.0,184 - 350 kW,Open 24/7,-29.561181,153.149407,nearest=13.645m; gap=12486.058m; manual confirmation required
,,"286-288 New Line Rd, Sydney, 2158",Chargefox,2,AC,6 kW,-33.69570975,151.0314655,"Hornsby, The Council of the Shire of",2158,Existing Destination Chargers,accepted,coordinate_near_clear,0.9,False,91.0,1.2985520819585472,1.2985520819585472,1449.2651089870171,Peclet local snapshot (experimental),DC348,McDonald's Dural charger,"823 Old Northern Rd, Dural NSW 2158, Australia",Chargefox,Type 2,2.0,7 kW,Open 24/7,-33.695702,151.031455,
,,"287 Mona Vale Rd, Sydney, 2084",Tesla,2,AC,22 kW,-33.68911516,151.223974,Northern Beaches Council,2084,Existing Destination Chargers,accepted,address_exact_unique,0.97,False,1314.0,35.18607002781025,35.18607002781025,1833.9384122838437,Peclet local snapshot (experimental),DC337,Hills Flower Market charger,"287 Mona Vale Rd, Terry Hills, NSW, Australia, 2084",Tesla Destination,Tesla,2.0,22 kW,8-5pm,-33.68936157,151.2242126,
,,"29 Windsor Rd, Sydney, 2155",JOLT,2,DC,25 kW,-33.71252457,150.9583413,The Hills Shire Council,2155,Existing Fast Chargers,review,coordinate_candidate,0.5,True,649.0,78.13359198672049,78.13359198672049,744.98259957951,Peclet local snapshot (experimental),FC49,BP Pulse Kellyville charger,"19-23 Windsor Rd, Kellyville NSW 2155, Australia",bp pulse,Type 2,2.0,75 kW,Open 24/7,-33.71278368,150.9591265,nearest=78.134m; gap=744.983m; manual confirmation required
,,"290 Pacific Hwy, Newcastle, 2290",Tesla,2,AC,6 kW,-32.95694299,151.701021,Lake Macquarie City Council,2290,Existing Destination Chargers,accepted,address_exact_unique,0.97,False,1681.0,49.19115670073731,49.19115670073731,967.9998394142712,Peclet local snapshot (experimental),DC220,Best Western Plus Apollo International charger,"290 Pacific Hwy, Charlestown NSW 2290, Australia",Tesla Destination,Tesla; Type 2,5.0,4 kW,,-32.956793,151.700525,
,,"291 King St, Newcastle, 2300",ChargeHub,4,AC,22 kW,-32.92882087,151.76801,Newcastle City Council,2300,Existing Destination Chargers,accepted,address_exact_unique,0.97,False,703.0,2.501285761353,2.501285761353,376.93513608276584,Peclet local snapshot (experimental),HC2214,King St Newcastle charger,"291 King St
Newcastle NSW 2300
Australia",Charge Hub,,4.0,AC,,-32.9288,151.768,
,,"293 Belmore Rd, Sydney, 2210",JOLT,2,DC,25 kW,-33.95077182,151.051971,Georges River Council,2210,Existing Fast Chargers,review,coordinate_candidate,0.5,True,1564.0,222.13943302889422,222.13943302889422,1283.302210851903,Peclet local snapshot (experimental),HC2649,Belmore Rd Riverwood charger,"247 Belmore Rd, Riverwood NSW 2210",Evie,,4.0,75 kW,,-33.9526,151.051,nearest=222.139m; gap=1283.302m; manual confirmation required
,,"29-55 Twynam St, Narrandera, 2700",NRMA,4,DC,180 kW,-34.74649754,146.5500761,Narrandera Shire Council,2700,Existing Fast Chargers,accepted,coordinate_near_clear,0.9,False,1856.0,0.06073641712027087,0.06073641712027087,735.6425822934502,Peclet local snapshot (experimental),FC136,Narrandera Park charger,"31 Twynam St, Narrandera NSW 2700, Australia",NRMA,Tesla; Type 2,2.0,50 kW,Open 24/7,-34.746497,146.550076,
,,"29-55 Twynam St, Narrandera, 2700",NRMA,2,DC,50 kW,-34.74651756,146.548011,Narrandera Shire Council,2700,Existing Fast Chargers,review,coordinate_candidate,0.5,True,1856.0,188.68636357476683,188.68636357476683,674.9231668814762,Peclet local snapshot (experimental),FC136,Narrandera Park charger,"31 Twynam St, Narrandera NSW 2700, Australia",NRMA,Tesla; Type 2,2.0,50 kW,Open 24/7,-34.746497,146.550076,nearest=188.686m; gap=674.923m; manual confirmation required
,,"298 Lake Canobolas Rd, Canobolas, 2800",Tesla,2,AC,22 kW,-33.30906011,149.0196507,Cabonne Council,2800,Existing Destination Chargers,review,ambiguous_exact_address,0.5,True,1301.0,195.40532383810248,195.40532383810248,17.34780059087157,Peclet local snapshot (experimental),DC263,Borrodell Vineyard Accommodation charger,"298 Lake Canobolas Rd, Canobolas NSW 2800, Australia",Tesla Destination,Tesla,2.0,22 kW,,-33.31078,149.019219,nearest=195.405m; gap=17.348m; manual confirmation required
,,"298 Lake Canobolas Rd, Canobolas, 2800",Tesla,1,AC,22 kW,-33.31178183,149.0213594,Cabonne Council,2800,Existing Destination Chargers,review,ambiguous_exact_address,0.5,True,1701.0,204.5049684138425,204.5049684138425,23.464178015919686,Peclet local snapshot (experimental),DC304,Sisters Rock Restaurant charger,"298 Lake Canobolas Rd, Canobolas NSW 2800, Australia",Tesla Destination,Tesla,1.0,22 kW,,-33.310961,149.01939,nearest=204.505m; gap=23.464m; manual confirmation required
,,"2A Beach Rd, Batemans Bay, 2536",NRMA,2,DC,50 kW,-35.70851156,150.1753874,Eurobodalla Shire Council,2536,Existing Fast Chargers,accepted,address_exact_unique,0.97,False,237.0,0.07198480061660244,0.07198480061660244,178.8380967664938,Peclet local snapshot (experimental),FC128,Batemans Bay Beach Road charger,"2A Beach Rd, Batemans Bay NSW 2536, Australia",NRMA,Tesla; Type 2,2.0,50 kW,Open 24/7,-35.708511,150.175387,
,,"2A Richmond Rd, Sydney, 2029",Chargefox,2,AC,22 kW,-33.87162267,151.2681742,Woollahra Municipal Council,2029,Existing Destination Chargers,accepted,address_exact_unique,0.97,False,1749.0,13.050715565356882,13.050715565356882,182.80138459984718,Peclet local snapshot (experimental),DC574,Rose Bay Shops - Richmond Rd charger,"2A Richmond Road, Rose Bay, NSW, 2029",Chargefox,Type 2,2.0,22 kW,Open 24/7,-33.871598,151.268036,
,,"2a Todman Ave, Sydney, 2033",Tesla,1,AC,22 kW,-33.90343748,151.2149479,"Sydney, Council of the City of",2033,Existing Destination Chargers,review,coordinate_candidate,0.5,True,1374.0,84.31329910841261,84.31329910841261,170.75856194249627,Peclet local snapshot (experimental),DC629,Supa Centa Moore Park charger,"2 Todman Avenue, Moore Parkâ€Ž NSWâ€Ž 2021, Australia",Tesla Destination,Tesla,1.0,22 kW,,-33.90268,151.214989,nearest=84.313m; gap=170.759m; manual confirmation required
,Thynk Beresfield,"3 Bowden Way
Beresfield NSW 2322
Australia",Non-networked,3,AC,AC,-32.8026234,151.6332904,Newcastle City Council,2322,Destination Charging R2,accepted,address_exact_unique,0.97,False,329.0,78.81333701923249,78.81333701923249,808.3179327053235,Peclet local snapshot (experimental),HC2085,Bowden Way Beresfield charger,"3 Bowden Way
Beresfield NSW 2322
Australia",Non-networked,,3.0,AC,,-32.8032,151.6328,
,,"3 Broomfield St, Cobar, NSW 2835, Australia",NRMA,2,DC,50 kW,-30.08825,145.9351051,Cobar Shire Council,2840,TfNSW Regional,accepted,coordinate_exact,1.0,False,1250.0,0.0,0.0,18.54733980782281,Peclet local snapshot (experimental),AK880,Broomfield St Cobar charger,"3 Broomfield St, Cobar, NSW 2835, Australia",NRMA,,2.0,50 kW,,-30.08825,145.9351051,
,,"3 Brown St, Newtown, 2042",EVX,2,AC,22 kW,-33.89529534,151.1826136,"Sydney, Council of the City of",2042,Existing Destination Chargers,accepted,address_exact_unique,0.97,False,1753.0,7.7840531384111085,7.7840531384111085,383.5344999514603,Peclet local snapshot (experimental),DC601,3 Brown St Parking charger,"3 Brown Street Newtown, NSW 2042, Australia",EVX,Type 2,2.0,kW,Open 24/7,-33.89536146,151.1826413,
,,"3 Bungendore Rd, Queanbeyan NSW 2620",Evie,4,DC,75 kW,-35.34739722,149.2454031,Queanbeyan-Palerang Regional Council,2620,ARENA - Driving the Nation,accepted,address_exact_unique,0.97,False,292.0,0.41786120673710503,0.41786120673710503,473.1677790972196,Peclet local snapshot (experimental),HC2621,Bungendore Rd Queanbeyan charger,"3 Bungendore Rd, Queanbeyan NSW 2620",Evie,,4.0,75 kW,,-35.3474,149.2454,
,,"3 Cavvanbah St, Byron Bay, 2481",Tesla,2,AC,6 kW,-28.63963868,153.6077117,Byron Shire Council,2481,Existing Destination Chargers,accepted,address_exact_unique,0.97,False,853.0,24.28958368619208,24.28958368619208,312.9827064688775,Peclet local snapshot (experimental),DC31,Suranadi Beach Houses charger,"3 Cavvanbah Street, Byron Bay NSW 2481, Australia",Tesla Destination,Tesla,2.0,6 kW,Open 24/7,-28.639778,153.60752,
,,"3 Columbia Way, Sydney, 2153",Exploren,4,AC,22 kW,-33.73052857,150.9717377,The Hills Shire Council,2153,Existing Destination Chargers,review,coordinate_candidate,0.5,True,503.0,41.730622745883416,41.730622745883416,113.91254963270941,Peclet local snapshot (experimental),DC445,The Hills Shire Council charger,"3 Columbia Ct, Norwest NSW 2153, Australia",Exploren,Type 2,5.0,22 kW,"Council Business Hours Only - Carpark Closes 7.45pm Monday -Friday and 5.45pm
on Weekends",-33.73068891,150.9713297,nearest=41.731m; gap=113.913m; manual confirmation required
,,"3 Corkhill Pl, Bega, 2550",Chargefox,2,DC,42 kW,-36.6972593,149.8418629,Bega Valley Shire Council,2550,Existing Fast Chargers,review,coordinate_candidate,0.5,True,1209.0,1666.808766838339,1666.808766838339,613.3384582230858,Peclet local snapshot (experimental),HC2612,Newtown Rd Bega charger,"191 Newtown Rd
Bega NSW 2550
Australia",Non-networked,,3.0,AC,,-36.6824,149.8394,nearest=1666.809m; gap=613.338m; manual confirmation required
,,"3 Fordham Way, Sydney, 2570",Exploren,4,AC,6 kW,-34.00018823,150.7388438,Camden Council,2570,Existing Destination Chargers,review,coordinate_candidate,0.5,True,945.0,197.66205439930891,197.66205439930891,276.0526468771343,Peclet local snapshot (experimental),DC528,Oran Park Podium charger,"351 Oran Park Dr, Oran Park NSW 2570, Australia",,Type 2,9.0,kW,,-33.99891776,150.7403435,nearest=197.662m; gap=276.053m; manual confirmation required
,,"3 George St, North Strathfield NSW 2137",Evie,4,DC,75 kW,-33.86390159,151.0894518,Strathfield Municipal Council,2137,ARENA - Driving the Nation,accepted,coordinate_exact,1.0,False,663.0,0.0,0.0,304.7952150349926,Peclet local snapshot (experimental),FC110,Bakehouse Quarter Carpark charger,"3 George St, North Strathfield NSW 2137, Australia",Evie Networks,Tesla; Type 2,6.0,62 - 75 kW,Open 24/7,-33.86390159,151.0894518,
,,"3 Government Rd, Nelson Bay, 2315",Tesla,2,AC,6 kW,-32.72073778,152.142984,Port Stephens Council,2315,Existing Destination Chargers,accepted,address_exact_unique,0.97,False,1684.0,18.115656772292894,18.115656772292894,32.65270919154238,Peclet local snapshot (experimental),DC227,Nelson Resort & Conference Centre charger,3 Government Road Nelson Bay New South Wales NSW 2315,Tesla Destination,Tesla,2.0,6 kW,,-32.720687,152.1428,
,,"3 Hilltop Cres
Fairlight NSW 2094
Australia",EVX,2,AC,22 kW,-33.79608413,151.2755946,Northern Beaches Council,2094,Kerbside Charging R1,accepted,address_exact_unique,0.97,False,1975.0,1.8338559951264046,1.8338559951264046,809.2731674100487,Peclet local snapshot (experimental),HC2126,Hilltop Cres Fairlight charger,"3 Hilltop Cres
Fairlight NSW 2094
Australia",EVX,,2.0,22 kW,,-33.7961,151.2756,
,,"3 Leisure Dr, Tweed Heads, 2486",Evie,4,DC,75 kW,-28.21510115,153.5404384,Tweed Shire Council,2486,Existing Fast Chargers,review,coordinate_candidate,0.5,True,426.0,148.9558783531864,148.9558783531864,857.503420192824,Peclet local snapshot (experimental),DC19,Twin Towns Club Banora charger,"Leisure Drive, Banora Point, NSW, 2486",Chargefox,Type 2,4.0,22 kW,,-28.21521834,153.538924,nearest=148.956m; gap=857.503m; manual confirmation required
,,"3 Lyttle St, Broulee, 2537",ChargePoint,4,AC,22 kW,-35.85678983,150.1748819,Eurobodalla Shire Council,2537,Existing Destination Chargers,review,coordinate_candidate,0.5,True,1137.0,98.26912550354513,98.26912550354513,160.7261010268548,Peclet local snapshot (experimental),HC2440,Lyttle St Broulee charger,"6 Lyttle St
Broulee NSW 2537
Australia",Exploren,,4.0,AC,,-35.8569,150.1738,nearest=98.269m; gap=160.726m; manual confirmation required
,,"3 Margaret St, Sydney, 2135",Exploren,4,AC,6 kW,-33.87424829,151.0921151,Strathfield Municipal Council,2135,Existing Destination Chargers,review,coordinate_candidate,0.5,True,1770.0,266.6046147568208,266.6046147568208,119.42323240800641,Peclet local snapshot (experimental),DC659,Strathfield Square Parking charger,"5 Churchill Ave, Strathfield NSW 2135, Australia",,Type 2,1.0,7 kW,Open 24/7,-33.872045,151.093254,nearest=266.605m; gap=119.423m; manual confirmation required
,,"3 Midway Dr, Buronga, 2739",Chargefox,2,AC,22 kW,-34.17439844,142.1986757,Wentworth Shire Council,2739,Existing Destination Chargers,review,coordinate_candidate,0.5,True,1153.0,105.83039188875503,105.83039188875503,17036.607460152347,Peclet local snapshot (experimental),HC2013,Midway Dr Buronga charger,"6 Midway Dr
Buronga NSW 2739
Australia",Chargefox,,2.0,AC,,-34.1746,142.1998,nearest=105.830m; gap=17036.607m; manual confirmation required
,,"3 Paragon Ave, South West Rocks, 2431",EVX,2,AC,22 kW,-30.88547152,153.0394474,Kempsey Shire Council,2431,Existing Destination Chargers,review,coordinate_candidate,0.5,True,1651.0,212.51755210385673,212.51755210385673,273.9393419674685,Peclet local snapshot (experimental),DC99,Back Creek charger,"19 Buchanan Dr, South West Rocks NSW 2431, Australia",Exploren,Type 2,2.0,22 kW,Open 24/7,-30.88659136,153.0376427,nearest=212.518m; gap=273.939m; manual confirmation required
,,"3 Thomas Holt Drive, Sydney, 2113",Exploren,4,AC,6 kW,-33.78744849,151.1287007,"Ryde, Council of the City of",2113,Existing Destination Chargers,review,coordinate_candidate,0.5,True,1721.0,744.6541056272941,744.6541056272941,67.91446415373912,Peclet local snapshot (experimental),DC435,Giffnock Avenue charger,"22 Giffnock Ave, Macquarie Park NSW 2113, Aus, Macquarie Park 2113",Exploren,Type 2,1.0,22 kW,Open 24/7,-33.782797,151.122904,nearest=744.654m; gap=67.914m; manual confirmation required
,,"30 Dowling St, Sydney, 2096",JOLT,2,DC,25 kW,-33.77897702,151.2838899,Northern Beaches Council,2096,Existing Fast Chargers,accepted,address_exact_unique,0.97,False,1079.0,3.7266278218939437,3.7266278218939437,784.0167018822965,Peclet local snapshot (experimental),FC164,Dowling St Parking charger,"30 Dowling Street, Freshwater",JOLT,Tesla; Type 2,2.0,25 kW,Open 24/7,-33.778944,151.283883,
,,"30 Staples St, Shoalhaven Heads, 2535",Tesla,2,AC,22 kW,-34.8501552,150.7478148,Shoalhaven City Council,2535,Existing Destination Chargers,accepted,address_exact_unique,0.97,False,599.0,21.132315336113532,21.132315336113532,1765.7486219697205,Peclet local snapshot (experimental),DC854,Bangalay Luxury Villas charger,"30 Staples St, Shoalhaven Heads NSW 2535, Australia",,Type 2,2.0,kW,,-34.8503301,150.7479054,
,,"302-312 Parramatta Rd, Sydney, 2134",JOLT,2,DC,25 kW,-33.86942247,151.108024,Burwood Council,2134,Existing Fast Chargers,review,coordinate_candidate,0.5,True,684.0,24.142838295842864,24.142838295842864,215.50746733819184,Peclet local snapshot (experimental),FC189,Dan Murphy's Burwood charger,"312 Parramatta Rd, Burwood NSW 2134, Australia",JOLT,Tesla; Type 2,2.0,25 kW,Open 24/7,-33.86937549,151.1077687,nearest=24.143m; gap=215.507m; manual confirmation required
,,"303 Henry Parry Dr, Central Coast, 2250",Chargefox,2,DC,60 kW,-33.40941346,151.3507447,Central Coast Council,2250,Existing Fast Chargers,review,coordinate_candidate,0.5,True,2015.0,138.90252055214106,138.90252055214106,185.33776221919382,Peclet local snapshot (experimental),HC2211,Pacific Hwy Wyoming charger,"481 Pacific Hwy, Wyoming NSW 2250, Australia",BP,,6.0,DC,,-33.4082,151.3511,nearest=138.903m; gap=185.338m; manual confirmation required
,,"30-32 Beach St, Harrington, 2427",Chargefox,2,AC,22 kW,-31.87127832,152.68597,Mid-Coast Council,2427,Existing Destination Chargers,review,coordinate_candidate,0.5,True,35.0,39.13542806636094,39.13542806636094,6.491601499593294,Peclet local snapshot (experimental),DC131,Harrington Hotel. charger,"32 Beach St, Harrington NSW 2427, Australia",Chargefox,Type 2,2.0,22 kW,Open 24/7,-31.871494,152.6862975,nearest=39.135m; gap=6.492m; manual confirmation required
,,"30-36 Camperdown St, Coffs Harbour, 2450",Tesla,2,AC,6 kW,-30.30610415,153.1372022,Coffs Harbour City Council,2450,Existing Destination Chargers,accepted,coordinate_exact,1.0,False,870.0,0.0,0.02543287303847122,2195.055390341726,Peclet local snapshot (experimental),DC126,The Observatory Holiday Apartments charger,"30-36 Camperdown St, Coffs Harbour NSW 2450, Australia",Tesla Destination,Tesla,2.0,4 kW,,-30.306104,153.137202,
,,"30-36 Sharp St, Cooma, 2630",Tesla,10,DC,250 kW,-36.23294099,149.1322903,Snowy Monaro Regional Council,2630,Existing Fast Chargers,review,coordinate_candidate,0.5,True,2024.0,459.22462406793596,459.22462406793596,111.19836866928216,Peclet local snapshot (experimental),HC2392,Sharp St Cooma charger,"6 Sharp St
Cooma NSW 2630
Australia",Charge Hub,,4.0,AC,,-36.2296,149.1353,nearest=459.225m; gap=111.198m; manual confirmation required
,,"307 Lane Cove Rd, Sydney, 2113",Tesla,2,AC,6 kW,-33.78080685,151.1338108,"Ryde, Council of the City of",2113,Existing Destination Chargers,accepted,address_exact_unique,0.97,False,97.0,54.092582203439925,54.092582203439925,977.9287753178602,Peclet local snapshot (experimental),DC377,Eden Gardens charger,"307 Lane Cove Rd, Macquarie Park NSW 2113, Australia",Tesla Destination,Tesla,2.0,7 kW,,-33.780327,151.133907,
,,"30A Richland St, Sydney, 2208",Exploren,2,DC,120 kW,-33.93524029,151.0986717,Canterbury Bankstown Council,2208,Existing Fast Chargers,review,coordinate_candidate,0.5,True,1746.0,1125.1626348356035,1125.1626348356035,430.5307802135567,Peclet local snapshot (experimental),DC558,Canterbury Bankstown Council - Leslie St-Ron Pate Centre charger,"37 Leslie St, Roselands NSW 2196, Australia, Roselands 2196",Exploren,Type 2,4.0,7 kW,Open 24/7,-33.929604,151.088543,nearest=1125.163m; gap=430.531m; manual confirmation required
,,"31 Berrara Rd, Berrara, 2540",Tesla,2,AC,22 kW,-35.20902507,150.548962,Shoalhaven City Council,2540,Existing Destination Chargers,accepted,coordinate_near_clear,0.9,False,1812.0,0.0911850864932723,0.0911850864932723,7553.761683984744,Peclet local snapshot (experimental),DC879,Berrara Beach Holiday Chalets charger,"22 Berrara Rd, Berrara, Australia, NSW 2540",Tesla Destination,Tesla,2.0,22 kW,,-35.209025,150.548961,
,,"31 Marsh St, Armidale, 2350",Tesla,2,AC,22 kW,-30.50622327,151.6728749,Armidale Regional Council,2350,Existing Destination Chargers,accepted,address_exact_unique,0.97,False,1272.0,1.4892089012932324,1.4892089012932324,77.62482988191037,Peclet local snapshot (experimental),DC95,Rydges Armidale charger,"31 Marsh St, Armidale NSW 2350, Australia",Tesla Destination,Tesla,2.0,22 kW,,-30.50621,151.672877,
,,"31 Stonehaven Rd, Wollongong, 2508",Tesla,2,AC,22 kW,-34.22124629,150.9788669,Wollongong City Council,2508,Existing Destination Chargers,accepted,address_exact_unique,0.97,False,531.0,81.63845225253426,81.63845225253426,1903.220257786527,Peclet local snapshot (experimental),DC550,Tumbling Waters Retreat & Restaurant charger,"31 Stonehaven Rd, Stanwell Tops NSW 2508, Australia",Tesla Destination,Tesla,2.0,22 kW,Variable - Call ahead,-34.221955,150.978635,
,,"31 Treacy St, Sydney, 2220",JOLT,2,DC,25 kW,-33.96786191,151.1060561,Georges River Council,2220,Existing Fast Chargers,accepted,coordinate_near_clear,0.9,False,1078.0,1.7004842429674936,1.7004842429674936,297.628405714653,Peclet local snapshot (experimental),FC163,Treacy St Parking charger,"Treacy St, Hurstville NSW 2220, Australia",JOLT,Tesla; Type 2,2.0,25 kW,Open 24/7,-33.967847,151.106052,
,,"311 Ophir Rd, Stewarts Mount, 2795",Tesla,2,AC,22 kW,-33.39229034,149.5176737,Bathurst Regional Council,2795,Existing Destination Chargers,accepted,address_exact_unique,0.97,False,1349.0,90.94077790125668,90.94077790125668,5475.4328974464,Peclet local snapshot (experimental),DC483,Abercrombie House charger,"311 Ophir Rd, Bathurst, Australia, NSW 2795",Tesla Destination,Tesla,2.0,22 kW,,-33.392689,149.518529,
,,"311-315 Marius St, Tamworth, 2340",Chargefox,2,AC,22 kW,-31.09871776,150.9394484,Tamworth Regional Council,2340,Existing Destination Chargers,review,coordinate_candidate,0.5,True,34.0,111.65017537827413,111.65017537827413,67.63988920152528,Peclet local snapshot (experimental),DC130,Powerhouse Hotel Tamworth by Rydges charger,"248 Armidale Rd, Tamworth NSW 2340, Australia",Tesla Destination,Tesla; Type 2,3.0,22 kW,,-31.098492,150.940591,nearest=111.650m; gap=67.640m; manual confirmation required
,,"312 Mount View Rd, Mount View, 2325",Tesla,1,AC,6 kW,-32.83088793,151.3208328,Cessnock City Council,2325,Existing Destination Chargers,accepted,coordinate_near_clear,0.9,False,54.0,0.1275972884081352,0.1275972884081352,842.2307807079585,Peclet local snapshot (experimental),DC223,Savannah Estate charger,"402 Mount View Road Lot 211, Mount View, New South Wales, Australia, NSW 2325",Tesla Destination,Tesla,1.0,6 kW,,-32.830887,151.320832,
,,"31-39 Macquarie St, Sydney, 2150",ChargePoint,2,AC,3 kW,-33.81436141,151.0006056,"Parramatta, Council of the City of",2150,Existing Destination Chargers,accepted,coordinate_near_clear,0.9,False,1356.0,0.07177106892993182,0.07177106892993182,188.54526021874807,Peclet local snapshot (experimental),DC527,Jessie Street Centre charger,"12 Macquarie St Parramatta NSW 2150, Australia",ChargePoint,J-1772,2.0,kW,,-33.814361,151.000605,
,,"315 Church St, Sydney, 2142",ChargePoint,1,AC,3 kW,-33.82557462,151.0051061,"Parramatta, Council of the City of",2142,Existing Destination Chargers,review,coordinate_candidate,0.5,True,1358.0,21.79585542824525,21.79585542824525,50.46055862315082,Peclet local snapshot (experimental),DC545,Parramatta Hyundai charger,"319 Church St, Granville NSW 2142, Australia",,Type 2,1.0,kW,Open 24/7,-33.82553197,151.0053364,nearest=21.796m; gap=50.461m; manual confirmation required
,,"315 The Entrance Rd, Central Coast, 2261",Tesla,1,AC,22 kW,-33.35246851,151.488968,Central Coast Council,2261,Existing Destination Chargers,review,coordinate_candidate,0.5,True,1291.0,12.6620744524579,12.6620744524579,240.28929644514315,Peclet local snapshot (experimental),DC201,Ibis Styles Hotel charger,"315 Central Coast Hwy, Long Jetty NSW 2261",Tesla Destination,Tesla,1.0,22 kW,,-33.352576,151.489013,nearest=12.662m; gap=240.289m; manual confirmation required
,,"316 Victoria Rd, Sydney, 2116",Exploren,2,DC,120 kW,-33.81024029,151.0342402,"Parramatta, Council of the City of",2116,Existing Fast Chargers,review,coordinate_candidate,0.5,True,518.0,1315.9263215396556,1315.9263215396556,278.78840950387166,Peclet local snapshot (experimental),DC507,Parramatta Motor Group Service Centre charger,"3 Grand Ave, Camellia NSW 2142, Australia",,J-1772,1.0,kW,7:30 - 5:30 Monday - Friday 8:30 - 12:00 Saturday,-33.819988,151.026163,nearest=1315.926m; gap=278.788m; manual confirmation required
,,"3-19 Yurong St, Darlinghurst, 2010",EVX,2,AC,22 kW,-33.87494799,151.2141842,"Sydney, Council of the City of",2010,Existing Destination Chargers,accepted,address_exact_unique,0.97,False,1779.0,15.989831405621612,15.989831405621612,107.28070476002144,Peclet local snapshot (experimental),DC713,19 Yurong St Parking charger,"3-19 Yurong St, Darlinghurst NSW 2010, Australia",EVX,Type 2,2.0,kW,Open 24/7,-33.87509112,151.2141675,
,,"32 Cricketers Arms Rd, Sydney, 2148",Tesla,1,AC,22 kW,-33.80629534,150.9029339,Blacktown City Council,2148,Existing Destination Chargers,accepted,address_exact_unique,0.97,False,1350.0,42.80715805979891,42.80715805979891,2943.430926883946,Peclet local snapshot (experimental),DC487,Atura Blacktown charger,"32 Cricketers Arms Road, Prospectâ€Ž NSWâ€Ž 2148, Australia",Tesla Destination,Tesla,1.0,22 kW,,-33.806133,150.903354,
,,"32 Military Rd, Sydney, 2026",EVX,2,AC,22 kW,-33.88556261,151.284044,Waverley Council,2026,Existing Destination Chargers,review,coordinate_candidate,0.5,True,1219.0,30.068968720966097,30.068968720966097,219.08372135740456,Peclet local snapshot (experimental),HC2174,Military Road North Bondi charger,"30 Military Road
North Bondi NSW 2026
Australia",EVX,,2.0,22 kW,,-33.8858,151.2842,nearest=30.069m; gap=219.084m; manual confirmation required
,,"32 Sydney St, Tarcutta, 2652",Evie,4,DC,350 kW,-35.2771512,147.7360881,Wagga Wagga City Council,2652,Existing Fast Chargers,accepted,address_exact_unique,0.97,False,1059.0,1.0900466941040943,1.0900466941040943,11844.165237720921,Peclet local snapshot (experimental),FC70,Ampol Tarcutta charger,"32 Sydney St, Tarcutta NSW 2652, Australia",Evie Networks,Tesla; Type 2,4.0,184 - 350 kW,Open 24/7,-35.27714453,147.7360793,
,,"320 Princes Hwy, Bomaderry, 2541",Chargefox,4,DC,47 kW,-34.84356861,150.5955365,Shoalhaven City Council,2541,Existing Fast Chargers,accepted,address_exact_unique,0.97,False,1012.0,69.61535136210954,69.61535136210954,3025.883167763643,Peclet local snapshot (experimental),DC874,Woolworths Bomaderry charger,"320 Princes Hwy, Bomaderry NSW 2541, Australia",Chargefox,Type 2,4.0,4 kW,Open 24/7,-34.84407372,150.5959872,
,,"322 Woodville Rd, Guildford NSW 2161",Evie,4,DC,50 kW,-33.8521028,150.9955836,Cumberland Council,2161,ARENA - Driving the Nation,accepted,coordinate_exact,1.0,False,1454.0,0.0,0.0,2031.944739384472,Peclet local snapshot (experimental),FC83,Red Rooster Guildford charger,"322 Woodville Road Guildford, NSW 2161, Australia",Evie Networks,Tesla; Type 2,4.0,50 kW,Open 24/7,-33.8521028,150.9955836,
,,"3241 Hume Hwy, Mount Adrah, 2729",Tesla,2,AC,22 kW,-35.19701206,147.821999,Cootamundra-gundagai Regional Council,2729,Existing Destination Chargers,accepted,address_exact_unique,0.97,False,195.0,1.9359810335990937,1.9359810335990937,11842.277584464384,Peclet local snapshot (experimental),DC897,Hillview Farmstay charger,"3241 Hume Hwy, Mount Adrah NSW 2729, Australia",Tesla Destination,Tesla,2.0,22 kW,,-35.197015,147.82202,
,,"328 Main Rd, Newcastle, 2285",BP,4,DC,150 kW,-32.93782987,151.6567367,Lake Macquarie City Council,2285,Existing Fast Chargers,review,coordinate_candidate,0.5,True,64.0,458.364001368443,458.364001368443,86.52638366892444,Peclet local snapshot (experimental),DC256,Aldi Cardiff charger,"49 Harrison St, Cardiff NSW 2285, Australia",Exploren,Type 2,1.0,22 kW,Open 24/7,-32.94095289,151.6599426,nearest=458.364m; gap=86.526m; manual confirmation required
,,"329 Tinja Ln, Eurunderee, 2850",Tesla,2,AC,22 kW,-32.53594099,149.5842162,Mid-Western Regional Council,2850,Existing Destination Chargers,review,coordinate_candidate,0.5,True,456.0,24.69353640328729,24.69353640328729,2716.0484254923103,Peclet local snapshot (experimental),DC167,The Zin House charger,"Tinja Ln, Eurunderee, Australia, NSW 2850",Tesla Destination,Type 2,2.0,22 kW,,-32.536034,149.583977,nearest=24.694m; gap=2716.048m; manual confirmation required
,,"329-339 Princes Hwy, Sydney, 2044",BP,2,DC,75 kW,-33.91611516,151.1728939,Inner West Council,2044,Existing Fast Chargers,accepted,coordinate_near_clear,0.9,False,1054.0,0.06536364324087852,0.06536364324087852,757.3130266933073,Peclet local snapshot (experimental),FC56,BP Sydenham charger,"339 Princes Hwy, St Peters NSW 2044, Australia",bp pulse,Type 2,2.0,75 kW,Open 24/7,-33.91611507,151.1728932,
,,"33 Cross St, Double Bay, 2028",Porsche Smart Mobility,2,AC,11 kW,-33.87601006,151.2432703,Woollahra Municipal Council,2028,Existing Destination Chargers,review,coordinate_candidate,0.5,True,1773.0,43.058534224605076,43.058534224605076,125.5029198665462,Peclet local snapshot (experimental),DC683,Intercontinental Sydney Double Bay charger,"20-26 Cross Street, Double Bay NSW 2028, Australia",,Tesla; Type 2,2.0,kW,Open 24/7,-33.876354,151.243056,nearest=43.059m; gap=125.503m; manual confirmation required
,,"33 Moate St, Newcastle, 2298",Chargefox,2,DC,60 kW,-32.90870375,151.7304655,Newcastle City Council,2298,Existing Fast Chargers,review,coordinate_candidate,0.5,True,1605.0,72.25813800080337,72.25813800080337,1361.3963537010554,Peclet local snapshot (experimental),HC2066,Moate St Georgetown charger,"31 Moate St
Georgetown NSW 2298
Australia",Chargefox,,2.0,60 kW,,-32.9088,151.7297,nearest=72.258m; gap=1361.396m; manual confirmation required
,,"33 Smith St, Newcastle, 2290",Exploren,1,AC,22 kW,-32.96547552,151.6961712,Lake Macquarie City Council,2290,Existing Destination Chargers,accepted,address_exact_unique,0.97,False,72.0,53.80785741012158,53.80785741012158,320.0004670308313,Peclet local snapshot (experimental),DC281,Smith St Charlestown charger,"33 Smith St, Charlestown NSW 2290, Australia",Exploren,Type 2,1.0,22 kW,Open 24/7,-32.96535213,151.6967289,
,,"33 Smith Street, Sydney, 2036",Exploren,1,AC,22 kW,-33.94856361,151.2253223,Bayside Council,2036,Existing Destination Chargers,accepted,address_exact_unique,0.97,False,1375.0,19.632967046356796,19.632967046356796,446.1121450744808,Peclet local snapshot (experimental),DC636,33 Smith St Parking charger,"33 Smith St, Hillsdale NSW 2036, Australia",Exploren,Type 2,1.0,22 kW,Open 24/7,-33.94864433,151.2255116,
,,"330 Pennant Hills Rd, Pennant Hills NSW 2120",Evie,2,DC,50 kW,-33.7366211,151.0743388,"Hornsby, The Council of the Shire of",2120,ARENA - Driving the Nation,accepted,coordinate_exact,1.0,False,1444.0,0.0,0.011119492794399348,312.17201733715143,Peclet local snapshot (experimental),FC25,Pennant Hills Toyota charger,"330 Pennant Hills Road, Pennant Hills, 2120",Chargefox,Type 2,2.0,50kW,,-33.736621,151.0743388,
,,"336 Oakey Creek Rd, Pokolbin, 2320",Tesla,2,AC,6 kW,-32.80881186,151.3064164,Cessnock City Council,2320,Existing Destination Chargers,accepted,address_exact_unique,0.97,False,53.0,1.4690137743914098,1.4690137743914098,1073.9173035988833,Peclet local snapshot (experimental),DC210,Voco Kirkton Park Hunter Valley charger,"336 Oakey Creek Rd, Pokolbin NSW 2320, Australia",Tesla Destination,Tesla,2.0,6 kW,Open 24/7,-32.808799,151.30642,
,,"338 King St, Sydney, 2020",Tesla,2,AC,22 kW,-33.92847552,151.1862683,Bayside Council,2020,Existing Destination Chargers,accepted,address_exact_unique,0.97,False,562.0,46.07874054664509,46.07874054664509,31.225679920279646,Peclet local snapshot (experimental),DC700,Park on King charger,"338 King St, Mascot NSW 2020, Australia",Tesla Destination,Tesla; Type 2,4.0,22 kW,4am - 11pm,-33.928466,151.185769,
,,"339 Warialda St, Moree, 2400",Tesla,1,AC,8 kW,-29.47530335,149.8456396,Moree Plains Shire Council,2400,Existing Destination Chargers,accepted,address_exact_unique,0.97,False,5.0,4.221440185777019,4.221440185777019,492.89125318533127,Peclet local snapshot (experimental),DC5,Baths Motel charger,"339 Warialda Street, Moree, New South Wales, Australia, NSW 2400","Tesla Destination, Everty",Tesla; Type 2,2.0,7 kW,,-29.475341,149.845634,
,,"34 Annie Pyers Dr, Gundagai , 2722",Tesla,12,DC,130 kW,-35.00212117,148.1098549,Cootamundra-gundagai Regional Council,2722,Existing Fast Chargers,review,coordinate_candidate,0.5,True,1484.0,12.422502274475413,12.422502274475413,32.83920183600368,Peclet local snapshot (experimental),FC227,Oliver's Gundagai (2) charger,"31 Annie Pyers Dr, Gundagai NSW 2722, Australia",Tesla Supercharge,Type 2; J-1772,12.0,120 kW,Open 24/7,-35.002013,148.109889,nearest=12.423m; gap=32.839m; manual confirmation required
,,"34 Echo Point Rd, Katoomba, 2780",Everty,2,AC,22 kW,-33.73081186,150.3122212,Blue Mountains City Council,2780,Existing Destination Chargers,review,coordinate_candidate,0.5,True,302.0,147.29946549870144,147.29946549870144,788.2783791985793,Peclet local snapshot (experimental),HC2199,Echo Point Rd Katoomba charger,"18 Echo Point Rd
Katoomba NSW 2780
Australia",Everty,,2.0,AC,,-33.7295,150.312,nearest=147.299m; gap=788.278m; manual confirmation required
,,"34 Isabel Dr, Murrumbateman, 2582",Tesla,2,AC,22 kW,-34.97784789,149.0079289,Yass Valley Council,2582,Existing Destination Chargers,accepted,address_exact_unique,0.97,False,1423.0,19.159058457876366,19.159058457876366,2202.3101594437753,Peclet local snapshot (experimental),DC905,Shaw Wines charger,"34 Isabel Dr, Murrumbateman NSW 2582, Australia",,Type 2,4.0,kW,,-34.97789315,149.0081318,
,,"34 Macpherson St, Sydney, 2024",Exploren,1,AC,22 kW,-33.90540245,151.257962,Waverley Council,2024,Existing Destination Chargers,review,coordinate_candidate,0.5,True,553.0,15.923692001192046,15.923692001192046,321.60436390699977,Peclet local snapshot (experimental),DC631,34 - 36 Macpherson St Parking charger,"34-36 Macpherson St, Bronte NSW 2024, Australia",Exploren,Type 2,1.0,22 kW,Open 24/7,-33.90526956,151.2580263,nearest=15.924m; gap=321.604m; manual confirmation required
,,"34 Morley Ave, Rosebery, 2018",EVX,2,AC,22 kW,-33.91598103,151.2031862,"Sydney, Council of the City of",2018,Existing Destination Chargers,accepted,address_exact_unique,0.97,False,970.0,6.969331056741668,6.969331056741668,325.37654735493317,Peclet local snapshot (experimental),DC646,34 Morley Ave Parking charger,"34 Morley Ave, Rosebery NSW 2018, Australia",EVX,Type 2,2.0,kW,Open 24/7,-33.91597935,151.2031107,
,,"342 Conadilly St, Gunnedah, 2380",Tesla,2,AC,17 kW,-30.98004809,150.2576597,Gunnedah Shire Council,2380,Existing Destination Chargers,accepted,address_exact_unique,0.97,False,860.0,0.06747903122919482,0.06747903122919482,670.3387801158775,Peclet local snapshot (experimental),DC61,Mackellar Motel charger,"342 Conadilly St, Gunnedah NSW 2380, Australia",Tesla Destination,Tesla,2.0,17 kW,,-30.980048,150.257659,
,,"342 Kanahooka Rd, Brownsville, NSW, 2530",Ampol,2,DC,125 kW,-34.4859664,150.8064594,Wollongong City Council,2530,ARENA - Driving the Nation,accepted,address_exact_unique,0.97,False,1446.0,23.803422792309537,23.803422792309537,1351.09357345603,Peclet local snapshot (experimental),FC36,Ampol Foodary Brownsville charger,"342 Kanahooka Rd, Brownsville NSW 2530, Australia",AmpCharge,Tesla; Type 2,2.0,150 kW,Open 24/7,-34.48575434,150.8064239,
,,"345 Dangarsleigh Rd, Armidale, 2350",Tesla,1,AC,6 kW,-30.55532537,151.6826547,Armidale Regional Council,2350,Existing Destination Chargers,accepted,address_exact_unique,0.97,False,1647.0,0.07864746472885843,0.07864746472885843,4488.359960763179,Peclet local snapshot (experimental),DC69,Petersons Armidale Winery & Guesthouse charger,"345 Dangarsleigh Road, Armidale Region, Australia, NSW 2350",Tesla Destination,Tesla,1.0,7 kW,,-30.555325,151.682654,
,,"345 Lawrence Hargrave Dr, Thirroul , NSW 2515",EVX,2,AC,22 kW,-34.31759264,150.9184815,Wollongong City Council,NSW 2515,Existing Destination Chargers,accepted,coordinate_near_clear,0.9,False,958.0,3.5527932140223983,3.5527932140223983,1920.5108541335308,Peclet local snapshot (experimental),DC588,4 Railway Parade Parking charger,"4 Railway Parade, Thirroul NSW 2515, Australia",EVX,Type 2,2.0,kW,Open 24/7,-34.31762446,150.918478,
,,"345 Victoria Ave, Chatswood NSW 2067",Engie,2,DC,150 kW,-33.7945647,151.18613,Willoughby City Council,2067,ARENA - Driving the Nation,review,ambiguous_exact_address,0.5,True,504.0,34.06361682984441,34.06361682984441,41.796624636728744,Peclet local snapshot (experimental),DC448,Chatswood Chase Sydney charger,"345 Victoria Ave, Chatswood NSW 2067, Australia",Chargefox,Type 2,2.0,22 kW,Shopping hours,-33.7942587,151.1861126,nearest=34.064m; gap=41.797m; manual confirmation required
,,"345 Victoria Ave, Sydney, 2067",Chargefox,2,AC,6 kW,-33.79456461,151.1861301,Willoughby City Council,2067,Existing Destination Chargers,review,ambiguous_exact_address,0.5,True,504.0,34.05405800904469,34.05405800904469,41.79268954147337,Peclet local snapshot (experimental),DC448,Chatswood Chase Sydney charger,"345 Victoria Ave, Chatswood NSW 2067, Australia",Chargefox,Type 2,2.0,22 kW,Shopping hours,-33.7942587,151.1861126,nearest=34.054m; gap=41.793m; manual confirmation required
,,"345 Victoria Ave, Sydney, 2067",Chargefox,2,DC,150 kW,-33.79304309,151.1865576,Willoughby City Council,2067,Existing Fast Chargers,review,ambiguous_exact_address,0.5,True,643.0,107.02923601804663,107.02923601804663,34.257086885320874,Peclet local snapshot (experimental),FC19,ENGIE - Chatswood Chase charger,"345 Victoria Avenue, Chatswood, 2067",Chargefox,Type 2,2.0,120kW,,-33.794005,151.1865994,nearest=107.029m; gap=34.257m; manual confirmation required
,,"3483 Jerrys Plains Rd, Jerrys Plains, 2330",Tesla,12,DC,130 kW,-32.44806211,150.8316627,Muswellbrook Shire Council,2330,Existing Fast Chargers,review,coordinate_candidate,0.5,True,1876.0,99.58231789235015,99.58231789235015,14925.818169276346,Peclet local snapshot (experimental),FC229,Hollydene Estate Wines charger,"3483 Golden Hwy, Jerrys Plains NSW 2330, Australia",Tesla Supercharge,Type 2; J-1772,12.0,120 kW,Open 24/7,-32.447359,150.83232,nearest=99.582m; gap=14925.818m; manual confirmation required
,,"35 Perry St, Mudgee, 2850",ChargeHub,4,AC,22 kW,-32.59411016,149.5859209,Mid-Western Regional Council,2850,Existing Destination Chargers,review,coordinate_candidate,0.5,True,241.0,52.190701894902425,52.190701894902425,306.96897457677574,Peclet local snapshot (experimental),FC138,Club Mudgee Car Park charger,"99 Mortimer St, Mudgee NSW 2850, Australia",NRMA,Tesla; Type 2,2.0,50 kW,Open 24/7,-32.59372361,149.5862369,nearest=52.191m; gap=306.969m; manual confirmation required
,,"3-5 Underwood Rd, Homebush NSW 2140",Engie,2,DC,150 kW,-33.8556219,151.0767955,Strathfield Municipal Council,2140,ARENA - Driving the Nation,review,ambiguous_exact_address,0.5,True,567.0,31.264558091443906,31.264558091443906,29.22216012378109,Peclet local snapshot (experimental),DC719,DFO Homebush (2) charger,"3-5 Underwood Rd, Homebush NSW 2140, Australia",Chargefox,Type 2,2.0,22 kW,Carpark opens 10am and closes 7pm.,-33.85585222,151.0769897,nearest=31.265m; gap=29.222m; manual confirmation required
,,"3-5 Underwood Rd, Sydney, 2140",Chargefox,2,AC,22 kW,-33.85562167,151.0767968,Strathfield Municipal Council,2140,Existing Destination Chargers,review,ambiguous_exact_address,0.5,True,567.0,31.216858206209672,31.216858206209672,29.175909907375825,Peclet local snapshot (experimental),DC719,DFO Homebush (2) charger,"3-5 Underwood Rd, Homebush NSW 2140, Australia",Chargefox,Type 2,2.0,22 kW,Carpark opens 10am and closes 7pm.,-33.85585222,151.0769897,nearest=31.217m; gap=29.176m; manual confirmation required
,,"35 Woodburn St, Evans Head, 2473",EVX,2,AC,22 kW,-29.11760465,153.4303974,Richmond Valley Council,2473,Existing Destination Chargers,review,coordinate_candidate,0.5,True,708.0,255.52976177256608,255.52976177256608,118.36113351369795,Peclet local snapshot (experimental),HC2451,Cedar St Evans Head charger,"24 Cedar St
Evans Head NSW 2473
Australia",Everty,,1.0,AC,,-29.1191,153.4284,nearest=255.530m; gap=118.361m; manual confirmation required
,,"350 Church St, Sydney, 2150",Tesla,4,AC,22 kW,-33.81027432,151.0055475,"Parramatta, Council of the City of",2150,Existing Destination Chargers,accepted,address_exact_unique,0.97,False,523.0,32.07567458785555,32.07567458785555,527.7401475395908,Peclet local snapshot (experimental),DC520,Novotel Sydney Parramatta charger,"350 Church St, Parramatta NSW 2150, Australia",,Type 2,4.0,kW,,-33.81019051,151.0052153,
,,"351 Oran Park Drive, Sydney, 2570",Exploren,20,AC,22 kW,-34.00046151,150.7405926,Camden Council,2570,Existing Destination Chargers,accepted,address_exact_unique,0.97,False,945.0,173.18630708961467,173.18630708961467,150.17181302709383,Peclet local snapshot (experimental),DC528,Oran Park Podium charger,"351 Oran Park Dr, Oran Park NSW 2570, Australia",,Type 2,9.0,kW,,-33.99891776,150.7403435,
,,"35-39 Lord St, Port Macquarie, 2444",Chargefox,4,AC,22 kW,-31.43441846,152.9171882,Port Macquarie-Hastings Council,2444,Existing Destination Chargers,accepted,coordinate_exact,1.0,False,29.0,0.0,0.07069235654372827,191.82029319832603,Peclet local snapshot (experimental),DC101,Lord St Car Park charger,"35-39 Lord St, Port Macquarie NSW 2444, Australia",Chargefox,Type 2,4.0,7 kW,,-31.43441783,152.9171883,
,,"36 Blue St, Sydney, 2060",Chargefox,3,AC,22 kW,-33.84031436,151.207023,"North Sydney, Council of the City of Council",2060,Existing Destination Chargers,accepted,address_exact_unique,0.97,False,967.0,62.66096893005302,62.66096893005302,149.9931004997198,Peclet local snapshot (experimental),DC638,Greenwood Plaza charger,"36 Blue St, North Sydney NSW 2060, Australia",Chargefox,Type 2,4.0,22 kW,"Monday - Wednesday: 6.00am - 1.00am Thursday - Saturday: 7.00am - 3.00am
Sunday: 7.00am - 12midnight Public Holidays: 10:00am - 12:00am",-33.840843,151.207258,
,,"36 Blue St, Sydney, 2060",Tesla,3,AC,22 kW,-33.84084389,151.2072583,"North Sydney, Council of the City of Council",2060,Existing Destination Chargers,accepted,address_exact_unique,0.97,False,967.0,0.10276895013191642,0.10276895013191642,248.4413070192117,Peclet local snapshot (experimental),DC638,Greenwood Plaza charger,"36 Blue St, North Sydney NSW 2060, Australia",Chargefox,Type 2,4.0,22 kW,"Monday - Wednesday: 6.00am - 1.00am Thursday - Saturday: 7.00am - 3.00am
Sunday: 7.00am - 12midnight Public Holidays: 10:00am - 12:00am",-33.840843,151.207258,
,,"36 College St, Sydney, 2010",Tesla,2,AC,6 kW,-33.87597502,151.2126787,"Sydney, Council of the City of",2010,Existing Destination Chargers,accepted,address_exact_unique,0.97,False,1373.0,0.06466165982557996,0.06466165982557996,168.90644749209025,Peclet local snapshot (experimental),DC626,Pullman Sydney Hyde Park charger,"36 College St, Sydney NSW 2010, Australia",Tesla Destination,Tesla,2.0,4 kW,,-33.875975,151.212678,
,,"361 Milperra Rd, Sydney, 2200",Chargefox,6,AC,22 kW,-33.92839244,150.9902803,Canterbury Bankstown Council,2200,Existing Destination Chargers,review,coordinate_candidate,0.5,True,1352.0,652.501262619688,652.501262619688,2135.228377147566,Peclet local snapshot (experimental),DC498,Industrie Clothing charger,"343 Milperra Rd, Bankstown NSW 2200",,Type 2,4.0,kW,mon - fri 9:30am - 6:00pm sat 9:00am - 6:00pm sun 9:00am - 6:00pm,-33.93004602,150.997066,nearest=652.501m; gap=2135.228m; manual confirmation required
,,"361A Bobbin Head Rd, Sydney, 2074",Exploren,2,AC,22 kW,-33.70250355,151.1487277,Ku-ring-gai Council,2074,Existing Destination Chargers,review,coordinate_candidate,0.5,True,106.0,3191.750082087888,3191.750082087888,31.884346018530323,Peclet local snapshot (experimental),DC436,St Ives Shopping Village charger,"Shop 135/166 Mona Vale Rd, St. Ives NSW 2075, Australia",Chargefox,Type 2,2.0,22 kW,6am to 8pm,-33.729999,151.158636,nearest=3191.750m; gap=31.884m; manual confirmation required
,,"368 Anzac Pde, Sydney, 2032",BP,2,DC,75 kW,-33.91983588,151.226974,Randwick City Council,2032,Existing Fast Chargers,review,coordinate_candidate,0.5,True,1611.0,123.63425504315137,123.63425504315137,85.52384178533677,Peclet local snapshot (experimental),HC2285,Barker St Kensington charger,"15 Barker St
Kensington NSW 2033
Australia",EVX,,2.0,22 kW,,-33.9193,151.2258,nearest=123.634m; gap=85.524m; manual confirmation required
,,"37 Nabiac St, Nabiac, 2312",NRMA,2,DC,50 kW,-32.09907112,152.3815746,Mid-Coast Council,2312,Existing Fast Chargers,accepted,coordinate_near_clear,0.9,False,1468.0,0.058071740254823645,0.058071740254823645,14023.580589274878,Peclet local snapshot (experimental),FC157,Nabiac Park charger,"35 Nabiac Street, Nabiac NSW 2312, Australia",NRMA,Tesla; Type 2,2.0,50 kW,Open 24/7,-32.099071,152.381574,
,,"37-39 Baird Ave, Sydney, 2036",Chargefox,2,AC,22 kW,-33.95798203,151.2301031,Randwick City Council,2036,Existing Destination Chargers,accepted,address_exact_unique,0.97,False,554.0,20.513971124039276,20.513971124039276,328.6137565392045,Peclet local snapshot (experimental),DC642,Baird Ave Carpark charger,"37-39 Baird Avenue, Matraville NSW 2036, Australia",Chargefox,Type 2,2.0,22 kW,Open 24/7,-33.9581141,151.2302584,
,,"37-39 O'Donnell St, Sydney, 2026",Exploren,1,AC,22 kW,-33.8841562,151.2819439,Waverley Council,2026,Existing Destination Chargers,accepted,address_exact_unique,0.97,False,1367.0,0.08600428721987659,0.08600428721987659,277.0083142855027,Peclet local snapshot (experimental),DC592,O'Donnell St. North Bondi Apartments charger,"37-39 O'Donnell St, North Bondi NSW 2026, Australia",Exploren,Type 2,1.0,22 kW,Open 24/7,-33.884156,151.281943,
,,"375-383 Windsor Rd, Sydney, 2153",Tesla,1,AC,22 kW,-33.75896601,150.9915866,The Hills Shire Council,2153,Existing Destination Chargers,review,coordinate_candidate,0.5,True,1335.0,74.52037901020454,74.52037901020454,1167.213419578029,Peclet local snapshot (experimental),DC418,Grove Square Baulkham Hills Mall (ex Stockland) charger,"375 Windsor Rd, Baulkham Hills NSW 2153, Australia","Tesla Destination, ChargePoint",Type 2; J-1772,3.0,6.6 - 22 kW,Available during shopping centre business hours,-33.75885419,150.9907918,nearest=74.520m; gap=1167.213m; manual confirmation required
,,"375-383 Windsor Rd, Sydney, 2153",Tesla,4,DC,250 kW,-33.75869074,150.9914705,The Hills Shire Council,2153,Existing Fast Chargers,review,coordinate_candidate,0.5,True,1335.0,65.3222663129709,65.3222663129709,1197.4434926276626,Peclet local snapshot (experimental),DC418,Grove Square Baulkham Hills Mall (ex Stockland) charger,"375 Windsor Rd, Baulkham Hills NSW 2153, Australia","Tesla Destination, ChargePoint",Type 2; J-1772,3.0,6.6 - 22 kW,Available during shopping centre business hours,-33.75885419,150.9907918,nearest=65.322m; gap=1197.443m; manual confirmation required
,,"38 Abbott Rd, Seven Hills NSW 2147",Ampol,2,DC,125 kW,-33.7668115,150.9549656,Blacktown City Council,2147,ARENA - Driving the Nation,accepted,address_exact_unique,0.97,False,1065.0,37.05788403292274,37.05788403292274,254.11309149417048,Peclet local snapshot (experimental),FC82,Ampol Woolworths MetroGo Seven Hills charger,"38 Abbott Rd, Seven Hills 2147, Australia",Evie Networks,Tesla; Type 2,12.0,184 - 350 kW,Open 24/7,-33.767133,150.95486,
,,"38 Flora St, Sydney, 2232",Chargefox,4,DC,47 kW,-34.03434039,151.0726517,Sutherland Shire Council,2232,Existing Fast Chargers,review,coordinate_candidate,0.5,True,160.0,84.40575381782891,84.40575381782891,40.74026574395566,Peclet local snapshot (experimental),DC741,Woolworths Kirrawee charger,"28-34 Flora St, Kirrawee NSW 2232, Australia",Chargefox,Type 2,4.0,22 kW,7am - 10pm (Woolworths trading hours),-34.034456,151.073557,nearest=84.406m; gap=40.740m; manual confirmation required
,,"38 Swift St, Holbrook, 2644",Tesla,9,DC,250 kW,-35.72254759,147.3175105,Greater Hume Shire Council,2644,Existing Fast Chargers,review,coordinate_candidate,0.5,True,696.0,22.19963849426027,22.19963849426027,531.330484671887,Peclet local snapshot (experimental),FC247,Holbrook charger,"66 Young St, Holbrook NSW 2644, Australia",Tesla Supercharge,Type 2,9.0,250 kW,Open 24/7,-35.72274451,147.317551,nearest=22.200m; gap=531.330m; manual confirmation required
,,"387 Lake Rd, Newcastle, 2285",Tesla,2,AC,22 kW,-32.93174479,151.6396707,Lake Macquarie City Council,2285,Existing Destination Chargers,review,ambiguous_exact_address,0.5,True,1309.0,607.3930286904084,607.3930286904084,5.698722531440239,Peclet local snapshot (experimental),DC301,Stockland Glendale - Beyond Bank charger,"387 Lake Road, Glendale NSW 2285, Australia",Chargefox,Type 2,2.0,7 kW,Open 24/7,-32.93576142,151.6440815,nearest=607.393m; gap=5.699m; manual confirmation required
,,"387 Lake Road, Newcastle, 2285",Chargefox,1,AC,6 kW,-32.9355556,151.6443664,Lake Macquarie City Council,2285,Existing Destination Chargers,review,ambiguous_exact_address,0.5,True,77.0,3.613363944822404,3.613363944822404,31.46790526888843,Peclet local snapshot (experimental),DC300,Stockland Glendale - Commonwealth Bank charger,"387 Lake Rd, Glendale NSW 2285, Australia",Tesla Destination,Type 2,1.0,22 kW,Open 24/7,-32.9355716,151.6444001,nearest=3.613m; gap=31.468m; manual confirmation required
,,"388 Edgecliff Rd, Sydney, 2025",Exploren,1,AC,22 kW,-33.88320925,151.2420531,Woollahra Municipal Council,2025,Existing Destination Chargers,accepted,address_exact_unique,0.97,False,971.0,20.753565180756606,20.753565180756606,422.76842665866866,Peclet local snapshot (experimental),DC650,388 Edgecliff Rd Parking charger,"388 Edgecliff Rd, Woollahra NSW 2025, Australia",Exploren,Type 2,1.0,22 kW,Open 24/7,-33.88313027,151.2422568,
,,"389 Pitt Street, Sydney, 2000",Exploren,2,AC,6 kW,-33.87696501,151.2074955,"Sydney, Council of the City of",2000,Existing Destination Chargers,accepted,address_exact_unique,0.97,False,989.0,27.74816621482863,27.74816621482863,187.48905417382122,Peclet local snapshot (experimental),DC731,World Square - Rydges charger,"389 Pitt St Sydney NSW 2000, Australia",Exploren,Type 2,2.0,7 kW,Open 24/7,-33.876811,151.207259,
,,"39 Clarence St, Tabulam, 2469",Exploren,2,AC,22 kW,-28.89041046,152.5665976,Kyogle Council,2469,Existing Destination Chargers,accepted,address_exact_unique,0.97,False,423.0,55.77409908913926,55.77409908913926,125.20160073018434,Peclet local snapshot (experimental),DC11,Tabulam Sports Ground charger,"39 Clarence St, Tabulam NSW 2469, Australia, Tabulam 2469",Exploren,Type 2,2.0,22 kW,Open 24/7,-28.890588,152.5671334,
,,"39 East Espl, Sydney, 2095",Gentari,1,AC,11 kW,-33.79983388,151.286,Northern Beaches Council,2095,Existing Destination Chargers,review,coordinate_candidate,0.5,True,172.0,285.30059841262727,285.30059841262727,8.475289430540158,Peclet local snapshot (experimental),DC805,25 Ashburner St Parking charger,"25 Ashburner St, Manly NSW 2095, Australia",Exploren,Type 2,1.0,22 kW,Open 24/7,-33.80053036,151.2889717,nearest=285.301m; gap=8.475m; manual confirmation required
,,"39 Seignior St, Junee, 2663",Tesla,2,AC,22 kW,-34.87101406,147.5825415,Junee Shire Council,2663,Existing Destination Chargers,accepted,coordinate_exact,1.0,False,205.0,0.0,0.046099778900451534,31967.788477663496,Peclet local snapshot (experimental),DC954,The Crossing Motel charger,"39 Seignior St, Junee, , Australia, NSW 2663",Tesla Destination,Tesla,2.0,22 kW,,-34.871014,147.582541,
,,"3A Cowell St, Sydney, 2111",Evie,2,DC,75 kW,-33.83281286,151.1277918,"Hunters Hill, The Council of the Municipality of",2111,Existing Fast Chargers,accepted,address_exact_unique,0.97,False,1578.0,12.875688956114876,12.875688956114876,2115.7135405540753,Peclet local snapshot (experimental),HC2134,Cowell St Gladesville charger,"3A Cowell St
Gladesville NSW 2111
Australia",Evie Networks,,2.0,75 kW,,-33.8329,151.1277,
,,"4 Defries Ave, Sydney, 2017",Tesla,3,AC,22 kW,-33.90483888,151.212997,"Sydney, Council of the City of",2017,Existing Destination Chargers,review,ambiguous_exact_address,0.5,True,574.0,61.98981847151035,61.98981847151035,13.147404495372271,Peclet local snapshot (experimental),DC752,East Village Shopping Centre (1) charger,"4 Defries Ave, Zetland NSW 2017, Australia",Chargefox,Type 2,2.0,22 kW,6:00 AM - 12:00 AM,-33.905378,151.212826,nearest=61.990m; gap=13.147m; manual confirmation required
,,"4 Defries Ave, Sydney, 2017",Ampol,6,DC,150 kW,-33.90556061,151.2126807,"Sydney, Council of the City of",2017,Existing Fast Chargers,review,ambiguous_exact_address,0.5,True,638.0,11.85816102166159,11.795793389338325,0.06236763232326581,Peclet local snapshot (experimental),FC5,NRMA - Sydney charger,"4 Defries Avenue, Zetland, 2017",Chargefox,Tesla; Type 2,4.0,50kW - 350kW,6:00 AM - 12:00 AM,-33.905521,151.2128,nearest=11.796m; gap=0.062m; manual confirmation required
,,"4 Finch Dr, Sydney, 2036",Chargefox,1,AC,22 kW,-33.93998603,151.2254314,Bayside Council,2036,Existing Destination Chargers,review,coordinate_candidate,0.5,True,1763.0,372.4750734621097,372.4750734621097,284.11814079110394,Peclet local snapshot (experimental),DC640,Orchid Apartments Meriton charger,"2 Finch Drive, U 613, Eastgardens NSW 2036, Australia",,Type 2,6.0,22 kW,Open 24/7,-33.943261,151.224583,nearest=372.475m; gap=284.118m; manual confirmation required
,,"4 Harris St, Newcastle, 2287",Chargefox,2,AC,22 kW,-32.90017122,151.6694595,Newcastle City Council,2287,Existing Destination Chargers,review,coordinate_candidate,0.5,True,1520.0,29.438604293995297,29.438604293995297,182.86599172952063,Peclet local snapshot (experimental),HC2215,Harris St Wallsend charger,"8 Harris St
Wallsend NSW 2287
Australia",Chargefox,,2.0,7 kW,,-32.9,151.6697,nearest=29.439m; gap=182.866m; manual confirmation required
,,"4 Pinaroo Place, Sydney, 2066",Exploren,1,AC,22 kW,-33.80568773,151.156033,Lane Cove Municipal Council,2066,Existing Destination Chargers,accepted,address_exact_unique,0.97,False,1794.0,0.08117229684605401,0.08117229684605401,87.72889043407514,Peclet local snapshot (experimental),DC795,4 Pinaroo Pl Parking charger,"4 Pinaroo Pl, Lane Cove North NSW 2066, Australia",Exploren,Type 2,1.0,22 kW,Open 24/7,-33.805687,151.156033,
,,"4 Tindall St, Sydney, 2560",Evie,4,DC,150 kW,-34.07206311,150.8051261,Campbelltown City Council,2560,Existing Fast Chargers,accepted,address_exact_unique,0.97,False,1853.0,2.2421575583819173,2.2421575583819173,126.79764048925436,Peclet local snapshot (experimental),FC108,Marketfair Campbelltown charger,"4 Tindall St, Campbelltown NSW 2560, Australia",Evie Networks,Tesla; Type 2,4.0,60 - 150 kW,Open 24/7,-34.07204458,150.8051165,
,,"40 Blackbutts Rd, Sydney, 2086",Exploren,1,AC,22 kW,-33.74183088,151.2137838,Northern Beaches Council,2086,Existing Destination Chargers,review,coordinate_candidate,0.5,True,1730.0,15.514579230663047,15.514579230663047,3.3020801538700173,Peclet local snapshot (experimental),DC477,The Performance Elements charger,"Blackbutts Rd, Frenchs Forest NSW 2086, Australia",Exploren,Type 2,1.0,22 kW,Open 24/7,-33.74178782,151.2139434,nearest=15.515m; gap=3.302m; manual confirmation required
,,"40 Gouldsbury St, Sydney, 2088",Evie,2,DC,75 kW,-33.82807512,151.2434454,Mosman Municipal Council,2088,Existing Fast Chargers,review,coordinate_candidate,0.5,True,1109.0,105.18841474963911,105.18841474963911,218.6478561463066,Peclet local snapshot (experimental),HC2547,Gouldsbury St Mosman charger,"Gouldsbury St
Mosman NSW 2088
Australia",Evie Networks,,2.0,75 kW,,-33.8277,151.2424,nearest=105.188m; gap=218.648m; manual confirmation required
,,"40 Jersey Rd, Sydney, 2770",Chargefox,2,DC,160 kW,-33.74376581,150.809028,Blacktown City Council,2770,Existing Fast Chargers,review,coordinate_candidate,0.5,True,368.0,2478.5938920625167,2478.5938920625167,435.127863019954,Peclet local snapshot (experimental),HC2431,Jersey Rd Plumpton charger,"260 Jersey Rd, Plumpton NSW 2761",Evie,,4.0,75 kW,,-33.746,150.8357,nearest=2478.594m; gap=435.128m; manual confirmation required
,,"40 Kingsway, Sydney, 2099",Tesla,1,AC,22 kW,-33.75031336,151.2863123,Northern Beaches Council,2099,Existing Destination Chargers,review,coordinate_candidate,0.5,True,511.0,22.562290351107087,22.562290351107087,10.028700832168724,Peclet local snapshot (experimental),DC468,PCYC Car Park (3) charger,"36 Kingsway, Dee Why NSW 2099, Australia",Tesla Destination,Tesla,1.0,22 kW,Mon - Sat 5:30AM - 12:30AM Sun & public holidays 6:30AM - 12:30AM,-33.750324,151.286556,nearest=22.562m; gap=10.029m; manual confirmation required
,,"40 Langlee Ave, Sydney, 2024",Saascharge,5,AC,22 kW,-33.89782187,151.2588849,Waverley Council,2024,Existing Destination Chargers,review,coordinate_candidate,0.5,True,1163.0,164.70350142131792,164.70350142131792,5.486657211285859,Peclet local snapshot (experimental),HC2177,Brown St Bronte charger,"54 Brown St
Bronte NSW 2024
Australia",EVX,,2.0,22 kW,,-33.8993,151.259,nearest=164.704m; gap=5.487m; manual confirmation required
,,"40 Oxley Street, Sydney, 2570",Exploren,2,AC,22 kW,-34.05424729,150.6946687,Camden Council,2570,Existing Destination Chargers,review,coordinate_candidate,0.5,True,113.0,28.577656047722108,28.577656047722108,4044.221637685989,Peclet local snapshot (experimental),DC485,Camden Council - Oxley Street Car Park charger,"40 - 46 Oxley St, Camden NSW 2570",Exploren,Type 2,2.0,22 kW,Open 24/7,-34.054103,150.694412,nearest=28.578m; gap=4044.222m; manual confirmation required
,,"40 Panmure St, Sydney, 2155",JOLT,2,DC,25 kW,-33.68328033,150.9165856,The Hills Shire Council,2155,Existing Fast Chargers,accepted,address_exact_unique,0.97,False,1480.0,3.4593663413820024,3.4593663413820024,388.37052554243024,Peclet local snapshot (experimental),FC214,Rouse Hill Village Centre charger,"40 Panmure St, Rouse Hill NSW 2155, Australia",JOLT,Tesla; Type 2,2.0,25 kW,6:00pm - 11:00pm,-33.68326776,150.9165514,
,,"40 Wharf Rd, Newcastle, 2300",Chargefox,8,AC,6 kW,-32.92472277,151.7883063,Newcastle City Council,2300,Existing Destination Chargers,review,coordinate_candidate,0.5,True,1095.0,123.35312733701939,123.35312733701939,474.39322005622114,Peclet local snapshot (experimental),HC2101,Wharf Rd Newcastle East charger,"58 Wharf Rd
Newcastle East NSW 2300
Australia",Chargefox,,8.0,7 kW,,-32.9241,151.7894,nearest=123.353m; gap=474.393m; manual confirmation required
,,"40 William St, Port Macquarie, 2444",Tesla,2,AC,6 kW,-31.43106011,152.9190691,Port Macquarie-Hastings Council,2444,Existing Destination Chargers,accepted,address_exact_unique,0.97,False,445.0,29.521894598967243,29.521894598967243,384.29149577644154,Peclet local snapshot (experimental),DC106,The Observatory Port Macquarie charger,"40 William St Port Macquarie NSW 2444, Australia",Tesla Destination,Tesla; Type 2,4.0,6 kW,Open 24/7,-31.431065,152.918758,
,,"400 Panorama Ave, Bathurst, 2795",Exploren,2,AC,20 kW,-33.44007412,149.562035,Bathurst Regional Council,2795,Existing Destination Chargers,accepted,address_exact_unique,0.97,False,115.0,46.59396381447543,46.59396381447543,1921.3713286375641,Peclet local snapshot (experimental),DC489,National Motor Racing Museum charger,"400 Panorama Ave, Mount Panorama NSW 2795, Australia",,Tesla; Type 2,2.0,7.6 kW,9am - 4:30pm,-33.439664,149.562138,
,,"401 Cabramatta Rd W, Cabramatta NSW 2166",Evie,4,DC,50 kW,-33.898778,150.919791,Fairfield City Council,2166,ARENA - Driving the Nation,accepted,coordinate_exact,1.0,False,226.0,0.0,0.0,94.07888757874943,Peclet local snapshot (experimental),FC79,Hungry Jack's Cabramatta charger,"401 Cabramatta Rd W, Cabramatta NSW 2166, Australia",Evie Networks,Tesla; Type 2,4.0,50 kW,Open 24/7,-33.898778,150.919791,
,,"403 Tarean Rd, Karuah, 2324",Chargefox,6,DC,185 kW,-32.6538509,151.9625806,Port Stephens Council,2324,Existing Fast Chargers,accepted,address_exact_unique,0.97,False,216.0,0.11962359865134124,0.11962359865134124,10754.20197213509,Peclet local snapshot (experimental),FC8,NRMA - Karuah charger,"403 Tarean Road, Karuah, 2324",Chargefox,Tesla; Type 2,4.0,50kW - 350kW,Open 24/7,-32.65385,151.9625799,
,,"405 Pacific Hwy, Sydney, 2064",Chargefox,2,DC,50 kW,-33.81391396,151.1777027,Willoughby City Council,2064,Existing Fast Chargers,review,coordinate_candidate,0.5,True,1407.0,313.191870001439,313.191870001439,181.42749619276657,Peclet local snapshot (experimental),DC786,CUPRA Garage Artarmon charger,"389 Pacific Hwy, Artarmon NSW 2064, Australia",,Type 2,2.0,kW,"Mon - Sat 8:30amâ€“5:30pm, Sunday Closed",-33.8164027,151.1792901,nearest=313.192m; gap=181.427m; manual confirmation required
,Hay Shire Council,"406 Moppett St
Hay NSW 2711
Australia",Exploren,4,AC,AC,-34.5089561,144.8428431,Hay Shire Council,2711,Destination Charging R1,review,ambiguous_exact_address,0.5,True,234.0,7.950071036669705,7.950071036669705,6.75833110778305,Peclet local snapshot (experimental),FC120,Moppett St Car Park charger,"406 Moppett St, Hay NSW 2711, Australia",NRMA,Tesla; Type 2,2.0,50 kW,Open 24/7,-34.508903,144.842785,nearest=7.950m; gap=6.758m; manual confirmation required
,,"41 Bruxner Hwy, Ballina, 2478",BP,2,DC,75 kW,-28.86161666,153.5169069,Ballina Shire Council,2478,Existing Fast Chargers,review,coordinate_candidate,0.5,True,1450.0,31.80672854967402,31.80672854967402,4352.134372230071,Peclet local snapshot (experimental),FC64,BP Ballina Travel Centre charger,"AUS AU, 41 Bruxner Wy, West Ballina NSW 2478, Australia",bp pulse,Type 2,2.0,75 kW,Open 24/7,-28.86186233,153.5167396,nearest=31.807m; gap=4352.134m; manual confirmation required
,,"41 Endeavour Ave, La Perouse, 2036",Chargefox,2,AC,22 kW,-33.98706911,151.2321672,Randwick City Council,2036,Existing Destination Chargers,accepted,coordinate_near_clear,0.9,False,1748.0,2.773548478356661,2.773548478356661,1614.1533160215388,Peclet local snapshot (experimental),DC572,Endeavour Ave Parking charger,"41-41A Endeavour Ave, La Perouse NSW 2036, Australia",Chargefox,Type 2,2.0,22 kW,Open 24/7,-33.98709372,151.2321721,
,,"41 Violet St, Katoomba, 2780",Exploren,4,AC,22 kW,-33.72801306,150.3007918,Blue Mountains City Council,2780,Existing Destination Chargers,review,coordinate_candidate,0.5,True,908.0,21.911977147092465,21.911977147092465,136.50786922630132,Peclet local snapshot (experimental),DC338,Scenic World charger,"Corner Violet Street & Cliff Drive Katoomba New South Wales 2780, Australia",Tesla Destination,Tesla; Type 2,3.0,22 kW,Closes 5:30PM,-33.727851,150.300657,nearest=21.912m; gap=136.508m; manual confirmation required
,,"41 Yambo St, Morisset, 2264",Exploren,1,AC,22 kW,-33.10739544,151.487048,Lake Macquarie City Council,2264,Existing Destination Chargers,accepted,address_exact_unique,0.97,False,1696.0,0.8877081900904893,0.8877081900904893,87.48414361588802,Peclet local snapshot (experimental),DC290,"41 Station Street, Morisset charger","41 Yambo St, Morisset NSW 2264, Australia",,Type 2,1.0,kW,,-33.10738751,151.4870469,
,,"41 Yobarnie Ave, Richmond, 2754",Exploren,2,DC,180 kW,-33.58328633,150.7009239,Hawkesbury City Council,2754,Existing Fast Chargers,review,coordinate_candidate,0.5,True,87.0,6256.148929938278,6256.148929938278,4030.300363819396,Peclet local snapshot (experimental),DC329,Spicers Sangoma Retreat charger,"70 Grandview Ln, Bowen Mountain NSW 2753, Australia",,Type 2,1.0,11 kW,,-33.582561,150.633394,nearest=6256.149m; gap=4030.300m; manual confirmation required
,,"4-10 Hillcrest Rd, Sydney, 2120",Exploren,2,AC,11 kW,-33.73726031,151.071037,"Hornsby, The Council of the Shire of",2120,Existing Destination Chargers,accepted,address_exact_unique,0.97,False,495.0,1.6091106609521086,1.6091106609521086,311.87262817771773,Peclet local snapshot (experimental),DC410,Pennant Hills Market Place charger,"4-10 Hillcrest Rd, Pennant Hills NSW 2120, Australia",Exploren,Type 2,2.0,18 kW,"Mon - Fri 0830 - 1800, Sat 0830 - 1230",-33.737266,151.071053,
,,"41-47 Shepherds Dr, Sydney, 2126",Tesla,2,AC,22 kW,-33.72114519,151.0444505,"Hornsby, The Council of the Shire of",2126,Existing Destination Chargers,accepted,address_exact_unique,0.97,False,487.0,20.704674465457686,20.704674465457686,3023.2256618738547,Peclet local snapshot (experimental),DC356,Cherrybrook Village charger,"41-47 Shepherds Dr, Cherrybrook NSW 2126, Australia",Chargefox,Tesla; Type 2,4.0,22 kW,Open 24/7,-33.720959,151.044448,
,,"417 Hinterland Way, Knockrow, 2479",ChargePoint,2,AC,3 kW,-28.74979684,153.5343183,Ballina Shire Council,2479,Existing Destination Chargers,accepted,coordinate_near_clear,0.9,False,857.0,0.09787546099156717,0.09787546099156717,48.59381756180494,Peclet local snapshot (experimental),DC48,Byron Bay Wildlife Sanctuary (2) charger,"1699 Pacific Highway Knockrow New South Wales 2479, Australia",ChargePoint,J-1772,2.0,kW,Open 24/7,-28.749796,153.534318,
,,"417-439 Bunnerong Rd, Sydney, 2035",Chargefox,8,DC,25 kW,-33.95139644,151.232049,Randwick City Council,2035,Existing Fast Chargers,review,coordinate_candidate,0.5,True,1048.0,43.77011379910171,43.77011379910171,543.1690024825626,Peclet local snapshot (experimental),FC17,The Heffron Centre charger,"439 Bunnerong Road, Maroubra, 2035",Chargefox,Tesla; Type 2,8.0,25kW,Open 24/7,-33.951003,151.2320639,nearest=43.770m; gap=543.169m; manual confirmation required
,,"419 Captains Flat Rd, Carwoola, 2620",Tesla,1,AC,3 kW,-35.35577982,149.3044424,Queanbeyan-Palerang Regional Council,2620,Existing Destination Chargers,review,coordinate_candidate,0.5,True,292.0,5435.1688824788735,5435.1688824788735,286.34702183389163,Peclet local snapshot (experimental),HC2621,Bungendore Rd Queanbeyan charger,"3 Bungendore Rd, Queanbeyan NSW 2620",Evie,,4.0,75 kW,,-35.3474,149.2454,nearest=5435.169m; gap=286.347m; manual confirmation required
,,"42 Camden Rd, Sydney, 2560",Chargefox,4,DC,200 kW,-34.07161666,150.8059289,Campbelltown City Council,2560,Existing Fast Chargers,review,coordinate_candidate,0.5,True,1050.0,42.88096946982538,42.88096946982538,45.79402884194567,Peclet local snapshot (experimental),FC28,Genesis Health Care charger,"38 Camden Road, Campbelltown, 2560",Chargefox,Tesla; Type 2,4.0,100kW,Open 24/7,-34.071284,150.8061644,nearest=42.881m; gap=45.794m; manual confirmation required
,,"42 Cloete St, Young, 2594",Chargefox,4,AC,22 kW,-34.31460365,148.2962713,Hilltops Council,2594,Existing Destination Chargers,review,coordinate_candidate,0.5,True,776.0,35.00840301253066,35.00840301253066,62.023068339538746,Peclet local snapshot (experimental),HC2444,Cloete St Young charger,"46 Cloete St
Young NSW 2594
Australia",Chargefox,,4.0,AC,,-34.3149,148.2964,nearest=35.008m; gap=62.023m; manual confirmation required
,,"42 Lake Canobolas Rd, Nashdale, 2800",Exploren,1,AC,22 kW,-33.29907712,149.0193874,Cabonne Council,2800,Existing Destination Chargers,accepted,address_exact_unique,0.97,False,1915.0,2.8007049115681504,2.8007049115681504,538.774735230605,Peclet local snapshot (experimental),HC2067,Lake Canobolas Rd Nashdale charger,"42 Lake Canobolas Rd
Nashdale NSW 2800
Australia",Non-networked,,2.0,AC,,-33.2991,149.0194,
,,"42 Malakoff St, Sydney, 2204",Exploren,2,AC,22 kW,-33.90799604,151.1567167,Inner West Council,2204,Existing Destination Chargers,review,coordinate_candidate,0.5,True,1160.0,13.158233297910806,13.158233297910806,705.93609845309,Peclet local snapshot (experimental),HC2116,Malakoff St Marrickville charger,"40 Malakoff St
Marrickville NSW 2204
Australia",EVE Australia,,2.0,22 kW,,-33.9079,151.1568,nearest=13.158m; gap=705.936m; manual confirmation required
,,"427 McDonalds Rd, Pokolbin, 2320",Tesla,2,AC,22 kW,-32.77564769,151.2999429,Cessnock City Council,2320,Existing Destination Chargers,review,coordinate_candidate,0.5,True,473.0,53.986572714504206,53.986572714504206,238.07121767331117,Peclet local snapshot (experimental),DC260,Brokenwood Wines charger,"401-427 McDonalds Road, Pokolbin, , Australia, NSW 2320",Tesla Destination,Tesla,2.0,22 kW,,-32.775801,151.299395,nearest=53.987m; gap=238.071m; manual confirmation required
,,"43 Station St, Newcastle, 2293",Chargefox,2,AC,22 kW,-32.92302207,151.7572342,Newcastle City Council,2293,Existing Destination Chargers,accepted,coordinate_near_clear,0.9,False,351.0,4.026434996964544,4.026434996964544,346.71351198893325,Peclet local snapshot (experimental),HC2088,Station St Wickham charger,"44 Station St
Wickham NSW 2293
Australia",Chargefox,,2.0,22 kW,,-32.923,151.7572,
,,"430 Marion St, Sydney, 2200",Chargefox,4,AC,22 kW,-33.91510615,150.9937177,Canterbury Bankstown Council,2200,Existing Destination Chargers,review,coordinate_candidate,0.5,True,1352.0,1689.7209343574136,1689.7209343574136,1754.4649462047846,Peclet local snapshot (experimental),DC498,Industrie Clothing charger,"343 Milperra Rd, Bankstown NSW 2200",,Type 2,4.0,kW,mon - fri 9:30am - 6:00pm sat 9:00am - 6:00pm sun 9:00am - 6:00pm,-33.93004602,150.997066,nearest=1689.721m; gap=1754.465m; manual confirmation required
,,"430 Wine Country Drive, Lovedale, 2325",Exploren,5,AC,22 kW,-32.78157562,151.3490951,Cessnock City Council,2325,Existing Destination Chargers,review,ambiguous_exact_address,0.5,True,901.0,0.0695718187005395,0.0695718187005395,69.10616069073866,Peclet local snapshot (experimental),DC298,Crowne Plaza Hunter Valley charger,"430 Wine Country Dr, Lovedale NSW 2325, Austr, Lovedale 2325",Exploren,Type 2,3.0,7 kW,Open 24/7,-32.781575,151.349095,nearest=0.070m; gap=69.106m; manual confirmation required
,,"433 Ulan Rd, Buckaroo, 2850",Tesla,1,AC,22 kW,-32.56309714,149.6203163,Mid-Western Regional Council,2850,Existing Destination Chargers,accepted,coordinate_exact,1.0,False,1676.0,0.0,0.0321366717545552,483.72478273002963,Peclet local snapshot (experimental),DC183,Blue Wren Wines charger,"433 Ulan Rd, Eurunderee NSW 2850, Australia",Tesla Destination,Tesla,1.0,22 kW,,-32.563097,149.620316,
,,"44 Bangalow Rd, Ballina, 2478",Chargefox,4,DC,120 kW,-28.85743948,153.5614054,Ballina Shire Council,2478,Existing Fast Chargers,accepted,address_exact_unique,0.97,False,636.0,33.61360977959987,33.61360977959987,728.7369124477061,Peclet local snapshot (experimental),FC3,NRMA - Ballina charger,"44 Bangalow Road, Ballina, 2478",Chargefox,Tesla; Type 2,4.0,50kW - 350kW,Open 24/7,-28.85761,153.5616904,
,,"44 Broadarrow Rd, Sydney, 2209",JOLT,2,DC,25 kW,-33.94841746,151.0710831,Georges River Council,2209,Existing Fast Chargers,accepted,coordinate_near_clear,0.9,False,681.0,1.625705834130882,1.625705834130882,286.23154729026373,Peclet local snapshot (experimental),FC178,Broadarrow Rd Parking charger,"42 Broad Arrow Rd, Narwee NSW 2209, Australia",JOLT,Tesla; Type 2,2.0,25 kW,Open 24/7,-33.948425,151.071068,
,,"44 Cherry St, Ballina, 2478",EVX,2,AC,22 kW,-28.868951,153.5622252,Ballina Shire Council,2478,Existing Destination Chargers,review,coordinate_candidate,0.5,True,27.0,340.88795012003305,340.88795012003305,423.8923156249063,Peclet local snapshot (experimental),DC91,Ballina Travellers Lodge charger,"36-38 Tamar St, Ballina NSW 2478, Australia",,Type 2,1.0,11 kW,"Open 7 days, 8am to 7pm",-28.871201,153.564603,nearest=340.888m; gap=423.892m; manual confirmation required
,,"44 Mileham Ave, Sydney, 2153",Exploren,2,AC,6 kW,-33.74476881,150.9915385,The Hills Shire Council,2153,Existing Destination Chargers,accepted,address_exact_unique,0.97,False,912.0,6.432917964651912,6.432917964651912,1561.3105736771467,Peclet local snapshot (experimental),DC352,Waves Fitness & Aquatic Centre charger,"44 Mileham Ave, Baulkham Hills NSW 2153, Australia",Exploren,Type 2,2.0,7 kW,Open 24/7,-33.744826,150.991528,
,,"44 Molesworth St, Lismore, 2480",Chargefox,2,DC,75 kW,-28.80654859,153.2786376,Lismore City Council,2480,Existing Fast Chargers,accepted,address_exact_unique,0.97,False,1441.0,0.09463532715073557,0.09463532715073557,215.6524914199682,Peclet local snapshot (experimental),FC16,Lismore City Council charger,"44 Molesworth Street, Lismore, 2480",Chargefox,Tesla; Type 2,2.0,75kW,Open 24/7,-28.806548,153.2786369,
,,"44 Station St
Wickham NSW 2293
Australia",Chargefox,2,AC,22 kW,-32.9230228,151.7572335,Newcastle City Council,2293,Kerbside Charging R1,accepted,address_exact_unique,0.97,False,351.0,4.02545887742047,4.02545887742047,346.61576978669234,Peclet local snapshot (experimental),HC2088,Station St Wickham charger,"44 Station St
Wickham NSW 2293
Australia",Chargefox,,2.0,22 kW,,-32.923,151.7572,
,,"446 Dean St, Albury, 2640",Exploren,4,AC,22 kW,-36.08063568,146.9216096,Albury City Council,2640,Existing Destination Chargers,accepted,coordinate_near_clear,0.9,False,1831.0,0.10344518635906005,0.10344518635906005,300.01369798327164,Peclet local snapshot (experimental),DC988,520 David St Car Park charger,"520 David St, Albury NSW 2640, Australia",Exploren,Type 2,5.0,22 kW,Open 24/7,-36.0806351,146.9216087,
,,"44-60 Allison Cres, Sydney, 2234",Exploren,2,AC,22 kW,-34.01364569,151.0171041,Sutherland Shire Council,2234,Existing Destination Chargers,accepted,address_exact_unique,0.97,False,117.0,9.165323868183188,9.165323868183188,4341.680400084939,Peclet local snapshot (experimental),DC504,Club Central Menai charger,"44-60 Allison Cres, Menai NSW 2234, Australia",Exploren,Type 2,2.0,22 kW,,-34.013576,151.017051,
,,"45 Riverbank Dr, Sydney, 2769",Chargefox,1,AC,6 kW,-33.70588893,150.9104284,Blacktown City Council,2769,Existing Destination Chargers,accepted,address_exact_unique,0.97,False,917.0,2.5015457928379683,2.5015457928379683,486.6644096414795,Peclet local snapshot (experimental),DC395,The Ponds Shopping Centre charger,"45 Riverbank Dr, The Ponds NSW 2769, Australia",Chargefox,Type 2,1.0,7 kW,,-33.70589124,150.9104015,
,,"45 Syncarpia Cres, Central Coast, 2250",Exploren,1,AC,22 kW,-33.3942563,151.3283504,Central Coast Council,2250,Existing Destination Chargers,review,coordinate_candidate,0.5,True,1702.0,123.57490965413935,123.57490965413935,7.07119905167535,Peclet local snapshot (experimental),DC317,Narara Ecovillage charger,"30 Gugandi Rd, Narara NSW 2250",,Type 2; J-1772,2.0,kW,,-33.393315,151.329058,nearest=123.575m; gap=7.071m; manual confirmation required
,,"455 George St, Sydney, 2000",Tesla,2,AC,22 kW,-33.8712573,151.2063043,"Sydney, Council of the City of",2000,Existing Destination Chargers,accepted,coordinate_exact,1.0,False,979.0,0.0,0.04335812805951065,176.9607130127065,Peclet local snapshot (experimental),DC686,Queen Victoria Building - Valet Parking charger,"111 York Street, Sydney NSW 2000",Tesla Destination,Tesla,2.0,22 kW,Mon-Thu: 6am-1am Fri: 6am-2am Sat: 7am-2am Sun & Public Holidays: 8am-1am,-33.871257,151.206304,
,,"455 George St, Sydney, 2000",Exploren,2,DC,60 kW,-33.87152357,151.2067017,"Sydney, Council of the City of",2000,Existing Fast Chargers,review,coordinate_candidate,0.5,True,979.0,47.18858620607538,47.18858620607538,84.22410316738657,Peclet local snapshot (experimental),DC686,Queen Victoria Building - Valet Parking charger,"111 York Street, Sydney NSW 2000",Tesla Destination,Tesla,2.0,22 kW,Mon-Thu: 6am-1am Fri: 6am-2am Sat: 7am-2am Sun & Public Holidays: 8am-1am,-33.871257,151.206304,nearest=47.189m; gap=84.224m; manual confirmation required
,,"46 Dutruc Street, Sydney, 2031",Exploren,1,AC,22 kW,-33.91201606,151.245013,Randwick City Council,2031,Existing Destination Chargers,accepted,address_exact_unique,0.97,False,962.0,19.589996523334957,19.589996523334957,170.07831366397974,Peclet local snapshot (experimental),DC614,46 Dutruc St Parking charger,"46 Dutruc St, Randwick NSW 2031, Australia",Exploren,Type 2,1.0,22 kW,Open 24/7,-33.91205692,151.2452195,
,,"46 Hercules St, Sydney, 2067",EV Meter,1,AC,11 kW,-33.79563568,151.1881121,Willoughby City Council,2067,Existing Destination Chargers,accepted,address_exact_unique,0.97,False,1336.0,32.045059942376845,32.045059942376845,51.581219226952975,Peclet local snapshot (experimental),DC419,The Mix Chatswood Car Park charger,"46 Hercules Street, Chatswood NSW 2067, Australia",,Type 2,2.0,11 kW,,-33.795704,151.188449,
,,"4-6 New St, Lawson NSW 2783",Evie,4,DC,50 kW,-33.720695,150.429727,Blue Mountains City Council,2783,ARENA - Driving the Nation,accepted,coordinate_exact,1.0,False,1061.0,0.0,0.0,2069.6920095331025,Peclet local snapshot (experimental),FC73,Lawson Car Park charger,"4-6 New St, Lawson NSW 2783, Australia",Evie Networks,Tesla; Type 2,4.0,50 kW,Open 24/7,-33.720695,150.429727,
,,"4-6 Niangala Cl, Belrose NSW 2085",Evie,4,DC,50 kW,-33.703313,151.213158,Northern Beaches Council,2085,ARENA - Driving the Nation,accepted,coordinate_exact,1.0,False,1064.0,0.0,0.0,1858.0966671545873,Peclet local snapshot (experimental),FC78,HomeCo Belrose charger,"4-6 Niangala Close, Belrose NSW 2085, Australia",Evie Networks,Tesla; Type 2,4.0,50 kW,"Mon - Wed, Fri - Sat 7am - 6pm; Thu 7am - 9pm; Sun 8am- 7pm",-33.703313,151.213158,
,,"46 Peach Tree Rd, Megalong Valley, 2785",Chargefox,1,AC,22 kW,-33.69111616,150.2486817,Blue Mountains City Council,2785,Existing Destination Chargers,accepted,address_exact_unique,0.97,False,488.0,0.06716233203499652,0.06716233203499652,667.3928147349559,Peclet local snapshot (experimental),DC380,Peach Tree Rd Megalong Valley charger,"46 Peach Tree Road, Megalong Valley 2785",Chargefox,Type 2,1.0,22 kW,,-33.691116,150.248681,
,,"46 Providence Rd, Providence Portal, 2629",Tesla,5,AC,5 kW,-35.94206611,148.6272122,Snowy Monaro Regional Council,2629,Existing Destination Chargers,accepted,address_exact_unique,0.97,False,1814.0,24.13970142027009,24.13970142027009,48161.892049244205,Peclet local snapshot (experimental),DC892,Providence Park charger,"46 Providence Rd, Providence Portal NSW 2629, Australia",,Type 2,4.0,kW,Open 24/7,-35.94224562,148.627363,
,,"461 Victoria Rd, Sydney, 2111",Exploren,2,DC,120 kW,-33.8208589,151.121011,"Ryde, Council of the City of",2111,Existing Fast Chargers,review,coordinate_candidate,0.5,True,1578.0,1474.6019606263224,1474.6019606263224,155.6408619254894,Peclet local snapshot (experimental),HC2134,Cowell St Gladesville charger,"3A Cowell St
Gladesville NSW 2111
Australia",Evie Networks,,2.0,75 kW,,-33.8329,151.1277,nearest=1474.602m; gap=155.641m; manual confirmation required
,,"462 Chapel Rd N, Sydney, 2200",Tesla,2,AC,22 kW,-33.9132593,151.0334715,Canterbury Bankstown Council,2200,Existing Destination Chargers,review,coordinate_candidate,0.5,True,1380.0,329.2174765951128,329.2174765951128,1774.6286802934403,Peclet local snapshot (experimental),DC668,Canterbury Bankstown Council charger,"Civic Tower, 1/66-72 Rickard Road, Bankstown NSW 2200, Australia",Exploren,Type 2,4.0,7 kW,Open 24/7,-33.9150671,151.0362969,nearest=329.217m; gap=1774.629m; manual confirmation required
,,"4655 Jenolan Caves Road, Jenolan, 2790",Tesla,2,AC,19 kW,-33.82146351,150.0216787,Oberon Council,2790,Existing Destination Chargers,review,coordinate_candidate,0.5,True,112.0,140.8034970318229,140.8034970318229,13960.729397432673,Peclet local snapshot (experimental),DC482,Jenolan Caves House charger,"4654 Jenolan Caves Road, Jenolanâ€Ž NSWâ€Ž 2790, Australia",Tesla Destination,Tesla,2.0,4 kW,Restricted access. No access after 4:30pm.,-33.820233,150.021319,nearest=140.803m; gap=13960.729m; manual confirmation required
,,"47 Airport Rd, Albion Park Rail, 2527",ChargeHub,1,AC,22 kW,-34.56110015,150.79104,Shellharbour City Council,2527,Existing Destination Chargers,review,coordinate_candidate,0.5,True,837.0,1226.2409545262583,1226.2409545262583,1065.875841706685,Peclet local snapshot (experimental),HC2430,Princes Hwy Albion Park Rail charger,"13-17 Princes Hwy, Albion Park Rail NSW 2527",Evie,,2.0,50 kW,,-34.5504,150.7878,nearest=1226.241m; gap=1065.876m; manual confirmation required
,,"472 Pacific Hwy, Sydney, 2066",JOLT,2,DC,25 kW,-33.80837842,151.1785636,Lane Cove Municipal Council,2066,Existing Fast Chargers,review,coordinate_candidate,0.5,True,762.0,329.8855130732901,329.8855130732901,48.582949785844335,Peclet local snapshot (experimental),HC2205,Mowbray Rd Lane Cove North charger,"396 Mowbray Rd
Lane Cove North NSW 2066
Australia",PLUS ES,,1.0,22 kW,,-33.8065,151.1758,nearest=329.886m; gap=48.583m; manual confirmation required
,,"47-49A Cleary St, Newcastle, 2303",Chargefox,2,DC,60 kW,-32.92120425,151.747975,Newcastle City Council,2303,Existing Fast Chargers,accepted,address_exact_unique,0.97,False,1192.0,2.380850499186789,2.380850499186789,687.3104381873709,Peclet local snapshot (experimental),HC2191,47-49A Cleary St Hamilton charger,"47-49A Cleary St
Hamilton NSW 2303
Australia",Chargefox,,2.0,60 kW,,-32.9212,151.748,
,,"481 Princes Hwy, Sydney, 2232",Ampol,2,DC,150 kW,-34.02936741,151.0807237,Sutherland Shire Council,2232,Existing Fast Chargers,review,coordinate_candidate,0.5,True,1089.0,802.9196988846337,802.9196988846337,66.73700985347489,Peclet local snapshot (experimental),FC233,South Village charger,"580 Princes Highway, Kirrawee, NSW, Australia, 2232",Tesla Supercharge,Type 2,6.0,250 kW,6am - midnight,-34.033791,151.073837,nearest=802.920m; gap=66.737m; manual confirmation required
,,"487 Sydney Rd, Sydney, 2093",BP,2,DC,75 kW,-33.7953594,151.255969,Northern Beaches Council,2093,Existing Fast Chargers,review,coordinate_candidate,0.5,True,653.0,19.60181993167885,19.60181993167885,772.2096330160081,Peclet local snapshot (experimental),FC54,BP Balgowlah charger,"485 Sydney Rd, Balgowlah NSW 2093, Australia",bp pulse,Type 2,2.0,75 kW,Open 24/7,-33.79550801,151.2558549,nearest=19.602m; gap=772.210m; manual confirmation required
,,"49 Harrison St, Newcastle, 2285",Exploren,1,AC,22 kW,-32.94098803,151.6599069,Lake Macquarie City Council,2285,Existing Destination Chargers,accepted,address_exact_unique,0.97,False,64.0,5.1348156596253585,5.1348156596253585,279.09755208566264,Peclet local snapshot (experimental),DC256,Aldi Cardiff charger,"49 Harrison St, Cardiff NSW 2285, Australia",Exploren,Type 2,1.0,22 kW,Open 24/7,-32.94095289,151.6599426,
,,"49 Macquarie Rd, Newcastle, 2285",ChargeHub,4,AC,22 kW,-32.94269074,151.6574705,Lake Macquarie City Council,2285,Existing Destination Chargers,accepted,address_exact_unique,0.97,False,65.0,13.850991071352851,13.850991071352851,10.37442504880564,Peclet local snapshot (experimental),DC257,Cardiff Executive Apartments charger,"49 Macquarie Rd, Cardiff NSW 2285, Australia",,Type 2,3.0,kW,"Business hours, or for guests",-32.9426741,151.6576176,
,,"49 Nile St, Orange, 2800",Tesla,2,AC,22 kW,-33.28196501,149.1125716,Orange City Council,2800,Existing Destination Chargers,accepted,address_exact_unique,0.97,False,464.0,0.05578513245104703,0.05578513245104703,853.0167422418377,Peclet local snapshot (experimental),DC222,Nile Street Cafe charger,"49 Nile St, Orange NSW 2800, Australia",Tesla Destination,Tesla,1.0,7 kW,,-33.281965,149.112571,
,,"49 Tower Rd, Sydney, 2200",Chargefox,6,AC,22 kW,-33.92263868,150.982025,Canterbury Bankstown Council,2200,Existing Destination Chargers,review,coordinate_candidate,0.5,True,1352.0,1613.7750942107073,1613.7750942107073,1870.3103011769745,Peclet local snapshot (experimental),DC498,Industrie Clothing charger,"343 Milperra Rd, Bankstown NSW 2200",,Type 2,4.0,kW,mon - fri 9:30am - 6:00pm sat 9:00am - 6:00pm sun 9:00am - 6:00pm,-33.93004602,150.997066,nearest=1613.775m; gap=1870.310m; manual confirmation required
,,"490 Macleay Valley Way, South Kempsey, 2440",Exploren,2,AC,22 kW,-31.11738843,152.8269229,Kempsey Shire Council,2440,Existing Destination Chargers,accepted,address_exact_unique,0.97,False,1650.0,6.423491268309081,6.423491268309081,2422.183699516517,Peclet local snapshot (experimental),DC80,Slim Dusty Museum charger,"490 Macleay Valley Way, South Kempsey NSW 244, South Kempsey 2440",Exploren,Type 2,2.0,22 kW,Tuesday - Saturday 10:00 - 16:00 Sunday 10:00 - 14:00,-31.11744344,152.8269435,
,,"4968 Mitchell Hwy, Orange, 2800",Tesla,2,AC,17 kW,-33.31640045,149.1466146,Orange City Council,2800,Existing Destination Chargers,accepted,address_exact_unique,0.97,False,1282.0,0.07491370091880399,0.07491370091880399,3687.9473716314583,Peclet local snapshot (experimental),DC154,Highland Heritage Estate charger,"4968 Mitchell Hwy, Orange NSW 2800, Australia",Tesla Destination,Tesla,2.0,17 kW,,-33.3164,149.146614,
,,"5 Beames Ave, Sydney, 2766",Chargefox,2,AC,22 kW,-33.77242047,150.8435886,Blacktown City Council,2766,Existing Destination Chargers,accepted,address_exact_unique,0.97,False,923.0,6.155638567616886,6.155638567616886,186.69408010889086,Peclet local snapshot (experimental),DC427,Teachers Mutual Bank Rooty Hill charger,"5 Beames Ave, Rooty Hill NSW 2766, Australia",Chargefox,Type 2,2.0,22 kW,,-33.77247582,150.8435874,
,,"5 Bishop St, Sydney, 2106",EVX,2,AC,6 kW,-33.65727432,151.3155646,Northern Beaches Council,2106,Existing Destination Chargers,review,coordinate_candidate,0.5,True,724.0,25.846813838638912,25.846813838638912,585.0562967155041,Peclet local snapshot (experimental),HC2096,Bishop St Newport charger,"18 Bishop St
Newport NSW 2106
Australia",EVX,,2.0,22 kW,,-33.6572,151.3153,nearest=25.847m; gap=585.056m; manual confirmation required
,,"5 Footbridge Blvd, Sydney, 2127",Tesla,2,AC,22 kW,-33.82481886,151.0771852,"Parramatta, Council of the City of",2127,Existing Destination Chargers,review,coordinate_candidate,0.5,True,576.0,158.11027390846968,158.11027390846968,776.8547162800829,Peclet local snapshot (experimental),DC764,Marina Square Shopping Centre Wentworth Point charger,"5 Footbridge Boulevard, Wentworth Point NSW 2127, Australia",Tesla Destination,Tesla; Type 2,3.0,22 kW,6am to 11pm,-33.82462,151.07888,nearest=158.110m; gap=776.855m; manual confirmation required
,,"5 King St, Newcastle, 2300",Tesla,1,AC,22 kW,-32.92911916,151.7849419,Newcastle City Council,2300,Existing Destination Chargers,accepted,address_exact_unique,0.97,False,56.0,17.798043745786448,17.798043745786448,349.1770169675684,Peclet local snapshot (experimental),DC233,Novotel Newcastle Beach charger,"5 King St, Newcastle, NSW, Australia, 2300.","Tesla Destination, Exploren",Tesla; Type 2,4.0,7 kW,Open 24/7,-32.92927546,151.7849008,
,,"5 Norton Ln, Bowral, 2576",Tesla,1,AC,6 kW,-34.49678483,150.4471632,Wingecarribee Shire Council,2576,Existing Destination Chargers,review,coordinate_candidate,0.5,True,597.0,3139.4323514057246,3139.4323514057246,65.98391475043036,Peclet local snapshot (experimental),DC843,Milton Park Country House charger,"Horderns Rd, Milton Park, Australia, NSW 2575",Tesla Destination,Tesla; Type 2,2.0,8 kW,,-34.499128,150.481303,nearest=3139.432m; gap=65.984m; manual confirmation required
,,"5 Ray St, Sydney, 2074",Exploren,2,DC,40 kW,-33.73201706,151.1273493,Ku-ring-gai Council,2074,Existing Fast Chargers,review,coordinate_candidate,0.5,True,1493.0,283.8606518998289,283.8606518998289,2336.3501861379737,Peclet local snapshot (experimental),HC2041,Turramurra Ave Turramurra charger,"2-8 Turramurra Ave
Turramurra NSW 2074
Australia",Evie Networks,,4.0,75 kW,,-33.7323,151.1304,nearest=283.861m; gap=2336.350m; manual confirmation required
,,"5 Snapper Dr, Lennox Head, 2478",Chargefox,2,AC,22 kW,-28.80750055,153.5821481,Ballina Shire Council,2478,Existing Destination Chargers,accepted,address_exact_unique,0.97,False,24.0,0.7373955625042363,0.7373955625042363,2568.9491244866995,Peclet local snapshot (experimental),DC85,Epiq Market Shopping Center charger,"5 Snapper Drive, Lennox Head NSW 2478, Australia",Chargefox,Type 2,2.0,22 kW,,-28.80750705,153.5821466,
,,"5 Tilba St, Narooma, 2546",Tesla,2,AC,22 kW,-36.21966171,150.1333904,Eurobodalla Shire Council,2546,Existing Destination Chargers,accepted,address_exact_unique,0.97,False,1816.0,0.08672044108370801,0.08672044108370801,476.89851677518476,Peclet local snapshot (experimental),DC912,Anchors Aweigh Narooma charger,"5 Tilba St, Narooma NSW 2546, Australia",Tesla Destination,Tesla,2.0,22 kW,,-36.219661,150.13339,
,,"5 Willowdale Dr, Denham Court NSW 2565",Evie,4,DC,75 kW,-33.97585397,150.811619,Campbelltown City Council,2565,ARENA - Driving the Nation,review,ambiguous_exact_address,0.5,True,288.0,5.409856925738777,5.409856925738777,21.95663341351686,Peclet local snapshot (experimental),HC2567,Willowdale Dr Denham Court charger,"5 Willowdale Dr, Denham Court NSW 2565",Evie,,4.0,75 kW,,-33.9759,150.8116,nearest=5.410m; gap=21.957m; manual confirmation required
,,"50 Bathurst St, Brewarrina, NSW 2839, Australia",NRMA,4,DC,75 kW,-30.3247856,149.784033,Brewarrina Shire Council,2390,TfNSW Regional,review,ambiguous_exact_address,0.5,True,1570.0,3.5490982953711097,3.5490982953711097,316.8679170214679,Peclet local snapshot (experimental),HC2746,Bathurst St Brewarrina charger,"50 Bathurst St, Brewarrina, NSW 2839, Australia",NRMA,,4.0,75 kW,,-30.3248,149.784,nearest=3.549m; gap=316.868m; manual confirmation required
,,"50 Lowe St, Queanbeyan, 2620",NRMA,1,AC,22 kW,-35.35493498,149.2336006,Queanbeyan-Palerang Regional Council,2620,Existing Destination Chargers,review,coordinate_candidate,0.5,True,1919.0,63.94651117459357,63.94651117459357,827.0310335186231,Peclet local snapshot (experimental),HC2153,Council Car Park Lot 4 / DP251076 between 46 Lowe Street Queanbeyan charger,Council Car Park Lot 4 / DP251076 between 46 Lowe Street Queanbeyan NSW 2620,NRMA,,4.0,DC,,-35.355,149.2329,nearest=63.947m; gap=827.031m; manual confirmation required
,,"50 O'Sullivan Rd, Sydney, 2029",Chargefox,2,DC,40 kW,-33.87899704,151.2623363,Woollahra Municipal Council,2029,Existing Fast Chargers,accepted,address_exact_unique,0.97,False,1540.0,70.5024069854314,70.5024069854314,293.82444709113975,Peclet local snapshot (experimental),HC2047,O'Sullivan Rd Rose Bay charger,"50 O'Sullivan Rd
Rose Bay NSW 2029
Australia",Chargefox,,2.0,22 kW,,-33.879,151.2631,
,,"50 Pembroke St, Sydney, 2131",Exploren,2,AC,22 kW,-33.88539144,151.1322382,Inner West Council,2131,Existing Destination Chargers,accepted,coordinate_near_clear,0.9,False,1517.0,3.652407443574815,3.652407443574815,345.62023415294016,Peclet local snapshot (experimental),HC2049,Pembroke St Ashfield charger,"52 Pembroke St
Ashfield NSW 2131
Australia",EVE Australia,,2.0,22 kW,,-33.8854,151.1322,
,,"50 Wiley St, Sydney, 2024",Exploren,1,AC,22 kW,-33.89987192,151.2566737,Waverley Council,2024,Existing Destination Chargers,accepted,address_exact_unique,0.97,False,546.0,13.47809087800733,13.47809087800733,210.44485110234024,Peclet local snapshot (experimental),DC607,50 Wiley St Parking charger,"50 Wiley St, Waverley NSW 2024, Australia",Exploren,Type 2,1.0,22 kW,Open 24/7,-33.89986155,151.2565282,
,,"509-517 The Entrance Rd, Central Coast, 2261",Tesla,2,AC,19 kW,-33.36742647,151.4756166,Central Coast Council,2261,Existing Destination Chargers,accepted,address_exact_unique,0.97,False,888.0,0.07639322951023172,0.07639322951023172,1126.270566801109,Peclet local snapshot (experimental),DC234,Central Jetty Motel charger,"509 - 517 The Entrance Road, Long Jetty, NSW, Australia, 2261",Tesla Destination,Tesla,2.0,22 kW,,-33.367426,151.475616,
,,"51 Bathurst St, Condobolin, 2877",Exploren,2,AC,22 kW,-33.08860065,147.1494875,Lachlan Shire Council,2877,Existing Destination Chargers,accepted,address_exact_unique,0.97,False,698.0,1.1667676700962573,1.1667676700962573,75620.80500653858,Peclet local snapshot (experimental),HC2068,Bathurst St Condobolin charger,"51 Bathurst St
Condobolin NSW 2877
Australia",Exploren,,2.0,AC,,-33.0886,147.1495,
,,"51 Metford Rd, Maitland, 2323",Chargefox,12,AC,22 kW,-32.75912517,151.6068999,Maitland City Council,2323,Existing Destination Chargers,review,coordinate_candidate,0.5,True,877.0,53.74403201340989,53.74403201340989,1571.2409761545134,Peclet local snapshot (experimental),DC187,Maitland Hospital charger,"41 Metford Rd, Metford NSW 2323, Australia",,Type 2,5.0,kW,,-32.75957754,151.6066975,nearest=53.744m; gap=1571.241m; manual confirmation required
,,"516 Punchbowl Rd Cnr Wangee Rd, Lakemba, NSW, 2195",Ampol,2,DC,125 kW,-33.911492,151.0732469,Canterbury Bankstown Council,2195,ARENA - Driving the Nation,accepted,address_exact_unique,0.97,False,1535.0,4.418438575637359,4.418438575637359,12.532127866660197,Peclet local snapshot (experimental),HC2650,Punchbowl Rd Cnr Wangee Rd Lakemba charger,"516 Punchbowl Rd Cnr Wangee Rd, Lakemba, NSW, 2195",Ampol,,2.0,125 kW,,-33.9115,151.0732,
,,"52 Albert Ave, Sydney, 2067",Chargefox,6,AC,7 kW,-33.79807412,151.1844274,Willoughby City Council,2067,Existing Destination Chargers,accepted,address_exact_unique,0.97,False,584.0,108.09940736054253,93.17529615071906,14.924111209823465,Peclet local snapshot (experimental),DC801,Westfield Chatswood Rooftop Parking charger,"52 Albert Ave, Chatswood NSW 2067, Australia",Chargefox,Type 2,4.0,7 kW,Open 24/7,-33.798536,151.183398,
,,"52 Pembroke St
Ashfield NSW 2131
Australia",EVE Australia,2,AC,22 kW,-33.8853908,151.1322384,Inner West Council,2131,Kerbside Charging R1,accepted,address_exact_unique,0.97,False,1517.0,3.6893304019488458,3.6893304019488458,345.5350371976588,Peclet local snapshot (experimental),HC2049,Pembroke St Ashfield charger,"52 Pembroke St
Ashfield NSW 2131
Australia",EVE Australia,,2.0,22 kW,,-33.8854,151.1322,
,,"52 Princes Hwy, Bodalla, 2545",Tesla,2,AC,6 kW,-36.08683088,150.0495225,Eurobodalla Shire Council,2545,Existing Destination Chargers,accepted,address_exact_unique,0.97,False,610.0,26.395206898391308,26.395206898391308,1010.6029511029772,Peclet local snapshot (experimental),DC906,Bodalla Dairy Shed & Cheese Factory charger,"52 Princes Hwy, Bodalla NSW 2545, Australia",Tesla Destination,Tesla,1.0,4 kW,,-36.086596,150.049565,
,,"52 Taylor Rd, Albion Park, 2527",Exploren,4,AC,22 kW,-34.57038143,150.7687437,Shellharbour City Council,2527,Existing Destination Chargers,accepted,coordinate_near_clear,0.9,False,1133.0,4.5026180122897905,4.5026180122897905,2820.6816545358524,Peclet local snapshot (experimental),HC2309,Tongarra Rd Albion Park charger,"178 Tongarra Rd
Albion Park NSW 2527
Australia",Exploren,,4.0,AC,,-34.5704,150.7687,
,Albury City Council,"520 David St
Albury NSW 2640
Australia",Exploren,4,AC,AC,-36.0806351,146.9216087,Albury City Council,2640,Destination Charging R1,accepted,coordinate_exact,1.0,False,1831.0,0.0,0.0,300.2110280830825,Peclet local snapshot (experimental),DC988,520 David St Car Park charger,"520 David St, Albury NSW 2640, Australia",Exploren,Type 2,5.0,22 kW,Open 24/7,-36.0806351,146.9216087,
,,"528 John Oxley Dr, Thrumster, 2444",NRMA,2,DC,50 kW,-31.45803208,152.8274244,Port Macquarie-Hastings Council,2444,Existing Fast Chargers,review,coordinate_candidate,0.5,True,1871.0,10.52183858579778,10.52183858579778,50.059088579484666,Peclet local snapshot (experimental),FC203,Sovereign Place charger,"John Oxley Dr Before Chancellor Dr, Thrumster NSW 2444, Australia",NRMA,Tesla; Type 2,4.0,50 kW,Open 24/7,-31.457966,152.827345,nearest=10.522m; gap=50.059m; manual confirmation required
,,"52-88 Great Western Hwy, Medlow Bath, 2780",Tesla,2,AC,19 kW,-33.67531036,150.2805916,Blue Mountains City Council,2780,Existing Destination Chargers,accepted,address_exact_unique,0.97,False,88.0,208.48430729508203,208.48430729508203,2756.389580826418,Peclet local snapshot (experimental),DC333,The Hydro Majestic Hotel Blue Mountains charger,"52-88 Great Western Hwy, Medlow Bath NSW 2780, Australia",Tesla Destination,Tesla; J-1772,2.0,22 kW,Open 24/7,-33.676946,150.281693,
,,"53 East St, Harden, 2587",Exploren,4,AC,22 kW,-34.5628579,148.3611061,Hilltops Council,2587,Existing Destination Chargers,review,coordinate_candidate,0.5,True,1571.0,278.8387552019957,278.8387552019957,950.2017350140715,Peclet local snapshot (experimental),HC2017,East St Harden charger,"East St
Harden NSW 2587
Australia",Exploren,,4.0,AC,,-34.5624,148.3641,nearest=278.839m; gap=950.202m; manual confirmation required
,,"53 Sydney Rd, Goulburn, 2580",Chargefox,2,DC,50 kW,-34.74796201,149.7496456,Goulburn Mulwaree Council,2580,Existing Fast Chargers,accepted,address_exact_unique,0.97,False,640.0,0.08223622104797117,0.08223622104797117,535.5182933508706,Peclet local snapshot (experimental),FC10,NRMA - Goulburn charger,"53 Sydney Road, Goulburn, 2580",Chargefox,Tesla; Type 2,6.0,50kW - 350kW,Open 24/7,-34.747962,149.7496447,
,,"536 New South Head Rd, Sydney, 2028",Chargefox,6,AC,6 kW,-33.87276581,151.2474124,Woollahra Municipal Council,2028,Existing Destination Chargers,review,coordinate_candidate,0.5,True,1370.0,16.496458582075842,16.496458582075842,472.3686051309749,Peclet local snapshot (experimental),DC605,Woollahra Municipal Council Chambers charger,"536 New S Head Rd, Double Bay NSW 2028, Australia",Chargefox,Type 2,6.0,7 kW,Sat/Sun 8am - 7pm Available to public on weekends only - closes 7pm,-33.872623,151.247364,nearest=16.496m; gap=472.369m; manual confirmation required
,,"53-71 Rowe Street, Sydney, 2122",Exploren,2,AC,22 kW,-33.79059064,151.0844184,"Ryde, Council of the City of",2122,Existing Destination Chargers,accepted,address_exact_unique,0.97,False,1722.0,0.08019227629352667,0.08019227629352667,131.61043473907193,Peclet local snapshot (experimental),DC437,Rowe St (East) Car Park charger,"53-71 Rowe St, Eastwood NSW 2122, Australia, Eastwood 2122",Exploren,Type 2,2.0,22 kW,Open 24/7,-33.79059,151.084418,
,,"53A Orient St, Batemans Bay, 2536",Evie,2,DC,50 kW,-35.71073278,150.1776366,Eurobodalla Shire Council,2536,Existing Fast Chargers,accepted,address_exact_unique,0.97,False,1058.0,89.82682147576686,89.82682147576686,92.04906950573287,Peclet local snapshot (experimental),FC68,Dan Murphy's Batemans Bay charger,"51/53A Orient St, Batemans Bay NSW 2536, Australia",Evie Networks,Type 2,2.0,50 kW,,-35.709928,150.177723,
,,"54 Brighton St, Sydney, 2132",JOLT,2,DC,25 kW,-33.89474579,151.1096857,Burwood Council,2132,Existing Fast Chargers,accepted,coordinate_near_clear,0.9,False,1864.0,1.0983211353026572,1.0983211353026572,1265.2334430607186,Peclet local snapshot (experimental),FC172,"Brighton St, Croydon Park charger","110 Brighton St, Croydon Park NSW 2133, Australia",JOLT,Tesla; Type 2,2.0,25 kW,Open 24/7,-33.894755,151.10969,
,,"54 Gordon Cres, Lane Cove North, 2066",EVX,2,AC,22 kW,-33.80640545,151.1616096,Lane Cove Municipal Council,2066,Existing Destination Chargers,accepted,address_exact_unique,0.97,False,581.0,3.9225880925247956,3.9225880925247956,322.6440945453769,Peclet local snapshot (experimental),DC783,54 Gordon Cres Kerbside Charger,"54 Gordon Crescent, Lane Cove North, NSW 2066",EVX,Type 2,2.0,kW,Open 24/7,-33.8064003,151.1616516,
,,"54 Meninya St, Moama, 2731",Tesla,2,AC,22 kW,-36.11153658,144.7536416,Murray River Council,2731,Existing Destination Chargers,review,coordinate_candidate,0.5,True,1430.0,48.149417420427504,48.149417420427504,132.1695426064416,Peclet local snapshot (experimental),DC943,Meninya Palms Moama charger,"54-56 Meninya Street, Moama NSW 2731",Tesla Destination,Tesla,2.0,22 kW,Contact 0354823311 to obtain available hours,-36.111159,144.753904,nearest=48.149m; gap=132.170m; manual confirmation required
,,"54 Minjungbal Dr, Tweed Heads, 2486",Evie,4,DC,150 kW,-28.19898503,153.545985,Tweed Shire Council,2486,Existing Fast Chargers,review,coordinate_candidate,0.5,True,426.0,1933.1278359776272,1933.1278359776272,195.54261659592999,Peclet local snapshot (experimental),DC19,Twin Towns Club Banora charger,"Leisure Drive, Banora Point, NSW, 2486",Chargefox,Type 2,4.0,22 kW,,-28.21521834,153.538924,nearest=1933.128m; gap=195.543m; manual confirmation required
,,"54-76 Captain Cook Dr, Caringbah NSW 2229",Evie,4,DC,75 kW,-34.0329857,151.1250638,Wollondilly Shire Council,2229,ARENA - Driving the Nation,accepted,address_exact_unique,0.97,False,1601.0,3.6953872244283077,3.6953872244283077,20.247031883640936,Peclet local snapshot (experimental),HC2725,Captain Cook Dr Caringbah charger,"54-76 Captain Cook Dr, Caringbah NSW 2229",Evie,,4.0,75 kW,,-34.033,151.1251,
,,"55 Campbell St, Sydney, 2148",Exploren,4,AC,6 kW,-33.77243348,150.9092262,Blacktown City Council,2148,Existing Destination Chargers,accepted,address_exact_unique,0.97,False,926.0,100.43530235229333,1.4774577121917354,98.9578446401016,Peclet local snapshot (experimental),DC443,Blacktown Workers Club car park charger,"55 Campbell St, Blacktown NSW 2148, Australia",Exploren,Type 2,4.0,7 kW,Open 24/7,-33.77324,150.908737,
,,"55 North Steyne, Sydney, 2095",Tesla,4,AC,22 kW,-33.7915586,151.286988,Northern Beaches Council,2095,Existing Destination Chargers,review,coordinate_candidate,0.5,True,920.0,413.72819610989694,413.72819610989694,315.3199102551684,Peclet local snapshot (experimental),DC404,Manly Pacific Hotel - MGallery Collection charger,"55 N Steyne, Manly NSW 2095, Australia",,Type 2,4.0,kW,,-33.795277,151.287147,nearest=413.728m; gap=315.320m; manual confirmation required
,,"55 Pyrmont St, Pyrmont, 2009",EVX,2,AC,22 kW,-33.86814819,151.1941592,"Sydney, Council of the City of",2009,Existing Destination Chargers,accepted,address_exact_unique,0.97,False,575.0,10.900827598334581,10.900827598334581,39.6049478443319,Peclet local snapshot (experimental),DC753,55 Pyrmont St Parking charger,"55 Pyrmont St, Pyrmont NSW 2009, Australia",EVX,Type 2,2.0,kW,,-33.86824617,151.1941553,
,,"55 Train St, Broulee, 2537",EVUp,1,AC,22 kW,-35.84471676,150.169967,Eurobodalla Shire Council,2537,Existing Destination Chargers,accepted,coordinate_near_clear,0.9,False,613.0,0.12355571819195289,0.12355571819195289,264.27489406107736,Peclet local snapshot (experimental),DC919,Train St Central charger,"44 Train St, Broulee NSW 2537, Australia",EVUp,Type 2,1.0,kW,,-35.844716,150.169966,
,,"550 Bunnerong Rd, Sydney, 2036",JOLT,2,DC,25 kW,-33.9610561,151.2309449,Randwick City Council,2036,Existing Fast Chargers,accepted,address_exact_unique,0.97,False,683.0,1.4139994148209505,1.4139994148209505,331.7922431634108,Peclet local snapshot (experimental),FC182,JOLT Perry St charger,"550 Bunnerong Rd, Matraville NSW 2036, Australia",JOLT,Tesla; Type 2,2.0,25 kW,Open 24/7,-33.96104423,151.2309394,
,,"550 Kiewa Street, Albury, 2640",Exploren,4,AC,22 kW,-36.07816121,146.9167477,Albury City Council,2640,Existing Destination Chargers,accepted,address_exact_unique,0.97,False,1830.0,0.06710253772403543,0.06710253772403543,248.15499389929647,Peclet local snapshot (experimental),DC986,Quest Albury charger,"550 Kiewa St, Albury NSW 2640, Australia",Exploren,Type 2,4.0,22 kW,,-36.078161,146.916747,
,,"555 Hermitage Rd, Pokolbin, 2320",Tesla,1,AC,11 kW,-32.69682387,151.2628258,Singleton Council,2320,Existing Destination Chargers,review,ambiguous_exact_address,0.5,True,455.0,58.092410604750015,58.092410604750015,44.41624485745476,Peclet local snapshot (experimental),DC161,Spicers Hunter Valley charger,"555 Hermitage Rd, Pokolbin NSW 2320, Australia",Tesla Destination,Tesla,2.0,22 kW,,-32.696471,151.262368,nearest=58.092m; gap=44.416m; manual confirmation required
,,"555 High St, Maitland, 2320",Chargefox,2,AC,22 kW,-32.72884189,151.54997,Maitland City Council,2320,Existing Destination Chargers,review,coordinate_candidate,0.5,True,765.0,367.24255255143703,367.24255255143703,35.063862735069506,Peclet local snapshot (experimental),HC2281,St Andrews St Maitland charger,"2 St Andrews St
Maitland NSW 2320
Australia",Exploren,,2.0,AC,,-32.7301,151.5536,nearest=367.243m; gap=35.064m; manual confirmation required
,,"55-65 Murray St, Sydney, 2009",Non-networked,2,AC,22 kW,-33.87192597,151.197966,"Sydney, Council of the City of",2009,Existing Destination Chargers,review,coordinate_candidate,0.5,True,164.0,27.688042283148604,27.688042283148604,8.576040907105508,Peclet local snapshot (experimental),DC747,Novotel Sydney on Darling Harbour charger,100 Murray Street  Darling Harbour 2000 Sydney,,Type 2,4.0,kW,Open 24/7,-33.87168662,151.1980487,nearest=27.688m; gap=8.576m; manual confirmation required
,,"56 Morpeth St, Harwood , 2465",Tesla,8,DC,130 kW,-29.42699904,153.2391471,Clarence Valley Council,2465,Existing Fast Chargers,accepted,address_exact_unique,0.97,False,691.0,1.2784992436195635,1.2784992436195635,4537.948114573959,Peclet local snapshot (experimental),FC240,Harwood Hotel charger,"56 Morpeth St, Harwood NSW 2465, Australia",Tesla Supercharge,Type 2; J-1772,8.0,120 kW,Open 24/7,-29.4269989,153.2391603,
,,"561-583 Polding St, Sydney, 2176",Tesla,2,AC,22 kW,-33.85886191,150.8987518,Fairfield City Council,2176,Existing Destination Chargers,accepted,address_exact_unique,0.97,False,1738.0,0.12528241159209094,0.12528241159209094,941.0183392903054,Peclet local snapshot (experimental),DC510,Stockland Wetherill Park charger,"561-583 Polding St, Wetherill Park NSW 2164, Australia",Tesla Destination,Tesla,2.0,22 kW,,-33.858861,150.898751,
,,"56-58 Frenchs Rd, Sydney, 2068",EVX,2,AC,22 kW,-33.80729434,151.200025,Willoughby City Council,2068,Existing Destination Chargers,review,coordinate_candidate,0.5,True,1117.0,13.640145780158614,13.640145780158614,289.98776970195775,Peclet local snapshot (experimental),HC2121,Frenchs Rd Willoughby charger,"60 Frenchs Rd
Willoughby NSW 2068
Australia",EVX,,2.0,22 kW,,-33.8074,151.2001,nearest=13.640m; gap=289.988m; manual confirmation required
,,"5-7 Ascot St, Sydney, 2033",EVX,2,AC,22 kW,-33.90801006,151.2247628,Randwick City Council,2033,Existing Destination Chargers,review,coordinate_candidate,0.5,True,335.0,70.21383480098936,70.21383480098936,45.12482323255976,Peclet local snapshot (experimental),HC2361,Ascot St Kensington charger,"9 Ascot St
Kensington NSW 2033
Australia",EVX,,2.0,22 kW,,-33.9077,151.2241,nearest=70.214m; gap=45.125m; manual confirmation required
,,"57 Boronia St, Sawtell, 2452",Tesla,2,AC,19 kW,-30.36993498,153.0991642,Coffs Harbour City Council,2452,Existing Destination Chargers,accepted,address_exact_unique,0.97,False,435.0,9.529369496332714,9.529369496332714,657.0440910607747,Peclet local snapshot (experimental),DC68,Sawtell Motor Inn charger,"57 Boronia Street, Sawtell NSW 2452, Australia",Tesla Destination,Tesla,2.0,3 kW,Open 24/7,-30.369857,153.099123,
,,"57 Ekerts Rd, Pokolbin, 2320",Porsche Smart Mobility,2,AC,11 kW,-32.77579084,151.2813243,Cessnock City Council,2320,Existing Destination Chargers,review,coordinate_candidate,0.5,True,882.0,67.48951328034148,67.48951328034148,955.4734184924242,Peclet local snapshot (experimental),DC207,Spicer's Guesthouse charger,"Ekerts Rd, Polkobin NSW 2320",,Tesla; Type 2,4.0,kW,Open 24/7,-32.775508,151.281963,nearest=67.490m; gap=955.473m; manual confirmation required
,,"57 Ekerts Rd, Pokolbin, 2320",Tesla,2,AC,22 kW,-32.77544549,151.2817437,Cessnock City Council,2320,Existing Destination Chargers,review,coordinate_candidate,0.5,True,882.0,21.649083222368603,21.649083222368603,1002.5126154948233,Peclet local snapshot (experimental),DC207,Spicer's Guesthouse charger,"Ekerts Rd, Polkobin NSW 2320",,Tesla; Type 2,4.0,kW,Open 24/7,-32.775508,151.281963,nearest=21.649m; gap=1002.513m; manual confirmation required
,,"57 Ellendon St, Bungendore, 2621",Tesla,2,AC,6 kW,-35.25696301,149.4401772,Queanbeyan-Palerang Regional Council,2621,Existing Destination Chargers,review,coordinate_candidate,0.5,True,192.0,93.88587439882652,93.88587439882652,14.260417907270195,Peclet local snapshot (experimental),DC888,The Carrington Inn charger,"59 Ellendon St, Bungendore NSW 2621, Australi, Bungendore 2621",Exploren,Type 2,8.0,22 kW,Open 24/7,-35.25755097,149.4394351,nearest=93.886m; gap=14.260m; manual confirmation required
,,"574 Henry Lawson Dr, Eurunderee, 2850",Tesla,2,AC,22 kW,-32.52793998,149.6118689,Mid-Western Regional Council,2850,Existing Destination Chargers,accepted,address_exact_unique,0.97,False,42.0,0.13781902805019766,0.13781902805019766,680.0058695241999,Peclet local snapshot (experimental),DC164,Lawson Hill Estate charger,"574 Henry Lawson Dr, Eurunderee NSW 2850, Australia",Tesla Destination,Tesla,2.0,22 kW,Open 24/7,-32.527939,149.611868,
,,"58 Phillip St, West Tamworth , 2340",Tesla,8,DC,130 kW,-31.10164969,150.9171261,Tamworth Regional Council,2340,Existing Fast Chargers,accepted,coordinate_near_clear,0.9,False,695.0,0.07731299993116823,0.07731299993116823,734.5080961990525,Peclet local snapshot (experimental),FC244,West Tamworth League Club charger,"25 Park St, West Tamworth NSW 2340, Australia",Tesla Supercharge,Type 2; J-1772,8.0,120 kW,Open 24/7,-31.101649,150.917126,
,,"580 Parramatta Rd, Sydney, 2132",BP,4,DC,75 kW,-33.87410415,151.1267628,Inner West Council,2132,Existing Fast Chargers,accepted,coordinate_near_clear,0.9,False,659.0,4.936831312740762,4.936831312740762,637.7751391225814,Peclet local snapshot (experimental),FC92,BP Ashfield charger,"586A Parramatta Rd, Croydon NSW 2132, Australia",Evie Networks,Tesla; Type 2,4.0,50 kW,Open 24/7,-33.874062,151.126746,
,,"580 Princes Hwy, Sydney, 2232",Tesla,6,DC,250 kW,-34.03339744,151.0731502,Sutherland Shire Council,2232,Existing Fast Chargers,accepted,address_exact_unique,0.97,False,1089.0,76.9441566697629,76.9441566697629,46.587233186819006,Peclet local snapshot (experimental),FC233,South Village charger,"580 Princes Highway, Kirrawee, NSW, Australia, 2232",Tesla Supercharge,Type 2,6.0,250 kW,6am - midnight,-34.033791,151.073837,
,,"59 Bridge Street, Morisset, 2264",Exploren,1,AC,22 kW,-33.10741046,151.4897147,Lake Macquarie City Council,2264,Existing Destination Chargers,accepted,address_exact_unique,0.97,False,67.0,0.11141376482572599,0.11141376482572599,217.06636272774298,Peclet local snapshot (experimental),DC262,"59 Bridge Street, Morisset charger","59 Bridge Street, Morisset",,Type 2,1.0,kW,,-33.1074098,151.4897138,
,,"59 The Centre, Sydney, 2087",JOLT,2,DC,25 kW,-33.76210915,151.2142012,Northern Beaches Council,2087,Existing Fast Chargers,accepted,coordinate_near_clear,0.9,False,1863.0,2.0864722601413783,2.0864722601413783,2257.668024772653,Peclet local snapshot (experimental),FC162,Darley St Parking charger,"10 Darley St, Forestville NSW 2087, Australia",JOLT,Tesla; Type 2,2.0,25 kW,Open 24/7,-33.762097,151.214184,
,,"593 Mount View Rd, Mount View, 2325",Tesla,1,AC,22 kW,-32.83938143,151.2985646,Cessnock City Council,2325,Existing Destination Chargers,accepted,address_exact_unique,0.97,False,889.0,5.112990941781376,5.112990941781376,591.8898075988354,Peclet local snapshot (experimental),DC237,Briar Ridge Vineyard charger,"593 Mount View Rd, Mount View NSW 2325, Australia",Tesla Destination,Tesla,1.0,22 kW,,-32.839415,151.298602,
,,"594 Anzac Pde, Sydney, 2032",Evie,4,DC,75 kW,-33.92659564,151.2313293,Randwick City Council,2032,Existing Fast Chargers,review,coordinate_candidate,0.5,True,789.0,66.28729370556586,66.28729370556586,331.74552651054074,Peclet local snapshot (experimental),HC2052,Anzac Pde Kingsford charger,"592 Anzac Pde
Kingsford NSW 2032
Australia",Evie Networks,,4.0,75 kW,,-33.926,151.2313,nearest=66.287m; gap=331.746m; manual confirmation required
,,"59-61 Pacific Hwy Cnr Unwin Rd, Waitara, NSW, 2077",Ampol,2,DC,125 kW,-33.7105301,151.1024488,"Hornsby, The Council of the Shire of",2077,ARENA - Driving the Nation,review,ambiguous_exact_address,0.5,True,1911.0,5.619376861648256,5.619376861648256,13.159106229798176,Peclet local snapshot (experimental),HC2653,Pacific Hwy Cnr Unwin Rd Waitara charger,"59-61 Pacific Hwy Cnr Unwin Rd, Waitara, NSW, 2077",Ampol,,2.0,125 kW,,-33.7105,151.1024,nearest=5.619m; gap=13.159m; manual confirmation required
,,"6 Aeolia St, Sydney, 2031",Exploren,2,AC,6 kW,-33.91903908,151.2432402,Randwick City Council,2031,Existing Destination Chargers,review,coordinate_candidate,0.5,True,559.0,128.85696268893497,128.85696268893497,1.7060592712059588,Peclet local snapshot (experimental),DC676,East Sydney Community Christian Church charger,"8 Soudan St, Randwick NSW 2031, Australia",Exploren,Type 2,1.0,22 kW,Open 24/7,-33.91912763,151.2418478,nearest=128.857m; gap=1.706m; manual confirmation required
,,"6 Airport Ave, Sydney, 2200",Chargefox,4,AC,22 kW,-33.9156557,150.9922643,Canterbury Bankstown Council,2200,Existing Destination Chargers,review,coordinate_candidate,0.5,True,1352.0,1660.333384674045,1660.333384674045,1826.4380178556428,Peclet local snapshot (experimental),DC498,Industrie Clothing charger,"343 Milperra Rd, Bankstown NSW 2200",,Type 2,4.0,kW,mon - fri 9:30am - 6:00pm sat 9:00am - 6:00pm sun 9:00am - 6:00pm,-33.93004602,150.997066,nearest=1660.333m; gap=1826.438m; manual confirmation required
,,"6 Black Springs Rd, Eurunderee, 2850",Tesla,1,AC,8 kW,-32.54836141,149.6314334,Mid-Western Regional Council,2850,Existing Destination Chargers,accepted,coordinate_exact,1.0,False,1281.0,0.0,0.05902628667435724,1520.220742904709,Peclet local snapshot (experimental),DC153,Petersons Wines charger,"6 Blacksprings Road, Mudgee, Australia, NSW 2850",Tesla Destination,Tesla,1.0,8 kW,,-32.548361,149.631433,
,,"6 Boundary St, Sydney, 2081",Chargefox,2,DC,75 kW,-33.62137942,151.1494484,"Hornsby, The Council of the Shire of",2081,Existing Fast Chargers,accepted,coordinate_exact,1.0,False,1836.0,0.0,0.0657606305299385,354.7227395556473,Peclet local snapshot (experimental),FC14,Berowra Tennis Centre charger,"6 Boundary Street, Berowra, 2081",Chargefox,Type 2,2.0,75kW,,-33.621379,151.1494479,
,,"6 Budden St, Rockley, 2795",Exploren,2,AC,6 kW,-33.68873178,149.5643453,Bathurst Regional Council,2795,Existing Destination Chargers,accepted,address_exact_unique,0.97,False,938.0,0.09106515796189847,0.09106515796189847,224.068850991318,Peclet local snapshot (experimental),DC480,Stevens Park Rockley charger,"6 Budden St, Rockley NSW 2795, Australia",Exploren,Type 2,2.0,7 kW,Open 24/7,-33.688731,149.564345,
,,"6 Castlereagh St Gilgandra, NSW 2827, Australia",NRMA,4,DC,75 kW,-30.0205758,148.1181013,Gilgandra Shire Council,2832,TfNSW Regional,accepted,coordinate_exact,1.0,False,413.0,0.0,0.0,40.53958825517688,Peclet local snapshot (experimental),AK726,Castlereagh St Gilgandra charger,"6 Castlereagh St Gilgandra, NSW 2827, Australia",NRMA,,4.0,75 kW,,-30.0205758,148.1181013,
,,"6 Cecil Street, Sydney, 2021",Exploren,2,AC,22 kW,-33.88233638,151.2335816,Woollahra Municipal Council,2021,Existing Destination Chargers,accepted,address_exact_unique,0.97,False,162.0,0.06966467321689054,0.06966467321689054,65.87017723956346,Peclet local snapshot (experimental),DC744,Asteri Maison Paddington charger,"6 Cecil St, Paddington NSW 2021, Australia",Exploren,Type 2,1.0,22 kW,Open 24/7,-33.882336,151.233581,
,,"6 David St, Bowral, 2576",Tesla,6,AC,6 kW,-34.48801706,150.413986,Wingecarribee Shire Council,2576,Existing Destination Chargers,accepted,address_exact_unique,0.97,False,1804.0,12.390270462710658,12.390270462710658,2402.6958205257342,Peclet local snapshot (experimental),DC857,Berida Hotel charger,"6 David St, Bowral NSW 2576, Australia",,Type 2,10.0,kW,,-34.48799191,150.4138543,
,,"6 McIntosh St, Sydney, 2067",Everty,4,AC,22 kW,-33.7951572,151.1790861,Willoughby City Council,2067,Existing Destination Chargers,accepted,address_exact_unique,0.97,False,507.0,30.68757188801735,30.68757188801735,98.44691961784997,Peclet local snapshot (experimental),DC455,Secure Parking - Zenith Centre Car Park charger,"6 Mcintosh St, Chatswood 2067",Everty,Type 2,4.0,kW,,-33.79507821,151.1794043,
,,"6 Myahgah Rd, Sydney, 2088",Evie,2,DC,50 kW,-33.82554959,151.2414274,Mosman Municipal Council,2088,Existing Fast Chargers,accepted,address_exact_unique,0.97,False,229.0,0.2032386766528343,0.2032386766528343,255.23232201525326,Peclet local snapshot (experimental),FC101,Mosman Civic charger,"6 Myahgah Rd, Mosman NSW 2088, Australia",Evie Networks,Tesla; Type 2,2.0,50 kW,Open 24/7,-33.825551,151.241426,
,,"6 Santa Ana Lane, Pokolbin, 2320",Tesla,1,AC,22 kW,-32.74139844,151.3281752,Cessnock City Council,2320,Existing Destination Chargers,review,coordinate_candidate,0.5,True,454.0,37.046887967577725,37.046887967577725,292.14981300730767,Peclet local snapshot (experimental),DC159,Dogwood Hunter Valley charger,"2 Casuarina Dr, Rothbury NSW 2320, Australia",,Tesla,1.0,kW,Open 24/7,-32.741088,151.328319,nearest=37.047m; gap=292.150m; manual confirmation required
,,"6 The Avenue, Wentworth Falls, 2782",Tesla,2,AC,19 kW,-33.72194499,150.3717227,Blue Mountains City Council,2782,Existing Destination Chargers,accepted,address_exact_unique,0.97,False,508.0,0.12770867043275824,0.12770867043275824,36.468504963914626,Peclet local snapshot (experimental),DC456,Glen Isla Blue Mountains charger,"6 The Avenue, Wentworth Falls, NSW, Australia, NSW 2782",Tesla Destination,Tesla,2.0,5 kW,,-33.721944,150.371722,
,,"60 Frenchs Rd
Willoughby NSW 2068
Australia",EVX,2,AC,22 kW,-33.8073934,151.200067,Willoughby City Council,2068,Kerbside Charging R1,accepted,address_exact_unique,0.97,False,1117.0,3.1360573764233757,3.1360573764233757,290.0378279837953,Peclet local snapshot (experimental),HC2121,Frenchs Rd Willoughby charger,"60 Frenchs Rd
Willoughby NSW 2068
Australia",EVX,,2.0,22 kW,,-33.8074,151.2001,
,,"60 Glenwood Park Dr, Glenwood NSW 2768",Evie,4,DC,75 kW,-33.73460909,150.928265,Blacktown City Council,2768,ARENA - Driving the Nation,accepted,address_exact_unique,0.97,False,1997.0,3.3906718624872587,3.3906718624872587,1364.4544264344606,Peclet local snapshot (experimental),HC2654,Glenwood Park Dr Glenwood charger,"60 Glenwood Park Dr, Glenwood NSW 2768",Evie,,4.0,75 kW,,-33.7346,150.9283,
,,"60 Miller St, Sydney, 2060",ChargeHub,3,AC,22 kW,-33.83932037,151.2061001,"North Sydney, Council of the City of Council",2060,Existing Destination Chargers,review,coordinate_candidate,0.5,True,967.0,200.25454966940353,200.25454966940353,31.1833006014854,Peclet local snapshot (experimental),DC638,Greenwood Plaza charger,"36 Blue St, North Sydney NSW 2060, Australia",Chargefox,Type 2,4.0,22 kW,"Monday - Wednesday: 6.00am - 1.00am Thursday - Saturday: 7.00am - 3.00am
Sunday: 7.00am - 12midnight Public Holidays: 10:00am - 12:00am",-33.840843,151.207258,nearest=200.255m; gap=31.183m; manual confirmation required
,,"60 Wilson Street, The Rock, 2655",Exploren,1,AC,22 kW,-35.26652557,147.1104945,Lockhart Shire Council,2655,Existing Destination Chargers,accepted,address_exact_unique,0.97,False,1428.0,0.07796008478759078,0.07796008478759078,32.95326329583245,Peclet local snapshot (experimental),DC930,The Rock Recreation Ground charger,"60 Wilson St, The Rock NSW 2655, Australia, The Rock 2655",Exploren,Type 2,2.0,22 kW,Open 24/7,-35.266525,147.110494,
,,"600 Kingsway, Sydney, 2228",Tesla,2,AC,22 kW,-34.03398503,151.0995746,Sutherland Shire Council,2228,Existing Destination Chargers,review,coordinate_candidate,0.5,True,953.0,38.77610688480956,38.77610688480956,1895.179255538121,Peclet local snapshot (experimental),DC564,Westfield Miranda charger,"600 Kingsway, Mirandaâ€Ž NSWâ€Ž 2228, Australia",Tesla Destination,Tesla,2.0,22 kW,Open during shopping centre hours,-34.034298,151.099389,nearest=38.776m; gap=1895.179m; manual confirmation required
,,"6056 Henry Parkes Way, Manildra, 2865",Tesla,1,AC,19 kW,-33.18793998,148.5347007,Cabonne Council,2865,Existing Destination Chargers,review,coordinate_candidate,0.5,True,2002.0,33081.98731200254,33081.98731200254,879.8492876203818,Peclet local snapshot (experimental),HC2019,Gasworks Ln Molong charger,"Gasworks Ln, Molong, NSW, 2866, Australia",NRMA,,4.0,DC,,-33.0912,148.8707,nearest=33081.987m; gap=879.849m; manual confirmation required
,,"60-62 Amherst St, Sydney, 2062",Evie,4,DC,50 kW,-33.82299004,151.2108829,North Sydney Council,2062,Existing Fast Chargers,accepted,address_exact_unique,0.97,False,1118.0,21.190442858012396,21.190442858012396,120.65732675181502,Peclet local snapshot (experimental),HC2135,Amherst St Cammeray charger,"60-62 Amherst St
Cammeray NSW 2062
Australia",Evie Networks,,4.0,50 kW,,-33.8228,151.2109,
,,"61 Hawkesbury Valley Way, Windsor, 2756",Tesla,2,AC,6 kW,-33.60953258,150.8076797,Hawkesbury City Council,2756,Existing Destination Chargers,accepted,address_exact_unique,0.97,False,906.0,56.36292953949161,56.36292953949161,3073.3123024033207,Peclet local snapshot (experimental),DC331,Crowne Plaza Hawkesbury Valley charger,"61 Hawkesbury Valley Way, Windsor NSW 2756, Australia",Tesla Destination,Tesla,2.0,6 kW,Open 24/7,-33.609917,150.807283,
,,"6-10 Fraser St, Nambucca Heads, 2448",ChargeHub,4,AC,7 kW,-30.64474079,153.0038909,Nambucca Valley Council,2448,Existing Destination Chargers,accepted,address_exact_unique,0.97,False,2003.0,38.87911388172518,38.87911388172518,43.409677940575044,Peclet local snapshot (experimental),HC2070,Fraser St Nambucca Heads charger,"6-10 Fraser St
Nambucca Heads NSW 2448
Australia",Chargefox,,4.0,AC,,-30.6444,153.0038,
,,"620-658 Terrigal Dr, Central Coast, 2250",Evie,4,DC,75 kW,-33.43668073,151.3943884,Central Coast Council,2250,Existing Fast Chargers,review,coordinate_candidate,0.5,True,1706.0,264.7083460702314,264.7083460702314,3949.0998868027027,Peclet local snapshot (experimental),DC342,Erina Fair charger,"Penrose Cres, Erina NSW 2250, Australia",,Type 2,2.0,kW,5:45am - Midnight,-33.43609628,151.391623,nearest=264.708m; gap=3949.100m; manual confirmation required
,,"63 Crown St, Sydney, 2011",Saascharge,2,AC,22 kW,-33.87318523,151.2160821,"Sydney, Council of the City of",2011,Existing Destination Chargers,accepted,coordinate_exact,1.0,False,161.0,0.0,0.027190180166037168,164.09918627387108,Peclet local snapshot (experimental),DC743,"UXbridge Consulting, Crown Gardens charger","63 Crown St, Woolloomooloo, 2011, AUS",Saascharge International GmbH,Type 2,2.0,22 kW,Open 24/7,-33.873185,151.216082,
,,"63 Graham Street, Nowra, 2541",Exploren,2,AC,22 kW,-34.87107812,150.6017858,Shoalhaven City Council,2541,Existing Destination Chargers,accepted,address_exact_unique,0.97,False,1800.0,23.364862134943795,23.364862134943795,3006.341878130593,Peclet local snapshot (experimental),DC845,Basha's Floors & Blinds Pty Ltd charger,"63 Graham St, Nowra NSW 2541, Australia, Nowra 2541",Exploren,Type 2,2.0,22 kW,Open 24/7,-34.87090745,150.6019352,
,,"634-726 Princes Hwy, Sydney, 2044",Chargefox,4,AC,22 kW,-33.92180385,151.1665936,Inner West Council,2044,Existing Destination Chargers,review,ambiguous_exact_address,0.5,True,1457.0,175.3349239732726,175.3349239732726,33.98462431042492,Peclet local snapshot (experimental),FC94,Ikea Tempe charger,"634-726 Princes Hwy, Tempe NSW 2044",Evie Networks,Type 2,4.0,150 kW,Weekdays: 8:00 AM - 10:00 PM Weekends: 8:00 AM - 8:00 PM,-33.92288364,151.1652088,nearest=175.335m; gap=33.985m; manual confirmation required
,,"634-726 Princes Hwy, Tempe NSW 2044",Evie,4,DC,150 kW,-33.92288364,151.1652088,Inner West Council,2044,ARENA - Driving the Nation,accepted,coordinate_exact,1.0,False,1457.0,0.0,0.0,68.604245322637,Peclet local snapshot (experimental),FC94,Ikea Tempe charger,"634-726 Princes Hwy, Tempe NSW 2044",Evie Networks,Type 2,4.0,150 kW,Weekdays: 8:00 AM - 10:00 PM Weekends: 8:00 AM - 8:00 PM,-33.92288364,151.1652088,
,,"66 Cliff Rd, Wollongong , NSW 2500",EVX,2,AC,22 kW,-34.41864969,150.9021802,Wollongong City Council,NSW 2500,Existing Destination Chargers,accepted,coordinate_near_clear,0.9,False,177.0,1.577735393973129,1.577735393973129,498.171434247935,Peclet local snapshot (experimental),DC823,1 Georges Place Parking charger,"Georges Place, Wollongong NSW 2500, Australia",EVX,Type 2,2.0,7 kW,Open 24/7,-34.41863745,150.9021715,
,,"66 Glen Innes Rd, Armidale, 2350",Tesla,2,AC,11 kW,-30.49508513,151.6696446,Armidale Regional Council,2350,Existing Destination Chargers,accepted,address_exact_unique,0.97,False,22.0,0.059277715400094716,0.059277715400094716,1242.3399029248596,Peclet local snapshot (experimental),DC83,Armidale Motel charger,"66 Glen Innes Rd, Armidale NSW 2350, Australia",Tesla Destination,Tesla,2.0,11 kW,,-30.495085,151.669644,
,,"66 Princes Hwy, Wollongong, 2519",Chargefox,4,DC,47 kW,-34.39180785,150.8945806,Wollongong City Council,2519,Existing Fast Chargers,review,coordinate_candidate,0.5,True,176.0,1030.1699511031625,1030.1699511031625,0.0,Peclet local snapshot (experimental),DC819,Innovation Campus - SBRC Building 237 charger,"160 Innovation Way, North Wollongong NSW 2500, Australia",,Type 2,1.0,22 kW,Open 24/7,-34.40009045,150.8996111,nearest=1030.170m; gap=0.000m; manual confirmation required
,,"66 Queens Park Rd, Sydney, 2022",Exploren,1,AC,22 kW,-33.89909514,151.2481101,Waverley Council,2022,Existing Destination Chargers,accepted,coordinate_exact,1.0,False,964.0,0.0,0.01809758445947977,356.4162204065476,Peclet local snapshot (experimental),DC624,66 Queens Park Road Parking charger,"66 Queens Park Rd, Queens Park NSW 2022, Australia",Exploren,Type 2,1.0,22 kW,Open 24/7,-33.899095,151.24811,
,,"67 Roberts Rd, Sydney, 2190",Exploren,2,DC,120 kW,-33.90204809,151.0655796,Strathfield,2190,Existing Fast Chargers,review,coordinate_candidate,0.5,True,1568.0,308.4266152073713,308.4266152073713,956.1593864434453,Peclet local snapshot (experimental),HC2694,Roberts Rd Cnr Moondo St Greenacre charger,"87-91 Roberts Rd Cnr Moondo St, Greenacre, NSW, 2190",Ampol,,2.0,125 kW,,-33.9047,151.0646,nearest=308.427m; gap=956.159m; manual confirmation required
,,"67 Shirley St, Byron Bay, 2481",Tesla,1,AC,6 kW,-28.64050055,153.6042332,Byron Shire Council,2481,Existing Destination Chargers,accepted,address_exact_unique,0.97,False,1259.0,4.524178530838255,4.524178530838255,169.15659888638717,Peclet local snapshot (experimental),DC38,Byron Stay charger,"67 Shirley St, Byron Bay NSW 2481, Australia",,Tesla,1.0,kW,Open 24/7,-28.64046,153.604237,
,,"67 Thomas St, Sydney, 2007",Everty,2,AC,22 kW,-33.88328133,151.1988549,"Sydney, Council of the City of",2007,Existing Destination Chargers,review,coordinate_candidate,0.5,True,1389.0,14.508722791280128,14.508722791280128,174.496840233968,Peclet local snapshot (experimental),DC694,UTS Building 10 - InterPark Thomas Street charger,"25 Thomas St, Ultimo NSW 2007, Australia",,Type 2,2.0,kW,"Monday to Friday 6:30am-10pm, Saturday 8am-5:30pm, Sunday Closed",-33.883289,151.198698,nearest=14.509m; gap=174.497m; manual confirmation required
,,"670 Richmond Rd, Sydney, 2761",JOLT,4,DC,25 kW,-33.73553158,150.8513123,Blacktown City Council,2761,Existing Fast Chargers,accepted,address_exact_unique,0.97,False,688.0,4.4206092997685165,4.4206092997685165,1803.762604055075,Peclet local snapshot (experimental),FC216,JOLT Glendenning charger,"670 Richmond Rd, Glendenning NSW 2761, Australia",JOLT,Tesla; Type 2,4.0,25 kW,Open 24/7,-33.73550468,150.8513475,
,,"676 Pacific Hwy, Sydney, 2067",BMW,2,AC,6 kW,-33.798953,151.1784224,Willoughby City Council,2067,Existing Destination Chargers,accepted,address_exact_unique,0.97,False,998.0,21.73816831835603,21.73816831835603,113.80531405970035,Peclet local snapshot (experimental),DC793,North Shore BMW charger,"676 Pacific Hwy, Chatswood NSW 2067, Australia. access off Centennial Ave",ChargePoint,J-1772,2.0,kW,,-33.79914,151.178491,
,,"69 Roxy Lane, Kyogle, 2474",Exploren,2,AC,22 kW,-28.62146551,153.0030681,Kyogle Council,2474,Existing Destination Chargers,review,coordinate_candidate,0.5,True,7.0,5.890142767673984,5.890142767673984,20.557904673631953,Peclet local snapshot (experimental),DC12,Kyogle Museum charger,"6 Roxy Ln, Kyogle NSW 2474, Australia",Exploren,Type 2,2.0,22 kW,Open 24/7,-28.6214861,153.0030125,nearest=5.890m; gap=20.558m; manual confirmation required
,,"69-71 Central Coast Hwy, Gosford West, NSW, 2250",Ampol,2,DC,125 kW,-33.4267831,151.321995,Central Coast Council,2250,ARENA - Driving the Nation,accepted,address_exact_unique,0.97,False,406.0,1.9356335770490127,1.9356335770490127,98.2844715677264,Peclet local snapshot (experimental),HC2689,Central Coast Hwy Gosford West charger,"69-71 Central Coast Hwy, Gosford West, NSW, 2250",Ampol,,2.0,125 kW,,-33.4268,151.322,
,,"7 Bungan St, Sydney, 2103",JOLT,2,DC,25 kW,-33.6760501,151.3031301,Northern Beaches Council,2103,Existing Fast Chargers,review,coordinate_candidate,0.5,True,685.0,10.041987221058262,10.041987221058262,54.45494720252401,Peclet local snapshot (experimental),FC190,Bungan Street charger,"5 Bungan St, Mona Vale NSW 2103",JOLT,Tesla; Type 2,2.0,25 kW,Open 24/7,-33.676139,151.303111,nearest=10.042m; gap=54.455m; manual confirmation required
,,"7 Harbourne Lane, Sydney, 2032",Exploren,1,AC,22 kW,-33.92317822,151.2288448,Randwick City Council,2032,Existing Destination Chargers,review,coordinate_candidate,0.5,True,1754.0,18.99184861472944,18.99184861472944,209.19959362512145,Peclet local snapshot (experimental),DC606,45 - 49 Harbourne Rd Parking charger,"45-49 Harbourne Rd, Kingsford NSW 2032, Australia",Exploren,Type 2,1.0,22 kW,Open 24/7,-33.92319689,151.2286402,nearest=18.992m; gap=209.200m; manual confirmation required
,,"7 Hickson Rd, Sydney, 2000",Tesla,2,AC,6 kW,-33.85558463,151.2094885,"Sydney, Council of the City of",2000,Existing Destination Chargers,accepted,address_exact_unique,0.97,False,560.0,0.08389946268240042,0.08389946268240042,188.86225007968355,Peclet local snapshot (experimental),DC687,Park Hyatt Sydney charger,"7 Hickson Road, The Rocks, New South Wales, Australia, NSW 2000",Tesla Destination,Tesla,2.0,6 kW,,-33.855584,151.209488,
,,"7 Laguna St, Sydney, 2030",Exploren,1,AC,22 kW,-33.85927432,151.2791291,Woollahra Municipal Council,2030,Existing Destination Chargers,accepted,coordinate_exact,1.0,False,1372.0,0.0,0.03676094538531978,194.2413646491057,Peclet local snapshot (experimental),DC621,7 Laguna Street Parking charger,"7 Laguna St, Vaucluse NSW 2030, Australia",Exploren,Type 2,1.0,22 kW,Open 24/7,-33.859274,151.279129,
,,"7 Pemell Street, Toronto, 2283",Exploren,2,DC,40 kW,-33.01454359,151.5961952,Lake Macquarie City Council,2283,Existing Fast Chargers,accepted,address_exact_unique,0.97,False,673.0,44.89337139720621,44.89337139720621,584.2907956342835,Peclet local snapshot (experimental),FC159,Toronto Commercial Centre Carpark charger,"7 Pemell St, Toronto NSW 2283, Australia",Exploren,Type 2,2.0,40 kW,,-33.01436532,151.5957632,
,,"7 Prospect Rd, Sydney, 2130",Exploren,4,AC,22 kW,-33.89044449,151.1313954,Inner West Council,2130,Existing Destination Chargers,review,coordinate_candidate,0.5,True,155.0,182.4898255167309,182.4898255167309,38.92807615481209,Peclet local snapshot (experimental),DC723,Victoria Rd - Ashfield - Arc Renewable charger,"9 Victoria St, Ashfield NSW 2131, Australia",Exploren,Type 2,1.0,22 kW,Open 24/7,-33.891279,151.129693,nearest=182.490m; gap=38.928m; manual confirmation required
,,"7 Tank St, Lithgow, 2790",NRMA,4,DC,50 kW,-33.47800605,150.1611241,"Lithgow Council, City of",2790,Existing Fast Chargers,accepted,coordinate_exact,1.0,False,672.0,0.0,0.01081349220529384,1059.879322565334,Peclet local snapshot (experimental),FC156,Lithgow Workies Club charger,"3-7 Tank St, Lithgow NSW 2790, Australia",NRMA,Tesla; Type 2,4.0,50 kW,Open 24/7,-33.478006,150.161124,
,,"70 Maitland St, Bingara, 2404",Exploren,2,AC,22 kW,-29.86907512,150.5712432,Gwydir Shire Council,2404,Existing Destination Chargers,review,coordinate_candidate,0.5,True,809.0,15.370372932184392,15.370372932184392,744.7287132547806,Peclet local snapshot (experimental),HC2482,Maitland St Bingara charger,"74 Maitland St
Bingara NSW 2404
Australia",Exploren,,2.0,AC,,-29.8691,150.5714,nearest=15.370m; gap=744.729m; manual confirmation required
,,"71 Adelaide St, Sydney, 2025",Exploren,1,AC,22 kW,-33.88844149,151.2513323,Woollahra Municipal Council,2025,Existing Destination Chargers,accepted,coordinate_exact,1.0,False,1765.0,0.0,0.06111874907298921,326.077937913701,Peclet local snapshot (experimental),DC645,71 Adelaide St Parking charger,"71 Adelaide St, Woollahra NSW 2025, Australia",Exploren,Type 2,1.0,22 kW,Open 24/7,-33.888441,151.251332,
,,"71 Bulahdelah Way, Bulahdelah, 2423",Exploren,2,AC,22 kW,-32.40902707,152.2106787,Mid-Coast Council,2423,Existing Destination Chargers,review,coordinate_candidate,0.5,True,1210.0,19.332622048418152,19.332622048418152,4002.154273701734,Peclet local snapshot (experimental),HC2638,Bulahdelah Way Bulahdelah charger,"67-71 Bulahdelah Way
Bulahdelah NSW 2423
Australia",Non-networked,,2.0,AC,,-32.4092,152.2107,nearest=19.333m; gap=4002.154m; manual confirmation required
,,"71 Market St, Wollongong, 2500",Tesla,2,AC,22 kW,-34.42337242,150.8922923,Wollongong City Council,2500,Existing Destination Chargers,accepted,address_exact_unique,0.97,False,1413.0,5.120005393585353,5.120005393585353,61.91908716764964,Peclet local snapshot (experimental),DC829,Wollongong Central - Lower (Market Street) charger,"71 Market St, Wollongong NSW 2500, Australia",Tesla Destination,Tesla; Type 2; J-1772,4.0,3 - 22 kW,Mon-Sun 6am - 12am,-34.423328,150.892307,
,Symbio Wildlife Park,"7-11 Lawrence Hargrave Dr
Helensburgh NSW 2508
Australia",360 EV Charge,4,AC,AC,-34.2054812,150.9687014,Wollongong City Council,2508,Destination Charging R2,accepted,address_exact_unique,0.97,False,1979.0,2.094425403578887,2.094425403578887,2044.8133843142116,Peclet local snapshot (experimental),HC2156,Lawrence Hargrave Dr Helensburgh charger,"7-11 Lawrence Hargrave Dr
Helensburgh NSW 2508
Australia",360 EV Charge,,4.0,AC,,-34.2055,150.9687,
,,"72 Central Ave, Sydney, 2570",Exploren,2,AC,22 kW,-33.99922327,150.7444054,Camden Council,2570,Existing Destination Chargers,review,ambiguous_exact_address,0.5,True,528.0,38.273186192664525,38.273186192664525,19.309929747970756,Peclet local snapshot (experimental),DC542,Camden Council - Oran Park Library Car Park charger,"72 Central Ave, Oran Park NSW 2570, Australia",Exploren,Type 2,2.0,22 kW,,-33.9992608,150.7448181,nearest=38.273m; gap=19.310m; manual confirmation required
,,"72 Christie Street, Sydney, 2065",Exploren,1,AC,22 kW,-33.8245596,151.1957888,Lane Cove Municipal Council,2065,Existing Destination Chargers,accepted,address_exact_unique,0.97,False,995.0,0.09956068953432426,0.09956068953432426,100.5841962760689,Peclet local snapshot (experimental),DC778,72 Christie St Parking charger,"72 Christie St, St Leonards NSW 2065, Australia",Exploren,Type 2,1.0,22 kW,Open 24/7,-33.824559,151.195788,
,,"72 South St, Ulladulla, 2539",Tesla,2,AC,22 kW,-35.36048553,150.4726476,Shoalhaven City Council,2539,Existing Destination Chargers,accepted,address_exact_unique,0.97,False,603.0,0.08020927194491198,0.08020927194491198,268.2362324526203,Peclet local snapshot (experimental),DC881,Harbour View Apartments charger,"72 South St, Ulladulla NSW 2539, Australia",Tesla Destination,Tesla,2.0,22 kW,,-35.360485,150.472647,
,,"725 Pittwater Rd, Sydney, 2099",JOLT,2,DC,25 kW,-33.7523594,151.2865606,Northern Beaches Council,2099,Existing Fast Chargers,review,coordinate_candidate,0.5,True,675.0,155.03060466644686,155.03060466644686,69.38263085863863,Peclet local snapshot (experimental),FC168,"Oaks Ave, Dee Why charger","4-16 Oaks Ave, Dee Why NSW 2099, Australia",JOLT,Tesla; Type 2,2.0,25 kW,Open 24/7,-33.753704,151.287004,nearest=155.031m; gap=69.383m; manual confirmation required
,,"72-78 Brook St, Muswellbrook, 2333",EVUp,2,AC,23 kW,-32.26331336,150.8888208,Muswellbrook Shire Council,2333,Existing Destination Chargers,review,coordinate_candidate,0.5,True,876.0,211.0154206423287,211.0154206423287,309.6593721955033,Peclet local snapshot (experimental),DC184,Muswellbrook Marketplace charger,"Hill Street, Muswellbrook NSW 2333",EVUp,Type 2,2.0,kW,Open 24/7,-32.26199832,150.8904388,nearest=211.015m; gap=309.659m; manual confirmation required
,,"73 Belmore Road, Randwick NSW 2031",Evie,4,DC,50 kW,-33.915171,151.241129,Randwick City Council,2031,ARENA - Driving the Nation,accepted,coordinate_exact,1.0,False,1456.0,0.0,0.0,195.2802320036338,Peclet local snapshot (experimental),FC88,Royal Randwick charger,"73 Belmore Road, Randwick NSW 2031, Australia",Evie Networks,Tesla; Type 2,4.0,50 kW,6:00am - 10:00pm,-33.915171,151.241129,
,,"731-741 Military Rd, Sydney, 2088",Chargefox,2,DC,47 kW,-33.82852457,151.2439029,Mosman Municipal Council,2088,Existing Fast Chargers,review,coordinate_candidate,0.5,True,1109.0,166.36962837891045,166.36962837891045,109.19820082003972,Peclet local snapshot (experimental),HC2547,Gouldsbury St Mosman charger,"Gouldsbury St
Mosman NSW 2088
Australia",Evie Networks,,2.0,75 kW,,-33.8277,151.2424,nearest=166.370m; gap=109.198m; manual confirmation required
,,"733 Pacific Hwy, Central Coast, 2250",Tesla,2,AC,22 kW,-33.39264769,151.3538759,Central Coast Council,2250,Existing Destination Chargers,accepted,address_exact_unique,0.97,False,85.0,27.193096008680403,27.193096008680403,1542.8466811687226,Peclet local snapshot (experimental),DC316,Gosford Inn Motel charger,"733 Pacific Hwy, Narara NSW 2250, Australia",Tesla Destination,Tesla,2.0,22 kW,,-33.392429,151.354007,
,Roxy Theatre,"74 Maitland St
Bingara NSW 2404
Australia",Exploren,2,AC,AC,-29.869128,150.5714344,Gwydir Shire Council,2404,Destination Charging R2,accepted,address_exact_unique,0.97,False,809.0,4.549296866976943,4.549296866976943,745.9726647753898,Peclet local snapshot (experimental),HC2482,Maitland St Bingara charger,"74 Maitland St
Bingara NSW 2404
Australia",Exploren,,2.0,AC,,-29.8691,150.5714,
,,"741 George St, Windsor, 2756",Ampol,4,DC,150 kW,-33.63860965,150.7837227,Hawkesbury City Council,2756,Existing Fast Chargers,review,coordinate_candidate,0.5,True,906.0,3864.9601364996697,3864.9601364996697,847.0978744851373,Peclet local snapshot (experimental),DC331,Crowne Plaza Hawkesbury Valley charger,"61 Hawkesbury Valley Way, Windsor NSW 2756, Australia",Tesla Destination,Tesla,2.0,6 kW,Open 24/7,-33.609917,150.807283,nearest=3864.960m; gap=847.098m; manual confirmation required
,,"75 St Johns Rd, Glebe , 2037",EVX,2,AC,22 kW,-33.88109314,151.1871081,"Sydney, Council of the City of",2037,Existing Destination Chargers,accepted,address_exact_unique,0.97,False,552.0,8.771951057214995,8.771951057214995,690.8141525647011,Peclet local snapshot (experimental),DC628,St Johns Rd Parking charger,"75 St Johns Rd, Glebe NSW 2037",EVX,Type 2,2.0,kW,Open 24/7,-33.8811513,151.1870439,
,,"76 Cowper St, Wallsend, 2287",NRMA,4,DC,50 kW,-32.90272177,151.6697678,Newcastle City Council,2287,Existing Fast Chargers,accepted,address_exact_unique,0.97,False,1469.0,0.11361747328157455,0.11361747328157455,195.48345786499206,Peclet local snapshot (experimental),FC160,Wallsend Car Park charger,"76 Cowper St, Wallsend NSW 2287, Australia",NRMA,Tesla; Type 2,4.0,50 kW,Open 24/7,-32.902721,151.669767,
,,"76 Cygnet Ave, Blackbutt, 2529",Chargefox,2,AC,22 kW,-34.56574679,150.8354645,Shellharbour City Council,2529,Existing Destination Chargers,accepted,address_exact_unique,0.97,False,1807.0,0.0543292177727878,0.0543292177727878,181.90911401825159,Peclet local snapshot (experimental),DC866,Shellharbour Civic Centre charger,"76 Cygnet Ave, Shellharbour City Centre NSW 2529, Australia",Chargefox,Type 2,2.0,22 kW,9am - 5pm Monday to Friday 9am - 2:30pm Weekends,-34.56574633,150.8354643,
,,"76 Wingewarra St, Dubbo , 2830",Tesla,8,DC,130 kW,-32.24995,148.6091822,Dubbo Regional Council,2830,Existing Fast Chargers,accepted,coordinate_exact,1.0,False,1483.0,0.0,0.018808137858465808,64.15608056332354,Peclet local snapshot (experimental),FC226,Dubbo Supercharger charger,"76 Wingewarra Street, Dubbo, Australia, 2830",Tesla Supercharge,Type 2; J-1772,8.0,120 kW,Open 24/7,-32.24995,148.609182,
,,"77 Broken Head Rd, Byron Bay, 2481",Exploren,2,AC,22 kW,-28.67623328,153.6107117,Byron Shire Council,2481,Existing Destination Chargers,review,coordinate_candidate,0.5,True,1257.0,291.71619659661303,291.71619659661303,82.87760892657548,Peclet local snapshot (experimental),DC25,Byron at Byron Resort and Spa charger,"77-97 Broken Head Rd, Byron Bay, NSW, Australia 2481",Tesla Destination,Tesla,2.0,22 kW,,-28.678802,153.610104,nearest=291.716m; gap=82.878m; manual confirmation required
,,"77 Darling St, Cowra, 2794",NRMA,2,DC,50 kW,-33.83451056,148.6935365,Cowra Shire Council,2794,Existing Fast Chargers,accepted,address_exact_unique,0.97,False,1858.0,91.5654865093728,91.5654865093728,29957.473414223536,Peclet local snapshot (experimental),FC139,Cowra Art Gallery charger,"77 Darling St, Cowra NSW 2794, Australia",NRMA,Tesla; Type 2,2.0,50 kW,Open 24/7,-33.834112,148.694404,
,,"77 Lagoon St, Goulburn, 2580",Tesla,2,AC,22 kW,-34.74772577,149.7293734,Goulburn Mulwaree Council,2580,Existing Destination Chargers,accepted,address_exact_unique,0.97,False,1414.0,12.734636810684561,12.734636810684561,1087.200167732414,Peclet local snapshot (experimental),DC848,Best Western Plus Goulburn charger,"77 Lagoon St, Goulburn NSW 2580, Australia",Tesla Destination,Tesla; Type 2,5.0,22 kW,,-34.747615,149.729338,
,,"772 Anzac Pde, Sydney, 2035",Evie,4,DC,75 kW,-33.93800905,151.2385195,Randwick City Council,2035,Existing Fast Chargers,review,coordinate_candidate,0.5,True,299.0,301.9659018075271,301.9659018075271,188.63176654614438,Peclet local snapshot (experimental),HC2060,Anzac Pde Maroubra charger,"872 Anzac Pde, Maroubra, NSW, 2035",Evie Networks,,4.0,75 kW,,-33.9406,151.2395,nearest=301.966m; gap=188.632m; manual confirmation required
,,"773 Old South Head Rd, Sydney, 2030",Chargefox,2,DC,40 kW,-33.85700205,151.2828038,Woollahra Municipal Council,2030,Existing Fast Chargers,accepted,address_exact_unique,0.97,False,534.0,3.277330529510697,3.277330529510697,419.7631359878396,Peclet local snapshot (experimental),DC561,Christison Park - Old South Head Rd charger,"773 Old South Head Rd, Vaucluse NSW 2030, Australia",Chargefox,Type 2,2.0,22 kW,Open 24/7,-33.856988,151.282835,
,,"77-97 Broken Head Rd, Suffolk Park, 2481",Tesla,2,AC,22 kW,-28.67817222,153.6103784,Byron Shire Council,2481,Existing Destination Chargers,accepted,address_exact_unique,0.97,False,1257.0,74.97027236912639,74.97027236912639,508.53928619706767,Peclet local snapshot (experimental),DC25,Byron at Byron Resort and Spa charger,"77-97 Broken Head Rd, Byron Bay, NSW, Australia 2481",Tesla Destination,Tesla,2.0,22 kW,,-28.678802,153.610104,
,,"78 Great Western Hwy Cnr Ross St, Glenbrook, NSW, 2773",Ampol,2,DC,125 kW,-33.7653881,150.6214758,Blue Mountains City Council,2773,ARENA - Driving the Nation,accepted,address_exact_unique,0.97,False,1052.0,1.8673864594047582,1.8673864594047582,2465.865183848108,Peclet local snapshot (experimental),FC44,Ampol Foodary Glenbrook charger,"78 Great Western Hwy, Glenbrook NSW 2773, Australia",AmpCharge,Tesla; Type 2,2.0,150 kW,Open 24/7,-33.76539099,150.6214957,
,,"7-9 Irvine Pl, Sydney, 2153",Chargefox,4,DC,125 kW,-33.73886191,150.9475235,The Hills Shire Council,2153,Existing Fast Chargers,review,coordinate_candidate,0.5,True,1479.0,56.407232539976555,56.407232539976555,202.7513366740795,Peclet local snapshot (experimental),FC213,7 Irvine Place Building charger,"7 Irvine Place, Bella Vista NSW 2153, Australia",Everty,Type 2,4.0,140 kW,"7am Ã 11pm, 7 days per week.",-33.73929068,150.9471975,nearest=56.407m; gap=202.751m; manual confirmation required
,,"7-9 New Beach Rd, Sydney, 2027",Chargefox,2,AC,22 kW,-33.87574379,151.2321331,Woollahra Municipal Council,2027,Existing Destination Chargers,review,coordinate_candidate,0.5,True,788.0,391.6655729400675,391.6655729400675,39.96313611139766,Peclet local snapshot (experimental),HC2044,New Beach Rd Darling Point charger,"42 New Beach Rd, Darling Point, NSW, 2027",Chargefox,,2.0,7 kW,,-33.8734,151.2353,nearest=391.666m; gap=39.963m; manual confirmation required
,,"8 Central Pl, Sydney, 2760",Tesla,1,AC,22 kW,-33.73243848,150.7804575,Blacktown City Council,2760,Existing Destination Chargers,accepted,coordinate_near_clear,0.9,False,1311.0,0.07061588850247921,0.07061588850247921,3088.676434915657,Peclet local snapshot (experimental),DC328,Ropes Crossing Village Shopping Centre charger,"8 Ropes Crossing Blvd, Ropes Crossing NSW 2760, Australia",Tesla Destination,Tesla,1.0,22 kW,,-33.732438,150.780457,
,,"8 Euston Rd, Sydney, 2015",Exploren,2,DC,120 kW,-33.90533738,151.1936567,"Sydney, Council of the City of",2015,Existing Fast Chargers,review,coordinate_candidate,0.5,True,539.0,577.9178613338097,577.9178613338097,65.45131542050001,Peclet local snapshot (experimental),DC585,2 Huntley St Parking charger,"2 Huntley Street Alexandria, NSW 2015, Australia",EVX,Type 2,2.0,kW,,-33.91052886,151.193954,nearest=577.918m; gap=65.451m; manual confirmation required
,,"8 Federation Rd, Sydney, 2050",Exploren,2,DC,50 kW,-33.89360765,151.1783463,Inner West Council,2050,Existing Fast Chargers,accepted,address_exact_unique,0.97,False,727.0,12.710109106037,12.710109106037,91.8609838605646,Peclet local snapshot (experimental),HC2144,Federation Rd Camperdown charger,"8 Federation Rd
Camperdown NSW 2050
Australia",EVE Australia,,2.0,60 kW,,-33.8935,151.1783,
,,"8 Greenfield Pde, Sydney, 2200",Exploren,3,AC,22 kW,-33.91993998,151.0338799,Canterbury Bankstown Council,2200,Existing Destination Chargers,review,coordinate_candidate,0.5,True,1380.0,585.9445477762273,585.9445477762273,796.3597001495144,Peclet local snapshot (experimental),DC668,Canterbury Bankstown Council charger,"Civic Tower, 1/66-72 Rickard Road, Bankstown NSW 2200, Australia",Exploren,Type 2,4.0,7 kW,Open 24/7,-33.9150671,151.0362969,nearest=585.945m; gap=796.360m; manual confirmation required
,,"8 Greenfield Pde, Sydney, 2200",Tesla,2,AC,6 kW,-33.91956561,151.0336657,Canterbury Bankstown Council,2200,Existing Destination Chargers,review,coordinate_candidate,0.5,True,1380.0,556.0213067840386,556.0213067840386,861.9415232528875,Peclet local snapshot (experimental),DC668,Canterbury Bankstown Council charger,"Civic Tower, 1/66-72 Rickard Road, Bankstown NSW 2200, Australia",Exploren,Type 2,4.0,7 kW,Open 24/7,-33.9150671,151.0362969,nearest=556.021m; gap=861.942m; manual confirmation required
,,"8 Kosciuszko Rd, Jindabyne, 2627",BP,4,DC,75 kW,-36.4147548,148.6177838,Snowy Monaro Regional Council,2627,Existing Fast Chargers,review,coordinate_candidate,0.5,True,208.0,146.57055450335318,146.57055450335318,77.85745195934385,Peclet local snapshot (experimental),DC982,Rydges Horizon Snowy Mountains charger,"10 Kosciuszko Rd, Jindabyne NSW 2627, Australia",Tesla Destination,Tesla,2.0,22 kW,Open 24/7,-36.414687,148.616148,nearest=146.571m; gap=77.857m; manual confirmation required
,,"8 Kylie Clos, Central Coast, 2263",Tesla,2,AC,22 kW,-33.24437942,151.5005706,Central Coast Council,2263,Existing Destination Chargers,review,coordinate_candidate,0.5,True,1182.0,148.10560039207758,148.10560039207758,332.79283490007384,Peclet local snapshot (experimental),HC2706,Lake Haven Dr Lake Haven charger,"Lake Haven Dr, Lake Haven NSW 2263",Engie,,2.0,150 kW,,-33.2446,151.499,nearest=148.106m; gap=332.793m; manual confirmation required
,,"8 Soudan St, Sydney, 2031",Exploren,1,AC,22 kW,-33.91899704,151.2418258,Randwick City Council,2031,Existing Destination Chargers,accepted,address_exact_unique,0.97,False,559.0,14.66215327034951,14.66215327034951,205.4919413052404,Peclet local snapshot (experimental),DC676,East Sydney Community Christian Church charger,"8 Soudan St, Randwick NSW 2031, Australia",Exploren,Type 2,1.0,22 kW,Open 24/7,-33.91912763,151.2418478,
,,"8 Stanley St, Bathurst, 2795",NRMA,1,AC,22 kW,-33.4136517,149.5853904,Bathurst Regional Council,2795,Existing Destination Chargers,accepted,address_exact_unique,0.97,False,1607.0,29.218437371726047,29.218437371726047,161.48389053584557,Peclet local snapshot (experimental),HC2155,Stanley St Bathurst charger,"8 Stanley St, Bathurst, NSW, 2795, Australia",NRMA,,4.0,DC,,-33.4134,149.5853,
,,"8 White Hart Dr, Sydney, 2155",Tesla,2,AC,13 kW,-33.69232237,150.9266517,The Hills Shire Council,2155,Existing Destination Chargers,review,coordinate_candidate,0.5,True,1317.0,332.2276867705755,332.2276867705755,586.7551187038767,Peclet local snapshot (experimental),DC358,Rouse Hill Town Centre - Purple Car Park charger,"72 Civic Way, Rouse Hill, NSW, 2155, Australia",Tesla Destination,Type 2,2.0,22 kW,Free parking for 3 hours,-33.690144,150.924194,nearest=332.228m; gap=586.755m; manual confirmation required
,,"8/24 Cross St, Wagga Wagga, NSW 2650",NRMA,2,DC,50 kW,-31.7223908,148.6571378,Wagga Wagga City Council,2827,TfNSW Regional,accepted,coordinate_exact,1.0,False,1478.0,0.0,0.0,58466.84951636042,Peclet local snapshot (experimental),FC211,NRMA - Gilgandra (Museum and Historical Society) charger,6 Castlereagh St Gilgandra NSW 2827,NRMA,Tesla; Type 2,4.0,75 kW,,-31.7223908,148.6571378,
,,"80 Little Barber St, Gunnedah, 2380",NRMA,2,DC,50 kW,-30.97803908,150.2508509,Gunnedah Shire Council,2380,Existing Fast Chargers,review,coordinate_candidate,0.5,True,249.0,17.523334019088175,17.523334019088175,220.16029482039042,Peclet local snapshot (experimental),FC195,Little Barber St Parking Lot charger,"73 Little Barber St, Gunnedah NSW 2380, Australia",NRMA,Tesla; Type 2,2.0,50 kW,Open 24/7,-30.978145,150.250987,nearest=17.523m; gap=220.160m; manual confirmation required
,,"81 Eastern Rd, Sydney, 2766",Exploren,4,AC,22 kW,-33.7708529,150.8541522,Blacktown City Council,2766,Existing Destination Chargers,review,coordinate_candidate,0.5,True,913.0,142.39585372073586,142.39585372073586,710.720700492665,Peclet local snapshot (experimental),DC366,Blacktown Exercise Sports and Technology Hub at the International sports park charger,"Gate A, Eastern Rd, Rooty Hill NSW 2766, Australia",,Type 2,4.0,kW,Open 24/7,-33.76957513,150.8542545,nearest=142.396m; gap=710.721m; manual confirmation required
,,"81 Hickory St, Dorrigo, NSW 2453, Australia",NRMA,4,DC,75 kW,-30.9529988,148.3875852,Bellingen Shire Council,2829,TfNSW Regional,accepted,address_exact_unique,0.97,False,1180.0,1.4176158557779674,1.4176158557779674,38.193516591655616,Peclet local snapshot (experimental),HC2672,Hickory St Dorrigo charger,"81 Hickory St, Dorrigo, NSW 2453, Australia",NRMA,,4.0,75 kW,,-30.953,148.3876,
,,"81 Meehan St, Yass NSW 2582, Australia",NRMA,2,DC,50 kW,-34.428348,150.9001506,Yass Valley Council,2500,TfNSW Regional,accepted,address_exact_unique,0.97,False,243.0,187557.69648225085,8.895764345790834,159.29206034547525,Peclet local snapshot (experimental),FC148,Yass Banjo Paterson Park charger,"81 Meehan St, Yass NSW 2582, Australia",NRMA,Tesla; Type 2,2.0,50 kW,Open 24/7,-34.841228,148.912485,
,,"81 Merilba St, Tottenham, 2873",Exploren,2,AC,22 kW,-32.24494099,147.3564975,Lachlan Shire Council,2873,Existing Destination Chargers,review,coordinate_candidate,0.5,True,1119.0,554.8183069129476,554.8183069129476,76580.55790114444,Peclet local snapshot (experimental),HC2145,Bulbodney St Tottenham charger,"Bulbodney St
Tottenham NSW 2873
Australia",Exploren,,2.0,AC,,-32.2495,147.3541,nearest=554.818m; gap=76580.558m; manual confirmation required
,,"8-10 Perkins St, Newcastle, 2300",Chargefox,3,AC,6 kW,-32.92698103,151.7787127,Newcastle City Council,2300,Existing Destination Chargers,accepted,coordinate_near_clear,0.9,False,74.0,3.271590754394689,3.271590754394689,113.33147167946836,Peclet local snapshot (experimental),DC285,Victoria Theatre charger,"8/10 Perkins St, Newcastle NSW 2300, Australia",Chargefox,Type 2,4.0,7 kW,,-32.926963,151.778685,
,,"818-820 George St, Sydney , 2000",Exploren,2,AC,6 kW,-33.88426331,151.203022,"Sydney, Council of the City of",2000,Existing Destination Chargers,review,coordinate_candidate,0.5,True,1378.0,5.91124766134963,5.91124766134963,267.71350493720263,Peclet local snapshot (experimental),DC662,Mercure Sydney charger,"818 George St, Chippendale NSW 2008, Australi, Chippendale 2008",Exploren,Type 2,2.0,7 kW,Open 24/7,-33.88424908,151.2030837,nearest=5.911m; gap=267.714m; manual confirmation required
,,"819-827 Anzac Pde, Sydney, 2035",JOLT,2,DC,25 kW,-33.94349854,151.2397227,Randwick City Council,2035,Existing Fast Chargers,review,coordinate_candidate,0.5,True,679.0,5.9322900862145795,5.9322900862145795,79.18307229267432,Peclet local snapshot (experimental),FC176,Anzac Parade Car Park charger,"827 Anzac Parade, Maroubra NSW 2035, Australia",JOLT,Tesla; Type 2,2.0,25 kW,Open 24/7,-33.943551,151.239711,nearest=5.932m; gap=79.183m; manual confirmation required
,,"82 Marsh St, Armidale, NSW 2350, Australia",NRMA,2,DC,50 kW,-34.4476103,147.5348555,Armidale Regional Council,2666,TfNSW Regional,review,ambiguous_exact_address,0.5,True,1152.0,4.238166672725018,4.238166672725018,149.9977244241321,Peclet local snapshot (experimental),HC2753,Marsh St Armidale charger,"82 Marsh St, Armidale, NSW 2350, Australia",NRMA,,2.0,50 kW,,-34.4476,147.5349,nearest=4.238m; gap=149.998m; manual confirmation required
,,"82A O'Connell St, Sydney, 2747",Evie,2,DC,50 kW,-33.76927632,150.7354595,Penrith City Council,2747,Existing Fast Chargers,review,ambiguous_exact_address,0.5,True,660.0,5.040606502055528,5.040606502055528,0.0,Peclet local snapshot (experimental),FC99,Caddens Corner charger,"82a O'Connell St, Kingswood NSW 2747, Australia",Evie Networks,Tesla; Type 2,2.0,50 kW,Open 24/7,-33.7693,150.735413,nearest=5.041m; gap=0.000m; manual confirmation required
,,"83 Mulgoa Rd, Sydney, 2750",Exploren,4,AC,22 kW,-33.75706111,150.6853103,Penrith City Council,2750,Existing Destination Chargers,accepted,address_exact_unique,0.97,False,1316.0,57.9057231676208,57.9057231676208,1032.178154093319,Peclet local snapshot (experimental),DC355,Western Sydney Conference Centre charger,"83 Mulgoa Rd, Penrith NSW 2750, Australia, Penrith 2750",Exploren,Type 2,4.0,22 kW,Gates close at 11:00pm Gates open by 7:00am (may be earlier),-33.75755688,150.6851186,
,,"84 Market St, Mudgee, 2850",Tesla,2,AC,22 kW,-32.59012017,149.5852262,Mid-Western Regional Council,2850,Existing Destination Chargers,accepted,address_exact_unique,0.97,False,60.0,6.096846620964861,6.096846620964861,149.40769463063444,Peclet local snapshot (experimental),DC249,Mudgee Information Centre charger,"84 Market St, Mudgee NSW 2850, Australia",Tesla Destination,Tesla,1.0,11 kW,Open 24/7,-32.590175,149.585226,
,,"85/91 Commissioner St, Cooma , 2630",Tesla,8,DC,150 kW,-36.23552257,149.1267948,Snowy Monaro Regional Council,2630,Existing Fast Chargers,accepted,coordinate_near_clear,0.9,False,1482.0,0.09573618967782042,0.09573618967782042,1007.6968155623782,Peclet local snapshot (experimental),FC223,Centennial Plaza charger,"97 Commissioner St, Cooma NSW 2630, Australia",Tesla Supercharge,Type 2; J-1772,8.0,120 kW,Open 24/7,-36.235522,149.126794,
,,"86 Arncliffe St, Sydney, 2205",Exploren,1,AC,22 kW,-33.93058763,151.1537047,Bayside Council,2205,Existing Destination Chargers,accepted,address_exact_unique,0.97,False,136.0,5.651549555545577,5.651549555545577,383.29621038489466,Peclet local snapshot (experimental),DC622,86 Arncliffe St Parking charger,"86 Arncliffe Street, Wolli Creek NSW 2205, Australia",Exploren,Type 2,1.0,22 kW,Open 24/7,-33.9306294,151.1536698,
,,"86 Meehan St, Yass, 2582",Tesla,3,AC,22 kW,-34.84183188,148.9125756,Yass Valley Council,2582,Existing Destination Chargers,accepted,address_exact_unique,0.97,False,1022.0,27.633640349618176,27.633640349618176,40.02189449553401,Peclet local snapshot (experimental),DC925,Yass Soldiers Club charger,"86 Meehan St, Yass NSW 2582, Australia",Tesla Destination,Tesla,1.0,22 kW,,-34.84189,148.91287,
,,"86a Victoria Rd, Sydney, 2204",Exploren,2,AC,22 kW,-33.90573978,151.1683814,Inner West Council,2204,Existing Destination Chargers,review,coordinate_candidate,0.5,True,793.0,84.49611718153307,84.49611718153307,243.36373054984244,Peclet local snapshot (experimental),HC2141,Victoria Rd Marrickville charger,"80 Victoria Rd
Marrickville NSW 2204
Australia",EVE Australia,,2.0,22 kW,,-33.9063,151.169,nearest=84.496m; gap=243.364m; manual confirmation required
,,"87 De Vitre St, Newcastle, 2299",Chargefox,2,AC,22 kW,-32.91108013,151.7086046,Newcastle City Council,2299,Existing Destination Chargers,review,coordinate_candidate,0.5,True,1890.0,29.797679485759286,29.797679485759286,1202.9166224209553,Peclet local snapshot (experimental),HC2241,De Vitre St Lambton charger,"81 De Vitre St
Lambton NSW 2299
Australia",Chargefox,,2.0,7 kW,,-32.911,151.7083,nearest=29.798m; gap=1202.917m; manual confirmation required
,,"87 Tallwood Ave, Mollymook Beach, 2539",Tesla,1,AC,22 kW,-35.3250561,150.4763784,Shoalhaven City Council,2539,Existing Destination Chargers,accepted,coordinate_exact,1.0,False,1015.0,0.0,0.03795427867035423,831.812120700337,Peclet local snapshot (experimental),DC884,Bannisters Pavilion charger,"87 Tallwood Avenue, Mollymook, New South Wales, Australia, NSW 2539",,Type 2,3.0,kW,,-35.325056,150.476378,
,,"87 Winbourne Rd, Sydney, 2100",JOLT,2,DC,25 kW,-33.76207512,151.2724464,Northern Beaches Council,2100,Existing Fast Chargers,accepted,address_exact_unique,0.97,False,1470.0,11.497122856748424,11.497122856748424,283.6944853691267,Peclet local snapshot (experimental),FC167,Winbourne Rd Parking charger,"87 Winbourne Rd, Brookvale NSW 2100, Australia",JOLT,Tesla; Type 2,2.0,25 kW,Open 24/7,-33.7620831,151.2725704,
,,"872 Anzac Pde, Sydney, 2035",Evie,2,DC,75 kW,-33.94314819,151.2396466,Randwick City Council,2035,Existing Fast Chargers,accepted,address_exact_unique,0.97,False,299.0,283.6683420196237,45.18267218923957,11.811200028194328,Peclet local snapshot (experimental),HC2060,Anzac Pde Maroubra charger,"872 Anzac Pde, Maroubra, NSW, 2035",Evie Networks,,4.0,75 kW,,-33.9406,151.2395,
,,"875 Richmond Rd, Marsden Park, NSW, 2765",Ampol,2,DC,125 kW,-33.716109,150.8453094,Blacktown City Council,2765,ARENA - Driving the Nation,review,ambiguous_exact_address,0.5,True,1213.0,1.3256712866154094,1.3256712866154094,87.14268893106298,Peclet local snapshot (experimental),HC2655,Richmond Rd Marsden Park charger,"875 Richmond Rd, Marsden Park, NSW, 2765",Ampol,,2.0,125 kW,,-33.7161,150.8453,nearest=1.326m; gap=87.143m; manual confirmation required
,,"87-91 Roberts Rd Cnr Moondo St, Greenacre, NSW, 2190",Ampol,2,DC,125 kW,-33.9047231,151.0645884,Strathfield Municipal Council,2190,ARENA - Driving the Nation,accepted,address_exact_unique,0.97,False,1568.0,2.7827646946242437,2.7827646946242437,1092.3983636350238,Peclet local snapshot (experimental),HC2694,Roberts Rd Cnr Moondo St Greenacre charger,"87-91 Roberts Rd Cnr Moondo St, Greenacre, NSW, 2190",Ampol,,2.0,125 kW,,-33.9047,151.0646,
,,"88 Broadway, Sydney, 2008",Tesla,3,AC,9 kW,-33.88482987,151.1986226,"Sydney, Council of the City of",2008,Existing Destination Chargers,review,coordinate_candidate,0.5,True,981.0,85.8801912275378,85.8801912275378,85.59804899986007,Peclet local snapshot (experimental),DC693,"Four Points by Sheraton Sydney, Central Park charger","88 Broadway Hotel, Chippendale NSW 2008, Australia",,Type 2,3.0,kW,Open 24/7,-33.88487985,151.199551,nearest=85.880m; gap=85.598m; manual confirmation required
,,"88 Christie St, St Leonards NSW 2065",Evie,4,DC,50 kW,-33.82378797,151.1951941,North Sydney Council,2065,ARENA - Driving the Nation,accepted,coordinate_exact,1.0,False,1849.0,0.0,0.0,6.903734524233,Peclet local snapshot (experimental),FC90,Civic Plaza 88 Christie charger,"88 Christie St, St Leonards NSW 2065, Australia",Evie Networks,Tesla; Type 2,4.0,50 kW,6am - 1am,-33.82378797,151.1951941,
,,"88 Lockhart Rd, Tooleybuc, 2736",ChargeHub,2,AC,22 kW,-35.02261066,143.3372102,Murray River Council,2736,Existing Destination Chargers,review,coordinate_candidate,0.5,True,1819.0,38.05244049329197,38.05244049329197,2880.4299837081385,Peclet local snapshot (experimental),DC939,Tooleybuc Club Motor Inn charger,"1 Lockhart Road, Tooleybuc NSW 2736",,Type 2,8.0,22 kW,Open 24/7,-35.02229841,143.3373812,nearest=38.052m; gap=2880.430m; manual confirmation required
,,"88 Parker St, Sydney, 2747",Exploren,2,AC,22 kW,-33.75796501,150.7125445,Penrith City Council,2747,Existing Destination Chargers,review,coordinate_candidate,0.5,True,909.0,519.628756888045,519.628756888045,1002.3754343814103,Peclet local snapshot (experimental),DC341,Littomore Kingswood Hotel charger,"10 Hargrave St, Kingswood NSW 2747, Australia",,Type 2,1.0,kW,Open 24/7,-33.76122443,150.7165725,nearest=519.629m; gap=1002.375m; manual confirmation required
,,"888 Pittwater Rd, Sydney, 2099",Tesla,4,DC,250 kW,-33.75321026,151.2873604,Northern Beaches Council,2099,Existing Fast Chargers,review,coordinate_candidate,0.5,True,675.0,64.03003175576998,64.03003175576998,70.66068133778185,Peclet local snapshot (experimental),FC168,"Oaks Ave, Dee Why charger","4-16 Oaks Ave, Dee Why NSW 2099, Australia",JOLT,Tesla; Type 2,2.0,25 kW,Open 24/7,-33.753704,151.287004,nearest=64.030m; gap=70.661m; manual confirmation required
,,"88-90 Houston Rd, Sydney, 2032",Evie,2,DC,50 kW,-33.92407212,151.2266947,Randwick City Council,2032,Existing Fast Chargers,review,coordinate_candidate,0.5,True,1496.0,14.228013401498332,14.228013401498332,189.96308314586975,Peclet local snapshot (experimental),HC2083,Houston Rd Kingsford charger,"92 Houston Rd
Kingsford NSW 2032
Australia",Evie Networks,,2.0,50 kW,,-33.9242,151.2267,nearest=14.228m; gap=189.963m; manual confirmation required
,,"89 Barwan St, Narrabri, NSW 2390, Australia,",NRMA,4,DC,50 kW,-29.0572067,152.0186837,Narrabri Shire Council,2372,TfNSW Regional,accepted,address_exact_unique,0.97,False,1912.0,1.7507711997931028,1.7507711997931028,23.25123767668996,Peclet local snapshot (experimental),HC2673,Barwan St Narrabri charger,"89 Barwan St, Narrabri, NSW 2390, Australia,",NRMA,,4.0,50 kW,,-29.0572,152.0187,
,,"89 Market St, Balranald, 2715",NRMA,2,DC,50 kW,-34.63954159,143.5647087,Balranald Shire Council,2715,Existing Fast Chargers,accepted,coordinate_near_clear,0.9,False,1071.0,0.09167918963873048,0.09167918963873048,45034.47862244909,Peclet local snapshot (experimental),FC121,Balranald Discovery Centre charger,"85 Market St, Balranald NSW 2715, Australia",NRMA,Tesla; Type 2,2.0,50 kW,Open 24/7,-34.639541,143.564708,
,,"89 Williamson Rd, Sydney, 2565",BP,4,DC,150 kW,-33.98851456,150.8593694,Campbelltown City Council,2565,Existing Fast Chargers,accepted,address_exact_unique,0.97,False,1447.0,25.89034238743447,25.89034238743447,1899.9707086143283,Peclet local snapshot (experimental),FC47,BP Ingleburn charger,"89 Williamson Road, MacDonald Rd, Ingleburn NSW 2565, Australia",bp pulse,Type 2,4.0,75 kW,Open 24/7,-33.98873226,150.8592698,
,,"89-113 Kent St, Sydney, 2000",Tesla,3,AC,22 kW,-33.86050055,151.2036006,"Sydney, Council of the City of",2000,Existing Destination Chargers,accepted,address_exact_unique,0.97,False,1388.0,0.08251990091624391,0.08251990091624391,200.81380547950786,Peclet local snapshot (experimental),DC692,The Langham Hotel Sydney charger,"89-113 Kent St,Millers Point, Sydney NSW 2000, Australia",Tesla Destination,Tesla; Type 2,4.0,22 kW,Open 24/7,-33.8605,151.2036,
,,"895 South Dowling St, Sydney, 2017",Chargefox,3,DC,165 kW,-33.90701506,151.213019,"Sydney, Council of the City of",2017,Existing Fast Chargers,accepted,coordinate_exact,1.0,False,641.0,0.0,0.02847819878413342,167.3282622539506,Peclet local snapshot (experimental),FC12,Audi Centre Sydney charger,"895 South Dowling Street, Zetland, 2017",Chargefox,Type 2,1.0,165kW,Open 24/7,-33.907015,151.2130187,
,,"8s South Steyne, Sydney, 2095",Exploren,2,AC,22 kW,-33.79987792,151.2894434,Northern Beaches Council,2095,Existing Destination Chargers,review,coordinate_candidate,0.5,True,172.0,84.63401641024518,84.63401641024518,461.36272938622403,Peclet local snapshot (experimental),DC805,25 Ashburner St Parking charger,"25 Ashburner St, Manly NSW 2095, Australia",Exploren,Type 2,1.0,22 kW,Open 24/7,-33.80053036,151.2889717,nearest=84.634m; gap=461.363m; manual confirmation required
,,"9 Anzac Ave, Sydney, 2097",Exploren,1,AC,22 kW,-33.73860765,151.3041171,Northern Beaches Council,2097,Existing Destination Chargers,accepted,address_exact_unique,0.97,False,1323.0,13.164941099513175,13.164941099513175,1816.0190854274983,Peclet local snapshot (experimental),DC372,9 Anzac Ave Parking charger,"9 Anzac Ave, Collaroy NSW 2097, Australia",Exploren,Type 2,1.0,22 kW,Open 24/7,-33.73861146,151.3039748,
,,"9 Barracluff Ave, Sydney, 2026",Chargefox,2,AC,22 kW,-33.88954959,151.2665495,Waverley Council,2026,Existing Destination Chargers,review,coordinate_candidate,0.5,True,1490.0,44.82048847940488,44.82048847940488,353.7087835849841,Peclet local snapshot (experimental),HC2035,Rickard Ave Bondi Beach charger,"2 Rickard Ave
Bondi Beach NSW 2026
Australia",Chargefox,,2.0,22 kW,,-33.8897,151.267,nearest=44.820m; gap=353.709m; manual confirmation required
,,"9 Chilvers Rd, Sydney, 2120",Exploren,2,AC,22 kW,-33.72340145,151.0824214,"Hornsby, The Council of the Shire of",2120,Existing Destination Chargers,review,coordinate_candidate,0.5,True,512.0,234.5379112463745,234.5379112463745,1.2078990371864222,Peclet local snapshot (experimental),DC472,Thornleigh Squash and Fitness charger,"6 Duffy Ave, Thornleigh NSW 2120, Australia",,Type 2,1.0,kW,10am to 10pm,-33.725317,151.083483,nearest=234.538m; gap=1.208m; manual confirmation required
,,"9 Eastern Valley Way, Northbridge NSW 2063",Evie,4,DC,50 kW,-33.809326,151.208848,North Sydney Council,2063,ARENA - Driving the Nation,accepted,coordinate_exact,1.0,False,1850.0,0.0,0.0,836.1391398961142,Peclet local snapshot (experimental),FC95,Northbridge Plaza charger,9 Eastern Valley Way (or 16 Harden Avenue) Northbridge NSW,Evie Networks,Tesla; Type 2,4.0,50 kW,Open 24/7,-33.809326,151.208848,
,,"9 Flinders St, Wollongong North, NSW, 2500",Ampol,2,DC,125 kW,-34.4151195,150.8931953,Wollongong City Council,2500,ARENA - Driving the Nation,review,ambiguous_exact_address,0.5,True,321.0,2.210748973856256,2.210748973856256,5.243632263887574,Peclet local snapshot (experimental),HC2656,Flinders St Wollongong North charger,"9 Flinders St, Wollongong North, NSW, 2500",Ampol,,2.0,125 kW,,-34.4151,150.8932,nearest=2.211m; gap=5.244m; manual confirmation required
,,"9 Lagoon St, Sydney, 2101",JOLT,2,DC,25 kW,-33.7136587,151.2982913,Northern Beaches Council,2101,Existing Fast Chargers,accepted,address_exact_unique,0.97,False,1866.0,23.1888783571805,23.1888783571805,617.6450598564702,Peclet local snapshot (experimental),FC185,Lagoon St Carpark charger,"9 Lagoon St, Narrabeen NSW 2101",JOLT,Tesla; Type 2,2.0,25 kW,Open 24/7,-33.7138449,151.2984042,
,,"9 Oscar Pl, Sydney, 2036",Wevolt,6,AC,13 kW,-33.9430521,151.2253984,Bayside Council,2036,Existing Destination Chargers,review,coordinate_candidate,0.5,True,1763.0,78.72277463053595,78.72277463053595,303.2586714845778,Peclet local snapshot (experimental),DC640,Orchid Apartments Meriton charger,"2 Finch Drive, U 613, Eastgardens NSW 2036, Australia",,Type 2,6.0,22 kW,Open 24/7,-33.943261,151.224583,nearest=78.723m; gap=303.259m; manual confirmation required
,,"9 Studio Dr, Sydney, 2036",Chargefox,1,AC,22 kW,-33.94074979,151.2258819,Bayside Council,2036,Existing Destination Chargers,review,coordinate_candidate,0.5,True,1763.0,303.8560040576618,303.8560040576618,300.37963810280957,Peclet local snapshot (experimental),DC640,Orchid Apartments Meriton charger,"2 Finch Drive, U 613, Eastgardens NSW 2036, Australia",,Type 2,6.0,22 kW,Open 24/7,-33.943261,151.224583,nearest=303.856m; gap=300.380m; manual confirmation required
,,"9 Vickery Ave, Sydney, 2029",Evie,4,DC,75 kW,-33.87136141,151.2644124,Woollahra Municipal Council,2029,Existing Fast Chargers,accepted,address_exact_unique,0.97,False,350.0,107.40640162771584,107.40640162771584,228.17167877343067,Peclet local snapshot (experimental),HC2062,Vickery Ave Rose Bay charger,"9 Vickery Ave
Rose Bay NSW 2029
Australia",Evie Networks,,4.0,75 kW,,-33.8704,151.2643,
,,"90 Sydney Ave, Central Coast, 2257",Chargefox,1,AC,22 kW,-33.52986291,151.3111231,Central Coast Council,2257,Existing Destination Chargers,accepted,address_exact_unique,0.97,False,506.0,46.17986719573709,46.17986719573709,2966.9610060874793,Peclet local snapshot (experimental),DC453,NRMA Ocean Beach Holiday Resort charger,"90 Sydney Ave Umina Beach NSW 2257, Australia",Chargefox,Type 2,5.0,22 kW,Open 24/7,-33.52994239,151.3106341,
,,"91 Centennial Cct, Byron Bay, 2481",Tesla,1,AC,22 kW,-28.63683388,153.5803333,Byron Shire Council,2481,Existing Destination Chargers,accepted,address_exact_unique,0.97,False,428.0,0.10213774405605297,0.10213774405605297,60.640856642712535,Peclet local snapshot (experimental),DC30,McTavish Surf charger,"91 Centennial Circuit, Byron Bay NSW 2481, Australia",Tesla Destination,Tesla,1.0,22 kW,,-28.636833,153.580333,
,,"91 Spring St, Sydney, 2022",Evie,4,DC,75 kW,-33.89264569,151.2481672,Waverley Council,2022,Existing Fast Chargers,accepted,address_exact_unique,0.97,False,1066.0,0.07891405896039187,0.07891405896039187,181.81046635326777,Peclet local snapshot (experimental),FC87,Eastgate Bondi Junction charger,"71/91 Spring St, Bondi Junction 2022, Australia",Evie Networks,Tesla; Type 2,4.0,50 kW,Monday - Sunday 05:00 - 23:30,-33.892645,151.248167,
,,"9-13 Winbourne Rd, Sydney, 2100",Chargefox,1,AC,22 kW,-33.76461066,151.2773343,Northern Beaches Council,2100,Existing Destination Chargers,review,coordinate_candidate,0.5,True,1715.0,16.79190328274295,16.79190328274295,415.6963692778378,Peclet local snapshot (experimental),DC392,4 Pines Brewing Company Wholesale Pty Limited charger,"9/13 Winbourne Rd, Brookvale NSW 2100, Australia",Chargefox,Type 2,1.0,22 kW,,-33.76476093,151.2773163,nearest=16.792m; gap=415.696m; manual confirmation required
,,"917-923 Old Northern Rd, Dural, NSW, 2158",Ampol,2,DC,125 kW,-33.6828871,151.0284517,"Hornsby, The Council of the Shire of",2158,ARENA - Driving the Nation,accepted,address_exact_unique,0.97,False,817.0,4.693634280971512,4.693634280971512,1447.0976592796899,Peclet local snapshot (experimental),HC2657,Old Northern Rd Dural charger,"917-923 Old Northern Rd, Dural, NSW, 2158",Ampol,,2.0,125 kW,,-33.6829,151.0285,
,,"92 Houston Rd
Kingsford NSW 2032
Australia",Evie Networks,2,DC,50 kW,-33.9242319,151.2266791,Randwick City Council,2032,Kerbside Charging R1,accepted,address_exact_unique,0.97,False,1496.0,4.037411618141111,4.037411618141111,210.40740815072184,Peclet local snapshot (experimental),HC2083,Houston Rd Kingsford charger,"92 Houston Rd
Kingsford NSW 2032
Australia",Evie Networks,,2.0,50 kW,,-33.9242,151.2267,
,Reflections Bonny Hills,"920 Ocean Dr
Bonny Hills NSW 2445
Australia",Non-networked,4,AC,AC,-31.5913436,152.8402533,Port Macquarie-Hastings Council,2445,Destination Charging R2,accepted,address_exact_unique,0.97,False,1162.0,6.562721349775315,6.562721349775315,644.7611366032979,Peclet local snapshot (experimental),HC2149,Ocean Dr Bonny Hills charger,"920 Ocean Dr
Bonny Hills NSW 2445
Australia",Non-networked,,4.0,AC,,-31.5913,152.8403,
,,"93 Byamee St, Dapto NSW 2530",Evie,4,DC,50 kW,-34.494604,150.795725,Wollongong City Council,2530,ARENA - Driving the Nation,accepted,coordinate_exact,1.0,False,1845.0,0.0,0.0,1389.173950537748,Peclet local snapshot (experimental),FC76,Dapto Mall charger,"Moombara St, Dapto NSW 2530, Australia",Evie Networks,Tesla; Type 2,4.0,50 kW,5:50am - 10pm,-34.494604,150.795725,
,,"93 Princes Hwy, Ulladulla, 2539",ChargeHub,2,DC,25 kW,-35.3576507,150.4733804,Shoalhaven City Council,2539,Existing Fast Chargers,review,coordinate_candidate,0.5,True,1220.0,283.7678724167716,283.7678724167716,38.33298285283087,Peclet local snapshot (experimental),HC2218,South St Ulladulla charger,"85 South St, Ulladulla NSW 2539, Australia",Evie Networks,,4.0,DC,,-35.3596,150.4754,nearest=283.768m; gap=38.333m; manual confirmation required
,,"930 Old Northern Rd, Glenorie NSW 2157",Evie,4,DC,75 kW,-33.60191393,151.0082442,The Hills Shire Council,2157,ARENA - Driving the Nation,accepted,address_exact_unique,0.97,False,1909.0,4.376813584893894,4.376813584893894,9194.011729402497,Peclet local snapshot (experimental),HC2622,Old Northern Rd Glenorie charger,"930 Old Northern Rd, Glenorie NSW 2157",Evie,,4.0,75 kW,,-33.6019,151.0082,
,,"94 Booner St, Hawks Nest, NSW 2324",EVX,2,AC,22 kW,-32.67343948,152.1826226,Mid-Coast Council,NSW 2324,Existing Destination Chargers,accepted,address_exact_unique,0.97,False,899.0,98.10169345134327,98.10169345134327,2629.576372872118,Peclet local snapshot (experimental),DC291,Hawks Nest charger,"94 Booner St, Hawks Nest, NSW 2324",EVX,Type 2,2.0,7 kW,Open 24/7,-32.67357641,152.183658,
,,"94 Epsom Rd, Sydney, 2017",Chargefox,3,AC,6 kW,-33.91001906,151.208021,"Sydney, Council of the City of",2017,Existing Destination Chargers,review,coordinate_candidate,0.5,True,1761.0,406.92247646091107,406.92247646091107,162.54437094004595,Peclet local snapshot (experimental),DC630,Airia Private Residents Only charger,6b Grandstand Parade Zetland 2019,,Tesla; Type 2,3.0,kW,Open 24/7,-33.9065772,151.2095191,nearest=406.922m; gap=162.544m; manual confirmation required
,,"94 Princes Hwy, Wollongong, 2500",Exploren,4,AC,6 kW,-34.42093898,150.8926356,Wollongong City Council,2500,Existing Destination Chargers,accepted,address_exact_unique,0.97,False,1006.0,22.42185178068721,22.42185178068721,95.5527671701666,Peclet local snapshot (experimental),DC827,94 Princes Hwy - Ticketless Parking charger,"94 Princes Hwy, Wollongong NSW 2500, Australia",Exploren,Type 2,4.0,7 kW,Open 24/7,-34.42073887,150.8926055,
,,"9-49 Chapel Rd, Bankstown NSW 2200",Evie,4,DC,50 kW,-33.931975,151.030127,Canterbury Bankstown Council,2200,ARENA - Driving the Nation,accepted,coordinate_exact,1.0,False,1067.0,0.0,0.0,181.9013423700424,Peclet local snapshot (experimental),FC91,HomeCo Bankstown charger,"9-49 Chapel Road, Bankstown NSW 2200, Australia",Evie Networks,Tesla; Type 2,4.0,50 kW,Open 24/7,-33.931975,151.030127,
,,"95-97 Grafton St, Sydney, 2022",Chargefox,3,AC,6 kW,-33.89092897,151.2491502,Waverley Council,2022,Existing Destination Chargers,accepted,address_exact_unique,0.97,False,1782.0,39.06372729084404,39.06372729084404,76.44677025501507,Peclet local snapshot (experimental),DC729,Meriton Suites Bondi Junction charger,"95-97 Grafton Street, Bondi Junction, NSW, 2022",Chargefox,Type 2,3.0,7 kW,Open 24/7,-33.8912726,151.2492382,
,,"96 Mackay Ave, Yoogali, 2680",Chargefox,2,DC,50 kW,-34.29922127,146.0782252,Griffith City Council,2680,Existing Fast Chargers,review,coordinate_candidate,0.5,True,1938.0,2643.0650404827534,2643.0650404827534,758.1648933564934,Peclet local snapshot (experimental),HC2601,Bridge Rd Griffith charger,2 Bridge Rd Griffith NSW 2680 Australia,Tesla,,6.0,DC,,-34.2923,146.0507,nearest=2643.065m; gap=758.165m; manual confirmation required
,,"96 Ocean St, Dudley, 2290",Exploren,1,AC,22 kW,-32.98953658,151.7187928,Lake Macquarie City Council,2290,Existing Destination Chargers,accepted,address_exact_unique,0.97,False,46.0,22.32227948023779,22.32227948023779,2555.9787906431575,Peclet local snapshot (experimental),DC177,96 Ocean St Parking charger,"96 Ocean St, Dudley NSW 2290, Australia",Exploren,Type 2,1.0,22 kW,Open 24/7,-32.98934192,151.7187343,
,,"96-100 Centennial Cct, Byron Bay, 2481",Chargefox,1,DC,80 kW,-28.6372513,153.5806587,Byron Shire Council,2481,Existing Fast Chargers,review,coordinate_candidate,0.5,True,856.0,7.4634679387321725,7.4634679387321725,48.87295629346106,Peclet local snapshot (experimental),DC45,Stone & Wood Brewery Byron Bay charger,"100 Centennial Cct, Byron Bay NSW 2481, Australia",Chargefox,Type 2,4.0,22 kW,,-28.63731376,153.5806307,nearest=7.463m; gap=48.873m; manual confirmation required
,,"97 Cobra St, Dubbo, 2830",Tesla,2,AC,22 kW,-32.25470475,148.6086486,Dubbo Regional Council,2830,Existing Destination Chargers,accepted,coordinate_near_clear,0.9,False,894.0,0.10068916077802535,0.10068916077802535,140.4146191202759,Peclet local snapshot (experimental),DC276,Orana Motel charger,"95 Cobra St, Dubbo NSW 2830, Australia",Tesla Destination,Tesla,2.0,22 kW,,-32.254704,148.608648,
,,"97 Glenayr Ave, Sydney, 2026",Chargefox,1,AC,6 kW,-33.88612717,151.273042,Waverley Council,2026,Existing Destination Chargers,accepted,coordinate_exact,1.0,False,1783.0,0.0,0.01890313751345265,99.06343587002893,Peclet local snapshot (experimental),DC734,97 Glenayr Ave Parking charger,"97 Glenayr Ave, Bondi Beach NSW 2026, Australia",Chargefox,Type 2,1.0,7 kW,,-33.886127,151.273042,
,,"972 Hermitage Rd, Pokolbin, 2320",Exploren,2,AC,22 kW,-32.7347538,151.2585696,Singleton Council,2320,Existing Destination Chargers,accepted,address_exact_unique,0.97,False,1942.0,121.35323658823681,121.35323658823681,214.42728037478633,Peclet local snapshot (experimental),HC2009,Hermitage Rd Pokolbin charger,"972 Hermitage Rd
Pokolbin NSW 2320
Australia",Exploren,,2.0,AC,,-32.7351,151.2598,
,,"97R Brook St, Sydney, 2034",Chargefox,2,DC,42 kW,-33.91910615,151.2547838,Randwick City Council,2034,Existing Fast Chargers,accepted,address_exact_unique,0.97,False,138.0,16.328985406090936,16.328985406090936,341.5345387308298,Peclet local snapshot (experimental),DC635,Coogee Oval - Brook St charger,"97R Brook Street, Coogee, NSW, 2034",Chargefox,Type 2,2.0,22 kW,Open 24/7,-33.919253,151.254784,
,,"98-100 Windsor Rd Cnr Lombard Rd, Northmead, NSW, 2152",Ampol,2,DC,125 kW,-33.7878745,150.9946557,"Parramatta, Council of the City of",2152,ARENA - Driving the Nation,review,ambiguous_exact_address,0.5,True,1514.0,4.979996034799339,4.979996034799339,6.194533229409637,Peclet local snapshot (experimental),HC2749,Windsor Rd Cnr Lombard Rd Northmead charger,"98-100 Windsor Rd Cnr Lombard Rd, Northmead, NSW, 2152",Ampol,,2.0,125 kW,,-33.7879,150.9947,nearest=4.980m; gap=6.195m; manual confirmation required
,,"9913 Kosciuszko Rd, Perisher Valley, 2624",Tesla,1,AC,22 kW,-36.40556461,148.4128078,Snowy Monaro Regional Council,2624,Existing Destination Chargers,review,coordinate_candidate,0.5,True,629.0,49.704161549471806,49.704161549471806,5626.104823029625,Peclet local snapshot (experimental),DC981,The Man From Snowy River Hotel charger,"Kosciuszko Rd, Perisher Valley, NSW, Australia, NT 2624",Tesla Destination,Tesla,1.0,22 kW,,-36.40589,148.412427,nearest=49.704m; gap=5626.105m; manual confirmation required
,,"997 Milbrodale Rd, Broke, 2330",Tesla,2,AC,22 kW,-32.74639844,151.0733924,Singleton Council,2330,Existing Destination Chargers,accepted,coordinate_exact,1.0,False,451.0,0.0,0.06158880100739113,646.9696794575711,Peclet local snapshot (experimental),DC138,Glenguin Estate & Vineyard charger,"997 Milbrodale Rd, Broke NSW 2330, Australia",Tesla Destination,Tesla,2.0,22 kW,,-32.746398,151.073392,
,,"9A Elizabeth Bay Rd, Sydney, 2011",Chargefox,3,AC,6 kW,-33.87324229,151.2260571,"Sydney, Council of the City of",2011,Existing Destination Chargers,accepted,address_exact_unique,0.97,False,1766.0,42.587098209659935,42.587098209659935,372.8153269579875,Peclet local snapshot (experimental),DC647,Kings Cross Car Park charger,"9A Elizabeth Bay Road, Sydney, NSW, 2011",Chargefox,Type 2,3.0,7 kW,Open 24/7,-33.873258,151.226518,
,,"A/2 Macquarie St, Sydney, 2150",Exploren,8,AC,22 kW,-33.81408613,150.9991782,"Parramatta, Council of the City of",2150,Existing Destination Chargers,review,coordinate_candidate,0.5,True,530.0,55.00522402211559,55.00522402211559,29.926743171083338,Peclet local snapshot (experimental),DC549,Club Parramatta charger,"2 Macquarie St, Parramatta NSW 2150",,Type 2,8.0,kW,Open 24/7,-33.81383648,150.9986642,nearest=55.005m; gap=29.927m; manual confirmation required
,,"Albert Pde, Sydney, 2131",Exploren,4,AC,22 kW,-33.88281186,151.1232022,Inner West Council,2131,Existing Destination Chargers,review,coordinate_candidate,0.5,True,1980.0,74.69819157141028,74.69819157141028,427.8538594233693,Peclet local snapshot (experimental),HC2192,Albert Pde Ashfield charger,"40 Albert Pde
Ashfield NSW 2131
Australia",EVE Australia,,4.0,22 kW,,-33.8829,151.1224,nearest=74.698m; gap=427.854m; manual confirmation required
,,"Alford St, Currabubula, 2342",Exploren,2,AC,22 kW,-31.26079584,150.7369459,Liverpool Plains Shire Council,2342,Existing Destination Chargers,review,coordinate_candidate,0.5,True,745.0,157.4761411106393,157.4761411106393,20109.017773709562,Peclet local snapshot (experimental),HC2452,Davis St Currabubula charger,"Davis St
Currabubula NSW 2342
Australia",Exploren,,2.0,AC,,-31.2621,150.7363,nearest=157.476m; gap=20109.018m; manual confirmation required
,,"Alleyne St, Sydney, 2067",EVUp,1,AC,22 kW,-33.78754859,151.1983834,Willoughby City Council,2067,Existing Destination Chargers,accepted,coordinate_near_clear,0.9,False,1723.0,0.1152992212769958,0.1152992212769958,121.988127591577,Peclet local snapshot (experimental),DC438,mycar Chatswood charger,"55 Alleyne St, Chatswood NSW 2067, Australia",EVUp,Type 2,1.0,kW,,-33.78754764,151.1983829,
,,"Alpha Street, Sydney, 2148",Exploren,2,AC,6 kW,-33.7714585,150.908034,Blacktown City Council,2148,Existing Destination Chargers,review,coordinate_candidate,0.5,True,501.0,11.114048882189028,11.114048882189028,141.9942657887052,Peclet local snapshot (experimental),DC439,Max Webber Library charger,"Flushcombe Rd & Alpha St, Blacktown NSW 2148, Blacktown 2148",Exploren,Type 2,2.0,7 kW,"Monday - Friday: 9:15am - 7:45pm Saturday: 9:30am - 4:00pm Sunday: Midday -
4:00pm",-33.771403,150.908134,nearest=11.114m; gap=141.994m; manual confirmation required
,,"Anderson St, Sydney, 2067",Exploren,2,DC,50 kW,-33.79641046,151.1836096,Willoughby City Council,2067,Existing Fast Chargers,review,coordinate_candidate,0.5,True,107.0,24.12768235205304,24.12768235205304,99.3779240511854,Peclet local snapshot (experimental),DC440,Anderson St Parking charger,"370 Anderson St, Chatswood NSW 2067, Australia",Chargefox,Type 2,2.0,7 kW,Open 24/7,-33.796504,151.183374,nearest=24.128m; gap=99.378m; manual confirmation required
,,"Arthur St, Moss Vale, 2577",Porsche Smart Mobility,1,AC,11 kW,-34.55724529,150.3719379,Wingecarribee Shire Council,2577,Existing Destination Chargers,review,coordinate_candidate,0.5,True,181.0,295.0068867416459,295.0068867416459,7047.230722777177,Peclet local snapshot (experimental),DC834,Old Nunnery Bed & Breakfast charger,"27 Arthur Street, Moss Vale NSW 2577, Australia",Tesla Destination,Tesla,1.0,4 kW,,-34.554682,150.371107,nearest=295.007m; gap=7047.231m; manual confirmation required
,,"Ascot St, Sydney, 2033",Exploren,4,AC,22 kW,-33.90838043,151.2263453,Randwick City Council,2033,Existing Destination Chargers,review,coordinate_candidate,0.5,True,335.0,220.58769805365682,220.58769805365682,28.0546059321382,Peclet local snapshot (experimental),HC2361,Ascot St Kensington charger,"9 Ascot St
Kensington NSW 2033
Australia",EVX,,2.0,22 kW,,-33.9077,151.2241,nearest=220.588m; gap=28.055m; manual confirmation required
,,"Avenue Rd, Sydney, 2088",BP,2,DC,75 kW,-33.83197602,151.2373874,Mosman Municipal Council,2088,Existing Fast Chargers,accepted,coordinate_near_clear,0.9,False,1451.0,1.0775672621988999,1.0775672621988999,579.2363026003507,Peclet local snapshot (experimental),FC65,bp Mosman charger,"42 Avenue Rd, Mosman NSW 2088, Australia",bp pulse,Type 2,2.0,75 kW,Mon-Sat: 6:00 AM - 10:00 PM Sun: 7:30 AM - 10:00 PM,-33.83198283,151.2373957,
,,"B640 Princes Hwy, Berry, 2535",Tesla,12,DC,130 kW,-34.80794299,150.637044,Shoalhaven City Council,2535,Existing Fast Chargers,review,coordinate_candidate,0.5,True,1485.0,46.046439616986504,46.046439616986504,256.7994611732244,Peclet local snapshot (experimental),FC230,The Silos Estate charger,"640 Princes Hwy, Jaspers Brush NSW 2535, Australia",Tesla Supercharge,Type 2; J-1772,12.0,120 kW,Open 24/7,-34.808254,150.636711,nearest=46.046m; gap=256.799m; manual confirmation required
,,"B640 Princes Hwy, Jaspers Brush, 2535",Tesla,2,AC,22 kW,-34.80908213,150.6371221,Shoalhaven City Council,2535,Existing Destination Chargers,review,coordinate_candidate,0.5,True,1485.0,99.4390953180533,99.4390953180533,104.19191893890998,Peclet local snapshot (experimental),FC230,The Silos Estate charger,"640 Princes Hwy, Jaspers Brush NSW 2535, Australia",Tesla Supercharge,Type 2; J-1772,12.0,120 kW,Open 24/7,-34.808254,150.636711,nearest=99.439m; gap=104.192m; manual confirmation required
,,"Banyandah St, South Durras, 2536",Chargefox,4,AC,22 kW,-35.66760265,150.2992292,Eurobodalla Shire Council,2536,Existing Destination Chargers,review,coordinate_candidate,0.5,True,1427.0,56.60404695363053,56.60404695363053,816.4302857381388,Peclet local snapshot (experimental),DC928,NRMA Murramarang Beachfront Holiday Resort charger,"NRMA Murramarang Beachfront Holiday Resort, Mill Beach, Banyandah St, South Durras NSW 2536, Australia",Chargefox,Type 2,4.0,22 kW,,-35.66732527,150.2997546,nearest=56.604m; gap=816.430m; manual confirmation required
,,"Bay St, Sydney, 2007",Tesla,3,AC,22 kW,-33.88364169,151.1948789,"Sydney, Council of the City of",2007,Existing Destination Chargers,review,coordinate_candidate,0.5,True,1399.0,78.21349278433766,78.21349278433766,9.647697247029,Peclet local snapshot (experimental),DC757,Broadway Shopping Centre (1) charger,"1 Bay St, Glebe NSW 2037, Australia",Chargefox,Type 2,4.0,22 kW,05:00 - 23:59,-33.88295,151.194725,nearest=78.213m; gap=9.648m; manual confirmation required
,,"Beachside Dr, Caves Beach, 2281",Porsche Smart Mobility,4,AC,11 kW,-33.10472377,151.648005,Lake Macquarie City Council,2281,Existing Destination Chargers,review,coordinate_candidate,0.5,True,1289.0,8.978390003209718,8.978390003209718,1732.0227518847378,Peclet local snapshot (experimental),DC188,Caves Coastal Bar and Bungalows charger,"Unit 3/3 Mawson Cl, Caves Beach NSW 2281, Australia",,Type 2,4.0,kW,,-33.104745,151.647912,nearest=8.978m; gap=1732.023m; manual confirmation required
,,"Bellambi Ln, Wollongong, 2518",Exploren,2,DC,120 kW,-34.36218023,150.907982,Wollongong City Council,2518,Existing Fast Chargers,review,coordinate_candidate,0.5,True,1004.0,301.030354856518,301.030354856518,2751.363860412004,Peclet local snapshot (experimental),DC820,Buckaroo Leatherworks charger,"16 Bellambi Ln, Bellambi NSW 2518, Australia",,Tesla,1.0,kW,"Friday, 5-7pm Saturday 12-7pm",-34.36184558,150.9112364,nearest=301.030m; gap=2751.364m; manual confirmation required
,,"Berowra Railway Station, Pacific Highway, Berowra, New South Wales 2081, Australia",JOLT,1,DC,25 kW,-33.623906,151.151802,"Hornsby, The Council of the Shire of",2081,TfNSW Commuter Car Parks,accepted,coordinate_near_clear,0.9,False,256.0,4.578104474652108,4.578104474652108,351.0434985476442,Peclet local snapshot (experimental),FC219,Berowra Station charger,"9/993 Pacific Hwy, Berowra NSW 2081, Australia",JOLT,Tesla; Type 2,2.0,25 kW,Open 24/7,-33.62387549,151.1518352,
,,"Bradleys Head Road, Sydney, 2088",Chargefox,2,AC,22 kW,-33.84167072,151.2429499,Mosman Municipal Council,2088,Existing Destination Chargers,review,coordinate_candidate,0.5,True,991.0,31.115942866233556,31.115942866233556,1158.2888382521219,Peclet local snapshot (experimental),DC754,Taronga Zoo Sydney (2) charger,"1 Bradleys Head Rd, Mosman NSW 2088, Australia",Chargefox,Type 2,4.0,22 kW,,-33.841458,151.242731,nearest=31.116m; gap=1158.289m; manual confirmation required
,,"Breese Pde, Forster, 2428",Chargefox,1,AC,6 kW,-32.20032137,152.5184084,Mid-Coast Council,2428,Existing Destination Chargers,review,coordinate_candidate,0.5,True,460.0,1737.021667162904,1737.021667162904,124.71364643753805,Peclet local snapshot (experimental),DC196,The Fairways Community Charger,2/19 boundary Street Forster,,J-1772,1.0,kW,6am-10pm 7 days After hours please contact,-32.186783,152.527618,nearest=1737.022m; gap=124.714m; manual confirmation required
,,"Brunswick Ter, Brunswick Heads, 2483",Tesla,1,AC,6 kW,-28.53977782,153.5522432,Byron Shire Council,2483,Existing Destination Chargers,accepted,coordinate_near_clear,0.9,False,1641.0,0.2742441601648903,0.2742441601648903,1554.35814346781,Peclet local snapshot (experimental),DC26,Brunswick River Inn charger,"2 The Terrace, Brunswick Heads, New South Wales, Australia, NSW 2483",Tesla Destination,Tesla,1.0,3 kW,,-28.539778,153.552246,
,,"Bryant Dr, Central Coast, 2259",Tesla,12,DC,130 kW,-33.31010015,151.4206827,Central Coast Council,2259,Existing Fast Chargers,review,coordinate_candidate,0.5,True,690.0,17.71962192842613,17.71962192842613,6043.181388905731,Peclet local snapshot (experimental),FC232,HomeCo. Tuggerah Super Centre charger,"Bryant Drive & Wyong Road, Tuggerah NSW 2259, Australia",Tesla Supercharge,Type 2; J-1772,12.0,120 kW,Open 24/7,-33.310237,151.420585,nearest=17.720m; gap=6043.181m; manual confirmation required
,Kempsey Shire Council,"Buchanan Dr
South West Rocks NSW 2431
Australia",Exploren,2,AC,AC,-30.88653,153.0379572,Kempsey Shire Council,2431,Destination Charging R1,review,coordinate_candidate,0.5,True,1651.0,30.777236326390835,30.777236326390835,499.9560425827319,Peclet local snapshot (experimental),DC99,Back Creek charger,"19 Buchanan Dr, South West Rocks NSW 2431, Australia",Exploren,Type 2,2.0,22 kW,Open 24/7,-30.88659136,153.0376427,nearest=30.777m; gap=499.956m; manual confirmation required
,,"Bunnerong Rd, Sydney, 2036",Chargefox,2,DC,40 kW,-33.97296101,151.2365656,Randwick City Council,2036,Existing Fast Chargers,review,coordinate_candidate,0.5,True,1542.0,5.37206690297577,5.37206690297577,1417.6733468923521,Peclet local snapshot (experimental),HC2059,801-899R Bunnerong Rd Chifley charger,"801-899R Bunnerong Rd
Chifley NSW 2036
Australia",Chargefox,,2.0,50 kW,,-33.973,151.2366,nearest=5.372m; gap=1417.673m; manual confirmation required
,,"Cabarita Rd, Bogangar, 2488",NRMA,1,AC,22 kW,-28.33169174,153.5641411,Tweed Shire Council,2488,Existing Destination Chargers,review,coordinate_candidate,0.5,True,848.0,0.1457849975974588,0.1457849975974588,0.0,Peclet local snapshot (experimental),DC14,Cabarita Beach charger,"47 Cabarita Beach Road, Cabarita Beach NSW 2488",NRMA,Type 2,1.0,22 kW,Open 24/7,-28.33169054,153.5641405,nearest=0.146m; gap=0.000m; manual confirmation required
,,"Camden Valley Way &, Somerset Ave, Narellan NSW 2567",Evie,4,DC,150 kW,-34.0397301,150.7385139,Camden Council,2022,ARENA - Driving the Nation,accepted,coordinate_near_clear,0.9,False,1634.0,3.58365164413627,3.58365164413627,486.16167081242753,Peclet local snapshot (experimental),HC2750,Camden Valley Way & Somerset Ave Narellan charger,"Camden Valley Way &, Somerset Ave, Narellan NSW 2567",Evie,,4.0,150 kW,,-34.0397,150.7385,
,,"Campbell St, Sydney, 2150",EVUp,1,AC,22 kW,-33.81783788,150.999956,"Parramatta, Council of the City of",2150,Existing Destination Chargers,review,coordinate_candidate,0.5,True,123.0,51.16160212955292,51.16160212955292,149.20634240142766,Peclet local snapshot (experimental),DC538,mycar Tyre & Auto Parramatta charger,"9A Aird St, Parramatta NSW 2150, Australia",EVUp,Type 2,1.0,kW,,-33.817719,151.000491,nearest=51.162m; gap=149.206m; manual confirmation required
,,"Car Park behind the Civic Centre, Orange, 2800",NRMA,2,DC,50 kW,-33.28142647,149.1027898,Orange City Council,2800,Existing Fast Chargers,accepted,coordinate_near_clear,0.9,False,242.0,2.0118646901928767,2.0118646901928767,62.3505454063385,Peclet local snapshot (experimental),FC144,Orange Civic Centre Car Park charger,"151A Byng St, Orange NSW 2800, Australia",NRMA,Tesla; Type 2,2.0,50 kW,Open 24/7,-33.281443,149.102781,
,,"Car park, 51 Evans St (Victoria Park), Inverell, NSW 2360, Australia",NRMA,2,DC,75 kW,-35.1086448,147.3732036,Inverell Shire Council,2650,TfNSW Regional,accepted,coordinate_exact,1.0,False,416.0,0.0,0.0,44.83197564882886,Peclet local snapshot (experimental),AK743,Car park 51 Evans St (Victoria Park) Inverell charger,"Car park, 51 Evans St (Victoria Park), Inverell, NSW 2360, Australia",NRMA,,2.0,75 kW,,-35.1086448,147.3732036,
,,"Car park, Little Hoskins St, Temora, NSW 2666",NRMA,2,DC,50 kW,-30.9827002,151.5928644,Temora Shire Council,2354,TfNSW Regional,accepted,coordinate_near_clear,0.9,False,1248.0,3.393818826491779,3.393818826491779,314.30704872441237,Peclet local snapshot (experimental),HC2748,Car park Little Hoskins St Temora charger,"Car park, Little Hoskins St, Temora, NSW 2666",NRMA,,2.0,50 kW,,-30.9827,151.5929,
,,"Carrington Pde, Sydney, 2096",EVUp,5,AC,22 kW,-33.77900205,151.2924134,Northern Beaches Council,2096,Existing Destination Chargers,accepted,coordinate_exact,1.0,False,490.0,0.0,0.037385285839687254,559.0472041344973,Peclet local snapshot (experimental),DC388,Harbord Diggers charger,"88 Evans St, Freshwater NSW 2096, Australia",EVUp,Type 2,5.0,kW,,-33.779002,151.292413,
,,"Castlereagh Rd, Sydney, 2750",Ampol,2,DC,150 kW,-33.74298103,150.69296,Penrith City Council,2750,Existing Fast Chargers,review,coordinate_candidate,0.5,True,1843.0,1.3252517172087626,1.3252517172087626,19.554865095721926,Peclet local snapshot (experimental),FC42,Ampol Foodary Penrith charger,"153 Coreen Ave, Penrith NSW 2750, Australia",AmpCharge,Tesla; Type 2,2.0,150 kW,Open 24/7,-33.74299278,150.6929624,nearest=1.325m; gap=19.555m; manual confirmation required
,,"Central Ave 2, Sydney, 2015",Ampol,6,DC,150 kW,-33.89561066,151.1961411,"Sydney, Council of the City of",2015,Existing Fast Chargers,review,coordinate_candidate,0.5,True,1787.0,24.035891387230507,24.035891387230507,3.614340227357939,Peclet local snapshot (experimental),DC760,Commbank Foundry Carpark charger,"Shop 17/2 Central Ave, Eveleigh NSW 2015, Australia",,Type 2,6.0,kW,,-33.895749,151.195941,nearest=24.036m; gap=3.614m; manual confirmation required
,,"Church St, Glen Innes, 2370",EVUp,1,AC,22 kW,-29.73817122,151.7375185,Glen Innes Severn Council,2370,Existing Destination Chargers,review,coordinate_candidate,0.5,True,1644.0,10.781038871294644,10.781038871294644,110.51314178328877,Peclet local snapshot (experimental),DC59,Glen Innes Visitor Information Centre charger,"152 Church St, Glen Innes NSW 2370, Australia","Tesla Destination, EVUp",Tesla; Type 2,3.0,22 kW,Open 24/7,-29.738166,151.73763,nearest=10.781m; gap=110.513m; manual confirmation required
,,"Church St, Sydney, 2024",EVX,2,AC,22 kW,-33.89814219,151.2537778,Waverley Council,2024,Existing Destination Chargers,review,coordinate_candidate,0.5,True,2012.0,88.00458857186538,88.00458857186538,161.8162000047906,Peclet local snapshot (experimental),HC2173,Carrington Road Waverley charger,"29 Carrington Road
Waverley NSW 2024
Australia",EVX,,2.0,22 kW,,-33.8986,151.253,nearest=88.005m; gap=161.816m; manual confirmation required
,,"Civic Dr, Sydney, 2099",ChargePoint,2,AC,6 kW,-33.75034339,151.2866637,Northern Beaches Council,2099,Existing Destination Chargers,review,coordinate_candidate,0.5,True,1347.0,0.07790430469147787,0.07790430469147787,10.110235046398216,Peclet local snapshot (experimental),DC469,PCYC Car Park (1) charger,"40 Kingsway, Dee Why NSW 2099, Australia",ChargePoint,J-1772,2.0,6.6 kW,Mon - Sat 5:30AM - 12:30AM Sun & public holidays 6:30AM - 12:30AM,-33.750343,151.286663,nearest=0.078m; gap=10.110m; manual confirmation required
,,"Cnr Beggs Road & Rooty Hill Road, Sydney, 2766",Chargefox,4,AC,6 kW,-33.7847568,150.8531011,Blacktown City Council,2766,Existing Destination Chargers,review,coordinate_candidate,0.5,True,1334.0,12.144697441401178,12.144697441401178,327.2175832161437,Peclet local snapshot (experimental),DC414,Eastern Creek Quarter charger,"159 Rooty Hill Rd S, Eastern Creek NSW 2766",Chargefox,Type 2,4.0,7 kW,Open 24/7,-33.784847,150.853027,nearest=12.145m; gap=327.218m; manual confirmation required
,,"Cnr Compton Drive & Cedar Cres, Ballina, 2478",Tesla,2,AC,22 kW,-28.86860365,153.5889309,Ballina Shire Council,2478,Existing Destination Chargers,review,coordinate_candidate,0.5,True,1649.0,51.09525443135812,51.09525443135812,2262.8247451824905,Peclet local snapshot (experimental),DC74,Ballina Beach Resort charger,"1 Foster St, East Ballina NSW 2478, Australia",Tesla Destination,Tesla,2.0,22 kW,,-28.868145,153.588963,nearest=51.095m; gap=2262.825m; manual confirmation required
,,"Cnr Dunheved Rd & Henry Lawson Dr, Werrington, NSW, 2747",Ampol,2,DC,125 kW,-33.7463077,150.7413197,Penrith City Council,2747,ARENA - Driving the Nation,accepted,coordinate_near_clear,0.9,False,1939.0,2.0126464054637667,2.0126464054637667,59.15041357878623,Peclet local snapshot (experimental),HC2658,Werrington charger,"Cnr Dunheved Rd & Henry Lawson Dr, Werrington, NSW, 2747",Ampol,,2.0,125 kW,,-33.7463,150.7413,
,,"Cnr Elara Bvd &, Northbourne Dr, Sydney, 2765",Evie,4,DC,150 kW,-33.69514919,150.8213664,Blacktown City Council,2765,Existing Fast Chargers,review,coordinate_candidate,0.5,True,102.0,3118.9805415965243,3118.9805415965243,32.301968531994135,Peclet local snapshot (experimental),DC408,Sydney Business Park charger,15 Hollinsworth Road Marsden Park,CasaCharge,Type 2,2.0,kW,Open 24/7,-33.71904637,150.8390215,nearest=3118.981m; gap=32.302m; manual confirmation required
,,"Cnr Herring & Waterloo Rd, North Ryde NSW 2113",Evie,4,DC,50 kW,-33.776893,151.122247,"Ryde, Council of the City of",2113,ARENA - Driving the Nation,accepted,coordinate_exact,1.0,False,661.0,0.0,0.0,4.41321390590834,Peclet local snapshot (experimental),FC104,Macquarie Centre (2) charger,"105Ã107 Waterloo Rd, Macquarie Park NSW 2113, Australia",Evie Networks,Tesla; Type 2,4.0,50 kW,Open 24/7,-33.776893,151.122247,
,,"Cnr Herring Rd & Waterloo Rd, Sydney, 2113",Tesla,20,DC,130 kW,-33.77721726,151.1208809,"Ryde, Council of the City of",2113,Existing Fast Chargers,review,coordinate_candidate,0.5,True,1727.0,119.53502598024336,119.53502598024336,7.38541281210901,Peclet local snapshot (experimental),DC463,Macquarie Centre (1) charger,"63-71 Talavera Rd, Macquarie Park, New South Wales 2113, Australia",ChargePoint,J-1772,2.0,6.6 kW,"Mon - Wed 9AM - 5:30PM, Thu 9AM - 9PM, Fri 9AM - 5:30PM, Sat 9AM - 5PM, Sun
10AM - 4PM",-33.776716,151.122025,nearest=119.535m; gap=7.385m; manual confirmation required
,,"Cnr Miller & Amherst St, Cammeray NSW 2062",Evie,4,DC,75 kW,-33.82301829,151.2093468,North Sydney Council,2062,ARENA - Driving the Nation,accepted,coordinate_near_clear,0.9,False,779.0,4.777693604501035,4.777693604501035,21.577647932309567,Peclet local snapshot (experimental),HC2623,Cammeray charger,"Cnr Miller & Amherst St, Cammeray NSW 2062",Evie,,4.0,75 kW,,-33.823,151.2093,
,,"Cnr Trafalgar St & Pembroke St, Sydney, 2024",Chargefox,2,DC,50 kW,-33.90722527,151.2647708,Waverley Council,2024,Existing Fast Chargers,review,coordinate_candidate,0.5,True,133.0,13.800765677249114,13.800765677249114,53.55234792491571,Peclet local snapshot (experimental),DC591,Bronte â€“ Trafalgar St Parking charger,"Cnr Trafalgar St & Pembroke St, Bronte, NSW, 2024",Chargefox,Type 2,2.0,22 kW,Open 24/7,-33.90711681,151.2648435,nearest=13.801m; gap=53.552m; manual confirmation required
,,"Commercial St, Walla Walla, 2659",NRMA,1,AC,22 kW,-35.76493698,146.901041,Greater Hume Shire Council,2659,Existing Destination Chargers,accepted,coordinate_near_clear,0.9,False,1044.0,0.1056351803616626,0.1056351803616626,29310.019658470024,Peclet local snapshot (experimental),DC1006,Lieschke Motors Walla Walla charger,"63 Commercial St, Walla Walla NSW 2659, Australia",NRMA,Type 2,1.0,kW,,-35.76493603,146.901041,
,,"Corner of Snowy River Avenue and Kalkite St, Jindabyne, 2627",NRMA,4,DC,50 kW,-36.415952,148.6198038,Snowy Monaro Regional Council,2627,Existing Fast Chargers,accepted,coordinate_near_clear,0.9,False,236.0,0.07158538645994417,0.07158538645994417,250.9540895238829,Peclet local snapshot (experimental),FC126,Snowy River Ave Car Park charger,"Corner of Snowy River Avenue and, Kalkite St, Jindabyne NSW 2627",NRMA,Tesla; Type 2,4.0,50 kW,Open 24/7,-36.415952,148.619803,
,,"Cowper Street, Warrawong, NSW 2502",EVUp,2,AC,22 kW,-34.4861592,150.8879279,Wollongong City Council,NSW 2502,Existing Destination Chargers,accepted,coordinate_near_clear,0.9,False,1808.0,0.08543372455798405,0.08543372455798405,2574.5520935344684,Peclet local snapshot (experimental),DC867,The Place @ Warrawong Plaza charger,"Warrawong Plaza, 61 King Street, Warrawong NSW 2502, Australia",,Type 2,2.0,kW,Open 24/7,-34.486159,150.887927,
,,"Cronulla Railway Station, Tonkin Street, Cronulla, New South Wales 2230, Australia",JOLT,1,DC,25 kW,-34.05771,151.151975,Sutherland Shire Council,2230,TfNSW Commuter Car Parks,accepted,coordinate_near_clear,0.9,False,251.0,1.7077719436187289,1.7077719436187289,1174.7911303898065,Peclet local snapshot (experimental),FC205,Cronulla Station Parking charger,"2A Cronulla St, Cronulla NSW 2230, Australia",JOLT,Tesla; Type 2,2.0,25 kW,Open 24/7,-34.05770708,151.1519568,
,,"Cypress Dr, Pokolbin, 2320",Tesla,2,AC,6 kW,-32.78510015,151.2896006,Cessnock City Council,2320,Existing Destination Chargers,review,coordinate_candidate,0.5,True,884.0,6.140467943220064,6.140467943220064,1009.257513062342,Peclet local snapshot (experimental),DC215,Cypress Lakes Resort Golf & Country Club charger,"Vintage Avenue, Pokolbin NSW 2320, Australia",Tesla Destination,Tesla,2.0,7 kW,Open 24/7,-32.785063,151.289552,nearest=6.140m; gap=1009.258m; manual confirmation required
,,"Dalton St, Parkes, 2870",NRMA,2,DC,75 kW,-33.13720725,148.1726176,Parkes Shire Council,2870,Existing Fast Chargers,accepted,coordinate_near_clear,0.9,False,1857.0,1.1929480160337071,1.1929480160337071,117.98403732280899,Peclet local snapshot (experimental),FC137,Parkes Swimming Pool charger,"27 Dalton St, Parkes NSW 2870, Australia",NRMA,Tesla; Type 2,2.0,50 kW,Open 24/7,-33.1372177,148.1726205,
,,"Darling Cswy, Mount Victoria, 2786",Non-networked,2,AC,22 kW,-33.58671976,150.2568799,Blue Mountains City Council,2786,Existing Destination Chargers,review,coordinate_candidate,0.5,True,398.0,331.69073229977056,331.69073229977056,517.1246440299396,Peclet local snapshot (experimental),HC2542,Montgomery St Mount Victoria charger,"11 Montgomery St
Mount Victoria NSW 2786
Australia",EVNet,,2.0,AC,,-33.5886,150.2541,nearest=331.691m; gap=517.125m; manual confirmation required
,,"Darling Dr, Sydney, 2000",NRMA,20,AC,22 kW,-33.8751502,151.1995636,"Sydney, Council of the City of",2000,Existing Destination Chargers,accepted,coordinate_near_clear,0.9,False,1391.0,0.05968960577840144,0.05968960577840144,182.80589674838106,Peclet local snapshot (experimental),DC702,ICC Sydney Exhibition Centre Car Park (Car Park 1) charger,"14 Darling Dr, Sydney NSW 2000, Australia",NRMA,Type 2,20.0,kW,Open 24/7,-33.87515,151.199563,
,,"Darling Dr, Sydney, 2000",NRMA,5,AC,22 kW,-33.8767518,151.20002,"Sydney, Council of the City of",2000,Existing Destination Chargers,accepted,coordinate_near_clear,0.9,False,563.0,0.14455340474701658,0.14455340474701658,182.896100947712,Peclet local snapshot (experimental),DC703,ICC Sydney Theatre Car Park (Car Park 2) charger,"14 Darling Dr, Haymarket NSW 2000, Australia",NRMA,Type 2,5.0,kW,Open 24/7,-33.8767505,151.20002,
,,"Darwin St, Cessnock, 2325",Everty,3,AC,6 kW,-32.83657562,151.3539109,Cessnock City Council,2325,Existing Destination Chargers,review,coordinate_candidate,0.5,True,1670.0,183.74668921693706,183.74668921693706,11.119835146818417,Peclet local snapshot (experimental),DC166,Wine Country Motor Inn charger,"5 Darwin Street, Cessnock NSW 2325",Everty,Type 2,4.0,kW,Open 24/7,-32.8349969,151.3533299,nearest=183.747m; gap=11.120m; manual confirmation required
,,"Date St, Newcastle, 2289",Chargefox,2,AC,22 kW,-32.93447852,151.7247487,Newcastle City Council,2289,Existing Destination Chargers,review,coordinate_candidate,0.5,True,1207.0,416.24458615662525,416.24458615662525,1358.6660168890198,Peclet local snapshot (experimental),HC2591,Brunker Rd Adamstown charger,"165 Brunker Rd
Adamstown NSW 2289
Australia",Noodoe,,3.0,AC,,-32.9316,151.7276,nearest=416.245m; gap=1358.666m; manual confirmation required
,,"Don Kendell Dr, Forest Hill, 2651",Tesla,1,AC,22 kW,-35.15820325,147.4594585,Wagga Wagga City Council,2651,Existing Destination Chargers,accepted,coordinate_near_clear,0.9,False,1032.0,0.053281193818705525,0.053281193818705525,4995.5166299847415,Peclet local snapshot (experimental),DC963,Valet Park and Fly Wagga Airport charger,"Don Kendall Dr, Wagga Wagga, , Australia, NSW 2651",Tesla Destination,Tesla,1.0,22 kW,,-35.158203,147.459458,
,,"Dorhauer Ln, Sydney, 2025",Evie,2,DC,75 kW,-33.88851356,151.2376316,Woollahra Municipal Council,2025,Existing Fast Chargers,review,coordinate_candidate,0.5,True,228.0,6.155388164116295,6.155388164116295,232.43161756051788,Peclet local snapshot (experimental),FC93,Queen Street Carpark (Dorhauer Lane) charger,"Dorhauer Lane, Woollahra Sydney, NSW 2025, Australia",Evie Networks,Type 2,2.0,75 kW,,-33.88847211,151.2375874,nearest=6.155m; gap=232.432m; manual confirmation required
,,"Eric Felton St, Sydney, 2154",Tesla,3,AC,22 kW,-33.72919824,151.0068078,The Hills Shire Council,2154,Existing Destination Chargers,review,coordinate_candidate,0.5,True,1711.0,64.55764241690794,64.55764241690794,2175.088452085704,Peclet local snapshot (experimental),DC374,Castle Towers Shopping Centre charger,"6 - 14 Castle St, Castle Hill, NSW, Australia, NSW 2154",Tesla Destination,Type 2,3.0,22 kW,Open 24/7,-33.729722,151.007109,nearest=64.558m; gap=2175.088m; manual confirmation required
,,"Eskbank St, Lithgow, 2790",NRMA,4,DC,180 kW,-33.48123828,150.1588018,"Lithgow Council, City of",2790,Existing Fast Chargers,review,coordinate_candidate,0.5,True,672.0,419.0033243915115,419.0033243915115,356.8212334937743,Peclet local snapshot (experimental),FC156,Lithgow Workies Club charger,"3-7 Tank St, Lithgow NSW 2790, Australia",NRMA,Tesla; Type 2,4.0,50 kW,Open 24/7,-33.478006,150.161124,nearest=419.003m; gap=356.821m; manual confirmation required
,,"f 419 Hinterland Wy, Knockrow , 2479",Tesla,12,DC,130 kW,-28.74953958,153.5347227,Ballina Shire Council,2479,Existing Fast Chargers,accepted,address_exact_unique,0.97,False,692.0,0.09389499670123733,0.09389499670123733,48.58397354908042,Peclet local snapshot (experimental),FC241,Macadamia Castle charger,"419 Hinterland Way, Knockrow NSW 2479, Australia",Tesla Supercharge,Type 2; J-1772,12.0,120 kW,Open 24/7,-28.749539,153.534722,
,,"Ferguson Cres, Mittagong, 2575",Porsche Smart Mobility,1,AC,11 kW,-34.44740445,150.4612402,Wingecarribee Shire Council,2575,Existing Destination Chargers,review,coordinate_candidate,0.5,True,187.0,43.4943583325391,43.4943583325391,410.5369477652704,Peclet local snapshot (experimental),DC849,The Fitzroy Inn charger,"1 Ferguson Cres, Mittagong NSW 2575, Australia",Tesla Destination,Tesla; Type 2,2.0,22 kW,,-34.447058,150.46102,nearest=43.494m; gap=410.537m; manual confirmation required
,,"First Ave, Gundagai, 2722",Porsche Smart Mobility,2,AC,11 kW,-35.06456061,148.1075155,Cootamundra-gundagai Regional Council,2722,Existing Destination Chargers,review,coordinate_candidate,0.5,True,611.0,6.137978857695596,6.137978857695596,620.4978986475139,Peclet local snapshot (experimental),DC910,Flash Jacks of Gundagai charger,"14 Homer Street, Gundagai NSW 2722, Australia",,Type 2,2.0,4 kW,Open 24/7,-35.064585,148.107576,nearest=6.138m; gap=620.498m; manual confirmation required
,,"Franklin St, Sydney, 2036",Evie,2,DC,75 kW,-33.96116721,151.2488509,Randwick City Council,2036,Existing Fast Chargers,review,coordinate_candidate,0.5,True,1914.0,315.35406438106077,315.35406438106077,569.5906589269846,Peclet local snapshot (experimental),HC2024,Anzac Pde Matraville charger,"1215 Anzac Pde, Matraville, NSW, 2036",Evie Networks,,4.0,75 kW,,-33.9626,151.2459,nearest=315.354m; gap=569.591m; manual confirmation required
,,"Gallagher St, Byron Bay, 2481",Chargefox,2,AC,22 kW,-28.63008013,153.5810821,Byron Shire Council,2481,Existing Destination Chargers,review,coordinate_candidate,0.5,True,429.0,12.558141113990995,12.558141113990995,182.90290121568637,Peclet local snapshot (experimental),DC35,The Habitat Bryon charger,"9 Easy St, Byron Bay NSW 2481, Australia",NRMA,Type 2,2.0,kW,,-28.63002331,153.5809709,nearest=12.558m; gap=182.903m; manual confirmation required
,,"Gardeners Rd, Sydney, 2020",JOLT,2,DC,25 kW,-33.92049354,151.1907497,"Sydney, Council of the City of",2020,Existing Fast Chargers,review,coordinate_candidate,0.5,True,1476.0,61.05813949681531,61.05813949681531,290.4406804256145,Peclet local snapshot (experimental),FC192,JOLT Gardeners Road charger,"904 Gardeners Rd, Mascot NSW 2020, Australia",JOLT,Tesla; Type 2,4.0,25 kW,6am to 2am.,-33.9206552,151.1913821,nearest=61.058m; gap=290.441m; manual confirmation required
,,"Gardeners Rd, Sydney, 2020",JOLT,2,DC,25 kW,-33.92059364,151.1914745,"Sydney, Council of the City of",2020,Existing Fast Chargers,review,coordinate_candidate,0.5,True,1476.0,10.933704291974932,10.933704291974932,272.9160401929198,Peclet local snapshot (experimental),FC192,JOLT Gardeners Road charger,"904 Gardeners Rd, Mascot NSW 2020, Australia",JOLT,Tesla; Type 2,4.0,25 kW,6am to 2am.,-33.9206552,151.1913821,nearest=10.934m; gap=272.916m; manual confirmation required
,,"Gasworks Ln, Molong, 2866",NRMA,1,AC,22 kW,-33.09089894,148.8704144,Cabonne Council,2866,Existing Destination Chargers,review,coordinate_candidate,0.5,True,2002.0,42.76171807500054,42.76171807500054,22503.915529489434,Peclet local snapshot (experimental),HC2019,Gasworks Ln Molong charger,"Gasworks Ln, Molong, NSW, 2866, Australia",NRMA,,4.0,DC,,-33.0912,148.8707,nearest=42.762m; gap=22503.916m; manual confirmation required
,,"Gipps St, Bega, 2550",NRMA,2,DC,50 kW,-36.67324729,149.843047,Bega Valley Shire Council,2550,Existing Fast Chargers,review,coordinate_candidate,0.5,True,666.0,49.294268995157424,49.294268995157424,641.9205767916303,Peclet local snapshot (experimental),FC124,Church St Car Park charger,"81 Gipps St, Bega NSW 2550, Australia",NRMA,Tesla; Type 2,2.0,50 kW,Open 24/7,-36.672876,149.843349,nearest=49.294m; gap=641.921m; manual confirmation required
,,"Goobarabah Ave, Central Coast, 2263",Chargefox,2,AC,22 kW,-33.24040245,151.5038719,Central Coast Council,2263,Existing Destination Chargers,review,coordinate_candidate,0.5,True,457.0,25.66159822892463,25.66159822892463,32.94625990226403,Peclet local snapshot (experimental),DC174,Lake Haven Shopping Centre charger,"Cnr Lake Haven Dr, Lake Haven NSW 2263, Australia",Chargefox,Type 2,2.0,22 kW,,-33.24019102,151.5037613,nearest=25.662m; gap=32.946m; manual confirmation required
,,"Grandview Lane, Bowen Mountain, 2753",Porsche Destination Charging,1,AC,11 kW,-33.58239244,150.6335656,Hawkesbury City Council,2753,Existing Destination Chargers,review,coordinate_candidate,0.5,True,87.0,24.576230950971475,24.576230950971475,14154.704602923028,Peclet local snapshot (experimental),DC329,Spicers Sangoma Retreat charger,"70 Grandview Ln, Bowen Mountain NSW 2753, Australia",,Type 2,1.0,11 kW,,-33.582561,150.633394,nearest=24.576m; gap=14154.705m; manual confirmation required
,,"Grenache Way, Murrumbateman, 2582",Porsche Smart Mobility,1,AC,11 kW,-34.97787592,149.0084344,Yass Valley Council,2582,Existing Destination Chargers,review,coordinate_candidate,0.5,True,1423.0,27.636424420603092,27.636424420603092,2153.5766146667343,Peclet local snapshot (experimental),DC905,Shaw Wines charger,"34 Isabel Dr, Murrumbateman NSW 2582, Australia",,Type 2,4.0,kW,,-34.97789315,149.0081318,nearest=27.636m; gap=2153.577m; manual confirmation required
,,"Griffith St, Tweed Heads, 2485",Chargefox,2,AC,22 kW,-28.16872577,153.5430551,Tweed Shire Council,2485,Existing Destination Chargers,review,coordinate_candidate,0.5,True,1643.0,1.7361817807966193,1.7361817807966193,4.506603717521849,Peclet local snapshot (experimental),DC41,The Sebel Twin Towns Coolangatta charger,"Corner Of Griffith And, Stuart St, Coolangatta QLD 4225, Australia",Chargefox,Type 2,2.0,22 kW,,-28.16872752,153.5430727,nearest=1.736m; gap=4.507m; manual confirmation required
,,"Halls Rd, Pokolbin, 2320",Porsche Smart Mobility,2,AC,11 kW,-32.77742747,151.3148879,Cessnock City Council,2320,Existing Destination Chargers,review,coordinate_candidate,0.5,True,458.0,78.56155158641378,78.56155158641378,264.3318697627072,Peclet local snapshot (experimental),DC191,Spicers Tower Lodge charger,"6 Halls Rd, Pokolbin NSW 2320, Australia",,Type 2,2.0,kW,,-32.776737,151.315066,nearest=78.562m; gap=264.332m; manual confirmation required
,,"Harbour Boulevard, Shell Cove, 2529",Chargefox,2,DC,350 kW,-34.58859964,150.8661131,Shellharbour City Council,2529,Existing Fast Chargers,accepted,coordinate_near_clear,0.9,False,1835.0,0.08989518075738467,0.08989518075738467,3585.516916188079,Peclet local snapshot (experimental),FC11,NRMA - Shell Cove charger,"Harbour Boulevard, Shell Cove, 2529",Chargefox,Tesla; Type 2,4.0,350kW,Open 24/7,-34.588599,150.8661125,
,,"Hassall St, Sydney, 2142",BP,4,DC,150 kW,-33.81961366,151.0213463,"Parramatta, Council of the City of",2142,Existing Fast Chargers,review,coordinate_candidate,0.5,True,1448.0,11.969830312048003,11.969830312048003,434.938977910228,Peclet local snapshot (experimental),FC52,BP Rosehill charger,"113 Hassall St, Rosehill NSW 2142, Australia",bp pulse,Type 2,2.0,75 kW,Open 24/7,-33.81967545,151.0212402,nearest=11.970m; gap=434.939m; manual confirmation required
,,"Hassall Street & James Rouse Drive, Sydney, 2142",BP,4,DC,150 kW,-33.81968873,151.0213023,"Parramatta, Council of the City of",2142,Existing Fast Chargers,review,coordinate_candidate,0.5,True,1448.0,5.923799743320128,5.923799743320128,444.33824740180603,Peclet local snapshot (experimental),FC52,BP Rosehill charger,"113 Hassall St, Rosehill NSW 2142, Australia",bp pulse,Type 2,2.0,75 kW,Open 24/7,-33.81967545,151.0212402,nearest=5.924m; gap=444.338m; manual confirmation required
,,"Hastings St, Wauchope, 2446",NRMA,4,DC,60 kW,-31.4561542,152.7327227,Port Macquarie-Hastings Council,2446,Existing Fast Chargers,review,coordinate_candidate,0.5,True,436.0,932.0798523681301,932.0798523681301,7575.161165534919,Peclet local snapshot (experimental),DC71,Dylko Electrical charger,"9 Stephen St, Wauchope NSW 2446, Australia",,Tesla,1.0,kW,7:00am-5:00pm,-31.453599,152.723364,nearest=932.080m; gap=7575.161m; manual confirmation required
,,"Havenview Rd, Central Coast, 2260",EVUp,2,AC,23 kW,-33.44133738,151.4392553,Central Coast Council,2260,Existing Destination Chargers,review,coordinate_candidate,0.5,True,1320.0,23.092402865239542,23.092402865239542,917.3216718984146,Peclet local snapshot (experimental),DC367,Terrigal Hotel charger,"176 Terrigal Drive Terrigal, New South Wales, 2260",EVUp,Type 2,2.0,kW,Open 24/7,-33.44148071,151.4394354,nearest=23.092m; gap=917.322m; manual confirmation required
,,"Headland Ave, Austinmer, 2515",EVX,2,AC,22 kW,-34.30089594,150.9396096,Wollongong City Council,2515,Existing Destination Chargers,accepted,coordinate_near_clear,0.9,False,159.0,1.6990376673798628,1.6990376673798628,2686.633053773659,Peclet local snapshot (experimental),DC737,2 Headland Ave Parking charger,"2 Headland Ave, Austinmer NSW 2515, Australia",EVX,Type 2,2.0,kW,Open 24/7,-34.30089032,150.9396268,
,,"Henderson Rd, Sydney, 2174",Chargefox,10,AC,6 kW,-33.9694585,150.8563874,Liverpool City Council,2174,Existing Destination Chargers,review,coordinate_candidate,0.5,True,525.0,22.665453183012545,22.665453183012545,273.33538031221815,Peclet local snapshot (experimental),DC531,Park&Ride - Edmondson Park (South) charger,"Cr Henderson Road and MacDonald Road, Edmondson Park NSW 2174",Chargefox,Type 2,10.0,7 kW,Open 24/7,-33.96953274,150.8566163,nearest=22.665m; gap=273.335m; manual confirmation required
,,"Herbert St, Tooleybuc, 2736",Non-networked,8,AC,22 kW,-35.02423528,143.3367067,Murray River Council,2736,Existing Destination Chargers,review,coordinate_candidate,0.5,True,1819.0,223.95685030899827,223.95685030899827,2866.437969068473,Peclet local snapshot (experimental),DC939,Tooleybuc Club Motor Inn charger,"1 Lockhart Road, Tooleybuc NSW 2736",,Type 2,8.0,22 kW,Open 24/7,-35.02229841,143.3373812,nearest=223.957m; gap=2866.438m; manual confirmation required
,,"Hermitage Rd, Pokolbin, 2320",Tesla,2,AC,17 kW,-32.7277508,151.2606126,Singleton Council,2320,Existing Destination Chargers,accepted,coordinate_near_clear,0.9,False,1308.0,0.10518193544681724,0.10518193544681724,126.26300314278564,Peclet local snapshot (experimental),DC280,Hunter Valley Resort charger,"CNR Hermitage Rd and Mistletow Ln, Mistletoe Ln, Pokolbin NSW 2320, Australia",Tesla Destination,Tesla,2.0,17 kW,Open 24/7,-32.72775,151.260612,
,,"Hermitage Road, Pokolbin, 2320",Porsche Smart Mobility,1,AC,11 kW,-32.73467072,151.2624855,Singleton Council,2320,Existing Destination Chargers,review,coordinate_candidate,0.5,True,466.0,33.57667279735665,33.57667279735665,222.10717333408607,Peclet local snapshot (experimental),DC229,Keith Tulloch Winery charger,"989 Hermitage Rd, Pokolbin NSW 2320, Australia",,Type 2,1.0,kW,,-32.734559,151.262152,nearest=33.577m; gap=222.107m; manual confirmation required
,,"Holborn Ct, Sydney, 2557",Exploren,4,DC,150 kW,-34.02030235,150.7634565,Camden Council,2557,Existing Fast Chargers,accepted,coordinate_near_clear,0.9,False,252.0,4.826930357782887,4.826930357782887,2897.880573549098,Peclet local snapshot (experimental),FC206,1 Gregory Hills Drive Parking charger,"Cnr Gregory Hills Dr & Holborn Cct, Gledswood Hills NSW, Australia",Everty,Type 2,4.0,120 kW,Open 24/7,-34.02032806,150.7634143,
,,"Horderns Rd, Bowral, 2576",Porsche Smart Mobility,1,AC,11 kW,-34.49890695,150.4816156,Wingecarribee Shire Council,2576,Existing Destination Chargers,review,coordinate_candidate,0.5,True,597.0,37.746326614675475,37.746326614675475,6028.847223585401,Peclet local snapshot (experimental),DC843,Milton Park Country House charger,"Horderns Rd, Milton Park, Australia, NSW 2575",Tesla Destination,Tesla; Type 2,2.0,8 kW,,-34.499128,150.481303,nearest=37.746m; gap=6028.847m; manual confirmation required
,,"Innovation Way, Wollongong, 2500",Chargefox,3,DC,180 kW,-34.40008513,150.8996306,Wollongong City Council,2500,Existing Fast Chargers,review,coordinate_candidate,0.5,True,176.0,1.8843545428880948,1.8843545428880948,0.0,Peclet local snapshot (experimental),DC819,Innovation Campus - SBRC Building 237 charger,"160 Innovation Way, North Wollongong NSW 2500, Australia",,Type 2,1.0,22 kW,Open 24/7,-34.40009045,150.8996111,nearest=1.884m; gap=0.000m; manual confirmation required
,,"Jean Wailes Ave, Sydney, 2138",Chargefox,3,AC,22 kW,-33.83529434,151.0844314,"Canada Bay Council, City of",2138,Existing Destination Chargers,review,coordinate_candidate,0.5,True,556.0,90.73736946854517,90.73736946854517,158.66362133531783,Peclet local snapshot (experimental),DC669,Rhodes Waterside charger,"Level 3, 1 Rider Blvd, Rhodes NSW 2138, Australia",Chargefox,Tesla; Type 2,8.0,22 kW,Rhodes Waterside Shopping Centre,-33.835415,151.085403,nearest=90.737m; gap=158.664m; manual confirmation required
,,"Jersey St, Sydney, 2077",BP,2,DC,75 kW,-33.68997402,151.1061692,"Hornsby, The Council of the Shire of",2077,Existing Fast Chargers,accepted,coordinate_near_clear,0.9,False,654.0,3.906224643328897,3.906224643328897,474.67980397243036,Peclet local snapshot (experimental),FC57,BP Asquith charger,"462 Pacific Hwy, Asquith NSW 2077, Australia",bp pulse,Type 2,2.0,75 kW,Open 24/7,-33.68999427,151.1061347,
,,"Joadja Rd, Sydney, 2170",NRMA,6,AC,22 kW,-33.9302513,150.8756286,Liverpool City Council,2170,Existing Destination Chargers,review,coordinate_candidate,0.5,True,270.0,64.25068513949894,64.25068513949894,2906.4694009640443,Peclet local snapshot (experimental),HC2224,Hoxton Park Rd Prestons charger,"424 Hoxton Park Rd, Prestons, NSW, 2170",NRMA,,4.0,DC,,-33.9305,150.875,nearest=64.251m; gap=2906.469m; manual confirmation required
,,"John Renshaw Dr, Beresfield, 2322",BP,2,DC,75 kW,-32.81193998,151.6394685,Newcastle City Council,2322,Existing Fast Chargers,review,coordinate_candidate,0.5,True,1057.0,12.165412023105015,12.165412023105015,441.4316767344222,Peclet local snapshot (experimental),FC67,bp Beresfield charger,"Lot 201 John Renshaw Drive Lot 201, Beresfield NSW 2322, Australia",bp pulse,Tesla; Type 2,2.0,75 kW,,-32.81183617,151.6395096,nearest=12.165m; gap=441.432m; manual confirmation required
,,"Kable Ave, Tamworth, 2340",NRMA,2,DC,50 kW,-31.0903554,150.9274134,Tamworth Regional Council,2340,Existing Fast Chargers,review,coordinate_candidate,0.5,True,1870.0,10.318461391508041,10.318461391508041,223.89642616803874,Peclet local snapshot (experimental),FC202,Hands of Fame Park charger,"2 Kable Ave, Tamworth NSW 2340, Australia",NRMA,Tesla; Type 2,2.0,50 kW,Open 24/7,-31.090437,150.927465,nearest=10.318m; gap=223.896m; manual confirmation required
,,"Kiewa St, Albury, 2640",NRMA,2,DC,50 kW,-36.08379184,146.9148338,Albury City Council,2640,Existing Fast Chargers,review,coordinate_candidate,0.5,True,1855.0,9.815837199964767,9.815837199964767,183.3238367881382,Peclet local snapshot (experimental),FC123,Kiewa St Car Park Rooftop charger,"441 Kiewa St, Albury NSW 2640, Australia",NRMA,Tesla; Type 2,2.0,50 kW,6:00 AM - 10:00 PM,-36.083744,146.914742,nearest=9.816m; gap=183.324m; manual confirmation required
,,"King St, Newcastle, 2300",Porsche Smart Mobility,2,AC,11 kW,-32.92746051,151.7790551,Newcastle City Council,2300,Existing Destination Chargers,review,coordinate_candidate,0.5,True,74.0,65.21923763714777,65.21923763714777,102.93357376979971,Peclet local snapshot (experimental),DC285,Victoria Theatre charger,"8/10 Perkins St, Newcastle NSW 2300, Australia",Chargefox,Type 2,4.0,7 kW,,-32.926963,151.778685,nearest=65.219m; gap=102.934m; manual confirmation required
,,"Kintore Headframe Car Park, 51 Bromide St, Broken Hill, NSW 2880, Australia",NRMA,2,DC,50 kW,-31.557857,143.3855021,Broken Hill City Council,2836,TfNSW Regional,review,ambiguous_exact_address,0.5,True,2001.0,4.785520226968775,4.785520226968775,49.356648940090096,Peclet local snapshot (experimental),HC2752,Kintore Headframe Car Park 51 Bromide St Broken Hill charger,"Kintore Headframe Car Park, 51 Bromide St, Broken Hill, NSW 2880, Australia",NRMA,,2.0,50 kW,,-31.5579,143.3855,nearest=4.786m; gap=49.357m; manual confirmation required
,,"Kokera St, Newcastle, 2287",Tesla,2,AC,22 kW,-32.90262967,151.6676206,Newcastle City Council,2287,Existing Destination Chargers,review,coordinate_candidate,0.5,True,68.0,80.51351016574225,80.51351016574225,120.12866555791436,Peclet local snapshot (experimental),DC269,Wallsend Village charger,"80 Cowper Street, Wallsend NSW 2287",Tesla Destination,Type 2,2.0,22 kW,Open 24/7,-32.903337,151.667805,nearest=80.514m; gap=120.129m; manual confirmation required
,,"Koonya Cct, Sydney, 2229",Exploren,2,DC,50 kW,-34.0278569,151.1217848,Sutherland Shire Council,2229,Existing Fast Chargers,review,coordinate_candidate,0.5,True,1082.0,33.227089753441845,33.227089753441845,129.84609714170026,Peclet local snapshot (experimental),FC187,Bunnings Caringbah charger,"Koonya Cct, Caringbah NSW 2229, Australia",Exploren,Tesla; Type 2,2.0,50 kW,6am - 9pm,-34.02815,151.121855,nearest=33.227m; gap=129.846m; manual confirmation required
,,"Kowara Cres, Merimbula, 2548",EVUp,2,AC,22 kW,-36.88414419,149.9032943,Bega Valley Shire Council,2548,Existing Destination Chargers,accepted,coordinate_exact,1.0,False,215.0,0.0,0.07171836722908406,110.18430577074723,Peclet local snapshot (experimental),DC1004,Sapphire Valley Caravan Park 2 charger,29 Sapphire Coast Drive,EVUp,Type 2,2.0,kW,,-36.88414355,149.9032944,
,,"Lake Haven Dr, Lake Haven NSW 2263",Engie,2,DC,150 kW,-33.2445959,151.498974,Camden Council,2263,ARENA - Driving the Nation,accepted,coordinate_near_clear,0.9,False,1182.0,2.4605144223187216,2.4605144223187216,594.7814462979208,Peclet local snapshot (experimental),HC2706,Lake Haven Dr Lake Haven charger,"Lake Haven Dr, Lake Haven NSW 2263",Engie,,2.0,150 kW,,-33.2446,151.499,
,,"Lampe St, Talbingo, 2720",Chargefox,4,AC,22 kW,-35.58062367,148.3003804,Snowy Valleys Council,2720,Existing Destination Chargers,review,coordinate_candidate,0.5,True,607.0,253.89724847247405,253.89724847247405,52.444907083153424,Peclet local snapshot (experimental),DC893,Talbingo Lodge charger,"45 Lampe St, Talbingo NSW 2720, Australia",,Type 2,1.0,kW,,-35.58242716,148.2986585,nearest=253.897m; gap=52.445m; manual confirmation required
,,"Larkin Ln, Lismore, 2480",Everty,3,AC,11 kW,-28.80843648,153.2793393,Lismore City Council,2480,Existing Destination Chargers,review,coordinate_candidate,0.5,True,785.0,5.578211106574801,5.578211106574801,38.76763376490048,Peclet local snapshot (experimental),HC2738,Keen St Lismore charger,"98 Keen St
Lismore NSW 2480
Australia",Everty,,4.0,AC,,-28.8084,153.2793,nearest=5.578m; gap=38.768m; manual confirmation required
,,"Lauder St, Tumbarumba, 2653",Chargefox,2,DC,100 kW,-35.7735596,148.0094114,Snowy Valleys Council,2653,Existing Fast Chargers,review,coordinate_candidate,0.5,True,1574.0,302.7723840907818,302.7723840907818,7273.795296695129,Peclet local snapshot (experimental),HC2076,Union Ln Tumbarumba charger,"Union Ln
Tumbarumba NSW 2653
Australia",Chargefox,,4.0,AC,,-35.776,148.0109,nearest=302.772m; gap=7273.795m; manual confirmation required
,,"Leisure Haven Caravan Pk, Woollamia, 2540",Exploren,2,AC,22 kW,-35.02311116,150.6615756,Shoalhaven City Council,2540,Existing Destination Chargers,review,coordinate_candidate,0.5,True,1101.0,83.75762188967641,83.75762188967641,1742.272942416035,Peclet local snapshot (experimental),HC2323,Woollamia Rd Woollamia charger,"785 Woollamia Rd
Woollamia NSW 2540
Australia",Exploren,,2.0,AC,,-35.0226,150.6609,nearest=83.758m; gap=1742.273m; manual confirmation required
,,"Library Walk, Sydney, 2033",Chargefox,12,AC,6 kW,-33.91844849,151.2345085,Randwick City Council,2033,Existing Destination Chargers,review,coordinate_candidate,0.5,True,1368.0,26.981793086712333,26.981793086712333,544.0323152432527,Peclet local snapshot (experimental),DC599,UNSW Sydney - Botany Street Carpark charger,"Parking Station (H25), Gate 11, Botany St, Kensington NSW 2052",Chargefox,Type 2,13.0,7 kW,Open 24/7,-33.918565,151.234252,nearest=26.982m; gap=544.032m; manual confirmation required
,,"Link Road, Sydney, 2113",Chargefox,6,AC,22 kW,-33.77552657,151.1094585,"Ryde, Council of the City of",2113,Existing Destination Chargers,review,coordinate_candidate,0.5,True,496.0,6.83159819957245,6.83159819957245,718.8806414737643,Peclet local snapshot (experimental),DC413,Macquarie University (1) charger,"Macquarie University, Link Road, Macquarie Park NSW 2109, Australia",Chargefox,Type 2,6.0,22 kW,Open 24/7,-33.775511,151.109387,nearest=6.832m; gap=718.881m; manual confirmation required
,,"Lovedale Rd, Lovedale, 2325",Porsche Smart Mobility,2,AC,11 kW,-32.75337542,151.3714925,Cessnock City Council,2325,Existing Destination Chargers,review,coordinate_candidate,0.5,True,1668.0,59.45740652075846,59.45740652075846,1729.7371357971472,Peclet local snapshot (experimental),DC157,Adina Vineyard & Olive Grove charger,"492 Lovedale Rd, Lovedale NSW 2325, Australia",,Type 2,2.0,kW,10am - 5pm,-32.753105,151.372041,nearest=59.457m; gap=1729.737m; manual confirmation required
,,"M4 Motorway Westbound, Sydney, 2766",Ampol,10,DC,400 kW,-33.80214519,150.8802132,Blacktown City Council,2766,Existing Fast Chargers,review,coordinate_candidate,0.5,True,1740.0,848.5071591329859,848.5071591329859,96.91739009064963,Peclet local snapshot (experimental),DC523,Alpha Hotel Eastern Creek charger,"1 Peter Brock Dr, Eastern Creek, Australia, NSW 2766",Tesla Destination,Tesla,2.0,22 kW,,-33.801991,150.871032,nearest=848.507m; gap=96.917m; manual confirmation required
,,"Market St, Merimbula, 2548",Tesla,2,AC,6 kW,-36.89278383,149.9090891,Bega Valley Shire Council,2548,Existing Destination Chargers,accepted,coordinate_near_clear,0.9,False,1038.0,0.09271924534693851,0.09271924534693851,359.86468639475254,Peclet local snapshot (experimental),DC985,Albacore Apartments charger,"Market St, Merimbula NSW 2548, Australia",Tesla Destination,Tesla,2.0,6 kW,,-36.892783,149.909089,
,,"McFarlane St, Sydney, 2160",Tesla,2,AC,22 kW,-33.83346051,150.9873373,Cumberland Council,2160,Existing Destination Chargers,review,coordinate_candidate,0.5,True,1739.0,176.4854744289013,176.4854744289013,1580.0216946181847,Peclet local snapshot (experimental),DC513,Stockland Merrylands charger,"1 Pitt St, Merrylands NSW 2160, Australia",Tesla Destination,Type 2,2.0,22 kW,5:30-22:30,-33.834941,150.988026,nearest=176.485m; gap=1580.022m; manual confirmation required
,,"Megalong Rd, Megalong Valley, 2785",Chargefox,2,AC,22 kW,-33.69583588,150.2530601,Blue Mountains City Council,2785,Existing Destination Chargers,review,coordinate_candidate,0.5,True,1326.0,7.761801801520181,7.761801801520181,655.2459488551517,Peclet local snapshot (experimental),DC379,Megalong Valley Tea Room charger,"824 Megalong Rd, Megalong Valley NSW 2785, Australia",Chargefox,Type 2,2.0,22 kW,9am - 2:45pm,-33.69590259,150.2530354,nearest=7.762m; gap=655.246m; manual confirmation required
,,"Melyra Street, Grenfell, 2810",Exploren,2,AC,22 kW,-33.89200405,148.1607778,Weddin Shire Council,2810,Existing Destination Chargers,review,coordinate_candidate,0.5,True,1031.0,15.912580670426353,15.912580670426353,445.1596018410597,Peclet local snapshot (experimental),DC953,Grenfell Aquatic Centre charger,"Forbes St & Melyra Street, Grenfell NSW 2810,, Grenfell 2810",Exploren,Type 2,2.0,22 kW,Open 24/7,-33.89197418,148.1606092,nearest=15.913m; gap=445.160m; manual confirmation required
,,"Merewether St & Wharf Rd, Newcastle , 2300",Tesla,1,AC,6 kW,-32.92522927,151.7732092,Newcastle City Council,2300,Existing Destination Chargers,review,coordinate_candidate,0.5,True,1689.0,41.2555746896375,41.2555746896375,407.34507478281756,Peclet local snapshot (experimental),DC265,Rydges Newcastle charger,"Wharf Rd & Merewether St, Newcastle NSW 2300, Australia","Tesla Destination, Exploren",Tesla; Type 2,3.0,4 - 7 kW,,-32.925461,151.772864,nearest=41.256m; gap=407.345m; manual confirmation required
,,"Merry Beach Rd, Kioloa, 2539",Exploren,4,AC,6 kW,-35.56540945,150.371977,Shoalhaven City Council,2539,Existing Destination Chargers,accepted,coordinate_near_clear,0.9,False,305.0,2.330705304718082,2.330705304718082,381.78115679557266,Peclet local snapshot (experimental),HC2312,Merry Beach Rd Kioloa charger,"46 Merry Beach Rd
Kioloa NSW 2539
Australia",Exploren,,4.0,AC,,-35.5654,150.372,
,,"Methul St N, Coolamon, 2701",Exploren,2,AC,22 kW,-34.81361066,147.2015485,Coolamon Shire Council,2701,Existing Destination Chargers,review,coordinate_candidate,0.5,True,1824.0,52.91275616229764,52.91275616229764,490.08955797881976,Peclet local snapshot (experimental),DC958,Redgrave Park charger,"Methul St S, Coolamon NSW 2701, Australia, Coolamon 2701",Exploren,Type 2,2.0,22 kW,Open 24/7,-34.81314708,147.2016793,nearest=52.913m; gap=490.090m; manual confirmation required
,,"Milbrodale Road 1100, Broke, 2330",ChargeHub,4,AC,22 kW,-32.75094099,151.0803403,Singleton Council,2330,Existing Destination Chargers,review,coordinate_candidate,0.5,True,1628.0,197.00603513365576,197.00603513365576,626.0593521093322,Peclet local snapshot (experimental),HC2506,Milbrodale Rd Broke charger,"1100 Milbrodale Rd
Broke NSW 2330
Australia",Charge Hub,,4.0,AC,,-32.7505,151.0783,nearest=197.006m; gap=626.059m; manual confirmation required
,,"Mitchell Pde, Mollymook Beach, 2539",Porsche Smart Mobility,3,AC,11 kW,-35.32252857,150.485036,Shoalhaven City Council,2539,Existing Destination Chargers,review,coordinate_candidate,0.5,True,1014.0,36.31610884427181,36.31610884427181,797.9317777297829,Peclet local snapshot (experimental),DC883,Bannisters by the Sea charger,"191 Mitchell Parade, Mollymook, New South Wales, Australia, NSW 2539",Tesla Destination,Tesla; Type 2,2.0,22 kW,,-35.32223179,150.4848689,nearest=36.316m; gap=797.932m; manual confirmation required
,,"Moore St, Banksmeadow , 2019",EVUp,1,AC,22 kW,-33.9452573,151.2222232,Bayside Council,2019,Existing Destination Chargers,accepted,coordinate_exact,1.0,False,968.0,0.0,0.03812016901620029,310.8623859521725,Peclet local snapshot (experimental),DC639,mycar Tyre & Auto Pagewood Eastgardens charger,"Eastgardens Shopping Centre,Banks Avenue,Pagewood",EVUp,Type 2,1.0,kW,Open 24/7,-33.945257,151.222223,
,,"Mortimer St, Mudgee, 2850",NRMA,2,DC,50 kW,-32.59368073,149.5862633,Mid-Western Regional Council,2850,Existing Fast Chargers,review,coordinate_candidate,0.5,True,241.0,5.371318785107862,5.371318785107862,380.8036356549635,Peclet local snapshot (experimental),FC138,Club Mudgee Car Park charger,"99 Mortimer St, Mudgee NSW 2850, Australia",NRMA,Tesla; Type 2,2.0,50 kW,Open 24/7,-32.59372361,149.5862369,nearest=5.371m; gap=380.804m; manual confirmation required
,,"Mount View Rd, Mount View, 2325",Tesla,1,AC,6 kW,-32.83438043,151.2962412,Cessnock City Council,2325,Existing Destination Chargers,accepted,coordinate_exact,1.0,False,45.0,0.0,0.05133548609909039,601.6509842482196,Peclet local snapshot (experimental),DC173,Petersons Wines charger,"522 Mount View Road, Mt View, New South Wales, Australia, NSW 2325",Tesla Destination,Tesla,1.0,6 kW,,-32.83438,151.296241,
,,"Mowamba Pl, Thredbo, 2625",Tesla,1,AC,22 kW,-36.50483088,148.3046977,Snowy Monaro Regional Council,2625,Existing Destination Chargers,review,coordinate_candidate,0.5,True,1024.0,5.767156135917802,5.767156135917802,92.65766564699818,Peclet local snapshot (experimental),DC932,Thredbo Alpine Hotel charger,"89 Mowamba Pl, Kosciuszko National Park NSW 2625, Australia",Tesla Destination,Type 2,1.0,14 kW,Open 24/7,-36.50482494,148.3046336,nearest=5.767m; gap=92.658m; manual confirmation required
,,"Muir St, Medowie, 2318",Chargefox,2,AC,6 kW,-32.73893898,151.8673493,Port Stephens Council,2318,Existing Destination Chargers,review,coordinate_candidate,0.5,True,1295.0,5.130581827365761,5.130581827365761,7740.12430187952,Peclet local snapshot (experimental),DC213,Murray Consulting Solutions charger,"6 Muir St, Medowie NSW 2318, Australia",Chargefox,Type 2,2.0,7 kW,"06:00 till 18:30 Monday to Friday, 07:30 till 13:30 Saturday",-32.738965,151.867304,nearest=5.131m; gap=7740.124m; manual confirmation required
,,"Mulgoa Rd & Wolseley St, Sydney, 2750",Tesla,2,AC,22 kW,-33.76959064,150.6717908,Penrith City Council,2750,Existing Destination Chargers,review,coordinate_candidate,0.5,True,1725.0,9.269580092197469,9.269580092197469,43.78102444542742,Peclet local snapshot (experimental),DC449,Supercheap Auto Penrith charger,"13/23 Pattys Pl, Penrith NSW 2750, Australia",Tesla Destination,Type 2,1.0,22 kW,Open 24/7,-33.76958438,150.6718908,nearest=9.270m; gap=43.781m; manual confirmation required
,,"Murray Rose Ave, Sydney, 2127",NRMA,2,DC,50 kW,-33.84603808,151.0698058,"Parramatta, Council of the City of",2127,Existing Fast Chargers,accepted,coordinate_near_clear,0.9,False,1080.0,0.18582030712168837,0.18582030712168837,181.80655097344297,Peclet local snapshot (experimental),FC166,Sydney Olympic Park charger,"9 Murray Rose Ave, Sydney Olympic Park NSW 2127, Australia",NRMA,Type 2,2.0,50 kW,Open 24/7,-33.84603863,151.0698039,
,,"Napier St, Sydney, 2021",EVX,2,AC,22 kW,-33.88338043,151.220003,"Sydney, Council of the City of",2021,Existing Destination Chargers,review,coordinate_candidate,0.5,True,813.0,31.183622993479766,31.183622993479766,188.85468531122723,Peclet local snapshot (experimental),HC2561,Napier St Paddington charger,"36 Napier St
Paddington NSW 2021
Australia",EVX,,2.0,22 kW,,-33.8831,151.22,nearest=31.184m; gap=188.855m; manual confirmation required
,,"NARELLAN RD CNR MAXWELL PL, Sydney, 2567",Ampol,4,DC,150 kW,-34.04010015,150.7435405,Camden Council,2567,Existing Fast Chargers,review,coordinate_candidate,0.5,True,1634.0,466.56546477851515,466.56546477851515,266.7472017867082,Peclet local snapshot (experimental),HC2750,Camden Valley Way & Somerset Ave Narellan charger,"Camden Valley Way &, Somerset Ave, Narellan NSW 2567",Evie,,4.0,150 kW,,-34.0397,150.7385,nearest=466.565m; gap=266.747m; manual confirmation required
,,"Newbridge Road 216, Sydney, 2170",Ampol,2,DC,150 kW,-33.92932037,150.9551001,Liverpool City Council,2170,Existing Fast Chargers,review,coordinate_candidate,0.5,True,514.0,1732.909475585699,1732.909475585699,149.0026869450253,Peclet local snapshot (experimental),DC494,Taitung Food Service charger,"355 Newbridge Road, Moorebank NSW 2170",,Tesla,1.0,kW,7am to 3pm,-33.929436,150.936318,nearest=1732.909m; gap=149.003m; manual confirmation required
,,"North Ter, Sydney, 2200",Chargefox,4,DC,200 kW,-33.91649454,151.0402563,Canterbury Bankstown Council,2200,Existing Fast Chargers,review,coordinate_candidate,0.5,True,1380.0,398.34621885099835,398.34621885099835,1560.3566232810876,Peclet local snapshot (experimental),DC668,Canterbury Bankstown Council charger,"Civic Tower, 1/66-72 Rickard Road, Bankstown NSW 2200, Australia",Exploren,Type 2,4.0,7 kW,Open 24/7,-33.9150671,151.0362969,nearest=398.346m; gap=1560.357m; manual confirmation required
,,"Nowra Rd, Moss Vale, 2577",Porsche Smart Mobility,2,AC,11 kW,-34.59692397,150.4412503,Wingecarribee Shire Council,2577,Existing Destination Chargers,review,coordinate_candidate,0.5,True,180.0,21.04526748164805,21.04526748164805,7935.373410816211,Peclet local snapshot (experimental),DC833,Mali Brae Farm charger,"562 Nowra Rd, Moss Vale NSW 2577, Australia",,Type 2,2.0,kW,,-34.59690614,150.4410214,nearest=21.045m; gap=7935.373m; manual confirmation required
,,"Oatley Railway Station, Oatley Pde, Oatley, New South Wales 2223, Australia",JOLT,1,DC,25 kW,-33.981453,151.079434,Georges River Council,2223,TfNSW Commuter Car Parks,review,coordinate_candidate,0.5,True,253.0,7.02877986384725,7.02877986384725,190.7543346875036,Peclet local snapshot (experimental),FC208,12C Oatley Parade Parking charger,"12C Oatley Parade, Oatley NSW 2223, Australia",JOLT,Tesla; Type 2,2.0,25 kW,Open 24/7,-33.98151618,151.0794364,nearest=7.029m; gap=190.754m; manual confirmation required
,,"Oberon St, Oberon, 2787",ChargeHub,4,AC,22 kW,-33.70452257,149.8638138,Oberon Council,2787,Existing Destination Chargers,review,coordinate_candidate,0.5,True,950.0,57.18308015939848,57.18308015939848,672.7952000418468,Peclet local snapshot (experimental),DC543,Oberon RSL charger,"Cnr Dudley &, Oberon St, Oberon NSW 2787",,Type 2,2.0,kW,10am to 9pm,-33.70472238,149.8632442,nearest=57.183m; gap=672.795m; manual confirmation required
,,"Obley Road, Dubbo, 2830",Chargefox,12,AC,22 kW,-32.27382687,148.5880791,Dubbo Regional Council,2830,Existing Destination Chargers,accepted,coordinate_near_clear,0.9,False,874.0,0.09719535766735166,0.09719535766735166,2131.8398273987177,Peclet local snapshot (experimental),DC178,Taronga Western Plains Zoo charger,"Obley road Taronga Western Plains Zoo, Obley Rd, Dubbo NSW 2830, Australia",Chargefox,Type 2,6.0,22 kW,,-32.273826,148.588079,
,,"Orchard Ct, Bathurst, 2795",Exploren,2,DC,120 kW,-33.42979584,149.560006,Bathurst Regional Council,2795,Existing Fast Chargers,review,coordinate_candidate,0.5,True,1896.0,943.8243295031601,943.8243295031601,171.15685423445086,Peclet local snapshot (experimental),HC2304,Rankin St Bathurst charger,"361 Rankin St
Bathurst NSW 2795
Australia",Exploren,,2.0,AC,,-33.4226,149.5654,nearest=943.824m; gap=171.157m; manual confirmation required
,,"Ordnance St, Newcastle, 2300",Chargefox,2,AC,22 kW,-32.93191396,151.7804224,Newcastle City Council,2300,Existing Destination Chargers,review,coordinate_candidate,0.5,True,1186.0,166.6714713630786,166.6714713630786,343.9865127586072,Peclet local snapshot (experimental),HC2081,Watt St Newcastle charger,"72 Watt St
Newcastle NSW 2300
Australia",Chargefox,,2.0,22 kW,,-32.9314,151.7821,nearest=166.671m; gap=343.987m; manual confirmation required
,,"Pacific Hwy Cnr, 13-15 Costa Ave, Charmhaven NSW 2263",Ampol,4,DC,125 kW,-33.2179895,151.5103011,Maitland City Council,2263,ARENA - Driving the Nation,accepted,address_exact_unique,0.97,False,2026.0,1.172022287817456,1.172022287817456,2541.3610433264603,Peclet local snapshot (experimental),HC2432,Pacific Hwy Cnr 13-15 Costa Ave Charmhaven charger,"Pacific Hwy Cnr, 13-15 Costa Ave, Charmhaven NSW 2263",Ampol,,4.0,125 kW,,-33.218,151.5103,
,,"Pacific Hwy, Boambee, 2450",Chargefox,2,DC,270 kW,-30.31793098,153.0897227,Coffs Harbour City Council,2450,Existing Fast Chargers,review,coordinate_candidate,0.5,True,637.0,22.616776979659758,22.616776979659758,265.89003068889156,Peclet local snapshot (experimental),FC4,NRMA - Coffs Harbour charger,"Pacific Hwy, North Boambee Valley, 2450",Chargefox,Tesla; Type 2,4.0,350kW,Open 24/7,-30.317745,153.0898181,nearest=22.617m; gap=265.890m; manual confirmation required
,,"Parramatta Rd 214, Sydney, 2134",Everty,2,DC,60 kW,-33.86979084,151.1106677,Burwood Council,2134,Existing Fast Chargers,review,coordinate_candidate,0.5,True,1867.0,9.416588230811772,9.416588230811772,262.192151597189,Peclet local snapshot (experimental),FC188,Motor Traders' Association of New South Wales charger,"214 Parramatta Rd, Burwood NSW 2134, Australia",Everty,Type 2,2.0,60 kW,Open 24/7,-33.86973363,151.1105925,nearest=9.417m; gap=262.192m; manual confirmation required
,,"Penrith Railway Station, Jane St, Penrith, New South Wales 2750, Australia",JOLT,1,DC,25 kW,-33.750304,150.694089,Penrith City Council,2750,TfNSW Commuter Car Parks,accepted,coordinate_near_clear,0.9,False,1874.0,1.5220618668579649,1.5220618668579649,510.59024913761334,Peclet local snapshot (experimental),FC218,Penrith Station Kiss and Ride charger,"31 Jane Street, Penrith NSW 2750, Australia",JOLT,Tesla; Type 2,2.0,25 kW,Open 24/7,-33.75030592,150.6940727,
,,"Pine Tree Ln, Central Coast, 2260",Tesla,4,AC,22 kW,-33.44812317,151.4453053,Central Coast Council,2260,Existing Destination Chargers,accepted,coordinate_exact,1.0,False,1321.0,0.0,0.033645954404703214,917.6589873281979,Peclet local snapshot (experimental),DC368,Crowne Plaza Terrigal charger,"Pine Tree Lane Terrigal, NSW, 2260 Australia",Tesla Destination,Tesla,3.0,22 kW,Open 24/7,-33.448123,151.445305,
,,"Pittwater Road, Sydney, 2101",JOLT,2,DC,25 kW,-33.71376381,151.2971421,Northern Beaches Council,2101,Existing Fast Chargers,review,coordinate_candidate,0.5,True,1866.0,117.08465516224291,117.08465516224291,526.3143358941866,Peclet local snapshot (experimental),FC185,Lagoon St Carpark charger,"9 Lagoon St, Narrabeen NSW 2101",JOLT,Tesla; Type 2,2.0,25 kW,Open 24/7,-33.7138449,151.2984042,nearest=117.085m; gap=526.314m; manual confirmation required
,,"Pole Ln, Sydney, 2065",Evie,4,DC,75 kW,-33.82462167,151.1997668,North Sydney Council,2065,Existing Fast Chargers,review,coordinate_candidate,0.5,True,994.0,25.85563397463476,25.85563397463476,27.8164978155387,Peclet local snapshot (experimental),DC773,Hume St Carpark charger,"44 Hume St, Crows Nest NSW 2065, Ãšc",,Type 2,2.0,kW,,-33.824441,151.199943,nearest=25.856m; gap=27.816m; manual confirmation required
,,"Popran Rd, Glenworth Valley, 2250",Everty,4,AC,6 kW,-33.40322627,151.1925055,Central Coast Council,2250,Existing Destination Chargers,review,coordinate_candidate,0.5,True,84.0,69.0518501209014,69.0518501209014,8348.663263251423,Peclet local snapshot (experimental),DC314,Glenworth Valley Wilderness Adventures charger,"69 Cooks Rd, Glenworth Valley NSW 2250",Everty,Type 2,4.0,kW,,-33.40279146,151.1930366,nearest=69.052m; gap=8348.663m; manual confirmation required
,,"Prince of Wales Dr, Sydney, 2073",Exploren,2,DC,60 kW,-33.76357562,151.1336246,Ku-ring-gai Council,2073,Existing Fast Chargers,review,coordinate_candidate,0.5,True,1879.0,1754.0682677496786,1754.0682677496786,4.670633330240889,Peclet local snapshot (experimental),FC239,Macquarie Centre charger,"55 Talavera Rd, Macquarie Park NSW 2113, Australia",Tesla Supercharge,Type 2; J-1772,20.0,120 - 150 kW,Open 24/7,-33.776673,151.123048,nearest=1754.068m; gap=4.671m; manual confirmation required
,,"Princes Highway, Gerringong, 2534",Porsche Smart Mobility,2,AC,11 kW,-34.72438543,150.8423113,"Kiama, The Council of the Municipality of",2534,Existing Destination Chargers,review,coordinate_candidate,0.5,True,594.0,61.37315084335142,61.37315084335142,2171.1636439941003,Peclet local snapshot (experimental),DC835,Dovecote charger,"27 Princes Hwy, Gerringong NSW 2534, Australia",,Type 2,2.0,kW,Open 24/7,-34.723882,150.842036,nearest=61.373m; gap=2171.164m; manual confirmation required
,,"Princes Hwy, Ulladulla, 2539",Exploren,4,AC,22 kW,-35.36842147,150.4706086,Shoalhaven City Council,2539,Existing Destination Chargers,accepted,coordinate_near_clear,0.9,False,341.0,2.5114818294535897,2.5114818294535897,694.6758137464952,Peclet local snapshot (experimental),HC2519,Princes Hwy Ulladulla charger,"222 Princes Hwy
Ulladulla NSW 2539
Australia",Exploren,,4.0,AC,,-35.3684,150.4706,
,,"Prospect Hwy, Sydney, 2147",EVUp,1,AC,22 kW,-33.77580285,150.9335706,Blacktown City Council,2147,Existing Destination Chargers,review,coordinate_candidate,0.5,True,1719.0,22.79514019880567,22.79514019880567,21.981107414974772,Peclet local snapshot (experimental),DC411,mycar Tyre & Auto Seven Hills charger,"234-236 Prospect Hwy, Seven Hills NSW 2147, Australia",EVUp,Type 2,1.0,kW,Open 24/7,-33.775864,150.933806,nearest=22.795m; gap=21.981m; manual confirmation required
,,"Prospect St, Holbrook, 2644",NRMA,2,DC,50 kW,-35.7181522,147.316019,Greater Hume Shire Council,2644,Existing Fast Chargers,review,coordinate_candidate,0.5,True,235.0,170.56977954489292,170.56977954489292,358.46959667966047,Peclet local snapshot (experimental),FC125,Submarine Park charger,"7 Prospect St, Holbrook NSW 2644, Australia",NRMA,Tesla; Type 2,2.0,50 kW,10:00 AM - 4:00 PM,-35.717574,147.317769,nearest=170.570m; gap=358.470m; manual confirmation required
,,"Queen Elizabeth Dr, Sydney, 2026",Chargefox,6,AC,6 kW,-33.89078083,151.2763093,Waverley Council,2026,Existing Destination Chargers,accepted,coordinate_near_clear,0.9,False,1775.0,4.154966427760093,4.154966427760093,171.49613166777837,Peclet local snapshot (experimental),DC698,Bondi Beach - Front Car Park charger,"2 Queen Elizabeth Drive, Bondi Beach, NSW, 2026",Chargefox,Type 2,2.0,22 kW,Open 24/7,-33.890817,151.276298,
,,"Railway St, Sydney, 2067",Chargefox,2,AC,6 kW,-33.79441046,151.1801622,Willoughby City Council,2067,Existing Destination Chargers,review,coordinate_candidate,0.5,True,494.0,16.32221748321353,16.32221748321353,85.74665515309162,Peclet local snapshot (experimental),DC407,Railway St Parking charger,"Railway St, Chatswood NSW 2067, Australia",Chargefox,Type 2,2.0,7 kW,Open 24/7,-33.794531,151.180263,nearest=16.322m; gap=85.747m; manual confirmation required
,,"Rankine St, Crescent Head, 2440",EVX,2,AC,22 kW,-31.18968373,152.9784444,Kempsey Shire Council,2440,Existing Destination Chargers,review,coordinate_candidate,0.5,True,1650.0,16503.47956122548,16503.47956122548,613.9103230593173,Peclet local snapshot (experimental),DC80,Slim Dusty Museum charger,"490 Macleay Valley Way, South Kempsey NSW 244, South Kempsey 2440",Exploren,Type 2,2.0,22 kW,Tuesday - Saturday 10:00 - 16:00 Sunday 10:00 - 14:00,-31.11744344,152.8269435,nearest=16503.480m; gap=613.910m; manual confirmation required
,,"Ring Rd, Newcastle, 2308",Chargefox,4,AC,22 kW,-32.89188493,151.701979,Newcastle City Council,2308,Existing Destination Chargers,accepted,coordinate_near_clear,0.9,False,890.0,3.924232922841813,3.924232922841813,453.10425795404115,Peclet local snapshot (experimental),DC243,University of Newcastle - P4 Carpark charger,"The University of Newcastle, Ring Road, Callaghan NSW 2308, Australia",Chargefox,Type 2,4.0,22 kW,Open 24/7,-32.89185,151.701973,
,,"Riverside Dr, Jugiong, 2726",NRMA,2,DC,50 kW,-34.82342947,148.3257027,Hilltops Council,2726,Existing Fast Chargers,review,coordinate_candidate,0.5,True,1861.0,23.724649253688245,23.724649253688245,18412.87025504837,Peclet local snapshot (experimental),FC145,Jugiong Playground & Swimming Pool charger,"319 Riverside Dr, Jugiong NSW 2726, Australia",NRMA,Tesla; Type 2,2.0,50 kW,Open 24/7,-34.82345,148.325444,nearest=23.725m; gap=18412.870m; manual confirmation required
,,"Robey St, Sydney, 2035",Chargefox,2,AC,7 kW,-33.95030735,151.2384284,Randwick City Council,2035,Existing Destination Chargers,review,coordinate_candidate,0.5,True,1757.0,14.371544979364645,14.371544979364645,577.7533074619305,Peclet local snapshot (experimental),DC611,Des Renford Leisure Centre - Carpark charger,"Jersey Rd and Robey St, Maroubra, NSW, 2035",Chargefox,Type 2,2.0,7 kW,Open 24/7,-33.950298,151.238273,nearest=14.372m; gap=577.753m; manual confirmation required
,,"Robinsons Ln, Tenterfield, 2372",Tesla,2,AC,6 kW,-29.00038643,152.023976,Tenterfield Shire Council,2372,Existing Destination Chargers,review,coordinate_candidate,0.5,True,3.0,1231.8108901610285,1231.8108901610285,4907.345874406854,Peclet local snapshot (experimental),DC3,Glenrock Gardens charger,"84 Robinsons Ln, Tenterfield NSW 2372, Australia",Tesla Destination,Tesla,2.0,6 kW,,-29.002353,152.011511,nearest=1231.811m; gap=4907.346m; manual confirmation required
,,"Rogan Ln, Young, 2594",NRMA,2,DC,50 kW,-34.31177382,148.2950991,Hilltops Council,2594,Existing Fast Chargers,review,coordinate_candidate,0.5,True,1860.0,8.47378101384419,8.47378101384419,359.1016134982435,Peclet local snapshot (experimental),FC143,Lovell St Car Park charger,"88 Lovell St, Young NSW 2594, Australia",NRMA,Tesla; Type 2,2.0,50 kW,Open 24/7,-34.311716,148.295039,nearest=8.474m; gap=359.102m; manual confirmation required
,,"Rosevillle Railway Station, Hill Street, Roseville, New South Wales 2069, Australia",JOLT,1,DC,25 kW,-33.782904,151.175213,Ku-ring-gai Council,2069,TfNSW Commuter Car Parks,accepted,coordinate_near_clear,0.9,False,255.0,1.3039625141504376,1.3039625141504376,805.1290405926673,Peclet local snapshot (experimental),FC217,Roseville Station charger,"1 Clanville Rd, Roseville NSW 2069, Australia",JOLT,Tesla; Type 2,2.0,25 kW,Open 24/7,-33.78289238,151.1752149,
,,"Ross St, Goulburn, 2580",ChargePoint,1,AC,3 kW,-34.7302573,149.7424975,Goulburn Mulwaree Council,2580,Existing Destination Chargers,review,coordinate_candidate,0.5,True,1989.0,151.48221250997656,151.48221250997656,1780.6072103042393,Peclet local snapshot (experimental),HC2513,Ross St Goulburn charger,"37 Ross St
Goulburn NSW 2580
Australia",Non-networked,,1.0,AC,,-34.7314,149.7434,nearest=151.482m; gap=1780.607m; manual confirmation required
,,"Salisbury Rd, Sydney, 2154",Porsche Smart Mobility,2,AC,11 kW,-33.73028233,150.9734114,The Hills Shire Council,2154,Existing Destination Chargers,review,coordinate_candidate,0.5,True,922.0,50.56446990863528,50.56446990863528,147.18071419616084,Peclet local snapshot (experimental),DC426,The Hills Lodge charger,"1 Salisbury Rd, Castle Hill NSW 2154, Australia",Tesla Destination,Tesla; Type 2,3.0,5 kW,,-33.730737,150.973402,nearest=50.564m; gap=147.181m; manual confirmation required
,,"Science Rd, Sydney, 2113",Chargefox,2,AC,22 kW,-33.77319124,151.116038,"Ryde, Council of the City of",2113,Existing Destination Chargers,review,coordinate_candidate,0.5,True,1713.0,139.5858874784807,139.5858874784807,527.0828158191991,Peclet local snapshot (experimental),DC386,Macquarie University - East 4 Car Park charger,"3 Technology Place, Macquarie Park 2109, Australia",Chargefox,Type 2,2.0,22 kW,,-33.774073,151.1171129,nearest=139.586m; gap=527.083m; manual confirmation required
,,"Shiers Ave, Sydney, 2020",Tesla,2,AC,6 kW,-33.93278583,151.1802933,Bayside Council,2020,Existing Destination Chargers,review,coordinate_candidate,0.5,True,562.0,697.0972118576456,697.0972118576456,110.50217469733752,Peclet local snapshot (experimental),DC700,Park on King charger,"338 King St, Mascot NSW 2020, Australia",Tesla Destination,Tesla; Type 2,4.0,22 kW,4am - 11pm,-33.928466,151.185769,nearest=697.097m; gap=110.502m; manual confirmation required
,,"Shire St, West Wyalong, 2671",NRMA,2,DC,50 kW,-33.92382187,147.2033794,Bland Shire Council,2671,Existing Fast Chargers,review,coordinate_candidate,0.5,True,670.0,18.78389059420604,18.78389059420604,62896.54088984757,Peclet local snapshot (experimental),FC140,Shire St Parking charger,"13-15 Shire St, West Wyalong NSW 2671, Australia",NRMA,Tesla; Type 2,2.0,50 kW,Open 24/7,-33.923735,147.203554,nearest=18.784m; gap=62896.541m; manual confirmation required
,,"Shop 2140, Newcastle, 2289",Exploren,4,DC,60 kW,-32.94079384,151.7105495,Newcastle City Council,2289,Existing Fast Chargers,review,coordinate_candidate,0.5,True,1207.0,1891.3116872305334,1891.3116872305334,118.63323715162551,Peclet local snapshot (experimental),HC2591,Brunker Rd Adamstown charger,"165 Brunker Rd
Adamstown NSW 2289
Australia",Noodoe,,3.0,AC,,-32.9316,151.7276,nearest=1891.312m; gap=118.633m; manual confirmation required
,,"Short St, Mudgee, 2850",NRMA,4,DC,125 kW,-32.58960965,149.5857578,Mid-Western Regional Council,2850,Existing Fast Chargers,review,coordinate_candidate,0.5,True,60.0,80.21343444481877,80.21343444481877,109.89384411779434,Peclet local snapshot (experimental),DC249,Mudgee Information Centre charger,"84 Market St, Mudgee NSW 2850, Australia",Tesla Destination,Tesla,1.0,11 kW,Open 24/7,-32.590175,149.585226,nearest=80.213m; gap=109.894m; manual confirmation required
,,"Skillman's Lane, Coonamble, NSW 2829, Australia",NRMA,4,DC,50 kW,-34.8411047,148.912197,Coonamble Shire Council,2582,TfNSW Regional,review,coordinate_candidate,0.5,True,243.0,29.644450322143715,29.644450322143715,77.1138117768755,Peclet local snapshot (experimental),FC148,Yass Banjo Paterson Park charger,"81 Meehan St, Yass NSW 2582, Australia",NRMA,Tesla; Type 2,2.0,50 kW,Open 24/7,-34.841228,148.912485,nearest=29.644m; gap=77.114m; manual confirmation required
,,"Smith St, Newcastle West, NSW 2303",Chargefox,4,AC,22 kW,-32.9301582,151.7606336,Newcastle City Council,NSW 2303,Existing Destination Chargers,accepted,coordinate_near_clear,0.9,False,1439.0,0.043453892090769664,0.043453892090769664,24.131744739235195,Peclet local snapshot (experimental),FC1,No 2 Sportsground Park charger,"Smith Street, Newcastle West, 2302",Chargefox,Type 2,2.0,60kW,,-32.930158,151.7606332,
,,"Soldiers Pde, Sydney, 2174",Chargefox,10,AC,22 kW,-33.96909714,150.8615696,Liverpool City Council,2174,Existing Destination Chargers,review,coordinate_candidate,0.5,True,1743.0,57.66757547365632,57.66757547365632,287.7321446651299,Peclet local snapshot (experimental),DC547,Park&Ride - Edmondson Park (North) charger,"Gula Court, Edmondson Park NSW 2174, Australia",Chargefox,Type 2,9.0,7 kW,Open 24/7,-33.96927973,150.8609843,nearest=57.668m; gap=287.732m; manual confirmation required
,,"Soldiers Point Road, Soldiers Point, 2317",Porsche Smart Mobility,4,AC,11 kW,-32.71141446,152.0720931,Port Stephens Council,2317,Existing Destination Chargers,review,coordinate_candidate,0.5,True,51.0,23.896455978773485,23.896455978773485,105.33011840441337,Peclet local snapshot (experimental),DC204,Bannisters charger,"147 Soldiers Point Rd, Soldiers Point NSW 2317, Australia",Tesla Destination,Tesla; Type 2,6.0,14 kW,,-32.711629,152.072108,nearest=23.896m; gap=105.330m; manual confirmation required
,,"Sommerlad Ln, Glen Innes, 2370",NRMA,2,DC,50 kW,-29.73846351,151.7363083,Glen Innes Severn Council,2370,Existing Fast Chargers,accepted,coordinate_near_clear,0.9,False,1085.0,0.06367837740816457,0.06367837740816457,131.7654764209138,Peclet local snapshot (experimental),FC197,Glen Innes Town Hall charger,"265 Grey St, Glen Innes NSW 2370, Australia",NRMA,Tesla; Type 2,2.0,50 kW,Open 24/7,-29.738463,151.736308,
,,"Stuart St, Wagga Wagga, 2650",Everty,2,DC,25 kW,-35.12347852,147.3992282,Wagga Wagga City Council,2650,Existing Fast Chargers,review,coordinate_candidate,0.5,True,1862.0,34.70320637468697,34.70320637468697,964.5749429910319,Peclet local snapshot (experimental),FC146,Middy's Wagga Wagga East charger,"176 Hammond Ave, East Wagga Wagga NSW 2650, Australia",Everty,Tesla; Type 2,2.0,25kW,Weekdays: 7am - 5pm Saturdays: 8am - 12pm,-35.1237268,147.398997,nearest=34.703m; gap=964.575m; manual confirmation required
,,"Sunset Blvd, Soldiers Point, 2317",Chargefox,2,DC,24 kW,-32.70138843,152.0626466,Port Stephens Council,2317,Existing Fast Chargers,accepted,coordinate_near_clear,0.9,False,217.0,0.08882350218918347,0.08882350218918347,1410.0966244018114,Peclet local snapshot (experimental),FC22,Soldiers Point Marina charger,"Sunset Boulevard, Soldiers Point, 2317",Chargefox,Tesla; Type 2,2.0,24kW,Open 24/7,-32.701388,152.0626458,
,,"Sussex St, Sydney, 2000",Everty,1,AC,22 kW,-33.87052257,151.2038458,"Sydney, Council of the City of",2000,Existing Destination Chargers,review,coordinate_candidate,0.5,True,1776.0,18.895011462434237,18.895011462434237,144.64464016426686,Peclet local snapshot (experimental),DC706,Secure Parking - 2 Market St (formerly Allianz Centre) charger,"186 Sussex St, Sydney NSW 2000, Australia",Everty,Type 2,4.0,22 kW,Open 24/7,-33.87054935,151.2040479,nearest=18.895m; gap=144.645m; manual confirmation required
,,"Tathra Bermagui Rd, Tathra, 2550",Chargefox,2,AC,22 kW,-36.71254459,149.976018,Bega Valley Shire Council,2550,Existing Destination Chargers,review,coordinate_candidate,0.5,True,709.0,5.211332366703414,5.211332366703414,795.4828151148004,Peclet local snapshot (experimental),HC2475,Andy Poole Dr Tathra charger,"1 Andy Poole Dr
Tathra NSW 2550
Australia",Chargefox,,2.0,AC,,-36.7125,149.976,nearest=5.211m; gap=795.483m; manual confirmation required
,,"The Boulevarde, Sydney, 2216",Exploren,1,AC,22 kW,-33.9612503,151.154957,Bayside Council,2216,Existing Destination Chargers,accepted,coordinate_near_clear,0.9,False,1745.0,0.09807431547807192,0.09807431547807192,915.5613398997688,Peclet local snapshot (experimental),DC554,The Boulevarde Brighton Le Sands charger,"The Boulevarde, Brighton-Le-Sands NSW 2216",Exploren,Type 2,1.0,22 kW,Open 24/7,-33.96125,151.154956,
,,"Unicentre Ln, Wollongong, 2500",Chargefox,2,AC,22 kW,-34.40769974,150.8806396,Wollongong City Council,2500,Existing Destination Chargers,review,coordinate_candidate,0.5,True,1946.0,326.4341966101254,326.4341966101254,778.8083715327607,Peclet local snapshot (experimental),HC2097,Early Start Discovery Space (Building 21) University of Wollongong Northfields Ave Wollongong charger,"Early Start Discovery Space (Building 21) University of Wollongong
Northfields Ave
Wollongong NSW 2522
Australia",Chargefox,,4.0,AC,,-34.408,150.8771,nearest=326.434m; gap=778.808m; manual confirmation required
,,"Unit 10/1A Mitchell, Mollymook , 2539",Tesla,1,AC,6 kW,-35.33529034,150.4724404,Shoalhaven City Council,2539,Existing Destination Chargers,review,coordinate_candidate,0.5,True,193.0,491.034989227728,491.034989227728,75.85760325644611,Peclet local snapshot (experimental),DC889,Motel Molly - Laid back luxury charger,"2 Shepherd St, Mollymook, NSW 2539",Tesla Destination,Tesla,3.0,22 kW,8:30am-5:30pm,-35.3397,150.47273,nearest=491.035m; gap=75.858m; manual confirmation required
,,"University Dr, Newcastle, 2308",Chargefox,6,AC,22 kW,-32.89554259,151.703996,Newcastle City Council,2308,Existing Destination Chargers,review,coordinate_candidate,0.5,True,477.0,10.885104192957183,10.885104192957183,441.0741544161353,Peclet local snapshot (experimental),DC321,University of Newcastle - P6 Carpark charger,"The University of Newcastle, Ring Road, Callaghan NSW 2308, Australia",Chargefox,Type 2,10.0,22 kW,Open 24/7,-32.89559,151.704098,nearest=10.885m; gap=441.074m; manual confirmation required
,,"University of Wollongong, Northfields Avenue, Wollongong NSW 2522, Australia",Chargefox,6,DC,175 kW,-34.4079569,150.877135,Wollongong City Council,2522,Fast Charging R2,review,coordinate_candidate,0.5,True,1946.0,5.768698062619693,5.768698062619693,1405.2934269849293,Peclet local snapshot (experimental),HC2097,Early Start Discovery Space (Building 21) University of Wollongong Northfields Ave Wollongong charger,"Early Start Discovery Space (Building 21) University of Wollongong
Northfields Ave
Wollongong NSW 2522
Australia",Chargefox,,4.0,AC,,-34.408,150.8771,nearest=5.769m; gap=1405.293m; manual confirmation required
,,"Valder Way, Charles Sturt University, 2678",Exploren,2,DC,120 kW,-35.05693398,147.3512593,Wagga Wagga City Council,2678,Existing Fast Chargers,review,coordinate_candidate,0.5,True,1466.0,6067.172958716192,6067.172958716192,19.651090369562553,Peclet local snapshot (experimental),FC147,Wagga Wagga Cross St Car Park charger,"8/24 Cross St, Wagga Wagga, NSW 2650",NRMA,Tesla; Type 2,2.0,50 kW,,-35.108358,147.37355,nearest=6067.173m; gap=19.651m; manual confirmation required
,,"Vesper St, Batemans Bay, 2536",NRMA,4,DC,75 kW,-35.7095526,150.173983,Eurobodalla Shire Council,2536,Existing Fast Chargers,review,coordinate_candidate,0.5,True,1072.0,19.679231229807808,19.679231229807808,152.03010770020268,Peclet local snapshot (experimental),FC127,Batemans Bay Regional Arts Aquatic & Leisure Centre charger,"12 Vesper St, Batemans Bay NSW 2536, Australia",NRMA,Tesla; Type 2,4.0,75 kW,Open 24/7,-35.709671,150.173821,nearest=19.679m; gap=152.030m; manual confirmation required
,,"Victoria Hill Rd, Adelong, 2729",Chargefox,2,AC,22 kW,-35.3062553,148.0642933,Snowy Valleys Council,2729,Existing Destination Chargers,review,coordinate_candidate,0.5,True,699.0,5.007459191939547,5.007459191939547,13749.79532482501,Peclet local snapshot (experimental),HC2077,Victoria Hill Rd Adelong charger,"Victoria Hill Rd
Adelong NSW 2729
Australia",Non-networked,,4.0,AC,,-35.3063,148.0643,nearest=5.007m; gap=13749.795m; manual confirmation required
,,"Waddells Ave, Singleton, 2330",Everty,2,DC,50 kW,-32.57698603,151.1842142,Singleton Council,2330,Existing Fast Chargers,accepted,coordinate_near_clear,0.9,False,1084.0,2.676228023622905,2.676228023622905,3712.651304391563,Peclet local snapshot (experimental),FC193,Lancaster Motor Group- open now (station #1283) charger,1 Waddell's Lane Singleton NSW 2330,Everty,Type 2,2.0,100 kW,Monday - Friday 7:30am - 5:30pm Saturday- 9am - 4pm Sunday - Closed,-32.57696806,151.1841952,
,,"Wallace Lane, Canobolas, 2800",Porsche Smart Mobility,1,AC,11 kW,-33.33368373,149.0435355,Orange City Council,2800,Existing Destination Chargers,review,coordinate_candidate,0.5,True,41.0,78.71202707341824,78.71202707341824,1218.617635713449,Peclet local snapshot (experimental),DC158,Ross Hill Wines charger,"134 Wallace Ln, Orange NSW 2800, Australia",Tesla Destination,Tesla; Type 2,3.0,14 kW,,-33.334088,149.044231,nearest=78.712m; gap=1218.618m; manual confirmation required
,,"Walton Ln, Picton, 2571",NRMA,2,DC,50 kW,-34.16828833,150.6109429,Wollondilly Shire Council,2571,Existing Fast Chargers,review,coordinate_candidate,0.5,True,245.0,5.61685752612812,5.61685752612812,12972.128407222728,Peclet local snapshot (experimental),FC158,Walton Lane Car Park charger,"5 Walton Lane, Picton NSW 2571, Australia",NRMA,Tesla; Type 2,2.0,50 kW,Open 24/7,-34.168301,150.611002,nearest=5.617m; gap=12972.128m; manual confirmation required
,,"Western Motorway, Sydney, 2766",Ampol,15,DC,240 kW,-33.80154859,150.886,Blacktown City Council,2766,Existing Fast Chargers,review,coordinate_candidate,0.5,True,1740.0,1383.9080373009351,1383.9080373009351,96.49809979426186,Peclet local snapshot (experimental),DC523,Alpha Hotel Eastern Creek charger,"1 Peter Brock Dr, Eastern Creek, Australia, NSW 2766",Tesla Destination,Tesla,2.0,22 kW,,-33.801991,150.871032,nearest=1383.908m; gap=96.498m; manual confirmation required
,,"William St, Sydney, 2046",Evie,2,DC,75 kW,-33.86864269,151.1185836,"Canada Bay Council, City of",2046,Existing Fast Chargers,review,coordinate_candidate,0.5,True,1473.0,243.6322891008342,243.6322891008342,124.45098943520765,Peclet local snapshot (experimental),FC180,Spencer St & Regatta Rd Parking charger,"2A Regatta Rd, Five Dock NSW 2046, Australia",JOLT,Tesla; Type 2,2.0,25 kW,Open 24/7,-33.869534,151.116173,nearest=243.632m; gap=124.451m; manual confirmation required
,,"Wingewarra St, Dubbo, 2830",NRMA,2,DC,50 kW,-32.24936341,148.6091872,Dubbo Regional Council,2830,Existing Fast Chargers,review,coordinate_candidate,0.5,True,1074.0,19.408770448798332,19.408770448798332,45.818894668269664,Peclet local snapshot (experimental),FC149,Western Plains Cultural Centre charger,"76 Wingewarra St, Dubbo NSW 2830, Australia",NRMA,Tesla; Type 2,2.0,50 kW,Open 24/7,-32.2494,148.609389,nearest=19.409m; gap=45.819m; manual confirmation required
,,"Wolgan Rd, Wolgan Valley, 2790",Porsche Destination Charging,1,AC,11 kW,-33.2273524,150.1924444,"Lithgow Council, City of",2790,Existing Destination Chargers,review,coordinate_candidate,0.5,True,450.0,1493.9888058797023,1493.9888058797023,1299.6866619086677,Peclet local snapshot (experimental),DC135,Emirates One & Only Wolgan Valley charger,"2600 Wolgan Road, Wolgan Valley NSW 2790, Australia",Tesla Destination,Tesla; J-1772,3.0,6 kW,Open 24/7,-33.231757,150.207619,nearest=1493.989m; gap=1299.687m; manual confirmation required
,,"Wordsworth St, Byron Bay, NSW 2481",EVX,2,AC,22 kW,-28.6420511,153.6097528,Byron Shire Council,NSW 2481,Existing Destination Chargers,review,coordinate_candidate,0.5,True,11.0,5.182183751075501,5.182183751075501,328.5323471546627,Peclet local snapshot (experimental),DC33,Wordsworth St Kerbside charger,"Wordsworth St, Byron Bay NSW 2481",EVX,Type 2,2.0,kW,Open 24/7,-28.64205156,153.6098059,nearest=5.182m; gap=328.532m; manual confirmation required
,,"Wyong Rd, Central Coast, 2261",BP,2,DC,75 kW,-33.36284489,151.4442893,Central Coast Council,2261,Existing Fast Chargers,review,coordinate_candidate,0.5,True,1053.0,20.260943281299678,20.260943281299678,290.2335893607386,Peclet local snapshot (experimental),FC55,BP Tumbi Umbi charger,"Cnr Mingara Dr & Wyong Rd, Tumbi Umbi NSW 2261",bp pulse,Tesla; Type 2,2.0,75 kW,Open 24/7,-33.36288685,151.4445016,nearest=20.261m; gap=290.234m; manual confirmation required
,Jac & Jones Wines Hunter Valley,"771 Hermitage Rd, Pokolbin NSW 2320",Non-networked,1,AC,AC,-32.7165581,151.2572876,Cessnock City Council,2320,Existing Destination Chargers,accepted,address_exact_unique,0.97,False,1556.0,4.801320717623271,4.801320717623271,1192.3089588165558,Peclet local snapshot (experimental),HC2528,Hermitage Rd Pokolbin charger,"771 Hermitage Rd
Pokolbin NSW 2320
Australia",Non-networked,,2.0,AC,,-32.7166,151.2573,
,Narara Ecovillage,"33 Gugandi Rd, Narara NSW 2250",Non-networked,1,AC,AC,-33.3931163,151.3286306,Central Coast Council,2250,Existing Destination Chargers,accepted,address_exact_unique,0.97,False,1630.0,3.369792001399592,3.369792001399592,42.045921998551066,Peclet local snapshot (experimental),HC2592,Gugandi Rd Narara charger,"33 Gugandi Rd
Narara NSW 2250
Australia",EVSE,,3.0,AC,,-33.3931,151.3286,
,Quest Griffith,"53 Railway St, Griffith NSW 2680",Non-networked,2,AC,AC,-34.2866312,146.0445254,Griffith City Council,2680,Existing Destination Chargers,accepted,address_exact_unique,0.97,False,1240.0,4.181080446864944,4.181080446864944,843.8233237492198,Peclet local snapshot (experimental),HC2635,Railway St Griffith charger,"53 Railway St
Griffith NSW 2680
Australia",Noodoe,,2.0,AC,,-34.2866,146.0445,
11.0,,"422 Pacific Hwy, Artarmon NSW 2064, Australia",BP Australia ,4,Upcoming,2x350kW & 2x175kW,-33.8114193,151.1756084,,,,review,coordinate_candidate,0.5,True,583.0,411.69111150968314,411.69111150968314,111.65465645007527,Peclet local snapshot (experimental),DC798,Intellihub - 20 Phoenix St charger,"20 Phoenix St, Lane Cove NSW 2066, Australia",Exploren,Type 2,1.0,22 kW,Open 24/7,-33.813944,151.172349,nearest=411.691m; gap=111.655m; manual confirmation required
18.0,,129 Pacific Hwy Ourimbah NSW 2258 Australia,NRMA Electric,4,Upcoming,2x350kW & 2x175kW,-33.3531977,151.3690265,,,,review,coordinate_candidate,0.5,True,1952.0,103.90422743814626,103.90422743814626,4475.949725221097,Peclet local snapshot (experimental),HC2259,Pacific Hwy Ourimbah charger,"20 Pacific Hwy
Ourimbah NSW 2258
Australia",Noodoe,,2.0,AC,,-33.354,151.3696,nearest=103.904m; gap=4475.950m; manual confirmation required
22.0,,"4974 Pacific Hwy, Halfway Creek NSW 2460, Australia",Viva Energy A,4,Upcoming,2x350kW & 2x175kW,-29.9348834,153.0947952,,,,review,coordinate_candidate,0.5,True,1967.0,17062.806389352518,17062.806389352518,2.8616103346284945,Peclet local snapshot (experimental),HC2740,Coramba St Glenreagh charger,"57-59 Coramba St
Glenreagh NSW 2450
Australia",Exploren,,1.0,AC,,-30.0511,152.9791,nearest=17062.806m; gap=2.862m; manual confirmation required
33.0,,"Stoney Creek Road Car Park, 497 Forest Rd, Bexley, 2207, NSW",Fast Cities A,4,Upcoming,2x350kW & 2x175kW,-33.9493369,151.1163356,,,,review,coordinate_candidate,0.5,True,960.0,857.6746341366186,857.6746341366186,391.2463880812345,Peclet local snapshot (experimental),DC593,Bexley ARC Energy Group charger,"8 Stoney Creek Rd, Bexley NSW 2207, Australia",Exploren,Type 2,3.0,22 kW,Open 24/7,-33.949711,151.125623,nearest=857.675m; gap=391.246m; manual confirmation required
42.0,,"491 Masonite Rd, Heatherbrae NSW 2324, Australia",Tesla Motors ,10,Upcoming,2x350kW & 6x175kW,-32.7830573,151.737598,,,,review,coordinate_candidate,0.5,True,225.0,62.04314731752897,62.04314731752897,372.25311766682137,Peclet local snapshot (experimental),FC59,BP Heatherbrae charger,"269 Pacific Hwy, Heatherbrae NSW 2324, Australia",bp pulse,Tesla; Type 2,2.0,75 kW,Open 24/7,-32.78334894,151.7370322,nearest=62.043m; gap=372.253m; manual confirmation required
55.0,,Ross Smith Ave Mascot NSW 2020 Australia,Tesla Motors ,6,Upcoming,2x350kW & 2x175kW,-33.9380083,151.1924793,,,,review,coordinate_candidate,0.5,True,1231.0,444.8258843765256,444.8258843765256,141.4886300796406,Peclet local snapshot (experimental),HC2429,Lord St Botany charger,"12 Lord St, Botany NSW 2019",Evie,,4.0,75 kW,,-33.9394,151.197,nearest=444.826m; gap=141.489m; manual confirmation required
68.0,,88 Smithfield Rd Smithfield NSW 2164 Australia,NRMA Electric,4,Upcoming,2x350kW & 2x175kW,-33.8556807,150.9371884,,,,review,coordinate_candidate,0.5,True,246.0,570.5427234045579,570.5427234045579,2965.56129073601,Peclet local snapshot (experimental),FC161,Sungrow Power Australia Warehouse charger,"91 Victoria St, Smithfield NSW 2164, Australia",Everty,Type 2,1.0,30 kW,9am - 5:30,-33.8511379,150.934316,nearest=570.543m; gap=2965.561m; manual confirmation required
69.0,,"3 Carlton Cres, Summer Hill, NSW, 2130, Australia",BP Australia ,4,Upcoming,2x350kW & 2x175kW,-33.8923484,151.1431188,,,,review,coordinate_candidate,0.5,True,1918.0,451.1831423958166,451.1831423958166,135.00906922617332,Peclet local snapshot (experimental),HC2111,Tebbutt St Leichhardt charger,"2 Tebbutt St
Leichhardt NSW 2040
Australia",EVX,,2.0,22 kW,,-33.8895,151.1466,nearest=451.183m; gap=135.009m; manual confirmation required
72.0,,"135 Fairfield Rd, Guildford West 2161, NSW",Fast Cities A,8,Upcoming,2x350kW & 6x175kW,-33.8509905,150.9597807,,,,review,coordinate_candidate,0.5,True,246.0,2351.6226177581016,2351.6226177581016,346.1627903938179,Peclet local snapshot (experimental),FC161,Sungrow Power Australia Warehouse charger,"91 Victoria St, Smithfield NSW 2164, Australia",Everty,Type 2,1.0,30 kW,9am - 5:30,-33.8511379,150.934316,nearest=2351.623m; gap=346.163m; manual confirmation required
90.0,,"Campbell Pde
Bondi Beach NSW 2026
Australia    ",Fast Cities A,8,Upcoming,2x350kW & 6x175kW,-33.8897295,151.2797592,,,,review,coordinate_candidate,0.5,True,1775.0,341.60088216286124,341.60088216286124,78.76402050544982,Peclet local snapshot (experimental),DC698,Bondi Beach - Front Car Park charger,"2 Queen Elizabeth Drive, Bondi Beach, NSW, 2026",Chargefox,Type 2,2.0,22 kW,Open 24/7,-33.890817,151.276298,nearest=341.601m; gap=78.764m; manual confirmation required
106.0,,"Ewingsdale Rd, Byron Bay NSW 2481, Australia",Tesla Motors ,10,Upcoming,2x350kW & 2x175kW,-28.6380154,153.5859269,,,,review,coordinate_candidate,0.5,True,856.0,522.7231492152245,522.7231492152245,38.808267421672554,Peclet local snapshot (experimental),DC45,Stone & Wood Brewery Byron Bay charger,"100 Centennial Cct, Byron Bay NSW 2481, Australia",Chargefox,Type 2,4.0,22 kW,,-28.63731376,153.5806307,nearest=522.723m; gap=38.808m; manual confirmation required
110.0,,16 Cooper St Macksville NSW 2447 Australia,NRMA Electric,4,Upcoming,2x350kW & 2x175kW,-30.7084608,152.9200674,,,,review,coordinate_candidate,0.5,True,448.0,112.18699554519266,112.18699554519266,88.75210501467662,Peclet local snapshot (experimental),DC112,Mandarin Motel charger,"24 Princess St, Macksville NSW 2447, Australia",Tesla Destination,Tesla,1.0,22 kW,,-30.708586,152.918903,nearest=112.187m; gap=88.752m; manual confirmation required
111.0,,100 Pacific Hwy Tuggerah NSW 2259 Australia,BP Australia ,6,Upcoming,2x350kW & 2x175kW,-33.3058764,151.419746,,,,review,coordinate_candidate,0.5,True,690.0,491.1051095003599,491.1051095003599,5223.169599887908,Peclet local snapshot (experimental),FC232,HomeCo. Tuggerah Super Centre charger,"Bryant Drive & Wyong Road, Tuggerah NSW 2259, Australia",Tesla Supercharge,Type 2; J-1772,12.0,120 kW,Open 24/7,-33.310237,151.420585,nearest=491.105m; gap=5223.170m; manual confirmation required
114.0,,50 Pitt St Singleton NSW 2330 Australia,NRMA Electric,4,Upcoming,2x350kW & 2x175kW,-32.5651168,151.1744586,,,,review,coordinate_candidate,0.5,True,1084.0,1602.8233023146172,1602.8233023146172,507.058444122375,Peclet local snapshot (experimental),FC193,Lancaster Motor Group- open now (station #1283) charger,1 Waddell's Lane Singleton NSW 2330,Everty,Type 2,2.0,100 kW,Monday - Friday 7:30am - 5:30pm Saturday- 9am - 4pm Sunday - Closed,-32.57696806,151.1841952,nearest=1602.823m; gap=507.058m; manual confirmation required
129.0,,"Charter Hall Lake Macquarie, 46 Wilson Road, Mount Hutton NSW 2290, Australia",BP Australia ,8,Upcoming,2x350kW & 2x175kW,-32.9847608,151.6724345,,,,review,coordinate_candidate,0.5,True,2009.0,1285.9145699880012,1285.9145699880012,1275.3851367657069,Peclet local snapshot (experimental),HC2143,Lake St Windale charger,"20 Lake St
Windale NSW 2306
Australia",Everty,,2.0,AC,,-32.9934,151.6816,nearest=1285.915m; gap=1275.385m; manual confirmation required
134.0,,"37-39 Bong Bong Street,, Dapto NSW 2023, Australia",NRMA Electric,4,Upcoming,2x350kW & 2x175kW,-34.4940356,150.7915413,,,,review,coordinate_candidate,0.5,True,1845.0,388.5891285597707,388.5891285597707,1257.131109144072,Peclet local snapshot (experimental),FC76,Dapto Mall charger,"Moombara St, Dapto NSW 2530, Australia",Evie Networks,Tesla; Type 2,4.0,50 kW,5:50am - 10pm,-34.494604,150.795725,nearest=388.589m; gap=1257.131m; manual confirmation required
136.0,EVE Australia,"52 Pembroke St, Ashfield NSW 2131, Australia",EVE Australia,2,AC,22,-33.8853908,151.1322384,,,,accepted,address_exact_unique,0.97,False,1517.0,3.6893304019488458,3.6893304019488458,345.5350371976588,Peclet local snapshot (experimental),HC2049,Pembroke St Ashfield charger,"52 Pembroke St
Ashfield NSW 2131
Australia",EVE Australia,,2.0,22 kW,,-33.8854,151.1322,
143.0,,19-21 Tennyson Rd Breakfast Point NSW 2137 Australia,Tesla Motors ,6,Upcoming,2x350kW & 2x175kW,-33.8421503,151.1081903,,,,review,coordinate_candidate,0.5,True,1362.0,508.97491700112255,508.97491700112255,811.7934960312725,Peclet local snapshot (experimental),DC568,Mortlake Slipway charger,"35 Hilly St, Mortlake NSW 2137, Australia",,Type 2,1.0,kW,,-33.8380927,151.1056398,nearest=508.975m; gap=811.793m; manual confirmation required
154.0,,"82 Mulgoa Rd, Jamisontown NSW 2750, Australia",NRMA,4,Upcoming,2x350kW & 2x175kW,-33.7650763,150.6816643,,,,review,coordinate_candidate,0.5,True,1327.0,309.1850553310489,309.1850553310489,585.8389222901701,Peclet local snapshot (experimental),DC381,Penrith Solar Centre charger,"130a Batt Street, Penrith, NSW",,Type 2,1.0,kW,Monday to Friday 7am - 5:30pm,-33.76705536,150.6793148,nearest=309.185m; gap=585.839m; manual confirmation required
166.0,,3A Cowell Cowell St Gladesville NSW 2111 Australia,NRMA Electric,4,Upcoming,2x350kW & 2x175kW,-33.8325832,151.1280159,,,,review,coordinate_candidate,0.5,True,1578.0,45.74153713886419,45.74153713886419,2109.871769784465,Peclet local snapshot (experimental),HC2134,Cowell St Gladesville charger,"3A Cowell St
Gladesville NSW 2111
Australia",Evie Networks,,2.0,75 kW,,-33.8329,151.1277,nearest=45.742m; gap=2109.872m; manual confirmation required
167.0,,107 Erskine St Dubbo NSW 2830 Australia,BP Australia ,6,Upcoming,2x350kW & 2x175kW,-32.2444498,148.6113542,,,,review,coordinate_candidate,0.5,True,1074.0,580.6355034223592,580.6355034223592,64.17339456608556,Peclet local snapshot (experimental),FC149,Western Plains Cultural Centre charger,"76 Wingewarra St, Dubbo NSW 2830, Australia",NRMA,Tesla; Type 2,2.0,50 kW,Open 24/7,-32.2494,148.609389,nearest=580.636m; gap=64.173m; manual confirmation required
173.0,,478 Pacific Hwy Killara NSW 2071 Australia,BP Australia ,12,Upcoming,2x350kW & 2x175kW,-33.7719283,151.1613759,,,,review,coordinate_candidate,0.5,True,93.0,885.4572028244423,885.4572028244423,881.5652817193933,Peclet local snapshot (experimental),DC359,Lindfield Village Green Underground Car Park charger,"Lindfield Village Green, 10 Tryon Rd, Lindfield NSW 2070, Australia",,Type 2,15.0,kW,Open 24/7,-33.775075,151.170176,nearest=885.457m; gap=881.565m; manual confirmation required
184.0,,1/3 Brady St Mosman NSW 2088 Australia,Tesla Motors ,8,Upcoming,2x350kW & 6x175kW,-33.823985,151.2403914,,,,review,coordinate_candidate,0.5,True,229.0,198.63395059771318,198.63395059771318,254.21055922089676,Peclet local snapshot (experimental),FC101,Mosman Civic charger,"6 Myahgah Rd, Mosman NSW 2088, Australia",Evie Networks,Tesla; Type 2,2.0,50 kW,Open 24/7,-33.825551,151.241426,nearest=198.634m; gap=254.211m; manual confirmation required
187.0,,"214 Sydney Rd, Kelso NSW 2795, Australia",BP Australia ,6,Upcoming,2x350kW & 2x175kW,-33.4191251,149.6220049,,,,review,coordinate_candidate,0.5,True,114.0,466.3921973154017,466.3921973154017,28.506115831599516,Peclet local snapshot (experimental),DC486,NRMA Bathurst Panorama Holiday Park charger,"250 Sydney Rd, Bathurst, NSW 2795",Chargefox,J-1772,2.0,22 kW,,-33.41853844,149.6269807,nearest=466.392m; gap=28.506m; manual confirmation required
188.0,,"89 Darley St, Mona Vale, NSW, 2103, Australia",Fast Cities A,4,Upcoming,2x350kW & 2x175kW,-33.6753877,151.3048385,,,,review,coordinate_candidate,0.5,True,1083.0,119.78878414650174,119.78878414650174,60.578946507146526,Peclet local snapshot (experimental),FC191,Mona Vale Library Car Park charger,"1 Park St, Mona Vale NSW 2103, Australia",JOLT,Tesla; Type 2,2.0,25 kW,Open 24/7,-33.67606,151.303827,nearest=119.789m; gap=60.579m; manual confirmation required
189.0,,"Bp Young, Cnr Zouch and Edward Streets, Young NSW 2594, Australia",BP Australia ,4,Upcoming,2x350kW & 2x175kW,-34.3134008,148.2979356,,,,review,coordinate_candidate,0.5,True,776.0,218.35847095171854,218.35847095171854,81.74563772276159,Peclet local snapshot (experimental),HC2444,Cloete St Young charger,"46 Cloete St
Young NSW 2594
Australia",Chargefox,,4.0,AC,,-34.3149,148.2964,nearest=218.358m; gap=81.746m; manual confirmation required
196.0,,57 Manchester Rd Gymea NSW 2227 Australia,NRMA Electric,4,Upcoming,2x350kW & 2x175kW,-34.032498,151.0881117,,,,review,coordinate_candidate,0.5,True,953.0,1058.2857681213566,1058.2857681213566,264.9446212851476,Peclet local snapshot (experimental),DC564,Westfield Miranda charger,"600 Kingsway, Mirandaâ€Ž NSWâ€Ž 2228, Australia",Tesla Destination,Tesla,2.0,22 kW,Open during shopping centre hours,-34.034298,151.099389,nearest=1058.286m; gap=264.945m; manual confirmation required
200.0,Kempsey Shire Council,"Buchanan Dr, South West Rocks NSW 2431, Australia",Exploren,2,AC,22,-30.88653,153.0379572,,,,review,coordinate_candidate,0.5,True,1651.0,30.777236326390835,30.777236326390835,499.9560425827319,Peclet local snapshot (experimental),DC99,Back Creek charger,"19 Buchanan Dr, South West Rocks NSW 2431, Australia",Exploren,Type 2,2.0,22 kW,Open 24/7,-30.88659136,153.0376427,nearest=30.777m; gap=499.956m; manual confirmation required
203.0,,"16 Terminus St, Castle Hill, 2154, NSW",Fast Cities A,4,Upcoming,2x350kW & 2x175kW,-33.7331773,151.0058503,,,,review,coordinate_candidate,0.5,True,1711.0,401.4565340791263,401.4565340791263,1451.0066343111162,Peclet local snapshot (experimental),DC374,Castle Towers Shopping Centre charger,"6 - 14 Castle St, Castle Hill, NSW, Australia, NSW 2154",Tesla Destination,Type 2,3.0,22 kW,Open 24/7,-33.729722,151.007109,nearest=401.457m; gap=1451.007m; manual confirmation required
206.0,,"180 Stacey Street & Stanley Street, Bankstown, NSW 2200, Australia",Energy Austra,4,Upcoming,2x350kW & 2x175kW,-33.9209876,151.0389481,,,,review,coordinate_candidate,0.5,True,1380.0,702.3136915454486,702.3136915454486,765.6943233175614,Peclet local snapshot (experimental),DC668,Canterbury Bankstown Council charger,"Civic Tower, 1/66-72 Rickard Road, Bankstown NSW 2200, Australia",Exploren,Type 2,4.0,7 kW,Open 24/7,-33.9150671,151.0362969,nearest=702.314m; gap=765.694m; manual confirmation required
238.0,,"28 Blue Gum Rd, Jesmond NSW 2299, Australia",Fast Cities A,4,Upcoming,2x350kW & 2x175kW,-32.9024593,151.6897872,,,,accepted,address_exact_unique,0.97,False,878.0,93.03878759337044,93.03878759337044,278.4683259693685,Peclet local snapshot (experimental),DC194,Stockland Jesmond charger,"28 Blue Gum Rd, Jesmond NSW 2299, Australia",Tesla Destination,Type 2; J-1772,2.0,5 - 6 kW,Open 24/7,-32.902797,151.690699,
256.0,,4 Carter St Lidcombe NSW 2141 Australia,PLUS ES Manag,5,Upcoming,2x350kW & 2x175kW,-33.8534728,151.0615424,,,,review,coordinate_candidate,0.5,True,540.0,844.4117230035154,844.4117230035154,2.785056466794458,Peclet local snapshot (experimental),DC589,Sydney Olympic Park charger,P1 Parking Station,Tesla Destination,Tesla,2.0,22 kW,,-33.8459,151.06086,nearest=844.412m; gap=2.785m; manual confirmation required
263.0,,"2 Macquarie Pl, Haywards Bay NSW 2530, Australia",Viva Energy A,4,Upcoming,2x350kW & 2x175kW,-34.5412251,150.7855766,,,,review,coordinate_candidate,0.5,True,184.0,218.43614714305752,218.43614714305752,821.8911893674865,Peclet local snapshot (experimental),DC840,Flick Yallah charger,"20-24 Princes Hwy, Yallah NSW 2530, Australia",Exploren,Type 2,1.0,22 kW,Open 24/7,-34.540249,150.783507,nearest=218.436m; gap=821.891m; manual confirmation required
266.0,,"West Ryde Marketplace
14 Anthony Rd, West Ryde NSW 2114",Fast Cities A,4,Upcoming,2x350kW & 2x175kW,-33.8064638,151.0883017,,,,review,coordinate_candidate,0.5,True,580.0,1418.979070872925,1418.979070872925,189.05072308534182,Peclet local snapshot (experimental),DC779,Middy's Meadowbank charger,"28 Constitution Rd, Ryde NSW 2112, Australia",,Type 2,1.0,kW,Weekdays: 6.30am - 4.30pm,-33.8181788,151.0943921,nearest=1418.979m; gap=189.051m; manual confirmation required
268.0,,"273 Fowler Rd, Illawong NSW 2234, Australia",Fast Cities A,4,Upcoming,2x350kW & 2x175kW,-33.9971362,151.042223,,,,review,coordinate_candidate,0.5,True,117.0,2953.911181827184,2953.911181827184,888.5621748486892,Peclet local snapshot (experimental),DC504,Club Central Menai charger,"44-60 Allison Cres, Menai NSW 2234, Australia",Exploren,Type 2,2.0,22 kW,,-34.013576,151.017051,nearest=2953.911m; gap=888.562m; manual confirmation required
269.0,Albury City Council,"526 Smollett St, Albury NSW 2640, Australia",Exploren,2,AC,7,-36.08195,146.9168911,,,,review,coordinate_candidate,0.5,True,1040.0,44.683989890497884,44.683989890497884,28.05488033558227,Peclet local snapshot (experimental),DC994,Volt Lane Car Park charger,"Lot 102, Volt Ln, Albury NSW 2640, Australia",Exploren,Type 2,3.0,22 kW,Open 24/7,-36.08172229,146.9164814,nearest=44.684m; gap=28.055m; manual confirmation required
279.0,,3-5 Underwood Rd Homebush NSW 2140 Australia,Tesla Motors ,8,Upcoming,2x350kW & 6x175kW,-33.8556219,151.0767955,,,,review,ambiguous_exact_address,0.5,True,567.0,31.264558091443906,31.264558091443906,29.22216012378109,Peclet local snapshot (experimental),DC719,DFO Homebush (2) charger,"3-5 Underwood Rd, Homebush NSW 2140, Australia",Chargefox,Type 2,2.0,22 kW,Carpark opens 10am and closes 7pm.,-33.85585222,151.0769897,nearest=31.265m; gap=29.222m; manual confirmation required
293.0,,"Ozone St, Chinderah NSW 2487, Australia",Tesla Motors ,10,Upcoming,2x350kW & 2x175kW,-28.2444054,153.5574467,,,,review,coordinate_candidate,0.5,True,855.0,2162.0443888494256,2162.0443888494256,652.9143625102456,Peclet local snapshot (experimental),DC44,Kingscliff Shopping Centre charger,"22 Pearl St, Kingscliff NSW 2487, Australia",Chargefox,Type 2,2.0,11 kW,Open 24/7,-28.255822,153.575314,nearest=2162.044m; gap=652.914m; manual confirmation required
297.0,,131 Monaro St Queanbeyan NSW 2620 Australia,BP Australia ,8,Upcoming,2x350kW & 2x175kW,-35.3519519,149.2350132,,,,review,coordinate_candidate,0.5,True,1919.0,389.3639239310668,389.3639239310668,241.15512216222305,Peclet local snapshot (experimental),HC2153,Council Car Park Lot 4 / DP251076 between 46 Lowe Street Queanbeyan charger,Council Car Park Lot 4 / DP251076 between 46 Lowe Street Queanbeyan NSW 2620,NRMA,,4.0,DC,,-35.355,149.2329,nearest=389.364m; gap=241.155m; manual confirmation required
305.0,,Butler Rd Mascot NSW 2020 Australia,BP Australia ,6,Upcoming,2x350kW & 2x175kW,-33.9440348,151.1855682,,,,review,coordinate_candidate,0.5,True,1747.0,338.8155298958517,338.8155298958517,834.939128882313,Peclet local snapshot (experimental),DC569,Blue Emu Car Park charger,"Ross Smith Ave, Mascot NSW 2020, Australia",,Type 2,2.0,kW,9am - 5pm,-33.941772,151.188028,nearest=338.816m; gap=834.939m; manual confirmation required
312.0,,13 Boundary St Macksville NSW 2447 Australia,Tesla Motors ,6,Upcoming,2x350kW & 2x175kW,-30.7126435,152.9218789,,,,review,coordinate_candidate,0.5,True,230.0,334.1939068167147,334.1939068167147,199.18833665106757,Peclet local snapshot (experimental),FC105,Ampol Foodary Macksville charger,"24 Cooper St, Macksville NSW 2447, Australia",Evie Networks,Tesla; Type 2,4.0,184 - 350 kW,Open 24/7,-30.7102492,152.9197659,nearest=334.194m; gap=199.188m; manual confirmation required
322.0,Adelong Motel,"351 Pacific Hwy, Coffs Harbour NSW 2450, Australia",Non-Networked,4,Upcoming,22,-30.2746956,153.1338197,,,,review,coordinate_candidate,0.5,True,263.0,189.99204157643675,189.99204157643675,587.8378249975462,Peclet local snapshot (experimental),FC251,The Big Banana Fun Park charger,"26 Aspect Dr, Coffs Harbour NSW 2450, Australia",Tesla Supercharge,Type 2,2.0,250 kW,Open 24/7,-30.27522635,153.1319391,nearest=189.992m; gap=587.838m; manual confirmation required
326.0,,"9-11 Roberts Rd, Greenacre NSW 2190, Australia",Viva Energy A,4,Upcoming,2x350kW & 2x175kW,-33.8944869,151.0666959,,,,review,coordinate_candidate,0.5,True,1568.0,1152.0015917406768,1152.0015917406768,50.445257753974374,Peclet local snapshot (experimental),HC2694,Roberts Rd Cnr Moondo St Greenacre charger,"87-91 Roberts Rd Cnr Moondo St, Greenacre, NSW, 2190",Ampol,,2.0,125 kW,,-33.9047,151.0646,nearest=1152.002m; gap=50.445m; manual confirmation required
332.0,,"238-262 Bunnerong Rd, Hillsdale NSW 2036, Australia",Fast Cities A,4,Upcoming,2x350kW & 2x175kW,-33.9519798,151.231009,,,,review,coordinate_candidate,0.5,True,1048.0,145.82451429970328,145.82451429970328,482.4113151247841,Peclet local snapshot (experimental),FC17,The Heffron Centre charger,"439 Bunnerong Road, Maroubra, 2035",Chargefox,Tesla; Type 2,8.0,25kW,Open 24/7,-33.951003,151.2320639,nearest=145.825m; gap=482.411m; manual confirmation required
339.0,,203 Holt Rd Taren Point NSW 2229 Australia,NRMA Electric,4,Upcoming,2x350kW & 2x175kW,-34.0202686,151.1170958,,,,review,coordinate_candidate,0.5,True,1390.0,761.2454088780902,761.2454088780902,218.7535264929587,Peclet local snapshot (experimental),DC699,Tesla Miranda charger,"100-104 Parraweena Rd, Miranda NSW 2228, Australia",,Tesla,4.0,kW,Store Hours Mon - Sun 10:00am - 5:00pm,-34.026971,151.118779,nearest=761.245m; gap=218.754m; manual confirmation required
360.0,,6 Ferdinand Ln Jerrabomberra NSW 2619 Australia,Tesla Motors ,6,Upcoming,2x350kW & 2x175kW,-35.3806357,149.1966832,,,,review,coordinate_candidate,0.5,True,1422.0,3487.8623438662953,3487.8623438662953,586.7501679351785,Peclet local snapshot (experimental),DC902,Hamilton Queanbeyan Motel charger,"53 Tharwa Rd, Queanbeyan West NSW 2620, Australia",Exploren,Type 2,4.0,22 kW,10am - 5pm for Public.,-35.3573881,149.2225074,nearest=3487.862m; gap=586.750m; manual confirmation required
362.0,,"797 Pacific Hwy, Belmont South NSW 2280, Australia",Viva Energy A,4,Upcoming,2x350kW & 2x175kW,-33.0509619,151.6552182,,,,review,coordinate_candidate,0.5,True,408.0,920.7951763173136,920.7951763173136,26.5545824645759,Peclet local snapshot (experimental),HC2743,Pacific Hwy Marks Point charger,"798 Pacific Hwy
Marks Point NSW 2280
Australia",Non-networked,,2.0,AC,,-33.0587,151.6517,nearest=920.795m; gap=26.555m; manual confirmation required
370.0,,"Alexander St
Crows Nest NSW 2065
Australia    ",NRMA Electric,8,Upcoming,2x350kW & 6x175kW,-33.8254711,151.2024328,,,,review,coordinate_candidate,0.5,True,1790.0,84.23116225983743,84.23116225983743,28.90214577481514,Peclet local snapshot (experimental),DC774,Holtermann St Carpark charger,"29 Holtermann St, Crows Nest NSW 2065, Ãšc",,Type 2,2.0,kW,,-33.825005,151.201714,nearest=84.231m; gap=28.902m; manual confirmation required
376.0,,"450 Quakers Hill Pkwy, Quakers Hill NSW 2763",BP Australia ,4,Upcoming,2x350kW & 2x175kW,-33.7299642,150.9022838,,,,review,coordinate_candidate,0.5,True,937.0,1674.460744397201,1674.460744397201,180.37374115203124,Peclet local snapshot (experimental),DC479,Bow Charging - Kings Park charger,"4 Nicobar St, Kings Park NSW 2148, Australia",,Type 2,1.0,kW,,-33.7404687,150.9152585,nearest=1674.461m; gap=180.374m; manual confirmation required
383.0,,"205 Old Hume Hwy, Mittagong NSW 2575, Australia",Fast Cities A,4,Upcoming,2x350kW & 2x175kW,-34.4470632,150.4368729,,,,accepted,address_exact_unique,0.97,False,1462.0,39.130244197411585,39.130244197411585,573.5685464182059,Peclet local snapshot (experimental),FC107,HomeCo Highlands charger,"205 Old Hume Hwy, Mittagong NSW 2575, Australia",Evie Networks,Type 2,4.0,150 kW,Open 24/7,-34.44673164,150.4370159,
398.0,Bells at Killcare,"107 The Scenic Rd, Killcare Heights NSW 2257, Australia",Non-networked,2,AC,22,-33.5210313,151.3746409,,,,accepted,address_exact_unique,0.97,False,1312.0,26.538835008698037,26.538835008698037,340.6006820140941,Peclet local snapshot (experimental),DC330,Bells at Killcare Boutique Hotel charger,"107 The Scenic Rd, Killcare Heights NSW 2257, Australia",Tesla Destination,Tesla,1.0,22 kW,,-33.521156,151.374885,
403.0,,"52–58 Gardeners Rd, Kingsford NSW 2032",Viva Energy A,4,Upcoming,2x350kW & 2x175kW,-33.9250367,151.2257445,,,,review,coordinate_candidate,0.5,True,1496.0,128.17232022906717,128.17232022906717,175.19299378876218,Peclet local snapshot (experimental),HC2083,Houston Rd Kingsford charger,"92 Houston Rd
Kingsford NSW 2032
Australia",Evie Networks,,2.0,50 kW,,-33.9242,151.2267,nearest=128.172m; gap=175.193m; manual confirmation required
411.0,Evie Networks,"92 Houston Rd, Kingsford NSW 2032, Australia",Evie Networks,2,DC,50,-33.9242319,151.2266791,,,,accepted,address_exact_unique,0.97,False,1496.0,4.037411618141111,4.037411618141111,210.40740815072184,Peclet local snapshot (experimental),HC2083,Houston Rd Kingsford charger,"92 Houston Rd
Kingsford NSW 2032
Australia",Evie Networks,,2.0,50 kW,,-33.9242,151.2267,
413.0,,260A Liverpool Rd Ashfield NSW 2131 Australia,Tesla Motors ,8,Upcoming,2x350kW & 6x175kW,-33.8894371,151.1241176,,,,accepted,address_exact_unique,0.97,False,1848.0,49.90554095111829,49.90554095111829,263.64060726122653,Peclet local snapshot (experimental),FC89,Ashfield Mall charger,"260A Liverpool Road, Ashfield, NSW 2131",Evie Networks,Tesla; Type 2,4.0,50 kW,6am - 11pm,-33.889564,151.123599,
414.0,,79/113 Sailors Bay Rd Northbridge NSW 2063 Australia,Tesla Motors ,6,Upcoming,2x350kW & 2x175kW,-33.8101145,151.2088161,,,,review,coordinate_candidate,0.5,True,1850.0,87.72672177155245,87.72672177155245,759.3096070807824,Peclet local snapshot (experimental),FC95,Northbridge Plaza charger,9 Eastern Valley Way (or 16 Harden Avenue) Northbridge NSW,Evie Networks,Tesla; Type 2,4.0,50 kW,Open 24/7,-33.809326,151.208848,nearest=87.727m; gap=759.310m; manual confirmation required
420.0,,"29 Church St, Maitland NSW 2320, Australia",NRMA Electric,4,Upcoming,2x350kW & 2x175kW,-32.732981,151.5535599,,,,review,coordinate_candidate,0.5,True,1687.0,217.6976029694894,217.6976029694894,41.67452970485587,Peclet local snapshot (experimental),DC247,Hunt Hospitality - Imperial Hotel charger,"458 High Street, Maitland NSW 2320, Australia",Chargefox,Type 2,2.0,22 kW,Open 24/7,-32.731028,151.553397,nearest=217.698m; gap=41.675m; manual confirmation required
427.0,,15 Crawford St Jindabyne NSW 2627 Australia,Tesla Motors ,6,Upcoming,2x350kW & 2x175kW,-36.4372503,148.6013552,,,,review,coordinate_candidate,0.5,True,1105.0,2109.167641684213,2109.167641684213,143.4978052553106,Peclet local snapshot (experimental),HC2441,Nettin Cct Jindabyne charger,"8 Nettin Cct
Jindabyne NSW 2627
Australia",Exploren,,4.0,AC,,-36.4192,148.6086,nearest=2109.168m; gap=143.498m; manual confirmation required
432.0,,King St Warrawong NSW 2502 Australia,BP Australia ,8,Upcoming,2x350kW & 2x175kW,-34.4881789,150.8880738,,,,review,coordinate_candidate,0.5,True,1808.0,225.00526518411766,225.00526518411766,2143.8317028024685,Peclet local snapshot (experimental),DC867,The Place @ Warrawong Plaza charger,"Warrawong Plaza, 61 King Street, Warrawong NSW 2502, Australia",,Type 2,2.0,kW,Open 24/7,-34.486159,150.887927,nearest=225.005m; gap=2143.832m; manual confirmation required
436.0,,528 Kent St Sydney NSW 2000 Australia,Tesla Motors ,6,Upcoming,2x350kW & 2x175kW,-33.8758825,151.2057916,,,,review,coordinate_candidate,0.5,True,989.0,170.3265930370369,170.3265930370369,63.68129525867394,Peclet local snapshot (experimental),DC731,World Square - Rydges charger,"389 Pitt St Sydney NSW 2000, Australia",Exploren,Type 2,2.0,7 kW,Open 24/7,-33.876811,151.207259,nearest=170.327m; gap=63.681m; manual confirmation required
439.0,Serenity Diamond Beach,"3 Government Rd, Nelson Bay NSW 2315, Australia",Non-Networked,2,Upcoming,7,-32.7211118,152.1728405,,,,accepted,address_exact_unique,0.97,False,1684.0,2810.680052051042,1918.0633481264651,464.09322274681176,Peclet local snapshot (experimental),DC227,Nelson Resort & Conference Centre charger,3 Government Road Nelson Bay New South Wales NSW 2315,Tesla Destination,Tesla,2.0,6 kW,,-32.720687,152.1428,
445.0,,"658 Terrigal Dr, Erina NSW 2250, Australia",Fast Cities A,4,Upcoming,2x350kW & 2x175kW,-33.4366058,151.3925412,,,,review,coordinate_candidate,0.5,True,1706.0,102.31921043325153,102.31921043325153,4242.130379010671,Peclet local snapshot (experimental),DC342,Erina Fair charger,"Penrose Cres, Erina NSW 2250, Australia",,Type 2,2.0,kW,5:45am - Midnight,-33.43609628,151.391623,nearest=102.319m; gap=4242.130m; manual confirmation required
450.0,,"712 Pennant Hills Rd, Carlingford NSW 2118, Australia",BP Australia ,4,Upcoming,2x350kW & 2x175kW,-33.7636448,151.0474084,,,,review,coordinate_candidate,0.5,True,1081.0,2192.3883177451917,2192.3883177451917,1465.8122182435322,Peclet local snapshot (experimental),FC169,Beecroft Village Plaza charger,"107 Beecroft Rd, Beecroft NSW 2119",JOLT,Tesla; Type 2,2.0,25 kW,Open 24/7,-33.75046555,151.0650469,nearest=2192.388m; gap=1465.812m; manual confirmation required
459.0,,"Bp Kennedy Drive, CNR KENNEDY DVE & DUCAT ST, Tweed Heads NSW 2485, Australia",BP Australia ,4,Upcoming,2x350kW & 2x175kW,-28.1859,153.5259866,,,,review,coordinate_candidate,0.5,True,1261.0,1767.2047679370976,1767.2047679370976,6.268272639898896,Peclet local snapshot (experimental),DC47,Tweed Heads Vegas Motel (2) charger,"123 Wharf St, Tweed Heads NSW 2485, Australia",Exploren,Type 2,2.0,22 kW,Open 24/7,-28.176754,153.540732,nearest=1767.205m; gap=6.268m; manual confirmation required
463.0,,1 Kiaora Lane Double Bay NSW 2028,Fast Cities A,4,Upcoming,2x350kW & 2x175kW,-33.878037,151.2439559,,,,review,coordinate_candidate,0.5,True,147.0,5.831867522146123,5.831867522146123,198.92050595473128,Peclet local snapshot (experimental),DC684,Kiaora Place Shopping Centre - Level 1 charger,"1 Kiaora Road, Double Bay, NSW, 2028",Chargefox,Type 2,2.0,22 kW,"6am-11pm, 7 days Upper level closes at 11pm",-33.878071,151.244004,nearest=5.832m; gap=198.921m; manual confirmation required
469.0,,"1 Frederick St, Artarmon, NSW, 2064, Australia",Fast Cities A,8,Upcoming,2x350kW & 6x175kW,-33.817079,151.1889358,,,,review,coordinate_candidate,0.5,True,2008.0,102.58212434919731,102.58212434919731,51.99325348249964,Peclet local snapshot (experimental),HC2114,Frederick St St Leonards charger,"12 Frederick St
St Leonards NSW 2065
Australia",EVX,,2.0,22 kW,,-33.818,151.189,nearest=102.582m; gap=51.993m; manual confirmation required
484.0,Elizabeth Motor Inn Adamstown,"Mitchell Ave, Khancoban NSW 2642, Australia",Non-Networked,4,Upcoming,22,-36.2140735,148.1324093,,,,accepted,coordinate_near_clear,0.9,False,348.0,3.0625083669732636,3.0625083669732636,32928.16895527208,Peclet local snapshot (experimental),HC2003,Mitchell Ave Khancoban charger,"Mitchell Ave
Khancoban NSW 2642
Australia",Chargefox,,4.0,AC,,-36.2141,148.1324,
488.0,,197-215 Condamine St Balgowlah NSW 2093 Australia,Tesla Motors ,6,DC,2x350kW & 2x175kW,-33.7929122,151.2645298,,,,review,ambiguous_exact_address,0.5,True,1728.0,27.642361963657905,27.642361963657905,19.03892293547093,Peclet local snapshot (experimental),DC465,Stockland Balgowlah (2) charger,"197-215 Condamine St, Balgowlah NSW 2093, Australia",Chargefox,Type 2,3.0,7 kW,,-33.793079,151.264308,nearest=27.642m; gap=19.039m; manual confirmation required
493.0,EVX,"60 Frenchs Rd, Willoughby NSW 2068, Australia",EVX,2,AC,22,-33.8073934,151.200067,,,,accepted,address_exact_unique,0.97,False,1117.0,3.1360573764233757,3.1360573764233757,290.0378279837953,Peclet local snapshot (experimental),HC2121,Frenchs Rd Willoughby charger,"60 Frenchs Rd
Willoughby NSW 2068
Australia",EVX,,2.0,22 kW,,-33.8074,151.2001,
496.0,,"190 Princes Hwy, South Nowra, NSW, 2541",Tesla Motors ,10,Upcoming,2x350kW & 6x175kW,-34.9158556,150.6042297,,,,review,coordinate_candidate,0.5,True,186.0,1087.6353743334448,1087.6353743334448,2415.393366391008,Peclet local snapshot (experimental),DC847,Nowra Toyota charger,"104 Princes Hwy, South Nowra NSW 2541, Australia",,Type 2,2.0,kW,Business Hours of Nowra Toyota,-34.90607429,150.6042592,nearest=1087.635m; gap=2415.393m; manual confirmation required
501.0,,"Bp Rozelle, Cnr VIC Rd & Evans St, Rozelle NSW 2039, Australia",BP Australia ,4,Upcoming,2x350kW & 2x175kW,-33.8653,151.1716,,,,review,coordinate_candidate,0.5,True,1138.0,157.19328128578977,157.19328128578977,190.58854346778716,Peclet local snapshot (experimental),HC2471,Evans St Rozelle charger,"182 Evans St
Rozelle NSW 2039
Australia",PLUS ES,,1.0,22 kW,,-33.8665,151.1707,nearest=157.193m; gap=190.589m; manual confirmation required
512.0,,"Bp Marsden Park, 851 Richmond Road, Marsden Park NSW 2765, Australia",BP Australia ,4,Upcoming,2x350kW & 2x175kW,-33.7195232,150.8449177,,,,review,coordinate_candidate,0.5,True,1717.0,220.93325883263748,220.93325883263748,161.34797666151877,Peclet local snapshot (experimental),DC399,IKEA Marsden Park charger,"1 Hollinsworth Rd, Marsden Park NSW 2765, Australia",Chargefox,Type 2,5.0,22 kW,Open 24/7,-33.719816,150.842555,nearest=220.933m; gap=161.348m; manual confirmation required
518.0,,16/20 New England Hwy Willow Tree NSW 2339 Australia,Tesla Motors ,6,Upcoming,2x350kW & 2x175kW,-31.6491378,150.7266298,,,,review,coordinate_candidate,0.5,True,397.0,58.008731167752224,58.008731167752224,16307.824736700102,Peclet local snapshot (experimental),HC2449,New England Hwy Willow Tree charger,"11 New England Hwy
Willow Tree NSW 2339
Australia",Exploren,,2.0,AC,,-31.6494,150.7261,nearest=58.009m; gap=16307.825m; manual confirmation required
521.0,EVE Australia,1A Keith St Dulwich Hill NSW,EVE Australia,2,AC,22,-33.9098594,151.141688,,,,accepted,coordinate_near_clear,0.9,False,1970.0,4.648348996460096,4.648348996460096,494.52710763318476,Peclet local snapshot (experimental),HC2029,Keith St Dulwich Hill charger,1A Keith St Dulwich Hill NSW 2203 Australia,EVE Australia,,2.0,22 kW,,-33.9099,151.1417,
531.0,,88 Mortimer St Mudgee NSW 2850 Australia,Tesla Motors ,6,Upcoming,2x350kW & 2x175kW,-32.5926744,149.5869726,,,,review,coordinate_candidate,0.5,True,241.0,135.50471028636787,135.50471028636787,187.00875657993743,Peclet local snapshot (experimental),FC138,Club Mudgee Car Park charger,"99 Mortimer St, Mudgee NSW 2850, Australia",NRMA,Tesla; Type 2,2.0,50 kW,Open 24/7,-32.59372361,149.5862369,nearest=135.505m; gap=187.009m; manual confirmation required
538.0,,33 Village Cct Gregory Hills NSW 2557 Australia,NRMA Electric,4,Upcoming,2x350kW & 2x175kW,-34.0262581,150.777729,,,,review,coordinate_candidate,0.5,True,252.0,1474.8483565761376,1474.8483565761376,1558.4377176367725,Peclet local snapshot (experimental),FC206,1 Gregory Hills Drive Parking charger,"Cnr Gregory Hills Dr & Holborn Cct, Gledswood Hills NSW, Australia",Everty,Type 2,4.0,120 kW,Open 24/7,-34.02032806,150.7634143,nearest=1474.848m; gap=1558.438m; manual confirmation required
539.0,,"Bp Dundas, 256 Kissing Point Rd, Dundas Valley NSW 2117, Australia",BP Australia ,4,Upcoming,2x350kW & 2x175kW,-33.7989253,151.0543765,,,,review,coordinate_candidate,0.5,True,1215.0,1754.512414283628,1754.512414283628,17.858107216881535,Peclet local snapshot (experimental),HC2760,Victoria Rd West Ryde charger,"1233 Victoria Rd, West Ryde NSW 2114, Australia",BP,,4.0,DC,,-33.8067,151.0709,nearest=1754.512m; gap=17.858m; manual confirmation required
542.0,EVX,"3 Hilltop Cres, Fairlight NSW 2094, Australia",EVX,2,AC,22,-33.7964448,151.2754491,,,,accepted,address_exact_unique,0.97,False,1975.0,40.79694052576184,40.79694052576184,775.7419726660755,Peclet local snapshot (experimental),HC2126,Hilltop Cres Fairlight charger,"3 Hilltop Cres
Fairlight NSW 2094
Australia",EVX,,2.0,22 kW,,-33.7961,151.2756,
550.0,,"Charter Hall Rutherford Marketplace, 1 Hillview St, Rutherford NSW 2320, Australia",BP Australia ,8,Upcoming,2x350kW & 2x175kW,-32.7156085,151.5265817,,,,review,coordinate_candidate,0.5,True,66.0,208.80181314577376,208.80181314577376,78.10979816128352,Peclet local snapshot (experimental),DC261,Old Maitland Inn charger,"279 New England Hwy, Rutherford NSW 2320",Saascharge International GmbH,Type 2,2.0,7.6 kW,Open 24/7,-32.7172344,151.5254651,nearest=208.802m; gap=78.110m; manual confirmation required
552.0,,"University of Wollongong, Northfields Avenue, Wollongong NSW 2522, Australia",University of,6,DC,2x350kW & 2x175kW,-34.4079569,150.877135,,,,review,coordinate_candidate,0.5,True,1946.0,5.768698062619693,5.768698062619693,1405.2934269849293,Peclet local snapshot (experimental),HC2097,Early Start Discovery Space (Building 21) University of Wollongong Northfields Ave Wollongong charger,"Early Start Discovery Space (Building 21) University of Wollongong
Northfields Ave
Wollongong NSW 2522
Australia",Chargefox,,4.0,AC,,-34.408,150.8771,nearest=5.769m; gap=1405.293m; manual confirmation required
554.0,,25 Anglo Rd Campsie NSW 2194 Australia,NRMA Electric,4,Upcoming,2x350kW & 2x175kW,-33.9112009,151.1014558,,,,review,coordinate_candidate,0.5,True,1363.0,449.33073303366353,449.33073303366353,1011.7835799940526,Peclet local snapshot (experimental),DC570,Canterbury Bankstown Council - Campsie Admin Centre charger,"21 Shakespeare St, Campsie NSW 2194, Australia",Exploren,Type 2,2.0,7 kW,Open 24/7,-33.907706,151.1039,nearest=449.331m; gap=1011.784m; manual confirmation required
555.0,,"Cnr Swallow & Peppertree Drive, Erskine Park NSW 2759, Australia",Fast Cities A,4,Upcoming,2x350kW & 2x175kW,-33.8041175,150.7988975,,,,review,coordinate_candidate,0.5,True,1351.0,3909.917753512654,3909.917753512654,634.0057293671657,Peclet local snapshot (experimental),DC495,Aurora charger,"17 Roberts Rd, Eastern Creek NSW 2766, Australia",Exploren,Type 2,4.0,22 kW,,-33.817281,150.83814,nearest=3909.918m; gap=634.006m; manual confirmation required
563.0,Talbingo Tourist Park,"7-11 Lawrence Hargrave Dr, Helensburgh NSW 2508, Australia",Non-Networked,4,AC,22,-34.2055705,150.9689186,,,,accepted,address_exact_unique,0.97,False,1979.0,21.577125553578743,21.577125553578743,2007.5764291990745,Peclet local snapshot (experimental),HC2156,Lawrence Hargrave Dr Helensburgh charger,"7-11 Lawrence Hargrave Dr
Helensburgh NSW 2508
Australia",360 EV Charge,,4.0,AC,,-34.2055,150.9687,
566.0,,1-5 Hill Rd Sydney Olympic Park NSW 2127 Australia,NRMA Electric,8,Upcoming,2x350kW & 6x175kW,-33.846599,151.0567307,,,,review,coordinate_candidate,0.5,True,540.0,389.1865139353944,389.1865139353944,641.3367975851667,Peclet local snapshot (experimental),DC589,Sydney Olympic Park charger,P1 Parking Station,Tesla Destination,Tesla,2.0,22 kW,,-33.8459,151.06086,nearest=389.187m; gap=641.337m; manual confirmation required
572.0,Hillston Township - Library Carpark,"14 Macauley St, Denman NSW 2328, Australia",Non-Networked,2,AC,7,-32.3941764,150.6844874,,,,accepted,address_exact_unique,0.97,False,712.0,32.40879926204227,32.40879926204227,15051.235652552268,Peclet local snapshot (experimental),HC2560,Macauley St Denman charger,"14 Macauley St
Denman NSW 2328
Australia",Non-networked,,2.0,AC,,-32.3943,150.6848,
573.0,,Hill St Picton NSW 2571 Australia,BP Australia ,6,Upcoming,2x350kW & 2x175kW,-34.1880903,150.6070342,,,,review,coordinate_candidate,0.5,True,245.0,2230.536568903549,2230.536568903549,8686.70435523296,Peclet local snapshot (experimental),FC158,Walton Lane Car Park charger,"5 Walton Lane, Picton NSW 2571, Australia",NRMA,Tesla; Type 2,2.0,50 kW,Open 24/7,-34.168301,150.611002,nearest=2230.537m; gap=8686.704m; manual confirmation required
575.0,,"Bp Mortdale, 21 Boundary Rd, Mortdale NSW 2223, Australia",BP Australia ,4,Upcoming,2x350kW & 2x175kW,-33.970669,151.073689,,,,review,coordinate_candidate,0.5,True,1472.0,598.6546275549326,598.6546275549326,691.355634766621,Peclet local snapshot (experimental),FC173,Cook St Parking charger,"22 Cook st, Mortdale NSW 2223, Australia",JOLT,Tesla; Type 2,2.0,25 kW,Open 24/7,-33.970228,151.080159,nearest=598.655m; gap=691.356m; manual confirmation required
576.0,Allegiance Wines,"74 Maitland St, Bingara NSW 2404, Australia",Non-Networked,2,AC,22,-29.869128,150.5714344,,,,accepted,address_exact_unique,0.97,False,809.0,4.549296866976943,4.549296866976943,745.9726647753898,Peclet local snapshot (experimental),HC2482,Maitland St Bingara charger,"74 Maitland St
Bingara NSW 2404
Australia",Exploren,,2.0,AC,,-29.8691,150.5714,
591.0,,4/6 Niangala Clos Belrose NSW 2085 Australia,Tesla Motors ,6,Upcoming,2x350kW & 2x175kW,-33.7034771,151.2131487,,,,review,coordinate_candidate,0.5,True,1064.0,18.26735661416882,18.26735661416882,1855.560052068625,Peclet local snapshot (experimental),FC78,HomeCo Belrose charger,"4-6 Niangala Close, Belrose NSW 2085, Australia",Evie Networks,Tesla; Type 2,4.0,50 kW,"Mon - Wed, Fri - Sat 7am - 6pm; Thu 7am - 9pm; Sun 8am- 7pm",-33.703313,151.213158,nearest=18.267m; gap=1855.560m; manual confirmation required
597.0,,Auckland St Bega NSW 2550 Australia,Tesla Motors ,6,Upcoming,2x350kW & 2x175kW,-36.6784759,149.8397774,,,,review,coordinate_candidate,0.5,True,1209.0,437.6359994376703,437.6359994376703,261.78273632245714,Peclet local snapshot (experimental),HC2612,Newtown Rd Bega charger,"191 Newtown Rd
Bega NSW 2550
Australia",Non-networked,,3.0,AC,,-36.6824,149.8394,nearest=437.636m; gap=261.783m; manual confirmation required
602.0,,"Grafton St, Coffs Harbour NSW 2450, Australia",Tesla Motors ,15,Upcoming,2x350kW & 2x175kW,-30.2955876,153.1146281,,,,review,coordinate_candidate,0.5,True,1276.0,193.21415663508498,193.21415663508498,9.123831307266101,Peclet local snapshot (experimental),DC124,Coffs Central (1) charger,"35 â€“ 61 Harbour Drive, Coffs Harbour, 2450, AUS",Saascharge International GmbH,Type 2,2.0,22 kW,Open 24/7,-30.29679932,153.1160705,nearest=193.214m; gap=9.124m; manual confirmation required
603.0,Hay Shire Council,"406 Moppett St, Hay NSW 2711, Australia",Exploren,2,AC,22,-34.5089561,144.8428431,,,,review,ambiguous_exact_address,0.5,True,234.0,7.950071036669705,7.950071036669705,6.75833110778305,Peclet local snapshot (experimental),FC120,Moppett St Car Park charger,"406 Moppett St, Hay NSW 2711, Australia",NRMA,Tesla; Type 2,2.0,50 kW,Open 24/7,-34.508903,144.842785,nearest=7.950m; gap=6.758m; manual confirmation required
605.0,EVX,"251 Edgecliff Rd, Woollahra NSW 2025, Australia",EVX,2,AC,22,-33.8885736,151.2444096,,,,accepted,address_exact_unique,0.97,False,362.0,3.0663760614690068,3.0663760614690068,232.1093875738318,Peclet local snapshot (experimental),HC2289,Edgecliff Rd Woollahra charger,"251 Edgecliff Rd
Woollahra NSW 2025
Australia",EVX,,2.0,22 kW,,-33.8886,151.2444,
620.0,,20-22 Camden Rd Campbelltown NSW 2560 Australia,Tesla Motors ,12,DC,2x350kW & 2x175kW,-34.0722029,150.8068155,,,,accepted,address_exact_unique,0.97,False,1569.0,109.21327599828919,90.18874346492981,19.024532533359377,Peclet local snapshot (experimental),HC2734,Camden Rd Campbelltown charger,20-22 Camden Rd Campbelltown NSW 2560 Australia,Tesla,,12.0,DC,,-34.0726,150.8079,
622.0,Boorowa Ex-services and Citizens Club Ltd,"55-59 Pudman St, Boorowa NSW 2586, Australia",Elanga,2,AC,22,-34.4366892,148.7234235,,,,accepted,address_exact_unique,0.97,False,606.0,64.93668013628785,64.93668013628785,34898.62048033279,Peclet local snapshot (experimental),DC891,Boorowa Ex-services and Citizens Club charger,"55-59 Pudman Street, Boorowa NSW 2586",Elanga,Type 2,4.0,kW,Open 24/7,-34.43718431,148.723799,
632.0,,347 Great Western Hwy South Wentworthville NSW 2145 Australia,BP Australia ,6,Upcoming,2x350kW & 2x175kW,-33.8158382,150.9687572,,,,review,coordinate_candidate,0.5,True,517.0,641.9473618044035,641.9473618044035,2101.139872765985,Peclet local snapshot (experimental),DC503,Wenty Leagues charger,"50 Smith St, Wentworthville NSW 2145, Australia",,Type 2,3.0,kW,,-33.81295172,150.9627395,nearest=641.947m; gap=2101.140m; manual confirmation required
633.0,,11 The Boulevarde Strathfield NSW 2135 Australia,Tesla Motors ,8,Upcoming,2x350kW & 6x175kW,-33.8732249,151.0931072,,,,review,coordinate_candidate,0.5,True,1770.0,131.89705490482643,131.89705490482643,146.1866063683175,Peclet local snapshot (experimental),DC659,Strathfield Square Parking charger,"5 Churchill Ave, Strathfield NSW 2135, Australia",,Type 2,1.0,7 kW,Open 24/7,-33.872045,151.093254,nearest=131.897m; gap=146.187m; manual confirmation required
645.0,,"Bp Rydalmere, 265 Victoria Rd, Rydalmere, NSW, 2116, Australia",BP Australia ,4,Upcoming,2x350kW & 2x175kW,-33.8118926,151.0947271,,,,review,coordinate_candidate,0.5,True,580.0,699.6783685814562,699.6783685814562,276.578279400385,Peclet local snapshot (experimental),DC779,Middy's Meadowbank charger,"28 Constitution Rd, Ryde NSW 2112, Australia",,Type 2,1.0,kW,Weekdays: 6.30am - 4.30pm,-33.8181788,151.0943921,nearest=699.678m; gap=276.578m; manual confirmation required
665.0,,"Charter Hall Carnes Hill Marketplace, Corner Cowpasture & Kurrajong Roads, Horningsea Park NSW 2171, Australia",BP Australia ,8,Upcoming,2x350kW & 2x175kW,-33.9360579,150.8450408,,,,review,coordinate_candidate,0.5,True,1883.0,2053.5842389697073,2053.5842389697073,1.164335031302926,Peclet local snapshot (experimental),AK686,Camden Valley Way Prestons charger,"1985 Camden Valley Way, Prestons NSW 2170",Evie,,4.0,150 kW,,-33.95224765,150.8557529,nearest=2053.584m; gap=1.164m; manual confirmation required
673.0,Cargo Road Wines,"East St, Harden NSW 2587, Australia",Non-Networked,4,Upcoming,22,-34.5624066,148.3641064,,,,accepted,coordinate_near_clear,0.9,False,1571.0,0.9391707421894043,0.9391707421894043,1031.3533845023226,Peclet local snapshot (experimental),HC2017,East St Harden charger,"East St
Harden NSW 2587
Australia",Exploren,,4.0,AC,,-34.5624,148.3641,
674.0,,"Bp Bonnyrigg, CNR COWPASTURE & NTH LIVERPOOL RDS, Bonnyrigg NSW 2177, Australia",BP Australia ,4,Upcoming,2x350kW & 2x175kW,-33.8942808,150.8579509,,,,review,coordinate_candidate,0.5,True,270.0,4323.784350413056,4323.784350413056,1100.7492125542121,Peclet local snapshot (experimental),HC2224,Hoxton Park Rd Prestons charger,"424 Hoxton Park Rd, Prestons, NSW, 2170",NRMA,,4.0,DC,,-33.9305,150.875,nearest=4323.784m; gap=1100.749m; manual confirmation required
678.0,,"Bp Moorebank, 226/228 Newbridge Rd, Moorebank NSW 2170",BP Australia ,4,Upcoming,2x350kW & 2x175kW,-33.9293332,150.9532015,,,,review,coordinate_candidate,0.5,True,514.0,1557.7362135665721,1557.7362135665721,250.69828717730252,Peclet local snapshot (experimental),DC494,Taitung Food Service charger,"355 Newbridge Road, Moorebank NSW 2170",,Tesla,1.0,kW,7am to 3pm,-33.929436,150.936318,nearest=1557.736m; gap=250.698m; manual confirmation required
682.0,,"Bp Potts Hill Truckstop, 155-157 Rockwood Road, Yagoona NSW 2199, Australia",BP Australia ,4,Upcoming,2x350kW & 2x175kW,-33.8933986,151.0389026,,,,review,coordinate_candidate,0.5,True,533.0,1447.8482855818345,1447.8482855818345,973.5497873307556,Peclet local snapshot (experimental),DC555,Echarging charger,54 Amy street regents park nsw 2143,,Tesla,1.0,kW,,-33.8843326,151.0276439,nearest=1447.848m; gap=973.550m; manual confirmation required
684.0,,2 Macquarie St Parramatta NSW 2150 Australia,NRMA Electric,4,Upcoming,2x350kW & 2x175kW,-33.8138396,150.9995065,,,,accepted,address_exact_unique,0.97,False,530.0,77.81776620211068,77.81776620211068,29.899954091217253,Peclet local snapshot (experimental),DC549,Club Parramatta charger,"2 Macquarie St, Parramatta NSW 2150",,Type 2,8.0,kW,Open 24/7,-33.81383648,150.9986642,
693.0,,"241 Waterworth Dr, Mount Annan NSW 2567, Australia",Viva Energy A,4,DC,2x350kW & 2x175kW,-34.0495366,150.7601125,,,,accepted,address_exact_unique,0.97,False,796.0,23.002683950262856,23.002683950262856,1247.555900076233,Peclet local snapshot (experimental),HC2193,Waterworth Dr Mount Annan charger,"241 Waterworth Dr, Mount Annan NSW 2567, Australia",Viva Energy Australia,,4.0,DC,,-34.0494,150.7603,
696.0,Albury City Council,"520 David St, Albury NSW 2640, Australia",Exploren,2,AC,7,-36.0806351,146.9216087,,,,accepted,coordinate_exact,1.0,False,1831.0,0.0,0.0,300.2110280830825,Peclet local snapshot (experimental),DC988,520 David St Car Park charger,"520 David St, Albury NSW 2640, Australia",Exploren,Type 2,5.0,22 kW,Open 24/7,-36.0806351,146.9216087,
706.0,,"19 Princes Hwy, Figtree NSW 2525, Australia",Tesla Motors ,6,DC,2x350kW & 2x175kW,-34.4366153,150.8632982,,,,review,ambiguous_exact_address,0.5,True,780.0,1.7092721994927398,1.7092721994927398,88.57348020949193,Peclet local snapshot (experimental),HC2659,Princes Hwy Figtree charger,"19 Princes Hwy, Figtree NSW 2525, Australia",Tesla,,6.0,DC,,-34.4366,150.8633,nearest=1.709m; gap=88.573m; manual confirmation required
712.0,,2 Orchard Ave Singleton NSW 2330 Australia,PLUS ES Manag,5,Upcoming,2x350kW & 2x175kW,-32.56947,151.179984,,,,review,coordinate_candidate,0.5,True,1084.0,922.4143914949265,922.4143914949265,1883.2374795387436,Peclet local snapshot (experimental),FC193,Lancaster Motor Group- open now (station #1283) charger,1 Waddell's Lane Singleton NSW 2330,Everty,Type 2,2.0,100 kW,Monday - Friday 7:30am - 5:30pm Saturday- 9am - 4pm Sunday - Closed,-32.57696806,151.1841952,nearest=922.414m; gap=1883.237m; manual confirmation required
717.0,,"245/259 Pittwater Rd, Manly NSW 2095, Australia",Fast Cities A,4,Upcoming,2x350kW & 2x175kW,-33.787031,151.2812746,,,,review,coordinate_candidate,0.5,True,1079.0,930.9855625703032,930.9855625703032,134.48350848258463,Peclet local snapshot (experimental),FC164,Dowling St Parking charger,"30 Dowling Street, Freshwater",JOLT,Tesla; Type 2,2.0,25 kW,Open 24/7,-33.778944,151.283883,nearest=930.986m; gap=134.484m; manual confirmation required
723.0,,"Bp Normanhurst, 155 Pennant Hills Rd, Normanhurst NSW 2076, Australia",BP Australia ,4,Upcoming,2x350kW & 2x175kW,-33.7245,151.0901,,,,review,coordinate_candidate,0.5,True,512.0,618.6614603835252,618.6614603835252,4.599446452854181,Peclet local snapshot (experimental),DC472,Thornleigh Squash and Fitness charger,"6 Duffy Ave, Thornleigh NSW 2120, Australia",,Type 2,1.0,kW,10am to 10pm,-33.725317,151.083483,nearest=618.661m; gap=4.599m; manual confirmation required
740.0,,"Avenue of Europe, Newington NSW 2127, Australia",Fast Cities A,4,Upcoming,2x350kW & 2x175kW,-33.8342986,151.0564365,,,,review,coordinate_candidate,0.5,True,987.0,452.2213109541425,452.2213109541425,104.2420134655921,Peclet local snapshot (experimental),DC727,Equinix SY6 charger,"8 Egerton St, Silverwater NSW 2128, Australia",,Type 2,2.0,kW,Open 24/7,-33.836892,151.052665,nearest=452.221m; gap=104.242m; manual confirmation required
741.0,,55 Norton St Leichhardt NSW 2040 Australia,Tesla Motors ,8,Upcoming,2x350kW & 6x175kW,-33.8859319,151.1579799,,,,review,coordinate_candidate,0.5,True,129.0,111.81631532772313,111.81631532772313,142.7588035071641,Peclet local snapshot (experimental),DC573,The Italian Forum charger,"32/23 Norton St, Leichhardt NSW 2040, Australia",,Type 2,1.0,kW,,-33.886832,151.15852,nearest=111.816m; gap=142.759m; manual confirmation required
747.0,PLUS ES,"180 Darling St, Balmain NSW 2041, Australia",PLUS ES,1,AC,7,-33.8584276,151.186886,,,,accepted,address_exact_unique,0.97,False,1175.0,3.330135035869347,3.330135035869347,16.66712936681519,Peclet local snapshot (experimental),HC2510,Darling St Balmain charger,"180 Darling St
Balmain NSW 2041
Australia",PLUS ES,,1.0,7 kW,,-33.8584,151.1869,
755.0,,"240 Hillsborough Rd, Warners Bay NSW 2282, Australia",Fast Cities A,4,Upcoming,2x350kW & 2x175kW,-32.9637983,151.662073,,,,accepted,address_exact_unique,0.97,False,1069.0,41.833624583887094,41.833624583887094,2331.2233746965253,Peclet local snapshot (experimental),FC112,HomeCo. Warners Bay charger,"240 Hillsborough Rd, Warners Bay NSW 2282, Australia",Evie Networks,Tesla; Type 2,4.0,60 - 150 kW,Open 24/7,-32.96354505,151.6617414,
768.0,,"386 Pennant Hills Rd, Pennant Hills NSW 2120, Australia",Viva Energy A,4,Upcoming,2x350kW & 2x175kW,-33.7393138,151.0679697,,,,review,coordinate_candidate,0.5,True,495.0,364.8767095302451,364.8767095302451,295.80850362965225,Peclet local snapshot (experimental),DC410,Pennant Hills Market Place charger,"4-10 Hillcrest Rd, Pennant Hills NSW 2120, Australia",Exploren,Type 2,2.0,18 kW,"Mon - Fri 0830 - 1800, Sat 0830 - 1230",-33.737266,151.071053,nearest=364.877m; gap=295.809m; manual confirmation required
791.0,,"14 Anzac Ave
Fairfield NSW 2165
Australia    ",Tesla Motors ,12,Upcoming,2x350kW & 6x175kW,-33.8729153,150.9587919,,,,review,coordinate_candidate,0.5,True,1733.0,1823.6784104756887,1823.6784104756887,1337.9612174884803,Peclet local snapshot (experimental),DC493,Komatsu Fairfield charger,"50-60 Fairfield St, Fairfield NSW 2165, Australia",EVUp,Type 2,4.0,kW,,-33.869829,150.978192,nearest=1823.678m; gap=1337.961m; manual confirmation required
795.0,,"Clarence St, Moss Vale NSW 2577, Australia",NRMA Electric,4,Upcoming,2x350kW & 2x175kW,-34.5484218,150.3735673,,,,review,coordinate_candidate,0.5,True,181.0,731.6606743272267,731.6606743272267,6934.852072117657,Peclet local snapshot (experimental),DC834,Old Nunnery Bed & Breakfast charger,"27 Arthur Street, Moss Vale NSW 2577, Australia",Tesla Destination,Tesla,1.0,4 kW,,-34.554682,150.371107,nearest=731.661m; gap=6934.852m; manual confirmation required
813.0,Chargefox,"44 Station St, Wickham NSW 2293, Australia",Chargefox,2,AC,22,-32.9230228,151.7572335,,,,accepted,address_exact_unique,0.97,False,351.0,4.02545887742047,4.02545887742047,346.61576978669234,Peclet local snapshot (experimental),HC2088,Station St Wickham charger,"44 Station St
Wickham NSW 2293
Australia",Chargefox,,2.0,22 kW,,-32.923,151.7572,
846.0,,"134 Seven Hills Rd, Baulkham Hills NSW 2153, Australia",BP Australia ,4,Upcoming,2x350kW & 2x175kW,-33.7615731,150.9737579,,,,review,coordinate_candidate,0.5,True,1335.0,1603.4450032672557,1603.4450032672557,249.64146608359806,Peclet local snapshot (experimental),DC418,Grove Square Baulkham Hills Mall (ex Stockland) charger,"375 Windsor Rd, Baulkham Hills NSW 2153, Australia","Tesla Destination, ChargePoint",Type 2; J-1772,3.0,6.6 - 22 kW,Available during shopping centre business hours,-33.75885419,150.9907918,nearest=1603.445m; gap=249.641m; manual confirmation required
874.0,D.G BENYON & D.M BENYON & The Trustee for Benyon Family Trust,"119 Borella Rd, East Albury NSW 2640, Australia",EVUp,4,AC,22,-36.0777139,146.9437845,,,,review,ambiguous_exact_address,0.5,True,1827.0,17.197350915243867,17.197350915243867,44.21386075272165,Peclet local snapshot (experimental),DC967,Peards Albury charger,"119 Borella Rd, East Albury NSW 2640, Australia",EVUp,Type 2,2.0,kW,Open 24/7,-36.07764274,146.9439544,nearest=17.197m; gap=44.214m; manual confirmation required
877.0,,19A Evans Evans Ave Eastlakes NSW 2018 Australia,Tesla Motors ,8,Upcoming,2x350kW & 6x175kW,-33.9243791,151.2103938,,,,review,coordinate_candidate,0.5,True,537.0,122.61170281524143,122.61170281524143,1028.0343497838353,Peclet local snapshot (experimental),DC578,The Grand Eastlakes Shopping Centre charger,"19 Evans Ave, Eastlakes NSW 2018, Australia",Chargefox,Type 2,5.0,22 kW,6am - 10:30pm,-33.924525,151.211711,nearest=122.612m; gap=1028.034m; manual confirmation required
878.0,,215 Anzac Pde Kensington NSW 2033 Australia,Tesla Motors ,6,Upcoming,2x350kW & 2x175kW,-33.9168297,151.2253621,,,,review,coordinate_candidate,0.5,True,1364.0,168.5806539672798,168.5806539672798,109.06020814264448,Peclet local snapshot (experimental),DC571,UNSW - School of Photovoltaic and Renewable Energy Engineering charger,"UNSW Mall Entrance, Anzac Pde, Kensington NSW 2052, Australia",ChargePoint,Type 2; J-1772,3.0,22 kW,Open 24/7,-33.91799,151.226538,nearest=168.581m; gap=109.060m; manual confirmation required
,Tropical Fruit World,"29 Duranbah Rd, Duranbah NSW 2487",Non-networked,2,AC,AC,-28.2855694,153.5252895,Tweed Shire Council,2487,Existing Destination Chargers,accepted,address_exact_unique,0.97,False,1256.0,398.9501573647569,398.9501573647569,4761.676992638012,Peclet local snapshot (experimental),DC16,Tropical Fruit World charger,"29 Duranbah Rd, Duranbah NSW 2487, Australia",,Type 2,2.0,22 kW,9:30 AM - 4:00 PM,-28.28330952,153.522125,
,Pacific Garage,"17 Piper Dr, Ballina NSW 2478",Non-networked,1,AC,AC,-28.8468559,153.5551836,Ballina Shire Council,2478,Existing Destination Chargers,review,coordinate_candidate,0.5,True,636.0,1353.3401057148367,1353.3401057148367,726.3766166204355,Peclet local snapshot (experimental),FC3,NRMA - Ballina charger,"44 Bangalow Road, Ballina, 2478",Chargefox,Tesla; Type 2,4.0,50kW - 350kW,Open 24/7,-28.85761,153.5616904,nearest=1353.340m; gap=726.377m; manual confirmation required
,Daleys Fruit Tree Nursery,"36 Daleys Ln
Geneva NSW 2474
Australia",Non-networked,3,AC,AC,-28.615544,152.9901087,Kyogle Council,2474,Destination Charging R2,accepted,address_exact_unique,0.97,False,401.0,4.965732755799131,4.965732755799131,1399.7520484081576,Peclet local snapshot (experimental),HC2565,Daleys Ln Geneva charger,"36 Daleys Ln
Geneva NSW 2474
Australia",Non-networked,,3.0,AC,,-28.6155,152.9901,
,Rainbow Power Company,"1 Alternative Way, Nimbin NSW 2480",Non-networked,2,AC,AC,-28.5953327,153.226753,Lismore City Council,2480,Existing Destination Chargers,accepted,address_exact_unique,0.97,False,8.0,77.65654521635558,77.65654521635558,20324.1721449365,Peclet local snapshot (experimental),DC13,Rainbow Power Company charger,"1 Alternative Way, Nimbin NSW 2480, Australia",,Type 2,2.0,kW,Business hours,-28.594768,153.226285,
,Elements of Byron,"144 Bayshore Dr, Byron Bay NSW 2481",Non-networked,2,AC,AC,-28.6258868,153.587066,Byron Shire Council,2481,Existing Destination Chargers,review,coordinate_candidate,0.5,True,429.0,751.9679085878777,751.9679085878777,22.261393010559686,Peclet local snapshot (experimental),DC35,The Habitat Bryon charger,"9 Easy St, Byron Bay NSW 2481, Australia",NRMA,Type 2,2.0,kW,,-28.63002331,153.5809709,nearest=751.968m; gap=22.261m; manual confirmation required
,Big 4 Holiday Park,"282 O'Keefes Ln, Palmers Island NSW 2463",Non-networked,2,AC,AC,-29.3948401,153.3121179,Clarence Valley Council,2463,Existing Destination Chargers,review,ambiguous_exact_address,0.5,True,689.0,1.6603178835803922,1.6603178835803922,0.0,Peclet local snapshot (experimental),FC220,Big 4 Holiday Park charger,"282 O'Keefes Ln, Palmers Island NSW 2463, Australia",Non - Networked,Tesla,1.0,kW,,-29.39484846,153.3121037,nearest=1.660m; gap=0.000m; manual confirmation required
,Barrons Tyre & Mechanical,"74/76 Dalgarno St, Coonabarabran NSW 2357",Non-networked,1,AC,AC,-31.2731036,149.2792177,Warrumbungle Shire Council,2357,Existing Destination Chargers,accepted,address_exact_unique,0.97,False,444.0,8.76359740282718,8.76359740282718,125.97321522427086,Peclet local snapshot (experimental),DC98,Barron's Tyre & Mechanical charger,"76 Dalgarno St, Coonabarabran NSW 2357, Australia",,Tesla,1.0,kW,Open 24/7,-31.273052,149.279148,
,Narrabri & District Citizens Boys Club,65A Barwan Street Narrabri NSW,Non-networked,1,AC,AC,-30.3278608,149.785666,Gwydir Shire Council,2390,Existing Destination Chargers,accepted,address_exact_unique,0.97,False,1652.0,24.950573858507262,24.950573858507262,351.0860830021766,Peclet local snapshot (experimental),DC102,Aperture Digital charger,65A Barwan Street Narrabri NSW,,Type 2,1.0,kW,Open 24/7,-30.32772937,149.7858767,
,Quest Tamworth,"337 Armidale Rd, Tamworth NSW 2340",Non-networked,1,AC,AC,-31.1001019,150.9407339,Tamworth Regional Council,2340,Existing Destination Chargers,accepted,address_exact_unique,0.97,False,1274.0,50.91319298326031,50.91319298326031,128.6158402004756,Peclet local snapshot (experimental),DC120,Quest Serviced Apartments Tamworth charger,"337 Armidale Rd, Tamworth NSW 2340, Australia",,Type 2,1.0,7 kW,Open 24/7,-31.099685,150.940955,
,Forster Community Charger,"2/19 Boundary St, Forster NSW 2428",Non-networked,1,AC,AC,-32.1868894,152.5279036,Mid-Coast Council,2428,Existing Destination Chargers,accepted,address_exact_unique,0.97,False,460.0,29.365480284796135,29.365480284796135,1199.141495705583,Peclet local snapshot (experimental),DC196,The Fairways Community Charger,2/19 boundary Street Forster,,J-1772,1.0,kW,6am-10pm 7 days After hours please contact,-32.186783,152.527618,
,Mid Coast Council,"2 Pulteney St, Taree NSW 2430",Non-networked,2,AC,AC,-31.9150148,152.4599834,Mid-Coast Council,2430,Existing Destination Chargers,review,coordinate_candidate,0.5,True,1269.0,577.6407120115723,577.6407120115723,80.73359559821813,Peclet local snapshot (experimental),DC81,In Town Motor Inn charger,"77 Victoria St, Taree NSW 2430, Australia",,Type 2,2.0,kW,Open 24/7,-31.911266,152.46422,nearest=577.641m; gap=80.734m; manual confirmation required
,Peak Coffee Brew Lab & Roastery.,"30 Jambali Rd
Port Macquarie NSW 2444
Australia",Non-networked,3,AC,AC,-31.4512795,152.8861637,Port Macquarie-Hastings Council,2444,Destination Charging R2,accepted,address_exact_unique,0.97,False,1237.0,4.1295138237224345,4.1295138237224345,657.1675579183955,Peclet local snapshot (experimental),HC2515,Jambali Rd Port Macquarie charger,"30 Jambali Rd
Port Macquarie NSW 2444
Australia",Non-networked,,3.0,AC,,-31.4513,152.8862,
,Upper Hunter Automotive,"15-17 Rutherford Rd, Muswellbrook NSW 2333",Non-networked,1,AC,AC,-32.2836184,150.8952856,Muswellbrook Shire Council,2333,Existing Destination Chargers,accepted,address_exact_unique,0.97,False,469.0,62.16633778796762,62.16633778796762,2355.380638614973,Peclet local snapshot (experimental),DC242,Upper Hunter Automotive charger,"15-17 Rutherford Rd, Muswellbrook NSW 2333, Australia",,Type 2,1.0,kW,Closed,-32.28305966,150.8952627,
,Flynns on Surf Beach Villas,"25 Surf St, Port Macquarie NSW 2444",Non-networked,6,AC,AC,-31.4431677,152.923258,Port Macquarie-Hastings Council,2444,Existing Destination Chargers,accepted,address_exact_unique,0.97,False,449.0,45.492785186504506,45.492785186504506,1085.0851093749732,Peclet local snapshot (experimental),DC121,Flynns on Surf Beach Villas charger,"25 Surf St, Port Macquarie NSW 2444, Australia",,Type 2,6.0,kW,,-31.44318889,152.9237369,
,Mid Coast Council,"1 Biripi Wy, Taree South NSW 2430",Non-networked,2,AC,AC,-31.9341846,152.4649828,Mid-Coast Council,2430,Existing Destination Chargers,review,coordinate_candidate,0.5,True,885.0,5.662937067197728,5.662937067197728,34.81496797205628,Peclet local snapshot (experimental),DC216,MidCoast Council charger,2 Biripi Way Taree 2430,,Type 2,2.0,22 kW,Open 24/7,-31.934134,152.464976,nearest=5.663m; gap=34.815m; manual confirmation required
,Skimstone Wines,"1307 Castlereagh Hwy, Apple Tree Flat NSW 2850",Non-networked,2,AC,AC,-32.6811112,149.7051024,Mid-Western Regional Council,2850,Existing Destination Chargers,accepted,address_exact_unique,0.97,False,1663.0,308.6615039701151,308.6615039701151,12468.373300884785,Peclet local snapshot (experimental),DC140,Skimstone Wines charger,1307 Castlereagh Highway Apple Tree Flat,,Type 2,1.0,kW,10am - 4pm,-32.67979276,149.7022002,
,Mudgee Meat,"82 Depot Rd
Mudgee NSW 2850
Australia",Non-networked,2,AC,AC,-32.6122194,149.5958673,Mid-Western Regional Council,2850,Destination Charging R2,accepted,address_exact_unique,0.97,False,1959.0,3.7462230672613304,3.7462230672613304,448.05857999321057,Peclet local snapshot (experimental),HC2491,Depot Rd Mudgee charger,"82 Depot Rd
Mudgee NSW 2850
Australia",Non-networked,,2.0,AC,,-32.6122,149.5959,
,ThumbPrint Wines,"491 Ulan Rd
Eurunderee NSW 2850
Australia",Non-networked,1,AC,AC,-32.5608395,149.6246799,Mid-Western Regional Council,2850,Destination Charging R2,accepted,address_exact_unique,0.97,False,1144.0,4.779101976814829,4.779101976814829,475.0825110384888,Peclet local snapshot (experimental),HC2603,Ulan Rd Eurunderee charger,"491 Ulan Rd
Eurunderee NSW 2850
Australia",Non-networked,,1.0,AC,,-32.5608,149.6247,
,SPS Solar Pumping Solutions,"28 B55, Mudgee NSW 2850",Non-networked,1,AC,AC,-32.6064384,149.5987968,Mid-Western Regional Council,2850,Existing Destination Chargers,review,coordinate_candidate,0.5,True,835.0,573.2625243970591,573.2625243970591,122.487483475511,Peclet local snapshot (experimental),HC2362,Sydney Rd Mudgee charger,"1 Sydney Rd
Mudgee NSW 2850
Australia",Exploren,,4.0,AC,,-32.6014,149.5975,nearest=573.263m; gap=122.487m; manual confirmation required
,Coles Huntlee,"22 Empire St, Branxton NSW 2335",Non-networked,2,AC,AC,-32.6698934,151.3507552,Cessnock City Council,2335,Existing Destination Chargers,accepted,address_exact_unique,0.97,False,872.0,27.558091516458113,27.558091516458113,7955.519723859616,Peclet local snapshot (experimental),DC143,Coles Huntlee charger,"22 Empire St, Branxton NSW 2335, Australia",Chargefox,Type 2,2.0,22 kW,Open 24/7,-32.670137,151.350701,
,McCaffrey's Estate Winery,"614 Hermitage Rd
Pokolbin NSW 2320
Australia",Non-networked,4,AC,AC,-32.7026979,151.2582555,Singleton Council,2320,Destination Charging R2,accepted,address_exact_unique,0.97,False,1178.0,4.170358576311475,4.170358576311475,737.8895780705526,Peclet local snapshot (experimental),HC2611,Hermitage Rd Pokolbin charger,"614 Hermitage Rd
Pokolbin NSW 2320
Australia",Non-networked,,4.0,AC,,-32.7027,151.2583,
,Hunter Gleann - Hunter Valley Farm Stay Accommodation,"545 Hermitage Rd
Pokolbin NSW 2320
Australia",Non-networked,1,AC,AC,-32.6937456,151.2623294,Singleton Council,2320,Destination Charging R2,accepted,address_exact_unique,0.97,False,1906.0,5.768792719597353,5.768792719597353,288.69268869120475,Peclet local snapshot (experimental),HC2538,Hermitage Rd Pokolbin charger,"545 Hermitage Rd
Pokolbin NSW 2320
Australia",Non-networked,,1.0,AC,,-32.6937,151.2623,
,Albatross Marina,"44 Cook Parade, Lemon Tree Passage NSW 2319",Non-networked,2,AC,AC,-32.7310234,152.0398771,Port Stephens Council,2319,Existing Destination Chargers,accepted,address_exact_unique,0.97,False,1700.0,3.0054313296628705,3.0054313296628705,552.5102706415805,Peclet local snapshot (experimental),DC303,Albatross Marina charger,"44 Cook Pde, Lemon Tree Passage NSW, 2319",,Type 2,2.0,kW,Open 24/7,-32.7310319,152.0399076,
,HIES Electrical Services,"22-24 Almond St, Denman NSW 2328",Non-networked,3,AC,AC,-32.3831889,150.6818803,Muswellbrook Shire Council,2328,Existing Destination Chargers,review,coordinate_candidate,0.5,True,712.0,1265.548690325217,1265.548690325217,14556.412589061245,Peclet local snapshot (experimental),HC2560,Macauley St Denman charger,"14 Macauley St
Denman NSW 2328
Australia",Non-networked,,2.0,AC,,-32.3943,150.6848,nearest=1265.549m; gap=14556.413m; manual confirmation required
,Zig Zag Railway,"840 Chifley Rd, Clarence NSW 2790",Non-networked,2,AC,AC,-33.4773043,150.2210313,"Lithgow Council, City of",2790,Existing Destination Chargers,accepted,address_exact_unique,0.97,False,1731.0,29.54968422675212,29.54968422675212,4471.702508050795,Peclet local snapshot (experimental),DC484,Zig Zag Railway Clarence charger,"840 Chifley Rd, Clarence NSW 2790, Australia",,Type 2,2.0,kW,When train is running,-33.47746571,150.2212844,
,The Remington Orange,"1517 Forest Rd, Orange NSW 2800",Non-networked,6,AC,AC,-33.315586,149.0901336,Cabonne Council,2800,Existing Destination Chargers,accepted,address_exact_unique,0.97,False,1284.0,66.50930272236305,66.50930272236305,2215.0140556678816,Peclet local snapshot (experimental),DC160,The Remington Orange charger,"1517 Forest Rd, Orange NSW 2800, Australia",,Type 2,6.0,kW,,-33.316175,149.090009,
,Angullong Wines ,"37 Victoria St, Millthorpe NSW 2798",Non-networked,1,AC,AC,-33.4457664,149.1845894,Blayney Shire Council,2798,Existing Destination Chargers,review,coordinate_candidate,0.5,True,206.0,9650.226524911845,9650.226524911845,5160.514640955531,Peclet local snapshot (experimental),DC960,ORANGEWOOD Holiday House charger,"555 Tallwood Rd, Forest Reefs NSW 2798, Australia",,Type 2,1.0,kW,Open 24/7,-33.47502,149.08665,nearest=9650.227m; gap=5160.515m; manual confirmation required
,Landcare & Sustainable Living Centre ,"110 York St, Booragul NSW 2284",Non-networked,2,AC,AC,-32.9683375,151.6061284,Lake Macquarie City Council,2284,Existing Destination Chargers,accepted,address_exact_unique,0.97,False,461.0,16.88767582297205,16.88767582297205,1332.4783695197764,Peclet local snapshot (experimental),DC199,Landcare & Sustainable Living Centre Booragul Dual Charger,"110 York St, Booragul NSW 2284, Australia",,Type 2,2.0,kW,8am - 2pm Monday to Friday,-32.96835717,151.6059489,
,Trading Post Laguna,"3718 Great N Rd, Laguna NSW 2325",Non-networked,1,AC,AC,-32.9904306,151.1307057,Cessnock City Council,2325,Existing Destination Chargers,review,coordinate_candidate,0.5,True,1693.0,14.761664261038632,14.761664261038632,6230.578635673651,Peclet local snapshot (experimental),DC278,Great Northern Trading Post charger,3718 Great North Road Laguna NSW,,Tesla,1.0,kW,Generally 07:00 till 17:00 7 days,-32.990301,151.13074,nearest=14.762m; gap=6230.579m; manual confirmation required
,Hunter Wetlands Centre Australia,"1 Wetlands Pl, Shortland NSW 2307",Non-networked,2,AC,AC,-32.8763468,151.6966329,Newcastle City Council,2307,Existing Destination Chargers,review,coordinate_candidate,0.5,True,1672.0,87.09632955123554,87.09632955123554,1707.451930296059,Peclet local snapshot (experimental),DC169,Hunter Wetlands Centre charger,"412 Sandgate Rd, Shortland NSW 2307, Australia",,Type 2; J-1772,2.0,kW,9amâ“4pm,-32.87626,151.695706,nearest=87.096m; gap=1707.452m; manual confirmation required
,Kinda Kapers,"200 Pacific Hwy, Belmont North NSW 2280",Non-networked,2,AC,AC,-33.0101433,151.6726865,Lake Macquarie City Council,2280,Existing Destination Chargers,review,coordinate_candidate,0.5,True,2009.0,2038.9002139165582,2038.9002139165582,1743.0275391924197,Peclet local snapshot (experimental),HC2143,Lake St Windale charger,"20 Lake St
Windale NSW 2306
Australia",Everty,,2.0,AC,,-32.9934,151.6816,nearest=2038.900m; gap=1743.028m; manual confirmation required
,Caves Coastal Bar and Bungalows,"27 Mawson Cl, Caves Beach NSW 2281",Non-networked,4,AC,AC,-33.1047207,151.6476497,Lake Macquarie City Council,2281,Existing Destination Chargers,review,coordinate_candidate,0.5,True,1289.0,24.58090886793873,24.58090886793873,1697.5079922792543,Peclet local snapshot (experimental),DC188,Caves Coastal Bar and Bungalows charger,"Unit 3/3 Mawson Cl, Caves Beach NSW 2281, Australia",,Type 2,4.0,kW,,-33.104745,151.647912,nearest=24.581m; gap=1697.508m; manual confirmation required
,Fenwick's Marina,"31-33 Brooklyn Rd, Brooklyn NSW 2083",Non-networked,1,AC,AC,-33.5493918,151.2016162,"Hornsby, The Council of the Shire of",2083,Existing Destination Chargers,accepted,address_exact_unique,0.97,False,905.0,24.367455895136164,24.367455895136164,9325.850250722973,Peclet local snapshot (experimental),DC327,Fenwick's Marina charger,"31-33 Brooklyn Rd, Brooklyn NSW 2083, Australia",,Type 2,1.0,kW,Open 24/7,-33.549179,151.201679,
,,"1190 Tunnel Rd
Talmalmo NSW 2640
Australia",Non-networked,1,AC,AC,-35.9151139,147.3226129,Greater Hume Shire Council,2640,Destination Charging R1,review,ambiguous_exact_address,0.5,True,1114.0,1.933516848947871,1.933516848947871,436.3263199660156,Peclet local snapshot (experimental),HC2719,Tunnel Rd Talmalmo charger,"1190 Tunnel Rd
Talmalmo NSW 2640
Australia",Non-networked,,1.0,AC,,-35.9151,147.3226,nearest=1.934m; gap=436.326m; manual confirmation required
,Mount Airlie,"34 Woodstock Rd, Woodstock NSW 2538",Non-networked,1,AC,AC,-35.3343561,150.416016,Shoalhaven City Council,2538,Existing Destination Chargers,review,coordinate_candidate,0.5,True,1813.0,36.02703648617789,36.02703648617789,4536.050075655952,Peclet local snapshot (experimental),DC880,"Airlie House, Milton NSW charger","34a Woodstock Road, Milton NSW",,Type 2,1.0,kW,,-35.33417305,150.4156883,nearest=36.027m; gap=4536.050m; manual confirmation required
,Queanbeyan Performing Arts Centre,"253 Crawford St, Queanbeyan NSW 2620",Non-networked,20,AC,AC,-35.3547552,149.2339358,Queanbeyan-Palerang Regional Council,2620,Existing Destination Chargers,review,coordinate_candidate,0.5,True,1919.0,97.79990890891837,97.79990890891837,756.8021897288785,Peclet local snapshot (experimental),HC2153,Council Car Park Lot 4 / DP251076 between 46 Lowe Street Queanbeyan charger,Council Car Park Lot 4 / DP251076 between 46 Lowe Street Queanbeyan NSW 2620,NRMA,,4.0,DC,,-35.355,149.2329,nearest=97.800m; gap=756.802m; manual confirmation required
,Broulee Brewhouse,"71 Coronation Dr
Broulee NSW 2537
Australia",Non-networked,2,AC,AC,-35.8483145,150.1758246,Eurobodalla Shire Council,2537,Destination Charging R1,accepted,coordinate_exact,1.0,False,612.0,0.0,0.0,177.43076951016306,Peclet local snapshot (experimental),DC911,Broulee Brewhouse charger,"71 Coronation Dr, Broulee NSW 2537, Australia",SolarHub Charge,Type 2,2.0,11 kW,Open 24/7,-35.8483145,150.1758246,
,Mollymook Caravan Park,"32 Ilett St, Mollymook NSW 2539",Non-networked,1,AC,AC,-35.3412985,150.4649884,Shoalhaven City Council,2539,Existing Destination Chargers,accepted,address_exact_unique,0.97,False,1016.0,64.23401005024049,64.23401005024049,658.6108394220784,Peclet local snapshot (experimental),DC886,Sea Dragon Accomodation Mollymook Airbnb charger,"32 Ilett St, Mollymook NSW 2539, Australia",,Tesla,1.0,kW,,-35.34149237,150.4656555,
,Next Tech Group Albury,"3/314 Kiewa St, South Albury NSW 2640",Non-networked,1,AC,AC,-36.090319,146.914596,Albury City Council,2640,Existing Destination Chargers,accepted,address_exact_unique,0.97,False,1036.0,4.80756969917764,4.80756969917764,556.0876469199738,Peclet local snapshot (experimental),DC976,Consoft Automation charger,"3/314 Kiewa St, South Albury NSW 2640, Australia",,Type 2,1.0,kW,Office Hours 9-5,-36.09033501,146.9145463,
,Talbingo Caravan Park,"24 Whitty St, Talbingo NSW 2720",Non-networked,1,AC,AC,-35.5834847,148.2966413,Snowy Valleys Council,2720,Existing Destination Chargers,review,coordinate_candidate,0.5,True,1494.0,157.94099354954312,157.94099354954312,59.095710145454575,Peclet local snapshot (experimental),HC2074,Lampe St Talbingo charger,"49 Lampe St
Talbingo NSW 2720
Australia",Chargefox,,4.0,AC,,-35.5825,148.2979,nearest=157.941m; gap=59.096m; manual confirmation required
,Rainer Kwast Building & Design,"1211 Oallen Rd
Oallen NSW 2622
Australia",Non-networked,1,AC,AC,-35.163405,149.9581796,Queanbeyan-Palerang Regional Council,2622,Destination Charging R2,accepted,address_exact_unique,0.97,False,286.0,1.9359771981328986,1.9359771981328986,19432.404083946512,Peclet local snapshot (experimental),HC2555,Oallen Rd Oallen charger,"1211 Oallen Rd
Oallen NSW 2622
Australia",Non-networked,,1.0,AC,,-35.1634,149.9582,
,Penrose Village General Store,"901 Penrose Rd, Penrose NSW 2579",Non-networked,1,AC,AC,-34.6727199,150.2123981,Wingecarribee Shire Council,2579,Existing Destination Chargers,accepted,address_exact_unique,0.97,False,1802.0,10.55178919917977,10.55178919917977,804.0521702992174,Peclet local snapshot (experimental),DC852,Penrose Village Cafe / AusPost Outlet charger,"901 Penrose Rd, Penrose NSW 2579, Australia",,Type 2,1.0,kW,,-34.672814,150.212413,
,Kiama Community Charger,"19 Farmer St, Kiama NSW 2533",Non-networked,2,AC,AC,-34.6773742,150.849718,"Kiama, The Council of the Municipality of",2533,Existing Destination Chargers,accepted,address_exact_unique,0.97,False,1806.0,19.216246986216092,19.216246986216092,372.18587178948417,Peclet local snapshot (experimental),DC864,Kiama Community Charger,"19 Farmer St, Kiama NSW 2533, Australia",,Type 2; J-1772,2.0,7 kW,8:00am - 10:00pm,-34.677508,150.849585,
,Top Shops Kiama,"162 Manning St, Kiama NSW 2533",Non-networked,1,AC,AC,-34.6808237,150.8494085,"Kiama, The Council of the Municipality of",2533,Existing Destination Chargers,accepted,address_exact_unique,0.97,False,1810.0,21.790138789568097,21.790138789568097,100.81873965734673,Peclet local snapshot (experimental),DC871,Top Shops Kiama charger,"162 Manning St, Kiama NSW 2533, Australia",,Type 2,1.0,kW,Open 24/7,-34.68089344,150.8496312,
,Southern Highlands Visitor Information Centre,"62-70 Main St, Mittagong NSW 2575",Non-networked,1,AC,AC,-34.4499592,150.451961,Wingecarribee Shire Council,2575,Existing Destination Chargers,review,coordinate_candidate,0.5,True,188.0,22.039210703345226,22.039210703345226,438.65283019067914,Peclet local snapshot (experimental),DC850,Mittagong Visitor Information Centre charger,"70 Main St, Mittagong NSW 2575, Australia",,J-1772,1.0,6.6 kW,Open 24/7,-34.44997,150.451721,nearest=22.039m; gap=438.653m; manual confirmation required
,The Argyle Inn,"80 Orchard St
Taralga NSW 2580
Australia",Non-networked,2,AC,AC,-34.3987498,149.8194565,Upper Lachlan Shire Council,2580,Destination Charging R2,accepted,address_exact_unique,0.97,False,1992.0,6.8259071474158945,6.8259071474158945,36993.03401491983,Peclet local snapshot (experimental),HC2566,Orchard St Taralga charger,"80 Orchard St
Taralga NSW 2580
Australia",Non-networked,,2.0,AC,,-34.3987,149.8195,
,Figtree Grove Shopping Centre,"19 Princes Hwy, Figtree NSW 2525",Non-networked,2,AC,AC,-34.4366153,150.8632982,Wollongong City Council,2525,Existing Destination Chargers,review,ambiguous_exact_address,0.5,True,780.0,1.7092721994927398,1.7092721994927398,88.57348020949193,Peclet local snapshot (experimental),HC2659,Princes Hwy Figtree charger,"19 Princes Hwy, Figtree NSW 2525, Australia",Tesla,,6.0,DC,,-34.4366,150.8633,nearest=1.709m; gap=88.573m; manual confirmation required
,Woolworths Tahmoor,"117 Remembrance Driveway, Tahmoor NSW 2573",Non-networked,3,AC,AC,-34.2232308,150.5930417,Wollondilly Shire Council,2573,Existing Destination Chargers,review,coordinate_candidate,0.5,True,245.0,6327.337882311821,6327.337882311821,1444.1989794590718,Peclet local snapshot (experimental),FC158,Walton Lane Car Park charger,"5 Walton Lane, Picton NSW 2571, Australia",NRMA,Tesla; Type 2,2.0,50 kW,Open 24/7,-34.168301,150.611002,nearest=6327.338m; gap=1444.199m; manual confirmation required
,Bay Central,"453A Captain Cook Dr, Woolooware NSW 2230",Non-networked,4,AC,AC,-34.0384451,151.1429673,Sutherland Shire Council,2230,Existing Destination Chargers,review,coordinate_candidate,0.5,True,1601.0,1754.2017594465924,1754.2017594465924,24.479007246639185,Peclet local snapshot (experimental),HC2725,Captain Cook Dr Caringbah charger,"54-76 Captain Cook Dr, Caringbah NSW 2229",Evie,,4.0,75 kW,,-34.033,151.1251,nearest=1754.202m; gap=24.479m; manual confirmation required
,Royal Motor Yacht Club Port Hacking,"228-232 Woolooware Rd, Burraneer NSW 2230",Non-networked,2,AC,AC,-34.0624042,151.1405166,Sutherland Shire Council,2230,Existing Destination Chargers,accepted,address_exact_unique,0.97,False,955.0,20.113405978859785,20.113405978859785,1156.0781827651656,Peclet local snapshot (experimental),DC567,Royal Motor Yacht Club Port Hacking charger,"228-232 Woolooware Rd, Burraneer NSW 2230, Australia",,Type 2,2.0,11 kW,,-34.06223748,151.1404319,
,Emerald Hills Shopping Village,"5 Emerald Hills Blvd, Leppington NSW 2179",Non-networked,2,AC,AC,-33.9964797,150.7924412,Camden Council,2179,Existing Destination Chargers,review,coordinate_candidate,0.5,True,516.0,46.33068934285751,46.33068934285751,2844.49652869487,Peclet local snapshot (experimental),DC500,Emerald Hills Shopping Village charger,"5 Emerald Hills Blvd, Leppington NSW 2179, Australia",,Type 2,2.0,kW,Open 24/7,-33.996404,150.791947,nearest=46.331m; gap=2844.497m; manual confirmation required
,,"25A Rowley St, Brighton-Le-Sands NSW 2216",Non-networked,1,AC,AC,-33.953397,151.157943,Bayside Council,2216,Existing Destination Chargers,accepted,coordinate_exact,1.0,False,957.0,0.0,0.046117658281777094,915.5953573878379,Peclet local snapshot (experimental),DC581,Bow Charging - Brighton-Le-Sands charger,"25A Rowley St, Brighton-Le-Sands NSW 2216, Australia",,Type 2,1.0,kW,,-33.953397,151.1579435,
,Bombay Bloomers,"49 St Pauls St, Randwick NSW 2031",Non-networked,2,AC,AC,-33.9201206,151.2437903,Randwick City Council,2031,Existing Destination Chargers,accepted,coordinate_exact,1.0,False,541.0,0.0,0.05238845762605911,210.46460905789897,Peclet local snapshot (experimental),DC594,Brigidine College Wilson Car Park charger,"49 St Pauls St, Randwick NSW 2031, Australia",,Type 2,2.0,kW,Open 24/7,-33.920121,151.24379,
,St Kilda Street ,"1A St Kilda St, Bexley North NSW 2207",Non-networked,1,AC,AC,-33.9412753,151.1096638,Canterbury Bankstown Council,2207,Existing Destination Chargers,review,coordinate_candidate,0.5,True,956.0,615.4106292045767,615.4106292045767,1130.1692770001214,Peclet local snapshot (experimental),DC576,Bexley North Hotel charger,"187 Slade Rd, Bexley North NSW 2207, Australia",,Type 2,1.0,3 kW,Open 24/7,-33.938147,151.115167,nearest=615.411m; gap=1130.169m; manual confirmation required
,Dutton Plaza,"8 Dutton Ln, Cabramatta NSW 2166",Non-networked,4,AC,AC,-33.8940119,150.9348248,Fairfield City Council,2166,Existing Destination Chargers,review,coordinate_candidate,0.5,True,120.0,47.420473524150886,47.420473524150886,309.56221950063895,Peclet local snapshot (experimental),DC525,Dutton Lane Car Park charger,"36 Hughes St, Cabramatta NSW 2166, Australia",,Type 2,4.0,kW,Open 24/7,-33.893611,150.935,nearest=47.420m; gap=309.562m; manual confirmation required
,Beauty by Jackie,"118 Mountview Ave, Narwee NSW 2209",Non-networked,1,AC,AC,-33.9494015,151.0682085,Georges River Council,2209,Existing Destination Chargers,accepted,address_exact_unique,0.97,False,139.0,3.4067764530967093,3.4067764530967093,281.82956222634,Peclet local snapshot (experimental),DC641,Beauty by Jackie charger,"118 Mountview Ave, Narwee NSW 2209, Australia",Saascharge International GmbH,Type 2,1.0,22 kW,,-33.949432,151.068212,
,InterPark Thomas Street,"25 Thomas St, Ultimo NSW 2007",Non-networked,2,AC,AC,-33.8832473,151.1986734,"Sydney, Council of the City of",2007,Existing Destination Chargers,accepted,address_exact_unique,0.97,False,1389.0,5.163038808576918,5.163038808576918,193.6244995552675,Peclet local snapshot (experimental),DC694,UTS Building 10 - InterPark Thomas Street charger,"25 Thomas St, Ultimo NSW 2007, Australia",,Type 2,2.0,kW,"Monday to Friday 6:30am-10pm, Saturday 8am-5:30pm, Sunday Closed",-33.883289,151.198698,
,Strathfield Square,"5 Churchill Ave, Strathfield NSW 2135",Non-networked,1,AC,AC,-33.8721979,151.0934226,Strathfield Municipal Council,2135,Existing Destination Chargers,accepted,address_exact_unique,0.97,False,1770.0,23.05101591077905,23.05101591077905,196.76834266978418,Peclet local snapshot (experimental),DC659,Strathfield Square Parking charger,"5 Churchill Ave, Strathfield NSW 2135, Australia",,Type 2,1.0,7 kW,Open 24/7,-33.872045,151.093254,
,Bressington Park Dog Park,"Bressington Park, Underwood Rd, Homebush NSW 2140",Non-networked,1,AC,AC,-33.8528942,151.0801923,Strathfield Municipal Council,2140,Existing Destination Chargers,review,coordinate_candidate,0.5,True,564.0,268.633159852694,268.633159852694,107.89313118433563,Peclet local snapshot (experimental),DC704,Bressington Park Carpark charger,"Underwood Road opp Dfo Homebush, Homebush NSW 2140, Australia",,Type 2,1.0,22 kW,Paid parking is 3P 8:30 to 5pm every day via meter.,-33.855031,151.078835,nearest=268.633m; gap=107.893m; manual confirmation required
,CIRCA 1928 Art Hotel,"588 Dean St
Albury NSW 2640
Australia",Non-networked,1,AC,AC,-36.0802119,146.914813,Albury City Council,2640,Destination Charging R2,review,coordinate_candidate,0.5,True,631.0,24.931905455042347,24.931905455042347,74.92787424082033,Peclet local snapshot (experimental),DC992,CIRCA 1928 Hotel & Spa charger,"588 - 590 Dean Street, Albury, NSW 2640",,Type 2,1.0,kW,Open 24/7,-36.080436,146.914804,nearest=24.932m; gap=74.928m; manual confirmation required
,Lake Albert Picnic Area,"29 Lake St, Lake Albert NSW 2650",Non-networked,2,AC,AC,-35.1711683,147.3792851,Wagga Wagga City Council,2650,Existing Destination Chargers,review,coordinate_candidate,0.5,True,343.0,27.004015761336316,27.004015761336316,2245.9425648131228,Peclet local snapshot (experimental),HC2666,Eastlake Dr Lake Albert charger,"43 Eastlake Dr
Lake Albert NSW 2650
Australia",Smart Charge,,2.0,AC,,-35.1711,147.379,nearest=27.004m; gap=2245.943m; manual confirmation required
,Bridges on Meninya,"38 Meninya St
Moama NSW 2731
Australia",Non-networked,2,AC,AC,-36.1127529,144.7549308,Murray River Council,2731,Destination Charging R2,accepted,address_exact_unique,0.97,False,290.0,5.923179518277073,5.923179518277073,193.87578413529647,Peclet local snapshot (experimental),HC2607,Meninya St Moama charger,"38 Meninya St
Moama NSW 2731
Australia",Non-networked,,2.0,AC,,-36.1128,144.7549,
,Eddy’s of Canowindra,"13 Tilga St, Canowindra NSW 2804",Non-networked,1,AC,AC,-33.5655268,148.6639309,Cabonne Council,2804,Existing Destination Chargers,accepted,address_exact_unique,0.97,False,1823.0,50.0498352750874,50.0498352750874,29948.014242688,Peclet local snapshot (experimental),DC956,Eddyâ€™s of Canowindra charger,"13 Tilga St, Canowindra NSW 2804, Australia",,Type 2,1.0,7 kW,09:00 - 16:00,-33.56543856,148.6634012,
,Transgrid Discovery Hub,"27 Kincaid St, Wagga Wagga NSW 2650",Non-networked,2,AC,AC,-35.1036746,147.3675741,Wagga Wagga City Council,2650,Existing Destination Chargers,review,coordinate_candidate,0.5,True,1466.0,752.8052328748894,752.8052328748894,0.6405863067263908,Peclet local snapshot (experimental),FC147,Wagga Wagga Cross St Car Park charger,"8/24 Cross St, Wagga Wagga, NSW 2650",NRMA,Tesla; Type 2,2.0,50 kW,,-35.108358,147.37355,nearest=752.805m; gap=0.641m; manual confirmation required
,Royal Hotel,"14 Olive St, Mandurama NSW 2792",Non-networked,1,AC,AC,-33.6483157,149.0750884,Blayney Shire Council,2792,Existing Destination Chargers,review,coordinate_candidate,0.5,True,206.0,19299.357760143666,19299.357760143666,14655.202666207104,Peclet local snapshot (experimental),DC960,ORANGEWOOD Holiday House charger,"555 Tallwood Rd, Forest Reefs NSW 2798, Australia",,Type 2,1.0,kW,Open 24/7,-33.47502,149.08665,nearest=19299.358m; gap=14655.203m; manual confirmation required
,GT Tooling,"34 Railway Rd S, Mulgrave NSW 2756",Non-networked,4,AC,AC,-33.6281673,150.8326267,Hawkesbury City Council,2756,Existing Destination Chargers,accepted,address_exact_unique,0.97,False,86.0,38.496645209227424,38.496645209227424,1059.24130065722,Peclet local snapshot (experimental),DC326,GT Tooling charger,"34 Railway Rd S, Mulgrave NSW 2756, Australia",,J-1772,1.0,kW,Generally 9-5 but please call first,-33.628138,150.833041,
,Blacktown Animal Rehoming Centre,"20 Owen St, Glendenning NSW 2761",Non-networked,2,AC,AC,-33.7519596,150.8578778,Penrith City Council,2761,Existing Destination Chargers,review,coordinate_candidate,0.5,True,1315.0,130.67811556158162,130.67811556158162,1796.0795297351528,Peclet local snapshot (experimental),DC343,Blacktown Animal Relocation Centre (BARC) charger,"4 Rayben St, Glendenning NSW 2761, Australia",,Type 2,2.0,kW,Open 24/7,-33.75079421,150.8580602,nearest=130.678m; gap=1796.080m; manual confirmation required
,Granville Place,"38 Cowper St, Granville NSW 2142",Non-networked,3,AC,AC,-33.8321169,151.0129863,Cumberland Council,2142,Existing Destination Chargers,review,coordinate_candidate,0.5,True,515.0,55.417985129449576,55.417985129449576,962.1514922784849,Peclet local snapshot (experimental),DC497,Granville Place charger,"31 East Street, Granville NSW 2142, Australia",,Type 2,3.0,22 kW,Open 24/7,-33.832578,151.013214,nearest=55.418m; gap=962.151m; manual confirmation required
,Tallawong Village Retail,2 Conferta Ave Tallawong NSW 2762,Non-networked,35,AC,AC,-33.6923531,150.9070683,Penrith City Council,2762,Existing Destination Chargers,review,coordinate_candidate,0.5,True,919.0,948.3296406710338,948.3296406710338,234.946058167199,Peclet local snapshot (experimental),DC403,Energy Trade charger,"9 Terry Rd, Rouse Hill NSW 2155, Australia, Rouse Hill 2155",Exploren,Type 2,3.0,22 kW,Open 24/7,-33.685786,150.913608,nearest=948.330m; gap=234.946m; manual confirmation required
,Wenty Leagues,"50 Smith St, Wentworthville NSW 2145",Non-networked,3,AC,AC,-33.8123942,150.9629175,Cumberland Council,2145,Existing Destination Chargers,accepted,address_exact_unique,0.97,False,517.0,64.13749851581613,64.13749851581613,3212.363494003755,Peclet local snapshot (experimental),DC503,Wenty Leagues charger,"50 Smith St, Wentworthville NSW 2145, Australia",,Type 2,3.0,kW,,-33.81295172,150.9627395,
,Hartley Green Power,"22 Coxs River Rd, Little Hartley NSW 2790",Non-networked,3,AC,AC,-33.5671094,150.203535,"Lithgow Council, City of",2790,Existing Destination Chargers,accepted,address_exact_unique,0.97,False,946.0,225.2837160423849,225.2837160423849,4350.648714998823,Peclet local snapshot (experimental),DC529,Hartley Green Power charger,"22 Coxs River Rd, Little Hartley NSW 2790, Australia",,J-1772,2.0,kW,0800-2000,-33.569099,150.203994,
,Eastern Creek Quarter XL,"181 Rooty Hill Rd S, Eastern Creek NSW 2766",Non-networked,3,AC,AC,-33.7861419,150.8540986,Penrith City Council,2766,Existing Destination Chargers,accepted,address_exact_unique,0.97,False,497.0,162.68031934805464,162.68031934805464,12.076036635277006,Peclet local snapshot (experimental),DC415,Eastern Creek Quarter XL charger,"181 Rooty Hill Rd S, Eastern
 Creek NSW 2766, Australia",,Type 2,4.0,11 kW,6:30am to 10pm,-33.787547,150.854589,
,Parramatta Station Car Park,"17 Wentworth St, Parramatta NSW 2150",Non-networked,3,AC,AC,-33.8191009,151.0045604,"Parramatta, Council of the City of",2150,Existing Destination Chargers,accepted,address_exact_unique,0.97,False,948.0,26.348896684289368,26.348896684289368,189.53451941019188,Peclet local snapshot (experimental),DC534,Parramatta Station Car Park charger,"17 Wentworth St, Parramatta NSW 2150, Australia",,Type 2,3.0,22 kW,Open 24/7,-33.818911,151.004731,
,The Quays Marina,"1856 Pittwater Rd, Church Point NSW 2105",Non-networked,2,AC,AC,-33.6510249,151.2891304,Northern Beaches Council,2105,Existing Destination Chargers,accepted,address_exact_unique,0.97,False,907.0,35.47269084648894,35.47269084648894,2012.5295377709197,Peclet local snapshot (experimental),DC334,The Quays Marina charger,"1856 Pittwater Rd, Church Point NSW 2105, Australia",,Type 2,2.0,kW,,-33.65125662,151.2893938,
,Collaroy Park and Ride,"1068 Pittwater Rd, Collaroy NSW 2097",Non-networked,2,AC,AC,-33.7307257,151.3010644,Northern Beaches Council,2097,Existing Destination Chargers,review,coordinate_candidate,0.5,True,1323.0,917.2285086864475,917.2285086864475,360.36305085757215,Peclet local snapshot (experimental),DC372,9 Anzac Ave Parking charger,"9 Anzac Ave, Collaroy NSW 2097, Australia",Exploren,Type 2,1.0,22 kW,Open 24/7,-33.73861146,151.3039748,nearest=917.229m; gap=360.363m; manual confirmation required
,Alchemy Charge,"230 Harbord Rd, Brookvale NSW 2100",Non-networked,1,AC,AC,-33.7605156,151.2798579,Northern Beaches Council,2100,Existing Destination Chargers,accepted,address_exact_unique,0.97,False,918.0,109.59214443887019,109.59214443887019,417.7038993872472,Peclet local snapshot (experimental),DC400,Alchemy Charge charger,"230 Harbord Rd, Brookvale NSW 2100, Australia",,Type 2,1.0,kW,Open 24/7,-33.76090913,151.278771,
,Blackmores Campus,"20 Jubilee Ave, Warriewood NSW 2102",Non-networked,2,AC,AC,-33.6774528,151.2909109,Northern Beaches Council,2102,Existing Destination Chargers,review,coordinate_candidate,0.5,True,1337.0,62.540406872306356,62.540406872306356,132.7660694454911,Peclet local snapshot (experimental),DC420,Blackmore charger,20 jubilee ave warriewood,,Type 2,2.0,kW,Monday to Friday Just you can use with you own cable type 2,-33.67702846,151.2904673,nearest=62.540m; gap=132.766m; manual confirmation required
,KFC Frenchs Forest,"20 Frenchs Forest Rd E, Frenchs Forest NSW 2086",Non-networked,1,AC,AC,-33.7515351,151.2441705,Northern Beaches Council,2086,Existing Destination Chargers,accepted,address_exact_unique,0.97,False,1724.0,25.23623875173865,25.23623875173865,43.252253433095646,Peclet local snapshot (experimental),DC442,KFC Frenchs Forest charger,"20 Frenchs Forest Rd E, Frenchs Forest NSW 2086, Australia",,Type 2,1.0,22 kW,Open 24/7,-33.75169,151.24437,
,Col Crawford BMW,"485 Pittwater Rd, Brookvale NSW 2100",Non-networked,2,AC,AC,-33.7645609,151.2705731,Northern Beaches Council,2100,Existing Destination Chargers,accepted,address_exact_unique,0.97,False,932.0,3.601851631072156,3.601851631072156,37.589282834061954,Peclet local snapshot (experimental),DC462,Col Crawford BMW charger,"485 Pittwater Rd, Brookvale NSW 2100, Australia",,Type 2,2.0,kW,8:30am - 5:00pm Sunday closed Gate/access closes at 5:30pm sharp,-33.764551,151.270536,
,Pullman Sydney Airport,"191 O'Riordan St, Mascot NSW 2020",Non-networked,2,AC,AC,-33.9274779,151.1869668,Bayside Council,2020,Existing Destination Chargers,review,coordinate_candidate,0.5,True,1788.0,46.56020063859731,46.56020063859731,10.457038391654109,Peclet local snapshot (experimental),DC763,AMP Connect Corporate Centre charger,"Building 3, 185 O'Riordan St, Mascot NSW 2020, Australia",Chargefox,Type 2,2.0,kW,Open 24/7,-33.927083,151.186799,nearest=46.560m; gap=10.457m; manual confirmation required
,TLE Electrical - Artarmon,"C/65 Reserve Rd, St Leonards NSW 2065",Non-networked,2,AC,AC,-33.8185641,151.1894192,North Sydney Council,2065,Existing Destination Chargers,review,coordinate_candidate,0.5,True,165.0,24.63825137616107,24.63825137616107,49.07851490910359,Peclet local snapshot (experimental),DC765,TLE Electrical Artarmon charger,"65 Reserve Rd, St Leonards NSW 2065, Australia",Chargefox,Type 2,1.0,22 kW,,-33.81845321,151.1891883,nearest=24.638m; gap=49.079m; manual confirmation required
,,"19 Nicholson St, Wollstonecraft, NSW 2065",Non-networked,2,AC,AC,-33.8269304,151.1991019,North Sydney Council,2065,Existing Destination Chargers,accepted,address_exact_unique,0.97,False,1403.0,2.2050702597751326,2.2050702597751326,41.39904566896325,Peclet local snapshot (experimental),DC767,Nicholson St Carpark charger,"19 Nicholson St, Wollstonecraft NSW 2065, Ãšc",,Type 2,2.0,kW,,-33.826936,151.199079,
,Top Ryde City Shopping Centre,"129 Blaxland Rd, Ryde NSW 2112",Non-networked,2,AC,AC,-33.8123057,151.1059282,"Ryde, Council of the City of",2112,Existing Destination Chargers,review,coordinate_candidate,0.5,True,1409.0,62.66167840438017,62.66167840438017,148.63292305266424,Peclet local snapshot (experimental),DC790,Top Ryde City Shopping Centre charger,"Devlin St & Blaxland Rd, Ryde NSW 2112, Australia",,Type 2,2.0,22 kW,Top Ryde Shopping Centre,-33.812788,151.106279,nearest=62.662m; gap=148.633m; manual confirmation required
,Hume Street Park,"44 Hume St, Crows Nest NSW 2065",Non-networked,2,AC,AC,-33.8244404,151.1998787,North Sydney Council,2065,Existing Destination Chargers,accepted,address_exact_unique,0.97,False,994.0,5.9400783221496205,5.9400783221496205,27.595480556176295,Peclet local snapshot (experimental),DC773,Hume St Carpark charger,"44 Hume St, Crows Nest NSW 2065, Ãšc",,Type 2,2.0,kW,,-33.824441,151.199943,
,Chatswood Place,"260 Victoria Ave, Chatswood NSW 2067",Non-networked,2,AC,AC,-33.7949453,151.188291,North Sydney Council,2067,Existing Destination Chargers,accepted,address_exact_unique,0.97,False,1937.0,5.105324656967624,5.105324656967624,80.51232063955884,Peclet local snapshot (experimental),HC2586,Victoria Avenue Chatswood charger,"260 Victoria Avenue, Chatswood, NSW 2067",Tesla,,8.0,DC,,-33.7949,151.1883,
,Sub Base Platypus,"120 High St, North Sydney NSW 2060",Non-networked,4,AC,AC,-33.8432089,151.2170592,North Sydney Council,2060,Existing Destination Chargers,accepted,address_exact_unique,0.97,False,542.0,96.13739305082112,96.13739305082112,215.78363507408335,Peclet local snapshot (experimental),DC595,Sub Base Platypus charger,"120 High St, North Sydney NSW 2060, Australia",,Type 2,4.0,kW,7am - 9pm daily,-33.84407342,151.2170719,
,Sydney Opera House,"2A Macquarie St, Sydney NSW 2000",Non-networked,2,AC,AC,-33.8593398,151.2135232,"Sydney, Council of the City of",2000,Existing Destination Chargers,accepted,address_exact_unique,0.97,False,551.0,2.556653470758065,2.556653470758065,397.43729295204395,Peclet local snapshot (experimental),DC627,Wilson Parking Opera House charger,"2A Macquarie St, Sydney NSW 2000, Australia",,Type 2,2.0,11 kW,Open 24/7,-33.859319,151.213535,
,Darling Square Car Park ,"35 Tumbalong Bvd, Haymarket NSW 2000",Non-networked,2,AC,AC,-33.8782742,151.2025947,"Sydney, Council of the City of",2000,Existing Destination Chargers,review,coordinate_candidate,0.5,True,558.0,154.69919695067279,154.69919695067279,137.19497679768955,Peclet local snapshot (experimental),DC675,Wilson Parking Market City charger,"9-13 Hay St, Haymarket NSW 2000, Australia",Tesla Destination,Tesla,6.0,22 kW,,-33.879665,151.202637,nearest=154.699m; gap=137.195m; manual confirmation required
,Four Points by Sheraton Sydney,"4 Central Park Ave, Chippendale NSW 2008",Non-networked,3,AC,AC,-33.8847132,151.1990103,"Sydney, Council of the City of",2008,Existing Destination Chargers,review,coordinate_candidate,0.5,True,981.0,53.24070555527142,53.24070555527142,107.72569962257926,Peclet local snapshot (experimental),DC693,"Four Points by Sheraton Sydney, Central Park charger","88 Broadway Hotel, Chippendale NSW 2008, Australia",,Type 2,3.0,kW,Open 24/7,-33.88487985,151.199551,nearest=53.241m; gap=107.726m; manual confirmation required
,Willows Motel Goulburn and Cultural Holiday Park,"1 Day St
Goulburn NSW 2580
Australia",Non-networked,2,AC,AC,-34.747564,149.7437857,Goulburn Mulwaree Council,2580,Destination Charging R1,accepted,address_exact_unique,0.97,False,289.0,4.210839027095733,4.210839027095733,532.9255570208501,Peclet local snapshot (experimental),HC2568,Day St Goulburn charger,"1 Day St
Goulburn NSW 2580
Australia",Non-networked,,2.0,AC,,-34.7476,149.7438,
,Zane Gray Caravan Park,"1 Lamont St
Bermagui NSW 2546
Australia",Non-networked,2,AC,AC,-36.4263368,150.0812421,Bega Valley Shire Council,2546,Destination Charging R2,accepted,address_exact_unique,0.97,False,2006.0,5.561664234626605,5.561664234626605,708.6433789207742,Peclet local snapshot (experimental),HC2107,Lamont St Bermagui charger,"1 Lamont St
Bermagui NSW 2546
Australia",Non-networked,,2.0,AC,,-36.4263,150.0812,
,Gundagai Tourist Park,"1 Nangus Rd
Gundagai NSW 2722
Australia",Non-networked,2,AC,AC,-35.06431,148.097832,Cootamundra-gundagai Regional Council,2722,Destination Charging R2,accepted,address_exact_unique,0.97,False,1562.0,3.117493915405621,3.117493915405621,495.9897097479711,Peclet local snapshot (experimental),HC2619,Nangus Rd Gundagai charger,"1 Nangus Rd
Gundagai NSW 2722
Australia",Non-networked,,2.0,AC,,-35.0643,148.0978,
,Stone & Wood Brewery Byron Bay,"100 Centennial Cirt
Byron Bay NSW 2481
Australia",Non-networked,4,AC,AC,-28.6373442,153.5806246,Byron Shire Council,2481,Destination Charging R1,accepted,coordinate_near_clear,0.9,False,856.0,3.4367268646310656,3.4367268646310656,60.13189759602365,Peclet local snapshot (experimental),DC45,Stone & Wood Brewery Byron Bay charger,"100 Centennial Cct, Byron Bay NSW 2481, Australia",Chargefox,Type 2,4.0,22 kW,,-28.63731376,153.5806307,
,Garden Motor Inn,"101 West St
Gundagai NSW 2722
Australia",Non-networked,4,AC,AC,-35.0542257,148.1044927,Cootamundra-gundagai Regional Council,2722,Destination Charging R2,accepted,address_exact_unique,0.97,False,1108.0,2.9339466292783456,2.9339466292783456,818.3287945111198,Peclet local snapshot (experimental),HC2524,West St Gundagai charger,"101 West St
Gundagai NSW 2722
Australia",Non-networked,,4.0,AC,,-35.0542,148.1045,
,Valley House,"10A Whiffens Ln
Central Tilba NSW 2546
Australia",Non-networked,1,AC,AC,-36.3120498,150.0765107,Eurobodalla Shire Council,2546,Destination Charging R2,accepted,address_exact_unique,0.97,False,404.0,5.619889563303553,5.619889563303553,10918.855275293967,Peclet local snapshot (experimental),HC2640,Whiffens Ln Central Tilba charger,"10A Whiffens Ln
Central Tilba NSW 2546
Australia",Non-networked,,1.0,AC,,-36.312,150.0765,
,Sandbar Restaurant & Bar,"11 Hawke St
Huskisson NSW 2540
Australia",Non-networked,1,AC,AC,-35.0399182,150.6720389,Shoalhaven City Council,2540,Destination Charging R2,accepted,address_exact_unique,0.97,False,275.0,4.078942209204092,4.078942209204092,310.84636477756465,Peclet local snapshot (experimental),HC2321,Hawke St Huskisson charger,"11 Hawke St
Huskisson NSW 2540
Australia",Non-networked,,1.0,AC,,-35.0399,150.672,
,Waterview Motel,"121 River St
Maclean NSW 2463
Australia",Non-networked,4,AC,AC,-29.4501292,153.2005031,Clarence Valley Council,2463,Destination Charging R2,accepted,address_exact_unique,0.97,False,749.0,3.2607368130243928,3.2607368130243928,767.4650646895954,Peclet local snapshot (experimental),HC2529,River St Maclean charger,"121 River St
Maclean NSW 2463
Australia",Non-networked,,4.0,AC,,-29.4501,153.2005,
,"Rosby Wines, Gallery & Sculpture Garden","122 Strikes Ln
Eurunderee NSW 2850
Australia",Non-networked,1,AC,AC,-32.5271932,149.6240234,Mid-Western Regional Council,2850,Destination Charging R2,accepted,address_exact_unique,0.97,False,1241.0,2.3204567392793303,2.3204567392793303,1132.787722469858,Peclet local snapshot (experimental),HC2641,Strikes Ln Eurunderee charger,"122 Strikes Ln
Eurunderee NSW 2850
Australia",Non-networked,,1.0,AC,,-32.5272,149.624,
,Reflections Coffs Harbour - Holiday Park,"123 Pacific Hwy
Coffs Harbour NSW 2450
Australia",Non-networked,4,AC,AC,-30.2926107,153.1183866,Coffs Harbour City Council,2450,Destination Charging R2,accepted,address_exact_unique,0.97,False,1575.0,164.1830989849294,125.20359459198232,38.979504392947064,Peclet local snapshot (experimental),HC2117,Pacific Hwy Coffs Harbour charger,"123 Pacific Hwy
Coffs Harbour NSW 2450
Australia",Non-networked,,4.0,AC,,-30.2931,153.12,
,,"13 Glasford Cres
Kioloa NSW 2539
Australia",Non-networked,1,AC,AC,-35.5640227,150.368081,Shoalhaven City Council,2539,Destination Charging R2,accepted,address_exact_unique,0.97,False,768.0,3.053659617664241,3.053659617664241,383.0979573484141,Peclet local snapshot (experimental),HC2325,Glasford Cres Kioloa charger,"13 Glasford Cres
Kioloa NSW 2539
Australia",Non-networked,,1.0,AC,,-35.564,150.3681,
,Kyah Hotel,"13-17 Brightlands Ave
Blackheath NSW 2785
Australia",Non-networked,4,AC,AC,-33.6494257,150.287268,Blue Mountains City Council,2785,Destination Charging R1,accepted,address_exact_unique,0.97,False,933.0,39.95039447935358,39.95039447935358,974.1032769916087,Peclet local snapshot (experimental),DC470,Kyah Hotel charger,"13-17 Brightlands Ave, Blackheath NSW 2785",CasaCharge,Type 2,4.0,22 kW,Open 24/7,-33.64930661,150.2876752,
,Pet Medical,"14 Aberdeen St
Muswellbrook NSW 2333
Australia",Non-networked,4,AC,AC,-32.2517419,150.8910133,Muswellbrook Shire Council,2333,Destination Charging R2,accepted,address_exact_unique,0.97,False,1590.0,4.824023416362781,4.824023416362781,868.5941310312384,Peclet local snapshot (experimental),HC2457,Aberdeen St Muswellbrook charger,"14 Aberdeen St
Muswellbrook NSW 2333
Australia",Non-networked,,4.0,AC,,-32.2517,150.891,
,Nimmitavel Motel,"15 Stanton St
Nimmitabel NSW 2631
Australia",Non-networked,2,AC,AC,-36.505705,149.2846518,Snowy Monaro Regional Council,2631,Destination Charging R2,accepted,address_exact_unique,0.97,False,814.0,4.343757885968921,4.343757885968921,657.4160209298789,Peclet local snapshot (experimental),HC2564,Stanton St Nimmitabel charger,"15 Stanton St
Nimmitabel NSW 2631
Australia",Non-networked,,2.0,AC,,-36.5057,149.2847,
,Nicholas Royal Motel,"152 Lachlan St
Hay NSW 2711
Australia",Non-networked,2,AC,AC,-34.5078372,144.84319,Hay Shire Council,2711,Destination Charging R2,accepted,address_exact_unique,0.97,False,713.0,4.23672465778619,4.23672465778619,119.94916356625495,Peclet local snapshot (experimental),HC2577,Lachlan St Hay charger,"152 Lachlan St
Hay NSW 2711
Australia",Non-networked,,2.0,AC,,-34.5078,144.8432,
,Newell Motor Inn,"16294 Newell Hwy
Gillenbah NSW 2700
Australia",Non-networked,2,AC,AC,-34.763256,146.537421,Narrandera Shire Council,2700,Destination Charging R2,accepted,address_exact_unique,0.97,False,1583.0,5.255210333597178,5.255210333597178,2187.762782758663,Peclet local snapshot (experimental),HC2354,Newell Hwy Gillenbah charger,"16294 Newell Hwy
Gillenbah NSW 2700
Australia",Non-networked,,2.0,AC,,-34.7633,146.5374,
,Palm View,"17 Babs Rd
Killcare Heights NSW 2257
Australia",Non-networked,1,AC,AC,-33.5242952,151.3751624,Central Coast Council,2257,Destination Charging R2,accepted,address_exact_unique,0.97,False,815.0,3.526068170905561,3.526068170905561,346.48294707233464,Peclet local snapshot (experimental),HC2594,Babs Rd Killcare Heights charger,"17 Babs Rd
Killcare Heights NSW 2257
Australia",Non-networked,,1.0,AC,,-33.5243,151.3752,
,Hobby Sheep Farm,"170 Fernleigh Clos
Windellama NSW 2580
Australia",Non-networked,1,AC,AC,-35.02389,149.8294783,Goulburn Mulwaree Council,2580,Destination Charging R2,accepted,coordinate_near_clear,0.9,False,2036.0,2.2673607084732468,2.2673607084732468,19434.82472406778,Peclet local snapshot (experimental),HC2637,Fernleigh Clos Windellama charger,"170 Fernleigh Clos
Windellama NSW 2580
Australia",Non-networked,,1.0,AC,,-35.0239,149.8295,
,Heritage House Motel,"178 Imlay St
Eden NSW 2551
Australia",Non-networked,2,AC,AC,-37.0677683,149.9080465,Bega Valley Shire Council,2551,Destination Charging R1,review,ambiguous_exact_address,0.5,True,622.0,1.240615764530018,1.240615764530018,0.0,Peclet local snapshot (experimental),DC966,Heritage House Motel & Apartments charger,"178 Imlay St, Eden NSW 2551, Australia",,Type 2,1.0,kW,Open 24/7,-37.0677733,149.908034,nearest=1.241m; gap=0.000m; manual confirmation required
,Reflections Evans Head - Holiday Park,"18 Park St
Evans Head NSW 2473
Australia",Non-networked,4,AC,AC,-29.1153168,153.4332473,Richmond Valley Council,2473,Destination Charging R2,accepted,address_exact_unique,0.97,False,701.0,4.96015796564506,4.96015796564506,626.461800933463,Peclet local snapshot (experimental),HC2137,Park St Evans Head charger,"18 Park St
Evans Head NSW 2473
Australia",Non-networked,,4.0,AC,,-29.1153,153.4332,
,Sapphire Palms,"180 The Entrance Rd
The Entrance NSW 2261
Australia",Non-networked,2,AC,AC,-33.3502847,151.4927751,Central Coast Council,2261,Destination Charging R1,accepted,coordinate_exact,1.0,False,1299.0,0.0,0.0,432.45514709425225,Peclet local snapshot (experimental),DC241,Sapphire Palms Motel charger,180 the entrance road the entrance NSW 2261,,Type 2,2.0,kW,,-33.3502847,151.4927751,
,Acacia Rose Motor Inn,"18-20 Thule St
Barham NSW 2732
Australia",Non-networked,2,AC,AC,-35.6274657,144.1251391,Murray River Council,2732,Destination Charging R2,accepted,address_exact_unique,0.97,False,1907.0,5.199527799189996,5.199527799189996,191.71609675893473,Peclet local snapshot (experimental),HC2563,Thule St Barham charger,"18-20 Thule St
Barham NSW 2732
Australia",Non-networked,,2.0,AC,,-35.6275,144.1251,
,Hunter Valley Lodge,"188 Lomas Ln
Nulkaba NSW 2325
Australia",Non-networked,1,AC,AC,-32.7972575,151.3682454,Cessnock City Council,2325,Destination Charging R2,accepted,address_exact_unique,0.97,False,1142.0,6.351417137429874,6.351417137429874,1980.5322425536376,Peclet local snapshot (experimental),HC2572,Lomas Ln Nulkaba charger,"188 Lomas Ln
Nulkaba NSW 2325
Australia",Non-networked,,1.0,AC,,-32.7973,151.3682,
,Twin Swans Motel,"189 Glen Innes Rd
Inverell NSW 2360
Australia",Non-networked,2,AC,AC,-29.7816016,151.1323681,Inverell Shire Council,2360,Destination Charging R2,accepted,address_exact_unique,0.97,False,1141.0,3.0837689407405984,3.0837689407405984,1169.1979690059006,Peclet local snapshot (experimental),HC2535,Glen Innes Rd Inverell charger,"189 Glen Innes Rd
Inverell NSW 2360
Australia",Non-networked,,2.0,AC,,-29.7816,151.1324,
,Bega Motel,"191 Newtown Rd
Bega NSW 2550
Australia",Non-networked,3,AC,AC,-36.6823645,149.839409,Bega Valley Shire Council,2550,Destination Charging R2,accepted,address_exact_unique,0.97,False,1209.0,4.028179901528039,4.028179901528039,985.4465142623665,Peclet local snapshot (experimental),HC2612,Newtown Rd Bega charger,"191 Newtown Rd
Bega NSW 2550
Australia",Non-networked,,3.0,AC,,-36.6824,149.8394,
,,"193 Great Western Hwy
Blackheath NSW 2785
Australia",Non-networked,4,AC,AC,-33.6404429,150.2856976,Blue Mountains City Council,2785,Destination Charging R2,accepted,address_exact_unique,0.97,False,1585.0,4.775433480497738,4.775433480497738,433.29312553047504,Peclet local snapshot (experimental),HC2384,Great Western Hwy Blackheath charger,"193 Great Western Hwy
Blackheath NSW 2785
Australia",Non-networked,,4.0,AC,,-33.6404,150.2857,
,Club McLean,"1A McLachlan St
Maclean NSW 2463
Australia",Non-networked,2,AC,AC,-29.4568701,153.1988112,Clarence Valley Council,2463,Destination Charging R2,review,ambiguous_exact_address,0.5,True,1962.0,3.49710088263004,3.49710088263004,54.75519005759175,Peclet local snapshot (experimental),HC2526,McLachlan St Maclean charger,"1A McLachlan St
Maclean NSW 2463
Australia",Non-networked,,2.0,AC,,-29.4569,153.1988,nearest=3.497m; gap=54.755m; manual confirmation required
,Jervis Bay Mariners,"21 Beach St
Huskisson NSW 2540
Australia",Non-networked,1,AC,AC,-35.0484614,150.6747375,Shoalhaven City Council,2540,Destination Charging R2,accepted,address_exact_unique,0.97,False,276.0,5.484119164391146,5.484119164391146,47.91120822987493,Peclet local snapshot (experimental),HC2326,Beach St Huskisson charger,"21 Beach St
Huskisson NSW 2540
Australia",Non-networked,,1.0,AC,,-35.0485,150.6747,
,Palmers Lane Estate Hunter Valley,"212 Palmers Ln
Pokolbin NSW 2320
Australia",Non-networked,4,AC,AC,-32.7531513,151.3190671,Cessnock City Council,2320,Destination Charging R2,accepted,address_exact_unique,0.97,False,1597.0,6.228181065196466,6.228181065196466,1040.5932710859358,Peclet local snapshot (experimental),HC2616,Palmers Ln Pokolbin charger,"212 Palmers Ln
Pokolbin NSW 2320
Australia",Non-networked,,4.0,AC,,-32.7532,151.3191,
,Quest Dubbo,"22 Bultje St
Dubbo NSW 2830
Australia",Non-networked,2,AC,AC,-32.2509092,148.6014178,Dubbo Regional Council,2830,Destination Charging R2,accepted,address_exact_unique,0.97,False,1202.0,1.9617541188308685,1.9617541188308685,327.0721761243899,Peclet local snapshot (experimental),HC2490,Bultje St Dubbo charger,"22 Bultje St
Dubbo NSW 2830
Australia",Non-networked,,2.0,AC,,-32.2509,148.6014,
,Griffith Golf Club,"22 Lloyd Prest Dr
Griffith NSW 2680
Australia",Non-networked,2,AC,AC,-34.266839,146.0620464,Griffith City Council,2680,Destination Charging R2,accepted,address_exact_unique,0.97,False,334.0,6.081684644147084,6.081684644147084,2719.2605572897323,Peclet local snapshot (experimental),HC2263,Lloyd Prest Dr Griffith charger,"22 Lloyd Prest Dr
Griffith NSW 2680
Australia",Non-networked,,2.0,AC,,-34.2668,146.062,
,Blackheath BnB,"22 Murri St
Blackheath NSW 2785
Australia",Non-networked,1,AC,AC,-33.6325307,150.2816709,Blue Mountains City Council,2785,Destination Charging R2,accepted,address_exact_unique,0.97,False,1238.0,4.348742339028755,4.348742339028755,650.2455764714217,Peclet local snapshot (experimental),HC2590,Murri St Blackheath charger,"22 Murri St
Blackheath NSW 2785
Australia",Non-networked,,1.0,AC,,-33.6325,150.2817,
,Bay Escapes | Echoes @ Fingal Bay,"23 Bent St
Fingal Bay NSW 2315
Australia",Non-networked,1,AC,AC,-32.7507927,152.1687614,Port Stephens Council,2315,Destination Charging R2,accepted,address_exact_unique,0.97,False,1982.0,3.6999505370366905,3.6999505370366905,930.4267551318255,Peclet local snapshot (experimental),HC2242,Bent St Fingal Bay charger,"23 Bent St
Fingal Bay NSW 2315
Australia",Non-networked,,1.0,AC,,-32.7508,152.1688,
,Darlington Point Motel,"23 Demamiel St
Darlington Point NSW 2706
Australia",Non-networked,2,AC,AC,-34.5735734,145.9926239,Murrumbidgee Council,2706,Destination Charging R2,accepted,address_exact_unique,0.97,False,280.0,3.6792441165182725,3.6792441165182725,26582.557768823874,Peclet local snapshot (experimental),HC2405,Demamiel St Darlington Point charger,"23 Demamiel St
Darlington Point NSW 2706
Australia",Non-networked,,2.0,AC,,-34.5736,145.9926,
,Endeavour Restaurant,"233 Newcastle Rd
East Maitland NSW 2323
Australia",Non-networked,4,AC,AC,-32.7534644,151.5867019,Maitland City Council,2323,Destination Charging R2,accepted,address_exact_unique,0.97,False,1985.0,3.9625249726581466,3.9625249726581466,718.7634438571461,Peclet local snapshot (experimental),HC2327,Newcastle Rd East Maitland charger,"233 Newcastle Rd
East Maitland NSW 2323
Australia",Non-networked,,4.0,AC,,-32.7535,151.5867,
,Elbourne Wines,"236 Marrowbone Rd
Pokolbin NSW 2320
Australia",Non-networked,4,AC,AC,-32.8207908,151.297099,Cessnock City Council,2320,Destination Charging R2,review,ambiguous_exact_address,0.5,True,1230.0,1.0272522999696472,1.0272522999696472,0.0,Peclet local snapshot (experimental),HC2412,Marrowbone Rd Pokolbin charger,"236 Marrowbone Rd
Pokolbin NSW 2320
Australia",Non-networked,,4.0,AC,,-32.8208,151.2971,nearest=1.027m; gap=0.000m; manual confirmation required
,"Holiday Rental, Hyams Beach","24 Hyam Rd
Hyams Beach NSW 2540
Australia",Non-networked,1,AC,AC,-35.1003849,150.6898881,Shoalhaven City Council,2540,Destination Charging R2,accepted,address_exact_unique,0.97,False,772.0,1.997793872545462,1.997793872545462,2439.9011746065958,Peclet local snapshot (experimental),HC2375,Hyam Rd Hyams Beach charger,"24 Hyam Rd
Hyams Beach NSW 2540
Australia",Non-networked,,1.0,AC,,-35.1004,150.6899,
,Summerhill Motor Inn,"24-26 Merimbula Dr
Merimbula NSW 2548
Australia",Non-networked,2,AC,AC,-36.8882532,149.9077513,Bega Valley Shire Council,2548,Destination Charging R1,accepted,address_exact_unique,0.97,False,627.0,26.263074333169815,26.263074333169815,30.201735992410395,Peclet local snapshot (experimental),DC979,Summer Hill Motor Inn charger,"24-26 Merimbula Drive Merimbula NSW 2548, Australia",,Type 2,2.0,kW,9PM to 5PM,-36.888038,149.907873,
,Brewarrina RSL,"25 Bourke St
Brewarrina NSW 2839
Australia",Non-networked,1,AC,AC,-29.9624024,146.8568241,Brewarrina Shire Council,2839,Destination Charging R2,accepted,address_exact_unique,0.97,False,342.0,2.3369392359989285,2.3369392359989285,204.97264645566932,Peclet local snapshot (experimental),HC2588,Bourke St Brewarrina charger,"25 Bourke St
Brewarrina NSW 2839
Australia",Non-networked,,1.0,AC,,-29.9624,146.8568,
,Pacific Palms,"26 Windsor St
Tarbuck Bay NSW 2428
Australia",Non-networked,1,AC,AC,-32.3688356,152.4814771,Mid-Coast Council,2428,Destination Charging R2,accepted,address_exact_unique,0.97,False,1533.0,4.505061638138654,4.505061638138654,20593.83552994719,Peclet local snapshot (experimental),HC2584,Windsor St Tarbuck Bay charger,"26 Windsor St
Tarbuck Bay NSW 2428
Australia",Non-networked,,1.0,AC,,-32.3688,152.4815,
,Golf Links Motel,"260 Bridge St
West Tamworth NSW 2340
Australia",Non-networked,2,AC,AC,-31.0957897,150.9110546,Tamworth Regional Council,2340,Destination Charging R2,accepted,address_exact_unique,0.97,False,1589.0,4.471989218249796,4.471989218249796,866.54011314888,Peclet local snapshot (experimental),HC2448,Bridge St West Tamworth charger,"260 Bridge St
West Tamworth NSW 2340
Australia",Non-networked,,2.0,AC,,-31.0958,150.9111,
,Moby Dick Motel,"27-29 Yamba Rd
Yamba NSW 2464
Australia",Non-networked,2,AC,AC,-29.4341329,153.3426206,Clarence Valley Council,2464,Destination Charging R2,accepted,address_exact_unique,0.97,False,843.0,4.16690099792836,4.16690099792836,2027.7035058255076,Peclet local snapshot (experimental),HC2569,Yamba Rd Yamba charger,"27-29 Yamba Rd
Yamba NSW 2464
Australia",Non-networked,,2.0,AC,,-29.4341,153.3426,
,Harrington Hotel,"28 Beach St
Harrington NSW 2427
Australia",Non-networked,2,AC,AC,-31.8713968,152.6864326,Mid-Coast Council,2427,Destination Charging R1,accepted,coordinate_exact,1.0,False,1636.0,0.0,0.0,16.720400506896052,Peclet local snapshot (experimental),AK780,Beach St Harrington charger,"28 Beach St
Harrington NSW 2427
Australia",Non-networked,,2.0,AC,,-31.8713968,152.6864326,
,Huskisson Beach Escape,"28 Jervis St
Huskisson NSW 2540
Australia",Non-networked,1,AC,AC,-35.0480392,150.6748735,Shoalhaven City Council,2540,Destination Charging R2,accepted,address_exact_unique,0.97,False,1953.0,4.981859825974845,4.981859825974845,48.63574288636797,Peclet local snapshot (experimental),HC2322,Jervis St Huskisson charger,"28 Jervis St
Huskisson NSW 2540
Australia",Non-networked,,1.0,AC,,-35.048,150.6749,
,El Motor Inn,"29 Clarence St
Port Macquarie NSW 2444
Australia",Non-networked,2,AC,AC,-31.4287429,152.9101337,Port Macquarie-Hastings Council,2444,Destination Charging R2,accepted,address_exact_unique,0.97,False,1990.0,5.742773157839829,5.742773157839829,87.95657481383645,Peclet local snapshot (experimental),HC2539,Clarence St Port Macquarie charger,"29 Clarence St
Port Macquarie NSW 2444
Australia",Non-networked,,2.0,AC,,-31.4287,152.9101,
,THYNK Cafe + Bar,"3 Bowden Way
Beresfield NSW 2322
Australia",Non-networked,3,AC,AC,-32.8032274,151.6327583,Newcastle City Council,2322,Destination Charging R2,accepted,address_exact_unique,0.97,False,329.0,4.946971880303175,4.946971880303175,934.8044385971162,Peclet local snapshot (experimental),HC2085,Bowden Way Beresfield charger,"3 Bowden Way
Beresfield NSW 2322
Australia",Non-networked,,3.0,AC,,-32.8032,151.6328,
,Sapphire City Motor Inn,"30/34 Glen Innes Rd
Inverell NSW 2360
Australia",Non-networked,2,AC,AC,-29.7797733,151.1203632,Inverell Shire Council,2360,Destination Charging R2,accepted,address_exact_unique,0.97,False,812.0,4.62905904852139,4.62905904852139,389.479747336925,Peclet local snapshot (experimental),HC2536,Glen Innes Rd Inverell charger,"30/34 Glen Innes Rd
Inverell NSW 2360
Australia",Non-networked,,2.0,AC,,-29.7798,151.1204,
,,"312 Tomakin Rd
Mogo (South) NSW 2536
Australia",Non-networked,2,AC,AC,-35.8010375,150.1562312,Eurobodalla Shire Council,2536,Destination Charging R2,review,ambiguous_exact_address,0.5,True,801.0,5.030370826603089,5.030370826603089,0.0,Peclet local snapshot (experimental),HC2264,Tomakin Rd Mogo (South) charger,"312 Tomakin Rd
Mogo (South) NSW 2536
Australia",Everty,,1.0,AC,,-35.801,150.1562,nearest=5.030m; gap=0.000m; manual confirmation required
,Walcha Motel,"31w
Fitzroy Street
Walcha NSW 2354
Australia",Non-networked,1,AC,AC,-30.985481,151.592206,Walcha Council,2354,Destination Charging R2,accepted,address_exact_unique,0.97,False,402.0,2.1887572093219956,2.1887572093219956,314.04215159521834,Peclet local snapshot (experimental),HC2602,Fitzroy Street Walcha charger,"31w
Fitzroy Street
Walcha NSW 2354
Australia",Non-networked,,1.0,AC,,-30.9855,151.5922,
,Reflections Tuncurry - Holiday Park,"32 Beach St
Tuncurry NSW 2428
Australia",Non-networked,4,AC,AC,-32.1723603,152.5043552,Mid-Coast Council,2428,Destination Charging R2,accepted,address_exact_unique,0.97,False,725.0,6.104681496547534,6.104681496547534,1532.0769159541187,Peclet local snapshot (experimental),HC2108,Beach St Tuncurry charger,"32 Beach St
Tuncurry NSW 2428
Australia",Non-networked,,4.0,AC,,-32.1724,152.5044,
,Port Macquarie Library,"32 Grant St
Port Macquarie NSW 2444
Australia",Non-networked,4,AC,AC,-31.4337922,152.9153328,Port Macquarie-Hastings Council,2444,Destination Charging R1,accepted,address_exact_unique,0.97,False,1999.0,3.2305475885565147,3.2305475885565147,186.05889999835983,Peclet local snapshot (experimental),HC2678,Grant St Port Macquarie charger,"32 Grant St
Port Macquarie NSW 2444
Australia",Non-networked,,4.0,AC,,-31.4338,152.9153,
,Fairway Views Motor Inn,"32/34 Barooga Rd
Tocumwal NSW 2714
Australia",Non-networked,2,AC,AC,-35.8200381,145.579125,Berrigan Shire Council,2714,Destination Charging R2,accepted,address_exact_unique,0.97,False,1131.0,4.798860629158827,4.798860629158827,13747.248250461176,Peclet local snapshot (experimental),HC2305,Barooga Rd Tocumwal charger,"32/34 Barooga Rd
Tocumwal NSW 2714
Australia",Non-networked,,2.0,AC,,-35.82,145.5791,
,,"33 High View Rd
Pretty Beach NSW 2257
Australia",Non-networked,2,AC,AC,-33.5287205,151.3436003,Central Coast Council,2257,Destination Charging R2,accepted,address_exact_unique,0.97,False,1587.0,2.279665606343021,2.279665606343021,1765.2509126128305,Peclet local snapshot (experimental),HC2443,High View Rd Pretty Beach charger,"33 High View Rd
Pretty Beach NSW 2257
Australia",Non-networked,,2.0,AC,,-33.5287,151.3436,
,Federation Motel,"330 Honour Ave
Corowa NSW 2646
Australia",Non-networked,2,AC,AC,-35.98758,146.3983364,Federation Council,2646,Destination Charging R2,accepted,address_exact_unique,0.97,False,1935.0,3.9587119454425856,3.9587119454425856,1392.3843026091718,Peclet local snapshot (experimental),HC2571,Honour Ave Corowa charger,"330 Honour Ave
Corowa NSW 2646
Australia",Non-networked,,2.0,AC,,-35.9876,146.3983,
,Cotswold Gardens,"34 Marsh St
Armidale NSW 2350
Australia",Non-networked,2,AC,AC,-30.506123,151.6716565,Armidale Regional Council,2350,Destination Charging R2,accepted,coordinate_exact,1.0,False,1254.0,0.0,0.0,40.03704159463654,Peclet local snapshot (experimental),AK258,Marsh St Armidale charger,"34 Marsh St
Armidale NSW 2350
Australia",Non-networked,,2.0,AC,,-30.506123,151.6716565,
,Allegiance Wines,"3446 Jingellic Rd
Mannus NSW 2653
Australia",Non-networked,2,AC,AC,-35.8039174,147.9341871,Snowy Valleys Council,2653,Destination Charging R2,accepted,address_exact_unique,0.97,False,1596.0,2.2576070177028726,2.2576070177028726,7581.506153789204,Peclet local snapshot (experimental),HC2549,Jingellic Rd Mannus charger,"3446 Jingellic Rd
Mannus NSW 2653
Australia",Non-networked,,2.0,AC,,-35.8039,147.9342,
,Adelaide Hotel,"36-38 Vulcan St
Moruya NSW 2537
Australia",Non-networked,2,AC,AC,-35.9086099,150.0815862,Eurobodalla Shire Council,2537,Destination Charging R1,accepted,address_exact_unique,0.97,False,198.0,2.2273580223718623,2.2273580223718623,762.5678313270341,Peclet local snapshot (experimental),DC909,Adelaide Hotel Moruya charger,"36-38 Vulcan St, Moruya NSW 2537, Australia",,Type 2,2.0,22 kW,Open 24/7,-35.90861766,150.081609,
,,"37 West St
Gundagai NSW 2722
Australia",Non-networked,4,AC,AC,-35.0613136,148.1019369,Cootamundra-gundagai Regional Council,2722,Destination Charging R2,accepted,address_exact_unique,0.97,False,1582.0,3.683296362119415,3.683296362119415,498.353811074694,Peclet local snapshot (experimental),HC2328,West St Gundagai charger,"37 West St
Gundagai NSW 2722
Australia",Non-networked,,4.0,AC,,-35.0613,148.1019,
,,"38 Long Brush Rd
Jerrara NSW 2533
Australia",Non-networked,3,AC,AC,-34.6730792,150.8213478,The Council Of The Municipality Of Kiama,2533,Destination Charging R2,accepted,address_exact_unique,0.97,False,833.0,4.945381423713908,4.945381423713908,2623.761009455949,Peclet local snapshot (experimental),HC2239,Long Brush Rd Jerrara charger,"38 Long Brush Rd
Jerrara NSW 2533
Australia",Non-networked,,3.0,AC,,-34.6731,150.8213,
,Melaleuca Cottage and Retreat,"381 Pinnacle Rd
Orange NSW 2800
Australia",Non-networked,2,AC,AC,-33.2992857,149.0751795,Orange City Council,2800,Destination Charging R2,accepted,address_exact_unique,0.97,False,1212.0,2.4815919151109522,2.4815919151109522,1932.2556205495187,Peclet local snapshot (experimental),HC2643,Pinnacle Rd Orange charger,"381 Pinnacle Rd
Orange NSW 2800
Australia",Non-networked,,2.0,AC,,-33.2993,149.0752,
,Oyster Catcher Huskisson,"4 Jervis St
Huskisson NSW 2540
Australia",Non-networked,1,AC,AC,-35.0476474,150.6716324,Shoalhaven City Council,2540,Destination Charging R2,accepted,address_exact_unique,0.97,False,1908.0,6.039777764234253,6.039777764234253,288.86425730319064,Peclet local snapshot (experimental),HC2575,Jervis St Huskisson charger,"4 Jervis St
Huskisson NSW 2540
Australia",Non-networked,,1.0,AC,,-35.0476,150.6716,
,CRU Lake Mac Camp and Conference Centre,"40 Yarrawonga Park Rd
Balcolyn NSW 2264
Australia",Non-networked,4,AC,AC,-33.0961344,151.5456087,Lake Macquarie City Council,2264,Destination Charging R2,accepted,address_exact_unique,0.97,False,1204.0,3.910018823210607,3.910018823210607,2067.8689974612967,Peclet local snapshot (experimental),HC2573,Yarrawonga Park Rd Balcolyn charger,"40 Yarrawonga Park Rd
Balcolyn NSW 2264
Australia",Non-networked,,4.0,AC,,-33.0961,151.5456,
,Scone Equine Hospital,"406 Bunnan Rd
Scone NSW 2337
Australia",Non-networked,4,AC,AC,-32.0336355,150.8336413,Upper Hunter Shire Council,2337,Destination Charging R2,accepted,address_exact_unique,0.97,False,746.0,5.544221720880746,5.544221720880746,3624.851768296765,Peclet local snapshot (experimental),HC2458,Bunnan Rd Scone charger,"406 Bunnan Rd
Scone NSW 2337
Australia",Non-networked,,4.0,AC,,-32.0336,150.8336,
,Bellingen Farmstay,"417 Martells Rd
Brierfield NSW 2454
Australia",Non-networked,1,AC,AC,-30.5154968,152.9191183,Bellingen Shire Council,2454,Destination Charging R2,accepted,address_exact_unique,0.97,False,832.0,1.7887690669464034,1.7887690669464034,5046.0372378883685,Peclet local snapshot (experimental),HC2226,Martells Rd Brierfield charger,"417 Martells Rd
Brierfield NSW 2454
Australia",Non-networked,,1.0,AC,,-30.5155,152.9191,
,Cedar Lodge Cabins,"42 Great Western Hwy
Mount Victoria NSW 2786
Australia",Non-networked,2,AC,AC,-33.585202,150.2478544,Blue Mountains City Council,2786,Destination Charging R2,accepted,address_exact_unique,0.97,False,1177.0,4.2298925208237526,4.2298925208237526,686.7586336569703,Peclet local snapshot (experimental),HC2606,Great Western Hwy Mount Victoria charger,"42 Great Western Hwy
Mount Victoria NSW 2786
Australia",Non-networked,,2.0,AC,,-33.5852,150.2479,
,Clock Tower Motor Inn,"47 Dalgarno St
Coonabarabran NSW 2357
Australia",Non-networked,1,AC,AC,-31.2730884,149.2777807,Warrumbungle Shire Council,2357,Destination Charging R2,accepted,address_exact_unique,0.97,False,1203.0,2.2423640912983744,2.2423640912983744,127.76697144597462,Peclet local snapshot (experimental),HC2516,Dalgarno St Coonabarabran charger,"47 Dalgarno St
Coonabarabran NSW 2357
Australia",Non-networked,,1.0,AC,,-31.2731,149.2778,
,Golf View Motel,"49 Paradise Beach Rd
Sanctuary Point NSW 2540
Australia",Non-networked,1,AC,AC,-35.1033393,150.6279103,Shoalhaven City Council,2540,Destination Charging R2,accepted,address_exact_unique,0.97,False,1224.0,4.469285795357002,4.469285795357002,310.48852419244946,Peclet local snapshot (experimental),HC2329,Paradise Beach Rd Sanctuary Point charger,"49 Paradise Beach Rd
Sanctuary Point NSW 2540
Australia",Non-networked,,1.0,AC,,-35.1033,150.6279,
,Snowbound,"5 Crackenback Dr
Thredbo NSW 2625
Australia",Non-networked,2,AC,AC,-36.5063281,148.2986728,Snowy Monaro Regional Council,2625,Destination Charging R1,accepted,address_exact_unique,0.97,False,624.0,6.395327455201488,6.395327455201488,224.64894805165542,Peclet local snapshot (experimental),DC971,Snowbound Chalets charger,"5 Crackenback Dr, Kosciuszko National Park NSW 2625, Australia",,Type 2,2.0,kW,10pm - 7am,-36.50633696,148.2987435,
,Valley View,"5 Somerville St
Wentworth Falls NSW 2782
Australia",Non-networked,1,AC,AC,-33.7235158,150.3695563,Blue Mountains City Council,2782,Destination Charging R2,accepted,address_exact_unique,0.97,False,1508.0,4.406889339837206,4.406889339837206,261.42079218899283,Peclet local snapshot (experimental),HC2593,Somerville St Wentworth Falls charger,"5 Somerville St
Wentworth Falls NSW 2782
Australia",Non-networked,,1.0,AC,,-33.7235,150.3696,
,Wombat Crossing Vineyard,"530 Hermitage Rd
Pokolbin NSW 2320
Australia",Non-networked,1,AC,AC,-32.6963407,151.2560085,Singleton Council,2320,Destination Charging R2,accepted,address_exact_unique,0.97,False,1934.0,4.594998142065124,4.594998142065124,544.3731908620167,Peclet local snapshot (experimental),HC2544,Hermitage Rd Pokolbin charger,"530 Hermitage Rd
Pokolbin NSW 2320
Australia",Non-networked,,1.0,AC,,-32.6963,151.256,
,Glenella Heritage House,"56 Govetts Leap Rd
Blackheath NSW 2785
Australia",Non-networked,1,AC,AC,-33.6361604,150.2872142,Blue Mountains City Council,2785,Destination Charging R2,accepted,address_exact_unique,0.97,False,1534.0,4.595367507181047,4.595367507181047,157.23219146367322,Peclet local snapshot (experimental),HC2597,Govetts Leap Rd Blackheath charger,"56 Govetts Leap Rd
Blackheath NSW 2785
Australia",Non-networked,,1.0,AC,,-33.6362,150.2872,
,Rip Curl North Wollongong,"57-61 Flinders St, Wollongong NSW 2500",Non-networked,4,AC,AC,-34.4198217,150.8929,Wollongong City Council,2500,Existing Destination Chargers,review,coordinate_candidate,0.5,True,178.0,70.67951303371345,70.67951303371345,34.82210230672787,Peclet local snapshot (experimental),DC828,PARQ on Flinders charger,"67 Flinders St, Wollongong NSW 2500, Australia",,Type 2,4.0,kW,Open 24/7,-34.42018104,150.8935356,nearest=70.680m; gap=34.822m; manual confirmation required
,Cedars Mount View,"60 Mitchells Rd
Mount View NSW 2325
Australia",Non-networked,4,AC,AC,-32.8501413,151.2561489,Cessnock City Council,2325,Destination Charging R2,accepted,address_exact_unique,0.97,False,1176.0,6.47733023721168,6.47733023721168,4128.769066526019,Peclet local snapshot (experimental),HC2537,Mitchells Rd Mount View charger,"60 Mitchells Rd
Mount View NSW 2325
Australia",Non-networked,,4.0,AC,,-32.8501,151.2561,
,The Barn,"610 Waverley Rd
Gundy NSW 2337
Australia",Non-networked,1,AC,AC,-31.9453826,151.0492051,Upper Hunter Shire Council,2337,Destination Charging R2,accepted,address_exact_unique,0.97,False,2031.0,1.9937355388327722,1.9937355388327722,18355.843855007275,Peclet local snapshot (experimental),HC2545,Waverley Rd Gundy charger,"610 Waverley Rd
Gundy NSW 2337
Australia",Non-networked,,1.0,AC,,-31.9454,151.0492,
,The Albury Regent Motel,"666 Dean St
Albury NSW 2640
Australia",Non-networked,2,AC,AC,-36.0798354,146.9113978,Albury City Council,2640,Destination Charging R2,accepted,address_exact_unique,0.97,False,319.0,3.9412624209638443,3.9412624209638443,80.83529271900817,Peclet local snapshot (experimental),HC2585,Dean St Albury charger,"666 Dean St
Albury NSW 2640
Australia",Non-networked,,2.0,AC,,-36.0798,146.9114,
,Tumut Farrington Motel,"71-73 Capper St
Tumut NSW 2720
Australia",Non-networked,2,AC,AC,-35.3017613,148.2194634,Snowy Valleys Council,2720,Destination Charging R2,accepted,address_exact_unique,0.97,False,1500.0,5.4359486745865615,5.4359486745865615,79.61060459716347,Peclet local snapshot (experimental),HC2228,Capper St Tumut charger,"71-73 Capper St
Tumut NSW 2720
Australia",Non-networked,,2.0,AC,,-35.3018,148.2195,
,de Russie Boutique Hotel Orange,"72 Hill St
Orange NSW 2800
Australia",Non-networked,4,AC,AC,-33.2818232,149.0944686,Orange City Council,2800,Destination Charging R2,accepted,address_exact_unique,0.97,False,274.0,3.895463438155087,3.895463438155087,160.34314269535045,Peclet local snapshot (experimental),HC2314,Hill St Orange charger,"72 Hill St
Orange NSW 2800
Australia",Non-networked,,4.0,AC,,-33.2818,149.0945,
,Serenity Diamond Beach,"75 Sundew Ave
Diamond Beach NSW 2430
Australia",Non-networked,4,AC,AC,-32.0313214,152.542672,Mid-Coast Council,2430,Destination Charging R2,accepted,address_exact_unique,0.97,False,389.0,3.5537458618563424,3.5537458618563424,1374.9287271305134,Peclet local snapshot (experimental),HC2245,Sundew Ave Diamond Beach charger,"75 Sundew Ave
Diamond Beach NSW 2430
Australia",Non-networked,,4.0,AC,,-32.0313,152.5427,
,Lake Macquarie Motor Inn,"798 Pacific Hwy
Marks Point NSW 2280
Australia",Non-networked,2,AC,AC,-33.0586722,151.6517336,Lake Macquarie City Council,2280,Destination Charging R1,review,ambiguous_exact_address,0.5,True,408.0,4.400085724865197,4.400085724865197,26.35472069107532,Peclet local snapshot (experimental),HC2743,Pacific Hwy Marks Point charger,"798 Pacific Hwy
Marks Point NSW 2280
Australia",Non-networked,,2.0,AC,,-33.0587,151.6517,nearest=4.400m; gap=26.355m; manual confirmation required
,Cobb Inlander Motel,"83 Lachlan St
Hay NSW 2711
Australia",Non-networked,4,AC,AC,-34.5108372,144.8442236,Hay Shire Council,2711,Destination Charging R2,accepted,address_exact_unique,0.97,False,1964.0,4.667565316866623,4.667565316866623,147.74457975504973,Peclet local snapshot (experimental),HC2580,Lachlan St Hay charger,"83 Lachlan St
Hay NSW 2711
Australia",Non-networked,,4.0,AC,,-34.5108,144.8442,
,Common People Brewing Co,"9 Dudgeons Ln
Bangalow NSW 2479
Australia",Non-networked,2,AC,AC,-28.6979431,153.5089376,Byron Shire Council,2479,Destination Charging R2,accepted,address_exact_unique,0.97,False,358.0,6.034698848862689,6.034698848862689,6257.921363916238,Peclet local snapshot (experimental),HC2243,Dudgeons Ln Bangalow charger,"9 Dudgeons Ln
Bangalow NSW 2479
Australia",Non-networked,,2.0,AC,,-28.6979,153.5089,
,The Old Convent Guesthouse,"9 John St
Largs NSW 2320
Australia",Non-networked,1,AC,AC,-32.7008228,151.604682,Maitland City Council,2320,Destination Charging R2,accepted,address_exact_unique,0.97,False,800.0,3.0437228590775196,3.0437228590775196,5468.166569996742,Peclet local snapshot (experimental),HC2249,John St Largs charger,"9 John St
Largs NSW 2320
Australia",Non-networked,,1.0,AC,,-32.7008,151.6047,
,The Midge Tallong,"90 Caoura Rd
Tallong NSW 2579
Australia",Non-networked,2,AC,AC,-34.7188347,150.0854365,Goulburn Mulwaree Council,2579,Destination Charging R2,accepted,address_exact_unique,0.97,False,399.0,5.100655519157495,5.100655519157495,7745.303981094899,Peclet local snapshot (experimental),HC2546,Caoura Rd Tallong charger,"90 Caoura Rd
Tallong NSW 2579
Australia",Non-networked,,2.0,AC,,-34.7188,150.0854,
,Greenacres Motel,"91 Federation Ave
Corowa NSW 2646
Australia",Non-networked,2,AC,AC,-36.0057314,146.3790351,Federation Council,2646,Destination Charging R2,accepted,address_exact_unique,0.97,False,1159.0,4.707374048880515,4.707374048880515,782.9568464058424,Peclet local snapshot (experimental),HC2078,Federation Ave Corowa charger,"91 Federation Ave
Corowa NSW 2646
Australia",Non-networked,,2.0,AC,,-36.0057,146.379,
,Lyrebird's Nest Campground,"91 Koolilabah Ln
Penrose NSW 2579
Australia",Non-networked,1,AC,AC,-34.6782742,150.2188143,Wingecarribee Shire Council,2579,Destination Charging R2,accepted,address_exact_unique,0.97,False,1007.0,37.897104055542336,37.897104055542336,805.4789856767541,Peclet local snapshot (experimental),DC853,Lyrebirds Nest Camping charger,"91 Koolilabah Ln, Penrose NSW 2579, Australia",,Type 2,1.0,kW,9am to 4pm campers only,-34.67798954,150.2185864,
,Hunter Moon Country House,"919 Milbrodale Rd
Broke NSW 2330
Australia",Non-networked,1,AC,AC,-32.7456553,151.0655131,Singleton Council,2330,Destination Charging R2,accepted,address_exact_unique,0.97,False,340.0,5.1191824801374635,5.1191824801374635,736.3560932576922,Peclet local snapshot (experimental),HC2512,Milbrodale Rd Broke charger,"919 Milbrodale Rd
Broke NSW 2330
Australia",Non-networked,,1.0,AC,,-32.7457,151.0655,
,Reflections Bonny Hills - Holiday Park,"920 Ocean Dr
Bonny Hills NSW 2445
Australia",Non-networked,4,AC,AC,-31.5918683,152.8406094,Port Macquarie-Hastings Council,2445,Destination Charging R2,accepted,address_exact_unique,0.97,False,1162.0,69.65654424071046,69.65654424071046,648.8529197500386,Peclet local snapshot (experimental),HC2149,Ocean Dr Bonny Hills charger,"920 Ocean Dr
Bonny Hills NSW 2445
Australia",Non-networked,,4.0,AC,,-31.5913,152.8403,
,Mercure Orange,"94 Byng St
Orange NSW 2800
Australia",Non-networked,2,AC,AC,-33.2815546,149.0974677,Orange City Council,2800,Destination Charging R2,accepted,address_exact_unique,0.97,False,1527.0,5.873664035094835,5.873664035094835,203.56731270131155,Peclet local snapshot (experimental),HC2356,Byng St Orange charger,"94 Byng St
Orange NSW 2800
Australia",Non-networked,,2.0,AC,,-33.2816,149.0975,
,Reflections Eden,"Aslings Beach Rd
Eden NSW 2551
Australia",Non-networked,4,AC,AC,-37.0563346,149.9121501,Bega Valley Shire Council,2551,Destination Charging R2,review,coordinate_candidate,0.5,True,1947.0,5.865974035417726,5.865974035417726,1089.6859469944768,Peclet local snapshot (experimental),HC2118,Aslings Beach Rd Eden charger,"Aslings Beach Rd
Eden NSW 2551
Australia",Non-networked,,4.0,AC,,-37.0563,149.9122,nearest=5.866m; gap=1089.686m; manual confirmation required
,Mollymook Motel,"Cnr Princes Hwy & Golf Ave
Mollymook NSW 2539
Australia",Non-networked,1,AC,AC,-35.3435245,150.4733591,Shoalhaven City Council,2539,Destination Charging R2,accepted,coordinate_near_clear,0.9,False,1581.0,4.6025535270556395,4.6025535270556395,265.80647402431833,Peclet local snapshot (experimental),HC2316,Princes Hwy & Golf Ave Mollymook charger,"Cnr Princes Hwy & Golf Ave
Mollymook NSW 2539
Australia",Non-networked,,1.0,AC,,-35.3435,150.4734,
,Reflections Lennox Head,"Cnr Ross Street & Pacific Parade
LENNOX HEAD NSW 2478
Australia",Non-networked,2,AC,AC,-28.7865684,153.5933939,Ballina Shire Council,2478,Destination Charging R2,accepted,coordinate_near_clear,0.9,False,330.0,3.56369142891856,3.56369142891856,2569.764114778765,Peclet local snapshot (experimental),HC2109,Ross Street & Pacific Parade LENNOX HEAD charger,"Cnr Ross Street & Pacific Parade
LENNOX HEAD NSW 2478
Australia",Non-networked,,2.0,AC,,-28.7866,153.5934,
,Oberon Military Museum,"Dudley St
Oberon NSW 2787
Australia",Non-networked,4,AC,AC,-33.7063026,149.8629355,Oberon Council,2787,Destination Charging R1,review,coordinate_candidate,0.5,True,950.0,178.01767652029935,178.01767652029935,368.113869567792,Peclet local snapshot (experimental),DC543,Oberon RSL charger,"Cnr Dudley &, Oberon St, Oberon NSW 2787",,Type 2,2.0,kW,10am to 9pm,-33.70472238,149.8632442,nearest=178.018m; gap=368.114m; manual confirmation required
,,"Lockhart Rd
Tooleybuc NSW 2736
Australia",Non-networked,2,AC,AC,-34.9966694,143.3321113,Murray River Council,2736,Destination Charging R1,accepted,coordinate_near_clear,0.9,False,1147.0,3.554844969946867,3.554844969946867,2886.39471406744,Peclet local snapshot (experimental),HC2683,Lockhart Rd Tooleybuc charger,"Lockhart Rd
Tooleybuc NSW 2736
Australia",Non-networked,,2.0,AC,,-34.9967,143.3321,
,,"Opal Blvd
Korora NSW 2450
Australia",Non-networked,2,AC,AC,-30.2504419,153.1378036,Coffs Harbour City Council,2450,Destination Charging R2,accepted,coordinate_near_clear,0.9,False,735.0,4.6718820981768605,4.6718820981768605,1918.540573776551,Peclet local snapshot (experimental),HC2234,Opal Blvd Korora charger,"Opal Blvd
Korora NSW 2450
Australia",Non-networked,,2.0,AC,,-30.2504,153.1378,
,,"Riverside Cres
Brunswick Heads NSW 2483
Australia",Non-networked,4,AC,AC,-28.5341264,153.537687,Byron Shire Council,2483,Destination Charging R2,accepted,coordinate_near_clear,0.9,False,384.0,3.198468628790239,3.198468628790239,1551.6636563429336,Peclet local snapshot (experimental),HC2138,Riverside Cres Brunswick Heads charger,"Riverside Cres
Brunswick Heads NSW 2483
Australia",Non-networked,,4.0,AC,,-28.5341,153.5377,
,,"Robertson St
Mudgee NSW 2850
Australia",Non-networked,1,AC,AC,-32.6115731,149.5911061,Mid-Western Regional Council,2850,Destination Charging R2,accepted,coordinate_near_clear,0.9,False,1098.0,3.045222992863788,3.045222992863788,451.34938567514854,Peclet local snapshot (experimental),HC2217,Robertson St Mudgee charger,"Robertson St
Mudgee NSW 2850
Australia",Non-networked,,1.0,AC,,-32.6116,149.5911,
,,"Stockton St
Nelson Bay NSW 2315
Australia",Non-networked,2,AC,AC,-32.7259601,152.1387343,Port Stephens Council,2315,Destination Charging R1,review,coordinate_candidate,0.5,True,1510.0,5.475314232029116,5.475314232029116,310.806466505352,Peclet local snapshot (experimental),HC2699,Stockton St Nelson Bay charger,"Stockton St
Nelson Bay NSW 2315
Australia",Non-networked,,2.0,AC,,-32.726,152.1387,nearest=5.475m; gap=310.806m; manual confirmation required
,Kurrara Guest House,"17 Coomonderry St
Katoomba NSW 2780
Australia",Non-networked,2,AC,AC,-33.7214354,150.3137986,Blue Mountains City Council,2780,Destination Charging R2,accepted,address_exact_unique,0.97,False,1933.0,3.93842938695183,3.93842938695183,139.3246735331562,Peclet local snapshot (experimental),HC2525,Coomonderry St Katoomba charger,"17 Coomonderry St
Katoomba NSW 2780
Australia",Non-networked,,2.0,AC,,-33.7214,150.3138,
,,"17 Holmwood St
Newtown NSW 2042
Australia",PLUS ES,1,AC,7 kW,-33.9039672,151.1790426,Inner West Council,2042,Kerbside Charging R1,accepted,address_exact_unique,0.97,False,774.0,5.362718565243609,5.362718565243609,19.539951584201965,Peclet local snapshot (experimental),HC2410,Holmwood St Newtown charger,"17 Holmwood St
Newtown NSW 2042
Australia",PLUS ES,,1.0,7 kW,,-33.904,151.179,
,Tathra Beach House Apartments,"17 John Taylor Cres
Tathra NSW 2550
Australia",Exploren,2,AC,AC,-36.7261746,149.9783922,Bega Valley Shire Council,2550,Destination Charging R1,review,ambiguous_exact_address,0.5,True,1513.0,2.9086433186743332,2.9086433186743332,53.47931473099899,Peclet local snapshot (experimental),HC2747,John Taylor Cres Tathra charger,"17 John Taylor Cres
Tathra NSW 2550
Australia",Exploren,,2.0,AC,,-36.7262,149.9784,nearest=2.909m; gap=53.479m; manual confirmation required
,,"17 Joseph St, Lilyfield, NSW, 2040, Australia",PLUS ES,1,AC,22 kW,-33.8715493,151.1652084,Inner West Council,2040,Kerbside Charging R1,accepted,address_exact_unique,0.97,False,1981.0,5.536494313734174,5.536494313734174,452.0498745165071,Peclet local snapshot (experimental),HC2196,Joseph St Lilyfield charger,"17 Joseph St, Lilyfield, NSW, 2040, Australia",PLUS ES,,1.0,22 kW,,-33.8715,151.1652,
,,"17 Nicholson St
Wollstonecraft NSW 2065
Australia",ChargePost,4,AC,22 kW,-33.8272691,151.1993398,North Sydney Council,2065,Kerbside Charging R1,accepted,coordinate_exact,1.0,False,418.0,0.0,0.0,44.18424419310985,Peclet local snapshot (experimental),AK240,Nicholson St Wollstonecraft charger,"17 Nicholson St
Wollstonecraft NSW 2065
Australia",ChargePost,,4.0,22 kW,,-33.8272691,151.1993398,
,,"1-7 Waratah Ave
Randwick NSW 2031
Australia",PLUS ES,1,AC,7 kW,-33.9139926,151.2376253,Randwick City Council,2031,Kerbside Charging R1,accepted,address_exact_unique,0.97,False,1499.0,2.475395546735099,2.475395546735099,140.7551022338709,Peclet local snapshot (experimental),HC2204,Waratah Ave Randwick charger,"1-7 Waratah Ave
Randwick NSW 2031
Australia",PLUS ES,,1.0,7 kW,,-33.914,151.2376,
,Thrive Medical,"170 Crystal St
Broken Hill NSW 2880
Australia",Smart Charge,4,AC,AC,-31.9610108,141.4629768,Broken Hill City Council,2880,Destination Charging R1,accepted,address_exact_unique,0.97,False,1310.0,9.961559029224075,9.961559029224075,346.80244538420817,Peclet local snapshot (experimental),DC313,Thrive Medical charger,"170 Crystal St, Broken Hill NSW 2880, Australia",,Type 2,4.0,kW,Open 24/7,-31.9609754,141.4628798,
,,"170 Hawthorne Pde
Haberfield NSW 2045
Australia",EVX,2,AC,22 kW,-33.8797322,151.1448571,Inner West Council,2045,Kerbside Charging R1,accepted,address_exact_unique,0.97,False,1900.0,5.338907352912756,5.338907352912756,614.1221961927899,Peclet local snapshot (experimental),HC2395,Hawthorne Pde Haberfield charger,"170 Hawthorne Pde
Haberfield NSW 2045
Australia",EVX,,2.0,22 kW,,-33.8797,151.1449,
,,"173 Canterbury Road, Bankstown NSW 2200",Tesla,6,DC,175 kW,-33.9336017,151.0299345,Canterbury Bankstown Council,2200,Fast Charging R1,accepted,address_exact_unique,0.97,False,390.0,3.1884669128801817,3.1884669128801817,178.56208320903312,Peclet local snapshot (experimental),HC2250,Canterbury Road Bankstown charger,"173 Canterbury Road, Bankstown NSW 2200",Tesla,,6.0,DC,,-33.9336,151.0299,
,Adelong Motel,"174 Maitland St
Narrabri NSW 2390
Australia",Exploren,2,AC,AC,-30.3225261,149.7819955,Narrabri Shire Council,2390,Destination Charging R2,accepted,address_exact_unique,0.97,False,1920.0,2.934152567669546,2.934152567669546,169.59930756226476,Peclet local snapshot (experimental),HC2230,Maitland St Narrabri charger,"174 Maitland St
Narrabri NSW 2390
Australia",Exploren,,2.0,AC,,-30.3225,149.782,
,Hillston Township - Library Carpark,"175 High St
Hillston NSW 2675
Australia",Exploren,2,AC,AC,-33.4850755,145.5314465,Carrathool Shire Council,2675,Destination Charging R2,accepted,address_exact_unique,0.97,False,747.0,5.100832788939801,5.100832788939801,57412.33540825207,Peclet local snapshot (experimental),HC2467,High St Hillston charger,"175 High St
Hillston NSW 2675
Australia",Exploren,,2.0,AC,,-33.4851,145.5314,
,,"176 Beach St
Coogee NSW 2034
Australia",PLUS ES,1,AC,22 kW,-33.9248082,151.2569915,Randwick City Council,2034,Kerbside Charging R1,accepted,address_exact_unique,0.97,False,1553.0,1.202682671863183,1.202682671863183,33.07656637800737,Peclet local snapshot (experimental),HC2347,Beach St Coogee charger,"176 Beach St
Coogee NSW 2034
Australia",PLUS ES,,1.0,22 kW,,-33.9248,151.257,
,,"176 Darling St
Balmain NSW 2041
Australia",PLUS ES,1,AC,22 kW,-33.8583876,151.1870534,Inner West Council,2041,Kerbside Charging R1,accepted,address_exact_unique,0.97,False,737.0,4.518471964857211,4.518471964857211,9.713152917604178,Peclet local snapshot (experimental),HC2260,Darling St Balmain charger,"176 Darling St
Balmain NSW 2041
Australia",PLUS ES,,1.0,22 kW,,-33.8584,151.1871,
,,"176 Mons Ave
Maroubra NSW 2035
Australia",EVX,2,AC,22 kW,-33.9471114,151.2549725,Randwick City Council,2035,Kerbside Charging R1,accepted,address_exact_unique,0.97,False,1899.0,2.8357544752064032,2.8357544752064032,214.06694002399027,Peclet local snapshot (experimental),HC2358,Mons Ave Maroubra charger,"176 Mons Ave
Maroubra NSW 2035
Australia",EVX,,2.0,22 kW,,-33.9471,151.255,
,Albion Park Bowling CLub,"178 Tongarra Rd
Albion Park NSW 2527
Australia",Exploren,4,AC,AC,-34.5703804,150.7686991,Shellharbour City Council,2527,Destination Charging R2,accepted,address_exact_unique,0.97,False,1133.0,2.1809778967562203,2.1809778967562203,2825.4377686379657,Peclet local snapshot (experimental),HC2309,Tongarra Rd Albion Park charger,"178 Tongarra Rd
Albion Park NSW 2527
Australia",Exploren,,4.0,AC,,-34.5704,150.7687,
,,"178A Campbell Pde
Bondi Beach NSW 2026
Australia",Chargefox,4,AC,22 kW,-33.8897368,151.2748812,Waverley Council,2026,Kerbside Charging R1,accepted,coordinate_exact,1.0,False,417.0,0.0,0.0,43.94774747601373,Peclet local snapshot (experimental),AK43,Campbell Pde Bondi Beach charger,"178A Campbell Pde
Bondi Beach NSW 2026
Australia",Chargefox,,4.0,22 kW,,-33.8897368,151.2748812,
,Gillards Road,"179 Gillards Rd
Pokolbin NSW 2320
Australia",Exploren,1,AC,AC,-32.7640555,151.2915994,Cessnock City Council,2320,Destination Charging R2,accepted,address_exact_unique,0.97,False,1538.0,4.948492273435329,4.948492273435329,1148.7752980424511,Peclet local snapshot (experimental),HC2008,Gillards Rd Pokolbin charger,"179 Gillards Rd
Pokolbin NSW 2320
Australia",Exploren,,1.0,AC,,-32.7641,151.2916,
,,"179-183 Hume St, Goulburn NSW 2580",Tesla,20,DC,175 kW,-34.7720602,149.6923766,Goulburn Mulwaree Council,2580,Fast Charging R1,accepted,address_exact_unique,0.97,False,645.0,15.89533197991483,15.89533197991483,3108.6840582071795,Peclet local snapshot (experimental),FC26,KFC - Goulburn South charger,"179-183 Hume Street, Goulburn, 2580",Chargefox,Type 2,2.0,80kW,Open 24/7,-34.771921,149.6924162,
,,"18 Bishop St
Newport NSW 2106
Australia",EVX,2,AC,22 kW,-33.6571978,151.3152738,Northern Beaches Council,2106,Kerbside Charging R1,accepted,address_exact_unique,0.97,False,724.0,2.437252529816692,2.437252529816692,585.0629329815404,Peclet local snapshot (experimental),HC2096,Bishop St Newport charger,"18 Bishop St
Newport NSW 2106
Australia",EVX,,2.0,22 kW,,-33.6572,151.3153,
,,"18 Council St
Bondi Junction NSW 2022
Australia",EVX,2,AC,22 kW,-33.8940211,151.2553116,Waverley Council,2022,Kerbside Charging R1,accepted,address_exact_unique,0.97,False,802.0,2.5789652738027744,2.5789652738027744,140.84721423938717,Peclet local snapshot (experimental),HC2286,Council St Bondi Junction charger,"18 Council St
Bondi Junction NSW 2022
Australia",EVX,,2.0,22 kW,,-33.894,151.2553,
,Sydney Ski Club,"18 Diggings Ter
Thredbo NSW 2625
Australia",EVUp,2,AC,AC,-36.5070831,148.3012364,Snowy Monaro Regional Council,2625,Destination Charging R1,accepted,coordinate_exact,1.0,False,412.0,0.0,0.0,20.55791659286953,Peclet local snapshot (experimental),AK847,Diggings Ter Thredbo charger,"18 Diggings Ter
Thredbo NSW 2625
Australia",EVUp,,2.0,AC,,-36.5070831,148.3012364,
,Echo Point Discovery Motel,"18 Echo Point Rd
Katoomba NSW 2780
Australia",Everty,2,AC,AC,-33.7295072,150.3119694,Blue Mountains City Council,2780,Destination Charging R2,accepted,address_exact_unique,0.97,False,302.0,2.94087805042284,2.94087805042284,798.124289641893,Peclet local snapshot (experimental),HC2199,Echo Point Rd Katoomba charger,"18 Echo Point Rd
Katoomba NSW 2780
Australia",Everty,,2.0,AC,,-33.7295,150.312,
,,"18 Holbeche Rd
Arndell Park NSW 2148
Australia",EVX,2,AC,22 kW,-33.7882888,150.8773463,Blacktown City Council,2148,Kerbside Charging R1,accepted,address_exact_unique,0.97,False,1187.0,4.456320686373387,4.456320686373387,1627.0628307592497,Peclet local snapshot (experimental),HC2091,Holbeche Rd Arndell Park charger,"18 Holbeche Rd
Arndell Park NSW 2148
Australia",EVX,,2.0,22 kW,,-33.7883,150.8773,
,Pelican Motor Inn,"18 Merimbula Dr
Merimbula NSW 2548
Australia",EVUp,3,AC,AC,-36.8881841,149.9085104,Bega Valley Shire Council,2548,Destination Charging R1,review,coordinate_candidate,0.5,True,1437.0,16.82700800322978,16.82700800322978,42.14191894216405,Peclet local snapshot (experimental),DC1002,Pelican Motor Inn charger,"Pelican Motor Inn, 18-22 Merimbula Dr, Merimbula NSW 2548, Australia",Saascharge International GmbH,Type 2,3.0,kW,Open 24/7,-36.8880972,149.9083555,nearest=16.827m; gap=42.142m; manual confirmation required
,,"18 Morwick St
Strathfield NSW 2135
Australia",EVX,2,AC,22 kW,-33.8753105,151.096069,Burwood Council,2135,Kerbside Charging R1,accepted,address_exact_unique,0.97,False,1973.0,3.090910803813777,3.090910803813777,354.0912142299063,Peclet local snapshot (experimental),HC2105,Morwick St Strathfield charger,"18 Morwick St
Strathfield NSW 2135
Australia",EVX,,2.0,22 kW,,-33.8753,151.0961,
,,"180 Darling St
Balmain NSW 2041
Australia",PLUS ES,1,AC,7 kW,-33.8584276,151.186886,Inner West Council,2041,Kerbside Charging R1,accepted,address_exact_unique,0.97,False,1175.0,3.330135035869347,3.330135035869347,16.66712936681519,Peclet local snapshot (experimental),HC2510,Darling St Balmain charger,"180 Darling St
Balmain NSW 2041
Australia",PLUS ES,,1.0,7 kW,,-33.8584,151.1869,
,Lake Conjola Bowling and Recreation Club ,"180 Lake Conjola Entrance Rd
Lake Conjola NSW 2539
Australia",360 EV Charge,1,AC,AC,-35.2702399,150.4777283,Shoalhaven City Council,2539,Destination Charging R2,accepted,address_exact_unique,0.97,False,1136.0,5.126869763122027,5.126869763122027,395.6106552100493,Peclet local snapshot (experimental),HC2401,Lake Conjola Entrance Rd Lake Conjola charger,"180 Lake Conjola Entrance Rd
Lake Conjola NSW 2539
Australia",360 EV Charge,,1.0,AC,,-35.2702,150.4777,
,Blue Mountain Highway Motel,"181 Great Western Hwy
Katoomba NSW 2780
Australia",360 EV Charge,4,AC,AC,-33.7064272,150.3185388,Blue Mountains City Council,2780,Destination Charging R2,accepted,address_exact_unique,0.97,False,1168.0,4.693520851170017,4.693520851170017,752.242805335177,Peclet local snapshot (experimental),HC2351,Great Western Hwy Katoomba charger,"181 Great Western Hwy
Katoomba NSW 2780
Australia",360 EV Charge,,4.0,AC,,-33.7064,150.3185,
,,"182 Evans St
Rozelle NSW 2039
Australia",PLUS ES,1,AC,22 kW,-33.8665466,151.1706697,Inner West Council,2039,Kerbside Charging R1,accepted,address_exact_unique,0.97,False,1138.0,5.888658508403132,5.888658508403132,238.87991878603043,Peclet local snapshot (experimental),HC2471,Evans St Rozelle charger,"182 Evans St
Rozelle NSW 2039
Australia",PLUS ES,,1.0,22 kW,,-33.8665,151.1707,
,Wagga Wagga City Council,"183 Tarcutta St
Wagga Wagga NSW 2650
Australia",Smart Charge,2,AC,AC,-35.1094747,147.3734165,Wagga Wagga City Council,2650,Destination Charging R1,accepted,address_exact_unique,0.97,False,1565.0,3.18856814265996,3.18856814265996,91.1023272685893,Peclet local snapshot (experimental),HC2663,Tarcutta St Wagga Wagga charger,"183 Tarcutta St
Wagga Wagga NSW 2650
Australia",Smart Charge,,2.0,AC,,-35.1095,147.3734,
,Parkes International Motel,"18-32 Peak Hill Rd
Parkes NSW 2870
Australia",Exploren,2,AC,AC,-33.1236022,148.1743095,Parkes Shire Council,2870,Destination Charging R2,accepted,address_exact_unique,0.97,False,1521.0,0.9178867499091352,0.9178867499091352,1521.2038569662775,Peclet local snapshot (experimental),HC2231,Peak Hill Rd Parkes charger,"18-32 Peak Hill Rd
Parkes NSW 2870
Australia",Exploren,,2.0,AC,,-33.1236,148.1743,
,Tyrrell's Vineyards,"1838 Broke Rd
Pokolbin NSW 2320
Australia",Exploren,4,AC,AC,-32.7691856,151.2737075,Cessnock City Council,2320,Destination Charging R1,accepted,coordinate_exact,1.0,False,1296.0,0.0,0.06452760150058638,1043.963710897711,Peclet local snapshot (experimental),DC217,Tyrrell's Wines charger,"1838 Broke Rd, Pokolbin NSW 2320, Australia, Pokolbin 2320",Exploren,Type 2,4.0,22 kW,Open 24/7,-32.769186,151.273708,
,,"185 Carrington Rd
Coogee NSW 2034
Commonwealth of Australia",PLUS ES,1,AC,22 kW,-33.9149982,151.249421,Randwick City Council,2034,Kerbside Charging R1,accepted,address_exact_unique,0.97,False,1894.0,1.9481243049322226,1.9481243049322226,333.1863216068626,Peclet local snapshot (experimental),HC2288,Carrington Rd Coogee charger,"185 Carrington Rd
Coogee NSW 2034
Commonwealth of Australia",PLUS ES,,1.0,22 kW,,-33.915,151.2494,
,Howlong Golf Resort,"186 Golf Club Dr
Howlong NSW 2643
Australia",Charge Hub,2,AC,AC,-35.9852945,146.6442838,Federation Council,2643,Destination Charging R2,review,ambiguous_exact_address,0.5,True,1905.0,1.5807024810479853,1.5807024810479853,60.31132191849341,Peclet local snapshot (experimental),HC2521,Golf Club Dr Howlong charger,"186 Golf Club Dr
Howlong NSW 2643
Australia",Charge Hub,,2.0,AC,,-35.9853,146.6443,nearest=1.581m; gap=60.311m; manual confirmation required
,,"188 Beattie St
Rozelle NSW 2039
Australia",EVX,2,AC,22 kW,-33.8606635,151.1726946,Inner West Council,2039,Kerbside Charging R1,accepted,address_exact_unique,0.97,False,337.0,4.089128139484253,4.089128139484253,187.47740627396212,Peclet local snapshot (experimental),HC2396,Beattie St Rozelle charger,"188 Beattie St
Rozelle NSW 2039
Australia",EVX,,2.0,22 kW,,-33.8607,151.1727,
,,188 Fernleigh Rd Glenfield Park NSW 2650 Australia,Tesla,6,DC,175 kW,-35.1317745,147.3398455,Wagga Wagga City Council,2650,Fast Charging R1,review,ambiguous_exact_address,0.5,True,405.0,5.01602547030317,5.01602547030317,80.76406804270232,Peclet local snapshot (experimental),HC2684,Fernleigh Rd Glenfield Park charger,188 Fernleigh Rd Glenfield Park NSW 2650 Australia,Tesla,,6.0,DC,,-35.1318,147.3398,nearest=5.016m; gap=80.764m; manual confirmation required
,Kyogle Council,"19 Bloore St
Kyogle NSW 2474
Australia",Exploren,2,AC,AC,-28.6215127,153.0027948,Kyogle Council,2474,Destination Charging R1,accepted,address_exact_unique,0.97,False,1998.0,1.5006181193618353,1.5006181193618353,19.953353103636406,Peclet local snapshot (experimental),HC2664,Bloore St Kyogle charger,"19 Bloore St
Kyogle NSW 2474
Australia",Exploren,,2.0,AC,,-28.6215,153.0028,
,,"19 Queen St
Randwick NSW 2031
Australia",PLUS ES,1,AC,22 kW,-33.9186594,151.2472035,Randwick City Council,2031,Kerbside Charging R1,accepted,address_exact_unique,0.97,False,1618.0,4.5260509222703895,4.5260509222703895,44.4674981904714,Peclet local snapshot (experimental),HC2359,Queen St Randwick charger,"19 Queen St
Randwick NSW 2031
Australia",PLUS ES,,1.0,22 kW,,-33.9187,151.2472,
,,"19 Roseby St, Sydney, 2047",Chargefox,4,AC,22 kW,-33.85578483,151.1612082,"Canada Bay Council, City of",2047,Existing Destination Chargers,accepted,address_exact_unique,0.97,False,952.0,4.200949687194538,4.200949687194538,954.2367536798012,Peclet local snapshot (experimental),DC557,Birkenhead Point Outlet Centre charger,"19 Roseby St, Drummoyne NSW 2047, Australia",Chargefox,Type 2,4.0,22 kW,,-33.855759,151.161175,
,,"19 Spring St, Forbes, 2871",Exploren,2,AC,22 kW,-33.3841502,148.009987,Forbes Shire Council,2871,Existing Destination Chargers,review,coordinate_candidate,0.5,True,1639.0,6.193943633290412,6.193943633290412,0.0,Peclet local snapshot (experimental),adf97c00-ab01-4885-9b56-fe1f1ac0f9c5,FSC Ocular 4305 + 4306 charger,"21 Spring Street,Forbes NSW 2871, Australia",Exploren,,2.0,60 kW,Open 24/7,-33.384188,148.009938,nearest=6.194m; gap=0.000m; manual confirmation required
,Victoria and Albert Guest House,"19 Station St
Wentworth Falls NSW 2782
Australia",EVNet,3,AC,AC,-33.7095481,150.3756991,Blue Mountains City Council,2782,Destination Charging R2,accepted,address_exact_unique,0.97,False,2025.0,5.349123816625793,5.349123816625793,1240.60420539521,Peclet local snapshot (experimental),HC2421,Station St Wentworth Falls charger,"19 Station St
Wentworth Falls NSW 2782
Australia",EVNet,,3.0,AC,,-33.7095,150.3757,
,Skylodge,"1-9 Tom Moon Ave
Temora NSW 2666
Australia",Elanga,4,AC,AC,-34.4273715,147.5152355,Temora Shire Council,2666,Destination Charging R2,accepted,address_exact_unique,0.97,False,307.0,4.543618432483112,4.543618432483112,2737.0361051874943,Peclet local snapshot (experimental),HC2382,Tom Moon Ave Temora charger,"1-9 Tom Moon Ave
Temora NSW 2666
Australia",Elanga,,4.0,AC,,-34.4274,147.5152,
,Dungog Visitor Information Centre,"191 Dowling St
Dungog NSW 2420
Australia",Exploren,4,AC,AC,-32.402119,151.7578478,Dungog Shire Council,2420,Destination Charging R2,accepted,address_exact_unique,0.97,False,308.0,4.960044936428532,4.960044936428532,22820.58849229901,Peclet local snapshot (experimental),HC2383,Dowling St Dungog charger,"191 Dowling St
Dungog NSW 2420
Australia",Exploren,,4.0,AC,,-32.4021,151.7578,
,Best Western Plus All Settlers,"191 Goonoo Goonoo Rd
South Tamworth NSW 2340
Australia",360 EV Charge,2,AC,AC,-31.1067279,150.9220984,Tamworth Regional Council,2340,Destination Charging R2,accepted,address_exact_unique,0.97,False,1505.0,3.106075997147598,3.106075997147598,229.50639474008747,Peclet local snapshot (experimental),HC2518,Goonoo Goonoo Rd South Tamworth charger,"191 Goonoo Goonoo Rd
South Tamworth NSW 2340
Australia",360 EV Charge,,2.0,AC,,-31.1067,150.9221,
,Quirindi Library,"193 George St
Quirindi NSW 2343
Australia",Exploren,2,AC,AC,-31.5073257,150.6804784,Liverpool Plains Shire Council,2343,Destination Charging R2,accepted,address_exact_unique,0.97,False,1232.0,3.5156309214856,3.5156309214856,16374.891598420016,Peclet local snapshot (experimental),HC2450,George St Quirindi charger,"193 George St
Quirindi NSW 2343
Australia",Exploren,,2.0,AC,,-31.5073,150.6805,
,,"1A Gloucester Ave
Burwood NSW 2134
Australia",EVX,2,AC,22 kW,-33.8748726,151.1016286,Burwood Council,2134,Kerbside Charging R1,accepted,address_exact_unique,0.97,False,829.0,4.031642243983811,4.031642243983811,109.78782759982434,Peclet local snapshot (experimental),HC2106,Gloucester Ave Burwood charger,"1A Gloucester Ave
Burwood NSW 2134
Australia",EVX,,2.0,22 kW,,-33.8749,151.1016,
,,"1R Marine Pde
Maroubra NSW 2035
Australia",Chargefox,2,AC,22 kW,-33.9512131,151.2555437,Randwick City Council,2035,Kerbside Charging R1,accepted,address_exact_unique,0.97,False,1573.0,4.2859169555980605,4.2859169555980605,455.8113367742457,Peclet local snapshot (experimental),HC2030,Marine Pde Maroubra charger,"1R Marine Pde
Maroubra NSW 2035
Australia",Chargefox,,2.0,22 kW,,-33.9512,151.2555,
,,"2 Alice St
Newtown NSW 2042
Australia",PLUS ES,1,AC,22 kW,-33.903175,151.1791034,Inner West Council,2042,Kerbside Charging R1,accepted,address_exact_unique,0.97,False,1922.0,2.7975267369409234,2.7975267369409234,79.83539065002338,Peclet local snapshot (experimental),HC2237,Alice St Newtown charger,"2 Alice St
Newtown NSW 2042
Australia",PLUS ES,,1.0,22 kW,,-33.9032,151.1791,
,,"2 Allman Ave
Summer Hill NSW 2130
Australia",PLUS ES,1,AC,22 kW,-33.891353,151.1334901,Inner West Council,2130,Kerbside Charging R1,accepted,address_exact_unique,0.97,False,1127.0,5.305448633417133,5.305448633417133,345.27315661442736,Peclet local snapshot (experimental),HC2255,Allman Ave Summer Hill charger,"2 Allman Ave
Summer Hill NSW 2130
Australia",PLUS ES,,1.0,22 kW,,-33.8914,151.1335,
,Tathra Beachfront Holiday Park,"2 Andy Poole Dr
Tathra NSW 2550
Australia",Exploren,4,AC,AC,-36.7226547,149.9784393,Bega Valley Shire Council,2550,Destination Charging R2,accepted,address_exact_unique,0.97,False,365.0,6.1352706615848485,6.1352706615848485,366.9442475310218,Peclet local snapshot (experimental),HC2373,Andy Poole Dr Tathra charger,"2 Andy Poole Dr
Tathra NSW 2550
Australia",Exploren,,4.0,AC,,-36.7227,149.9784,
,Yalawanyi Gunya,"2 Biripi Way
Taree South NSW 2430
Australia",Exploren,4,AC,AC,-31.9340892,152.4653805,Mid-Coast Council,2430,Destination Charging R2,review,ambiguous_exact_address,0.5,True,794.0,2.1973400914387433,2.1973400914387433,36.29753152349994,Peclet local snapshot (experimental),HC2147,Biripi Way Taree South charger,"2 Biripi Way
Taree South NSW 2430
Australia",Exploren,,4.0,AC,,-31.9341,152.4654,nearest=2.197m; gap=36.298m; manual confirmation required
,Eden Motel,"2 Blue Marlin Ct
Eden NSW 2551
Australia",Elanga,2,AC,AC,-37.0509798,149.901281,Bega Valley Shire Council,2551,Destination Charging R1,accepted,coordinate_near_clear,0.9,False,1965.0,2.808599044661948,2.808599044661948,35.21711324711025,Peclet local snapshot (experimental),HC2728,Blue Marlin Ct Eden charger,"2 Blue Marlin Ct
Eden NSW 2551
Australia",Elanga,,2.0,AC,,-37.051,149.9013,
,The Pavilion Kiama,"2 Bong Bong St
Kiama NSW 2533
Australia",Exploren,4,AC,AC,-34.6748189,150.8570701,"Kiama, The Council of the Municipality of",2533,Destination Charging R2,accepted,address_exact_unique,0.97,False,1588.0,3.4485808940409837,3.4485808940409837,743.4859206436972,Peclet local snapshot (experimental),HC2446,Bong Bong St Kiama charger,"2 Bong Bong St
Kiama NSW 2533
Australia",Exploren,,4.0,AC,,-34.6748,150.8571,
,,2 Bridge Rd Griffith NSW 2680 Australia,Tesla,6,DC,175 kW,-34.2922641,146.0507015,Griffith City Council,2680,Fast Charging R1,accepted,address_exact_unique,0.97,False,1938.0,3.9942755661311864,3.9942755661311864,845.277746600861,Peclet local snapshot (experimental),HC2601,Bridge Rd Griffith charger,2 Bridge Rd Griffith NSW 2680 Australia,Tesla,,6.0,DC,,-34.2923,146.0507,
,,"2 Cavendish St
Enmore NSW 2042
Australia",EVX,2,AC,22 kW,-33.8988126,151.1708415,Inner West Council,2042,Kerbside Charging R1,accepted,address_exact_unique,0.97,False,707.0,4.078423713893942,4.078423713893942,159.2601749566692,Peclet local snapshot (experimental),HC2433,Cavendish St Enmore charger,"2 Cavendish St
Enmore NSW 2042
Australia",EVX,,2.0,22 kW,,-33.8988,151.1708,
,Parkes Shire Council Public Parking,"2 Cecile St
Parkes NSW 2870
Australia",Exploren,4,AC,AC,-33.1381751,148.1730853,Parkes Shire Council,2870,Destination Charging R2,accepted,address_exact_unique,0.97,False,1580.0,3.088586434159647,3.088586434159647,111.82990223301657,Peclet local snapshot (experimental),HC2238,Cecile St Parkes charger,"2 Cecile St
Parkes NSW 2870
Australia",Exploren,,4.0,AC,,-33.1382,148.1731,
,,"2 Coast Hospital Rd
Little Bay NSW 2036
Australia",Evie Networks,2,DC,75 kW,-33.9808158,151.2498636,Randwick City Council,2036,Kerbside Charging R1,accepted,address_exact_unique,0.97,False,697.0,3.7883065780618956,3.7883065780618956,1496.5810161471163,Peclet local snapshot (experimental),HC2031,Coast Hospital Rd Little Bay charger,"2 Coast Hospital Rd
Little Bay NSW 2036
Australia",Evie Networks,,2.0,75 kW,,-33.9808,151.2499,
,Cunningham Park,"2 Copeton Dam Rd
Bingara NSW 2404
Australia",Exploren,2,AC,AC,-29.8644746,150.5771204,Gwydir Shire Council,2404,Destination Charging R2,accepted,address_exact_unique,0.97,False,1233.0,3.4418938602584395,3.4418938602584395,750.7381089495123,Peclet local snapshot (experimental),HC2477,Copeton Dam Rd Bingara charger,"2 Copeton Dam Rd
Bingara NSW 2404
Australia",Exploren,,2.0,AC,,-29.8645,150.5771,
,,"2 Davids Rd, Haberfield NSW 2045",EVE Australia,2,AC,22 kW,-33.884617,151.1366103,Inner West Council,2045,Kerbside Charging R1,accepted,address_exact_unique,0.97,False,265.0,2.115960711630323,2.115960711630323,414.2020053083506,Peclet local snapshot (experimental),HC2032,Davids Rd Haberfield charger,"2 Davids Rd, Haberfield NSW 2045",EVE Australia,,2.0,22 kW,,-33.8846,151.1366,
,,"2 Diamond Bay Rd
Vaucluse NSW 2030
Australia",PLUS ES,1,AC,22 kW,-33.861029,151.2788078,Waverley Council,2030,Kerbside Charging R1,accepted,address_exact_unique,0.97,False,385.0,3.3041030036757464,3.3041030036757464,164.9002409951633,Peclet local snapshot (experimental),HC2167,Diamond Bay Rd Vaucluse charger,"2 Diamond Bay Rd
Vaucluse NSW 2030
Australia",PLUS ES,,1.0,22 kW,,-33.861,151.2788,
,,"2 George St
Marrickville NSW 2204
Australia",PLUS ES,1,AC,7 kW,-33.9046392,151.1482931,Inner West Council,2204,Kerbside Charging R1,accepted,address_exact_unique,0.97,False,370.0,4.405110128280063,4.405110128280063,473.6412770668835,Peclet local snapshot (experimental),HC2454,George St Marrickville charger,"2 George St
Marrickville NSW 2204
Australia",PLUS ES,,1.0,7 kW,,-33.9046,151.1483,
,,"2 Greycliffe Ave, Vaucluse, NSW, 2030",Chargefox,2,AC,22 kW,-33.8530998,151.2699421,Woollahra Municipal Council,2030,Kerbside Charging R1,accepted,address_exact_unique,0.97,False,1156.0,3.8877413807461063,3.8877413807461063,1087.4368717126995,Peclet local snapshot (experimental),HC2033,Greycliffe Ave Vaucluse charger,"2 Greycliffe Ave, Vaucluse, NSW, 2030",Chargefox,,2.0,22 kW,,-33.8531,151.2699,
,,"2 Hollywood Ave
Bondi Junction NSW 2022
Australia",PLUS ES,1,AC,7 kW,-33.8943632,151.2517721,Waverley Council,2022,Kerbside Charging R1,accepted,address_exact_unique,0.97,False,336.0,4.8348357017171635,4.8348357017171635,80.81480826337386,Peclet local snapshot (experimental),HC2379,Hollywood Ave Bondi Junction charger,"2 Hollywood Ave
Bondi Junction NSW 2022
Australia",PLUS ES,,1.0,7 kW,,-33.8944,151.2518,
,,"2 Kelrose Ln
North Sydney NSW 2060
Australia",ChargePost,4,AC,22 kW,-33.8338656,151.2063879,North Sydney Council,2060,Kerbside Charging R1,accepted,address_exact_unique,0.97,False,1886.0,3.9850331699510484,3.9850331699510484,66.21343270080632,Peclet local snapshot (experimental),HC2034,Kelrose Ln North Sydney charger,"2 Kelrose Ln
North Sydney NSW 2060
Australia",ChargePost,,4.0,22 kW,,-33.8339,151.2064,
,,"2 King St
Balmain NSW 2041
Australia",EVX,2,AC,22 kW,-33.855604,151.1760354,Inner West Council,2041,Kerbside Charging R1,accepted,address_exact_unique,0.97,False,742.0,3.2989986403041027,3.2989986403041027,438.50211328377054,Peclet local snapshot (experimental),HC2386,King St Balmain charger,"2 King St
Balmain NSW 2041
Australia",EVX,,2.0,22 kW,,-33.8556,151.176,
,,"2 King St
Bondi NSW 2026
Australia",PLUS ES,1,AC,22 kW,-33.8943781,151.2610931,Waverley Council,2026,Kerbside Charging R1,accepted,address_exact_unique,0.97,False,705.0,2.51707054965112,2.51707054965112,143.47501475348645,Peclet local snapshot (experimental),HC2227,King St Bondi charger,"2 King St
Bondi NSW 2026
Australia",PLUS ES,,1.0,22 kW,,-33.8944,151.2611,
,,"2 Marion St
Leichhardt NSW 2040
Australia",EVX,2,AC,22 kW,-33.8840043,151.1564944,Inner West Council,2040,Kerbside Charging R1,accepted,address_exact_unique,0.97,False,1986.0,0.7041602513816368,0.7041602513816368,135.32582965994658,Peclet local snapshot (experimental),HC2423,Marion St Leichhardt charger,"2 Marion St
Leichhardt NSW 2040
Australia",EVX,,2.0,22 kW,,-33.884,151.1565,
,The Sebel Kiama,"2 Minnamurra St
Kiama NSW 2533
Australia",Exploren,2,AC,AC,-34.6683431,150.8549502,"Kiama, The Council of the Municipality of",2533,Destination Charging R2,accepted,address_exact_unique,0.97,False,1924.0,6.611381355658495,6.611381355658495,737.793321575122,Peclet local snapshot (experimental),HC2274,Minnamurra St Kiama charger,"2 Minnamurra St
Kiama NSW 2533
Australia",Exploren,,2.0,AC,,-34.6683,150.855,
,,2 Moonee Beach Rd Moonee Beach NSW 2450 Australia,Tesla,15,DC,175 kW,-30.204973,153.1501028,Coffs Harbour City Council,2450,Fast Charging R1,accepted,address_exact_unique,0.97,False,1190.0,3.014296672241164,3.014296672241164,5184.6901260817185,Peclet local snapshot (experimental),HC2166,Moonee Beach Rd Moonee Beach charger,2 Moonee Beach Rd Moonee Beach NSW 2450 Australia,Tesla,,15.0,DC,,-30.205,153.1501,
,,"2 Moyes St
Marrickville NSW 2204
Australia",PLUS ES,1,AC,7 kW,-33.9143495,151.1485806,Inner West Council,2204,Kerbside Charging R1,accepted,address_exact_unique,0.97,False,1925.0,5.787954900439318,5.787954900439318,294.8577101741737,Peclet local snapshot (experimental),HC2279,Moyes St Marrickville charger,"2 Moyes St
Marrickville NSW 2204
Australia",PLUS ES,,1.0,7 kW,,-33.9143,151.1486,
,,"2 Quarry St
Paddington NSW 2021
Australia",PLUS ES,1,AC,22 kW,-33.8833596,151.2371782,Woollahra Municipal Council,2021,Kerbside Charging R1,accepted,address_exact_unique,0.97,False,386.0,4.922420124015203,4.922420124015203,138.3283547321597,Peclet local snapshot (experimental),HC2168,Quarry St Paddington charger,"2 Quarry St
Paddington NSW 2021
Australia",PLUS ES,,1.0,22 kW,,-33.8834,151.2372,
,The Surf Yamba,"2 Queen St
Yamba NSW 2464
Australia",Chargefox,2,AC,AC,-29.4371653,153.3657135,Clarence Valley Council,2464,Destination Charging R2,accepted,address_exact_unique,0.97,False,1211.0,4.0739232435244315,4.0739232435244315,1944.02554417606,Peclet local snapshot (experimental),HC2642,Queen St Yamba charger,"2 Queen St
Yamba NSW 2464
Australia",Chargefox,,2.0,AC,,-29.4372,153.3657,
,,"2 Rickard Ave
Bondi Beach NSW 2026
Australia",Chargefox,2,AC,22 kW,-33.8896656,151.2669765,Waverley Council,2026,Kerbside Charging R1,accepted,address_exact_unique,0.97,False,1490.0,4.397345830009865,4.397345830009865,360.2914224647605,Peclet local snapshot (experimental),HC2035,Rickard Ave Bondi Beach charger,"2 Rickard Ave
Bondi Beach NSW 2026
Australia",Chargefox,,2.0,22 kW,,-33.8897,151.267,
,Merimbula Beach Holiday Resort,"2 Short Point Rd
Merimbula NSW 2548
Australia",Exploren,4,AC,AC,-36.8866743,149.9303711,Bega Valley Shire Council,2548,Destination Charging R2,accepted,address_exact_unique,0.97,False,1226.0,3.8435333858750664,3.8435333858750664,66.77308498093204,Peclet local snapshot (experimental),HC2374,Short Point Rd Merimbula charger,"2 Short Point Rd
Merimbula NSW 2548
Australia",Exploren,,4.0,AC,,-36.8867,149.9304,
,The Levee Central Maitland,"2 St Andrews St
Maitland NSW 2320
Australia",Exploren,2,AC,AC,-32.7300617,151.5535938,Maitland City Council,2320,Destination Charging R2,accepted,address_exact_unique,0.97,False,765.0,4.298072378651993,4.298072378651993,104.71511992810562,Peclet local snapshot (experimental),HC2281,St Andrews St Maitland charger,"2 St Andrews St
Maitland NSW 2320
Australia",Exploren,,2.0,AC,,-32.7301,151.5536,
,,"2 Tebbutt St
Leichhardt NSW 2040
Australia",EVX,2,AC,22 kW,-33.8895146,151.1465824,Inner West Council,2040,Kerbside Charging R1,accepted,address_exact_unique,0.97,False,1918.0,2.2966867265418807,2.2966867265418807,515.3895131477857,Peclet local snapshot (experimental),HC2111,Tebbutt St Leichhardt charger,"2 Tebbutt St
Leichhardt NSW 2040
Australia",EVX,,2.0,22 kW,,-33.8895,151.1466,
,Bridgeview Motel,"2 The Corso
Gorokan NSW 2263
Australia",Exploren,2,AC,AC,-33.2597527,151.516506,Central Coast Council,2263,Destination Charging R2,review,coordinate_candidate,0.5,True,1107.0,5.289024819465336,5.289024819465336,2337.532895428514,Peclet local snapshot (experimental),HC2522,The Corso Gorokan charger,"2 The Corso
Gorokan NSW 2263
Australia",Exploren,,2.0,AC,,-33.2598,151.5165,nearest=5.289m; gap=2337.533m; manual confirmation required
,Wallsend Diggers Car Park,"2 Tyrrell St
Wallsend NSW 2287
Australia",Exploren,4,AC,AC,-32.9013775,151.671176,Newcastle City Council,2287,Destination Charging R2,accepted,address_exact_unique,0.97,False,374.0,3.358556383155652,3.358556383155652,195.6919842739849,Peclet local snapshot (experimental),HC2570,Tyrrell St Wallsend charger,"2 Tyrrell St
Wallsend NSW 2287
Australia",Exploren,,4.0,AC,,-32.9014,151.6712,
,Scenic World,"2 Violet St
Katoomba NSW 2780
Australia",Exploren,4,AC,AC,-33.7293731,150.3004285,Blue Mountains City Council,2780,Destination Charging R2,accepted,address_exact_unique,0.97,False,1174.0,3.9866478880528566,3.9866478880528566,166.5771968593082,Peclet local snapshot (experimental),HC2489,Violet St Katoomba charger,"2 Violet St
Katoomba NSW 2780
Australia",Exploren,,4.0,AC,,-33.7294,150.3004,
,,"2 Wauhope Cres
South Coogee NSW 2034
Australia",PLUS ES,1,AC,22 kW,-33.9293135,151.2506444,Randwick City Council,2034,Kerbside Charging R1,accepted,address_exact_unique,0.97,False,354.0,4.362791167810324,4.362791167810324,377.94190048400156,Peclet local snapshot (experimental),HC2169,Wauhope Cres South Coogee charger,"2 Wauhope Cres
South Coogee NSW 2034
Australia",PLUS ES,,1.0,22 kW,,-33.9293,151.2506,
,Twin Towns Services Club ,"2 Wharf St
Tweed Heads NSW 2485
Australia",Chargefox,4,AC,AC,-28.1685927,153.5440989,Tweed Shire Council,2485,Destination Charging R1,accepted,address_exact_unique,0.97,False,431.0,34.00373357624558,34.00373357624558,67.70065771825143,Peclet local snapshot (experimental),DC40,Twin Towns Services Club charger,"2 Wharf St, Tweed Heads NSW 2485, Australia",Chargefox,Type 2,4.0,22 kW,,-28.16865631,153.5444382,
,,"20 Arthur St
Marrickville NSW 2204
Australia",EVE Australia,2,AC,22 kW,-33.9128493,151.1514703,Inner West Council,2204,Kerbside Charging R1,accepted,address_exact_unique,0.97,False,1491.0,6.128845038265426,6.128845038265426,303.99294554290583,Peclet local snapshot (experimental),HC2036,Arthur St Marrickville charger,"20 Arthur St
Marrickville NSW 2204
Australia",EVE Australia,,2.0,22 kW,,-33.9128,151.1515,
,,"20 Federation Rd
Camperdown NSW 2050
Australia",PLUS ES,1,AC,22 kW,-33.8931227,151.1793112,Inner West Council,2050,Kerbside Charging R1,accepted,address_exact_unique,0.97,False,1983.0,2.7276143542883196,2.7276143542883196,99.6021975237774,Peclet local snapshot (experimental),HC2247,Federation Rd Camperdown charger,"20 Federation Rd
Camperdown NSW 2050
Australia",PLUS ES,,1.0,22 kW,,-33.8931,151.1793,
,,"20 Johnston St
Balmain East NSW 2041
Australia",PLUS ES,1,AC,7 kW,-33.8592247,151.1940443,Inner West Council,2041,Kerbside Charging R1,accepted,address_exact_unique,0.97,False,284.0,4.927055229255229,4.927055229255229,153.63776193848284,Peclet local snapshot (experimental),HC2507,Johnston St Balmain East charger,"20 Johnston St
Balmain East NSW 2041
Australia",PLUS ES,,1.0,7 kW,,-33.8592,151.194,
,Windale Hub,"20 Lake St
Windale NSW 2306
Australia",Everty,2,AC,AC,-32.9933682,151.6816129,Lake Macquarie City Council,2306,Destination Charging R2,accepted,address_exact_unique,0.97,False,2009.0,3.735065683607742,3.735065683607742,3046.290104833338,Peclet local snapshot (experimental),HC2143,Lake St Windale charger,"20 Lake St
Windale NSW 2306
Australia",Everty,,2.0,AC,,-32.9934,151.6816,
,Wandana Brewing Co.,"20 Manns Rd
Mullumbimby NSW 2482
Australia",Noodoe,2,AC,AC,-28.5541173,153.5149182,Byron Shire Council,2482,Destination Charging R2,accepted,address_exact_unique,0.97,False,715.0,2.6192261970247936,2.6192261970247936,1210.6701202404845,Peclet local snapshot (experimental),HC2613,Manns Rd Mullumbimby charger,"20 Manns Rd
Mullumbimby NSW 2482
Australia",Noodoe,,2.0,AC,,-28.5541,153.5149,
,Ingenia Holiday Parks - Lake Macquarie,"20 Monterey Ave
Mannering Park NSW 2259
Australia",Exploren,4,AC,AC,-33.1504884,151.5397684,Central Coast Council,2259,Destination Charging R2,accepted,address_exact_unique,0.97,False,834.0,3.21219914734559,3.21219914734559,4443.894875148516,Peclet local snapshot (experimental),HC2310,Monterey Ave Mannering Park charger,"20 Monterey Ave
Mannering Park NSW 2259
Australia",Exploren,,4.0,AC,,-33.1505,151.5398,
,Ourimbah RSL Club Carpark,"20 Pacific Hwy
Ourimbah NSW 2258
Australia",Noodoe,2,AC,AC,-33.3540425,151.3696467,Central Coast Council,2258,Destination Charging R2,accepted,address_exact_unique,0.97,False,1952.0,6.414583713966711,6.414583713966711,4502.272495930416,Peclet local snapshot (experimental),HC2259,Pacific Hwy Ourimbah charger,"20 Pacific Hwy
Ourimbah NSW 2258
Australia",Noodoe,,2.0,AC,,-33.354,151.3696,
,Wollongong Surf Leisure Resort,"201 Pioneer Rd
Fairy Meadow NSW 2519
Australia",Exploren,2,AC,AC,-34.3895823,150.9063737,Wollongong City Council,2519,Destination Charging R2,accepted,address_exact_unique,0.97,False,328.0,3.1140896987064925,3.1140896987064925,1319.8741704466759,Peclet local snapshot (experimental),HC2080,Pioneer Rd Fairy Meadow charger,"201 Pioneer Rd
Fairy Meadow NSW 2519
Australia",Exploren,,2.0,AC,,-34.3896,150.9064,
,,"202 Parramatta Rd, Sydney, 2131",Chargefox,1,AC,22 kW,-33.88104509,151.1318068,Inner West Council,2131,Existing Destination Chargers,accepted,address_exact_unique,0.97,False,1750.0,0.07452590898886782,0.07452590898886782,194.47308813234787,Peclet local snapshot (experimental),DC577,Woolworths Ashfield North charger,"202 Parramatta Rd, Ashfield NSW 2131, Australia",Chargefox,Type 2,2.0,22 kW,7 AM - 10 PM,-33.881045,151.131806,
,Corrigans Cove Resort,"204 Beach Rd
Batehaven NSW 2536
Australia",Exploren,1,AC,AC,-35.7296697,150.1960774,Eurobodalla Shire Council,2536,Destination Charging R1,accepted,address_exact_unique,0.97,False,616.0,25.048467830023633,25.048467830023633,175.36537388012312,Peclet local snapshot (experimental),DC922,Corrigans Cove Resort charger,"204 Beach Rd, Batehaven NSW 2536, Australia, Batehaven 2536",Exploren,Type 2,1.0,7 kW,,-35.72975546,150.196334,
,Printhie Wines,"208 Nancarrow Ln
Nashdale NSW 2800
Australia",Chargefox,1,AC,AC,-33.3131943,149.0088591,Cabonne Council,2800,Destination Charging R2,accepted,address_exact_unique,0.97,False,1102.0,3.8530571698661005,3.8530571698661005,995.5688334837316,Peclet local snapshot (experimental),HC2332,Nancarrow Ln Nashdale charger,"208 Nancarrow Ln
Nashdale NSW 2800
Australia",Chargefox,,1.0,AC,,-33.3132,149.0089,
,Alloggio Hotel Thornton,"21 Poynton Pl
Thornton NSW 2322
Australia",Chargefox,2,AC,AC,-32.7944967,151.6373582,Maitland City Council,2322,Destination Charging R1,accepted,address_exact_unique,0.97,False,1691.0,15.47624867744447,15.47624867744447,168.45603236180287,Peclet local snapshot (experimental),DC267,Allogio Thornton charger,"21 Poynton Pl, Thornton NSW 2322, Australia",Chargefox,Type 2,2.0,22 kW,,-32.794506,151.637193,
,Bay and Bush,"21 Pritchard Ave
Woollamia NSW 2540
Australia",Exploren,2,AC,AC,-35.0197844,150.6391028,Shoalhaven City Council,2540,Destination Charging R2,accepted,address_exact_unique,0.97,False,1166.0,1.7532805237722895,1.7532805237722895,2007.6819873406434,Peclet local snapshot (experimental),HC2318,Pritchard Ave Woollamia charger,"21 Pritchard Ave
Woollamia NSW 2540
Australia",Exploren,,2.0,AC,,-35.0198,150.6391,
,,"21 Russell St
Lilyfield NSW 2040
Australia",EVE Australia,2,AC,22 kW,-33.875569,151.1632871,Inner West Council,2040,Kerbside Charging R1,accepted,address_exact_unique,0.97,False,349.0,3.646971344788669,3.646971344788669,482.0497923041806,Peclet local snapshot (experimental),HC2037,Russell St Lilyfield charger,"21 Russell St
Lilyfield NSW 2040
Australia",EVE Australia,,2.0,22 kW,,-33.8756,151.1633,
,,"21-23 Corunna Rd
Stanmore NSW 2048
Australia",PLUS ES,1,AC,7 kW,-33.8888432,151.1710335,Inner West Council,2048,Kerbside Charging R1,accepted,address_exact_unique,0.97,False,359.0,5.712848204165148,5.712848204165148,228.7912938051407,Peclet local snapshot (experimental),HC2266,Corunna Rd Stanmore charger,"21-23 Corunna Rd
Stanmore NSW 2048
Australia",PLUS ES,,1.0,7 kW,,-33.8888,151.171,
,Boathouse Resort,"21-23 Marine Dr
Tea Gardens NSW 2324
Australia",EVNet,4,AC,AC,-32.6623688,152.1565928,Mid-Coast Council,2324,Destination Charging R2,accepted,address_exact_unique,0.97,False,722.0,3.534146565136676,3.534146565136676,2819.8390732961825,Peclet local snapshot (experimental),HC2016,Marine Dr Tea Gardens charger,"21-23 Marine Dr
Tea Gardens NSW 2324
Australia",EVNet,,4.0,AC,,-32.6624,152.1566,
,Katoomba Town Centre Motel,"214 Katoomba St
Katoomba NSW 2780
Australia",Everty,2,AC,AC,-33.7174048,150.3112,Blue Mountains City Council,2780,Destination Charging R2,accepted,address_exact_unique,0.97,False,266.0,0.5337356478104689,0.5337356478104689,33.569167906377544,Peclet local snapshot (experimental),HC2071,Katoomba St Katoomba charger,"214 Katoomba St
Katoomba NSW 2780
Australia",Everty,,2.0,AC,,-33.7174,150.3112,
,,"218 Katoomba St, Katoomba NSW 2780, Australia",Zeus Renewables,4,DC,175 kW,-33.7177016,150.3112897,Blue Mountains City Council,2780,Fast Charging R1,accepted,address_exact_unique,0.97,False,759.0,0.9691177416820804,0.9691177416820804,33.57822917349528,Peclet local snapshot (experimental),HC2064,Katoomba St Katoomba charger,"218 Katoomba St, Katoomba NSW 2780, Australia",Zeus Renewables,,4.0,DC,,-33.7177,150.3113,
,,"218 Norton St
Leichhardt NSW 2040
Australia",EVX,2,AC,22 kW,-33.8794575,151.1562844,Inner West Council,2040,Kerbside Charging R1,accepted,address_exact_unique,0.97,False,1902.0,4.940342358616219,4.940342358616219,500.5545741219219,Peclet local snapshot (experimental),HC2414,Norton St Leichhardt charger,"218 Norton St
Leichhardt NSW 2040
Australia",EVX,,2.0,22 kW,,-33.8795,151.1563,
,Orange Aquatic Centre,"21A Hill St
Orange NSW 2800
Australia",EVSE,1,AC,AC,-33.288714,149.0916869,Orange City Council,2800,Destination Charging R2,accepted,address_exact_unique,0.97,False,273.0,1.976373115738302,1.976373115738302,654.3691095376561,Peclet local snapshot (experimental),HC2294,Hill St Orange charger,"21A Hill St
Orange NSW 2800
Australia",EVSE,,1.0,AC,,-33.2887,149.0917,
,,"22 Bellevue Ave
Greenwich NSW 2065
Australia",PLUS ES,1,AC,22 kW,-33.824901,151.1872285,Lane Cove Municipal Council,2065,Kerbside Charging R1,accepted,address_exact_unique,0.97,False,799.0,2.6350166173007774,2.6350166173007774,100.23141738520495,Peclet local snapshot (experimental),HC2208,Bellevue Ave Greenwich charger,"22 Bellevue Ave
Greenwich NSW 2065
Australia",PLUS ES,,1.0,22 kW,,-33.8249,151.1872,
,,"22 Church St
Burwood NSW 2134
Australia",EVX,2,AC,22 kW,-33.8819,151.1045,Burwood Council,2134,Kerbside Charging R1,accepted,coordinate_exact,1.0,False,1545.0,0.0,0.0,696.8027695330198,Peclet local snapshot (experimental),HC2102,Church St Burwood charger,"22 Church St
Burwood NSW 2134
Australia",EVX,,2.0,22 kW,,-33.8819,151.1045,
,The Wallangulla Motel,"22 Morilla St
Lightning Ridge NSW 2834
Australia",Exploren,4,AC,AC,-29.4292374,147.9768149,Walgett Shire Council,2834,Destination Charging R2,accepted,address_exact_unique,0.97,False,1893.0,4.401931349960103,4.401931349960103,117.81253348528281,Peclet local snapshot (experimental),HC2278,Morilla St Lightning Ridge charger,"22 Morilla St
Lightning Ridge NSW 2834
Australia",Exploren,,4.0,AC,,-29.4292,147.9768,
,,"22 Stafford St
Paddington NSW 2021
Australia",PLUS ES,1,AC,22 kW,-33.8835761,151.2289348,Woollahra Municipal Council,2021,Kerbside Charging R1,accepted,address_exact_unique,0.97,False,741.0,4.169203756883034,4.169203756883034,40.34487519030961,Peclet local snapshot (experimental),HC2380,Stafford St Paddington charger,"22 Stafford St
Paddington NSW 2021
Australia",PLUS ES,,1.0,22 kW,,-33.8836,151.2289,
,,"22 Ward St
North Sydney NSW 2060
Australia",ChargePost,2,AC,7 kW,-33.836149,151.2085307,North Sydney Council,2060,Kerbside Charging R1,accepted,address_exact_unique,0.97,False,723.0,6.142221923189777,6.142221923189777,245.5963458236894,Peclet local snapshot (experimental),HC2038,Ward St North Sydney charger,"22 Ward St
North Sydney NSW 2060
Australia",ChargePost,,2.0,7 kW,,-33.8361,151.2085,
,Milton Ulladulla Ex Services Club,"222 Princes Hwy
Ulladulla NSW 2539
Australia",Exploren,4,AC,AC,-35.3684214,150.4706082,Shoalhaven City Council,2539,Destination Charging R2,accepted,address_exact_unique,0.97,False,341.0,2.493027699805733,2.493027699805733,694.7192634381727,Peclet local snapshot (experimental),HC2519,Princes Hwy Ulladulla charger,"222 Princes Hwy
Ulladulla NSW 2539
Australia",Exploren,,4.0,AC,,-35.3684,150.4706,
,Stockmans Motel Tamworth,"2-24 Spains Ln
Kingswood NSW 2340
Australia",EVSE,4,AC,AC,-31.1647707,150.9181072,Tamworth Regional Council,2340,Destination Charging R2,accepted,address_exact_unique,0.97,False,315.0,3.329256434904082,3.329256434904082,4124.51546891835,Peclet local snapshot (experimental),HC2499,Spains Ln Kingswood charger,"2-24 Spains Ln
Kingswood NSW 2340
Australia",EVSE,,4.0,AC,,-31.1648,150.9181,
,,"225 Darley Rd
Randwick NSW 2031
Australia",PLUS ES,1,AC,22 kW,-33.9037012,151.2489288,Randwick City Council,2031,Kerbside Charging R1,accepted,address_exact_unique,0.97,False,831.0,2.6612747334473394,2.6612747334473394,300.48958599659073,Peclet local snapshot (experimental),HC2182,Darley Rd Randwick charger,"225 Darley Rd
Randwick NSW 2031
Australia",PLUS ES,,1.0,22 kW,,-33.9037,151.2489,
,,"228 Moore Park Rd
Paddington NSW 2021
Australia",EVX,2,AC,22 kW,-33.8872176,151.2246061,"Sydney, Council of the City of",2021,Kerbside Charging R1,accepted,address_exact_unique,0.97,False,1507.0,2.0364233468865622,2.0364233468865622,141.45190408420075,Peclet local snapshot (experimental),HC2557,Moore Park Rd Paddington charger,"228 Moore Park Rd
Paddington NSW 2021
Australia",EVX,,2.0,22 kW,,-33.8872,151.2246,
,,"229 Denison St
Queens Park NSW 2022
Australia",PLUS ES,1,AC,22 kW,-33.8981091,151.2434798,Waverley Council,2022,Kerbside Charging R1,accepted,address_exact_unique,0.97,False,2013.0,2.1212587576468853,2.1212587576468853,439.0589108605325,Peclet local snapshot (experimental),HC2184,Denison St Queens Park charger,"229 Denison St
Queens Park NSW 2022
Australia",PLUS ES,,1.0,22 kW,,-33.8981,151.2435,
,,"23 See St
Kingsford NSW 2032
Australia",PLUS ES,1,AC,22 kW,-33.9223723,151.2248584,Randwick City Council,2032,Kerbside Charging R1,accepted,address_exact_unique,0.97,False,1223.0,4.921404984326451,4.921404984326451,259.9858442535285,Peclet local snapshot (experimental),HC2298,See St Kingsford charger,"23 See St
Kingsford NSW 2032
Australia",PLUS ES,,1.0,22 kW,,-33.9224,151.2249,
,,"23 Terrace Rd
Dulwich Hill NSW 2203
Australia",PLUS ES,1,AC,22 kW,-33.9065216,151.1381499,Inner West Council,2203,Kerbside Charging R1,accepted,address_exact_unique,0.97,False,304.0,5.193787162211843,5.193787162211843,224.41373145075826,Peclet local snapshot (experimental),HC2261,Terrace Rd Dulwich Hill charger,"23 Terrace Rd
Dulwich Hill NSW 2203
Australia",PLUS ES,,1.0,22 kW,,-33.9065,151.1381,
,,"231 Darling St
Dubbo NSW 2830
Australia",Non-networked,1,AC,AC,-32.2525729,148.6049234,Dubbo Regional Council,2830,Destination Charging R1,accepted,address_exact_unique,0.97,False,59.0,16.965478979613085,16.965478979613085,275.6343397736186,Peclet local snapshot (experimental),DC244,Matilda Motor Inn charger,"231 Darling St, Dubbo NSW 2830, Australia",Exploren,Type 2,1.0,22 kW,Open 24/7,-32.25252182,148.6050934,
,,"234 Miller St
North Sydney NSW 2060
Australia",Evie Networks,4,DC,75 kW,-33.833276,151.2071934,North Sydney Council,2060,Kerbside Charging R1,accepted,coordinate_exact,1.0,False,1637.0,0.0,0.0,23.6722002368038,Peclet local snapshot (experimental),AK102,Miller St North Sydney charger,"234 Miller St
North Sydney NSW 2060
Australia",Evie Networks,,4.0,75 kW,,-33.833276,151.2071934,
,,"24 Annandale St
Annandale NSW 2038
Australia",PLUS ES,1,AC,22 kW,-33.8864798,151.1664936,Inner West Council,2038,Kerbside Charging R1,accepted,address_exact_unique,0.97,False,391.0,2.322529369552056,2.322529369552056,284.53875073071504,Peclet local snapshot (experimental),HC2267,Annandale St Annandale charger,"24 Annandale St
Annandale NSW 2038
Australia",PLUS ES,,1.0,22 kW,,-33.8865,151.1665,
,Ingenia Holiday Park - Bonny Hills,"24 Beach St
Bonny Hills NSW 2445
Australia",Exploren,2,AC,AC,-31.585403,152.8366221,Port Macquarie-Hastings Council,2445,Destination Charging R1,review,ambiguous_exact_address,0.5,True,1112.0,2.1197807550984553,2.1197807550984553,94.9899465095861,Peclet local snapshot (experimental),HC2686,Beach St Bonny Hills charger,"24 Beach St
Bonny Hills NSW 2445
Australia",Exploren,,2.0,AC,,-31.5854,152.8366,nearest=2.120m; gap=94.990m; manual confirmation required
,Evans Beach House,"24 Cedar St
Evans Head NSW 2473
Australia",Everty,1,AC,AC,-29.1190995,153.4284049,Richmond Valley Council,2473,Destination Charging R2,accepted,address_exact_unique,0.97,False,708.0,0.47922692013097007,0.47922692013097007,628.3865097425394,Peclet local snapshot (experimental),HC2451,Cedar St Evans Head charger,"24 Cedar St
Evans Head NSW 2473
Australia",Everty,,1.0,AC,,-29.1191,153.4284,
,,"24 Fourth Ave
Seven Hills NSW 2147
Australia",EVX,2,AC,22 kW,-33.7774788,150.9411657,Blacktown City Council,2147,Kerbside Charging R1,accepted,address_exact_unique,0.97,False,1917.0,3.9505900628589394,3.9505900628589394,462.9217441570645,Peclet local snapshot (experimental),HC2094,Fourth Ave Seven Hills charger,"24 Fourth Ave
Seven Hills NSW 2147
Australia",EVX,,2.0,22 kW,,-33.7775,150.9412,
,Budgewoi Bungelow,"24 Kewalo Ave
Budgewoi NSW 2262
Australia",Smart Charge,1,AC,AC,-33.2328723,151.5553734,Central Coast Council,2262,Destination Charging R2,accepted,address_exact_unique,0.97,False,1592.0,3.9506811558313637,3.9506811558313637,816.3312934676552,Peclet local snapshot (experimental),HC2478,Kewalo Ave Budgewoi charger,"24 Kewalo Ave
Budgewoi NSW 2262
Australia",Smart Charge,,1.0,AC,,-33.2329,151.5554,
,Mandarin Motel Macksville,"24 Princess St
Macksville NSW 2447
Australia",Non-networked,1,AC,AC,-30.708612,152.918765,Nambucca Valley Council,2447,Destination Charging R2,accepted,address_exact_unique,0.97,False,448.0,13.506222209495789,13.506222209495789,192.15799769923132,Peclet local snapshot (experimental),DC112,Mandarin Motel charger,"24 Princess St, Macksville NSW 2447, Australia",Tesla Destination,Tesla,1.0,22 kW,,-30.708586,152.918903,
,Twin Towns Services Club ,"2-4 Stuart St
Tweed Heads NSW 2485
Australia",Chargefox,2,AC,AC,-28.1687351,153.5429923,Tweed Shire Council,2485,Destination Charging R1,accepted,coordinate_exact,1.0,False,1638.0,0.0,0.0,7.926162376801708,Peclet local snapshot (experimental),AK772,Stuart St Tweed Heads charger,"2-4 Stuart St
Tweed Heads NSW 2485
Australia",Chargefox,,2.0,AC,,-28.1687351,153.5429923,
,Hungerford Hill,"2450 Broke Rd
Pokolbin NSW 2320
Australia",EVNet,4,AC,AC,-32.7777849,151.3361371,Cessnock City Council,2320,Destination Charging R2,accepted,address_exact_unique,0.97,False,1988.0,3.8535119448721455,3.8535119448721455,225.4786632494638,Peclet local snapshot (experimental),HC2474,Broke Rd Pokolbin charger,"2450 Broke Rd
Pokolbin NSW 2320
Australia",EVNet,,4.0,AC,,-32.7778,151.3361,
,Town Square Motel,"246 Anson St
Orange NSW 2800
Australia",EVNet,1,AC,AC,-33.2808147,149.0995133,Orange City Council,2800,Destination Charging R2,accepted,address_exact_unique,0.97,False,892.0,4.976746111916777,4.976746111916777,201.54368282886017,Peclet local snapshot (experimental),DC251,Town Square Motel & Metropolitan Hotel charger,"246 Anson St, Orange NSW 2800, Australia",Tesla Destination,Tesla,2.0,22 kW,,-33.28077,149.099516,
,Powerhouse Hotel Tamworth by Rydges,"248 Armidale Rd
East Tamworth NSW 2340
Australia",Everty,4,AC,AC,-31.0984655,150.9407339,Tamworth Regional Council,2340,Destination Charging R2,accepted,address_exact_unique,0.97,False,34.0,13.921515024120751,13.921515024120751,123.305065119417,Peclet local snapshot (experimental),DC130,Powerhouse Hotel Tamworth by Rydges charger,"248 Armidale Rd, Tamworth NSW 2340, Australia",Tesla Destination,Tesla; Type 2,3.0,22 kW,,-31.098492,150.940591,
,Clancy's Cottage- Talbingo,"25 Bowman St
Talbingo NSW 2720
Australia",Noodoe,1,AC,AC,-35.5818285,148.3057031,Snowy Valleys Council,2720,Destination Charging R2,accepted,address_exact_unique,0.97,False,1889.0,3.1814311832788094,3.1814311832788094,637.3503997998954,Peclet local snapshot (experimental),HC2209,Bowman St Talbingo charger,"25 Bowman St
Talbingo NSW 2720
Australia",Noodoe,,1.0,AC,,-35.5818,148.3057,
,Mingara Recreation Club,"25 Buller St
Port Macquarie NSW 2444
Australia",Exploren,4,AC,AC,-31.430177,152.9017453,Port Macquarie-Hastings Council,2444,Destination Charging R1,review,coordinate_candidate,0.5,True,446.0,38.2040269357929,38.2040269357929,181.2031607526095,Peclet local snapshot (experimental),DC109,The Westport Club Carpark charger,"25e Buller St, Port Macquarie NSW 2444, Australia",Exploren,Type 2,4.0,22 kW,Open 24/7,-31.43035557,152.9014013,nearest=38.204m; gap=181.203m; manual confirmation required
,,25 Danks St Waterloo NSW 2017,Tesla,8,DC,175 kW,-33.898174,151.2117721,"Sydney, Council of the City of",2017,Fast Charging R1,accepted,address_exact_unique,0.97,False,1969.0,3.8715725094674274,3.8715725094674274,511.52173056892843,Peclet local snapshot (experimental),HC2005,Danks St Waterloo charger,25 Danks St Waterloo NSW 2017,Tesla,,8.0,DC,,-33.8982,151.2118,
,Heritage Motor Inn Corowa,"25 Edward St
Corowa NSW 2646
Australia",Non-networked,4,AC,AC,-36.0018911,146.386422,Federation Council,2646,Destination Charging R2,accepted,address_exact_unique,0.97,False,778.0,2.212686516612296,2.212686516612296,742.7715888908133,Peclet local snapshot (experimental),HC2595,Edward St Corowa charger,"25 Edward St
Corowa NSW 2646
Australia",Non-networked,,4.0,AC,,-36.0019,146.3864,
,,"25 Llandaff St
Bondi Junction NSW 2022
Australia",PLUS ES,1,AC,22 kW,-33.8936088,151.2523594,Waverley Council,2022,Kerbside Charging R1,accepted,address_exact_unique,0.97,False,1228.0,3.87303146155099,3.87303146155099,20.089595801770177,Peclet local snapshot (experimental),HC2387,Llandaff St Bondi Junction charger,"25 Llandaff St
Bondi Junction NSW 2022
Australia",PLUS ES,,1.0,22 kW,,-33.8936,151.2524,
,Bonn Abbey,"25 Nelson St
Broke NSW 2330
Australia",Exploren,2,AC,AC,-32.7454569,151.1056388,Singleton Council,2330,Destination Charging R2,accepted,address_exact_unique,0.97,False,1506.0,6.011303045625635,6.011303045625635,1000.8601807458824,Peclet local snapshot (experimental),HC2533,Nelson St Broke charger,"25 Nelson St
Broke NSW 2330
Australia",Exploren,,2.0,AC,,-32.7455,151.1056,
,Ingenia Holiday Parks - Old Bar Beach,"25 Old Bar Rd
Old Bar NSW 2430
Australia",Exploren,4,AC,AC,-31.9692637,152.5883759,Mid-Coast Council,2430,Destination Charging R2,accepted,address_exact_unique,0.97,False,1198.0,4.632546628783664,4.632546628783664,8127.755272438658,Peclet local snapshot (experimental),HC2339,Old Bar Rd Old Bar charger,"25 Old Bar Rd
Old Bar NSW 2430
Australia",Exploren,,4.0,AC,,-31.9693,152.5884,
,Gillieston Heights Community Hub,"25 Redwood Dr
Gillieston Heights NSW 2321
Australia",Exploren,2,AC,AC,-32.7643133,151.5311119,Maitland City Council,2321,Destination Charging R2,accepted,address_exact_unique,0.97,False,1195.0,1.8507365076815876,1.8507365076815876,4036.7777932558893,Peclet local snapshot (experimental),HC2282,Redwood Dr Gillieston Heights charger,"25 Redwood Dr
Gillieston Heights NSW 2321
Australia",Exploren,,2.0,AC,,-32.7643,151.5311,
,,"25 Rockleigh Rd
Exeter NSW 2579
Australia",Chargefox,2,AC,AC,-34.6115839,150.3263907,Wingecarribee Shire Council,2579,Destination Charging R1,review,ambiguous_exact_address,0.5,True,345.0,1.982251101165312,1.982251101165312,119.4437837655516,Peclet local snapshot (experimental),HC2739,Rockleigh Rd Exeter charger,"25 Rockleigh Rd
Exeter NSW 2579
Australia",Chargefox,,2.0,AC,,-34.6116,150.3264,nearest=1.982m; gap=119.444m; manual confirmation required
,NRMA Parks and Resorts,"250 Sydney Rd
Kelso NSW 2795
Australia",Chargefox,2,AC,AC,-33.4185526,149.6272544,Bathurst Regional Council,2795,Destination Charging R1,review,ambiguous_exact_address,0.5,True,1111.0,6.759511868802468,6.759511868802468,18.691616971057684,Peclet local snapshot (experimental),HC2628,Sydney Rd Kelso charger,"250 Sydney Rd
Kelso NSW 2795
Australia",Chargefox,,2.0,AC,,-33.4186,149.6273,nearest=6.760m; gap=18.692m; manual confirmation required
,The Fitz Cafe & Bar,"251 Princes Hwy
Bulli NSW 2516
Australia",Charge Hub,2,AC,AC,-34.334447,150.913523,Wollongong City Council,2516,Destination Charging R2,accepted,address_exact_unique,0.97,False,1954.0,5.636731676862697,5.636731676862697,1919.489826484366,Peclet local snapshot (experimental),HC2333,Princes Hwy Bulli charger,"251 Princes Hwy
Bulli NSW 2516
Australia",Charge Hub,,2.0,AC,,-34.3344,150.9135,
,Club Maitland City,"258 New England Hwy
Rutherford NSW 2320
Australia",EVNet,1,AC,AC,-32.7188977,151.5275371,Maitland City Council,2320,Destination Charging R1,review,coordinate_candidate,0.5,True,73.0,29.748517665857747,29.748517665857747,86.00458523231856,Peclet local snapshot (experimental),DC284,Maitland City Motel charger,"258-264 New England Hwy, Rutherford NSW 2320",Saascharge International GmbH,Type 2,1.0,7.6 kW,Open 24/7,-32.7186334,151.5274878,nearest=29.749m; gap=86.005m; manual confirmation required
,Gosford RSL Club,"26 Central Coast Hwy
West Gosford NSW 2250
Australia",Exploren,4,AC,AC,-33.428325,151.3221146,Central Coast Council,2250,Destination Charging R2,accepted,address_exact_unique,0.97,False,1126.0,3.09247763384845,3.09247763384845,118.94975506302065,Peclet local snapshot (experimental),HC2254,Central Coast Hwy West Gosford charger,"26 Central Coast Hwy
West Gosford NSW 2250
Australia",Exploren,,4.0,AC,,-33.4283,151.3221,
,,"26 Manion Ave
Rose Bay NSW 2029
Australia",Chargefox,2,AC,7 kW,-33.8758207,151.2631938,Woollahra Municipal Council,2029,Kerbside Charging R1,accepted,address_exact_unique,0.97,False,825.0,2.3718352844828154,2.3718352844828154,351.2562333748726,Peclet local snapshot (experimental),HC2039,Manion Ave Rose Bay charger,"26 Manion Ave
Rose Bay NSW 2029
Australia",Chargefox,,2.0,7 kW,,-33.8758,151.2632,
,,"26 Nelson St
Annandale NSW 2038
Australia",PLUS ES,1,AC,22 kW,-33.886212,151.1713996,Inner West Council,2038,Kerbside Charging R1,accepted,address_exact_unique,0.97,False,1235.0,1.3348498833551679,1.3348498833551679,120.30587482613791,Peclet local snapshot (experimental),HC2492,Nelson St Annandale charger,"26 Nelson St
Annandale NSW 2038
Australia",PLUS ES,,1.0,22 kW,,-33.8862,151.1714,
,,"26 Terry St
Balmain NSW 2041
Australia",EVX,2,AC,22 kW,-33.857791,151.1713403,Inner West Council,2041,Kerbside Charging R1,accepted,address_exact_unique,0.97,False,836.0,3.853471409259828,3.853471409259828,154.6447392688244,Peclet local snapshot (experimental),HC2397,Terry St Balmain charger,"26 Terry St
Balmain NSW 2041
Australia",EVX,,2.0,22 kW,,-33.8578,151.1713,
,,"260 Victoria Avenue, Chatswood, NSW 2067",Tesla,8,DC,175 kW,-33.7949453,151.188291,Willoughby City Council,2067,Fast Charging R1,accepted,address_exact_unique,0.97,False,1937.0,5.105324656967624,5.105324656967624,80.51232063955884,Peclet local snapshot (experimental),HC2586,Victoria Avenue Chatswood charger,"260 Victoria Avenue, Chatswood, NSW 2067",Tesla,,8.0,DC,,-33.7949,151.1883,
,,"261 Clovelly Rd
Clovelly NSW 2031
Australia",PLUS ES,1,AC,22 kW,-33.9115788,151.2564223,Randwick City Council,2031,Kerbside Charging R1,accepted,address_exact_unique,0.97,False,1497.0,3.129184244303957,3.129184244303957,704.0043306205642,Peclet local snapshot (experimental),HC2183,Clovelly Rd Clovelly charger,"261 Clovelly Rd
Clovelly NSW 2031
Australia",PLUS ES,,1.0,22 kW,,-33.9116,151.2564,
,Maitland Town Hall,"263 High St
Maitland NSW 2320
Australia",Exploren,2,AC,AC,-32.7376522,151.5604535,Maitland City Council,2320,Destination Charging R2,accepted,address_exact_unique,0.97,False,2017.0,6.86778197027998,6.86778197027998,577.2367494037729,Peclet local snapshot (experimental),HC2283,High St Maitland charger,"263 High St
Maitland NSW 2320
Australia",Exploren,,2.0,AC,,-32.7377,151.5605,
,RedGround Truffle Hunting Lodge,"264 Titania Rd
Oberon NSW 2787
Australia",CasaCharge,1,AC,AC,-33.7443531,149.9004522,Oberon Council,2787,Destination Charging R2,accepted,address_exact_unique,0.97,False,844.0,6.835931275332776,6.835931275332776,5309.995389209771,Peclet local snapshot (experimental),HC2605,Titania Rd Oberon charger,"264 Titania Rd
Oberon NSW 2787
Australia",CasaCharge,,1.0,AC,,-33.7444,149.9005,
,,"266 Johnston St
Annandale NSW 2038
Australia",PLUS ES,1,AC,22 kW,-33.8749694,151.1732067,Inner West Council,2038,Kerbside Charging R1,accepted,address_exact_unique,0.97,False,272.0,3.458329864093014,3.458329864093014,41.32617978764495,Peclet local snapshot (experimental),HC2251,Johnston St Annandale charger,"266 Johnston St
Annandale NSW 2038
Australia",PLUS ES,,1.0,22 kW,,-33.875,151.1732,
,,"267 Maroubra Rd
Maroubra NSW 2035
Australia",PLUS ES,1,AC,7 kW,-33.9424313,151.2427991,Randwick City Council,2035,Kerbside Charging R1,accepted,address_exact_unique,0.97,False,1170.0,3.4813912847829216,3.4813912847829216,248.85523680500486,Peclet local snapshot (experimental),HC2369,Maroubra Rd Maroubra charger,"267 Maroubra Rd
Maroubra NSW 2035
Australia",PLUS ES,,1.0,7 kW,,-33.9424,151.2428,
,,"27 Bennett St
Bondi NSW 2026
Australia",PLUS ES,1,AC,7 kW,-33.8953838,151.2600613,Waverley Council,2026,Kerbside Charging R1,accepted,address_exact_unique,0.97,False,1622.0,4.000453967267514,4.000453967267514,141.45790120877538,Peclet local snapshot (experimental),HC2403,Bennett St Bondi charger,"27 Bennett St
Bondi NSW 2026
Australia",PLUS ES,,1.0,7 kW,,-33.8954,151.2601,
,,"27 Campbell Pde
Manly Vale NSW 2093
Australia",EVX,2,AC,22 kW,-33.7814631,151.2707417,Northern Beaches Council,2093,Kerbside Charging R1,accepted,address_exact_unique,0.97,False,1518.0,5.629247175308334,5.629247175308334,1240.8065853836322,Peclet local snapshot (experimental),HC2119,Campbell Pde Manly Vale charger,"27 Campbell Pde
Manly Vale NSW 2093
Australia",EVX,,2.0,22 kW,,-33.7815,151.2707,
,,"270 Johnston St
Annandale NSW 2038
Australia",PLUS ES,1,AC,22 kW,-33.874576,151.1734268,Inner West Council,2038,Kerbside Charging R1,accepted,address_exact_unique,0.97,False,2027.0,3.6391588290418215,3.6391588290418215,27.15021375118574,Peclet local snapshot (experimental),HC2496,Johnston St Annandale charger,"270 Johnston St
Annandale NSW 2038
Australia",PLUS ES,,1.0,22 kW,,-33.8746,151.1734,
,,"272 Johnston St
Annandale NSW 2038
Australia",PLUS ES,1,AC,22 kW,-33.8743184,151.1733625,Inner West Council,2038,Kerbside Charging R1,accepted,address_exact_unique,0.97,False,1236.0,4.021411834500339,4.021411834500339,27.48188583031175,Peclet local snapshot (experimental),HC2497,Johnston St Annandale charger,"272 Johnston St
Annandale NSW 2038
Australia",PLUS ES,,1.0,22 kW,,-33.8743,151.1734,
,,"276 Birrell St
Bondi NSW 2026
Australia",PLUS ES,1,AC,7 kW,-33.8970528,151.2607049,Waverley Council,2026,Kerbside Charging R1,accepted,address_exact_unique,0.97,False,731.0,5.26784966080383,5.26784966080383,45.84057405343756,Peclet local snapshot (experimental),HC2190,Birrell St Bondi charger,"276 Birrell St
Bondi NSW 2026
Australia",PLUS ES,,1.0,7 kW,,-33.8971,151.2607,
,Club Maitland City,"279 New England Hwy
Rutherford NSW 2320
Australia",EVNet,2,AC,AC,-32.7172344,151.5254651,Maitland City Council,2320,Destination Charging R1,accepted,coordinate_exact,1.0,False,66.0,0.0,0.0,244.9637632706992,Peclet local snapshot (experimental),DC261,Old Maitland Inn charger,"279 New England Hwy, Rutherford NSW 2320",Saascharge International GmbH,Type 2,2.0,7.6 kW,Open 24/7,-32.7172344,151.5254651,
,RIKARD Wines,"279 Old Canobolas Rd
Nashdale NSW 2800
Australia",Exploren,2,AC,AC,-33.3169464,148.9858426,Cabonne Council,2800,Destination Charging R2,accepted,address_exact_unique,0.97,False,811.0,6.5029660925963775,6.5029660925963775,993.7143074713359,Peclet local snapshot (experimental),HC2500,Old Canobolas Rd Nashdale charger,"279 Old Canobolas Rd
Nashdale NSW 2800
Australia",Exploren,,2.0,AC,,-33.3169,148.9858,
,,"28 Kenneth St
Tamarama NSW 2026
Australia",Chargefox,2,AC,22 kW,-33.898383,151.274253,Waverley Council,2026,Kerbside Charging R1,accepted,address_exact_unique,0.97,False,1492.0,4.731840713336322,4.731840713336322,463.72431410792046,Peclet local snapshot (experimental),HC2040,Kenneth St Tamarama charger,"28 Kenneth St
Tamarama NSW 2026
Australia",Chargefox,,2.0,22 kW,,-33.8984,151.2743,
,,"2-8 Turramurra Ave
Turramurra NSW 2074
Australia",Evie Networks,4,DC,75 kW,-33.732342,151.1304142,Ku-ring-gai Council,2074,Kerbside Charging R1,accepted,address_exact_unique,0.97,False,1493.0,4.851285194573685,4.851285194573685,2421.5319610648535,Peclet local snapshot (experimental),HC2041,Turramurra Ave Turramurra charger,"2-8 Turramurra Ave
Turramurra NSW 2074
Australia",Evie Networks,,4.0,75 kW,,-33.7323,151.1304,
,,"284 Old South Head Rd
Watsons Bay NSW 2030
Australia",EVX,2,AC,22 kW,-33.8467366,151.2836756,Woollahra Municipal Council,2030,Kerbside Charging R1,accepted,address_exact_unique,0.97,False,361.0,4.651920601668505,4.651920601668505,459.5027974486103,Peclet local snapshot (experimental),HC2284,Old South Head Rd Watsons Bay charger,"284 Old South Head Rd
Watsons Bay NSW 2030
Australia",EVX,,2.0,22 kW,,-33.8467,151.2837,
,,"287 Ramsay St
Haberfield NSW 2045
Australia",PLUS ES,1,AC,22 kW,-33.8735025,151.1336508,Inner West Council,2045,Kerbside Charging R1,accepted,address_exact_unique,0.97,False,1188.0,4.550732489682202,4.550732489682202,635.9396234867598,Peclet local snapshot (experimental),HC2124,Ramsay St Haberfield charger,"287 Ramsay St
Haberfield NSW 2045
Australia",PLUS ES,,1.0,22 kW,,-33.8735,151.1337,
,Five Mile Hotel,"289 Armidale Rd
South Grafton NSW 2460
Australia",Non-networked,4,AC,AC,-29.734395,152.9400538,Clarence Valley Council,2460,Destination Charging R2,accepted,address_exact_unique,0.97,False,312.0,4.49532336576618,4.49532336576618,3628.2098694013293,Peclet local snapshot (experimental),HC2439,Armidale Rd South Grafton charger,"289 Armidale Rd
South Grafton NSW 2460
Australia",Non-networked,,4.0,AC,,-29.7344,152.9401,
,Moruya Golf Club ,"28A Evans St
Moruya NSW 2537
Australia",Non-networked,2,AC,AC,-35.9140608,150.0752376,Eurobodalla Shire Council,2537,Destination Charging R1,accepted,address_exact_unique,0.97,False,380.0,5.519541021100025,5.519541021100025,66.60386679174714,Peclet local snapshot (experimental),HC2696,Evans St Moruya charger,"28A Evans St
Moruya NSW 2537
Australia",Non-networked,,2.0,AC,,-35.9141,150.0752,
,,"29 Carrington Road
Waverley NSW 2024
Australia",EVX,2,AC,22 kW,-33.8986388,151.2530464,Waverley Council,2024,Kerbside Charging R1,accepted,address_exact_unique,0.97,False,2012.0,6.078922076324876,6.078922076324876,221.43665660710255,Peclet local snapshot (experimental),HC2173,Carrington Road Waverley charger,"29 Carrington Road
Waverley NSW 2024
Australia",EVX,,2.0,22 kW,,-33.8986,151.253,
,,"29 Day St
Leichhardt NSW 2040
Australia",PLUS ES,1,AC,7 kW,-33.8844318,151.1550948,Inner West Council,2040,Kerbside Charging R1,accepted,address_exact_unique,0.97,False,283.0,3.568430775424543,3.568430775424543,134.74697860902978,Peclet local snapshot (experimental),HC2463,Day St Leichhardt charger,"29 Day St
Leichhardt NSW 2040
Australia",PLUS ES,,1.0,7 kW,,-33.8844,151.1551,
,,"29 Perry St, Euston NSW 2737, Australia",NRMA,4,DC,175 kW,-34.5765963,142.7428195,Balranald Shire Council,2737,Fast Charging R1,accepted,address_exact_unique,0.97,False,1116.0,1.8321026134054994,1.8321026134054994,398.5891246313799,Peclet local snapshot (experimental),HC2110,Perry St Euston charger,"29 Perry St, Euston NSW 2737, Australia",NRMA,,4.0,DC,,-34.5766,142.7428,
,Sapphire Valley Caravan Park,"29 Sapphire Coast Dr
Merimbula NSW 2548
Australia",EVUp,6,AC,AC,-36.8842524,149.9045325,Bega Valley Shire Council,2548,Destination Charging R1,review,ambiguous_exact_address,0.5,True,1833.0,2.8072319582012866,2.8072319582012866,23.867381012647172,Peclet local snapshot (experimental),DC1008,Tasman Holiday Parks - Merimbula charger,"29 Sapphire Coast Dr, Merimbula NSW 2548, Australia",,Type 2,5.0,kW,8am-6pm,-36.88427645,149.9045229,nearest=2.807m; gap=23.867m; manual confirmation required
,Kyogle Council,"29 Woodenbong Rd
Bonalbo NSW 2469
Australia",Exploren,2,AC,AC,-28.7386099,152.6283683,Kyogle Council,2469,Destination Charging R1,review,ambiguous_exact_address,0.5,True,2037.0,3.280885470645865,3.280885470645865,422.9984526142369,Peclet local snapshot (experimental),HC2665,Woodenbong Rd Bonalbo charger,"29 Woodenbong Rd
Bonalbo NSW 2469
Australia",Exploren,,2.0,AC,,-28.7386,152.6284,nearest=3.281m; gap=422.998m; manual confirmation required
,291 on King,"291 King St
Newcastle NSW 2300
Australia",Charge Hub,4,AC,AC,-32.9288327,151.7679962,Newcastle City Council,2300,Destination Charging R2,accepted,address_exact_unique,0.97,False,703.0,3.6533296103079103,3.6533296103079103,376.94253336960486,Peclet local snapshot (experimental),HC2214,King St Newcastle charger,"291 King St
Newcastle NSW 2300
Australia",Charge Hub,,4.0,AC,,-32.9288,151.768,
,Hanging Tree Wines,"294 O'Connors Rd
Pokolbin NSW 2320
Australia",Chargefox,2,AC,AC,-32.808154,151.3179387,Cessnock City Council,2320,Destination Charging R1,review,ambiguous_exact_address,0.5,True,407.0,6.2645306433963475,6.2645306433963475,14.884730351078662,Peclet local snapshot (experimental),HC2697,O'Connors Rd Pokolbin charger,"294 O'Connors Rd
Pokolbin NSW 2320
Australia",Chargefox,,2.0,AC,,-32.8082,151.3179,nearest=6.265m; gap=14.885m; manual confirmation required
,,"2A Central St
Naremburn NSW 2065
Australia",EVX,2,AC,22 kW,-33.8160598,151.2013094,Willoughby City Council,2065,Kerbside Charging R1,accepted,address_exact_unique,0.97,False,2007.0,4.553609095403966,4.553609095403966,450.9377406903162,Peclet local snapshot (experimental),HC2112,Central St Naremburn charger,"2A Central St
Naremburn NSW 2065
Australia",EVX,,2.0,22 kW,,-33.8161,151.2013,
,,"2A Frances St
Randwick NSW 2031
Australia",PLUS ES,1,AC,22 kW,-33.9102062,151.2368764,Randwick City Council,2031,Kerbside Charging R1,accepted,address_exact_unique,0.97,False,1191.0,2.2843705206859535,2.2843705206859535,232.74956230535147,Peclet local snapshot (experimental),HC2185,Frances St Randwick charger,"2A Frances St
Randwick NSW 2031
Australia",PLUS ES,,1.0,22 kW,,-33.9102,151.2369,
,,"2A Liverpool St
Rose Bay NSW 2029
Australia",PLUS ES,1,AC,22 kW,-33.8750114,151.2730705,Waverley Council,2029,Kerbside Charging R1,accepted,address_exact_unique,0.97,False,1165.0,3.004001275162056,3.004001275162056,177.99505803303063,Peclet local snapshot (experimental),HC2292,Liverpool St Rose Bay charger,"2A Liverpool St
Rose Bay NSW 2029
Australia",PLUS ES,,1.0,22 kW,,-33.875,151.2731,
,Redhead Beach Carpark,"2B Beach Rd
Redhead NSW 2290
Australia",Everty,2,AC,AC,-33.0141162,151.7168291,Lake Macquarie City Council,2290,Destination Charging R2,accepted,address_exact_unique,0.97,False,2030.0,3.2568324372093347,3.2568324372093347,254.93570323223074,Peclet local snapshot (experimental),HC2527,Beach Rd Redhead charger,"2B Beach Rd
Redhead NSW 2290
Australia",Everty,,2.0,AC,,-33.0141,151.7168,
,Club Lithgow,"2C Lithgow St
Lithgow NSW 2790
Australia",EVSE,4,AC,AC,-33.4853431,150.1520203,"Lithgow Council, City of",2790,Destination Charging R2,accepted,address_exact_unique,0.97,False,1205.0,5.149009957531806,5.149009957531806,1168.931946532194,Peclet local snapshot (experimental),HC2574,Lithgow St Lithgow charger,"2C Lithgow St
Lithgow NSW 2790
Australia",EVSE,,4.0,AC,,-33.4853,150.152,
,The Entrance Leagues Club,"3 Bay Village Rd
Bateau Bay NSW 2261
Australia",Exploren,4,AC,AC,-33.3773813,151.4733724,Central Coast Council,2261,Destination Charging R1,accepted,coordinate_exact,1.0,False,1690.0,0.0,0.04992310286626583,1126.3639992494568,Peclet local snapshot (experimental),DC266,The Entrance Leagues Club charger,"3 Bay Village Rd, Bateau Bay NSW 2261, Austra, Bateau Bay 2261",Exploren,Type 2,4.0,22 kW,Open 24/7,-33.377381,151.473372,
,,"3 Botany St
Bondi Junction NSW 2022
Australia",PLUS ES,1,AC,22 kW,-33.8933419,151.2539399,Waverley Council,2022,Kerbside Charging R1,accepted,address_exact_unique,0.97,False,1498.0,5.938839705811377,5.938839705811377,72.05564445280157,Peclet local snapshot (experimental),HC2186,Botany St Bondi Junction charger,"3 Botany St
Bondi Junction NSW 2022
Australia",PLUS ES,,1.0,22 kW,,-33.8933,151.2539,
,,"3 Carlton St
Kensington NSW 2033
Australia",PLUS ES,1,AC,7 kW,-33.9056579,151.2256581,Randwick City Council,2033,Kerbside Charging R1,accepted,address_exact_unique,0.97,False,1169.0,6.071817692808782,6.071817692808782,209.8969988923598,Peclet local snapshot (experimental),HC2360,Carlton St Kensington charger,"3 Carlton St
Kensington NSW 2033
Australia",PLUS ES,,1.0,7 kW,,-33.9057,151.2257,
,,"3 Gladstone St
Newtown NSW 2042
Australia",PLUS ES,1,AC,22 kW,-33.8975353,151.1750044,Inner West Council,2042,Kerbside Charging R1,accepted,address_exact_unique,0.97,False,267.0,3.9461327619908633,3.9461327619908633,191.30857538392837,Peclet local snapshot (experimental),HC2125,Gladstone St Newtown charger,"3 Gladstone St
Newtown NSW 2042
Australia",PLUS ES,,1.0,22 kW,,-33.8975,151.175,
,,"3 Wardell Rd
Lewisham NSW 2049
Australia",PLUS ES,1,AC,7 kW,-33.8973542,151.1490328,Inner West Council,2049,Kerbside Charging R1,accepted,address_exact_unique,0.97,False,369.0,5.9245651498065826,5.9245651498065826,295.6964904491228,Peclet local snapshot (experimental),HC2436,Wardell Rd Lewisham charger,"3 Wardell Rd
Lewisham NSW 2049
Australia",PLUS ES,,1.0,7 kW,,-33.8974,151.149,
,,"3 Weston St
Balmain East NSW 2041
Australia",EVX,2,AC,22 kW,-33.8573832,151.1953325,Inner West Council,2041,Kerbside Charging R1,accepted,address_exact_unique,0.97,False,1200.0,3.534948111596289,3.534948111596289,79.01031157520792,Peclet local snapshot (experimental),HC2388,Weston St Balmain East charger,"3 Weston St
Balmain East NSW 2041
Australia",EVX,,2.0,22 kW,,-33.8574,151.1953,
,,"3 William St
Randwick NSW 2031
Australia",PLUS ES,1,AC,7 kW,-33.9072495,151.2348588,Randwick City Council,2031,Kerbside Charging R1,accepted,address_exact_unique,0.97,False,1522.0,6.689696797778792,6.689696797778792,88.03713800131003,Peclet local snapshot (experimental),HC2236,William St Randwick charger,"3 William St
Randwick NSW 2031
Australia",PLUS ES,,1.0,7 kW,,-33.9072,151.2349,
,Muswellbrook Accommodation,"3/47 Scott St
Muswellbrook NSW 2333
Australia",Smart Charge,1,AC,AC,-32.2579664,150.8853927,Muswellbrook Shire Council,2333,Destination Charging R2,accepted,address_exact_unique,0.97,False,373.0,3.7986850611850325,3.7986850611850325,648.9924000608387,Peclet local snapshot (experimental),HC2530,Scott St Muswellbrook charger,"3/47 Scott St
Muswellbrook NSW 2333
Australia",Smart Charge,,1.0,AC,,-32.258,150.8854,
,Corowa RSL Club ,"30 Betterment Pde
Corowa NSW 2646
Australia",Elanga,4,AC,AC,-35.9952414,146.3860076,Federation Council,2646,Destination Charging R1,accepted,address_exact_unique,0.97,False,720.0,4.653967971058795,4.653967971058795,736.589606395265,Peclet local snapshot (experimental),HC2707,Betterment Pde Corowa charger,"30 Betterment Pde
Corowa NSW 2646
Australia",Elanga,,4.0,AC,,-35.9952,146.386,
,Lake Macquarie Council,"30 Gommera St
Blacksmiths NSW 2281
Australia",Everty,3,AC,AC,-33.08079,151.6520571,Lake Macquarie City Council,2281,Destination Charging R1,review,ambiguous_exact_address,0.5,True,381.0,4.148798410435421,4.148798410435421,218.69986252255944,Peclet local snapshot (experimental),HC2701,Gommera St Blacksmiths charger,"30 Gommera St
Blacksmiths NSW 2281
Australia",Everty,,3.0,AC,,-33.0808,151.6521,nearest=4.149m; gap=218.700m; manual confirmation required
,,"30 Hill St
Marrickville NSW 2204
Australia",EVE Australia,4,AC,22 kW,-33.917825,151.1456355,Inner West Council,2204,Kerbside Charging R1,accepted,address_exact_unique,0.97,False,1157.0,4.296283505324451,4.296283505324451,201.4028750158323,Peclet local snapshot (experimental),HC2042,Hill St Marrickville charger,"30 Hill St
Marrickville NSW 2204
Australia",EVE Australia,,4.0,22 kW,,-33.9178,151.1456,
,,"30 Little St
Lane Cove NSW 2066
Australia",PLUS ES,1,AC,7 kW,-33.8156081,151.1716817,Lane Cove Municipal Council,2066,Kerbside Charging R1,accepted,address_exact_unique,0.97,False,733.0,1.9155855562328032,1.9155855562328032,104.24753787630964,Peclet local snapshot (experimental),HC2212,Little St Lane Cove charger,"30 Little St
Lane Cove NSW 2066
Australia",PLUS ES,,1.0,7 kW,,-33.8156,151.1717,
,,"30 Military Road
North Bondi NSW 2026
Australia",EVX,2,AC,22 kW,-33.8857701,151.2842064,Waverley Council,2026,Kerbside Charging R1,accepted,address_exact_unique,0.97,False,1219.0,3.3768081081316104,3.3768081081316104,272.0610964776496,Peclet local snapshot (experimental),HC2174,Military Road North Bondi charger,"30 Military Road
North Bondi NSW 2026
Australia",EVX,,2.0,22 kW,,-33.8858,151.2842,
,,"30 The Esplanade
Narrabeen NSW 2101
Australia",EVX,2,AC,22 kW,-33.7195338,151.2888594,Northern Beaches Council,2101,Kerbside Charging R1,accepted,address_exact_unique,0.97,False,1161.0,5.312779181468478,5.312779181468478,899.2069459772617,Peclet local snapshot (experimental),HC2139,The Esplanade Narrabeen charger,"30 The Esplanade
Narrabeen NSW 2101
Australia",EVX,,2.0,22 kW,,-33.7195,151.2889,
,Orange Botanic Gardens,"300 Hill St
Orange NSW 2800
Australia",Exploren,4,AC,AC,-33.2562881,149.0975511,Orange City Council,2800,Destination Charging R2,accepted,address_exact_unique,0.97,False,277.0,4.735546993620043,4.735546993620043,869.8376831583735,Peclet local snapshot (experimental),HC2334,Hill St Orange charger,"300 Hill St
Orange NSW 2800
Australia",Exploren,,4.0,AC,,-33.2563,149.0976,
,Ingenia Holiday Park - Ulladulla,"300 Kings Point Dr
Ulladulla NSW 2539
Australia",Exploren,4,AC,AC,-35.3729386,150.4636728,Shoalhaven City Council,2539,Destination Charging R2,accepted,address_exact_unique,0.97,False,803.0,4.9501909846367855,4.9501909846367855,800.7769341491038,Peclet local snapshot (experimental),HC2340,Kings Point Dr Ulladulla charger,"300 Kings Point Dr
Ulladulla NSW 2539
Australia",Exploren,,4.0,AC,,-35.3729,150.4637,
,Antikvorem ,"3020 Old Hume Hwy
Berrima NSW 2577
Australia",Elanga,8,AC,AC,-34.4656894,150.3623985,Wingecarribee Shire Council,2577,Destination Charging R1,review,ambiguous_exact_address,0.5,True,382.0,1.18666098990357,1.18666098990357,404.86693093140934,Peclet local snapshot (experimental),HC2709,Old Hume Hwy Berrima charger,"3020 Old Hume Hwy
Berrima NSW 2577
Australia",Elanga,,8.0,AC,,-34.4657,150.3624,nearest=1.187m; gap=404.867m; manual confirmation required
,,"31 Boronia St
Kensington NSW 2033
Australia",PLUS ES,1,AC,7 kW,-33.9062996,151.2231535,Randwick City Council,2033,Kerbside Charging R1,accepted,address_exact_unique,0.97,False,1617.0,4.291545094979891,4.291545094979891,100.04986382964883,Peclet local snapshot (experimental),HC2348,Boronia St Kensington charger,"31 Boronia St
Kensington NSW 2033
Australia",PLUS ES,,1.0,7 kW,,-33.9063,151.2232,
,,"31 Cobra St
Dubbo NSW 2830
Australia",Exploren,2,AC,AC,-32.2538679,148.602311,Dubbo Regional Council,2830,Destination Charging R1,accepted,address_exact_unique,0.97,False,62.0,15.287353620519609,15.287353620519609,286.14876589995174,Peclet local snapshot (experimental),DC253,Shearing Shed Motor Inn charger,"31 Cobra St, Dubbo NSW 2830, Australia",Exploren,Type 2,2.0,22 kW,Open 24/7,-32.25379903,148.6021703,
,The Mudgee Homestead Guesthouse,"31 Coorumbene Rd
Buckaroo NSW 2850
Australia",EVUp,2,AC,AC,-32.5575824,149.6503239,Mid-Western Regional Council,2850,Destination Charging R1,accepted,address_exact_unique,0.97,False,1247.0,2.974430583711386,2.974430583711386,2043.0641459375584,Peclet local snapshot (experimental),HC2721,Coorumbene Rd Buckaroo charger,"31 Coorumbene Rd
Buckaroo NSW 2850
Australia",EVUp,,2.0,AC,,-32.5576,149.6503,
,,"31 Diamond Bay Rd
Vaucluse NSW 2030
Australia",PLUS ES,1,AC,7 kW,-33.8618419,151.2807593,Waverley Council,2030,Kerbside Charging R1,accepted,address_exact_unique,0.97,False,1928.0,5.9857804500948095,5.9857804500948095,39.92272696511059,Peclet local snapshot (experimental),HC2415,Diamond Bay Rd Vaucluse charger,"31 Diamond Bay Rd
Vaucluse NSW 2030
Australia",PLUS ES,,1.0,7 kW,,-33.8618,151.2808,
,,"31 Duxford St
Paddington NSW 2021
Australia",PLUS ES,1,AC,22 kW,-33.8832219,151.2290743,Woollahra Municipal Council,2021,Kerbside Charging R1,accepted,address_exact_unique,0.97,False,1227.0,3.399755016874646,3.399755016874646,41.6166829054414,Peclet local snapshot (experimental),HC2381,Duxford St Paddington charger,"31 Duxford St
Paddington NSW 2021
Australia",PLUS ES,,1.0,22 kW,,-33.8832,151.2291,
,,"31 Mallett St
Camperdown NSW 2050
Australia",PLUS ES,1,AC,7 kW,-33.887359,151.1765863,"Sydney, Council of the City of",2050,Kerbside Charging R1,accepted,address_exact_unique,0.97,False,1503.0,4.731134073202744,4.731134073202744,160.06624938101163,Peclet local snapshot (experimental),HC2487,Mallett St Camperdown charger,"31 Mallett St
Camperdown NSW 2050
Australia",PLUS ES,,1.0,7 kW,,-33.8874,151.1766,
,,"31 Moate St
Georgetown NSW 2298
Australia",Chargefox,2,DC,60 kW,-32.90876,151.7296847,Newcastle City Council,2298,Kerbside Charging R1,accepted,address_exact_unique,0.97,False,1605.0,4.671499522615891,4.671499522615891,1468.7943389175819,Peclet local snapshot (experimental),HC2066,Moate St Georgetown charger,"31 Moate St
Georgetown NSW 2298
Australia",Chargefox,,2.0,60 kW,,-32.9088,151.7297,
,Strikes,"31 Strikes Ln
Eurunderee NSW 2850
Australia",Noodoe,3,AC,AC,-32.5220206,149.6135511,Mid-Western Regional Council,2850,Destination Charging R2,accepted,address_exact_unique,0.97,False,314.0,5.125129455348524,5.125129455348524,671.6250781953481,Peclet local snapshot (experimental),HC2479,Strikes Ln Eurunderee charger,"31 Strikes Ln
Eurunderee NSW 2850
Australia",Noodoe,,3.0,AC,,-32.522,149.6136,
,CH Boutique Apartments The Ringers Road,"31 The Ringers Rd
Hillvue NSW 2340
Australia",Noodoe,2,AC,AC,-31.1277097,150.9203955,Tamworth Regional Council,2340,Destination Charging R2,accepted,address_exact_unique,0.97,False,1623.0,1.1605283018050032,1.1605283018050032,2135.207701657862,Peclet local snapshot (experimental),HC2406,The Ringers Rd Hillvue charger,"31 The Ringers Rd
Hillvue NSW 2340
Australia",Noodoe,,2.0,AC,,-31.1277,150.9204,
,,"32 Belmore St
Enmore NSW 2042
Australia",PLUS ES,1,AC,7 kW,-33.8983449,151.1724925,Inner West Council,2042,Kerbside Charging R1,accepted,address_exact_unique,0.97,False,1901.0,5.04041009213381,5.04041009213381,51.250629929158215,Peclet local snapshot (experimental),HC2411,Belmore St Enmore charger,"32 Belmore St
Enmore NSW 2042
Australia",PLUS ES,,1.0,7 kW,,-33.8983,151.1725,
,,"32 Liverpool St
Rose Bay NSW 2029
Australia",PLUS ES,1,AC,7 kW,-33.875252,151.2749572,Waverley Council,2029,Kerbside Charging R1,accepted,address_exact_unique,0.97,False,806.0,6.640789359082511,6.640789359082511,167.09069780599268,Peclet local snapshot (experimental),HC2416,Liverpool St Rose Bay charger,"32 Liverpool St
Rose Bay NSW 2029
Australia",PLUS ES,,1.0,7 kW,,-33.8753,151.275,
,,"32 Riverstone Pde
Riverstone NSW 2765
Australia",EVX,2,AC,22 kW,-33.6779251,150.8606246,Blacktown City Council,2765,Kerbside Charging R1,accepted,address_exact_unique,0.97,False,1546.0,3.6015578742529453,3.6015578742529453,3366.8308156860653,Peclet local snapshot (experimental),HC2103,Riverstone Pde Riverstone charger,"32 Riverstone Pde
Riverstone NSW 2765
Australia",EVX,,2.0,22 kW,,-33.6779,150.8606,
,,"322 Bourke St
Surry Hills NSW 2010
Australia",EVX,2,AC,22 kW,-33.8820009,151.2166446,"Sydney, Council of the City of",2010,Kerbside Charging R1,accepted,address_exact_unique,0.97,False,318.0,4.118359553559175,4.118359553559175,328.86448775295383,Peclet local snapshot (experimental),HC2558,Bourke St Surry Hills charger,"322 Bourke St
Surry Hills NSW 2010
Australia",EVX,,2.0,22 kW,,-33.882,151.2166,
,,"326 Birrell St
Bondi NSW 2026
Australia",PLUS ES,1,AC,7 kW,-33.8975861,151.264592,Waverley Council,2026,Kerbside Charging R1,accepted,address_exact_unique,0.97,False,1529.0,1.7129194784332717,1.7129194784332717,361.5471075659149,Peclet local snapshot (experimental),HC2398,Birrell St Bondi charger,"326 Birrell St
Bondi NSW 2026
Australia",PLUS ES,,1.0,7 kW,,-33.8976,151.2646,
,Narara Ecovillage,"33 Gugandi Rd
Narara NSW 2250
Australia",EVSE,3,AC,AC,-33.3931163,151.3286306,Central Coast Council,2250,Destination Charging R2,accepted,address_exact_unique,0.97,False,1630.0,3.369792001399592,3.369792001399592,42.045921998551066,Peclet local snapshot (experimental),HC2592,Gugandi Rd Narara charger,"33 Gugandi Rd
Narara NSW 2250
Australia",EVSE,,3.0,AC,,-33.3931,151.3286,
,The Bay Hotel,"330 Fishery Point Rd
Bonnells Bay NSW 2264
Australia",EVSE,2,AC,AC,-33.1110339,151.5322174,Lake Macquarie City Council,2264,Destination Charging R2,accepted,address_exact_unique,0.97,False,2034.0,4.1031160244194735,4.1031160244194735,2072.279935550953,Peclet local snapshot (experimental),HC2608,Fishery Point Rd Bonnells Bay charger,"330 Fishery Point Rd
Bonnells Bay NSW 2264
Australia",EVSE,,2.0,AC,,-33.111,151.5322,
,Nimbo Fork Lodge,"330 Nimbo Rd
Killimicat NSW 2720
Australia",Everty,2,AC,AC,-35.190695,148.20606,Snowy Valleys Council,2720,Destination Charging R2,accepted,address_exact_unique,0.97,False,1958.0,3.677184388044934,3.677184388044934,11628.271931705665,Peclet local snapshot (experimental),HC2485,Nimbo Rd Killimicat charger,"330 Nimbo Rd
Killimicat NSW 2720
Australia",Everty,,2.0,AC,,-35.1907,148.2061,
,Four Cats Coffee,"33-35 Warne St
Wellington NSW 2820
Australia",Chargefox,4,AC,AC,-32.5515142,148.9421831,Dubbo Regional Council,2820,Destination Charging R2,accepted,address_exact_unique,0.97,False,1949.0,2.2365504564029637,2.2365504564029637,374.250564209114,Peclet local snapshot (experimental),HC2133,Warne St Wellington charger,"33-35 Warne St
Wellington NSW 2820
Australia",Chargefox,,4.0,AC,,-32.5515,148.9422,
,,"34 Chandos St
Ashfield NSW 2131
Australia",PLUS ES,1,AC,7 kW,-33.883434,151.128646,Inner West Council,2131,Kerbside Charging R1,accepted,address_exact_unique,0.97,False,1173.0,5.685446200529843,5.685446200529843,145.92304936711204,Peclet local snapshot (experimental),HC2464,Chandos St Ashfield charger,"34 Chandos St
Ashfield NSW 2131
Australia",PLUS ES,,1.0,7 kW,,-33.8834,151.1286,
,,"34 Myra Rd
Dulwich Hill NSW 2203
Australia",EVE Australia,2,AC,22 kW,-33.9079415,151.1356726,Inner West Council,2203,Kerbside Charging R1,accepted,address_exact_unique,0.97,False,2011.0,5.2619617276923965,5.2619617276923965,78.02311001856334,Peclet local snapshot (experimental),HC2154,Myra Rd Dulwich Hill charger,"34 Myra Rd
Dulwich Hill NSW 2203
Australia",EVE Australia,,2.0,22 kW,,-33.9079,151.1357,
,,"34 Spencer St
Rose Bay NSW 2029
Australia",PLUS ES,1,AC,22 kW,-33.8697722,151.2747449,Woollahra Municipal Council,2029,Kerbside Charging R1,accepted,address_exact_unique,0.97,False,310.0,5.171095513338068,5.171095513338068,83.86523238022656,Peclet local snapshot (experimental),HC2426,Spencer St Rose Bay charger,"34 Spencer St
Rose Bay NSW 2029
Australia",PLUS ES,,1.0,22 kW,,-33.8698,151.2747,
,,"34C Taylor St
Annandale NSW 2038
Australia",EVX,2,AC,22 kW,-33.8833648,151.1742876,Inner West Council,2038,Kerbside Charging R1,accepted,address_exact_unique,0.97,False,281.0,4.078004289507489,4.078004289507489,133.2998149893278,Peclet local snapshot (experimental),HC2424,Taylor St Annandale charger,"34C Taylor St
Annandale NSW 2038
Australia",EVX,,2.0,22 kW,,-33.8834,151.1743,
,,"35 Diamond Bay Rd
Vaucluse NSW 2030
Australia",PLUS ES,1,AC,7 kW,-33.8613437,151.2805579,Waverley Council,2030,Kerbside Charging R1,accepted,address_exact_unique,0.97,False,1201.0,6.222791258552968,6.222791258552968,49.22160855987422,Peclet local snapshot (experimental),HC2417,Diamond Bay Rd Vaucluse charger,"35 Diamond Bay Rd
Vaucluse NSW 2030
Australia",PLUS ES,,1.0,7 kW,,-33.8613,151.2806,
,,"35 Fitzroy St
Marrickville NSW 2204
Australia",EVX,2,AC,22 kW,-33.9096267,151.1658699,Inner West Council,2204,Kerbside Charging R1,accepted,address_exact_unique,0.97,False,311.0,4.065719003128547,4.065719003128547,437.7979659373012,Peclet local snapshot (experimental),HC2437,Fitzroy St Marrickville charger,"35 Fitzroy St
Marrickville NSW 2204
Australia",EVX,,2.0,22 kW,,-33.9096,151.1659,
,,"35 Gould Ave
Lewisham NSW 2049
Australia",PLUS ES,1,AC,22 kW,-33.8995583,151.1471696,Inner West Council,2049,Kerbside Charging R1,accepted,address_exact_unique,0.97,False,736.0,5.419619456207023,5.419619456207023,288.06917703328,Peclet local snapshot (experimental),HC2256,Gould Ave Lewisham charger,"35 Gould Ave
Lewisham NSW 2049
Australia",PLUS ES,,1.0,22 kW,,-33.8996,151.1472,
,,"35 Holmwood St
Newtown NSW 2042
Australia",PLUS ES,1,AC,22 kW,-33.9040698,151.178539,Inner West Council,2042,Kerbside Charging R1,accepted,address_exact_unique,0.97,False,1104.0,4.92254240263449,4.92254240263449,38.324741837537644,Peclet local snapshot (experimental),HC2425,Holmwood St Newtown charger,"35 Holmwood St
Newtown NSW 2042
Australia",PLUS ES,,1.0,22 kW,,-33.9041,151.1785,
,Bendalong (Manchester Lane Nashdale),"35 Manchester Ln
Nashdale NSW 2800
Australia",EVSE,1,AC,AC,-33.3036809,149.0392395,Cabonne Council,2800,Destination Charging R2,accepted,address_exact_unique,0.97,False,1145.0,4.240986404648969,4.240986404648969,1551.2741187990723,Peclet local snapshot (experimental),HC2636,Manchester Ln Nashdale charger,"35 Manchester Ln
Nashdale NSW 2800
Australia",EVSE,,1.0,AC,,-33.3037,149.0392,
,,"35 Metropolitan Rd
Enmore NSW 2042
Australia",PLUS ES,1,AC,22 kW,-33.9005438,151.1721734,Inner West Council,2042,Kerbside Charging R1,accepted,address_exact_unique,0.97,False,706.0,5.454093069064805,5.454093069064805,70.44995336990453,Peclet local snapshot (experimental),HC2399,Metropolitan Rd Enmore charger,"35 Metropolitan Rd
Enmore NSW 2042
Australia",PLUS ES,,1.0,22 kW,,-33.9005,151.1722,
,JETTY MOTEL THE ENTRANCE,"353 The Entrance Rd
Long Jetty NSW 2261
Australia",EVUp,3,AC,AC,-33.3542628,151.4872987,Central Coast Council,2261,Destination Charging R1,accepted,address_exact_unique,0.97,False,480.0,1.6015066833015736,1.6015066833015736,244.43256019534562,Peclet local snapshot (experimental),DC325,Jetty Motel charger,"353 The Entrance Road, Long Jetty, NSW 2261",,Type 2,3.0,kW,8am to 8pm,-33.354256,151.4872835,
,,"35-37 Ocean St
Bondi NSW 2026
Australia",Chargefox,2,AC,22 kW,-33.8922308,151.2623152,Waverley Council,2026,Kerbside Charging R1,accepted,address_exact_unique,0.97,False,1603.0,3.7010329406012334,3.7010329406012334,262.30652781913335,Peclet local snapshot (experimental),HC2043,Ocean St Bondi charger,"35-37 Ocean St
Bondi NSW 2026
Australia",Chargefox,,2.0,22 kW,,-33.8922,151.2623,
,Gowing Bros ,"35-61 Harbour Dr
Coffs Harbour NSW 2450
Australia",Smart Charge,2,AC,AC,-30.2970627,153.115799,Coffs Harbour City Council,2450,Destination Charging R1,accepted,address_exact_unique,0.97,False,1598.0,4.148681813311588,4.148681813311588,35.057804034403716,Peclet local snapshot (experimental),HC2698,Harbour Dr Coffs Harbour charger,"35-61 Harbour Dr
Coffs Harbour NSW 2450
Australia",Smart Charge,,2.0,AC,,-30.2971,153.1158,
,Tamburlaine Organic Wines,"358 McDonalds Rd
Pokolbin NSW 2320
Australia",EVNet,2,AC,AC,-32.7821954,151.29988,Cessnock City Council,2320,Destination Charging R2,review,ambiguous_exact_address,0.5,True,375.0,1.9384119275101317,1.9384119275101317,136.3776339417398,Peclet local snapshot (experimental),HC2598,McDonalds Rd Pokolbin charger,"358 McDonalds Rd
Pokolbin NSW 2320
Australia",EVNet,,2.0,AC,,-32.7822,151.2999,nearest=1.938m; gap=136.378m; manual confirmation required
,,"36 Hopewell St
Paddington NSW 2021
Australia",EVX,2,AC,22 kW,-33.8823149,151.221981,Woollahra Municipal Council,2021,Kerbside Charging R1,accepted,address_exact_unique,0.97,False,766.0,2.412733797382174,2.412733797382174,154.82682792618937,Peclet local snapshot (experimental),HC2299,Hopewell St Paddington charger,"36 Hopewell St
Paddington NSW 2021
Australia",EVX,,2.0,22 kW,,-33.8823,151.222,
,,"36 Napier St
Paddington NSW 2021
Australia",EVX,2,AC,22 kW,-33.8831409,151.2199952,"Sydney, Council of the City of",2021,Kerbside Charging R1,accepted,address_exact_unique,0.97,False,813.0,4.569406668317722,4.569406668317722,202.77737063544913,Peclet local snapshot (experimental),HC2561,Napier St Paddington charger,"36 Napier St
Paddington NSW 2021
Australia",EVX,,2.0,22 kW,,-33.8831,151.22,
,Orange Waratah Sports Club ,"36 Telopea Way
Orange NSW 2800
Australia",Exploren,2,AC,AC,-33.2492129,149.1016696,Orange City Council,2800,Destination Charging R1,accepted,address_exact_unique,0.97,False,1113.0,3.170041783498124,3.170041783498124,1.7695850016955297,Peclet local snapshot (experimental),HC2702,Telopea Way Orange charger,"36 Telopea Way
Orange NSW 2800
Australia",Exploren,,2.0,AC,,-33.2492,149.1017,
,Rosevale,"361 Rankin St
Bathurst NSW 2795
Australia",Exploren,2,AC,AC,-33.4225787,149.5653976,Bathurst Regional Council,2795,Destination Charging R2,accepted,address_exact_unique,0.97,False,1896.0,2.378902257170373,2.378902257170373,1048.8792940196354,Peclet local snapshot (experimental),HC2304,Rankin St Bathurst charger,"361 Rankin St
Bathurst NSW 2795
Australia",Exploren,,2.0,AC,,-33.4226,149.5654,
,,"363-367 Bronte Rd, Bronte, NSW, 2024, Australia",EVX,2,AC,22 kW,-33.9033078,151.2606162,Waverley Council,2024,Kerbside Charging R1,accepted,address_exact_unique,0.97,False,761.0,1.7284508505443974,1.7284508505443974,272.2673360155629,Peclet local snapshot (experimental),HC2175,Bronte Rd Bronte charger,"363-367 Bronte Rd, Bronte, NSW, 2024, Australia",EVX,,2.0,22 kW,,-33.9033,151.2606,
,,"36R Dudley St
Randwick NSW 2031
Australia",EVX,2,AC,22 kW,-33.9234885,151.2490438,Randwick City Council,2031,Kerbside Charging R1,accepted,address_exact_unique,0.97,False,1519.0,4.238808320025936,4.238808320025936,244.01984929943515,Peclet local snapshot (experimental),HC2162,Dudley St Randwick charger,"36R Dudley St
Randwick NSW 2031
Australia",EVX,,2.0,22 kW,,-33.9235,151.249,
,Goulburn Health Hub,"37 Ross St
Goulburn NSW 2580
Australia",Non-networked,1,AC,AC,-34.7313527,149.7434487,Goulburn Mulwaree Council,2580,Destination Charging R2,accepted,address_exact_unique,0.97,False,1989.0,6.889733726499746,6.889733726499746,1800.0127502844912,Peclet local snapshot (experimental),HC2513,Ross St Goulburn charger,"37 Ross St
Goulburn NSW 2580
Australia",Non-networked,,1.0,AC,,-34.7314,149.7434,
,,"374 Peel St, Tamworth NSW 2340, Australia",Evie Networks,4,DC,175 kW,-31.0900932,150.9304748,Tamworth Regional Council,2340,Fast Charging R1,review,coordinate_candidate,0.5,True,1654.0,107.79463052294682,107.79463052294682,181.34386533528993,Peclet local snapshot (experimental),DC107,CH Boutique Hotel charger,"52 Brisbane St, Tamworth NSW 2340, Australia",Tesla Destination,Tesla,2.0,22 kW,Open 24/7,-31.089446,150.929632,nearest=107.795m; gap=181.344m; manual confirmation required
,Dunedoo Bowling Club Carpark,"39 Cobborah St
Dunedoo NSW 2844
Australia",Charge OS,2,AC,AC,-32.0184447,149.3965287,Warrumbungle Shire Council,2844,Destination Charging R2,accepted,address_exact_unique,0.97,False,732.0,5.6591968227473055,5.6591968227473055,40511.54461368266,Peclet local snapshot (experimental),HC2210,Cobborah St Dunedoo charger,"39 Cobborah St
Dunedoo NSW 2844
Australia",Charge OS,,2.0,AC,,-32.0184,149.3965,
,,"39 Dulwich St
Dulwich Hill NSW 2203
Australia",PLUS ES,1,AC,22 kW,-33.9030203,151.141805,Inner West Council,2203,Kerbside Charging R1,accepted,address_exact_unique,0.97,False,338.0,2.303941154203119,2.303941154203119,101.55670634229664,Peclet local snapshot (experimental),HC2462,Dulwich St Dulwich Hill charger,"39 Dulwich St
Dulwich Hill NSW 2203
Australia",PLUS ES,,1.0,22 kW,,-33.903,151.1418,
,,"39 Grove St
Birchgrove NSW 2041
Australia",EVX,2,AC,22 kW,-33.8515305,151.1817991,Inner West Council,2041,Kerbside Charging R1,accepted,address_exact_unique,0.97,False,1621.0,3.3924634730518552,3.3924634730518552,41.63533583347993,Peclet local snapshot (experimental),HC2389,Grove St Birchgrove charger,"39 Grove St
Birchgrove NSW 2041
Australia",EVX,,2.0,22 kW,,-33.8515,151.1818,
,,"3-9 Spring St
Chatswood NSW 2067
Australia",EVX,2,AC,22 kW,-33.796827,151.185229,Willoughby City Council,2067,Kerbside Charging R1,accepted,address_exact_unique,0.97,False,830.0,4.024247684418424,4.024247684418424,159.26730857415842,Peclet local snapshot (experimental),HC2120,Spring St Chatswood charger,"3-9 Spring St
Chatswood NSW 2067
Australia",EVX,,2.0,22 kW,,-33.7968,151.1852,
,,"392 Manns Road, West Gosford NSW 2250 Australia",Tesla,12,DC,175 kW,-33.4258966,151.3205356,Central Coast Council,2250,Fast Charging R1,accepted,address_exact_unique,0.97,False,1921.0,3.3253538973857957,3.3253538973857957,165.6710509815141,Peclet local snapshot (experimental),HC2232,Manns Road West Gosford charger,"392 Manns Road, West Gosford NSW 2250 Australia",Tesla,,12.0,DC,,-33.4259,151.3205,
,,"396 Mowbray Rd
Lane Cove North NSW 2066
Australia",PLUS ES,1,AC,22 kW,-33.8065466,151.1757967,Lane Cove Municipal Council,2066,Kerbside Charging R1,accepted,address_exact_unique,0.97,False,762.0,5.190646327748883,5.190646327748883,70.37019140667581,Peclet local snapshot (experimental),HC2205,Mowbray Rd Lane Cove North charger,"396 Mowbray Rd
Lane Cove North NSW 2066
Australia",PLUS ES,,1.0,22 kW,,-33.8065,151.1758,
,Centrepoint Motel Deniliquin,"399 Cressy St
Deniliquin NSW 2710
Australia",EVUp,3,AC,AC,-35.5265736,144.9616568,Edward River Council,2710,Destination Charging R1,accepted,address_exact_unique,0.97,False,1431.0,29.655253362467924,29.655253362467924,34.89365339690888,Peclet local snapshot (experimental),DC945,Centrepoint Motel Deniliquin charger,"399 Cressy Street, Deniliquin NSW 2710",EVUp,Type 2,3.0,kW,,-35.52642995,144.9619329,
,,"3A Cowell St
Gladesville NSW 2111
Australia",Evie Networks,2,DC,75 kW,-33.8329216,151.1276887,"Hunters Hill, The Council of the Municipality of",2111,Kerbside Charging R1,accepted,address_exact_unique,0.97,False,1578.0,2.6187918730488895,2.6187918730488895,2113.5001180154413,Peclet local snapshot (experimental),HC2134,Cowell St Gladesville charger,"3A Cowell St
Gladesville NSW 2111
Australia",Evie Networks,,2.0,75 kW,,-33.8329,151.1277,
,,"3A Hunter St
Stockton NSW 2295
Australia",Chargefox,4,AC,7 kW,-32.9193026,151.783,Newcastle City Council,2295,Kerbside Charging R1,accepted,address_exact_unique,0.97,False,2005.0,0.28910680949403317,0.28910680949403317,800.5932109362194,Peclet local snapshot (experimental),HC2095,Hunter St Stockton charger,"3A Hunter St
Stockton NSW 2295
Australia",Chargefox,,4.0,7 kW,,-32.9193,151.783,
,Batemans Bay Soldiers Club,"4 Beach Rd
Batemans Bay NSW 2536
Australia",Exploren,2,AC,AC,-35.7094784,150.1790805,Eurobodalla Shire Council,2536,Destination Charging R1,review,coordinate_candidate,0.5,True,1817.0,18.204173563190853,18.204173563190853,52.92880963825489,Peclet local snapshot (experimental),DC926,Batemans Bay Soldiers Club charger,"4-6 Beach Rd, Batemans Bay NSW 2536, Australia, Batemans Bay 2536",Exploren,Type 2,2.0,22 kW,Open 24/7,-35.70944751,150.1788825,nearest=18.204m; gap=52.929m; manual confirmation required
,,"4 Defries Ave, Sydney, 2017",Chargefox,2,AC,22 kW,-33.90527032,151.2130891,"Sydney, Council of the City of",2017,Existing Destination Chargers,review,ambiguous_exact_address,0.5,True,574.0,27.072529348749164,27.072529348749164,10.763238734879074,Peclet local snapshot (experimental),DC752,East Village Shopping Centre (1) charger,"4 Defries Ave, Zetland NSW 2017, Australia",Chargefox,Type 2,2.0,22 kW,6:00 AM - 12:00 AM,-33.905378,151.212826,nearest=27.073m; gap=10.763m; manual confirmation required
,,"4 Guihen St
Annandale NSW 2038
Australia",PLUS ES,1,AC,22 kW,-33.8847854,151.1753541,Inner West Council,2038,Kerbside Charging R1,accepted,address_exact_unique,0.97,False,1610.0,4.537382591486455,4.537382591486455,111.28840751325572,Peclet local snapshot (experimental),HC2280,Guihen St Annandale charger,"4 Guihen St
Annandale NSW 2038
Australia",PLUS ES,,1.0,22 kW,,-33.8848,151.1754,
,Ingenia Holiday Park - Hunter Valley,"137 Mount View Rd
Cessnock NSW 2325
Australia",Exploren,2,AC,AC,-32.8314976,151.3381546,Cessnock City Council,2325,Destination Charging R1,review,ambiguous_exact_address,0.5,True,1181.0,4.250272403267535,4.250272403267535,48.879594150735564,Peclet local snapshot (experimental),HC2685,Mount View Rd Cessnock charger,"137 Mount View Rd
Cessnock NSW 2325
Australia",Exploren,,2.0,AC,,-32.8315,151.3382,nearest=4.250m; gap=48.880m; manual confirmation required
,,"4 Stanley St
Queens Park NSW 2022
Australia",PLUS ES,1,AC,22 kW,-33.895942,151.2478041,Waverley Council,2022,Kerbside Charging R1,accepted,address_exact_unique,0.97,False,301.0,4.6854933126975595,4.6854933126975595,346.8867589153441,Peclet local snapshot (experimental),HC2187,Stanley St Queens Park charger,"4 Stanley St
Queens Park NSW 2022
Australia",PLUS ES,,1.0,22 kW,,-33.8959,151.2478,
,,"40 Albert Pde
Ashfield NSW 2131
Australia",EVE Australia,4,AC,22 kW,-33.8829391,151.1223655,Inner West Council,2131,Kerbside Charging R1,accepted,address_exact_unique,0.97,False,1980.0,5.389371566066434,5.389371566066434,526.7077651966115,Peclet local snapshot (experimental),HC2192,Albert Pde Ashfield charger,"40 Albert Pde
Ashfield NSW 2131
Australia",EVE Australia,,4.0,22 kW,,-33.8829,151.1224,
,,"40 Malakoff St
Marrickville NSW 2204
Australia",EVE Australia,2,AC,22 kW,-33.9079019,151.1568005,Inner West Council,2204,Kerbside Charging R1,accepted,address_exact_unique,0.97,False,1160.0,0.2162504965426948,0.2162504965426948,731.8324828974547,Peclet local snapshot (experimental),HC2116,Malakoff St Marrickville charger,"40 Malakoff St
Marrickville NSW 2204
Australia",EVE Australia,,2.0,22 kW,,-33.9079,151.1568,
,,"402 Mowbray Rd
Lane Cove North NSW 2066
Australia",PLUS ES,1,AC,7 kW,-33.8067172,151.1750156,Lane Cove Municipal Council,2066,Kerbside Charging R1,accepted,address_exact_unique,0.97,False,1609.0,2.3948565797718064,2.3948565797718064,73.9973556587093,Peclet local snapshot (experimental),HC2213,Mowbray Rd Lane Cove North charger,"402 Mowbray Rd
Lane Cove North NSW 2066
Australia",PLUS ES,,1.0,7 kW,,-33.8067,151.175,
,Harvest Lodge Motel,"404 Conadilly St
Gunnedah NSW 2380
Australia",EVSE,1,AC,AC,-30.9836392,150.2640469,Gunnedah Shire Council,2380,Destination Charging R2,accepted,address_exact_unique,0.97,False,1936.0,6.2440949733188615,6.2440949733188615,721.9699598442737,Peclet local snapshot (experimental),HC2583,Conadilly St Gunnedah charger,"404 Conadilly St
Gunnedah NSW 2380
Australia",EVSE,,1.0,AC,,-30.9836,150.264,
,Village Fair Maitland Plaza ,"405 High St
Maitland NSW 2320
Australia",Exploren,4,AC,AC,-32.733865,151.5561263,Maitland City Council,2320,Destination Charging R1,accepted,coordinate_exact,1.0,False,467.0,0.0,0.028060860564776312,405.79116325161596,Peclet local snapshot (experimental),DC230,Maitland Riverside Plaza charger,"405 High St, Maitland NSW 2320, Australia, Maitland 2320",Exploren,Type 2,4.0,7 kW,Open 24/7,-32.733865,151.556126,
,,"407 New Canterbury Rd
Dulwich Hill NSW 2203
Australia",EVE Australia,2,AC,22 kW,-33.9024959,151.1438409,Inner West Council,2203,Kerbside Charging R1,accepted,address_exact_unique,0.97,False,2010.0,3.8021111319538465,3.8021111319538465,192.7165816643168,Peclet local snapshot (experimental),HC2150,New Canterbury Rd Dulwich Hill charger,"407 New Canterbury Rd
Dulwich Hill NSW 2203
Australia",EVE Australia,,2.0,22 kW,,-33.9025,151.1438,
,The Lane Retreat,"409 Palmers Ln
Pokolbin NSW 2320
Australia",Chargefox,2,AC,AC,-32.7539269,151.298235,Cessnock City Council,2320,Destination Charging R2,accepted,address_exact_unique,0.97,False,1139.0,4.433922583322502,4.433922583322502,255.59179222323792,Peclet local snapshot (experimental),HC2493,Palmers Ln Pokolbin charger,"409 Palmers Ln
Pokolbin NSW 2320
Australia",Chargefox,,2.0,AC,,-32.7539,151.2982,
,,"41 Owen St
Huskisson NSW 2540
Australia",Everty,2,AC,AC,-35.0383366,150.6692483,Shoalhaven City Council,2540,Destination Charging R2,accepted,address_exact_unique,0.97,False,1963.0,5.9916282255789675,5.9916282255789675,298.9370178938184,Peclet local snapshot (experimental),HC2556,Owen St Huskisson charger,"41 Owen St
Huskisson NSW 2540
Australia",Everty,,2.0,AC,,-35.0383,150.6692,
,,"41 St Marks Rd
Randwick NSW 2031
Australia",PLUS ES,1,AC,7 kW,-33.9104758,151.2471189,Randwick City Council,2031,Kerbside Charging R1,accepted,address_exact_unique,0.97,False,387.0,3.2067134530198897,3.2067134530198897,201.939152127903,Peclet local snapshot (experimental),HC2176,St Marks Rd Randwick charger,"41 St Marks Rd
Randwick NSW 2031
Australia",PLUS ES,,1.0,7 kW,,-33.9105,151.2471,
,Siesta Unit Trust,"416 Wagga Rd
Lavington NSW 2641
Australia",Chargefox,4,AC,AC,-36.0458866,146.9437845,Albury City Council,2641,Destination Charging R1,accepted,address_exact_unique,0.97,False,1602.0,2.0401242015461496,2.0401242015461496,47.740131532568014,Peclet local snapshot (experimental),HC2729,Wagga Rd Lavington charger,"416 Wagga Rd
Lavington NSW 2641
Australia",Chargefox,,4.0,AC,,-36.0459,146.9438,
,,"42 Carrington Pde
Curl Curl NSW 2096
Australia",EVX,2,AC,22 kW,-33.773966,151.2918253,Northern Beaches Council,2096,Kerbside Charging R1,accepted,address_exact_unique,0.97,False,300.0,4.445396471389936,4.445396471389936,558.1606269254146,Peclet local snapshot (experimental),HC2127,Carrington Pde Curl Curl charger,"42 Carrington Pde
Curl Curl NSW 2096
Australia",EVX,,2.0,22 kW,,-33.774,151.2918,
,Gowing Bros,"42 Horton St
Port Macquarie NSW 2444
Australia",Smart Charge,2,AC,AC,-31.429928,152.909968,Port Macquarie-Hastings Council,2444,Destination Charging R1,review,coordinate_candidate,0.5,True,868.0,44.052136685034974,44.052136685034974,93.06840035256147,Peclet local snapshot (experimental),DC117,Port Central charger,"40-42 Horton Street, Port Macquarie, 2444, AUS",Saascharge International GmbH,Type 2,2.0,22 kW,"6:00am to 8:00pm Monday to Saturday 6:00am to 6:00pm Sunday and Public
Holidays",-31.429863,152.90951,nearest=44.052m; gap=93.068m; manual confirmation required
,Cellar Door,"42 Lake Canobolas Rd
Nashdale NSW 2800
Australia",Non-networked,2,AC,AC,-33.2990773,149.0193866,Cabonne Council,2800,Destination Charging R2,accepted,address_exact_unique,0.97,False,1915.0,2.8146345455112654,2.8146345455112654,538.8362622566905,Peclet local snapshot (experimental),HC2067,Lake Canobolas Rd Nashdale charger,"42 Lake Canobolas Rd
Nashdale NSW 2800
Australia",Non-networked,,2.0,AC,,-33.2991,149.0194,
,,"42 New Beach Rd, Darling Point, NSW, 2027",Chargefox,2,AC,7 kW,-33.8733988,151.2352733,Woollahra Municipal Council,2027,Kerbside Charging R1,accepted,address_exact_unique,0.97,False,788.0,2.4686046023914487,2.4686046023914487,687.0031154182767,Peclet local snapshot (experimental),HC2044,New Beach Rd Darling Point charger,"42 New Beach Rd, Darling Point, NSW, 2027",Chargefox,,2.0,7 kW,,-33.8734,151.2353,
,,"424 Hoxton Park Rd, Prestons, NSW, 2170",NRMA,4,DC,175 kW,-33.9304674,150.8750193,Liverpool City Council,2170,Fast Charging R1,accepted,address_exact_unique,0.97,False,270.0,4.038676317171551,4.038676317171551,2926.210598646162,Peclet local snapshot (experimental),HC2224,Hoxton Park Rd Prestons charger,"424 Hoxton Park Rd, Prestons, NSW, 2170",NRMA,,4.0,DC,,-33.9305,150.875,
,Cabins in the Clouds,"424 Moonabung Rd
Vacy NSW 2421
Australia",Chargefox,4,AC,AC,-32.5423289,151.5011005,Dungog Shire Council,2421,Destination Charging R2,accepted,address_exact_unique,0.97,False,1660.0,35.10516513879835,35.10516513879835,758.6301727055504,Peclet local snapshot (experimental),DC136,Cabins in the Clouds charger,"424 Moonabung Rd, Vacy NSW 2421, Australia",Tesla Destination,Tesla,2.0,22 kW,,-32.542331,151.500726,
,Ingenia Holiday Parks - One Mile Beach,"426 Gan Gan Rd
One Mile NSW 2316
Australia",Exploren,4,AC,AC,-32.7769383,152.1139955,Port Stephens Council,2316,Destination Charging R2,accepted,address_exact_unique,0.97,False,1616.0,4.279495494572881,4.279495494572881,389.7623295971559,Peclet local snapshot (experimental),HC2341,Gan Gan Rd One Mile charger,"426 Gan Gan Rd
One Mile NSW 2316
Australia",Exploren,,4.0,AC,,-32.7769,152.114,
,,"429 Old South Head Rd
Rose Bay NSW 2029
Australia",EVX,2,AC,22 kW,-33.8786168,151.2707053,Waverley Council,2029,Kerbside Charging R1,accepted,address_exact_unique,0.97,False,1974.0,1.931086415286567,1.931086415286567,456.99646546336095,Peclet local snapshot (experimental),HC2113,Old South Head Rd Rose Bay charger,"429 Old South Head Rd
Rose Bay NSW 2029
Australia",EVX,,2.0,22 kW,,-33.8786,151.2707,
,Wagga Wagga City Council,"43 Eastlake Dr
Lake Albert NSW 2650
Australia",Smart Charge,2,AC,AC,-35.1710992,147.3789989,Wagga Wagga City Council,2650,Destination Charging R1,accepted,address_exact_unique,0.97,False,343.0,0.1338282129607541,0.1338282129607541,2256.675124124367,Peclet local snapshot (experimental),HC2666,Eastlake Dr Lake Albert charger,"43 Eastlake Dr
Lake Albert NSW 2650
Australia",Smart Charge,,2.0,AC,,-35.1711,147.379,
,Emma's Cottage,"438 Wilderness Rd
Lovedale NSW 2325
Australia",Chargefox,1,AC,AC,-32.742285,151.3477018,Cessnock City Council,2325,Destination Charging R2,accepted,address_exact_unique,0.97,False,1960.0,1.6763984028907244,1.6763984028907244,1816.037711449371,Peclet local snapshot (experimental),HC2494,Wilderness Rd Lovedale charger,"438 Wilderness Rd
Lovedale NSW 2325
Australia",Chargefox,,1.0,AC,,-32.7423,151.3477,
,,"44 Anderson St
Chatswood NSW 2067
Australia",EVX,2,AC,22 kW,-33.7935075,151.181598,Willoughby City Council,2067,Kerbside Charging R1,accepted,address_exact_unique,0.97,False,268.0,0.8541953442500205,0.8541953442500205,166.98802954147894,Peclet local snapshot (experimental),HC2128,Anderson St Chatswood charger,"44 Anderson St
Chatswood NSW 2067
Australia",EVX,,2.0,22 kW,,-33.7935,151.1816,
,Ballina Beach Nature Resort,"440 SOUTH BALLINA BEACH ROAD
South Ballina NSW 2478
Australia",Non-networked,2,AC,AC,-28.8853915,153.5684392,Ballina Shire Council,2478,Destination Charging R2,accepted,address_exact_unique,0.97,False,403.0,3.9318388991247732,3.9318388991247732,1617.5869887724343,Peclet local snapshot (experimental),HC2615,SOUTH BALLINA BEACH ROAD South Ballina charger,"440 SOUTH BALLINA BEACH ROAD
South Ballina NSW 2478
Australia",Non-networked,,2.0,AC,,-28.8854,153.5684,
,Eden Beachfront,"441 Princes Hwy
Eden NSW 2551
Australia",Exploren,4,AC,AC,-37.0770249,149.8753876,Bega Valley Shire Council,2551,Destination Charging R2,accepted,address_exact_unique,0.97,False,1897.0,2.979281793751429,2.979281793751429,2928.0901461546496,Peclet local snapshot (experimental),HC2311,Princes Hwy Eden charger,"441 Princes Hwy
Eden NSW 2551
Australia",Exploren,,4.0,AC,,-37.077,149.8754,
,,"442-446 Edgecliff Rd
Edgecliff NSW 2027
Australia",PLUS ES,1,AC,7 kW,-33.8800002,151.2392159,Woollahra Municipal Council,2027,Kerbside Charging R1,accepted,address_exact_unique,0.97,False,1097.0,1.46797375045006,1.46797375045006,419.8934995452708,Peclet local snapshot (experimental),HC2164,Edgecliff Rd Edgecliff charger,"442-446 Edgecliff Rd
Edgecliff NSW 2027
Australia",PLUS ES,,1.0,7 kW,,-33.88,151.2392,
,Talbingo Tourist Park,"45 Whitty St
Talbingo NSW 2720
Australia",Noodoe,2,AC,AC,-35.584137,148.2942372,Snowy Valleys Council,2720,Destination Charging R2,accepted,address_exact_unique,0.97,False,750.0,5.314448840442594,5.314448840442594,372.63861555019656,Peclet local snapshot (experimental),HC2587,Whitty St Talbingo charger,"45 Whitty St
Talbingo NSW 2720
Australia",Noodoe,,2.0,AC,,-35.5841,148.2942,
,Imperial Hotel,"458 High St
Maitland NSW 2320
Australia",Chargefox,2,AC,AC,-32.7310145,151.5535602,Maitland City Council,2320,Destination Charging R1,accepted,address_exact_unique,0.97,False,1687.0,15.339224856296461,15.339224856296461,86.4166616962138,Peclet local snapshot (experimental),DC247,Hunt Hospitality - Imperial Hotel charger,"458 High Street, Maitland NSW 2320, Australia",Chargefox,Type 2,2.0,22 kW,Open 24/7,-32.731028,151.553397,
,Young Services Club,"46 Cloete St
Young NSW 2594
Australia",Chargefox,4,AC,AC,-34.314891,148.29643,Hilltops Council,2594,Destination Charging R2,accepted,address_exact_unique,0.97,False,776.0,2.9313662933920583,2.9313662933920583,89.13309653903644,Peclet local snapshot (experimental),HC2444,Cloete St Young charger,"46 Cloete St
Young NSW 2594
Australia",Chargefox,,4.0,AC,,-34.3149,148.2964,
,Ingenia Holiday Parks - Merry Beach,"46 Merry Beach Rd
Kioloa NSW 2539
Australia",Exploren,4,AC,AC,-35.5654089,150.3719759,Shoalhaven City Council,2539,Destination Charging R2,accepted,address_exact_unique,0.97,False,305.0,2.394010213664234,2.394010213664234,381.6020611994675,Peclet local snapshot (experimental),HC2312,Merry Beach Rd Kioloa charger,"46 Merry Beach Rd
Kioloa NSW 2539
Australia",Exploren,,4.0,AC,,-35.5654,150.372,
,,"46 Wynter St, Taree NSW 2430, Australia",Tesla,12,DC,175 kW,-31.9091185,152.4602815,Mid-Coast Council,2430,Fast Charging R1,accepted,address_exact_unique,0.97,False,1561.0,2.698347978535503,2.698347978535503,439.1450522317933,Peclet local snapshot (experimental),HC2617,Wynter St Taree charger,"46 Wynter St, Taree NSW 2430, Australia",Tesla,,12.0,DC,,-31.9091,152.4603,
,,"47-49 Archer St
Chatswood NSW 2067
Australia",EVX,2,AC,22 kW,-33.7979339,151.1868143,Willoughby City Council,2067,Kerbside Charging R1,accepted,address_exact_unique,0.97,False,1548.0,3.9943972880186194,3.9943972880186194,191.32132274022416,Peclet local snapshot (experimental),HC2129,Archer St Chatswood charger,"47-49 Archer St
Chatswood NSW 2067
Australia",EVX,,2.0,22 kW,,-33.7979,151.1868,
,,"47-49A Cleary St
Hamilton NSW 2303
Australia",Chargefox,2,DC,60 kW,-32.9212044,151.7479743,Newcastle City Council,2303,Kerbside Charging R1,accepted,address_exact_unique,0.97,False,1192.0,2.448200849504171,2.448200849504171,687.2874913157415,Peclet local snapshot (experimental),HC2191,47-49A Cleary St Hamilton charger,"47-49A Cleary St
Hamilton NSW 2303
Australia",Chargefox,,2.0,60 kW,,-32.9212,151.748,
,,477 Coolac Rd Coolac NSW 2727 Australia,Tesla,12,DC,175 kW,-34.9244264,148.1654233,Cootamundra-gundagai Regional Council,2727,Fast Charging R1,accepted,address_exact_unique,0.97,False,1488.0,3.6235172189229314,3.6235172189229314,9998.342976863341,Peclet local snapshot (experimental),HC2006,Coolac Rd Coolac charger,477 Coolac Rd Coolac NSW 2727 Australia,Tesla,,12.0,DC,,-34.9244,148.1654,
,Federation of Community Sporting and Workers Clubs Limited,"48 Marine Dr
Fingal Bay NSW 2315
Australia",EVUp,1,AC,AC,-32.7424216,152.1692232,Port Stephens Council,2315,Destination Charging R1,review,ambiguous_exact_address,0.5,True,721.0,3.236798398381154,3.236798398381154,68.35087655570473,Peclet local snapshot (experimental),HC2708,Marine Dr Fingal Bay charger,"48 Marine Dr
Fingal Bay NSW 2315
Australia",EVUp,,1.0,AC,,-32.7424,152.1692,nearest=3.237m; gap=68.351m; manual confirmation required
,Oberon Visitor Information Centre,"48 Ross St
Oberon NSW 2787
Australia",CasaCharge,2,AC,AC,-33.7087529,149.8577918,Oberon Council,2787,Destination Charging R2,accepted,address_exact_unique,0.97,False,519.0,17.20228941021129,17.20228941021129,657.508975643138,Peclet local snapshot (experimental),DC514,Oberon Visitor Information Centre charger,"48 Ross St, Oberon NSW 2787, Australia",Tesla Destination,Type 2,2.0,22 kW,Open 24/7,-33.708875,149.857906,
,,"481 Pacific Hwy, Wyoming NSW 2250, Australia",BP,6,DC,175 kW,-33.4082245,151.3511059,Central Coast Council,2250,Fast Charging R1,accepted,address_exact_unique,0.97,False,2015.0,2.778776507327182,2.778776507327182,194.64308419798442,Peclet local snapshot (experimental),HC2211,Pacific Hwy Wyoming charger,"481 Pacific Hwy, Wyoming NSW 2250, Australia",BP,,6.0,DC,,-33.4082,151.3511,
,Leisure Inn Pokolbin,"485 McDonalds Road
Pokolbin NSW 2320
Australia",Exploren,4,AC,AC,-32.7715135,151.3024314,Singleton Council,2320,Destination Charging R2,accepted,address_exact_unique,0.97,False,285.0,3.297316101066827,3.297316101066827,440.179135128216,Peclet local snapshot (experimental),HC2540,McDonalds Road Pokolbin charger,"485 McDonalds Road
Pokolbin NSW 2320
Australia",Exploren,,4.0,AC,,-32.7715,151.3024,
,Talbingo Shopping Centre,"49 Lampe St
Talbingo NSW 2720
Australia",Chargefox,4,AC,AC,-35.5825247,148.2978515,Snowy Valleys Council,2720,Destination Charging R2,accepted,address_exact_unique,0.97,False,1494.0,5.174949423102434,5.174949423102434,68.6056032560542,Peclet local snapshot (experimental),HC2074,Lampe St Talbingo charger,"49 Lampe St
Talbingo NSW 2720
Australia",Chargefox,,4.0,AC,,-35.5825,148.2979,
,,"49 Llandaff St
Bondi Junction NSW 2022
Australia",PLUS ES,1,AC,22 kW,-33.8937667,151.2532909,Waverley Council,2022,Kerbside Charging R1,accepted,address_exact_unique,0.97,False,743.0,3.796859523212944,3.796859523212944,72.71293136493372,Peclet local snapshot (experimental),HC2390,Llandaff St Bondi Junction charger,"49 Llandaff St
Bondi Junction NSW 2022
Australia",PLUS ES,,1.0,22 kW,,-33.8938,151.2533,
,,"49A Bondi Rd
Bondi Junction NSW 2022
Australia",Chargefox,2,AC,22 kW,-33.8932917,151.256561,Waverley Council,2022,Kerbside Charging R1,accepted,address_exact_unique,0.97,False,1216.0,3.7161449098035164,3.7161449098035164,136.81765631688322,Peclet local snapshot (experimental),HC2045,Bondi Rd Bondi Junction charger,"49A Bondi Rd
Bondi Junction NSW 2022
Australia",Chargefox,,2.0,22 kW,,-33.8933,151.2566,
,Forster Visitor Information Centre,"4A Lake St
Forster NSW 2428
Australia",Exploren,4,AC,AC,-32.1830335,152.5147744,Mid-Coast Council,2428,Destination Charging R2,accepted,address_exact_unique,0.97,False,1978.0,4.436233080103913,4.436233080103913,95.79209680433732,Peclet local snapshot (experimental),HC2148,Lake St Forster charger,"4A Lake St
Forster NSW 2428
Australia",Exploren,,4.0,AC,,-32.183,152.5148,
,,"5 Broughton Rd
Artarmon NSW 2064
Australia",EVX,2,AC,22 kW,-33.8093616,151.1826022,Willoughby City Council,2064,Kerbside Charging R1,accepted,address_exact_unique,0.97,False,1577.0,4.274720376182379,4.274720376182379,303.2447579427375,Peclet local snapshot (experimental),HC2130,Broughton Rd Artarmon charger,"5 Broughton Rd
Artarmon NSW 2064
Australia",EVX,,2.0,22 kW,,-33.8094,151.1826,
,Bella Vista Motel,"5 Central Coast Hwy
Kariong NSW 2250
Australia",EVNet,3,AC,AC,-33.434931,151.2976021,Central Coast Council,2250,Destination Charging R1,accepted,address_exact_unique,0.97,False,1318.0,19.720597077510305,19.720597077510305,994.345706753483,Peclet local snapshot (experimental),DC361,Bella Vista Motel charger,"5 Central Coast Highway, Kariong NSW 2250, Australia",ChargeN'Go,Type 2,3.0,kW,,-33.43475365,151.297603,
,Cessnock Hospitality Group,"5 Darwin St
Cessnock NSW 2325
Australia",Everty,4,AC,AC,-32.8349119,151.3533302,Cessnock City Council,2325,Destination Charging R1,review,ambiguous_exact_address,0.5,True,2000.0,3.1164502991249083,3.1164502991249083,6.335160025937883,Peclet local snapshot (experimental),HC2735,Darwin St Cessnock charger,"5 Darwin St
Cessnock NSW 2325
Australia",Everty,,4.0,AC,,-32.8349,151.3533,nearest=3.116m; gap=6.335m; manual confirmation required
,,"5 Grove St
Dulwich Hill NSW 2203
Australia",PLUS ES,1,AC,7 kW,-33.901384,151.1397505,Inner West Council,2203,Kerbside Charging R1,accepted,address_exact_unique,0.97,False,1957.0,4.902639772553835,4.902639772553835,37.15850225599149,Peclet local snapshot (experimental),HC2465,Grove St Dulwich Hill charger,"5 Grove St
Dulwich Hill NSW 2203
Australia",PLUS ES,,1.0,7 kW,,-33.9014,151.1398,
,Club Charlestown,"5 Lincoln St
Charlestown NSW 2290
Australia",Exploren,4,AC,AC,-32.9670483,151.6925911,Lake Macquarie City Council,2290,Destination Charging R1,review,ambiguous_exact_address,0.5,True,1115.0,5.434515324009463,5.434515324009463,55.432854207442105,Peclet local snapshot (experimental),HC2722,Lincoln St Charlestown charger,"5 Lincoln St
Charlestown NSW 2290
Australia",Exploren,,4.0,AC,,-32.967,151.6926,nearest=5.435m; gap=55.433m; manual confirmation required
,,"5 Pearson St
Balmain East NSW 2041
Australia",PLUS ES,1,AC,22 kW,-33.858114,151.195082,Inner West Council,2041,Kerbside Charging R1,accepted,address_exact_unique,0.97,False,1125.0,2.2772695991769147,2.2772695991769147,79.62809246575038,Peclet local snapshot (experimental),HC2252,Pearson St Balmain East charger,"5 Pearson St
Balmain East NSW 2041
Australia",PLUS ES,,1.0,22 kW,,-33.8581,151.1951,
,,"5 Portland St
Dover Heights NSW 2030
Australia",Chargefox,2,AC,22 kW,-33.8688426,151.2799449,Waverley Council,2030,Kerbside Charging R1,accepted,address_exact_unique,0.97,False,1943.0,6.294699430500761,6.294699430500761,450.5873596357144,Peclet local snapshot (experimental),HC2046,Portland St Dover Heights charger,"5 Portland St
Dover Heights NSW 2030
Australia",Chargefox,,2.0,22 kW,,-33.8688,151.2799,
,,"5 Robey St
Maroubra NSW 2035
Australia",PLUS ES,1,AC,22 kW,-33.9423922,151.2379861,Randwick City Council,2035,Kerbside Charging R1,accepted,address_exact_unique,0.97,False,303.0,1.5480230904247807,1.5480230904247807,198.65581801564494,Peclet local snapshot (experimental),HC2220,Robey St Maroubra charger,"5 Robey St
Maroubra NSW 2035
Australia",PLUS ES,,1.0,22 kW,,-33.9424,151.238,
,,"50 Cascade St
Paddington NSW 2021
Australia",EVX,2,AC,22 kW,-33.8835108,151.2313866,Woollahra Municipal Council,2021,Kerbside Charging R1,accepted,address_exact_unique,0.97,False,393.0,1.7240248985625302,1.7240248985625302,190.29947788859292,Peclet local snapshot (experimental),HC2300,Cascade St Paddington charger,"50 Cascade St
Paddington NSW 2021
Australia",EVX,,2.0,22 kW,,-33.8835,151.2314,
,,"50 Chandos St
Ashfield NSW 2131
Australia",PLUS ES,1,AC,22 kW,-33.8828487,151.1301381,Inner West Council,2131,Kerbside Charging R1,accepted,address_exact_unique,0.97,False,1550.0,6.457100569999616,6.457100569999616,148.19546761978384,Peclet local snapshot (experimental),HC2257,Chandos St Ashfield charger,"50 Chandos St
Ashfield NSW 2131
Australia",PLUS ES,,1.0,22 kW,,-33.8828,151.1301,
,,"50 Cook St
Randwick NSW 2031
Australia",PLUS ES,1,AC,7 kW,-33.911692,151.2388648,Randwick City Council,2031,Kerbside Charging R1,accepted,address_exact_unique,0.97,False,357.0,3.3678770433175873,3.3678770433175873,45.36246906762998,Peclet local snapshot (experimental),HC2206,Cook St Randwick charger,"50 Cook St
Randwick NSW 2031
Australia",PLUS ES,,1.0,7 kW,,-33.9117,151.2389,
,Wagga Wagga City Council,"50 Edward St
Wagga Wagga NSW 2650
Australia",Smart Charge,2,AC,AC,-35.1199091,147.3713272,Wagga Wagga City Council,2650,Destination Charging R1,accepted,address_exact_unique,0.97,False,782.0,2.6728310944454954,2.6728310944454954,642.7143374435633,Peclet local snapshot (experimental),HC2667,Edward St Wagga Wagga charger,"50 Edward St
Wagga Wagga NSW 2650
Australia",Smart Charge,,2.0,AC,,-35.1199,147.3713,
,,"50 Nelson St
Annandale NSW 2038
Australia",PLUS ES,1,AC,22 kW,-33.8851809,151.1719428,Inner West Council,2038,Kerbside Charging R1,accepted,address_exact_unique,0.97,False,1128.0,4.485499524300393,4.485499524300393,119.41632913766395,Peclet local snapshot (experimental),HC2258,Nelson St Annandale charger,"50 Nelson St
Annandale NSW 2038
Australia",PLUS ES,,1.0,22 kW,,-33.8852,151.1719,
,,"50 O'Sullivan Rd
Rose Bay NSW 2029
Australia",Chargefox,2,AC,22 kW,-33.8790379,151.2631086,Woollahra Municipal Council,2029,Kerbside Charging R1,accepted,address_exact_unique,0.97,False,1540.0,4.288417449764938,4.288417449764938,355.848496143837,Peclet local snapshot (experimental),HC2047,O'Sullivan Rd Rose Bay charger,"50 O'Sullivan Rd
Rose Bay NSW 2029
Australia",Chargefox,,2.0,22 kW,,-33.879,151.2631,
,,"51 Albert St
Petersham NSW 2049
Australia",EVE Australia,2,AC,22 kW,-33.8970775,151.1579942,Inner West Council,2049,Kerbside Charging R1,accepted,address_exact_unique,0.97,False,1516.0,2.5585149563182306,2.5585149563182306,647.2838256300008,Peclet local snapshot (experimental),HC2048,Albert St Petersham charger,"51 Albert St
Petersham NSW 2049
Australia",EVE Australia,,2.0,22 kW,,-33.8971,151.158,
,"Bathurst Street, Condobolin","51 Bathurst St
Condobolin NSW 2877
Australia",Exploren,2,AC,AC,-33.0886001,147.1494866,Lachlan Shire Council,2877,Destination Charging R2,accepted,address_exact_unique,0.97,False,698.0,1.2484223495803235,1.2484223495803235,75620.66269384202,Peclet local snapshot (experimental),HC2068,Bathurst St Condobolin charger,"51 Bathurst St
Condobolin NSW 2877
Australia",Exploren,,2.0,AC,,-33.0886,147.1495,
,West Wallsend Workers club,"51 Carrington St
West Wallsend NSW 2286
Australia",Smart Charge,4,AC,AC,-32.9023363,151.5824271,Lake Macquarie City Council,2286,Destination Charging R1,accepted,address_exact_unique,0.97,False,1290.0,30.553335165332562,30.553335165332562,1484.032995557936,Peclet local snapshot (experimental),DC190,West Wallsend Workers Club charger,"51 Carrington St, West Wallsend NSW 2286, Australia",Saascharge International GmbH,Type 2,2.0,22 kW,Open 24/7,-32.90210993,151.5822416,
,Select Inn Gosford,"512 Pacific Hwy
Wyoming NSW 2250
Australia",EVNet,2,AC,AC,-33.406527,151.350605,Central Coast Council,2250,Destination Charging R2,accepted,address_exact_unique,0.97,False,1584.0,3.03792529363461,3.03792529363461,188.58146796062448,Peclet local snapshot (experimental),HC2355,Pacific Hwy Wyoming charger,"512 Pacific Hwy
Wyoming NSW 2250
Australia",EVNet,,2.0,AC,,-33.4065,151.3506,
,Happy Hallidays,"517 Blackhead Rd
Hallidays Point NSW 2430
Australia",Exploren,4,AC,AC,-32.0655014,152.5322484,Mid-Coast Council,2430,Destination Charging R2,accepted,address_exact_unique,0.97,False,748.0,4.563447141528068,4.563447141528068,2598.735883781263,Peclet local snapshot (experimental),HC2468,Blackhead Rd Hallidays Point charger,"517 Blackhead Rd
Hallidays Point NSW 2430
Australia",Exploren,,4.0,AC,,-32.0655,152.5322,
,CH Boutique Hotel,"52 Brisbane St
Tamworth NSW 2340
Australia",Noodoe,4,AC,AC,-31.0894928,150.9297765,Tamworth Regional Council,2340,Destination Charging R2,accepted,address_exact_unique,0.97,False,1654.0,14.710922469871294,14.710922469871294,229.15394920083995,Peclet local snapshot (experimental),DC107,CH Boutique Hotel charger,"52 Brisbane St, Tamworth NSW 2340, Australia",Tesla Destination,Tesla,2.0,22 kW,Open 24/7,-31.089446,150.929632,
,,"52 Dudley St
Coogee NSW 2034
Australia",PLUS ES,1,AC,22 kW,-33.9243788,151.251526,Randwick City Council,2034,Kerbside Charging R1,accepted,address_exact_unique,0.97,False,1525.0,3.36331792025507,3.36331792025507,190.62233692181812,Peclet local snapshot (experimental),HC2344,Dudley St Coogee charger,"52 Dudley St
Coogee NSW 2034
Australia",PLUS ES,,1.0,22 kW,,-33.9244,151.2515,
,Uralla Bowlo,"52 Hill St
Uralla NSW 2358
Australia",EVSE,4,AC,AC,-30.6391603,151.4983676,Uralla Shire Council,2358,Destination Charging R2,accepted,address_exact_unique,0.97,False,845.0,5.394046953364678,5.394046953364678,19945.05254574341,Peclet local snapshot (experimental),HC2634,Hill St Uralla charger,"52 Hill St
Uralla NSW 2358
Australia",EVSE,,4.0,AC,,-30.6392,151.4984,
,,"52 Spencer St
Rose Bay NSW 2029
Australia",PLUS ES,1,AC,22 kW,-33.8690157,151.2750076,Woollahra Municipal Council,2029,Kerbside Charging R1,accepted,address_exact_unique,0.97,False,2018.0,1.8814988678509412,1.8814988678509412,89.83627727340539,Peclet local snapshot (experimental),HC2293,Spencer St Rose Bay charger,"52 Spencer St
Rose Bay NSW 2029
Australia",PLUS ES,,1.0,22 kW,,-33.869,151.275,
,The Cottage Motor Inn,"523 Hume St
South Albury NSW 2640
Australia",Exploren,1,AC,AC,-36.085318,146.9158676,Albury City Council,2640,Destination Charging R1,review,ambiguous_exact_address,0.5,True,1149.0,3.533112032967109,3.533112032967109,5.743857993812638,Peclet local snapshot (experimental),HC2711,Hume St South Albury charger,"523 Hume St
South Albury NSW 2640
Australia",Exploren,,1.0,AC,,-36.0853,146.9159,nearest=3.533m; gap=5.744m; manual confirmation required
,Mantra Albury Hotel,"524 Smollett St
Albury NSW 2640
Australia",Chargefox,4,AC,AC,-36.0826053,146.9167911,Albury City Council,2640,Destination Charging R2,accepted,address_exact_unique,0.97,False,1579.0,0.9934690179870177,0.9934690179870177,101.06096415147871,Peclet local snapshot (experimental),HC2216,Smollett St Albury charger,"524 Smollett St
Albury NSW 2640
Australia",Chargefox,,4.0,AC,,-36.0826,146.9168,
,Cobargo Co-operative Society ,"52-54 Princes Hwy
Cobargo NSW 2550
Australia",Chargefox,2,AC,AC,-36.3867682,149.8876926,Bega Valley Shire Council,2550,Destination Charging R1,accepted,address_exact_unique,0.97,False,1244.0,3.59750998472946,3.59750998472946,48.065120701255076,Peclet local snapshot (experimental),HC2675,Princes Hwy Cobargo charger,"52-54 Princes Hwy
Cobargo NSW 2550
Australia",Chargefox,,2.0,AC,,-36.3868,149.8877,
,,"526 Bronte Rd
Bronte NSW 2024
Australia",Chargefox,2,AC,22 kW,-33.906671,151.2692898,Waverley Council,2024,Kerbside Charging R1,accepted,address_exact_unique,0.97,False,1604.0,3.3592354252267596,3.3592354252267596,351.2969490006324,Peclet local snapshot (experimental),HC2050,Bronte Rd Bronte charger,"526 Bronte Rd
Bronte NSW 2024
Australia",Chargefox,,2.0,22 kW,,-33.9067,151.2693,
,,"528 Illawarra Rd
Marrickville NSW 2204
Australia",EVE Australia,4,AC,22 kW,-33.9200876,151.1441132,Inner West Council,2204,Kerbside Charging R1,accepted,address_exact_unique,0.97,False,1541.0,1.839733096717607,1.839733096717607,287.16755323499973,Peclet local snapshot (experimental),HC2051,Illawarra Rd Marrickville charger,"528 Illawarra Rd
Marrickville NSW 2204
Australia",EVE Australia,,4.0,22 kW,,-33.9201,151.1441,
,Cardiff Executive Apartments,"53 Macquarie Rd
Cardiff NSW 2285
Australia",Elanga,4,AC,AC,-32.9428392,151.6572805,Lake Macquarie City Council,2285,Destination Charging R1,accepted,coordinate_exact,1.0,False,1252.0,0.0,0.0,36.422055957832285,Peclet local snapshot (experimental),AK786,Macquarie Rd Cardiff charger,"53 Macquarie Rd
Cardiff NSW 2285
Australia",Elanga,,4.0,AC,,-32.9428392,151.6572805,
,Quest Griffith,"53 Railway St
Griffith NSW 2680
Australia",Noodoe,2,AC,AC,-34.2866312,146.0445254,Griffith City Council,2680,Destination Charging R2,accepted,address_exact_unique,0.97,False,1240.0,4.181080446864944,4.181080446864944,843.8233237492198,Peclet local snapshot (experimental),HC2635,Railway St Griffith charger,"53 Railway St
Griffith NSW 2680
Australia",Noodoe,,2.0,AC,,-34.2866,146.0445,
,Hamilton's Queanbeyan Motel,"53 Tharwa Rd
Queanbeyan West NSW 2620
Australia",Exploren,4,AC,AC,-35.3573389,149.2225196,Queanbeyan-Palerang Regional Council,2620,Destination Charging R1,accepted,address_exact_unique,0.97,False,1422.0,5.581540992522557,5.581540992522557,971.0541039244945,Peclet local snapshot (experimental),DC902,Hamilton Queanbeyan Motel charger,"53 Tharwa Rd, Queanbeyan West NSW 2620, Australia",Exploren,Type 2,4.0,22 kW,10am - 5pm for Public.,-35.3573881,149.2225074,
,Arcadia Wilderness Retreat,"530 Moonabung Rd
Vacy NSW 2421
Australia",Chargefox,1,AC,AC,-32.545318,151.50875,Dungog Shire Council,2421,Destination Charging R2,accepted,address_exact_unique,0.97,False,1984.0,5.0961745094133395,5.0961745094133395,817.1063423607402,Peclet local snapshot (experimental),HC2275,Moonabung Rd Vacy charger,"530 Moonabung Rd
Vacy NSW 2421
Australia",Chargefox,,1.0,AC,,-32.5453,151.5088,
,Ingenia Holiday Parks - Byron Bay.,"5-37 Broken Head Rd
Byron Bay NSW 2481
Australia",Exploren,4,AC,AC,-28.6732766,153.6125859,Byron Shire Council,2481,Destination Charging R2,accepted,address_exact_unique,0.97,False,1620.0,2.9432008890305696,2.9432008890305696,657.4413632352599,Peclet local snapshot (experimental),HC2365,Broken Head Rd Byron Bay charger,"5-37 Broken Head Rd
Byron Bay NSW 2481
Australia",Exploren,,4.0,AC,,-28.6733,153.6126,
,,"54 Brown St
Bronte NSW 2024
Australia",EVX,2,AC,22 kW,-33.8992809,151.2589756,Waverley Council,2024,Kerbside Charging R1,accepted,address_exact_unique,0.97,False,1163.0,3.095480769655079,3.095480769655079,231.83043827081175,Peclet local snapshot (experimental),HC2177,Brown St Bronte charger,"54 Brown St
Bronte NSW 2024
Australia",EVX,,2.0,22 kW,,-33.8993,151.259,
,,"55 Grafton St
Bondi Junction NSW 2022
Australia",Chargefox,2,AC,22 kW,-33.890588,151.2457069,Waverley Council,2022,Kerbside Charging R1,accepted,address_exact_unique,0.97,False,1762.0,26.84374830893412,26.84374830893412,224.98511205369456,Peclet local snapshot (experimental),DC632,Bondi Junction - Grafton St Parking charger,"55 Grafton Street, Bondi Junction, NSW, 2022",Chargefox,Type 2,2.0,22 kW,Parking is now limited to 2 hours maximum between 8am and 6pm.,-33.890355,151.245783,
,,"55 Grove St
Birchgrove NSW 2041
Australia",PLUS ES,1,AC,22 kW,-33.8513438,151.1821944,Inner West Council,2041,Kerbside Charging R1,accepted,address_exact_unique,0.97,False,1129.0,4.897715831986956,4.897715831986956,35.452869950024706,Peclet local snapshot (experimental),HC2262,Grove St Birchgrove charger,"55 Grove St
Birchgrove NSW 2041
Australia",PLUS ES,,1.0,22 kW,,-33.8513,151.1822,
,,"551 Darling St
Rozelle NSW 2039
Australia",EVX,2,AC,22 kW,-33.8591569,151.1716429,Inner West Council,2039,Kerbside Charging R1,accepted,address_exact_unique,0.97,False,1530.0,6.217695437237506,6.217695437237506,147.94916902123862,Peclet local snapshot (experimental),HC2404,Darling St Rozelle charger,"551 Darling St
Rozelle NSW 2039
Australia",EVX,,2.0,22 kW,,-33.8592,151.1716,
,Ingenia Holiday Park - Middle Rock,"554 Gan Gan Rd
One Mile NSW 2316
Australia",Exploren,1,AC,AC,-32.7667396,152.1153803,Port Stephens Council,2316,Destination Charging R1,review,ambiguous_exact_address,0.5,True,1148.0,4.77306224744639,4.77306224744639,163.44362678023737,Peclet local snapshot (experimental),HC2687,Gan Gan Rd One Mile charger,"554 Gan Gan Rd
One Mile NSW 2316
Australia",Exploren,,1.0,AC,,-32.7667,152.1154,nearest=4.773m; gap=163.444m; manual confirmation required
,Golden Age,"56 Macquoid St
Queanbeyan East NSW 2620
Australia",EVSE,2,AC,AC,-35.35045,149.2417217,Queanbeyan-Palerang Regional Council,2620,Destination Charging R2,accepted,address_exact_unique,0.97,False,2035.0,5.897797844705069,5.897797844705069,469.82415568767965,Peclet local snapshot (experimental),HC2633,Macquoid St Queanbeyan East charger,"56 Macquoid St
Queanbeyan East NSW 2620
Australia",EVSE,,2.0,AC,,-35.3504,149.2417,
,,"57 Mallett St
Camperdown NSW 2050
Australia",PLUS ES,1,AC,22 kW,-33.8906952,151.1778286,Inner West Council,2050,Kerbside Charging R1,accepted,address_exact_unique,0.97,False,392.0,2.69328774455195,2.69328774455195,158.3318274766002,Peclet local snapshot (experimental),HC2276,Mallett St Camperdown charger,"57 Mallett St
Camperdown NSW 2050
Australia",PLUS ES,,1.0,22 kW,,-33.8907,151.1778,
,Tallawudjah Dog ,"57-59 Coramba St
Glenreagh NSW 2450
Australia",Exploren,1,AC,AC,-30.0510567,152.979123,Clarence Valley Council,2450,Destination Charging R1,review,ambiguous_exact_address,0.5,True,1967.0,5.299265298511231,5.299265298511231,22.488352967691476,Peclet local snapshot (experimental),HC2740,Coramba St Glenreagh charger,"57-59 Coramba St
Glenreagh NSW 2450
Australia",Exploren,,1.0,AC,,-30.0511,152.9791,nearest=5.299m; gap=22.488m; manual confirmation required
,,"58 Wharf Rd
Newcastle East NSW 2300
Australia",Chargefox,8,AC,7 kW,-32.9241397,151.7894274,Newcastle City Council,2300,Kerbside Charging R1,accepted,address_exact_unique,0.97,False,1095.0,5.101725242310449,5.101725242310449,705.2594243670578,Peclet local snapshot (experimental),HC2101,Wharf Rd Newcastle East charger,"58 Wharf Rd
Newcastle East NSW 2300
Australia",Chargefox,,8.0,7 kW,,-32.9241,151.7894,
,,"59 Church St
Randwick NSW 2031
Australia",PLUS ES,1,AC,7 kW,-33.9119025,151.2383856,Randwick City Council,2031,Kerbside Charging R1,accepted,address_exact_unique,0.97,False,771.0,1.3576014907280889,1.3576014907280889,51.18117074749006,Peclet local snapshot (experimental),HC2370,Church St Randwick charger,"59 Church St
Randwick NSW 2031
Australia",PLUS ES,,1.0,7 kW,,-33.9119,151.2384,
,THE CARRINGTON INN ,"59 Ellendon St
Bungendore NSW 2621
Australia",Exploren,8,AC,AC,-35.2576671,149.4393896,Queanbeyan-Palerang Regional Council,2621,Destination Charging R1,review,ambiguous_exact_address,0.5,True,1966.0,3.778220680777796,3.778220680777796,9.779616971254221,Peclet local snapshot (experimental),HC2736,Ellendon St Bungendore charger,"59 Ellendon St
Bungendore NSW 2621
Australia",Exploren,,8.0,AC,,-35.2577,149.4394,nearest=3.778m; gap=9.780m; manual confirmation required
,,"59 Holmwood St
Newtown NSW 2042
Australia",PLUS ES,1,AC,22 kW,-33.9043602,151.1777948,Inner West Council,2042,Kerbside Charging R1,accepted,address_exact_unique,0.97,False,2014.0,4.451501780132133,4.451501780132133,66.77186565622925,Peclet local snapshot (experimental),HC2198,Holmwood St Newtown charger,"59 Holmwood St
Newtown NSW 2042
Australia",PLUS ES,,1.0,22 kW,,-33.9044,151.1778,
,,"59 Lennox St, Richmond, 2753",Counties Energy,2,AC,22 kW,-33.60129234,150.7534484,Hawkesbury City Council,2753,Existing Destination Chargers,review,coordinate_candidate,0.5,True,906.0,5077.052920509288,5077.052920509288,2874.8480389818833,Peclet local snapshot (experimental),DC331,Crowne Plaza Hawkesbury Valley charger,"61 Hawkesbury Valley Way, Windsor NSW 2756, Australia",Tesla Destination,Tesla,2.0,6 kW,Open 24/7,-33.609917,150.807283,nearest=5077.053m; gap=2874.848m; manual confirmation required
,,"59 Metropolitan Rd
Enmore NSW 2042
Australia",PLUS ES,1,AC,22 kW,-33.9011767,151.1723823,Inner West Council,2042,Kerbside Charging R1,accepted,address_exact_unique,0.97,False,1923.0,3.0628417064909828,3.0628417064909828,74.04084062843094,Peclet local snapshot (experimental),HC2253,Metropolitan Rd Enmore charger,"59 Metropolitan Rd
Enmore NSW 2042
Australia",PLUS ES,,1.0,22 kW,,-33.9012,151.1724,
,,"59 Windsor St
Paddington NSW 2021
Australia",PLUS ES,1,AC,7 kW,-33.8851011,151.2333722,Woollahra Municipal Council,2021,Kerbside Charging R1,accepted,address_exact_unique,0.97,False,366.0,2.569111295709108,2.569111295709108,43.56502207308463,Peclet local snapshot (experimental),HC2400,Windsor St Paddington charger,"59 Windsor St
Paddington NSW 2021
Australia",PLUS ES,,1.0,7 kW,,-33.8851,151.2334,
,,"592 Anzac Pde
Kingsford NSW 2032
Australia",Evie Networks,4,DC,75 kW,-33.9260318,151.2312658,Randwick City Council,2032,Kerbside Charging R1,accepted,address_exact_unique,0.97,False,789.0,4.739222527542745,4.739222527542745,355.0059199806552,Peclet local snapshot (experimental),HC2052,Anzac Pde Kingsford charger,"592 Anzac Pde
Kingsford NSW 2032
Australia",Evie Networks,,4.0,75 kW,,-33.926,151.2313,
,,"6 Burt St
Rozelle NSW 2039
Australia",PLUS ES,1,AC,22 kW,-33.8683879,151.17213,Inner West Council,2039,Kerbside Charging R1,accepted,address_exact_unique,0.97,False,1891.0,3.079312401984466,3.079312401984466,66.33709480962283,Peclet local snapshot (experimental),HC2268,Burt St Rozelle charger,"6 Burt St
Rozelle NSW 2039
Australia",PLUS ES,,1.0,22 kW,,-33.8684,151.1721,
,NRMA Parks and Resorts,"6 Kosciuszko Rd
Jindabyne NSW 2627
Australia",Chargefox,8,AC,AC,-36.4136981,148.6200042,Snowy Monaro Regional Council,2627,Destination Charging R1,review,ambiguous_exact_address,0.5,True,320.0,0.43114555946298794,0.43114555946298794,47.932626038378494,Peclet local snapshot (experimental),HC2629,Kosciuszko Rd Jindabyne charger,"6 Kosciuszko Rd
Jindabyne NSW 2627
Australia",Chargefox,,8.0,AC,,-36.4137,148.62,nearest=0.431m; gap=47.933m; manual confirmation required
,Broulee,"6 Lyttle St
Broulee NSW 2537
Australia",Exploren,4,AC,AC,-35.856913,150.1737786,Eurobodalla Shire Council,2537,Destination Charging R2,accepted,address_exact_unique,0.97,False,1137.0,2.4102012186132318,2.4102012186132318,176.94386524746648,Peclet local snapshot (experimental),HC2440,Lyttle St Broulee charger,"6 Lyttle St
Broulee NSW 2537
Australia",Exploren,,4.0,AC,,-35.8569,150.1738,
,Buronga Midway Centre,"6 Midway Dr
Buronga NSW 2739
Australia",Chargefox,2,AC,AC,-34.1746262,142.1997768,Wentworth Shire Council,2739,Destination Charging R2,accepted,address_exact_unique,0.97,False,1153.0,3.611441716399949,3.611441716399949,17238.572652628274,Peclet local snapshot (experimental),HC2013,Midway Dr Buronga charger,"6 Midway Dr
Buronga NSW 2739
Australia",Chargefox,,2.0,AC,,-34.1746,142.1998,
,Cooma Motor Lodge,"6 Sharp St
Cooma NSW 2630
Australia",Charge Hub,4,AC,AC,-36.2295752,149.1352524,Snowy Monaro Regional Council,2630,Destination Charging R2,accepted,address_exact_unique,0.97,False,2024.0,5.082658364658652,5.082658364658652,1001.3045553202261,Peclet local snapshot (experimental),HC2392,Sharp St Cooma charger,"6 Sharp St
Cooma NSW 2630
Australia",Charge Hub,,4.0,AC,,-36.2296,149.1353,
,,"60-62 Amherst St
Cammeray NSW 2062
Australia",Evie Networks,4,DC,50 kW,-33.8227718,151.2109254,North Sydney Council,2062,Kerbside Charging R1,accepted,address_exact_unique,0.97,False,1118.0,3.916380076703012,3.916380076703012,148.36147772023293,Peclet local snapshot (experimental),HC2135,Amherst St Cammeray charger,"60-62 Amherst St
Cammeray NSW 2062
Australia",Evie Networks,,4.0,50 kW,,-33.8228,151.2109,
,,"61 Broome St
Maroubra NSW 2035
Australia",PLUS ES,1,AC,22 kW,-33.9532638,151.2503323,Randwick City Council,2035,Kerbside Charging R1,accepted,address_exact_unique,0.97,False,1951.0,5.007828835376552,5.007828835376552,524.009275963733,Peclet local snapshot (experimental),HC2178,Broome St Maroubra charger,"61 Broome St
Maroubra NSW 2035
Australia",PLUS ES,,1.0,22 kW,,-33.9533,151.2503,
,The Builders Club,"61 Church St
Wollongong NSW 2500
Australia",Non-networked,3,AC,AC,-34.4206636,150.8968306,Wollongong City Council,2500,Destination Charging R2,accepted,address_exact_unique,0.97,False,1557.0,4.925483706014741,4.925483706014741,302.0380092735041,Peclet local snapshot (experimental),HC2532,Church St Wollongong charger,"61 Church St
Wollongong NSW 2500
Australia",Non-networked,,3.0,AC,,-34.4207,150.8968,
,,"61 Constitution Rd
Dulwich Hill NSW 2203
Australia",EVE Australia,2,AC,22 kW,-33.9015095,151.1367499,Inner West Council,2203,Kerbside Charging R1,accepted,address_exact_unique,0.97,False,1606.0,4.7249446195054805,4.7249446195054805,249.96808494444792,Peclet local snapshot (experimental),HC2151,Constitution Rd Dulwich Hill charger,"61 Constitution Rd
Dulwich Hill NSW 2203
Australia",EVE Australia,,2.0,22 kW,,-33.9015,151.1367,
,The Beach Rooms,"6-10 Fraser St
Nambucca Heads NSW 2448
Australia",Chargefox,4,AC,AC,-30.6444023,153.003824,Nambucca Valley Council,2448,Destination Charging R2,accepted,address_exact_unique,0.97,False,2003.0,2.310189968816084,2.310189968816084,112.87763521879357,Peclet local snapshot (experimental),HC2070,Fraser St Nambucca Heads charger,"6-10 Fraser St
Nambucca Heads NSW 2448
Australia",Chargefox,,4.0,AC,,-30.6444,153.0038,
,Wentworth Civic Centre Carpark,"61-79 Darling St
Wentworth NSW 2648
Australia",Chargefox,2,AC,AC,-34.1060549,141.9197893,Wentworth Shire Council,2648,Destination Charging R2,accepted,address_exact_unique,0.97,False,823.0,5.1107378701536295,5.1107378701536295,324.325020856923,Peclet local snapshot (experimental),HC2014,Darling St Wentworth charger,"61-79 Darling St
Wentworth NSW 2648
Australia",Chargefox,,2.0,AC,,-34.1061,141.9198,
,,618 Dean St Albury NSW 2640 Australia,Tesla,16,DC,175 kW,-36.0796606,146.9138899,Albury City Council,2640,Fast Charging R1,accepted,address_exact_unique,0.97,False,846.0,4.474116082179644,4.474116082179644,43.423257018151,Peclet local snapshot (experimental),HC2660,Dean St Albury charger,618 Dean St Albury NSW 2640 Australia,Tesla,,16.0,DC,,-36.0797,146.9139,
,Alexander Motor inn,"62 Alice St
Moree NSW 2400
Australia",360 EV Charge,4,AC,AC,-29.4717271,149.8426258,Moree Plains Shire Council,2400,Destination Charging R2,accepted,address_exact_unique,0.97,False,363.0,3.9138822568913456,3.9138822568913456,435.70016540069184,Peclet local snapshot (experimental),HC2313,Alice St Moree charger,"62 Alice St
Moree NSW 2400
Australia",360 EV Charge,,4.0,AC,,-29.4717,149.8426,
,Dunghutti-Ngaku Aboriginal Art Gallery,"62-118 Lachlan St
South Kempsey NSW 2440
Australia",Exploren,2,AC,AC,-31.096702,152.8350719,Kempsey Shire Council,2440,Destination Charging R2,accepted,address_exact_unique,0.97,False,804.0,2.6847922211595727,2.6847922211595727,1859.3122801665063,Peclet local snapshot (experimental),HC2345,Lachlan St South Kempsey charger,"62-118 Lachlan St
South Kempsey NSW 2440
Australia",Exploren,,2.0,AC,,-31.0967,152.8351,
,,"626 Mowbray Rd
Lane Cove North NSW 2066
Australia",PLUS ES,1,AC,22 kW,-33.8048995,151.1561335,Lane Cove Municipal Council,2066,Kerbside Charging R1,accepted,address_exact_unique,0.97,False,763.0,3.0957641757329752,3.0957641757329752,84.96120814682526,Peclet local snapshot (experimental),HC2229,Mowbray Rd Lane Cove North charger,"626 Mowbray Rd
Lane Cove North NSW 2066
Australia",PLUS ES,,1.0,22 kW,,-33.8049,151.1561,
,Poet's Cottage,"63 Valley Rd
Wentworth Falls NSW 2782
Australia",Charge Hub,1,AC,AC,-33.7148217,150.3638247,Blue Mountains City Council,2782,Destination Charging R2,accepted,address_exact_unique,0.97,False,1930.0,3.3228809067424203,3.3228809067424203,1074.0411708913027,Peclet local snapshot (experimental),HC2480,Valley Rd Wentworth Falls charger,"63 Valley Rd
Wentworth Falls NSW 2782
Australia",Charge Hub,,1.0,AC,,-33.7148,150.3638,
,,"63 Wild St
Maroubra NSW 2035
Australia",Chargefox,2,AC,22 kW,-33.944523,151.2320525,Randwick City Council,2035,Kerbside Charging R1,accepted,address_exact_unique,0.97,False,1971.0,5.0734057569372695,5.0734057569372695,592.1923332453965,Peclet local snapshot (experimental),HC2053,Wild St Maroubra charger,"63 Wild St
Maroubra NSW 2035
Australia",Chargefox,,2.0,22 kW,,-33.9445,151.2321,
,,"64 Coogee Bay Rd
Randwick NSW 2031
Australia",PLUS ES,1,AC,22 kW,-33.9191344,151.247214,Randwick City Council,2031,Kerbside Charging R1,accepted,address_exact_unique,0.97,False,279.0,4.0373526413785745,4.0373526413785745,44.28299458713149,Peclet local snapshot (experimental),HC2350,Coogee Bay Rd Randwick charger,"64 Coogee Bay Rd
Randwick NSW 2031
Australia",PLUS ES,,1.0,22 kW,,-33.9191,151.2472,
,The Convent Hunter Valley Hotel,"64 Halls Rd
Pokolbin NSW 2320
Australia",Non-networked,2,AC,AC,-32.7804911,151.315169,Cessnock City Council,2320,Destination Charging R2,accepted,address_exact_unique,0.97,False,777.0,3.0624151819173377,3.0624151819173377,414.48550903068787,Peclet local snapshot (experimental),HC2511,Halls Rd Pokolbin charger,"64 Halls Rd
Pokolbin NSW 2320
Australia",Non-networked,,2.0,AC,,-32.7805,151.3152,
,,"64 Kensington Rd
Summer Hill NSW 2130
Australia",PLUS ES,1,AC,7 kW,-33.8882449,151.1391625,Inner West Council,2130,Kerbside Charging R1,accepted,address_exact_unique,0.97,False,1106.0,6.075225070534906,6.075225070534906,125.79774495247574,Peclet local snapshot (experimental),HC2470,Kensington Rd Summer Hill charger,"64 Kensington Rd
Summer Hill NSW 2130
Australia",PLUS ES,,1.0,7 kW,,-33.8882,151.1392,
,,"64-106 Mallett St, Camperdown, NSW, 2050, Australia",PLUS ES,1,AC,22 kW,-33.8886501,151.1778381,"Sydney, Council of the City of",2050,Kerbside Charging R1,accepted,address_exact_unique,0.97,False,1892.0,6.569276717357124,6.569276717357124,173.3840696878207,Peclet local snapshot (experimental),HC2277,Mallett St Camperdown charger,"64-106 Mallett St, Camperdown, NSW, 2050, Australia",PLUS ES,,1.0,22 kW,,-33.8887,151.1778,
,,"642 Mowbray Rd
Lane Cove North NSW 2066
Australia",PLUS ES,1,AC,7 kW,-33.804692,151.1551155,Lane Cove Municipal Council,2066,Kerbside Charging R1,accepted,coordinate_exact,1.0,False,410.0,0.0,0.0,15.91928128318635,Peclet local snapshot (experimental),AK227,Mowbray Rd Lane Cove North charger,"642 Mowbray Rd
Lane Cove North NSW 2066
Australia",PLUS ES,,1.0,7 kW,,-33.804692,151.1551155,
,,"65 Booth St
Annandale NSW 2038
Australia",EVX,2,AC,22 kW,-33.8818903,151.1727116,Inner West Council,2038,Kerbside Charging R1,accepted,address_exact_unique,0.97,False,282.0,1.5198784252462594,1.5198784252462594,166.54932726854224,Peclet local snapshot (experimental),HC2427,Booth St Annandale charger,"65 Booth St
Annandale NSW 2038
Australia",EVX,,2.0,22 kW,,-33.8819,151.1727,
,,"65 Elizabeth St
Paddington NSW 2021
Australia",PLUS ES,1,AC,22 kW,-33.8847177,151.2334795,Woollahra Municipal Council,2021,Kerbside Charging R1,accepted,address_exact_unique,0.97,False,728.0,2.7303112738851723,2.7303112738851723,40.40830190561747,Peclet local snapshot (experimental),HC2165,Elizabeth St Paddington charger,"65 Elizabeth St
Paddington NSW 2021
Australia",PLUS ES,,1.0,22 kW,,-33.8847,151.2335,
,,"65 Hume St
Crows Nest NSW 2065
Australia",Evie Networks,4,DC,75 kW,-33.8243185,151.2002301,North Sydney Council,2065,Kerbside Charging R1,accepted,address_exact_unique,0.97,False,1093.0,3.458727674469588,3.458727674469588,26.355648132802862,Peclet local snapshot (experimental),HC2093,Hume St Crows Nest charger,"65 Hume St
Crows Nest NSW 2065
Australia",Evie Networks,,4.0,75 kW,,-33.8243,151.2002,
,,"66 Dover Rd
Rose Bay NSW 2029
Australia",EVX,2,AC,22 kW,-33.8732703,151.2743173,Waverley Council,2029,Kerbside Charging R1,accepted,address_exact_unique,0.97,False,1218.0,3.6684319627549757,3.6684319627549757,219.0918602997883,Peclet local snapshot (experimental),HC2163,Dover Rd Rose Bay charger,"66 Dover Rd
Rose Bay NSW 2029
Australia",EVX,,2.0,22 kW,,-33.8733,151.2743,
,The Commercial Hotel Wallerawang,"66 Main St
Wallerawang NSW 2845
Australia",Exploren,4,AC,AC,-33.4073176,150.0674988,"Lithgow Council, City of",2845,Destination Charging R2,accepted,address_exact_unique,0.97,False,2019.0,1.9601980519503912,1.9601980519503912,11688.131489930123,Peclet local snapshot (experimental),HC2302,Main St Wallerawang charger,"66 Main St
Wallerawang NSW 2845
Australia",Exploren,,4.0,AC,,-33.4073,150.0675,
,,"66 Mill Hill Rd
Bondi Junction NSW 2022
Australia",PLUS ES,1,AC,22 kW,-33.8927166,151.244189,Waverley Council,2022,Kerbside Charging R1,accepted,address_exact_unique,0.97,False,2020.0,2.1066483369826057,2.1066483369826057,76.33993251412481,Peclet local snapshot (experimental),HC2307,Mill Hill Rd Bondi Junction charger,"66 Mill Hill Rd
Bondi Junction NSW 2022
Australia",PLUS ES,,1.0,22 kW,,-33.8927,151.2442,
,,"67 Boomerang St
Haberfield NSW 2045
Australia",PLUS ES,1,AC,22 kW,-33.870799,151.1454843,Inner West Council,2045,Kerbside Charging R1,accepted,address_exact_unique,0.97,False,1576.0,1.4537573583380405,1.4537573583380405,989.7611665213627,Peclet local snapshot (experimental),HC2122,Boomerang St Haberfield charger,"67 Boomerang St
Haberfield NSW 2045
Australia",PLUS ES,,1.0,22 kW,,-33.8708,151.1455,
,,"67 John St
Leichhardt NSW 2040
Australia",EVE Australia,4,AC,22 kW,-33.8804965,151.1661681,Inner West Council,2040,Kerbside Charging R1,accepted,address_exact_unique,0.97,False,826.0,2.970430321238037,2.970430321238037,325.5776078779262,Peclet local snapshot (experimental),HC2054,John St Leichhardt charger,"67 John St
Leichhardt NSW 2040
Australia",EVE Australia,,4.0,22 kW,,-33.8805,151.1662,
,,"67 Lilyfield Rd
Rozelle NSW 2039
Australia",EVE Australia,2,AC,22 kW,-33.8689498,151.1716716,Inner West Council,2039,Kerbside Charging R1,accepted,address_exact_unique,0.97,False,352.0,6.126931838511928,6.126931838511928,66.68733280143958,Peclet local snapshot (experimental),HC2140,Lilyfield Rd Rozelle charger,"67 Lilyfield Rd
Rozelle NSW 2039
Australia",EVE Australia,,2.0,22 kW,,-33.8689,151.1717,
,Bulahdelah Motor Lodge,"67-71 Bulahdelah Way
Bulahdelah NSW 2423
Australia",Non-networked,2,AC,AC,-32.4092056,152.2106639,Mid-Coast Council,2423,Destination Charging R2,accepted,address_exact_unique,0.97,False,1210.0,3.4456354695993703,3.4456354695993703,4001.7726410346136,Peclet local snapshot (experimental),HC2638,Bulahdelah Way Bulahdelah charger,"67-71 Bulahdelah Way
Bulahdelah NSW 2423
Australia",Non-networked,,2.0,AC,,-32.4092,152.2107,
,Woomargama Village Hotel Motel,"679 Woomargama Way
Woomargama NSW 2644
Australia",EVUp,4,AC,AC,-35.8332433,147.2484602,Greater Hume Shire Council,2644,Destination Charging R2,accepted,address_exact_unique,0.97,False,1629.0,6.00456585124595,6.00456585124595,11061.063539784938,Peclet local snapshot (experimental),HC2578,Woomargama Way Woomargama charger,"679 Woomargama Way
Woomargama NSW 2644
Australia",EVUp,,4.0,AC,,-35.8332,147.2485,
,Deniliquin Country Club Motor Inn,"68 Crispe St
Deniliquin NSW 2710
Australia",EVUp,3,AC,AC,-35.5372847,144.9664112,Edward River Council,2710,Destination Charging R1,review,coordinate_candidate,0.5,True,1822.0,13.840353538153352,13.840353538153352,190.02320793024563,Peclet local snapshot (experimental),DC949,Country Club Deniliquin charger,"68-72 Crispe Street DENILIQUIN , AUS",EVUp,Type 2,3.0,kW,Open 24/7,-35.5372694,144.966563,nearest=13.840m; gap=190.023m; manual confirmation required
,,"68 Lead St, Yass NSW 2582, Australia",Tesla,12,DC,175 kW,-34.8436036,148.9142289,Yass Valley Council,2582,Fast Charging R1,accepted,coordinate_exact,1.0,False,411.0,0.0,0.0,22.045884193491755,Peclet local snapshot (experimental),AK724,Lead St Yass charger,"68 Lead St, Yass NSW 2582, Australia",Tesla,,12.0,DC,,-34.8436036,148.9142289,
,Maranda Country Estate,"68 Wollombi St
Broke NSW 2330
Australia",Exploren,2,AC,AC,-32.7381559,151.099194,Singleton Council,2330,Destination Charging R2,accepted,address_exact_unique,0.97,False,711.0,4.935703735795522,4.935703735795522,1007.9054154395415,Peclet local snapshot (experimental),HC2534,Wollombi St Broke charger,"68 Wollombi St
Broke NSW 2330
Australia",Exploren,,2.0,AC,,-32.7382,151.0992,
,,"69 Bay St
Double Bay NSW 2028
Australia",Chargefox,2,AC,22 kW,-33.8746078,151.2425765,Woollahra Municipal Council,2028,Kerbside Charging R1,accepted,address_exact_unique,0.97,False,758.0,2.3364773810650377,2.3364773810650377,196.81429655565108,Peclet local snapshot (experimental),HC2055,Bay St Double Bay charger,"69 Bay St
Double Bay NSW 2028
Australia",Chargefox,,2.0,22 kW,,-33.8746,151.2426,
,Glenworth Valley Outdoor Adventures,"69 Cooks Rd
Glenworth Valley NSW 2250
Australia",Everty,4,AC,AC,-33.4031523,151.192874,Central Coast Council,2250,Destination Charging R1,accepted,address_exact_unique,0.97,False,84.0,42.868678958779014,42.868678958779014,8341.87739464918,Peclet local snapshot (experimental),DC314,Glenworth Valley Wilderness Adventures charger,"69 Cooks Rd, Glenworth Valley NSW 2250",Everty,Type 2,4.0,kW,,-33.40279146,151.1930366,
,,"69 St Marks Rd
Randwick NSW 2031
Australia",PLUS ES,1,AC,22 kW,-33.9131216,151.2466295,Randwick City Council,2031,Kerbside Charging R1,accepted,address_exact_unique,0.97,False,331.0,3.6303203647397915,3.6303203647397915,172.2820795849915,Peclet local snapshot (experimental),HC2170,St Marks Rd Randwick charger,"69 St Marks Rd
Randwick NSW 2031
Australia",PLUS ES,,1.0,22 kW,,-33.9131,151.2466,
,Cael's Gate Wines,"697 Wollombi Rd
Broke NSW 2330
Australia",Exploren,2,AC,AC,-32.7954858,151.0769092,Singleton Council,2330,Destination Charging R2,accepted,address_exact_unique,0.97,False,752.0,1.7979523108190505,1.7979523108190505,1379.9484118434423,Peclet local snapshot (experimental),HC2609,Wollombi Rd Broke charger,"697 Wollombi Rd
Broke NSW 2330
Australia",Exploren,,2.0,AC,,-32.7955,151.0769,
,Park Proxi Gibraltar Bowral,"7 Boronia St
Bowral NSW 2576
Australia",Exploren,4,AC,AC,-34.4662955,150.4136177,Wingecarribee Shire Council,2576,Destination Charging R2,accepted,address_exact_unique,0.97,False,395.0,1.6980581237086656,1.6980581237086656,1167.7405426203115,Peclet local snapshot (experimental),HC2376,Boronia St Bowral charger,"7 Boronia St
Bowral NSW 2576
Australia",Exploren,,4.0,AC,,-34.4663,150.4136,
,,"7 Collingwood St
Bronte NSW 2024
Australia",Chargefox,2,AC,22 kW,-33.9071736,151.2655304,Waverley Council,2024,Kerbside Charging R1,accepted,address_exact_unique,0.97,False,1944.0,4.060556975095516,4.060556975095516,59.64404815058395,Peclet local snapshot (experimental),HC2056,Collingwood St Bronte charger,"7 Collingwood St
Bronte NSW 2024
Australia",Chargefox,,2.0,22 kW,,-33.9072,151.2655,
,,"7 Holmwood St
Newtown NSW 2042
Australia",PLUS ES,1,AC,22 kW,-33.9038755,151.1793331,Inner West Council,2042,Kerbside Charging R1,accepted,address_exact_unique,0.97,False,1523.0,4.093074887849786,4.093074887849786,29.621691151747008,Peclet local snapshot (experimental),HC2244,Holmwood St Newtown charger,"7 Holmwood St
Newtown NSW 2042
Australia",PLUS ES,,1.0,22 kW,,-33.9039,151.1793,
,,"7 Jersey Rd
Woollahra NSW 2025
Australia",PLUS ES,1,AC,22 kW,-33.888478,151.2326973,Woollahra Municipal Council,2025,Kerbside Charging R1,accepted,address_exact_unique,0.97,False,1615.0,2.4589510052648964,2.4589510052648964,287.5185411804537,Peclet local snapshot (experimental),HC2337,Jersey Rd Woollahra charger,"7 Jersey Rd
Woollahra NSW 2025
Australia",PLUS ES,,1.0,22 kW,,-33.8885,151.2327,
,Wanderers Retreat,"7 Koala Pl
One Mile NSW 2316
Australia",Everty,4,AC,AC,-32.7765516,152.1098183,Port Stephens Council,2316,Destination Charging R2,accepted,address_exact_unique,0.97,False,1515.0,5.647237651613823,5.647237651613823,387.21966580921736,Peclet local snapshot (experimental),HC2011,Koala Pl One Mile charger,"7 Koala Pl
One Mile NSW 2316
Australia",Everty,,4.0,AC,,-32.7766,152.1098,
,Gosford Palms Motor Inn,"7 Moore St
West Gosford NSW 2250
Australia",EVNet,2,AC,AC,-33.4264633,151.3325267,Central Coast Council,2250,Destination Charging R2,accepted,address_exact_unique,0.97,False,775.0,4.774201427051187,4.774201427051187,433.04901114882466,Peclet local snapshot (experimental),HC2413,Moore St West Gosford charger,"7 Moore St
West Gosford NSW 2250
Australia",EVNet,,2.0,AC,,-33.4265,151.3325,
,,"7 Northwood Rd, Longueville NSW 2066, Australia",BP,4,DC,175 kW,-33.8245399,151.172579,Lane Cove Municipal Council,2066,Fast Charging R1,accepted,address_exact_unique,0.97,False,264.0,4.842231375105649,4.842231375105649,992.5402954703131,Peclet local snapshot (experimental),HC2010,Northwood Rd Longueville charger,"7 Northwood Rd, Longueville NSW 2066, Australia",BP,,4.0,DC,,-33.8245,151.1726,
,,"7 Poynton Pl
Thornton NSW 2322
Australia",Chargefox,2,AC,AC,-32.7958699,151.6383771,Maitland City Council,2322,Destination Charging R1,review,ambiguous_exact_address,0.5,True,1632.0,3.9728927213806964,3.9728927213806964,148.39181202581395,Peclet local snapshot (experimental),HC2742,Poynton Pl Thornton charger,"7 Poynton Pl
Thornton NSW 2322
Australia",Chargefox,,2.0,AC,,-32.7959,151.6384,nearest=3.973m; gap=148.392m; manual confirmation required
,ZIG ZAG MOTEL,"70 Chifley Rd
Vale of Clwydd NSW 2790
Australia",Everty,2,AC,AC,-33.4771293,150.1725465,"Lithgow Council, City of",2790,Destination Charging R2,accepted,address_exact_unique,0.97,False,2021.0,5.405078964340092,5.405078964340092,1058.4834359587671,Peclet local snapshot (experimental),HC2331,Chifley Rd Vale of Clwydd charger,"70 Chifley Rd
Vale of Clwydd NSW 2790
Australia",Everty,,2.0,AC,,-33.4771,150.1725,
,,"70 Lower Gibbes St
Chatswood NSW 2067
Australia",EVX,2,AC,22 kW,-33.7856331,151.1976319,Willoughby City Council,2067,Kerbside Charging R1,accepted,address_exact_unique,0.97,False,792.0,4.715689754962975,4.715689754962975,98.00921535087566,Peclet local snapshot (experimental),HC2136,Lower Gibbes St Chatswood charger,"70 Lower Gibbes St
Chatswood NSW 2067
Australia",EVX,,2.0,22 kW,,-33.7856,151.1976,
,Byron Shire Council Administration Building Public Carpark,"70 Station St
Mullumbimby NSW 2482
Australia",Chargefox,2,AC,AC,-28.5544073,153.5025086,Byron Shire Council,2482,Destination Charging R2,accepted,address_exact_unique,0.97,False,1528.0,1.1680857322283695,1.1680857322283695,72.54119831944523,Peclet local snapshot (experimental),HC2377,Station St Mullumbimby charger,"70 Station St
Mullumbimby NSW 2482
Australia",Chargefox,,2.0,AC,,-28.5544,153.5025,
,Gartelmann Wines,"701 Lovedale Rd
Lovedale NSW 2325
Australia",EVNet,2,AC,AC,-32.7450596,151.3879283,Cessnock City Council,2325,Destination Charging R2,accepted,address_exact_unique,0.97,False,291.0,5.213998069683537,5.213998069683537,1439.3089406659221,Peclet local snapshot (experimental),HC2614,Lovedale Rd Lovedale charger,"701 Lovedale Rd
Lovedale NSW 2325
Australia",EVNet,,2.0,AC,,-32.7451,151.3879,
,,"7-11 Old Hume Hwy
Mittagong NSW 2575
Australia",Smart Charge,2,AC,AC,-34.4480824,150.4561517,Wingecarribee Shire Council,2575,Destination Charging R1,accepted,address_exact_unique,0.97,False,1805.0,25.119456507799526,25.119456507799526,432.16707216545683,Peclet local snapshot (experimental),DC860,Mittagong Motel charger,"7-11 Old Hume Hwy, Mittagong NSW 2575, Australia",,Type 2,2.0,kW,Open 24/7,-34.44790853,150.4563266,
,Deniliquin RSL Club Ltd,"72 End St
Deniliquin NSW 2710
Australia",Smart Charge,8,AC,AC,-35.5355744,144.9673445,Edward River Council,2710,Destination Charging R1,review,ambiguous_exact_address,0.5,True,822.0,4.931184681637656,4.931184681637656,48.63594951658787,Peclet local snapshot (experimental),HC2737,End St Deniliquin charger,"72 End St
Deniliquin NSW 2710
Australia",Smart Charge,,8.0,AC,,-35.5356,144.9673,nearest=4.931m; gap=48.636m; manual confirmation required
,Hall St Carpark - Warialda,"72 Hope St
Warialda NSW 2402
Australia",Exploren,1,AC,AC,-29.5408204,150.5760029,Gwydir Shire Council,2402,Destination Charging R2,accepted,address_exact_unique,0.97,False,1234.0,2.2856592492141234,2.2856592492141234,35989.39970281915,Peclet local snapshot (experimental),HC2481,Hope St Warialda charger,"72 Hope St
Warialda NSW 2402
Australia",Exploren,,1.0,AC,,-29.5408,150.576,
,,72 Lachlan St Hay NSW 2711 Australia,Tesla,6,DC,175 kW,-34.5115082,144.8422816,Hay Shire Council,2711,Fast Charging R1,accepted,address_exact_unique,0.97,False,1143.0,1.9166891733817852,1.9166891733817852,45.361098424009185,Peclet local snapshot (experimental),HC2589,Lachlan St Hay charger,72 Lachlan St Hay NSW 2711 Australia,Tesla,,6.0,DC,,-34.5115,144.8423,
,,"72 Watt St
Newcastle NSW 2300
Australia",Chargefox,2,AC,22 kW,-32.9314045,151.7820601,Newcastle City Council,2300,Kerbside Charging R1,accepted,address_exact_unique,0.97,False,1186.0,3.757269382753895,3.757269382753895,351.678034490458,Peclet local snapshot (experimental),HC2081,Watt St Newcastle charger,"72 Watt St
Newcastle NSW 2300
Australia",Chargefox,,2.0,22 kW,,-32.9314,151.7821,
,,"726 Bourke St
Redfern NSW 2016
Australia",EVX,2,AC,22 kW,-33.8940195,151.2141751,"Sydney, Council of the City of",2016,Kerbside Charging R1,accepted,address_exact_unique,0.97,False,1991.0,3.159672952009899,3.159672952009899,510.7871236526892,Peclet local snapshot (experimental),HC2552,Bourke St Redfern charger,"726 Bourke St
Redfern NSW 2016
Australia",EVX,,2.0,22 kW,,-33.894,151.2142,
,Mid-Western Regional Council,"73 Louee St
Rylstone NSW 2849
Australia",Smart Charge,2,AC,AC,-32.7976467,149.970402,Mid-Western Regional Council,2849,Destination Charging R1,accepted,address_exact_unique,0.97,False,1307.0,5.955717690272308,5.955717690272308,6926.547263443991,Peclet local snapshot (experimental),DC277,Rylstone Memorial Hall charger,"73 Louee St, Rylstone NSW 2849, Australia",SmartCharge,Type 2,2.0,22 kW,Open 24/7,-32.79760454,149.9704413,
,Bermagui Fishermen's Co-Operative ,"73-79 Lamont St
Bermagui NSW 2546
Australia",Chargefox,2,AC,AC,-36.4266414,150.0714385,Bega Valley Shire Council,2546,Destination Charging R1,review,coordinate_candidate,0.5,True,1042.0,33.599508415498306,33.599508415498306,146.87643631168083,Peclet local snapshot (experimental),DC997,Bermagui Fishermen's Wharf charger,"Shop 10/73-79 Lamont St, Bermagui NSW 2546, Australia",Chargefox,Type 2,2.0,22 kW,,-36.4267395,150.0717937,nearest=33.600m; gap=146.876m; manual confirmation required
,,"75 Corunna Rd
Stanmore NSW 2048
Australia",PLUS ES,1,AC,22 kW,-33.8889825,151.1684613,Inner West Council,2048,Kerbside Charging R1,accepted,address_exact_unique,0.97,False,1193.0,4.06782835893432,4.06782835893432,231.1443602937162,Peclet local snapshot (experimental),HC2233,Corunna Rd Stanmore charger,"75 Corunna Rd
Stanmore NSW 2048
Australia",PLUS ES,,1.0,22 kW,,-33.889,151.1685,
,,"75 Park Rd
Naremburn NSW 2065
Australia",EVX,2,AC,22 kW,-33.8155469,151.194236,Willoughby City Council,2065,Kerbside Charging R1,accepted,address_exact_unique,0.97,False,1189.0,6.185296059940957,6.185296059940957,170.7912008527915,Peclet local snapshot (experimental),HC2131,Park Rd Naremburn charger,"75 Park Rd
Naremburn NSW 2065
Australia",EVX,,2.0,22 kW,,-33.8155,151.1942,
,Tumut Riverina Highlands Building Public Car Park,"76 Capper St
Tumut NSW 2720
Australia",Chargefox,4,AC,AC,-35.3012354,148.2201425,Snowy Valleys Council,2720,Destination Charging R2,accepted,address_exact_unique,0.97,False,1495.0,5.51086343361535,5.51086343361535,80.16878289148353,Peclet local snapshot (experimental),HC2075,Capper St Tumut charger,"76 Capper St
Tumut NSW 2720
Australia",Chargefox,,4.0,AC,,-35.3012,148.2201,
,Coolamon Shire Council,"76 Ford St
Ganmain NSW 2702
Australia",Exploren,2,AC,AC,-34.7933852,147.0388513,Coolamon Shire Council,2702,Destination Charging R1,accepted,coordinate_exact,1.0,False,1433.0,0.0,0.03528498796713696,14511.948759304529,Peclet local snapshot (experimental),DC959,Ganmain Craft Cottage charger,"76 Ford St, Ganmain NSW 2702, Australia, Ganmain 2702",Exploren,Type 2,2.0,6.8 - 7 kW,Open 24/7,-34.793385,147.038851,
,Palms Oasis Motel Coopernook,"76 George Gibson Dr
Coopernook NSW 2426
Australia",Everty,2,AC,AC,-31.8234893,152.6161719,Mid-Coast Council,2426,Destination Charging R2,accepted,address_exact_unique,0.97,False,744.0,2.9092917711746615,2.9092917711746615,8503.951363127777,Peclet local snapshot (experimental),HC2407,George Gibson Dr Coopernook charger,"76 George Gibson Dr
Coopernook NSW 2426
Australia",Everty,,2.0,AC,,-31.8235,152.6162,
,,"76 Glossop St, North St Marys NSW 2760, Australia",BP,4,DC,175 kW,-33.7601979,150.7816339,Penrith City Council,2760,Fast Charging R1,accepted,address_exact_unique,0.97,False,1154.0,3.142546089522409,3.142546089522409,3085.5348922268045,Peclet local snapshot (experimental),HC2015,Glossop St North St Marys charger,"76 Glossop St, North St Marys NSW 2760, Australia",BP,,4.0,DC,,-33.7602,150.7816,
,Latitude 32 Cellar Door,"771 Hermitage Rd
Pokolbin NSW 2320
Australia",Non-networked,2,AC,AC,-32.7165581,151.2572876,Singleton Council,2320,Destination Charging R2,accepted,address_exact_unique,0.97,False,1556.0,4.801320717623271,4.801320717623271,1192.3089588165558,Peclet local snapshot (experimental),HC2528,Hermitage Rd Pokolbin charger,"771 Hermitage Rd
Pokolbin NSW 2320
Australia",Non-networked,,2.0,AC,,-32.7166,151.2573,
,Highlands Motor Inn,"77-79 Dart St
Oberon NSW 2787
Australia",CasaCharge,2,AC,AC,-33.7021774,149.8557833,Oberon Council,2787,Destination Charging R2,accepted,address_exact_unique,0.97,False,394.0,2.9498805352218977,2.9498805352218977,742.9869973586369,Peclet local snapshot (experimental),HC2319,Dart St Oberon charger,"77-79 Dart St
Oberon NSW 2787
Australia",CasaCharge,,2.0,AC,,-33.7022,149.8558,
,Jervis Bay Holiday Park,"785 Woollamia Rd
Woollamia NSW 2540
Australia",Exploren,2,AC,AC,-35.0226143,150.6608772,Shoalhaven City Council,2540,Destination Charging R2,accepted,address_exact_unique,0.97,False,1101.0,2.615126684380856,2.615126684380856,1899.0677160885534,Peclet local snapshot (experimental),HC2323,Woollamia Rd Woollamia charger,"785 Woollamia Rd
Woollamia NSW 2540
Australia",Exploren,,2.0,AC,,-35.0226,150.6609,
,Esca Bimbadgen,"790 McDonalds Rd
Pokolbin NSW 2320
Australia",Chargefox,2,AC,AC,-32.7442062,151.3156084,Cessnock City Council,2320,Destination Charging R2,accepted,address_exact_unique,0.97,False,1594.0,1.0452138188228748,1.0452138188228748,1050.9795222126731,Peclet local snapshot (experimental),HC2495,McDonalds Rd Pokolbin charger,"790 McDonalds Rd
Pokolbin NSW 2320
Australia",Chargefox,,2.0,AC,,-32.7442,151.3156,
,,"8 Belmore St
Enmore NSW 2042
Australia",PLUS ES,1,AC,22 kW,-33.8982772,151.1730843,Inner West Council,2042,Kerbside Charging R1,accepted,address_exact_unique,0.97,False,1194.0,2.9201295232262807,2.9201295232262807,51.06740355366187,Peclet local snapshot (experimental),HC2248,Belmore St Enmore charger,"8 Belmore St
Enmore NSW 2042
Australia",PLUS ES,,1.0,22 kW,,-33.8983,151.1731,
,,"8 Eastbourne Ave
Clovelly NSW 2031
Australia",Chargefox,2,AC,22 kW,-33.9128921,151.2670905,Randwick City Council,2031,Kerbside Charging R1,accepted,address_exact_unique,0.97,False,383.0,1.2410382837756688,1.2410382837756688,648.4870739467606,Peclet local snapshot (experimental),HC2057,Eastbourne Ave Clovelly charger,"8 Eastbourne Ave
Clovelly NSW 2031
Australia",Chargefox,,2.0,22 kW,,-33.9129,151.2671,
,,"8 Federation Rd
Camperdown NSW 2050
Australia",EVE Australia,2,DC,60 kW,-33.8934749,151.178294,Inner West Council,2050,Kerbside Charging R1,accepted,address_exact_unique,0.97,False,727.0,2.8454060903610023,2.8454060903610023,98.9372586510264,Peclet local snapshot (experimental),HC2144,Federation Rd Camperdown charger,"8 Federation Rd
Camperdown NSW 2050
Australia",EVE Australia,,2.0,60 kW,,-33.8935,151.1783,
,,"8 Harris St
Wallsend NSW 2287
Australia",Chargefox,2,AC,7 kW,-32.9000135,151.6697411,Newcastle City Council,2287,Kerbside Charging R1,accepted,address_exact_unique,0.97,False,1520.0,4.1203352654092695,4.1203352654092695,201.59901783694056,Peclet local snapshot (experimental),HC2215,Harris St Wallsend charger,"8 Harris St
Wallsend NSW 2287
Australia",Chargefox,,2.0,7 kW,,-32.9,151.6697,
,,"8 Holtermann St
Crows Nest NSW 2065
Australia",ChargePost,26,AC,22 kW,-33.824556,151.2017523,North Sydney Council,2065,Kerbside Charging R1,accepted,address_exact_unique,0.97,False,298.0,6.584265844750958,6.584265844750958,43.46745387725679,Peclet local snapshot (experimental),HC2058,Holtermann St Crows Nest charger,"8 Holtermann St
Crows Nest NSW 2065
Australia",ChargePost,,26.0,22 kW,,-33.8246,151.2018,
,Acacia Snowy Motel,"8 Nettin Cct
Jindabyne NSW 2627
Australia",Exploren,4,AC,AC,-36.41917,148.6086205,Snowy Monaro Regional Council,2627,Destination Charging R2,accepted,address_exact_unique,0.97,False,1105.0,3.8069060796256617,3.8069060796256617,136.2439066208796,Peclet local snapshot (experimental),HC2441,Nettin Cct Jindabyne charger,"8 Nettin Cct
Jindabyne NSW 2627
Australia",Exploren,,4.0,AC,,-36.4192,148.6086,
,,"8 Stanley St, Bathurst, NSW, 2795, Australia",NRMA,4,DC,175 kW,-33.413357,149.5853256,Bathurst Regional Council,2795,Fast Charging R1,accepted,address_exact_unique,0.97,False,1607.0,5.339239766030941,5.339239766030941,192.09619591382668,Peclet local snapshot (experimental),HC2155,Stanley St Bathurst charger,"8 Stanley St, Bathurst, NSW, 2795, Australia",NRMA,,4.0,DC,,-33.4134,149.5853,
,,"80 Victoria Rd
Marrickville NSW 2204
Australia",EVE Australia,2,AC,22 kW,-33.9063008,151.1689967,Inner West Council,2204,Kerbside Charging R1,accepted,address_exact_unique,0.97,False,793.0,0.31727079726790963,0.31727079726790963,256.1321562212493,Peclet local snapshot (experimental),HC2141,Victoria Rd Marrickville charger,"80 Victoria Rd
Marrickville NSW 2204
Australia",EVE Australia,,2.0,22 kW,,-33.9063,151.169,
,Camellia Motel,"80 Whitton St
Narrandera NSW 2700
Australia",Charge OS,4,AC,AC,-34.741197,146.5549449,Narrandera Shire Council,2700,Destination Charging R2,accepted,address_exact_unique,0.97,False,1130.0,4.116174037088608,4.116174037088608,734.2760699206857,Peclet local snapshot (experimental),HC2272,Whitton St Narrandera charger,"80 Whitton St
Narrandera NSW 2700
Australia",Charge OS,,4.0,AC,,-34.7412,146.5549,
,,"801-899R Bunnerong Rd
Chifley NSW 2036
Australia",Chargefox,2,DC,50 kW,-33.9729613,151.2365649,Waverley Council,2036,Kerbside Charging R1,accepted,address_exact_unique,0.97,False,1542.0,5.384628662094718,5.384628662094718,1417.667276418833,Peclet local snapshot (experimental),HC2059,801-899R Bunnerong Rd Chifley charger,"801-899R Bunnerong Rd
Chifley NSW 2036
Australia",Chargefox,,2.0,50 kW,,-33.973,151.2366,
,Vacy Rest Stop,"804 Gresford Rd
Vacy NSW 2421
Australia",Exploren,1,AC,AC,-32.5400577,151.5776541,Dungog Shire Council,2421,Destination Charging R2,accepted,address_exact_unique,0.97,False,1135.0,6.374628838266834,6.374628838266834,6474.025549201528,Peclet local snapshot (experimental),HC2385,Gresford Rd Vacy charger,"804 Gresford Rd
Vacy NSW 2421
Australia",Exploren,,1.0,AC,,-32.5401,151.5777,
,,"81 De Vitre St
Lambton NSW 2299
Australia",Chargefox,2,AC,7 kW,-32.9110097,151.7082908,Newcastle City Council,2299,Kerbside Charging R1,accepted,address_exact_unique,0.97,False,1890.0,1.3787413751907578,1.3787413751907578,1252.317081851821,Peclet local snapshot (experimental),HC2241,De Vitre St Lambton charger,"81 De Vitre St
Lambton NSW 2299
Australia",Chargefox,,2.0,7 kW,,-32.911,151.7083,
,Cootamundra Library Car Park,"81 Wallendoon St
Cootamundra NSW 2590
Australia",Exploren,4,AC,AC,-34.6395032,148.0257059,Cootamundra-gundagai Regional Council,2590,Destination Charging R2,accepted,address_exact_unique,0.97,False,1903.0,0.6464930383996933,0.6464930383996933,15870.31215127173,Peclet local snapshot (experimental),HC2445,Wallendoon St Cootamundra charger,"81 Wallendoon St
Cootamundra NSW 2590
Australia",Exploren,,4.0,AC,,-34.6395,148.0257,
,,"8-12 Bega St
Tathra NSW 2550
Australia",Chargefox,2,AC,AC,-36.7278267,149.9885057,Bega Valley Shire Council,2550,Destination Charging R1,accepted,coordinate_exact,1.0,False,1829.0,0.0,0.04275066558261387,863.4436216101506,Peclet local snapshot (experimental),DC983,Tathra Hotel & Motel charger,"8-12 Bega St, Tathra NSW 2550, Australia",Chargefox,Type 2,2.0,22 kW,,-36.727827,149.988506,
,Singleton Diggers - Alroy Park Club,"8-14 Dorsman Dr
Singleton Heights NSW 2330
Australia",Exploren,2,AC,AC,-32.5491609,151.1619536,Singleton Council,2330,Destination Charging R1,accepted,address_exact_unique,0.97,False,344.0,6.149546490120867,6.149546490120867,26.469179275462473,Peclet local snapshot (experimental),HC2688,Dorsman Dr Singleton Heights charger,"8-14 Dorsman Dr
Singleton Heights NSW 2330
Australia",Exploren,,2.0,AC,,-32.5492,151.162,
,,82 Summer St Orange NSW 2800 Australia,Tesla,6,DC,175 kW,-33.2833264,149.0944601,Orange City Council,2800,Fast Charging R1,accepted,address_exact_unique,0.97,False,1996.0,4.730063027616693,4.730063027616693,165.03839273248406,Peclet local snapshot (experimental),HC2646,Summer St Orange charger,82 Summer St Orange NSW 2800 Australia,Tesla,,6.0,DC,,-33.2833,149.0945,
,The Charles Boutique Hotel & Dining,"82 Tarcutta St
Wagga Wagga NSW 2650
Australia",Noodoe,3,AC,AC,-35.1151339,147.3753415,Wagga Wagga City Council,2650,Destination Charging R1,accepted,address_exact_unique,0.97,False,1246.0,5.334579490388143,5.334579490388143,607.7284425705595,Peclet local snapshot (experimental),HC2712,Tarcutta St Wagga Wagga charger,"82 Tarcutta St
Wagga Wagga NSW 2650
Australia",Noodoe,,3.0,AC,,-35.1151,147.3753,
,,"8275 Pacific Hwy, New Italy NSW 2472",Tesla,12,DC,175 kW,-30.8015492,152.8689544,Richmond Valley Council,2472,Fast Charging R1,accepted,address_exact_unique,0.97,False,1945.0,6.992709637376142,6.992709637376142,11246.42111496393,Peclet local snapshot (experimental),HC2069,Pacific Hwy New Italy charger,"8275 Pacific Hwy, New Italy NSW 2472",Tesla,,12.0,DC,,-30.8015,152.869,
,The Civic,"83 Chandos St
Gunnedah NSW 2380
Australia",Exploren,4,AC,AC,-30.9761286,150.2519107,Gunnedah Shire Council,2380,Destination Charging R2,accepted,address_exact_unique,0.97,False,1547.0,3.339778137870784,3.339778137870784,237.54708670816717,Peclet local snapshot (experimental),HC2104,Chandos St Gunnedah charger,"83 Chandos St
Gunnedah NSW 2380
Australia",Exploren,,4.0,AC,,-30.9761,150.2519,
,Mingara Recreation Club,"83 Macquarie Rd
Springwood NSW 2777
Australia",Exploren,2,AC,AC,-33.6984685,150.5696737,Blue Mountains City Council,2777,Destination Charging R1,review,coordinate_candidate,0.5,True,1716.0,49.481009269037,49.481009269037,959.5515630161552,Peclet local snapshot (experimental),DC393,Springwood Sports Club charger,"83 MMacquarie Rd, Springwood NSW 2777, Australia",Exploren,Type 2,2.0,22 kW,9am - 3am,-33.698489,150.570208,nearest=49.481m; gap=959.552m; manual confirmation required
,Albury Showground,"836 Mate St
North Albury NSW 2640
Australia",Exploren,1,AC,AC,-36.0659794,146.935055,Albury City Council,2640,Destination Charging R2,accepted,address_exact_unique,0.97,False,1627.0,4.6483213521382,4.6483213521382,1519.0698592840763,Peclet local snapshot (experimental),HC2501,Mate St North Albury charger,"836 Mate St
North Albury NSW 2640
Australia",Exploren,,1.0,AC,,-36.066,146.9351,
,,"84 Frenchmans Rd
Randwick NSW 2031
Australia",PLUS ES,1,AC,22 kW,-33.9072488,151.2505126,Randwick City Council,2031,Kerbside Charging R1,accepted,address_exact_unique,0.97,False,1887.0,5.54950080571811,5.54950080571811,136.92251930412485,Peclet local snapshot (experimental),HC2194,Frenchmans Rd Randwick charger,"84 Frenchmans Rd
Randwick NSW 2031
Australia",PLUS ES,,1.0,22 kW,,-33.9072,151.2505,
,Lovedale Wedding Chapel and Reception,"842 Lovedale Rd
Allandale NSW 2320
Australia",Exploren,4,AC,AC,-32.7326471,151.3923335,Cessnock City Council,2320,Destination Charging R2,accepted,address_exact_unique,0.97,False,1572.0,6.103112018591909,6.103112018591909,1439.3528462957945,Peclet local snapshot (experimental),HC2018,Lovedale Rd Allandale charger,"842 Lovedale Rd
Allandale NSW 2320
Australia",Exploren,,4.0,AC,,-32.7326,151.3923,
,,"85 Cowper St
Randwick NSW 2031
Australia",EVX,2,AC,22 kW,-33.9092542,151.2421072,Randwick City Council,2031,Kerbside Charging R1,accepted,address_exact_unique,0.97,False,1612.0,5.1358887467052545,5.1358887467052545,396.8075788865159,Peclet local snapshot (experimental),HC2290,Cowper St Randwick charger,"85 Cowper St
Randwick NSW 2031
Australia",EVX,,2.0,22 kW,,-33.9093,151.2421,
,,"85 Denison St
Bondi Junction NSW 2022
Australia",PLUS ES,1,AC,22 kW,-33.89343,151.2443883,Waverley Council,2022,Kerbside Charging R1,accepted,address_exact_unique,0.97,False,797.0,3.5062933829896,3.5062933829896,50.64789959856819,Peclet local snapshot (experimental),HC2203,Denison St Bondi Junction charger,"85 Denison St
Bondi Junction NSW 2022
Australia",PLUS ES,,1.0,22 kW,,-33.8934,151.2444,
,,"85 South St, Ulladulla NSW 2539, Australia",Evie Networks,4,DC,175 kW,-35.3595567,150.4754013,Shoalhaven City Council,2539,Fast Charging R1,accepted,address_exact_unique,0.97,False,1220.0,4.816183353535479,4.816183353535479,265.44106169291047,Peclet local snapshot (experimental),HC2218,South St Ulladulla charger,"85 South St, Ulladulla NSW 2539, Australia",Evie Networks,,4.0,DC,,-35.3596,150.4754,
,,"850 Woodville Rd, Villawood 2163, NSW",Evie Networks,4,DC,175 kW,-33.8791212,150.9776442,Canterbury Bankstown Council,2163,Fast Charging R2,review,coordinate_candidate,0.5,True,1733.0,1034.4824399514898,1034.4824399514898,2396.1694164152686,Peclet local snapshot (experimental),DC493,Komatsu Fairfield charger,"50-60 Fairfield St, Fairfield NSW 2165, Australia",EVUp,Type 2,4.0,kW,,-33.869829,150.978192,nearest=1034.482m; gap=2396.169m; manual confirmation required
,Sponars Chalet,"8568 Kosciuszko Rd
Wilsons Valley NSW 2624
Australia",Exploren,4,AC,AC,-36.3599294,148.4849448,Snowy Monaro Regional Council,2624,Destination Charging R2,accepted,address_exact_unique,0.97,False,1956.0,5.175009998378896,5.175009998378896,8256.862536840179,Peclet local snapshot (experimental),HC2447,Kosciuszko Rd Wilsons Valley charger,"8568 Kosciuszko Rd
Wilsons Valley NSW 2624
Australia",Exploren,,4.0,AC,,-36.3599,148.4849,
,,"86 Elswick St
Leichhardt NSW 2040
Australia",PLUS ES,1,AC,7 kW,-33.885178,151.1519273,Inner West Council,2040,Kerbside Charging R1,accepted,address_exact_unique,0.97,False,339.0,3.5121121984948527,3.5121121984948527,267.36733622443245,Peclet local snapshot (experimental),HC2472,Elswick St Leichhardt charger,"86 Elswick St
Leichhardt NSW 2040
Australia",PLUS ES,,1.0,7 kW,,-33.8852,151.1519,
,Lake Canobolas,"87 Lake Canobolas Rd
Nashdale NSW 2800
Australia",Exploren,2,AC,AC,-33.2968721,149.0245698,Cabonne Council,2800,Destination Charging R2,accepted,address_exact_unique,0.97,False,1614.0,4.183623773008448,4.183623773008448,536.4006541085065,Peclet local snapshot (experimental),HC2320,Lake Canobolas Rd Nashdale charger,"87 Lake Canobolas Rd
Nashdale NSW 2800
Australia",Exploren,,2.0,AC,,-33.2969,149.0246,
,,"872 Anzac Pde, Maroubra, NSW, 2035",Evie Networks,4,DC,75 kW,-33.9406054,151.2395169,Randwick City Council,2035,Kerbside Charging R1,accepted,address_exact_unique,0.97,False,299.0,1.6706463455179772,1.6706463455179772,242.05284163729942,Peclet local snapshot (experimental),HC2060,Anzac Pde Maroubra charger,"872 Anzac Pde, Maroubra, NSW, 2035",Evie Networks,,4.0,75 kW,,-33.9406,151.2395,
,,"88 Terry St
Tempe NSW 2044
Australia",PLUS ES,1,AC,22 kW,-33.9186508,151.1652517,Inner West Council,2044,Kerbside Charging R1,accepted,address_exact_unique,0.97,False,1555.0,7.056377278816853,7.056377278816853,437.90667927759046,Peclet local snapshot (experimental),HC2455,Terry St Tempe charger,"88 Terry St
Tempe NSW 2044
Australia",PLUS ES,,1.0,22 kW,,-33.9187,151.1653,
,,"88-120 Clovelly Rd
Randwick NSW 2031
Australia",PLUS ES,1,AC,22 kW,-33.9091238,151.2486023,Randwick City Council,2031,Kerbside Charging R1,accepted,address_exact_unique,0.97,False,1888.0,2.654937184616922,2.654937184616922,203.83247428958825,Peclet local snapshot (experimental),HC2195,Clovelly Rd Randwick charger,"88-120 Clovelly Rd
Randwick NSW 2031
Australia",PLUS ES,,1.0,22 kW,,-33.9091,151.2486,
,,"89 Curlewis St
Bondi Beach NSW 2026
Australia",Chargefox,1,AC,7 kW,-33.8879047,151.2722051,Waverley Council,2026,Kerbside Charging R1,accepted,address_exact_unique,0.97,False,790.0,0.7033806787490963,0.7033806787490963,53.50972459605905,Peclet local snapshot (experimental),HC2061,Curlewis St Bondi Beach charger,"89 Curlewis St
Bondi Beach NSW 2026
Australia",Chargefox,,1.0,7 kW,,-33.8879,151.2722,
,,"9 Ascot St
Kensington NSW 2033
Australia",EVX,2,AC,22 kW,-33.907747,151.2241023,Randwick City Council,2033,Kerbside Charging R1,accepted,address_exact_unique,0.97,False,335.0,5.230470033344482,5.230470033344482,64.3946130506912,Peclet local snapshot (experimental),HC2361,Ascot St Kensington charger,"9 Ascot St
Kensington NSW 2033
Australia",EVX,,2.0,22 kW,,-33.9077,151.2241,
,,"9 Bessemer St, Mittagong, 2575",NRMA,2,AC,20 kW,-34.45008813,150.4424585,Wingecarribee Shire Council,2575,Existing Destination Chargers,accepted,coordinate_exact,1.0,False,671.0,0.0,0.048071618148974316,623.1360875012289,Peclet local snapshot (experimental),FC153,Mittagong RSL Car Park charger,"9 Bessemer St, Mittagong NSW 2575, Australia",NRMA,Tesla; Type 2,6.0,50 - 150 kW,Open 24/7,-34.450088,150.442458,
,,"9 Fort St
Petersham NSW 2049
Australia",PLUS ES,1,AC,22 kW,-33.890109,151.1577673,Inner West Council,2049,Kerbside Charging R1,accepted,address_exact_unique,0.97,False,838.0,3.1799156878239496,3.1799156878239496,367.77054968790515,Peclet local snapshot (experimental),HC2473,Fort St Petersham charger,"9 Fort St
Petersham NSW 2049
Australia",PLUS ES,,1.0,22 kW,,-33.8901,151.1578,
,Mantra on Salt Beach,"9 Gunnamatta Ave
Kingscliff NSW 2487
Australia",Chargefox,2,AC,AC,-28.2779639,153.5776313,Tweed Shire Council,2487,Destination Charging R1,accepted,address_exact_unique,0.97,False,432.0,34.18036912914085,34.18036912914085,1900.9862723043777,Peclet local snapshot (experimental),DC52,Mantra on Salt Beach Kingscliff charger,"9 Gunnamatta Ave, Kingscliff NSW 2487, Australia",Chargefox,Type 2,2.0,10 kW,,-28.27803959,153.577293,
,Toronto Workers Club,"9 James St
Toronto NSW 2283
Australia",CasaCharge,4,AC,AC,-33.0104168,151.5915663,Lake Macquarie City Council,2283,Destination Charging R2,accepted,address_exact_unique,0.97,False,1551.0,3.6556926111127472,3.6556926111127472,584.4849383489246,Peclet local snapshot (experimental),HC2295,James St Toronto charger,"9 James St
Toronto NSW 2283
Australia",CasaCharge,,4.0,AC,,-33.0104,151.5916,
,,"9 Nicholson St
Balmain East NSW 2041
Australia",PLUS ES,1,AC,7 kW,-33.856438,151.1933937,Inner West Council,2041,Kerbside Charging R1,accepted,address_exact_unique,0.97,False,372.0,4.2652657681768575,4.2652657681768575,201.71551894948408,Peclet local snapshot (experimental),HC2508,Nicholson St Balmain East charger,"9 Nicholson St
Balmain East NSW 2041
Australia",PLUS ES,,1.0,7 kW,,-33.8564,151.1934,
,Tura Garden Centre,"9 Tura Beach Dr
Tura Beach NSW 2548
Australia",EVUp,1,AC,AC,-36.863888,149.9151051,Bega Valley Shire Council,2548,Destination Charging R2,accepted,address_exact_unique,0.97,False,309.0,1.4093667067712354,1.4093667067712354,2423.9954353926173,Peclet local snapshot (experimental),HC2422,Tura Beach Dr Tura Beach charger,"9 Tura Beach Dr
Tura Beach NSW 2548
Australia",EVUp,,1.0,AC,,-36.8639,149.9151,
,,"9 Vickery Ave
Rose Bay NSW 2029
Australia",Evie Networks,4,DC,75 kW,-33.8703543,151.2642569,Woollahra Municipal Council,2029,Kerbside Charging R1,accepted,address_exact_unique,0.97,False,350.0,6.454216049305204,6.454216049305204,368.8574032181391,Peclet local snapshot (experimental),HC2062,Vickery Ave Rose Bay charger,"9 Vickery Ave
Rose Bay NSW 2029
Australia",Evie Networks,,4.0,75 kW,,-33.8704,151.2643,
,,"90 Boundary St
Paddington NSW 2021
Australia",PLUS ES,1,AC,22 kW,-33.8792204,151.224936,Woollahra Municipal Council,2021,Kerbside Charging R1,accepted,address_exact_unique,0.97,False,702.0,4.023714311799251,4.023714311799251,34.686570009292836,Peclet local snapshot (experimental),HC2197,Boundary St Paddington charger,"90 Boundary St
Paddington NSW 2021
Australia",PLUS ES,,1.0,22 kW,,-33.8792,151.2249,
,Mid-Western Regional Council,"90 Market St
Mudgee NSW 2850
Australia",Smart Charge,2,AC,AC,-32.5900897,149.5835475,Mid-Western Regional Council,2850,Destination Charging R1,accepted,address_exact_unique,0.97,False,1536.0,4.595140853186037,4.595140853186037,62.013033620478524,Peclet local snapshot (experimental),HC2679,Market St Mudgee charger,"90 Market St
Mudgee NSW 2850
Australia",Smart Charge,,2.0,AC,,-32.5901,149.5835,
,,"90 Rowntree St
Birchgrove NSW 2041
Australia",PLUS ES,1,AC,7 kW,-33.8534353,151.1802386,Inner West Council,2041,Kerbside Charging R1,accepted,address_exact_unique,0.97,False,1932.0,5.3021153007939645,5.3021153007939645,51.31467255202157,Peclet local snapshot (experimental),HC2504,Rowntree St Birchgrove charger,"90 Rowntree St
Birchgrove NSW 2041
Australia",PLUS ES,,1.0,7 kW,,-33.8534,151.1802,
,,"91 Annandale St
Annandale NSW 2038
Australia",PLUS ES,1,AC,22 kW,-33.8830534,151.1686672,Inner West Council,2038,Kerbside Charging R1,accepted,address_exact_unique,0.97,False,1593.0,6.001459460221789,6.001459460221789,134.92745524300537,Peclet local snapshot (experimental),HC2484,Annandale St Annandale charger,"91 Annandale St
Annandale NSW 2038
Australia",PLUS ES,,1.0,22 kW,,-33.8831,151.1687,
,Cousins Motor Inn,"9-11 Glen Innes Rd
Inverell NSW 2360
Australia",EVUp,2,AC,AC,-29.7793751,151.1164452,Inverell Shire Council,2360,Destination Charging R1,accepted,address_exact_unique,0.97,False,859.0,13.790104852760582,13.790104852760582,370.80391924289097,Peclet local snapshot (experimental),DC58,Cousins Motor Inn charger,"9-11 Glen Innes Road, Inverell NSW 2360",EVUp,Type 2,1.0,kW,,-29.77933135,151.1163115,
,,"9-11 Layton St
Camperdown NSW 2050
Australia",EVX,2,AC,22 kW,-33.8858813,151.1769326,"Sydney, Council of the City of",2050,Kerbside Charging R1,accepted,address_exact_unique,0.97,False,1531.0,3.6577711349930735,3.6577711349930735,125.98090743260009,Peclet local snapshot (experimental),HC2550,Layton St Camperdown charger,"9-11 Layton St
Camperdown NSW 2050
Australia",EVX,,2.0,22 kW,,-33.8859,151.1769,
,,"9-17 Short St, Parkes NSW 2870",Tesla,4,DC,175 kW,-33.1413775,148.1740685,Parkes Shire Council,2870,Fast Charging R1,accepted,address_exact_unique,0.97,False,1552.0,3.854998186746465,3.854998186746465,360.79260940378185,Peclet local snapshot (experimental),HC2335,Short St Parkes charger,"9-17 Short St, Parkes NSW 2870",Tesla,,4.0,DC,,-33.1414,148.1741,
,,"924 Anzac Pde
Maroubra NSW 2035
Australia",Evie Networks,2,DC,75 kW,-33.9427694,151.2401202,Randwick City Council,2035,Kerbside Charging R1,accepted,address_exact_unique,0.97,False,1092.0,3.8793882605578425,3.8793882605578425,90.87394257789367,Peclet local snapshot (experimental),HC2087,Anzac Pde Maroubra charger,"924 Anzac Pde
Maroubra NSW 2035
Australia",Evie Networks,,2.0,75 kW,,-33.9428,151.2401,
,Ingenia Holiday Parks - Wagga Wagga,"93 Hammond Ave
Wagga Wagga NSW 2650
Australia",Exploren,4,AC,AC,-35.1212252,147.3886118,Wagga Wagga City Council,2650,Destination Charging R2,accepted,address_exact_unique,0.97,False,306.0,3.0006037474818807,3.0006037474818807,981.6317251036767,Peclet local snapshot (experimental),HC2342,Hammond Ave Wagga Wagga charger,"93 Hammond Ave
Wagga Wagga NSW 2650
Australia",Exploren,,4.0,AC,,-35.1212,147.3886,
,,"93 Metropolitan Rd
Enmore NSW 2042
Australia",PLUS ES,1,AC,22 kW,-33.9020556,151.1727031,Inner West Council,2042,Kerbside Charging R1,accepted,address_exact_unique,0.97,False,1554.0,4.94533758013231,4.94533758013231,94.22032732226295,Peclet local snapshot (experimental),HC2438,Metropolitan Rd Enmore charger,"93 Metropolitan Rd
Enmore NSW 2042
Australia",PLUS ES,,1.0,22 kW,,-33.9021,151.1727,
,Ulan Village Green,"94 Main St
Ulan NSW 2850
Australia",EVUp,2,AC,AC,-32.2784667,149.7443059,Mid-Western Regional Council,2850,Destination Charging R2,accepted,address_exact_unique,0.97,False,287.0,3.7441041173369385,3.7441041173369385,22016.85449445688,Peclet local snapshot (experimental),HC2562,Main St Ulan charger,"94 Main St
Ulan NSW 2850
Australia",EVUp,,2.0,AC,,-32.2785,149.7443,
,Osborn House,"96 Osborn Ave
Bundanoon NSW 2578
Australia",Exploren,4,AC,AC,-34.657549,150.3029406,Wingecarribee Shire Council,2578,Destination Charging R2,accepted,address_exact_unique,0.97,False,1123.0,6.593685124361654,6.593685124361654,5457.589554816517,Peclet local snapshot (experimental),HC2221,Osborn Ave Bundanoon charger,"96 Osborn Ave
Bundanoon NSW 2578
Australia",Exploren,,4.0,AC,,-34.6575,150.3029,
,,"96A Dudley St
Coogee NSW 2034
Australia",PLUS ES,1,AC,22 kW,-33.9248666,151.2553779,Randwick City Council,2034,Kerbside Charging R1,accepted,address_exact_unique,0.97,False,1100.0,4.236861128976629,4.236861128976629,145.61135527355935,Peclet local snapshot (experimental),HC2301,Dudley St Coogee charger,"96A Dudley St
Coogee NSW 2034
Australia",PLUS ES,,1.0,22 kW,,-33.9249,151.2554,
,,"97 Cascade St
Paddington NSW 2021
Australia",PLUS ES,1,AC,22 kW,-33.8807351,151.2326531,Woollahra Municipal Council,2021,Kerbside Charging R1,accepted,address_exact_unique,0.97,False,269.0,5.829044955161837,5.829044955161837,126.20451958825325,Peclet local snapshot (experimental),HC2188,Cascade St Paddington charger,"97 Cascade St
Paddington NSW 2021
Australia",PLUS ES,,1.0,22 kW,,-33.8807,151.2327,
,Hermitage Road,"972 Hermitage Rd
Pokolbin NSW 2320
Australia",Exploren,2,AC,AC,-32.7351499,151.2597837,Singleton Council,2320,Destination Charging R2,accepted,address_exact_unique,0.97,False,1942.0,5.754278561903701,5.754278561903701,225.30410414832613,Peclet local snapshot (experimental),HC2009,Hermitage Rd Pokolbin charger,"972 Hermitage Rd
Pokolbin NSW 2320
Australia",Exploren,,2.0,AC,,-32.7351,151.2598,
,Pioneer Country,"98 Fraser Dr
Tweed Heads South NSW 2486
Australia",Chargefox,2,AC,AC,-28.2016207,153.522817,Tweed Shire Council,2486,Destination Charging R2,accepted,address_exact_unique,0.97,False,1995.0,2.8413476522913212,2.8413476522913212,1427.2195080995627,Peclet local snapshot (experimental),HC2644,Fraser Dr Tweed Heads South charger,"98 Fraser Dr
Tweed Heads South NSW 2486
Australia",Chargefox,,2.0,AC,,-28.2016,153.5228,
,Hotel Metropole,"98 Keen St
Lismore NSW 2480
Australia",Everty,4,AC,AC,-28.8084207,153.2793444,Lismore City Council,2480,Destination Charging R1,review,ambiguous_exact_address,0.5,True,785.0,4.900252561345921,4.900252561345921,40.17042703321874,Peclet local snapshot (experimental),HC2738,Keen St Lismore charger,"98 Keen St
Lismore NSW 2480
Australia",Everty,,4.0,AC,,-28.8084,153.2793,nearest=4.900m; gap=40.170m; manual confirmation required
,,"98 Rowntree St
Birchgrove NSW 2041
Australia",PLUS ES,1,AC,7 kW,-33.8531448,151.1807182,Inner West Council,2041,Kerbside Charging R1,accepted,address_exact_unique,0.97,False,710.0,5.257402466641655,5.257402466641655,50.376341518538496,Peclet local snapshot (experimental),HC2505,Rowntree St Birchgrove charger,"98 Rowntree St
Birchgrove NSW 2041
Australia",PLUS ES,,1.0,7 kW,,-33.8531,151.1807,
,Dungowan,"99 Naval Pde
Erowal Bay NSW 2540
Australia",Exploren,4,AC,AC,-35.1026079,150.6502946,Shoalhaven City Council,2540,Destination Charging R2,accepted,address_exact_unique,0.97,False,1206.0,1.0064679773419818,1.0064679773419818,2037.7012787514852,Peclet local snapshot (experimental),HC2581,Naval Pde Erowal Bay charger,"99 Naval Pde
Erowal Bay NSW 2540
Australia",Exploren,,4.0,AC,,-35.1026,150.6503,
,Dubbo Regional Council,"99 Percy St
Wellington NSW 2820
Australia",Smart Charge,2,AC,AC,-32.5549188,148.9421813,Dubbo Regional Council,2820,Destination Charging R1,accepted,address_exact_unique,0.97,False,324.0,2.727958142157983,2.727958142157983,10.82494084550534,Peclet local snapshot (experimental),HC2716,Percy St Wellington charger,"99 Percy St
Wellington NSW 2820
Australia",Smart Charge,,2.0,AC,,-32.5549,148.9422,
,Eastcoast Beverages,"993 George Downes Dr
Kulnura NSW 2250
Australia",EVSE,3,AC,AC,-33.2299841,151.2179851,Central Coast Council,2250,Destination Charging R2,accepted,address_exact_unique,0.97,False,1110.0,2.246438126710208,2.246438126710208,3866.803758896318,Peclet local snapshot (experimental),HC2604,George Downes Dr Kulnura charger,"993 George Downes Dr
Kulnura NSW 2250
Australia",EVSE,,3.0,AC,,-33.23,151.218,
,EAST MAITLAND BOWLING CLUB.,"Banks St
East Maitland NSW 2323
Australia",Exploren,4,AC,AC,-32.748883,151.5811776,Maitland City Council,2323,Destination Charging R1,accepted,coordinate_near_clear,0.9,False,784.0,2.8216511241022726,2.8216511241022726,346.20234581611373,Peclet local snapshot (experimental),HC2723,Banks St East Maitland charger,"Banks St
East Maitland NSW 2323
Australia",Exploren,,4.0,AC,,-32.7489,151.5812,
,,"Birmingham St, Sydney, 2015",Porsche Smart Mobility,4,AC,22 kW,-33.92094499,151.1944855,"Sydney, Council of the City of",2015,Existing Destination Chargers,review,coordinate_candidate,0.5,True,1744.0,14.089992883022274,14.089992883022274,274.0700227846548,Peclet local snapshot (experimental),DC553,Porsche Centre Sydney South charger,"470 Gardeners Rd, Alexandria NSW 2015, Australia",,Type 2,3.0,22 kW,Weekdays 08:30 - 17:30,-33.920826,151.194538,nearest=14.090m; gap=274.070m; manual confirmation required
,NRMA Parks and Resorts,"Bombah Point Rd
Bulahdelah NSW 2423
Australia",Chargefox,8,AC,AC,-32.4400154,152.2328245,Mid-Coast Council,2423,Destination Charging R1,accepted,coordinate_near_clear,0.9,False,1631.0,2.8667868789741404,2.8667868789741404,4003.783553364138,Peclet local snapshot (experimental),HC2630,Bombah Point Rd Bulahdelah charger,"Bombah Point Rd
Bulahdelah NSW 2423
Australia",Chargefox,,8.0,AC,,-32.44,152.2328,
,,"Brewer St
Concord NSW 2137
Australia",Evie Networks,4,DC,75 kW,-33.8538342,151.1054057,City Of Canada Bay Council,2137,Kerbside Charging R1,accepted,coordinate_near_clear,0.9,False,1124.0,3.8391202028183558,3.8391202028183558,1737.9928691955042,Peclet local snapshot (experimental),HC2225,Brewer St Concord charger,"Brewer St
Concord NSW 2137
Australia",Evie Networks,,4.0,75 kW,,-33.8538,151.1054,
,Murrumbidgee Council,"Brolga Pl
Coleambally NSW 2707
Australia",Chargefox,2,AC,AC,-34.8064795,145.8801759,Murrumbidgee Council,2707,Destination Charging R1,review,coordinate_candidate,0.5,True,621.0,27.80452790847322,27.80452790847322,27832.683330763608,Peclet local snapshot (experimental),DC955,33-35 Brolga Pl Parking charger,"33-35 Brolga Pl, Coleambally NSW 2707, Australia",Chargefox,Type 2,2.0,22 kW,Open 24/7,-34.80633426,145.8804238,nearest=27.805m; gap=27832.683m; manual confirmation required
,Bathurst Regional Council,"Budden St
Rockley NSW 2795
Australia",Exploren,2,AC,AC,-33.6897651,149.5663856,Bathurst Regional Council,2795,Destination Charging R1,accepted,coordinate_near_clear,0.9,False,755.0,4.103029322323851,4.103029322323851,216.95462415522525,Peclet local snapshot (experimental),HC2732,Budden St Rockley charger,"Budden St
Rockley NSW 2795
Australia",Exploren,,2.0,AC,,-33.6898,149.5664,
,"War Memorial Hall, Tottenham","Bulbodney St
Tottenham NSW 2873
Australia",Exploren,2,AC,AC,-32.2494946,147.3540861,Lachlan Shire Council,2873,Destination Charging R2,accepted,coordinate_near_clear,0.9,False,1119.0,1.4384861573364762,1.4384861573364762,77586.67903483796,Peclet local snapshot (experimental),HC2145,Bulbodney St Tottenham charger,"Bulbodney St
Tottenham NSW 2873
Australia",Exploren,,2.0,AC,,-32.2495,147.3541,
,Berrigan Shire,"Burkinshaw St
Barooga NSW 3644
Australia",Non-networked,2,AC,AC,-35.9066869,145.6880429,Berrigan Shire Council,3644,Destination Charging R1,accepted,coordinate_near_clear,0.9,False,818.0,4.129245573265294,4.129245573265294,13754.233568298569,Peclet local snapshot (experimental),HC2682,Burkinshaw St Barooga charger,"Burkinshaw St
Barooga NSW 3644
Australia",Non-networked,,2.0,AC,,-35.9067,145.688,
,,"Cabarita Beach Bowls and Sports Club, Cabarita Beach NSW 2488",NRMA,4,DC,175 kW,-28.332159,153.5641479,Tweed Shire Council,2488,Fast Charging R1,review,coordinate_candidate,0.5,True,377.0,6.539399114186646,6.539399114186646,45.556011233967716,Peclet local snapshot (experimental),HC2651,Cabarita Beach Bowls and Sports Club Cabarita Beach charger,"Cabarita Beach Bowls and Sports Club, Cabarita Beach NSW 2488",NRMA,,4.0,DC,,-28.3322,153.5641,nearest=6.539m; gap=45.556m; manual confirmation required
,Dubbo Regional Council,"Caves Rd
Mitchell Highway
Wellington NSW 2820
Australia",Smart Charge,2,AC,AC,-32.6202413,148.9470403,Dubbo Regional Council,2820,Destination Charging R1,review,coordinate_candidate,0.5,True,1150.0,5.944332029914445,5.944332029914445,808.3750385016201,Peclet local snapshot (experimental),HC2717,Caves Rd Mitchell Highway Wellington charger,"Caves Rd
Mitchell Highway
Wellington NSW 2820
Australia",Smart Charge,,2.0,AC,,-32.6202,148.947,nearest=5.944m; gap=808.375m; manual confirmation required
,Kyogle Council,"Clarence St
Tabulam NSW 2469
Australia",Exploren,2,AC,AC,-28.8890741,152.5677423,Kyogle Council,2469,Destination Charging R1,review,coordinate_candidate,0.5,True,783.0,5.025319904642031,5.025319904642031,173.4455816630083,Peclet local snapshot (experimental),HC2668,Clarence St Tabulam charger,"Clarence St
Tabulam NSW 2469
Australia",Exploren,,2.0,AC,,-28.8891,152.5677,nearest=5.025m; gap=173.446m; manual confirmation required
,,"Cnr Cumberland Hwy & Cabramatta Rd W, Cabramatta NSW 2166, Australia",BP,4,DC,175 kW,-33.8993725,150.9191077,Fairfield City Council,2166,Fast Charging R1,accepted,coordinate_near_clear,0.9,False,787.0,3.1393553155719394,3.1393553155719394,88.22291894504077,Peclet local snapshot (experimental),HC2002,Cabramatta charger,"Cnr Cumberland Hwy & Cabramatta Rd W, Cabramatta NSW 2166, Australia",BP,,4.0,DC,,-33.8994,150.9191,
,Goolgowi Caravan Park,"Combo St
Goolgowi NSW 2652
Australia",Exploren,2,AC,AC,-33.9803438,145.7073444,Carrathool Shire Council,2652,Destination Charging R2,review,coordinate_candidate,0.5,True,1172.0,6.362439126960751,6.362439126960751,45604.54830361956,Peclet local snapshot (experimental),HC2459,Combo St Goolgowi charger,"Combo St
Goolgowi NSW 2652
Australia",Exploren,,2.0,AC,,-33.9803,145.7073,nearest=6.362m; gap=45604.548m; manual confirmation required
,,"Coonabarabran Visitor Cntr, Coonabarabran, 2357",NRMA,2,DC,50 kW,-31.27879984,149.2792432,Warrumbungle Shire Council,2357,Existing Fast Chargers,review,coordinate_candidate,0.5,True,239.0,22.09639987582991,22.09639987582991,617.0982806834958,Peclet local snapshot (experimental),FC132,Coonabarabran Visitors Centre charger,"Coonabarabran Coach Stop, Coonabarabran NSW 2357, Australia",NRMA,Tesla; Type 2,2.0,50 kW,Open 24/7,-31.278606,149.279192,nearest=22.096m; gap=617.098m; manual confirmation required
,,Corner Sturgeon St & Glenelg St Raymond Terrace NSW 2324 Australia,Tesla,12,DC,175 kW,-32.7645423,151.7425233,Port Stephens Council,2324,Fast Charging R1,review,coordinate_candidate,0.5,True,1151.0,5.183611464687444,5.183611464687444,2148.1149172024625,Peclet local snapshot (experimental),HC2731,Corner Sturgeon St & Glenelg St Raymond Terrace charger,Corner Sturgeon St & Glenelg St Raymond Terrace NSW 2324 Australia,Tesla,,12.0,DC,,-32.7645,151.7425,nearest=5.184m; gap=2148.115m; manual confirmation required
,,Council Car Park Lot 4 / DP251076 between 46 Lowe Street Queanbeyan NSW 2620,NRMA,4,DC,175 kW,-35.3549827,149.2329145,Queanbeyan-Palerang Regional Council,2620,Fast Charging R1,accepted,address_exact_unique,0.97,False,1919.0,2.330171969636564,2.330171969636564,943.4518116455342,Peclet local snapshot (experimental),HC2153,Council Car Park Lot 4 / DP251076 between 46 Lowe Street Queanbeyan charger,Council Car Park Lot 4 / DP251076 between 46 Lowe Street Queanbeyan NSW 2620,NRMA,,4.0,DC,,-35.355,149.2329,
,Edward River Council,"Cressy St
Deniliquin NSW 2710
Australia",Exploren,4,AC,AC,-35.5268433,144.9609962,Edward River Council,2710,Destination Charging R1,accepted,coordinate_near_clear,0.9,False,294.0,4.827005205619766,4.827005205619766,91.59918078688989,Peclet local snapshot (experimental),HC2680,Cressy St Deniliquin charger,"Cressy St
Deniliquin NSW 2710
Australia",Exploren,,4.0,AC,,-35.5268,144.961,
,Wallendbeen Park Farm,"Cullinga Rd
Wallendbeen NSW 2588
Australia",Exploren,1,AC,AC,-34.5615547,148.1710149,Cootamundra-gundagai Regional Council,2588,Destination Charging R2,review,coordinate_candidate,0.5,True,760.0,5.218647878787426,5.218647878787426,15869.893792833886,Peclet local snapshot (experimental),HC2089,Cullinga Rd Wallendbeen charger,"Cullinga Rd
Wallendbeen NSW 2588
Australia",Exploren,,1.0,AC,,-34.5616,148.171,nearest=5.219m; gap=15869.894m; manual confirmation required
,Shellharbour City Council,"Cygnet Ave
Shellharbour City Centre NSW 2529
Australia",Chargefox,4,AC,AC,-34.565502,150.8334516,Shellharbour City Council,2529,Destination Charging R1,accepted,coordinate_near_clear,0.9,False,1566.0,4.43739924618476,4.43739924618476,181.8501667948863,Peclet local snapshot (experimental),HC2681,Cygnet Ave Shellharbour City Centre charger,"Cygnet Ave
Shellharbour City Centre NSW 2529
Australia",Chargefox,,4.0,AC,,-34.5655,150.8335,
,Currabubula Recreation Grounds,"Davis St
Currabubula NSW 2342
Australia",Exploren,2,AC,AC,-31.2621086,150.7363082,Liverpool Plains Shire Council,2342,Destination Charging R2,accepted,coordinate_near_clear,0.9,False,745.0,1.2336694355938218,1.2336694355938218,20393.80085900992,Peclet local snapshot (experimental),HC2452,Davis St Currabubula charger,"Davis St
Currabubula NSW 2342
Australia",Exploren,,2.0,AC,,-31.2621,150.7363,
,Early Start Discovery Space,"Early Start Discovery Space (Building 21) University of Wollongong
Northfields Ave
Wollongong NSW 2522
Australia",Chargefox,4,AC,AC,-34.4079569,150.877135,Wollongong City Council,2522,Destination Charging R2,accepted,address_exact_unique,0.97,False,1946.0,5.768698062619693,5.768698062619693,1405.2934269849293,Peclet local snapshot (experimental),HC2097,Early Start Discovery Space (Building 21) University of Wollongong Northfields Ave Wollongong charger,"Early Start Discovery Space (Building 21) University of Wollongong
Northfields Ave
Wollongong NSW 2522
Australia",Chargefox,,4.0,AC,,-34.408,150.8771,
,,"Evans St
Randwick NSW 2031
Australia",PLUS ES,1,AC,22 kW,-33.9039196,151.2386892,Randwick City Council,2031,Kerbside Charging R1,accepted,coordinate_near_clear,0.9,False,729.0,2.39652362287637,2.39652362287637,368.14170836457595,Peclet local snapshot (experimental),HC2171,Evans St Randwick charger,"Evans St
Randwick NSW 2031
Australia",PLUS ES,,1.0,22 kW,,-33.9039,151.2387,
,Weddin Shire Council,"Forbes St
Grenfell NSW 2810
Australia",Exploren,2,AC,AC,-33.8960764,148.1599851,Weddin Shire Council,2810,Destination Charging R1,accepted,coordinate_near_clear,0.9,False,1511.0,2.962716257751607,2.962716257751607,456.8062082050792,Peclet local snapshot (experimental),HC2713,Forbes St Grenfell charger,"Forbes St
Grenfell NSW 2810
Australia",Exploren,,2.0,AC,,-33.8961,148.16,
,,"Gasworks Ln, Molong, NSW, 2866, Australia",NRMA,4,DC,175 kW,-33.0912006,148.8706612,Cabonne Council,2866,Fast Charging R1,accepted,coordinate_near_clear,0.9,False,2002.0,3.615200246099462,3.615200246099462,22502.40123041498,Peclet local snapshot (experimental),HC2019,Gasworks Ln Molong charger,"Gasworks Ln, Molong, NSW, 2866, Australia",NRMA,,4.0,DC,,-33.0912,148.8707,
,Port Kembla Golf Club,"Golf Pl
Primbee NSW 2502
Australia",EVSE,4,AC,AC,-34.5079997,150.8786484,Wollongong City Council,2502,Destination Charging R2,accepted,coordinate_near_clear,0.9,False,1595.0,4.435010510344606,4.435010510344606,2568.695513019154,Peclet local snapshot (experimental),HC2502,Golf Pl Primbee charger,"Golf Pl
Primbee NSW 2502
Australia",EVSE,,4.0,AC,,-34.508,150.8786,
,Ingenia Holiday Parks - South West Rocks.,"Gordon Young Dr
South West Rocks NSW 2431
Australia",Exploren,4,AC,AC,-30.8897222,153.0329191,Kempsey Shire Council,2431,Destination Charging R2,accepted,coordinate_near_clear,0.9,False,278.0,3.0684528639664936,3.0684528639664936,566.4655340114257,Peclet local snapshot (experimental),HC2343,Gordon Young Dr South West Rocks charger,"Gordon Young Dr
South West Rocks NSW 2431
Australia",Exploren,,4.0,AC,,-30.8897,153.0329,
,Club Lemon Tree,"Gould Dr
Lemon Tree Passage NSW 2319
Australia",Exploren,4,AC,AC,-32.7344282,152.0354666,Port Stephens Council,2319,Destination Charging R1,accepted,coordinate_near_clear,0.9,False,1599.0,4.426345455473188,4.426345455473188,231.04667877100422,Peclet local snapshot (experimental),HC2718,Gould Dr Lemon Tree Passage charger,"Gould Dr
Lemon Tree Passage NSW 2319
Australia",Exploren,,4.0,AC,,-32.7344,152.0355,
,,"Gouldsbury St
Mosman NSW 2088
Australia",Evie Networks,2,DC,75 kW,-33.8276585,151.2423815,Mosman Municipal Council,2088,Kerbside Charging R1,accepted,coordinate_near_clear,0.9,False,1109.0,4.920840709903713,4.920840709903713,245.4927316956874,Peclet local snapshot (experimental),HC2547,Gouldsbury St Mosman charger,"Gouldsbury St
Mosman NSW 2088
Australia",Evie Networks,,2.0,75 kW,,-33.8277,151.2424,
,Ripples on the Creek,"Gradys Creek Rd
Gradys Creek NSW 2474
Australia",Exploren,1,AC,AC,-28.4367634,152.9589563,Kyogle Council,2474,Destination Charging R2,review,coordinate_candidate,0.5,True,1558.0,5.900896685148668,5.900896685148668,20100.250305459977,Peclet local snapshot (experimental),HC2541,Gradys Creek Rd Gradys Creek charger,"Gradys Creek Rd
Gradys Creek NSW 2474
Australia",Exploren,,1.0,AC,,-28.4368,152.959,nearest=5.901m; gap=20100.250m; manual confirmation required
,Lockhart Shire Council,"Green St
Lockhart NSW 2656
Australia",Exploren,2,AC,AC,-35.2217005,146.7206963,Lockhart Shire Council,2656,Destination Charging R1,accepted,coordinate_near_clear,0.9,False,323.0,0.34066831689778143,0.34066831689778143,496.0868677220766,Peclet local snapshot (experimental),HC2714,Green St Lockhart charger,"Green St
Lockhart NSW 2656
Australia",Exploren,,2.0,AC,,-35.2217,146.7207,
,Wests Illawarra,"Hargreaves St
Unanderra NSW 2526
Australia",Exploren,4,AC,AC,-34.4519056,150.8425045,Wollongong City Council,2526,Destination Charging R2,accepted,coordinate_near_clear,0.9,False,1898.0,0.746989444124689,0.746989444124689,1802.3016967537924,Peclet local snapshot (experimental),HC2330,Hargreaves St Unanderra charger,"Hargreaves St
Unanderra NSW 2526
Australia",Exploren,,4.0,AC,,-34.4519,150.8425,
,Muswellbrook Shire Council,"Hill St
Muswellbrook NSW 2333
Australia",EVUp,2,AC,AC,-32.2619076,150.8940866,Muswellbrook Shire Council,2333,Destination Charging R1,accepted,coordinate_near_clear,0.9,False,1243.0,1.5171389974393128,1.5171389974393128,341.62746476468664,Peclet local snapshot (experimental),HC2669,Hill St Muswellbrook charger,"Hill St
Muswellbrook NSW 2333
Australia",EVUp,,2.0,AC,,-32.2619,150.8941,
,,"Hope St, Blaxland NSW 2774, Australia",Tesla,6,DC,175 kW,-33.7452292,150.6101288,Blue Mountains City Council,2774,Fast Charging R1,review,coordinate_candidate,0.5,True,1877.0,25.044284023597136,25.044284023597136,2450.9161902034325,Peclet local snapshot (experimental),FC231,Hope St Parking Lot charger,"126 Hope St, Blaxland NSW 2774, Australia",Tesla Supercharge,Type 2,6.0,250 kW,Open 24/7,-33.7451971,150.6103969,nearest=25.044m; gap=2450.916m; manual confirmation required
,,"Jessie St, Armidale NSW 2350, Australia",Tesla,4,DC,175 kW,-30.5132305,151.6633637,Armidale Regional Council,2350,Fast Charging R1,accepted,coordinate_near_clear,0.9,False,1544.0,4.857377684824356,4.857377684824356,352.9373810508726,Peclet local snapshot (experimental),HC2099,Jessie St Armidale charger,"Jessie St, Armidale NSW 2350, Australia",Tesla,,4.0,DC,,-30.5132,151.6634,
,Twin Towns Services Club Limited,"Leisure Dr
Banora Point NSW 2486
Australia",Chargefox,4,AC,AC,-28.212505,153.5305931,Tweed Shire Council,2486,Destination Charging R1,accepted,coordinate_near_clear,0.9,False,847.0,0.8753366841237149,0.8753366841237149,869.3905896403691,Peclet local snapshot (experimental),HC2692,Leisure Dr Banora Point charger,"Leisure Dr
Banora Point NSW 2486
Australia",Chargefox,,4.0,AC,,-28.2125,153.5306,
,Coolamon Shire Council,"Loughnan St
Coolamon NSW 2701
Australia",Exploren,2,AC,AC,-34.8145026,147.1957181,Coolamon Shire Council,2701,Destination Charging R1,accepted,coordinate_near_clear,0.9,False,821.0,1.6774782783010151,1.6774782783010151,563.0215691312543,Peclet local snapshot (experimental),HC2703,Loughnan St Coolamon charger,"Loughnan St
Coolamon NSW 2701
Australia",Exploren,,2.0,AC,,-34.8145,147.1957,
,Moree and District Services Club,"Morton St
Moree NSW 2400
Australia",Smart Charge,4,AC,AC,-29.4695982,149.848721,Moree Plains Shire Council,2400,Destination Charging R1,accepted,coordinate_near_clear,0.9,False,379.0,2.0428006183234753,2.0428006183234753,209.36147297526855,Peclet local snapshot (experimental),HC2674,Morton St Moree charger,"Morton St
Moree NSW 2400
Australia",Smart Charge,,4.0,AC,,-29.4696,149.8487,
,Gerringong Bowlo,"Pacific Ave
Gerringong NSW 2534
Australia",EVSE,2,AC,AC,-34.7426897,150.8323348,"Kiama, The Council of the Municipality of",2534,Destination Charging R2,accepted,coordinate_near_clear,0.9,False,376.0,3.37968962227792,3.37968962227792,671.1254843944574,Peclet local snapshot (experimental),HC2645,Pacific Ave Gerringong charger,"Pacific Ave
Gerringong NSW 2534
Australia",EVSE,,2.0,AC,,-34.7427,150.8323,
,Lake Macquarie Council,"Park Rd
Speers Point NSW 2284
Australia",Everty,2,AC,AC,-32.9612167,151.6209325,Lake Macquarie City Council,2284,Destination Charging R1,accepted,coordinate_near_clear,0.9,False,719.0,3.555588650648738,3.555588650648738,247.92077272264152,Peclet local snapshot (experimental),HC2704,Park Rd Speers Point charger,"Park Rd
Speers Point NSW 2284
Australia",Everty,,2.0,AC,,-32.9612,151.6209,
,Wagga Wagga Country Club,"Plumpton Rd
Kooringal NSW 2650
Australia",Noodoe,2,AC,AC,-35.1520396,147.3705687,Wagga Wagga City Council,2650,Destination Charging R1,review,coordinate_candidate,0.5,True,819.0,5.242810617956604,5.242810617956604,2248.506527221798,Peclet local snapshot (experimental),HC2693,Plumpton Rd Kooringal charger,"Plumpton Rd
Kooringal NSW 2650
Australia",Noodoe,,2.0,AC,,-35.152,147.3706,nearest=5.243m; gap=2248.507m; manual confirmation required
,,"Queens Rd
Five Dock NSW 2046
Australia",Evie Networks,4,DC,75 kW,-33.8696308,151.1223747,City Of Canada Bay Council,2046,Kerbside Charging R1,accepted,coordinate_near_clear,0.9,False,1972.0,4.145536069752104,4.145536069752104,568.5341952311461,Peclet local snapshot (experimental),HC2063,Queens Rd Five Dock charger,"Queens Rd
Five Dock NSW 2046
Australia",Evie Networks,,4.0,75 kW,,-33.8696,151.1224,
,Riverglade Caravan Park,"Riverglade Caravan Park
2 Fitzroy St
Tumut NSW 2720
Australia",Elanga,4,AC,AC,-35.2947005,148.2198133,Snowy Valleys Council,2720,Destination Charging R1,review,ambiguous_exact_address,0.5,True,297.0,1.2083385629722723,1.2083385629722723,102.15187620342826,Peclet local snapshot (experimental),HC2733,Riverglade Caravan Park 2 Fitzroy St Tumut charger,"Riverglade Caravan Park
2 Fitzroy St
Tumut NSW 2720
Australia",Elanga,,4.0,AC,,-35.2947,148.2198,nearest=1.208m; gap=102.152m; manual confirmation required
,UOW Science Space,"Squires Way
North Wollongong NSW 2500
Australia",Chargefox,4,AC,AC,-34.4043033,150.8998778,Wollongong City Council,2500,Destination Charging R2,accepted,coordinate_near_clear,0.9,False,1094.0,2.0695016758645304,2.0695016758645304,467.0166520293502,Peclet local snapshot (experimental),HC2098,Squires Way North Wollongong charger,"Squires Way
North Wollongong NSW 2500
Australia",Chargefox,,4.0,AC,,-34.4043,150.8999,
,Thornton Library,"Thornton Library
Taylor Avenue
Thornton NSW 2322
Australia",Exploren,4,AC,AC,-32.777545,151.6403604,Maitland City Council,2322,Destination Charging R2,review,coordinate_candidate,0.5,True,1197.0,6.224480121582905,6.224480121582905,1902.8540743437761,Peclet local snapshot (experimental),HC2317,Thornton Library Taylor Avenue Thornton charger,"Thornton Library
Taylor Avenue
Thornton NSW 2322
Australia",Exploren,,4.0,AC,,-32.7775,151.6404,nearest=6.224m; gap=1902.854m; manual confirmation required
,Rich River Golf Club,"Twenty Four Ln
Moama NSW 2731
Australia",Smart Charge,4,AC,AC,-36.0390474,144.7327343,Murray River Council,2731,Destination Charging R1,review,coordinate_candidate,0.5,True,2038.0,6.106637128883674,6.106637128883674,3753.0205957181697,Peclet local snapshot (experimental),HC2730,Twenty Four Ln Moama charger,"Twenty Four Ln
Moama NSW 2731
Australia",Smart Charge,,4.0,AC,,-36.039,144.7327,nearest=6.107m; gap=3753.021m; manual confirmation required
,Tumbarumba Overnight Camper Parking,"Union Ln
Tumbarumba NSW 2653
Australia",Chargefox,4,AC,AC,-35.7759887,148.0108553,Snowy Valleys Council,2653,Destination Charging R2,accepted,coordinate_near_clear,0.9,False,1574.0,4.223763603132773,4.223763603132773,7574.523449934363,Peclet local snapshot (experimental),HC2076,Union Ln Tumbarumba charger,"Union Ln
Tumbarumba NSW 2653
Australia",Chargefox,,4.0,AC,,-35.776,148.0109,
,Adelong Golden Gully Carpark,"Victoria Hill Rd
Adelong NSW 2729
Australia",Non-networked,4,AC,AC,-35.3062556,148.0642927,Snowy Valleys Council,2729,Destination Charging R2,accepted,coordinate_near_clear,0.9,False,699.0,4.981296823090346,4.981296823090346,13749.87866884554,Peclet local snapshot (experimental),HC2077,Victoria Hill Rd Adelong charger,"Victoria Hill Rd
Adelong NSW 2729
Australia",Non-networked,,4.0,AC,,-35.3063,148.0643,
,The Old Bakery Guesthouse,"Whitton St
Harden NSW 2587
Australia",Exploren,1,AC,AC,-34.5543461,148.369572,Hilltops Council,2587,Destination Charging R2,review,coordinate_candidate,0.5,True,1543.0,5.731660069398486,5.731660069398486,1020.4804898455686,Peclet local snapshot (experimental),HC2090,Whitton St Harden charger,"Whitton St
Harden NSW 2587
Australia",Exploren,,1.0,AC,,-34.5543,148.3696,nearest=5.732m; gap=1020.480m; manual confirmation required
,NRMA Parks and Resorts,"Whylandra St
Dubbo NSW 2830
Australia",Chargefox,8,AC,AC,-32.2484702,148.5931277,Dubbo Regional Council,2830,Destination Charging R1,accepted,coordinate_near_clear,0.9,False,717.0,4.214957682815885,4.214957682815885,310.7183984954053,Peclet local snapshot (experimental),HC2631,Whylandra St Dubbo charger,"Whylandra St
Dubbo NSW 2830
Australia",Chargefox,,8.0,AC,,-32.2485,148.5931,
,Lockhart Shire Council,"Wilson St
The Rock NSW 2655
Australia",Exploren,2,AC,AC,-35.2666661,147.11016,Lockhart Shire Council,2655,Destination Charging R1,review,coordinate_candidate,0.5,True,1940.0,5.234218493587934,5.234218493587934,28.90748205558506,Peclet local snapshot (experimental),HC2715,Wilson St The Rock charger,"Wilson St
The Rock NSW 2655
Australia",Exploren,,2.0,AC,,-35.2667,147.1102,nearest=5.234m; gap=28.907m; manual confirmation required
,,"Woodriff St, Sydney, 2750",Chargefox,2,AC,6 kW,-33.75813518,150.6918569,Penrith City Council,2750,Existing Destination Chargers,review,coordinate_candidate,0.5,True,916.0,608.6670474860543,608.6670474860543,17.577017616086437,Peclet local snapshot (experimental),DC384,Astina Serviced Apartments charger,"21 Woodriff St, Penrith NSW 2750, Australia",Exploren,Type 2,1.0,22 kW,Open 24/7,-33.754386,150.696654,nearest=608.667m; gap=17.577m; manual confirmation required
,Bridges Hill Park,"Yango St
Cessnock NSW 2325
Australia",EVSE,4,AC,AC,-32.8316554,151.3599738,Cessnock City Council,2325,Destination Charging R2,review,coordinate_candidate,0.5,True,1532.0,5.530558879736675,5.530558879736675,714.8668840254605,Peclet local snapshot (experimental),HC2582,Yango St Cessnock charger,"Yango St
Cessnock NSW 2325
Australia",EVSE,,4.0,AC,,-32.8317,151.36,nearest=5.531m; gap=714.867m; manual confirmation required
,Tathra Beach Country Club,"1 Andy Poole Dr
Tathra NSW 2550
Australia",Chargefox,2,AC,AC,-36.7125444,149.9760179,Bega Valley Shire Council,2550,Destination Charging R2,accepted,address_exact_unique,0.97,False,709.0,5.188487527520572,5.188487527520572,795.5271164804404,Peclet local snapshot (experimental),HC2475,Andy Poole Dr Tathra charger,"1 Andy Poole Dr
Tathra NSW 2550
Australia",Chargefox,,2.0,AC,,-36.7125,149.976,
,NRMA Parks and Resorts,"1 Baird St
Tuncurry NSW 2428
Australia",Chargefox,8,AC,AC,-32.183843,152.491878,Mid-Coast Council,2428,Destination Charging R1,review,ambiguous_exact_address,0.5,True,753.0,5.210390643376989,5.210390643376989,141.2861483209889,Peclet local snapshot (experimental),HC2624,Baird St Tuncurry charger,"1 Baird St
Tuncurry NSW 2428
Australia",Chargefox,,8.0,AC,,-32.1838,152.4919,nearest=5.210m; gap=141.286m; manual confirmation required
,Narooma Golf Club ,"1 Ballingalla St
Narooma NSW 2546
Australia",EVSE,2,AC,AC,-36.2192041,150.1392969,Eurobodalla Shire Council,2546,Destination Charging R2,review,ambiguous_exact_address,0.5,True,400.0,0.5340230210197443,0.5340230210197443,76.45862856143778,Peclet local snapshot (experimental),HC2559,Ballingalla St Narooma charger,"1 Ballingalla St
Narooma NSW 2546
Australia",EVSE,,2.0,AC,,-36.2192,150.1393,nearest=0.534m; gap=76.459m; manual confirmation required
,NRMA Parks and Resorts,"1 Banyandah St
South Durras NSW 2536
Australia",Chargefox,8,AC,AC,-35.6616305,150.2929815,Eurobodalla Shire Council,2536,Destination Charging R1,accepted,address_exact_unique,0.97,False,716.0,3.7809123080601856,3.7809123080601856,876.774147952197,Peclet local snapshot (experimental),HC2625,Banyandah St South Durras charger,"1 Banyandah St
South Durras NSW 2536
Australia",Chargefox,,8.0,AC,,-35.6616,150.293,
,Moama Riverside & Tourist Holiday Park,"1 Cobb Hwy
Moama NSW 2731
Australia",Smart Charge,2,AC,AC,-36.097248,144.7590552,Murray River Council,2731,Destination Charging R1,accepted,address_exact_unique,0.97,False,1146.0,6.685010818157204,6.685010818157204,1607.8917036147434,Peclet local snapshot (experimental),HC2676,Cobb Hwy Moama charger,"1 Cobb Hwy
Moama NSW 2731
Australia",Smart Charge,,2.0,AC,,-36.0972,144.7591,
,Barham Bridge Motor Inn,"1 Cobwell St
Barham NSW 2732
Australia",EVSE,2,AC,AC,-35.6291451,144.1243114,Murray River Council,2732,Destination Charging R2,accepted,address_exact_unique,0.97,False,1239.0,5.119639852895807,5.119639852895807,191.2020752176946,Peclet local snapshot (experimental),HC2618,Cobwell St Barham charger,"1 Cobwell St
Barham NSW 2732
Australia",EVSE,,2.0,AC,,-35.6291,144.1243,
,,"1 Darley Rd
Randwick NSW 2031
Australia",EVX,2,AC,22 kW,-33.906092,151.2321384,Randwick City Council,2031,Kerbside Charging R1,accepted,address_exact_unique,0.97,False,1121.0,3.6537461614415156,3.6537461614415156,279.42091628698154,Peclet local snapshot (experimental),HC2159,Darley Rd Randwick charger,"1 Darley Rd
Randwick NSW 2031
Australia",EVX,,2.0,22 kW,,-33.9061,151.2321,
,,"1 Denison St
Rozelle NSW 2039
Australia",EVX,2,AC,22 kW,-33.8658728,151.1677767,Inner West Council,2039,Kerbside Charging R1,accepted,address_exact_unique,0.97,False,367.0,3.711558053534942,3.711558053534942,275.0606514920806,Peclet local snapshot (experimental),HC2408,Denison St Rozelle charger,"1 Denison St
Rozelle NSW 2039
Australia",EVX,,2.0,22 kW,,-33.8659,151.1678,
,Lake Macquarie Council,"1 Dobinson Dr
Swansea NSW 2281
Australia",Everty,4,AC,AC,-33.0745433,151.6347812,Lake Macquarie City Council,2281,Destination Charging R1,review,ambiguous_exact_address,0.5,True,322.0,5.123502536559281,5.123502536559281,160.55658717080507,Peclet local snapshot (experimental),HC2700,Dobinson Dr Swansea charger,"1 Dobinson Dr
Swansea NSW 2281
Australia",Everty,,4.0,AC,,-33.0745,151.6348,nearest=5.124m; gap=160.557m; manual confirmation required
,,"1 Ewell St
Bondi NSW 2026
Australia",PLUS ES,1,AC,22 kW,-33.8965646,151.2607952,Waverley Council,2026,Kerbside Charging R1,accepted,address_exact_unique,0.97,False,1229.0,3.9611528534868237,3.9611528534868237,56.217530864900894,Peclet local snapshot (experimental),HC2409,Ewell St Bondi charger,"1 Ewell St
Bondi NSW 2026
Australia",PLUS ES,,1.0,22 kW,,-33.8966,151.2608,
,"Visitor Information Centre, Lake Cargelligo","1 Foster St
Lake Cargelligo NSW 2672
Australia",Exploren,2,AC,AC,-33.297815,146.3761968,Lachlan Shire Council,2672,Destination Charging R2,accepted,address_exact_unique,0.97,False,1948.0,1.6942318064142876,1.6942318064142876,75622.19731097292,Peclet local snapshot (experimental),HC2132,Foster St Lake Cargelligo charger,"1 Foster St
Lake Cargelligo NSW 2672
Australia",Exploren,,2.0,AC,,-33.2978,146.3762,
,Deni Golf Resort,"1 Golf Club Rd
Deniliquin NSW 2710
Australia",Chargefox,4,AC,AC,-35.5368514,144.973721,Edward River Council,2710,Destination Charging R2,accepted,address_exact_unique,0.97,False,2029.0,5.728405362927121,5.728405362927121,591.704393430156,Peclet local snapshot (experimental),HC2523,Golf Club Rd Deniliquin charger,"1 Golf Club Rd
Deniliquin NSW 2710
Australia",Chargefox,,4.0,AC,,-35.5369,144.9737,
,Yarrawonga Mulwala Golf Club Resort,"1 Golf Club Rd
Mulwala NSW 2647
Australia",Noodoe,2,AC,AC,-36.0049086,145.9940381,Federation Council,2647,Destination Charging R2,accepted,address_exact_unique,0.97,False,841.0,3.5581210801883034,3.5581210801883034,1315.4953232298753,Peclet local snapshot (experimental),HC2543,Golf Club Rd Mulwala charger,"1 Golf Club Rd
Mulwala NSW 2647
Australia",Noodoe,,2.0,AC,,-36.0049,145.994,
,,"1 Greenwood Ave
South Coogee NSW 2034
Australia",EVX,2,AC,22 kW,-33.929821,151.2559089,Randwick City Council,2034,Kerbside Charging R1,accepted,address_exact_unique,0.97,False,1950.0,2.475258058245809,2.475258058245809,416.02814735403126,Peclet local snapshot (experimental),HC2160,Greenwood Ave South Coogee charger,"1 Greenwood Ave
South Coogee NSW 2034
Australia",EVX,,2.0,22 kW,,-33.9298,151.2559,
,"'""Lawson Street North"" Public Carpark - Byron Bay","1 Jonson St
Byron Bay NSW 2481
Australia",Chargefox,2,AC,AC,-28.6406471,153.6129629,Byron Shire Council,2481,Destination Charging R2,accepted,address_exact_unique,0.97,False,740.0,6.366917623805372,6.366917623805372,139.28753928880406,Peclet local snapshot (experimental),HC2371,Jonson St Byron Bay charger,"1 Jonson St
Byron Bay NSW 2481
Australia",Chargefox,,2.0,AC,,-28.6406,153.613,
,,"1 Kendall Ave, Bathurst , 2795",Tesla,12,DC,130 kW,-33.41901006,149.5867568,Bathurst Regional Council,2795,Existing Fast Chargers,review,ambiguous_exact_address,0.5,True,1875.0,0.07454756912850546,0.07454756912850546,10.15841575890357,Peclet local snapshot (experimental),FC228,Bathurst Visitor Information Centre charger,"1 Kendall Ave, Bathurst NSW 2795, Australia",Tesla Supercharge,Type 2; J-1772,12.0,120 kW,Open 24/7,-33.41901,149.586756,nearest=0.075m; gap=10.158m; manual confirmation required
,,"1 Kendall Ave, Bathurst, 2795",NRMA,2,DC,50 kW,-33.41910215,149.5867528,Bathurst Regional Council,2795,Existing Fast Chargers,review,ambiguous_exact_address,0.5,True,244.0,0.07609871388390088,0.07609871388390088,10.174816986435932,Peclet local snapshot (experimental),FC150,Bathurst Visitor Information Centre charger,"1 Kendall Ave, Bathurst NSW 2795, Australia",NRMA,Tesla; Type 2,2.0,50 kW,Open 24/7,-33.419102,149.586752,nearest=0.076m; gap=10.175m; manual confirmation required
,,"1 Mears Ave
Randwick NSW 2031
Australia",EVX,2,AC,22 kW,-33.9169293,151.2415283,Randwick City Council,2031,Kerbside Charging R1,accepted,address_exact_unique,0.97,False,1222.0,4.1753961740684735,4.1753961740684735,194.78024362616225,Peclet local snapshot (experimental),HC2287,Mears Ave Randwick charger,"1 Mears Ave
Randwick NSW 2031
Australia",EVX,,2.0,22 kW,,-33.9169,151.2415,
,NRMA Parks and Resorts,"1 Munster St
Port Macquarie NSW 2444
Australia",Chargefox,8,AC,AC,-31.4275162,152.9105133,Port Macquarie-Hastings Council,2444,Destination Charging R1,review,ambiguous_exact_address,0.5,True,754.0,2.199404933776558,2.199404933776558,77.77042073615792,Peclet local snapshot (experimental),HC2626,Munster St Port Macquarie charger,"1 Munster St
Port Macquarie NSW 2444
Australia",Chargefox,,8.0,AC,,-31.4275,152.9105,nearest=2.199m; gap=77.770m; manual confirmation required
,Motel Miramar,"1 Nelson St
Nambucca Heads NSW 2448
Australia",EVUp,4,AC,AC,-30.6454437,153.0034861,Nambucca Valley Council,2448,Destination Charging R2,accepted,address_exact_unique,0.97,False,1134.0,5.037879437811695,5.037879437811695,114.83844827954786,Peclet local snapshot (experimental),HC2372,Nelson St Nambucca Heads charger,"1 Nelson St
Nambucca Heads NSW 2448
Australia",EVUp,,4.0,AC,,-30.6454,153.0035,
,Alpine Resort Motel,"1 Nettin Cct
Jindabyne NSW 2627
Australia",Exploren,4,AC,AC,-36.4180067,148.6092106,Snowy Monaro Regional Council,2627,Destination Charging R2,accepted,address_exact_unique,0.97,False,1586.0,1.2060890296458473,1.2060890296458473,142.2909608934505,Peclet local snapshot (experimental),HC2418,Nettin Cct Jindabyne charger,"1 Nettin Cct
Jindabyne NSW 2627
Australia",Exploren,,4.0,AC,,-36.418,148.6092,
,Ingenia Holiday Parks - Lake Conjola,"1 Norman St
Lake Conjola NSW 2539
Australia",Exploren,4,AC,AC,-35.2666841,150.4769035,Shoalhaven City Council,2539,Destination Charging R2,accepted,address_exact_unique,0.97,False,767.0,1.7963271187733132,1.7963271187733132,395.78504775942787,Peclet local snapshot (experimental),HC2308,Norman St Lake Conjola charger,"1 Norman St
Lake Conjola NSW 2539
Australia",Exploren,,4.0,AC,,-35.2667,150.4769,
,,"1 North Rocks Rd, Sydney, 2151",Chargefox,4,AC,6 kW,-33.79286691,150.9995556,"Parramatta, Council of the City of",2151,Existing Destination Chargers,review,coordinate_candidate,0.5,True,218.0,0.104916319380205,0.104916319380205,2.320994325896233,Peclet local snapshot (experimental),FC27,Woolworths North Parramatta charger,"1-9 North Rocks Road, North Rocks, 2151",Chargefox,Type 2,4.0,200kW,,-33.792866,150.9995553,nearest=0.105m; gap=2.321m; manual confirmation required
,,"1 Post Office Ln
Crackenback NSW 2627
Australia",Exploren,2,AC,AC,-36.4509883,148.4943993,Snowy Monaro Regional Council,2627,Destination Charging R1,review,ambiguous_exact_address,0.5,True,1512.0,1.3024862802645234,1.3024862802645234,6.4898190829057025,Peclet local snapshot (experimental),HC2727,Post Office Ln Crackenback charger,"1 Post Office Ln
Crackenback NSW 2627
Australia",Exploren,,2.0,AC,,-36.451,148.4944,nearest=1.302m; gap=6.490m; manual confirmation required
,Archys on the Lake,"1 Princess Ave
Burrill Lake NSW 2539
Australia",Charge Hub,2,AC,AC,-35.3867469,150.4501082,Shoalhaven City Council,2539,Destination Charging R2,accepted,address_exact_unique,0.97,False,1164.0,5.267754714392387,5.267754714392387,1966.8159006404996,Peclet local snapshot (experimental),HC2273,Princess Ave Burrill Lake charger,"1 Princess Ave
Burrill Lake NSW 2539
Australia",Charge Hub,,2.0,AC,,-35.3867,150.4501,
,,"1 Rich St
Marrickville NSW 2204
Australia",EVX,2,AC,22 kW,-33.9058903,151.1650026,Inner West Council,2204,Kerbside Charging R1,accepted,address_exact_unique,0.97,False,1371.0,22.530705002402208,22.530705002402208,349.17784500063595,Peclet local snapshot (experimental),DC612,Messina Ice Cream Marrickville charger,"1 Rich St, Marrickville NSW 2204, Australia",,Type 2,1.0,kW,,-33.905748,151.1648288,
,,"1 Sandy Bay Rd
Clontarf NSW 2093
Australia",EVX,2,AC,22 kW,-33.80467,151.2528397,Northern Beaches Council,2093,Kerbside Charging R1,accepted,address_exact_unique,0.97,False,828.0,4.958129846951936,4.958129846951936,1051.2180921181468,Peclet local snapshot (experimental),HC2100,Sandy Bay Rd Clontarf charger,"1 Sandy Bay Rd
Clontarf NSW 2093
Australia",EVX,,2.0,22 kW,,-33.8047,151.2528,
,The Arabella North Coast,"1 Smiths Ln
Wollongbar NSW 2477
Australia",Smart Charge,1,AC,AC,-28.8292573,153.4210444,Ballina Shire Council,2477,Destination Charging R2,accepted,address_exact_unique,0.97,False,807.0,6.422672210755415,6.422672210755415,9994.421048335313,Peclet local snapshot (experimental),HC2434,Smiths Ln Wollongbar charger,"1 Smiths Ln
Wollongbar NSW 2477
Australia",Smart Charge,,1.0,AC,,-28.8293,153.421,
,,"1 Station St
Petersham NSW 2049
Australia",EVE Australia,2,AC,22 kW,-33.8920233,151.1517895,Inner West Council,2049,Kerbside Charging R1,accepted,address_exact_unique,0.97,False,1916.0,2.7661795966255687,2.7661795966255687,552.3662518893505,Peclet local snapshot (experimental),HC2084,Station St Petersham charger,"1 Station St
Petersham NSW 2049
Australia",EVE Australia,,2.0,22 kW,,-33.892,151.1518,
,Club Catalina,"1 Stilling St
Rathmines NSW 2283
Australia",Smart Charge,2,AC,AC,-33.039877,151.5978235,Lake Macquarie City Council,2283,Destination Charging R2,accepted,address_exact_unique,0.97,False,316.0,3.3673595272009096,3.3673595272009096,2839.897272532285,Peclet local snapshot (experimental),HC2531,Stilling St Rathmines charger,"1 Stilling St
Rathmines NSW 2283
Australia",Smart Charge,,2.0,AC,,-33.0399,151.5978,
,Clairfield Hotel,"1 Sydney Rd
Mudgee NSW 2850
Australia",Exploren,4,AC,AC,-32.6013869,149.5975483,Mid-Western Regional Council,2850,Destination Charging R2,accepted,address_exact_unique,0.97,False,835.0,4.753204359532417,4.753204359532417,1025.8374168981918,Peclet local snapshot (experimental),HC2362,Sydney Rd Mudgee charger,"1 Sydney Rd
Mudgee NSW 2850
Australia",Exploren,,4.0,AC,,-32.6014,149.5975,
,,"1 Tasman Rd, Gumly Gumly NSW 2652, Australia",BP,6,DC,175 kW,-35.1262128,147.4209242,Wagga Wagga City Council,2652,Fast Charging R1,accepted,address_exact_unique,0.97,False,1158.0,2.6209877091555924,2.6209877091555924,2010.6429785269177,Peclet local snapshot (experimental),HC2072,Tasman Rd Gumly Gumly charger,"1 Tasman Rd, Gumly Gumly NSW 2652, Australia",BP,,6.0,DC,,-35.1262,147.4209,
,Nelson Bay Breeze Holiday Apartments,"1 Trafalgar St
Nelson Bay NSW 2315
Australia",EVNet,2,AC,AC,-32.7170825,152.1529224,Port Stephens Council,2315,Destination Charging R2,accepted,address_exact_unique,0.97,False,1591.0,2.859743320614379,2.859743320614379,966.2688953800825,Peclet local snapshot (experimental),HC2476,Trafalgar St Nelson Bay charger,"1 Trafalgar St
Nelson Bay NSW 2315
Australia",EVNet,,2.0,AC,,-32.7171,152.1529,
,Kyogle Council,"1 Unumgar St
Woodenbong NSW 2476
Australia",Exploren,2,AC,AC,-28.388896,152.6087317,Kyogle Council,2476,Destination Charging R1,review,ambiguous_exact_address,0.5,True,718.0,3.132715159547162,3.132715159547162,196.46206904602056,Peclet local snapshot (experimental),HC2661,Unumgar St Woodenbong charger,"1 Unumgar St
Woodenbong NSW 2476
Australia",Exploren,,2.0,AC,,-28.3889,152.6087,nearest=3.133m; gap=196.462m; manual confirmation required
,,"1 York Rd
Bondi Junction NSW 2022
Australia",PLUS ES,1,AC,22 kW,-33.8931133,151.2415518,Waverley Council,2022,Kerbside Charging R1,accepted,address_exact_unique,0.97,False,332.0,4.688255816831403,4.688255816831403,221.65669095211337,Peclet local snapshot (experimental),HC2189,York Rd Bondi Junction charger,"1 York Rd
Bondi Junction NSW 2022
Australia",PLUS ES,,1.0,22 kW,,-33.8931,151.2416,
,,"1/118 Bourke Rd, Alexandria NSW 2015",Tesla,6,DC,175 kW,-33.9132474,151.1935823,"Sydney, Council of the City of",2015,Fast Charging R1,accepted,address_exact_unique,0.97,False,1961.0,5.517918599923712,5.517918599923712,298.7097555813802,Peclet local snapshot (experimental),HC2517,Bourke Rd Alexandria charger,"1/118 Bourke Rd, Alexandria NSW 2015",Tesla,,6.0,DC,,-33.9132,151.1936,
,,"10 Isabel Ave
Vaucluse NSW 2030
Australia",PLUS ES,1,AC,7 kW,-33.8619727,151.2802939,Waverley Council,2030,Kerbside Charging R1,accepted,address_exact_unique,0.97,False,364.0,3.0874319718553007,3.0874319718553007,47.43486720026183,Peclet local snapshot (experimental),HC2357,Isabel Ave Vaucluse charger,"10 Isabel Ave
Vaucluse NSW 2030
Australia",PLUS ES,,1.0,7 kW,,-33.862,151.2803,
,,"10 Lenox St
Beresfield NSW 2322
Australia",Chargefox,4,AC,22 kW,-32.8039701,151.648716,Newcastle City Council,2322,Kerbside Charging R1,accepted,address_exact_unique,0.97,False,2004.0,3.6455509832730546,3.6455509832730546,849.4700662128045,Peclet local snapshot (experimental),HC2082,Lenox St Beresfield charger,"10 Lenox St
Beresfield NSW 2322
Australia",Chargefox,,4.0,22 kW,,-32.804,151.6487,
,Wagga Wagga City Council,"10 Morrow St
Wagga Wagga NSW 2650
Australia",Smart Charge,2,AC,AC,-35.1103354,147.3720841,Wagga Wagga City Council,2650,Destination Charging R1,accepted,address_exact_unique,0.97,False,781.0,4.193597404775146,4.193597404775146,147.32088906886642,Peclet local snapshot (experimental),HC2662,Morrow St Wagga Wagga charger,"10 Morrow St
Wagga Wagga NSW 2650
Australia",Smart Charge,,2.0,AC,,-35.1103,147.3721,
,Holbrook Motel,"10 Sydney Rd
Holbrook NSW 2644
Australia",EVUp,4,AC,AC,-35.7125373,147.3238928,Greater Hume Shire Council,2644,Destination Charging R2,accepted,address_exact_unique,0.97,False,2033.0,4.19820372130111,4.19820372130111,782.7768069283343,Peclet local snapshot (experimental),HC2579,Sydney Rd Holbrook charger,"10 Sydney Rd
Holbrook NSW 2644
Australia",EVUp,,4.0,AC,,-35.7125,147.3239,
,,"100 Constitution Rd
Dulwich Hill NSW 2203
Australia",PLUS ES,1,AC,7 kW,-33.9028855,151.1399605,Inner West Council,2203,Kerbside Charging R1,accepted,address_exact_unique,0.97,False,313.0,3.986094022416543,3.986094022416543,79.74322221340749,Peclet local snapshot (experimental),HC2453,Constitution Rd Dulwich Hill charger,"100 Constitution Rd
Dulwich Hill NSW 2203
Australia",PLUS ES,,1.0,7 kW,,-33.9029,151.14,
,Winning Post Hotel,"101 Church St
Mudgee NSW 2850
Australia",Non-networked,1,AC,AC,-32.5969196,149.587789,Mid-Western Regional Council,2850,Destination Charging R2,accepted,address_exact_unique,0.97,False,891.0,17.687845680871767,17.687845680871767,366.28533347185913,Peclet local snapshot (experimental),DC248,Winning Post Motor Inn charger,"101 Church St, Mudgee NSW 2850, Australia",Tesla Destination,Tesla,2.0,22 kW,,-32.596847,149.587957,
,NRMA Parks and Resorts,"102 Corowa Rd
Mulwala NSW 2647
Australia",Chargefox,8,AC,AC,-35.975061,146.0241926,Federation Council,2647,Destination Charging R1,accepted,address_exact_unique,0.97,False,816.0,4.387430457312399,4.387430457312399,2973.35258892718,Peclet local snapshot (experimental),HC2627,Corowa Rd Mulwala charger,"102 Corowa Rd
Mulwala NSW 2647
Australia",Chargefox,,8.0,AC,,-35.9751,146.0242,
,,"103 Denison St
Rozelle NSW 2039
Australia",PLUS ES,1,AC,7 kW,-33.8699856,151.1697584,Inner West Council,2039,Kerbside Charging R1,accepted,address_exact_unique,0.97,False,1501.0,4.161152832452396,4.161152832452396,211.95464223183174,Peclet local snapshot (experimental),HC2269,Denison St Rozelle charger,"103 Denison St
Rozelle NSW 2039
Australia",PLUS ES,,1.0,7 kW,,-33.87,151.1698,
,,"103 Ebley St
Bondi Junction NSW 2022
Australia",PLUS ES,1,AC,7 kW,-33.8941173,151.25091,Waverley Council,2022,Kerbside Charging R1,accepted,address_exact_unique,0.97,False,1927.0,2.1336436451916447,2.1336436451916447,85.82193831086882,Peclet local snapshot (experimental),HC2378,Ebley St Bondi Junction charger,"103 Ebley St
Bondi Junction NSW 2022
Australia",PLUS ES,,1.0,7 kW,,-33.8941,151.2509,
,Cantrill Organics,"103 Old Canobolas Rd
Nashdale NSW 2800
Australia",Alchemy Charge,2,AC,AC,-33.3084128,148.9892085,Cabonne Council,2800,Destination Charging R2,accepted,address_exact_unique,0.97,False,808.0,1.6277898119079417,1.6277898119079417,993.8379282787997,Peclet local snapshot (experimental),HC2466,Old Canobolas Rd Nashdale charger,"103 Old Canobolas Rd
Nashdale NSW 2800
Australia",Alchemy Charge,,2.0,AC,,-33.3084,148.9892,
,Cadman Motor Inn and Apartments,"103-111 Ebsworth St
West Tamworth NSW 2340
Australia",EVSE,2,AC,AC,-31.0964482,150.9241901,Tamworth Regional Council,2340,Destination Charging R2,accepted,address_exact_unique,0.97,False,1994.0,5.441859361736607,5.441859361736607,732.1341931277041,Peclet local snapshot (experimental),HC2632,Ebsworth St West Tamworth charger,"103-111 Ebsworth St
West Tamworth NSW 2340
Australia",EVSE,,2.0,AC,,-31.0964,150.9242,
,,"4 Salisbury Rd
Kensington NSW 2033
Australia",PLUS ES,1,AC,22 kW,-33.9055866,151.2223693,Randwick City Council,2033,Kerbside Charging R1,accepted,address_exact_unique,0.97,False,1199.0,3.20113062458438,3.20113062458438,107.1158601907702,Peclet local snapshot (experimental),HC2349,Salisbury Rd Kensington charger,"4 Salisbury Rd
Kensington NSW 2033
Australia",PLUS ES,,1.0,22 kW,,-33.9056,151.2224,
,,"104 Botany St
Kingsford NSW 2032
Australia",PLUS ES,1,AC,22 kW,-33.923959,151.2343475,Randwick City Council,2032,Kerbside Charging R1,accepted,address_exact_unique,0.97,False,333.0,6.323953940316671,6.323953940316671,355.0186990166668,Peclet local snapshot (experimental),HC2202,Botany St Kingsford charger,"104 Botany St
Kingsford NSW 2032
Australia",PLUS ES,,1.0,22 kW,,-33.924,151.2343,
,,"104 Mill Hill Rd
Bondi Junction NSW 2022
Australia",PLUS ES,1,AC,22 kW,-33.8936762,151.2438859,Waverley Council,2022,Kerbside Charging R1,accepted,address_exact_unique,0.97,False,1132.0,2.949128732742529,2.949128732742529,53.57409487404767,Peclet local snapshot (experimental),HC2306,Mill Hill Rd Bondi Junction charger,"104 Mill Hill Rd
Bondi Junction NSW 2022
Australia",PLUS ES,,1.0,22 kW,,-33.8937,151.2439,
,,"105-107 Alt St
Ashfield NSW 2131
Australia",EVE Australia,2,DC,25 kW,-33.8803158,151.1299199,Inner West Council,2131,Kerbside Charging R1,accepted,address_exact_unique,0.97,False,824.0,2.5419300408314585,2.5419300408314585,189.5258631393338,Peclet local snapshot (experimental),HC2020,Alt St Ashfield charger,"105-107 Alt St
Ashfield NSW 2131
Australia",EVE Australia,,2.0,25 kW,,-33.8803,151.1299,
,Pender Lea Chalets,"1056 Alpine Way
Crackenback NSW 2627
Australia",Chargefox,4,AC,AC,-36.4425676,148.4989131,Snowy Monaro Regional Council,2627,Destination Charging R2,accepted,address_exact_unique,0.97,False,1524.0,3.7884951260813877,3.7884951260813877,1017.0573329114387,Peclet local snapshot (experimental),HC2315,Alpine Way Crackenback charger,"1056 Alpine Way
Crackenback NSW 2627
Australia",Chargefox,,4.0,AC,,-36.4426,148.4989,
,,"106 Parraween St
Cremorne NSW 2090
Australia",Evie Networks,4,DC,75 kW,-33.8272794,151.2301624,North Sydney Council,2090,Kerbside Charging R1,accepted,address_exact_unique,0.97,False,795.0,4.160515869603216,4.160515869603216,844.3264850639232,Peclet local snapshot (experimental),HC2157,Parraween St Cremorne charger,"106 Parraween St
Cremorne NSW 2090
Australia",Evie Networks,,4.0,75 kW,,-33.8273,151.2302,
,The Sampson - Orange,"106 Sampson St
Orange NSW 2800
Australia",Everty,1,AC,AC,-33.276671,149.0903662,Orange City Council,2800,Destination Charging R2,accepted,address_exact_unique,0.97,False,1619.0,4.502372221215359,4.502372221215359,309.94970260701774,Peclet local snapshot (experimental),HC2363,Sampson St Orange charger,"106 Sampson St
Orange NSW 2800
Australia",Everty,,1.0,AC,,-33.2767,149.0904,
,Cargo Road Wines,"1064 Cargo Rd
Lidster NSW 2800
Australia",Chargefox,4,AC,AC,-33.2924882,148.9746031,Cabonne Council,2800,Destination Charging R2,accepted,address_exact_unique,0.97,False,293.0,1.3433638096902578,1.3433638096902578,1931.3716137269143,Peclet local snapshot (experimental),HC2639,Cargo Rd Lidster charger,"1064 Cargo Rd
Lidster NSW 2800
Australia",Chargefox,,4.0,AC,,-33.2925,148.9746,
,Mid-Western Regional Council,"108 Herbert St
Gulgong NSW 2852
Australia",Smart Charge,2,AC,AC,-32.3642557,149.5328085,Mid-Western Regional Council,2852,Destination Charging R1,review,coordinate_candidate,0.5,True,1662.0,27.9910958770308,27.9910958770308,19080.73254786987,Peclet local snapshot (experimental),DC139,Gulgong Herbert Street Council Carpark charger,"106-108 Herbert St, Gulgong NSW 2852, Australia",,Type 2,2.0,kW,,-32.36404529,149.5329721,nearest=27.991m; gap=19080.733m; manual confirmation required
,Lockhart Shire Council,"109 Green St
Lockhart NSW 2656
Australia",Exploren,2,AC,AC,-35.2205934,146.7153791,Lockhart Shire Council,2656,Destination Charging R1,accepted,address_exact_unique,0.97,False,296.0,2.035448431053009,2.035448431053009,496.7249953795844,Peclet local snapshot (experimental),HC2710,Green St Lockhart charger,"109 Green St
Lockhart NSW 2656
Australia",Exploren,,2.0,AC,,-35.2206,146.7154,
,Young Federation Motor Inn,"109 Main St
Young NSW 2594
Australia",Chargefox,4,AC,AC,-34.3152346,148.2954995,Hilltops Council,2594,Destination Charging R2,accepted,address_exact_unique,0.97,False,1613.0,3.8476184989872113,3.8476184989872113,86.83919384158798,Peclet local snapshot (experimental),HC2303,Main St Young charger,"109 Main St
Young NSW 2594
Australia",Chargefox,,4.0,AC,,-34.3152,148.2955,
,,"11 Beaumond Ave
Maroubra NSW 2035
Australia",PLUS ES,1,AC,22 kW,-33.944085,151.2604084,Randwick City Council,2035,Kerbside Charging R1,accepted,address_exact_unique,0.97,False,1196.0,1.839124865771108,1.839124865771108,45.27713686362545,Peclet local snapshot (experimental),HC2296,Beaumond Ave Maroubra charger,"11 Beaumond Ave
Maroubra NSW 2035
Australia",PLUS ES,,1.0,22 kW,,-33.9441,151.2604,
,,"11 Duxford St
Paddington NSW 2021
Australia",PLUS ES,1,AC,22 kW,-33.8825471,151.2296966,Woollahra Municipal Council,2021,Kerbside Charging R1,accepted,address_exact_unique,0.97,False,798.0,5.246677185210087,5.246677185210087,59.326346630977866,Peclet local snapshot (experimental),HC2207,Duxford St Paddington charger,"11 Duxford St
Paddington NSW 2021
Australia",PLUS ES,,1.0,22 kW,,-33.8825,151.2297,
,,"11 Fowler St
Camperdown NSW 2050
Australia",EVE Australia,4,AC,22 kW,-33.8905316,151.1761275,Inner West Council,2050,Kerbside Charging R1,accepted,address_exact_unique,0.97,False,1977.0,4.334708479556501,4.334708479556501,151.1740737002295,Peclet local snapshot (experimental),HC2146,Fowler St Camperdown charger,"11 Fowler St
Camperdown NSW 2050
Australia",EVE Australia,,4.0,22 kW,,-33.8905,151.1761,
,Mollymook Shores Hotel,"11 Golf Ave
Mollymook NSW 2539
Australia",EVNet,2,AC,AC,-35.3402773,150.4735504,Shoalhaven City Council,2539,Destination Charging R2,accepted,address_exact_unique,0.97,False,738.0,5.158680880361939,5.158680880361939,86.15974792488481,Peclet local snapshot (experimental),HC2324,Golf Ave Mollymook charger,"11 Golf Ave
Mollymook NSW 2539
Australia",EVNet,,2.0,AC,,-35.3403,150.4736,
,Matador Motor Inn,"11 Grafton St
Coffs Harbour NSW 2450
Australia",Chargefox,2,AC,AC,-30.301066,153.11108,Coffs Harbour City Council,2450,Destination Charging R2,accepted,address_exact_unique,0.97,False,1560.0,4.2402668131257695,4.2402668131257695,129.52216206271447,Peclet local snapshot (experimental),HC2576,Grafton St Coffs Harbour charger,"11 Grafton St
Coffs Harbour NSW 2450
Australia",Chargefox,,2.0,AC,,-30.3011,153.1111,
,Hotel Etico Australia,"11 Montgomery St
Mount Victoria NSW 2786
Australia",EVNet,2,AC,AC,-33.588553,150.2541162,Blue Mountains City Council,2786,Destination Charging R2,accepted,address_exact_unique,0.97,False,398.0,5.437327342871621,5.437327342871621,680.540397639835,Peclet local snapshot (experimental),HC2542,Montgomery St Mount Victoria charger,"11 Montgomery St
Mount Victoria NSW 2786
Australia",EVNet,,2.0,AC,,-33.5886,150.2541,
,Liverpool Plains Visitor Information Centre,"11 New England Hwy
Willow Tree NSW 2339
Australia",Exploren,2,AC,AC,-31.6494391,150.7261173,Liverpool Plains Shire Council,2339,Destination Charging R2,accepted,address_exact_unique,0.97,False,397.0,4.645893898541074,4.645893898541074,16380.603995263558,Peclet local snapshot (experimental),HC2449,New England Hwy Willow Tree charger,"11 New England Hwy
Willow Tree NSW 2339
Australia",Exploren,,2.0,AC,,-31.6494,150.7261,
,Pro Shop Car Park,"11 Paradise Beach Rd
Sanctuary Point NSW 2540
Australia",EVSE,2,AC,AC,-35.1043696,150.624673,Shoalhaven City Council,2540,Destination Charging R2,accepted,address_exact_unique,0.97,False,1509.0,4.178440630835085,4.178440630835085,312.5589260390392,Peclet local snapshot (experimental),HC2610,Paradise Beach Rd Sanctuary Point charger,"11 Paradise Beach Rd
Sanctuary Point NSW 2540
Australia",EVSE,,2.0,AC,,-35.1044,150.6247,
,,"110 Beach St
Coogee NSW 2034
Australia",PLUS ES,1,AC,22 kW,-33.917692,151.2584718,Randwick City Council,2034,Kerbside Charging R1,accepted,address_exact_unique,0.97,False,1526.0,2.749978048816745,2.749978048816745,379.24769170961804,Peclet local snapshot (experimental),HC2352,Beach St Coogee charger,"110 Beach St
Coogee NSW 2034
Australia",PLUS ES,,1.0,22 kW,,-33.9177,151.2585,
,,"110 Reserve Rd
Artarmon NSW 2064
Australia",EVX,2,AC,22 kW,-33.8119541,151.1835636,Willoughby City Council,2064,Kerbside Charging R1,accepted,address_exact_unique,0.97,False,726.0,6.112167164614992,6.112167164614992,291.5175412853112,Peclet local snapshot (experimental),HC2123,Reserve Rd Artarmon charger,"110 Reserve Rd
Artarmon NSW 2064
Australia",EVX,,2.0,22 kW,,-33.812,151.1836,
,Starline Alpacas Farmstay,"1100 Milbrodale Rd
Broke NSW 2330
Australia",Charge Hub,4,AC,AC,-32.7504732,151.0782513,Singleton Council,2330,Destination Charging R2,accepted,address_exact_unique,0.97,False,1628.0,5.44268053194018,5.44268053194018,636.3194288381561,Peclet local snapshot (experimental),HC2506,Milbrodale Rd Broke charger,"1100 Milbrodale Rd
Broke NSW 2330
Australia",Charge Hub,,4.0,AC,,-32.7505,151.0783,
,Basalt Orange,"1100 Pinnacle Rd
Canobolas NSW 2800
Australia",EVNet,3,AC,AC,-33.3444734,149.0383058,Orange City Council,2800,Destination Charging R2,accepted,address_exact_unique,0.97,False,2032.0,3.006452655784415,3.006452655784415,1276.266738237949,Peclet local snapshot (experimental),HC2548,Pinnacle Rd Canobolas charger,"1100 Pinnacle Rd
Canobolas NSW 2800
Australia",EVNet,,3.0,AC,,-33.3445,149.0383,
,,"111 Duncan St
Maroubra NSW 2035
Australia",PLUS ES,1,AC,22 kW,-33.9452821,151.2540766,Randwick City Council,2035,Kerbside Charging R1,accepted,address_exact_unique,0.97,False,1895.0,2.9361238271298298,2.9361238271298298,193.97907104251686,Peclet local snapshot (experimental),HC2297,Duncan St Maroubra charger,"111 Duncan St
Maroubra NSW 2035
Australia",PLUS ES,,1.0,22 kW,,-33.9453,151.2541,
,Solomon Inn,"111 Princes Hwy
Figtree NSW 2525
Australia",Exploren,4,AC,AC,-34.4405803,150.8566138,Wollongong City Council,2525,Destination Charging R2,accepted,address_exact_unique,0.97,False,396.0,2.5298203916171236,2.5298203916171236,696.4516103949601,Peclet local snapshot (experimental),HC2419,Princes Hwy Figtree charger,"111 Princes Hwy
Figtree NSW 2525
Australia",Exploren,,4.0,AC,,-34.4406,150.8566,
,Titania Motel,"11-13 Tarana Cres
Oberon NSW 2787
Australia",CasaCharge,4,AC,AC,-33.7018651,149.8740416,Oberon Council,2787,Destination Charging R2,accepted,address_exact_unique,0.97,False,1625.0,5.46527369965492,5.46527369965492,1042.6676740493308,Peclet local snapshot (experimental),HC2456,Tarana Cres Oberon charger,"11-13 Tarana Cres
Oberon NSW 2787
Australia",CasaCharge,,4.0,AC,,-33.7019,149.874,
,Metropole Guest House,"11-15 Gang Gang St
Katoomba NSW 2780
Australia",Everty,2,AC,AC,-33.7126309,150.3125567,Blue Mountains City Council,2780,Destination Charging R2,accepted,address_exact_unique,0.97,False,840.0,5.2769339708745235,5.2769339708745235,186.81058623853656,Peclet local snapshot (experimental),HC2503,Gang Gang St Katoomba charger,"11-15 Gang Gang St
Katoomba NSW 2780
Australia",Everty,,2.0,AC,,-33.7126,150.3126,
,South Tamworth Bowling Club,"11-23 Margaret St
South Tamworth NSW 2340
Australia",Exploren,2,AC,AC,-31.1084778,150.9208266,Tamworth Regional Council,2340,Destination Charging R2,accepted,address_exact_unique,0.97,False,2028.0,3.536497830412676,3.536497830412676,228.35999994827608,Peclet local snapshot (experimental),HC2520,Margaret St South Tamworth charger,"11-23 Margaret St
South Tamworth NSW 2340
Australia",Exploren,,2.0,AC,,-31.1085,150.9208,
,,"112A Burton St
Darlinghurst NSW 2010
Australia",EVX,2,AC,22 kW,-33.8789017,151.2192178,"Sydney, Council of the City of",2010,Kerbside Charging R1,accepted,address_exact_unique,0.97,False,842.0,1.6540616226216256,1.6540616226216256,357.52418988508856,Peclet local snapshot (experimental),HC2553,Burton St Darlinghurst charger,"112A Burton St
Darlinghurst NSW 2010
Australia",EVX,,2.0,22 kW,,-33.8789,151.2192,
,Bega Showground,"1-13 Upper St
Bega NSW 2550
Australia",Exploren,4,AC,AC,-36.6775093,149.8486847,Bega Valley Shire Council,2550,Destination Charging R2,accepted,address_exact_unique,0.97,False,700.0,1.712046089092947,1.712046089092947,699.6173517630153,Peclet local snapshot (experimental),HC2079,Upper St Bega charger,"1-13 Upper St
Bega NSW 2550
Australia",Exploren,,4.0,AC,,-36.6775,149.8487,
,,117 Tibbereena St Narrabri NSW 2390 Australia,Tesla,4,DC,175 kW,-30.3226373,149.7801888,Narrabri Shire Council,2390,Fast Charging R1,accepted,address_exact_unique,0.97,False,764.0,4.284622515384169,4.284622515384169,170.22905779912028,Peclet local snapshot (experimental),HC2240,Tibbereena St Narrabri charger,117 Tibbereena St Narrabri NSW 2390 Australia,Tesla,,4.0,DC,,-30.3226,149.7802,
,,"118 Nelson St
Annandale NSW 2038
Australia",PLUS ES,1,AC,22 kW,-33.8833797,151.1728455,Inner West Council,2038,Kerbside Charging R1,accepted,address_exact_unique,0.97,False,805.0,4.768283058598014,4.768283058598014,129.51722919014998,Peclet local snapshot (experimental),HC2393,Nelson St Annandale charger,"118 Nelson St
Annandale NSW 2038
Australia",PLUS ES,,1.0,22 kW,,-33.8834,151.1728,
,,"1-19 Dora St
Mayfield NSW 2304
Australia",Chargefox,2,AC,22 kW,-32.8972088,151.7374005,Newcastle City Council,2304,Kerbside Charging R1,accepted,address_exact_unique,0.97,False,1120.0,0.9796282602126193,0.9796282602126193,855.1112629212818,Peclet local snapshot (experimental),HC2158,Dora St Mayfield charger,"1-19 Dora St
Mayfield NSW 2304
Australia",Chargefox,,2.0,22 kW,,-32.8972,151.7374,
,Jack McLaughlin Oval - Edgeworth Sporting Complex,"11B Park St
Edgeworth NSW 2285
Australia",Everty,2,AC,AC,-32.9258036,151.6214194,Lake Macquarie City Council,2285,Destination Charging R2,accepted,address_exact_unique,0.97,False,1976.0,1.8544056796465884,1.8544056796465884,2385.4830104354055,Peclet local snapshot (experimental),HC2142,Park St Edgeworth charger,"11B Park St
Edgeworth NSW 2285
Australia",Everty,,2.0,AC,,-32.9258,151.6214,
,Small Acres Cyder,"12 Akhurst Rd
Nashdale NSW 2800
Australia",Exploren,2,AC,AC,-33.2818182,148.9909542,Cabonne Council,2800,Destination Charging R2,accepted,address_exact_unique,0.97,False,360.0,4.713940723459228,4.713940723459228,1924.4342249852502,Peclet local snapshot (experimental),HC2271,Akhurst Rd Nashdale charger,"12 Akhurst Rd
Nashdale NSW 2800
Australia",Exploren,,2.0,AC,,-33.2818,148.991,
,,"12 Boundary St
Croydon NSW 2132
Australia",EVX,2,AC,22 kW,-33.8808294,151.114005,Burwood Council,2132,Kerbside Charging R1,accepted,address_exact_unique,0.97,False,327.0,3.301554626512017,3.301554626512017,805.1429628277202,Peclet local snapshot (experimental),HC2073,Boundary St Croydon charger,"12 Boundary St
Croydon NSW 2132
Australia",EVX,,2.0,22 kW,,-33.8808,151.114,
,,"12 Brown St
Bronte NSW 2024
Australia",PLUS ES,1,AC,7 kW,-33.9020352,151.2581026,Waverley Council,2024,Kerbside Charging R1,accepted,address_exact_unique,0.97,False,355.0,3.9214099397713977,3.9214099397713977,266.08431098649885,Peclet local snapshot (experimental),HC2179,Brown St Bronte charger,"12 Brown St
Bronte NSW 2024
Australia",PLUS ES,,1.0,7 kW,,-33.902,151.2581,
,,"12 Frederick St
St Leonards NSW 2065
Australia",EVX,2,AC,22 kW,-33.8180079,151.1890054,Willoughby City Council,2065,Kerbside Charging R1,accepted,address_exact_unique,0.97,False,2008.0,1.0102077972537518,1.0102077972537518,51.30948310910197,Peclet local snapshot (experimental),HC2114,Frederick St St Leonards charger,"12 Frederick St
St Leonards NSW 2065
Australia",EVX,,2.0,22 kW,,-33.818,151.189,
,,"12 Hipwood St
Kirribilli NSW 2061
Australia",ChargePost,4,AC,22 kW,-33.8435463,151.2137097,North Sydney Council,2061,Kerbside Charging R1,accepted,address_exact_unique,0.97,False,1913.0,5.225684049553948,5.225684049553948,310.77026096004437,Peclet local snapshot (experimental),HC2021,Hipwood St Kirribilli charger,"12 Hipwood St
Kirribilli NSW 2061
Australia",ChargePost,,4.0,22 kW,,-33.8435,151.2137,
,Mingara Recreation Club,"12 Mingara Rd
Tumbi Umbi NSW 2261
Australia",Exploren,4,AC,AC,-33.3619692,151.440778,Central Coast Council,2261,Destination Charging R1,accepted,address_exact_unique,0.97,False,1214.0,3.987960772675897,3.987960772675897,101.37775401635167,Peclet local snapshot (experimental),HC2677,Mingara Rd Tumbi Umbi charger,"12 Mingara Rd
Tumbi Umbi NSW 2261
Australia",Exploren,,4.0,AC,,-33.362,151.4408,
,,"12 Wilberforce Ave
Rose Bay NSW 2029
Australia",Chargefox,2,AC,7 kW,-33.8710587,151.2701643,Woollahra Municipal Council,2029,Kerbside Charging R1,accepted,address_exact_unique,0.97,False,1091.0,5.652714867542839,5.652714867542839,199.78780401319878,Peclet local snapshot (experimental),HC2022,Wilberforce Ave Rose Bay charger,"12 Wilberforce Ave
Rose Bay NSW 2029
Australia",Chargefox,,2.0,7 kW,,-33.8711,151.2702,
,,"120 Marine Pde
Maroubra NSW 2035
Australia",PLUS ES,1,AC,22 kW,-33.9442446,151.2608523,Randwick City Council,2035,Kerbside Charging R1,accepted,address_exact_unique,0.97,False,769.0,6.62989175956044,6.62989175956044,38.08363002065609,Peclet local snapshot (experimental),HC2366,Marine Pde Maroubra charger,"120 Marine Pde
Maroubra NSW 2035
Australia",PLUS ES,,1.0,22 kW,,-33.9442,151.2609,
,,"121 Todman Ave
Kensington NSW 2033
Australia",PLUS ES,1,AC,22 kW,-33.9100253,151.2207733,Randwick City Council,2033,Kerbside Charging R1,accepted,address_exact_unique,0.97,False,1926.0,3.7396874104409457,3.7396874104409457,397.63658386209835,Peclet local snapshot (experimental),HC2346,Todman Ave Kensington charger,"121 Todman Ave
Kensington NSW 2033
Australia",PLUS ES,,1.0,22 kW,,-33.91,151.2208,
,,"12-14 Glen St
Marrickville NSW 2204
Australia",EVE Australia,2,AC,22 kW,-33.9159664,151.145994,Inner West Council,2204,Kerbside Charging R1,accepted,address_exact_unique,0.97,False,1539.0,3.77694947277234,3.77694947277234,203.32615660161284,Peclet local snapshot (experimental),HC2023,Glen St Marrickville charger,"12-14 Glen St
Marrickville NSW 2204
Australia",EVE Australia,,2.0,22 kW,,-33.916,151.146,
,,"1215 Anzac Pde, Matraville, NSW, 2036",Evie Networks,4,DC,75 kW,-33.9626402,151.245869,Randwick City Council,2036,Kerbside Charging R1,accepted,address_exact_unique,0.97,False,1914.0,5.306130115145959,5.306130115145959,1110.7887310588958,Peclet local snapshot (experimental),HC2024,Anzac Pde Matraville charger,"1215 Anzac Pde, Matraville, NSW, 2036",Evie Networks,,4.0,75 kW,,-33.9626,151.2459,
,The Wool Store,"121A Keppel St
Bathurst NSW 2795
Australia",Chargefox,1,AC,AC,-33.4174656,149.5761249,Bathurst Regional Council,2795,Destination Charging R2,accepted,address_exact_unique,0.97,False,714.0,4.469033319954731,4.469033319954731,94.16025702038156,Peclet local snapshot (experimental),HC2599,Keppel St Bathurst charger,"121A Keppel St
Bathurst NSW 2795
Australia",Chargefox,,1.0,AC,,-33.4175,149.5761,
,Ingenia Holiday Parks - Soldiers Point.,"122 Soldiers Point Rd
Soldiers Point NSW 2317
Australia",Exploren,4,AC,AC,-32.7119746,152.0708892,Port Stephens Council,2317,Destination Charging R2,accepted,address_exact_unique,0.97,False,1225.0,2.9996576738554617,2.9996576738554617,117.33179484930159,Peclet local snapshot (experimental),HC2364,Soldiers Point Rd Soldiers Point charger,"122 Soldiers Point Rd
Soldiers Point NSW 2317
Australia",Exploren,,4.0,AC,,-32.712,152.0709,
,,"1233 Victoria Rd, West Ryde NSW 2114, Australia",BP,4,DC,175 kW,-33.8067305,151.0708812,"Ryde, Council of the City of",2114,Fast Charging R1,accepted,address_exact_unique,0.97,False,1215.0,3.8103930784015216,3.8103930784015216,159.09345907312053,Peclet local snapshot (experimental),HC2760,Victoria Rd West Ryde charger,"1233 Victoria Rd, West Ryde NSW 2114, Australia",BP,,4.0,DC,,-33.8067,151.0709,
,,"1234 Princes Hwy, Engadine NSW 2233, Australia",BP,4,DC,175 kW,-34.0774032,151.0112053,Sutherland Shire Council,2233,Fast Charging R1,accepted,address_exact_unique,0.97,False,388.0,0.6040571279839669,0.6040571279839669,6904.742548326513,Peclet local snapshot (experimental),HC2235,Princes Hwy Engadine charger,"1234 Princes Hwy, Engadine NSW 2233, Australia",BP,,4.0,DC,,-34.0774,151.0112,
,,"126 Jersey Rd
Paddington NSW 2021
Australia",EVX,2,AC,22 kW,-33.8873109,151.2355061,Woollahra Municipal Council,2021,Kerbside Charging R1,accepted,address_exact_unique,0.97,False,1099.0,1.336433317077084,1.336433317077084,78.31643662071346,Peclet local snapshot (experimental),HC2291,Jersey Rd Paddington charger,"126 Jersey Rd
Paddington NSW 2021
Australia",EVX,,2.0,22 kW,,-33.8873,151.2355,
,Museum of Riverina-Botanic Garden Sites,"127 Lord Baden Powell Dr
Turvey Park NSW 2650
Australia",Smart Charge,2,AC,AC,-35.1281415,147.368009,Wagga Wagga City Council,2650,Destination Charging R2,accepted,address_exact_unique,0.97,False,1208.0,4.686614181075709,4.686614181075709,959.3661603132136,Peclet local snapshot (experimental),HC2596,Lord Baden Powell Dr Turvey Park charger,"127 Lord Baden Powell Dr
Turvey Park NSW 2650
Australia",Smart Charge,,2.0,AC,,-35.1281,147.368,
,,"128 Rowntree St
Birchgrove NSW 2041
Australia",PLUS ES,1,AC,7 kW,-33.8524177,151.1819931,Inner West Council,2041,Kerbside Charging R1,accepted,address_exact_unique,0.97,False,810.0,2.0687220720464228,2.0687220720464228,101.52117951566758,Peclet local snapshot (experimental),HC2498,Rowntree St Birchgrove charger,"128 Rowntree St
Birchgrove NSW 2041
Australia",PLUS ES,,1.0,7 kW,,-33.8524,151.182,
,,"13 Beattie St
Balmain NSW 2041
Australia",EVX,2,AC,22 kW,-33.857744,151.1800714,Inner West Council,2041,Kerbside Charging R1,accepted,address_exact_unique,0.97,False,773.0,5.55982192119811,5.55982192119811,438.16658597711677,Peclet local snapshot (experimental),HC2402,Beattie St Balmain charger,"13 Beattie St
Balmain NSW 2041
Australia",EVX,,2.0,22 kW,,-33.8577,151.1801,
,,"13 Llandaff St
Bondi Junction NSW 2022
Australia",PLUS ES,1,AC,22 kW,-33.8935621,151.252073,Waverley Council,2022,Kerbside Charging R1,accepted,address_exact_unique,0.97,False,2022.0,4.895998081549622,4.895998081549622,25.578932712037897,Peclet local snapshot (experimental),HC2367,Llandaff St Bondi Junction charger,"13 Llandaff St
Bondi Junction NSW 2022
Australia",PLUS ES,,1.0,22 kW,,-33.8936,151.2521,
,,"13 Neptune St
Coogee NSW 2034
Australia",PLUS ES,1,AC,22 kW,-33.9263789,151.2578036,Randwick City Council,2034,Kerbside Charging R1,accepted,address_exact_unique,0.97,False,1122.0,2.3696076662888235,2.3696076662888235,188.2103315752268,Peclet local snapshot (experimental),HC2180,Neptune St Coogee charger,"13 Neptune St
Coogee NSW 2034
Australia",PLUS ES,,1.0,22 kW,,-33.9264,151.2578,
,,"13 Southey St, Jerilderie NSW 2716, Australia",BP,6,DC,175 kW,-35.3608978,145.7194667,Murrumbidgee Council,2716,Fast Charging R1,accepted,address_exact_unique,0.97,False,827.0,3.0296035916949,3.0296035916949,837.3478209775003,Peclet local snapshot (experimental),HC2065,Southey St Jerilderie charger,"13 Southey St, Jerilderie NSW 2716, Australia",BP,,6.0,DC,,-35.3609,145.7195,
,,"131 Annandale St
Annandale NSW 2038
Australia",PLUS ES,1,AC,22 kW,-33.881865,151.1692999,Inner West Council,2038,Kerbside Charging R1,accepted,address_exact_unique,0.97,False,371.0,3.891833381131357,3.891833381131357,144.17937994444375,Peclet local snapshot (experimental),HC2486,Annandale St Annandale charger,"131 Annandale St
Annandale NSW 2038
Australia",PLUS ES,,1.0,22 kW,,-33.8819,151.1693,
,SHOALHAVEN EX-SERVICEMEN'S CLUB LTD,"131 Greenwell Point Rd
Worrigee NSW 2540
Australia",Exploren,4,AC,AC,-34.8898586,150.625969,Shoalhaven City Council,2540,Destination Charging R1,review,ambiguous_exact_address,0.5,True,1600.0,5.402443112970521,5.402443112970521,84.8908051526681,Peclet local snapshot (experimental),HC2720,Greenwell Point Rd Worrigee charger,"131 Greenwell Point Rd
Worrigee NSW 2540
Australia",Exploren,,4.0,AC,,-34.8899,150.626,nearest=5.402m; gap=84.891m; manual confirmation required
,,"133 Curlewis St
Bondi Beach NSW 2026
Australia",Chargefox,1,AC,7 kW,-33.889034,151.273948,Waverley Council,2026,Kerbside Charging R1,accepted,address_exact_unique,0.97,False,756.0,5.824408373030221,5.824408373030221,66.84686926720015,Peclet local snapshot (experimental),HC2025,Curlewis St Bondi Beach charger,"133 Curlewis St
Bondi Beach NSW 2026
Australia",Chargefox,,1.0,7 kW,,-33.889,151.2739,
,,"136 Young St
Annandale NSW 2038
Australia",PLUS ES,1,AC,22 kW,-33.8838667,151.1664987,Inner West Council,2038,Kerbside Charging R1,accepted,address_exact_unique,0.97,False,839.0,3.704735148255465,3.704735148255465,216.65877033036517,Peclet local snapshot (experimental),HC2483,Young St Annandale charger,"136 Young St
Annandale NSW 2038
Australia",PLUS ES,,1.0,22 kW,,-33.8839,151.1665,
,Club Maitland City,"14 Arthur St
Rutherford NSW 2320
Australia",EVNet,2,AC,AC,-32.71822,151.5284763,Maitland City Council,2320,Destination Charging R1,accepted,coordinate_exact,1.0,False,900.0,0.0,0.0,55.594818956026224,Peclet local snapshot (experimental),DC296,Club Maitland City (1) charger,"14 Arthur St, Rutherford NSW 2320",ChargeN'Go,Type 2,2.0,7.6 kW,Open 24/7,-32.71822,151.5284763,
,,"140 Keppel St
Bathurst NSW 2795
Australia",Noodoe,1,AC,AC,-33.4176946,149.5750893,Bathurst Regional Council,2795,Destination Charging R2,accepted,address_exact_unique,0.97,False,751.0,1.1605027091715046,1.1605027091715046,95.10802191933708,Peclet local snapshot (experimental),HC2600,Keppel St Bathurst charger,"140 Keppel St
Bathurst NSW 2795
Australia",Noodoe,,1.0,AC,,-33.4177,149.5751,
,Armidale Pines Motel,"141 Marsh St
Armidale NSW 2350
Australia",Non-networked,1,AC,AC,-30.5169112,151.6683352,Armidale Regional Council,2350,Destination Charging R2,accepted,address_exact_unique,0.97,False,1624.0,3.594520180866516,3.594520180866516,161.33237888611708,Peclet local snapshot (experimental),HC2420,Marsh St Armidale charger,"141 Marsh St
Armidale NSW 2350
Australia",Non-networked,,1.0,AC,,-30.5169,151.6683,
,Willow Bend Caravan Park,"14-16 Darling St
Wentworth NSW 2648
Australia",Chargefox,2,AC,AC,-34.1090159,141.9193911,Wentworth Shire Council,2648,Destination Charging R2,accepted,address_exact_unique,0.97,False,1185.0,1.948646149509185,1.948646149509185,324.4628846721143,Peclet local snapshot (experimental),HC2012,Darling St Wentworth charger,"14-16 Darling St
Wentworth NSW 2648
Australia",Chargefox,,2.0,AC,,-34.109,141.9194,
,,"144 Bayshore Dr, Byron Bay, 2481",Chargefox,2,DC,50 kW,-28.62590795,153.586978,Byron Shire Council,2481,Existing Fast Chargers,review,coordinate_candidate,0.5,True,429.0,743.7423087778486,743.7423087778486,23.480852124930607,Peclet local snapshot (experimental),DC35,The Habitat Bryon charger,"9 Easy St, Byron Bay NSW 2481, Australia",NRMA,Type 2,2.0,kW,,-28.63002331,153.5809709,nearest=743.742m; gap=23.481m; manual confirmation required
,Ibis Styles Orange,"146 Bathurst Rd
Orange NSW 2800
Australia",Non-networked,4,AC,AC,-33.2954939,149.115836,Orange City Council,2800,Destination Charging R2,accepted,address_exact_unique,0.97,False,353.0,3.4139836082396444,3.4139836082396444,1531.2372080029804,Peclet local snapshot (experimental),HC2152,Bathurst Rd Orange charger,"146 Bathurst Rd
Orange NSW 2800
Australia",Non-networked,,4.0,AC,,-33.2955,149.1158,
,Comfort Inn City Centre Armidale,"146 Dangar St
Armidale NSW 2350
Australia",Exploren,8,AC,AC,-30.5167599,151.6636723,Armidale Regional Council,2350,Destination Charging R1,review,ambiguous_exact_address,0.5,True,820.0,5.188709888838059,5.188709888838059,36.93626582918349,Peclet local snapshot (experimental),HC2695,Dangar St Armidale charger,"146 Dangar St
Armidale NSW 2350
Australia",Exploren,,8.0,AC,,-30.5168,151.6637,nearest=5.189m; gap=36.936m; manual confirmation required
,,"146 Flood St
Leichhardt NSW 2040
Australia",EVX,2,AC,22 kW,-33.8834979,151.149764,Inner West Council,2040,Kerbside Charging R1,accepted,address_exact_unique,0.97,False,1096.0,3.331390288391876,3.331390288391876,211.05493316462545,Peclet local snapshot (experimental),HC2115,Flood St Leichhardt charger,"146 Flood St
Leichhardt NSW 2040
Australia",EVX,,2.0,22 kW,,-33.8835,151.1498,
,,"146 Glenmore Rd
Paddington NSW 2021
Australia",EVX,2,AC,22 kW,-33.8820504,151.2255784,Woollahra Municipal Council,2021,Kerbside Charging R1,accepted,address_exact_unique,0.97,False,1217.0,5.864642040519838,5.864642040519838,244.97683477683952,Peclet local snapshot (experimental),HC2161,Glenmore Rd Paddington charger,"146 Glenmore Rd
Paddington NSW 2021
Australia",EVX,,2.0,22 kW,,-33.8821,151.2256,
,Country Plaza Motel Queanbeyan,"147 Uriarra Rd
Crestwood NSW 2620
Australia",EVUp,2,AC,AC,-35.3442253,149.2155313,Queanbeyan-Palerang Regional Council,2620,Destination Charging R2,accepted,address_exact_unique,0.97,False,1931.0,3.996725601055527,3.996725601055527,1590.5324924852882,Peclet local snapshot (experimental),HC2488,Uriarra Rd Crestwood charger,"147 Uriarra Rd
Crestwood NSW 2620
Australia",EVUp,,2.0,AC,,-35.3442,149.2155,
,,"15 Barker St
Kensington NSW 2033
Australia",EVX,2,AC,22 kW,-33.91931,151.2258425,Randwick City Council,2033,Kerbside Charging R1,accepted,address_exact_unique,0.97,False,1611.0,4.076168369036291,4.076168369036291,156.11782623859725,Peclet local snapshot (experimental),HC2285,Barker St Kensington charger,"15 Barker St
Kensington NSW 2033
Australia",EVX,,2.0,22 kW,,-33.9193,151.2258,
,,"15 Boundary St
Darlinghurst NSW 2010
Australia",EVX,2,AC,22 kW,-33.8788555,151.2251411,Woollahra Municipal Council,2010,Kerbside Charging R1,accepted,address_exact_unique,0.97,False,317.0,6.235406290255414,6.235406290255414,38.0679716461801,Peclet local snapshot (experimental),HC2554,Boundary St Darlinghurst charger,"15 Boundary St
Darlinghurst NSW 2010
Australia",EVX,,2.0,22 kW,,-33.8789,151.2251,
,,"15 William St
Randwick NSW 2031
Australia",PLUS ES,1,AC,7 kW,-33.9081196,151.2347862,Randwick City Council,2031,Kerbside Charging R1,accepted,address_exact_unique,0.97,False,739.0,2.5242302503996616,2.5242302503996616,100.26851096931729,Peclet local snapshot (experimental),HC2336,William St Randwick charger,"15 William St
Randwick NSW 2031
Australia",PLUS ES,,1.0,7 kW,,-33.9081,151.2348,
,,"150 Bellevue Rd
Bellevue Hill NSW 2023
Australia",PLUS ES,1,AC,22 kW,-33.8786355,151.2465595,Woollahra Municipal Council,2023,Kerbside Charging R1,accepted,address_exact_unique,0.97,False,356.0,5.436986591065718,5.436986591065718,238.6857507573302,Peclet local snapshot (experimental),HC2200,Bellevue Rd Bellevue Hill charger,"150 Bellevue Rd
Bellevue Hill NSW 2023
Australia",PLUS ES,,1.0,22 kW,,-33.8786,151.2466,
,Orange Visitor Information Centre,"151 Byng St
Orange NSW 2800
Australia",EVSE,4,AC,AC,-33.2817348,149.1034134,Orange City Council,2800,Destination Charging R2,accepted,address_exact_unique,0.97,False,734.0,4.065126709111335,4.065126709111335,63.08092899980242,Peclet local snapshot (experimental),HC2223,Byng St Orange charger,"151 Byng St
Orange NSW 2800
Australia",EVSE,,4.0,AC,,-33.2817,149.1034,
,,"153 Windsor St
Paddington NSW 2021
Australia",PLUS ES,1,AC,7 kW,-33.8864268,151.2351133,Woollahra Municipal Council,2021,Kerbside Charging R1,accepted,address_exact_unique,0.97,False,1502.0,3.2230074608826182,3.2230074608826182,29.507472918453097,Peclet local snapshot (experimental),HC2394,Windsor St Paddington charger,"153 Windsor St
Paddington NSW 2021
Australia",PLUS ES,,1.0,7 kW,,-33.8864,151.2351,
,,"154 Beach Rd, Batemans Bay NSW 2536",Tesla,6,DC,175 kW,-35.7196933,150.1897432,Eurobodalla Shire Council,2536,Fast Charging R1,accepted,address_exact_unique,0.97,False,791.0,3.9704985031723736,3.9704985031723736,1263.242899441326,Peclet local snapshot (experimental),HC2092,Beach Rd Batemans Bay charger,"154 Beach Rd, Batemans Bay NSW 2536",Tesla,,6.0,DC,,-35.7197,150.1897,
,Mulwala Water Ski Club,"156 Melbourne St
Mulwala NSW 2647
Australia",Smart Charge,2,AC,AC,-35.9950407,146.0020955,Federation Council,2647,Destination Charging R1,accepted,address_exact_unique,0.97,False,295.0,4.5437048188746285,4.5437048188746285,1311.6042343173613,Peclet local snapshot (experimental),HC2691,Melbourne St Mulwala charger,"156 Melbourne St
Mulwala NSW 2647
Australia",Smart Charge,,2.0,AC,,-35.995,146.0021,
,,"157 Curlewis St
Bondi Beach NSW 2026
Australia",Chargefox,1,AC,7 kW,-33.8895405,151.2745168,Waverley Council,2026,Kerbside Charging R1,accepted,address_exact_unique,0.97,False,1489.0,4.762906781849951,4.762906781849951,35.334520587646274,Peclet local snapshot (experimental),HC2026,Curlewis St Bondi Beach charger,"157 Curlewis St
Bondi Beach NSW 2026
Australia",Chargefox,,1.0,7 kW,,-33.8895,151.2745,
,,"159 Birrell St
Waverley NSW 2024
Australia",Chargefox,2,AC,7 kW,-33.8972221,151.2572192,Waverley Council,2024,Kerbside Charging R1,accepted,address_exact_unique,0.97,False,757.0,3.0297102473837985,3.0297102473837985,280.5172520388433,Peclet local snapshot (experimental),HC2027,Birrell St Waverley charger,"159 Birrell St
Waverley NSW 2024
Australia",Chargefox,,2.0,7 kW,,-33.8972,151.2572,
,,"16 Charlotte St
Ashfield NSW 2131
Australia",EVX,2,AC,22 kW,-33.8868871,151.1256342,Inner West Council,2131,Kerbside Charging R1,accepted,address_exact_unique,0.97,False,1171.0,3.4675109588899997,3.4675109588899997,348.5152267361682,Peclet local snapshot (experimental),HC2442,Charlotte St Ashfield charger,"16 Charlotte St
Ashfield NSW 2131
Australia",EVX,,2.0,22 kW,,-33.8869,151.1256,
,,"16 Duxford St
Paddington NSW 2021
Australia",PLUS ES,1,AC,22 kW,-33.8825594,151.229031,Woollahra Municipal Council,2021,Kerbside Charging R1,accepted,address_exact_unique,0.97,False,704.0,5.3450916484027715,5.3450916484027715,56.763879125380036,Peclet local snapshot (experimental),HC2219,Duxford St Paddington charger,"16 Duxford St
Paddington NSW 2021
Australia",PLUS ES,,1.0,22 kW,,-33.8826,151.229,
,,"16 Fletcher St
Bondi NSW 2026
Australia",PLUS ES,1,AC,22 kW,-33.8967196,151.2696086,Waverley Council,2026,Kerbside Charging R1,accepted,address_exact_unique,0.97,False,730.0,2.3194645594965673,2.3194645594965673,391.3018053325399,Peclet local snapshot (experimental),HC2181,Fletcher St Bondi charger,"16 Fletcher St
Bondi NSW 2026
Australia",PLUS ES,,1.0,22 kW,,-33.8967,151.2696,
,,"16 Gower St
Summer Hill NSW 2130
Australia",PLUS ES,1,AC,22 kW,-33.8888029,151.1379119,Inner West Council,2130,Kerbside Charging R1,accepted,address_exact_unique,0.97,False,1221.0,1.1447874989135447,1.1447874989135447,135.35143531079623,Peclet local snapshot (experimental),HC2270,Gower St Summer Hill charger,"16 Gower St
Summer Hill NSW 2130
Australia",PLUS ES,,1.0,22 kW,,-33.8888,151.1379,
,,"16 Myra Rd
Dulwich Hill NSW 2203
Australia",EVE Australia,2,AC,22 kW,-33.907162,151.1357912,Inner West Council,2203,Kerbside Charging R1,accepted,address_exact_unique,0.97,False,1155.0,4.302742261630879,4.302742261630879,78.18958372111706,Peclet local snapshot (experimental),HC2028,Myra Rd Dulwich Hill charger,"16 Myra Rd
Dulwich Hill NSW 2203
Australia",EVE Australia,,2.0,22 kW,,-33.9072,151.1358,
,,"160 Australia St
Newtown NSW 2042
Australia",PLUS ES,1,AC,7 kW,-33.8947338,151.1777935,Inner West Council,2042,Kerbside Charging R1,accepted,coordinate_near_clear,0.9,False,271.0,3.8059710301908023,3.8059710301908023,141.1328523930804,Peclet local snapshot (experimental),HC2246,Australia St Newtown charger,"160 Australia St
Newtown NSW 2042
Australia",PLUS ES,,1.0,7 kW,,-33.8947,151.1778,
,Tallowood Cottages,"1600 BOWRAVILLE RD
SPICKETTS CREEK NSW 2454
Australia",Exploren,1,AC,AC,-30.5303037,152.869309,Bellingen Shire Council,2454,Destination Charging R2,accepted,address_exact_unique,0.97,False,2023.0,0.9551593143657767,0.9551593143657767,5044.416870871427,Peclet local snapshot (experimental),HC2391,BOWRAVILLE RD SPICKETTS CREEK charger,"1600 BOWRAVILLE RD
SPICKETTS CREEK NSW 2454
Australia",Exploren,,1.0,AC,,-30.5303,152.8693,
,De iuliis Wines,"1616 Broke Rd
Pokolbin NSW 2320
Australia",Non-networked,2,AC,AC,-32.7604467,151.2528696,Cessnock City Council,2320,Destination Charging R2,accepted,address_exact_unique,0.97,False,1167.0,5.919956130244214,5.919956130244214,161.77899151274607,Peclet local snapshot (experimental),HC2338,Broke Rd Pokolbin charger,"1616 Broke Rd
Pokolbin NSW 2320
Australia",Non-networked,,2.0,AC,,-32.7604,151.2529,
,,"162 Canterbury St, Casino, 2470",EVUp,2,AC,22 kW,-28.86284789,153.049044,Richmond Valley Council,2470,Existing Destination Chargers,review,ambiguous_exact_address,0.5,True,17.0,0.09896348500105796,0.09896348500105796,49.188451105264534,Peclet local snapshot (experimental),DC53,Casino RSM charger,"162 Canterbury St, Casino NSW 2470, Australia","Tesla Destination, EVUp",Tesla; Type 2,3.0,5 - 22 kW,,-28.862847,153.049044,nearest=0.099m; gap=49.188m; manual confirmation required
,,"162 Rouse St, Tenterfield NSW 2372, Australia",Tesla,4,DC,175 kW,-29.0565237,152.0181884,Tenterfield Shire Council,2372,Fast Charging R1,accepted,address_exact_unique,0.97,False,2039.0,2.866393738028854,2.866393738028854,69.48684741590459,Peclet local snapshot (experimental),HC2744,Rouse St Tenterfield charger,"162 Rouse St, Tenterfield NSW 2372, Australia",Tesla,,4.0,DC,,-29.0565,152.0182,
,,"163 Windsor St
Paddington NSW 2021
Australia",PLUS ES,1,AC,7 kW,-33.8865889,151.2353607,Woollahra Municipal Council,2021,Kerbside Charging R1,accepted,address_exact_unique,0.97,False,1941.0,3.831912056353573,3.831912056353573,28.110301966454152,Peclet local snapshot (experimental),HC2007,Windsor St Paddington charger,"163 Windsor St
Paddington NSW 2021
Australia",PLUS ES,,1.0,7 kW,,-33.8866,151.2354,
,,"164 Darling St
Balmain NSW 2041
Australia",PLUS ES,1,AC,7 kW,-33.8583636,151.1875201,Inner West Council,2041,Kerbside Charging R1,accepted,address_exact_unique,0.97,False,1140.0,4.452745762207799,4.452745762207799,34.549110379780146,Peclet local snapshot (experimental),HC2509,Darling St Balmain charger,"164 Darling St
Balmain NSW 2041
Australia",PLUS ES,,1.0,7 kW,,-33.8584,151.1875,
,Fisherman's Paradise In Australia ,"164 River Rd
Sussex Inlet NSW 2540
Australia",Exploren,4,AC,AC,-35.1533487,150.596487,Shoalhaven City Council,2540,Destination Charging R2,accepted,address_exact_unique,0.97,False,1993.0,5.542668715030054,5.542668715030054,6011.734197402238,Peclet local snapshot (experimental),HC2620,River Rd Sussex Inlet charger,"164 River Rd
Sussex Inlet NSW 2540
Australia",Exploren,,4.0,AC,,-35.1533,150.5965,
,Elizabeth Motor Inn Adamstown,"165 Brunker Rd
Adamstown NSW 2289
Australia",Noodoe,3,AC,AC,-32.9315784,151.7276081,Newcastle City Council,2289,Destination Charging R2,accepted,address_exact_unique,0.97,False,1207.0,2.517968597999059,2.517968597999059,1682.618699925813,Peclet local snapshot (experimental),HC2591,Brunker Rd Adamstown charger,"165 Brunker Rd
Adamstown NSW 2289
Australia",Noodoe,,3.0,AC,,-32.9316,151.7276,
,,"165 Victoria Rd
Bellevue Hill NSW 2023
Australia",PLUS ES,1,AC,7 kW,-33.888282,151.2587162,Woollahra Municipal Council,2023,Kerbside Charging R1,accepted,address_exact_unique,0.97,False,1608.0,2.49842386086128,2.49842386086128,310.94433689339905,Peclet local snapshot (experimental),HC2201,Victoria Rd Bellevue Hill charger,"165 Victoria Rd
Bellevue Hill NSW 2023
Australia",PLUS ES,,1.0,7 kW,,-33.8883,151.2587,
,Angourie,"166 Angourie Rd
Yamba NSW 2464
Australia",Exploren,4,AC,AC,-29.4502783,153.3524234,Clarence Valley Council,2464,Destination Charging R2,accepted,address_exact_unique,0.97,False,1955.0,3.309957759434144,3.309957759434144,1937.7237038994392,Peclet local snapshot (experimental),HC2435,Angourie Rd Yamba charger,"166 Angourie Rd
Yamba NSW 2464
Australia",Exploren,,4.0,AC,,-29.4503,153.3524,
,,"166 Wyndham St
Alexandria NSW 2015
Australia",EVX,2,AC,22 kW,-33.9000527,151.1996876,"Sydney, Council of the City of",2015,Kerbside Charging R1,accepted,address_exact_unique,0.97,False,1559.0,5.382590487410442,5.382590487410442,228.8559741524421,Peclet local snapshot (experimental),HC2551,Wyndham St Alexandria charger,"166 Wyndham St
Alexandria NSW 2015
Australia",EVX,,2.0,22 kW,,-33.9001,151.1997,
,,"167 Darley Rd
Randwick NSW 2031
Australia",PLUS ES,1,AC,22 kW,-33.9031545,151.2456791,Randwick City Council,2031,Kerbside Charging R1,accepted,address_exact_unique,0.97,False,770.0,5.414581994237829,5.414581994237829,274.9952995526244,Peclet local snapshot (experimental),HC2368,Darley Rd Randwick charger,"167 Darley Rd
Randwick NSW 2031
Australia",PLUS ES,,1.0,22 kW,,-33.9032,151.2457,
,,"168 Beach St
Coogee NSW 2034
Australia",PLUS ES,1,AC,22 kW,-33.92449,151.256964,Randwick City Council,2034,Kerbside Charging R1,accepted,address_exact_unique,0.97,False,1103.0,3.502777413135063,3.502777413135063,31.127315498160414,Peclet local snapshot (experimental),HC2353,Beach St Coogee charger,"168 Beach St
Coogee NSW 2034
Australia",PLUS ES,,1.0,22 kW,,-33.9245,151.257,
,,"17 Dulwich St
Dulwich Hill NSW 2203
Australia",PLUS ES,1,AC,7 kW,-33.9025515,151.1408431,Inner West Council,2203,Kerbside Charging R1,accepted,address_exact_unique,0.97,False,1987.0,6.701206413255102,6.701206413255102,80.2243340441077,Peclet local snapshot (experimental),HC2460,Dulwich St Dulwich Hill charger,"17 Dulwich St
Dulwich Hill NSW 2203
Australia",PLUS ES,,1.0,7 kW,,-33.9026,151.1408,
,,"17 Flood St
Bondi NSW 2026
Australia",EVX,2,AC,22 kW,-33.8910576,151.2587866,Waverley Council,2026,Kerbside Charging R1,accepted,address_exact_unique,0.97,False,1549.0,4.8742057707669995,4.8742057707669995,301.86109807535496,Peclet local snapshot (experimental),HC2172,Flood St Bondi charger,"17 Flood St
Bondi NSW 2026
Australia",EVX,,2.0,22 kW,,-33.8911,151.2588,
,,"17 Grove St
Dulwich Hill NSW 2203
Australia",PLUS ES,1,AC,7 kW,-33.9017394,151.139465,Inner West Council,2203,Kerbside Charging R1,accepted,address_exact_unique,0.97,False,1626.0,5.443163093391839,5.443163093391839,43.34386972514941,Peclet local snapshot (experimental),HC2469,Grove St Dulwich Hill charger,"17 Grove St
Dulwich Hill NSW 2203
Australia",PLUS ES,,1.0,7 kW,,-33.9017,151.1395,
,,"17 Hereward St
Maroubra NSW 2035
Australia",PLUS ES,1,AC,22 kW,-33.9451043,151.2561662,Randwick City Council,2035,Kerbside Charging R1,accepted,address_exact_unique,0.97,False,1904.0,3.15430689118536,3.15430689118536,188.6788871644481,Peclet local snapshot (experimental),HC2461,Hereward St Maroubra charger,"17 Hereward St
Maroubra NSW 2035
Australia",PLUS ES,,1.0,22 kW,,-33.9451,151.2562,
,Teneco Hospitality ,"95 Cherry St
Ballina NSW 2478
Australia",Chargefox,4,AC,AC,-28.8628743,153.5662158,Ballina Shire Council,2478,Destination Charging R1,accepted,address_exact_unique,0.97,False,865.0,17.12890997384048,17.12890997384048,715.5853213697868,Peclet local snapshot (experimental),DC104,Ballina Homestead Motel charger,"95 Cherry St, Ballina NSW 2478, Australia",Chargefox,Type 2,4.0,22 kW,,-28.86295014,153.5660627,
