source_index,Station_name,Station_address,Operator,Number_of_plugs,Charger_Type,Charger_rating,Latitude,Longitude,LGANAME,PCODE,Source,ocm_status,ocm_method,ocm_distance_m,ocm_address_score,ocm_id,ocm_address,ocm_attributes,ocm_candidate_count,ocm_coordinate_candidate_count,ocm_nearest_coordinate_gap_m,osm_all_status,osm_all_method,osm_all_distance_m,osm_all_address_score,osm_all_id,osm_all_address,osm_all_attributes,osm_all_candidate_count,osm_all_coordinate_candidate_count,osm_all_nearest_coordinate_gap_m,osm_fast_dc_status,osm_fast_dc_method,osm_fast_dc_distance_m,osm_fast_dc_address_score,osm_fast_dc_id,osm_fast_dc_address,osm_fast_dc_attributes,osm_fast_dc_candidate_count,osm_fast_dc_coordinate_candidate_count,osm_fast_dc_nearest_coordinate_gap_m,chargelarge_all_status,chargelarge_all_method,chargelarge_all_distance_m,chargelarge_all_address_score,chargelarge_all_id,chargelarge_all_address,chargelarge_all_attributes,chargelarge_all_candidate_count,chargelarge_all_coordinate_candidate_count,chargelarge_all_nearest_coordinate_gap_m,chargelarge_fast_dc_status,chargelarge_fast_dc_method,chargelarge_fast_dc_distance_m,chargelarge_fast_dc_address_score,chargelarge_fast_dc_id,chargelarge_fast_dc_address,chargelarge_fast_dc_attributes,chargelarge_fast_dc_candidate_count,chargelarge_fast_dc_coordinate_candidate_count,chargelarge_fast_dc_nearest_coordinate_gap_m,combined_broad_status,combined_dc_indicated_status
1,,"01 Wallgrove Road, Sydney NSW 2766",BP,4,DC,150 kW,-33.81100405,150.8495966,Blacktown City Council,2766,Existing Fast Chargers,accepted,coordinate_500m,65.13844654951765,0.6067567567567569,272521,"BP Truckstop, Wallgrove Road & Old Wallgrove Road, Eastern Creek, New South Wales, 2766","{""charger_capacities"": ""75 kW"", ""connector_types_normalized"": ""CCS"", ""data_provider"": ""Open Charge Map"", ""general_comments"": """", ""is_operational"": true, ""last_verified"": ""2023-08-09T12:21:00Z"", ""latitude"": -33.811041669720204, ""longitude"": 150.85030018744214, ""number_of_plugs"": 2.0, ""number_of_plugs_quality"": ""reported_or_derived_from_connection_quantity"", ""number_of_plugs_semantics"": ""OCM NumberOfPoints or positive connection Quantity"", ""operational_status"": ""operational"", ""operator"": ""BP Pulse (AU)"", ""plug_types"": ""CCS (Type 2)"", ""power_kw_max"": 75.0, ""power_kw_min"": 75.0, ""power_kw_values"": [75.0], ""station_address"": ""BP Truckstop, Wallgrove Road & Old Wallgrove Road, Eastern Creek, New South Wales, 2766"", ""station_name"": ""BP Pulse Eastern Creek"", ""status"": ""Operational"", ""usage_cost"": ""$0.55/kWh""}",1,1,,accepted,coordinate_500m,65.7981731432385,0.0,10590006365,,"{""access_condition"": ""Free Access"", ""charger_capacities"": null, ""connector_types_normalized"": ""CCS"", ""data_provider"": ""OpenStreetMap"", ""latitude"": -33.8109506508467, ""longitude"": 150.850305877351, ""number_of_plugs"": 2, ""number_of_plugs_quality"": ""valid"", ""number_of_plugs_raw"": 2, ""number_of_plugs_semantics"": ""OSM charge_points_count; values above 100 are withheld as suspicious"", ""opening_hours"": """", ""operator"": ""bp pulse"", ""osm_last_updated"": ""2025-08-12"", ""plug_types"": ""CCS"", ""power_kw_max"": null, ""power_kw_min"": null, ""power_kw_values"": [], ""station_name"": """"}",1,1,,accepted,coordinate_500m,65.7981731432385,0.0,10590006365,,"{""access_condition"": ""Free Access"", ""charger_capacities"": null, ""connector_types_normalized"": ""CCS"", ""data_provider"": ""OpenStreetMap"", ""latitude"": -33.8109506508467, ""longitude"": 150.850305877351, ""number_of_plugs"": 2, ""number_of_plugs_quality"": ""valid"", ""number_of_plugs_raw"": 2, ""number_of_plugs_semantics"": ""OSM charge_points_count; values above 100 are withheld as suspicious"", ""opening_hours"": """", ""operator"": ""bp pulse"", ""osm_last_updated"": ""2025-08-12"", ""plug_types"": ""CCS"", ""power_kw_max"": null, ""power_kw_min"": null, ""power_kw_values"": [], ""station_name"": """"}",1,1,,unmatched,unmatched,,,,,{},0,0,,unmatched,unmatched,,,,,{},0,0,,accepted,accepted
2,,"1 - 7 Ross Street, Wilcannia NSW 2836",NRMA Electric,4,DC,50 kW,-30.5118739,151.669395,Central Darling Shire Council,2350,TfNSW Regional,accepted,coordinate_500m,29.225432401106143,0.6072327044025158,170824,"82 Marsh Street, Armidale, New South Wales, 2350","{""charger_capacities"": ""50 kW"", ""connector_types_normalized"": ""CCS;CHAdeMO"", ""data_provider"": ""Open Charge Map"", ""general_comments"": """", ""is_operational"": true, ""last_verified"": ""2020-12-11T13:42:00Z"", ""latitude"": -30.511645241125954, ""longitude"": 151.66954542599308, ""number_of_plugs"": 1.0, ""number_of_plugs_quality"": ""reported_or_derived_from_connection_quantity"", ""number_of_plugs_semantics"": ""OCM NumberOfPoints or positive connection Quantity"", ""operational_status"": ""operational"", ""operator"": ""NRMA"", ""plug_types"": ""CCS (Type 2); CHAdeMO"", ""power_kw_max"": 50.0, ""power_kw_min"": 50.0, ""power_kw_values"": [50.0], ""station_address"": ""82 Marsh Street, Armidale, New South Wales, 2350"", ""station_name"": ""Armidale Visitors Centre"", ""status"": ""Operational"", ""usage_cost"": ""Currently free but will be fee at some point.""}",1,1,,accepted,coordinate_500m,29.526628596528386,0.0,8133502030,,"{""access_condition"": ""Free Access"", ""charger_capacities"": null, ""connector_types_normalized"": """", ""data_provider"": ""OpenStreetMap"", ""latitude"": -30.511932635847, ""longitude"": 151.669695585885, ""number_of_plugs"": 1, ""number_of_plugs_quality"": ""valid"", ""number_of_plugs_raw"": 1, ""number_of_plugs_semantics"": ""OSM charge_points_count; values above 100 are withheld as suspicious"", ""opening_hours"": """", ""operator"": ""NRMA"", ""osm_last_updated"": ""2022-12-15"", ""plug_types"": """", ""power_kw_max"": null, ""power_kw_min"": null, ""power_kw_values"": [], ""station_name"": """"}",1,1,,unmatched,unmatched,,,,,{},0,0,,accepted,coordinate_500m,421.7154627740981,0.4081176470588236,15d06bf5-6b4a-425d-9312-bae4b17cc22b-2444,"12 Cinders Ln, Armidale, NSW 2350","{""charger_capacities"": 150.0, ""connector_types_normalized"": ""CCS"", ""data_provider"": ""Charge@Large"", ""dc_port_count"": 4, ""latitude"": -30.5141439, ""longitude"": 151.6658684, ""number_of_plugs"": 4, ""number_of_plugs_quality"": ""reported_from_dc_port_count"", ""number_of_plugs_semantics"": ""Charge@Large DC-indicated port count"", ""operator"": """", ""plug_types"": ""CCS2"", ""power_kw_max"": 150.0, ""power_kw_min"": 150.0, ""power_kw_values"": [150.0], ""station_address"": ""12 Cinders Ln, Armidale, NSW 2350"", ""station_name"": ""EV Fast Charger 5 Cinders Ln"", ""status_counts"": ""{\""Available\"": 1, \""OutOfService\"": 3}"", ""total_port_count"": 4}",1,1,,accepted,coordinate_500m,421.7154627740981,0.4081176470588236,15d06bf5-6b4a-425d-9312-bae4b17cc22b-2444,"12 Cinders Ln, Armidale, NSW 2350","{""charger_capacities"": 150.0, ""connector_types_normalized"": ""CCS"", ""data_provider"": ""Charge@Large"", ""dc_port_count"": 4, ""latitude"": -30.5141439, ""longitude"": 151.6658684, ""number_of_plugs"": 4, ""number_of_plugs_quality"": ""reported_from_dc_port_count"", ""number_of_plugs_semantics"": ""Charge@Large DC-indicated port count"", ""operator"": """", ""plug_types"": ""CCS2"", ""power_kw_max"": 150.0, ""power_kw_min"": 150.0, ""power_kw_values"": [150.0], ""station_address"": ""12 Cinders Ln, Armidale, NSW 2350"", ""station_name"": ""EV Fast Charger 5 Cinders Ln"", ""status_counts"": ""{\""Available\"": 1, \""OutOfService\"": 3}"", ""total_port_count"": 4}",1,1,,accepted,accepted
5,,"1 Bay Street, Sydney NSW 2037",Tesla,16,DC,130 kW,-33.88350355,151.1944334,"Sydney, Council of the City of",2037,Existing Fast Chargers,accepted,coordinate_500m,19.442848782107593,0.7928571428571429,311308,"1 Bay Street, Broadway, NSW, 2007","{""charger_capacities"": ""22 kW"", ""connector_types_normalized"": ""CCS"", ""data_provider"": ""Open Charge Map"", ""general_comments"": """", ""is_operational"": true, ""last_verified"": ""2025-03-29T03:34:00Z"", ""latitude"": -33.883393295749826, ""longitude"": 151.1945968746586, ""number_of_plugs"": 3.0, ""number_of_plugs_quality"": ""reported_or_derived_from_connection_quantity"", ""number_of_plugs_semantics"": ""OCM NumberOfPoints or positive connection Quantity"", ""operational_status"": ""operational"", ""operator"": ""Tesla (including non-tesla)"", ""plug_types"": ""CCS (Type 2)"", ""power_kw_max"": 22.0, ""power_kw_min"": 22.0, ""power_kw_values"": [22.0], ""station_address"": ""1 Bay Street, Broadway, NSW, 2007"", ""station_name"": ""Tesla Destination Charger"", ""status"": ""Operational"", ""usage_cost"": ""0""}",2,2,37.87480181878523,accepted,coordinate_500m,66.31887271012747,0.0,5438383393,,"{""access_condition"": ""Free Access"", ""charger_capacities"": null, ""connector_types_normalized"": """", ""data_provider"": ""OpenStreetMap"", ""latitude"": -33.8829291547019, ""longitude"": 151.194626832187, ""number_of_plugs"": 8, ""number_of_plugs_quality"": ""valid"", ""number_of_plugs_raw"": 8, ""number_of_plugs_semantics"": ""OSM charge_points_count; values above 100 are withheld as suspicious"", ""opening_hours"": ""24/7"", ""operator"": ""Tesla"", ""osm_last_updated"": ""2026-03-29"", ""plug_types"": """", ""power_kw_max"": null, ""power_kw_min"": null, ""power_kw_values"": [], ""station_name"": ""Tesla Supercharger""}",1,1,,unmatched,unmatched,,,,,{},0,0,,accepted,coordinate_500m,307.9174714299631,0.4035294117647059,d1cbdd86-205d-4538-b287-34032bf74788-ibxdE7VEtpT7LdkriyIUSgVk-paThlG_iOPe,"2 Buckland St, Chippendale, NSW 2008","{""charger_capacities"": 22.0, ""connector_types_normalized"": ""Type2"", ""data_provider"": ""Charge@Large"", ""dc_port_count"": 1, ""latitude"": -33.88472, ""longitude"": 151.19743, ""number_of_plugs"": 1, ""number_of_plugs_quality"": ""reported_from_dc_port_count"", ""number_of_plugs_semantics"": ""Charge@Large DC-indicated port count"", ""operator"": """", ""plug_types"": ""TYPE2"", ""power_kw_max"": 22.0, ""power_kw_min"": 22.0, ""power_kw_values"": [22.0], ""station_address"": ""2 Buckland St, Chippendale, NSW 2008"", ""station_name"": ""2 Buckland St Chippendale NSW 2008"", ""status_counts"": ""{\""Available\"": 1}"", ""total_port_count"": 1}",3,3,62.40520893133697,unmatched,unmatched,,,,,{},0,0,,accepted,accepted
6,,"1 Bells Boulevard, Kingscliff NSW 2487",Evie Networks,4,DC,75 kW,-28.27690295,153.5770781,Tweed Shire Council,2487,Existing Fast Chargers,unmatched,unmatched,,,,,{},0,0,,unmatched,unmatched,,,,,{},0,0,,unmatched,unmatched,,,,,{},0,0,,unmatched,unmatched,,,,,{},0,0,,unmatched,unmatched,,,,,{},0,0,,unmatched,unmatched
11,,"1 Dalgal Way, Sydney NSW 2037",Tesla,4,DC,250 kW,-33.87650055,151.178,"Sydney, Council of the City of",2037,Existing Fast Chargers,unmatched,unmatched,,,,,{},0,0,,accepted,coordinate_500m,26.33719187131462,0.0,6965052432,,"{""access_condition"": ""Free Access"", ""charger_capacities"": null, ""connector_types_normalized"": ""CCS"", ""data_provider"": ""OpenStreetMap"", ""latitude"": -33.8763052719, ""longitude"": 151.177838550683, ""number_of_plugs"": 4, ""number_of_plugs_quality"": ""valid"", ""number_of_plugs_raw"": 4, ""number_of_plugs_semantics"": ""OSM charge_points_count; values above 100 are withheld as suspicious"", ""opening_hours"": """", ""operator"": ""Tesla"", ""osm_last_updated"": ""2025-08-12"", ""plug_types"": ""CCS"", ""power_kw_max"": null, ""power_kw_min"": null, ""power_kw_values"": [], ""station_name"": ""Tesla Supercharger""}",1,1,,accepted,coordinate_500m,26.33719187131462,0.0,6965052432,,"{""access_condition"": ""Free Access"", ""charger_capacities"": null, ""connector_types_normalized"": ""CCS"", ""data_provider"": ""OpenStreetMap"", ""latitude"": -33.8763052719, ""longitude"": 151.177838550683, ""number_of_plugs"": 4, ""number_of_plugs_quality"": ""valid"", ""number_of_plugs_raw"": 4, ""number_of_plugs_semantics"": ""OSM charge_points_count; values above 100 are withheld as suspicious"", ""opening_hours"": """", ""operator"": ""Tesla"", ""osm_last_updated"": ""2025-08-12"", ""plug_types"": ""CCS"", ""power_kw_max"": null, ""power_kw_min"": null, ""power_kw_values"": [], ""station_name"": ""Tesla Supercharger""}",1,1,,accepted,coordinate_500m,448.6645969500187,0.10169602087410307,baaffa39-0adb-422e-a7bf-4b391d232b5d-110,"266 Johnston St, Annandale NSW 2038, Australi, Annandale, NSW 2038","{""charger_capacities"": 22.0, ""connector_types_normalized"": ""Type2"", ""data_provider"": ""Charge@Large"", ""dc_port_count"": 1, ""latitude"": -33.874917, ""longitude"": 151.17353, ""number_of_plugs"": 1, ""number_of_plugs_quality"": ""reported_from_dc_port_count"", ""number_of_plugs_semantics"": ""Charge@Large DC-indicated port count"", ""operator"": """", ""plug_types"": ""TYPE2"", ""power_kw_max"": 22.0, ""power_kw_min"": 22.0, ""power_kw_values"": [22.0], ""station_address"": ""266 Johnston St, Annandale NSW 2038, Australi, Annandale, NSW 2038"", ""station_name"": ""266 Johnston St Annandale NSW 2038"", ""status_counts"": ""{\""Charging\"": 1}"", ""total_port_count"": 1}",3,3,2.589212498365498,unmatched,unmatched,,,,,{},0,0,,accepted,accepted
16,,"1 Frederick Street, Sydney NSW 2064",Evie Networks,6,DC,150 kW,-33.81707912,151.1889369,Willoughby City Council,2064,Existing Fast Chargers,accepted,coordinate_500m,157.01557144383443,0.35,272613,"65 Reserve Road, St Leonards, New South Wales, 2065","{""charger_capacities"": ""22 kW"", ""connector_types_normalized"": ""CCS;CHAdeMO"", ""data_provider"": ""Open Charge Map"", ""general_comments"": """", ""is_operational"": true, ""last_verified"": ""2023-07-15T07:52:00Z"", ""latitude"": -33.81845312500111, ""longitude"": 151.18932889926964, ""number_of_plugs"": 1.0, ""number_of_plugs_quality"": ""reported_or_derived_from_connection_quantity"", ""number_of_plugs_semantics"": ""OCM NumberOfPoints or positive connection Quantity"", ""operational_status"": ""operational"", ""operator"": ""Chargefox"", ""plug_types"": ""CCS (Type 2); CHAdeMO"", ""power_kw_max"": 22.0, ""power_kw_min"": 22.0, ""power_kw_values"": [22.0], ""station_address"": ""65 Reserve Road, St Leonards, New South Wales, 2065"", ""station_name"": ""TLE Electrical Artarmon"", ""status"": ""Operational"", ""usage_cost"": ""$0.30/kWh""}",1,1,,unmatched,unmatched,,,,,{},0,0,,unmatched,unmatched,,,,,{},0,0,,accepted,coordinate_500m,92.58060399570518,0.6590909090909092,ac6d79e9-3d3d-4a6b-a3b2-99a06fe51e25-82,"12 Frederick St, St Leonards NSW 2065, Austra, St Leonards, NSW 2065","{""charger_capacities"": 22.0, ""connector_types_normalized"": ""Type2"", ""data_provider"": ""Charge@Large"", ""dc_port_count"": 2, ""latitude"": -33.817909, ""longitude"": 151.188856, ""number_of_plugs"": 2, ""number_of_plugs_quality"": ""reported_from_dc_port_count"", ""number_of_plugs_semantics"": ""Charge@Large DC-indicated port count"", ""operator"": """", ""plug_types"": ""TYPE2"", ""power_kw_max"": 22.0, ""power_kw_min"": 22.0, ""power_kw_values"": [22.0], ""station_address"": ""12 Frederick St, St Leonards NSW 2065, Austra, St Leonards, NSW 2065"", ""station_name"": ""12 Frederick St-St Leonards"", ""status_counts"": ""{\""Available\"": 2}"", ""total_port_count"": 2}",2,2,387.8116910476986,accepted,coordinate_500m,480.3922950434038,0.32407407407407407,393dc550-5791-46d3-a359-20e9e5b406b3-6788b95616c263b357a1ec99,"18/39 Herbert Street, St Leonards, NSW 2065","{""charger_capacities"": 25.0, ""connector_types_normalized"": ""CCS;CHAdeMO"", ""data_provider"": ""Charge@Large"", ""dc_port_count"": 2, ""latitude"": -33.819741, ""longitude"": 151.1930327, ""number_of_plugs"": 2, ""number_of_plugs_quality"": ""reported_from_dc_port_count"", ""number_of_plugs_semantics"": ""Charge@Large DC-indicated port count"", ""operator"": """", ""plug_types"": ""CCS2|CHADEMO"", ""power_kw_max"": 25.0, ""power_kw_min"": 25.0, ""power_kw_values"": [25.0], ""station_address"": ""18/39 Herbert Street, St Leonards, NSW 2065"", ""station_name"": ""Delta HQ"", ""status_counts"": ""{\""Available\"": 2}"", ""total_port_count"": 2}",1,1,,accepted,accepted
19,,"1 Greenbridge Drive, Wilton NSW 2571",Chargefox,2,DC,160 kW,-34.22847652,150.6841562,Wollondilly Shire Council,2571,Existing Fast Chargers,unmatched,unmatched,,,,,{},0,0,,accepted,coordinate_500m,2.9235762085473587,0.0,12624993541,,"{""access_condition"": ""Free Access"", ""charger_capacities"": null, ""connector_types_normalized"": ""CCS"", ""data_provider"": ""OpenStreetMap"", ""latitude"": -34.2284569359569, ""longitude"": 150.684134982213, ""number_of_plugs"": null, ""number_of_plugs_quality"": ""missing_or_suspicious"", ""number_of_plugs_raw"": null, ""number_of_plugs_semantics"": ""OSM charge_points_count; values above 100 are withheld as suspicious"", ""opening_hours"": """", ""operator"": ""Chargefox"", ""osm_last_updated"": ""2025-02-28"", ""plug_types"": ""CCS"", ""power_kw_max"": null, ""power_kw_min"": null, ""power_kw_values"": [], ""station_name"": """"}",1,1,,accepted,coordinate_500m,2.9235762085473587,0.0,12624993541,,"{""access_condition"": ""Free Access"", ""charger_capacities"": null, ""connector_types_normalized"": ""CCS"", ""data_provider"": ""OpenStreetMap"", ""latitude"": -34.2284569359569, ""longitude"": 150.684134982213, ""number_of_plugs"": null, ""number_of_plugs_quality"": ""missing_or_suspicious"", ""number_of_plugs_raw"": null, ""number_of_plugs_semantics"": ""OSM charge_points_count; values above 100 are withheld as suspicious"", ""opening_hours"": """", ""operator"": ""Chargefox"", ""osm_last_updated"": ""2025-02-28"", ""plug_types"": ""CCS"", ""power_kw_max"": null, ""power_kw_min"": null, ""power_kw_values"": [], ""station_name"": """"}",1,1,,unmatched,unmatched,,,,,{},0,0,,unmatched,unmatched,,,,,{},0,0,,accepted,accepted
23,,"1 Ingham Drive, Casula NSW 2170",Evie Networks,4,DC,50 kW,-33.948829,150.90027,Liverpool City Council,2170,ARENA - Driving the Nation,accepted,coordinate_and_fuzzy_address,125.52341782379166,1.0,272688,"1 Ingham Dr, Casula, New South Wales, 2170","{""charger_capacities"": ""50 kW"", ""connector_types_normalized"": ""CCS;CHAdeMO"", ""data_provider"": ""Open Charge Map"", ""general_comments"": """", ""is_operational"": true, ""last_verified"": ""2023-07-16T22:04:00Z"", ""latitude"": -33.947906375047246, ""longitude"": 150.90105410921717, ""number_of_plugs"": 2.0, ""number_of_plugs_quality"": ""reported_or_derived_from_connection_quantity"", ""number_of_plugs_semantics"": ""OCM NumberOfPoints or positive connection Quantity"", ""operational_status"": ""operational"", ""operator"": ""Evie"", ""plug_types"": ""CCS (Type 2); CHAdeMO"", ""power_kw_max"": 50.0, ""power_kw_min"": 50.0, ""power_kw_values"": [50.0], ""station_address"": ""1 Ingham Dr, Casula, New South Wales, 2170"", ""station_name"": ""Casula Mall"", ""status"": ""Operational"", ""usage_cost"": """"}",1,1,,accepted,coordinate_500m,0.9333057450461221,0.0,9863034303,,"{""access_condition"": ""Free Access"", ""charger_capacities"": null, ""connector_types_normalized"": ""CCS;CHAdeMO"", ""data_provider"": ""OpenStreetMap"", ""latitude"": -33.9488297729278, ""longitude"": 150.90025992479, ""number_of_plugs"": 2, ""number_of_plugs_quality"": ""valid"", ""number_of_plugs_raw"": 2, ""number_of_plugs_semantics"": ""OSM charge_points_count; values above 100 are withheld as suspicious"", ""opening_hours"": """", ""operator"": ""Evie Networks"", ""osm_last_updated"": ""2023-03-30"", ""plug_types"": ""CCS|CHAdeMO"", ""power_kw_max"": null, ""power_kw_min"": null, ""power_kw_values"": [], ""station_name"": """"}",1,1,,accepted,coordinate_500m,0.9333057450461221,0.0,9863034303,,"{""access_condition"": ""Free Access"", ""charger_capacities"": null, ""connector_types_normalized"": ""CCS;CHAdeMO"", ""data_provider"": ""OpenStreetMap"", ""latitude"": -33.9488297729278, ""longitude"": 150.90025992479, ""number_of_plugs"": 2, ""number_of_plugs_quality"": ""valid"", ""number_of_plugs_raw"": 2, ""number_of_plugs_semantics"": ""OSM charge_points_count; values above 100 are withheld as suspicious"", ""opening_hours"": """", ""operator"": ""Evie Networks"", ""osm_last_updated"": ""2023-03-30"", ""plug_types"": ""CCS|CHAdeMO"", ""power_kw_max"": null, ""power_kw_min"": null, ""power_kw_values"": [], ""station_name"": """"}",1,1,,unmatched,unmatched,,,,,{},0,0,,unmatched,unmatched,,,,,{},0,0,,accepted,accepted
27,,"1 Little Walker Street, Casino NSW 2470",NRMA Electric,4,DC,50 kW,-35.442745,149.7913305,Richmond Valley Council,2622,TfNSW Regional,unmatched,unmatched,,,,,{},0,0,,accepted,coordinate_500m,37.93703118299952,0.0,12644131941,,"{""access_condition"": ""Free Access"", ""charger_capacities"": null, ""connector_types_normalized"": ""CCS;CHAdeMO"", ""data_provider"": ""OpenStreetMap"", ""latitude"": -35.4426269078878, ""longitude"": 149.791723390517, ""number_of_plugs"": 2, ""number_of_plugs_quality"": ""valid"", ""number_of_plugs_raw"": 2, ""number_of_plugs_semantics"": ""OSM charge_points_count; values above 100 are withheld as suspicious"", ""opening_hours"": """", ""operator"": ""NRMA"", ""osm_last_updated"": ""2025-10-20"", ""plug_types"": ""CCS|CHAdeMO"", ""power_kw_max"": null, ""power_kw_min"": null, ""power_kw_values"": [], ""station_name"": """"}",1,1,,accepted,coordinate_500m,37.93703118299952,0.0,12644131941,,"{""access_condition"": ""Free Access"", ""charger_capacities"": null, ""connector_types_normalized"": ""CCS;CHAdeMO"", ""data_provider"": ""OpenStreetMap"", ""latitude"": -35.4426269078878, ""longitude"": 149.791723390517, ""number_of_plugs"": 2, ""number_of_plugs_quality"": ""valid"", ""number_of_plugs_raw"": 2, ""number_of_plugs_semantics"": ""OSM charge_points_count; values above 100 are withheld as suspicious"", ""opening_hours"": """", ""operator"": ""NRMA"", ""osm_last_updated"": ""2025-10-20"", ""plug_types"": ""CCS|CHAdeMO"", ""power_kw_max"": null, ""power_kw_min"": null, ""power_kw_values"": [], ""station_name"": """"}",1,1,,unmatched,unmatched,,,,,{},0,0,,unmatched,unmatched,,,,,{},0,0,,accepted,accepted
35,,"1 Park Street, Sydney NSW 2103",JOLT,2,DC,25 kW,-33.67613618,151.3039429,Northern Beaches Council,2103,Existing Fast Chargers,accepted,coordinate_and_fuzzy_address,5.7225965348745085,0.9511111111111111,192929,"1 Park St, Mona Vale, NSW, 2103","{""charger_capacities"": ""25 kW"", ""connector_types_normalized"": ""CHAdeMO;CCS"", ""data_provider"": ""Open Charge Map"", ""general_comments"": """", ""is_operational"": true, ""last_verified"": ""2023-02-11T08:43:00Z"", ""latitude"": -33.67610252225354, ""longitude"": 151.3038961163004, ""number_of_plugs"": 1.0, ""number_of_plugs_quality"": ""reported_or_derived_from_connection_quantity"", ""number_of_plugs_semantics"": ""OCM NumberOfPoints or positive connection Quantity"", ""operational_status"": ""operational"", ""operator"": ""Jolt"", ""plug_types"": ""CHAdeMO; CCS (Type 2)"", ""power_kw_max"": 25.0, ""power_kw_min"": 25.0, ""power_kw_values"": [25.0], ""station_address"": ""1 Park St, Mona Vale, NSW, 2103"", ""station_name"": ""Mona Vale library carpark [JOLT]"", ""status"": ""Operational"", ""usage_cost"": ""First 7kWh free, then $0.46 per kWh thereafter. $5/hr idle time""}",2,2,58.20922237169947,accepted,coordinate_500m,15.388839462195333,0.0,9704706490,,"{""access_condition"": ""Free Access"", ""charger_capacities"": null, ""connector_types_normalized"": ""CHAdeMO"", ""data_provider"": ""OpenStreetMap"", ""latitude"": -33.6760959708877, ""longitude"": 151.303783770483, ""number_of_plugs"": 1, ""number_of_plugs_quality"": ""valid"", ""number_of_plugs_raw"": 1, ""number_of_plugs_semantics"": ""OSM charge_points_count; values above 100 are withheld as suspicious"", ""opening_hours"": ""24/7"", ""operator"": ""Jolt"", ""osm_last_updated"": ""2022-12-20"", ""plug_types"": ""CHAdeMO"", ""power_kw_max"": null, ""power_kw_min"": null, ""power_kw_values"": [], ""station_name"": """"}",2,2,61.687531837741346,accepted,coordinate_500m,15.388839462195333,0.0,9704706490,,"{""access_condition"": ""Free Access"", ""charger_capacities"": null, ""connector_types_normalized"": ""CHAdeMO"", ""data_provider"": ""OpenStreetMap"", ""latitude"": -33.6760959708877, ""longitude"": 151.303783770483, ""number_of_plugs"": 1, ""number_of_plugs_quality"": ""valid"", ""number_of_plugs_raw"": 1, ""number_of_plugs_semantics"": ""OSM charge_points_count; values above 100 are withheld as suspicious"", ""opening_hours"": ""24/7"", ""operator"": ""Jolt"", ""osm_last_updated"": ""2022-12-20"", ""plug_types"": ""CHAdeMO"", ""power_kw_max"": null, ""power_kw_min"": null, ""power_kw_values"": [], ""station_name"": """"}",2,2,61.687531837741346,unmatched,unmatched,,,,,{},0,0,,unmatched,unmatched,,,,,{},0,0,,accepted,accepted
36,,"1 Perry Street, Batemans Bay NSW 2536",Evie Networks,4,DC,75 kW,-35.70737242,150.1761672,Eurobodalla Shire Council,2536,Existing Fast Chargers,accepted,coordinate_500m,138.42854106527693,0.43486842105263157,157566,"2A Beach Road, Batemans Bay, NSW, 2536","{""charger_capacities"": ""50 kW"", ""connector_types_normalized"": ""CCS;CHAdeMO"", ""data_provider"": ""Open Charge Map"", ""general_comments"": """", ""is_operational"": true, ""last_verified"": ""2021-12-19T02:29:00Z"", ""latitude"": -35.70850475831435, ""longitude"": 150.175530096314, ""number_of_plugs"": 1.0, ""number_of_plugs_quality"": ""reported_or_derived_from_connection_quantity"", ""number_of_plugs_semantics"": ""OCM NumberOfPoints or positive connection Quantity"", ""operational_status"": ""operational"", ""operator"": ""NRMA"", ""plug_types"": ""CCS (Type 2); CHAdeMO"", ""power_kw_max"": 50.0, ""power_kw_min"": 50.0, ""power_kw_values"": [50.0], ""station_address"": ""2A Beach Road, Batemans Bay, NSW, 2536"", ""station_name"": ""Batemans Bay Visitor Centre [NRMA]"", ""status"": ""Operational"", ""usage_cost"": """"}",3,3,179.54486260556519,accepted,coordinate_500m,149.62063319241864,0.0,6512442081,,"{""access_condition"": ""Free Access"", ""charger_capacities"": 50.0, ""connector_types_normalized"": ""CCS;CHAdeMO"", ""data_provider"": ""OpenStreetMap"", ""latitude"": -35.7084845318405, ""longitude"": 150.175234352736, ""number_of_plugs"": 1, ""number_of_plugs_quality"": ""valid"", ""number_of_plugs_raw"": 1, ""number_of_plugs_semantics"": ""OSM charge_points_count; values above 100 are withheld as suspicious"", ""opening_hours"": """", ""operator"": ""NRMA"", ""osm_last_updated"": ""2022-12-18"", ""plug_types"": ""CCS|CHAdeMO"", ""power_kw_max"": 50.0, ""power_kw_min"": 50.0, ""power_kw_values"": [50.0], ""station_name"": """"}",3,3,154.53637045999548,accepted,coordinate_500m,149.62063319241864,0.0,6512442081,,"{""access_condition"": ""Free Access"", ""charger_capacities"": 50.0, ""connector_types_normalized"": ""CCS;CHAdeMO"", ""data_provider"": ""OpenStreetMap"", ""latitude"": -35.7084845318405, ""longitude"": 150.175234352736, ""number_of_plugs"": 1, ""number_of_plugs_quality"": ""valid"", ""number_of_plugs_raw"": 1, ""number_of_plugs_semantics"": ""OSM charge_points_count; values above 100 are withheld as suspicious"", ""opening_hours"": """", ""operator"": ""NRMA"", ""osm_last_updated"": ""2022-12-18"", ""plug_types"": ""CCS|CHAdeMO"", ""power_kw_max"": 50.0, ""power_kw_min"": 50.0, ""power_kw_values"": [50.0], ""station_name"": """"}",3,3,154.53637045999548,accepted,coordinate_500m,352.1770243955108,0.40825471698113214,15d06bf5-6b4a-425d-9312-bae4b17cc22b-324,"4-6 Beach Rd, Batemans Bay, NSW 2536","{""charger_capacities"": 22.0, ""connector_types_normalized"": ""Type2"", ""data_provider"": ""Charge@Large"", ""dc_port_count"": 2, ""latitude"": -35.7094784, ""longitude"": 150.1790805, ""number_of_plugs"": 2, ""number_of_plugs_quality"": ""reported_from_dc_port_count"", ""number_of_plugs_semantics"": ""Charge@Large DC-indicated port count"", ""operator"": """", ""plug_types"": ""TYPE2"", ""power_kw_max"": 22.0, ""power_kw_min"": 22.0, ""power_kw_values"": [22.0], ""station_address"": ""4-6 Beach Rd, Batemans Bay, NSW 2536"", ""station_name"": ""Batemans Bay Soldiers Club"", ""status_counts"": ""{\""Available\"": 2}"", ""total_port_count"": 2}",1,1,,unmatched,unmatched,,,,,{},0,0,,accepted,accepted
37,,"1 Plunkett Street, Sydney NSW 2065",Exploren,2,DC,50 kW,-33.8215586,151.1964124,Willoughby City Council,2065,Existing Fast Chargers,accepted,coordinate_500m,274.9827753415912,0.44285714285714284,272632,"88 Christie St, St Leonards, NSW, 2065","{""charger_capacities"": ""50 kW"", ""connector_types_normalized"": ""CCS;CHAdeMO"", ""data_provider"": ""Open Charge Map"", ""general_comments"": """", ""is_operational"": true, ""last_verified"": ""2023-07-15T12:12:00Z"", ""latitude"": -33.823861, ""longitude"": 151.195326, ""number_of_plugs"": 2.0, ""number_of_plugs_quality"": ""reported_or_derived_from_connection_quantity"", ""number_of_plugs_semantics"": ""OCM NumberOfPoints or positive connection Quantity"", ""operational_status"": ""operational"", ""operator"": ""Evie"", ""plug_types"": ""CCS (Type 2); CHAdeMO"", ""power_kw_max"": 50.0, ""power_kw_min"": 50.0, ""power_kw_values"": [50.0], ""station_address"": ""88 Christie St, St Leonards, NSW, 2065"", ""station_name"": ""Civic Plaza 88 Christie"", ""status"": ""Operational"", ""usage_cost"": """"}",1,1,,accepted,coordinate_500m,273.9218738277842,0.0,12896497308,,"{""access_condition"": ""Free Access"", ""charger_capacities"": null, ""connector_types_normalized"": """", ""data_provider"": ""OpenStreetMap"", ""latitude"": -33.8237748788832, ""longitude"": 151.195117844075, ""number_of_plugs"": null, ""number_of_plugs_quality"": ""missing_or_suspicious"", ""number_of_plugs_raw"": null, ""number_of_plugs_semantics"": ""OSM charge_points_count; values above 100 are withheld as suspicious"", ""opening_hours"": """", ""operator"": ""Evie Networks"", ""osm_last_updated"": ""2025-06-08"", ""plug_types"": """", ""power_kw_max"": null, ""power_kw_min"": null, ""power_kw_values"": [], ""station_name"": """"}",3,3,73.2650129958082,accepted,coordinate_500m,443.4775028158563,0.0,13059026685,,"{""access_condition"": ""Free Access"", ""charger_capacities"": null, ""connector_types_normalized"": ""CCS"", ""data_provider"": ""OpenStreetMap"", ""latitude"": -33.8245802121401, ""longitude"": 151.199545835884, ""number_of_plugs"": 4, ""number_of_plugs_quality"": ""valid"", ""number_of_plugs_raw"": 4, ""number_of_plugs_semantics"": ""OSM charge_points_count; values above 100 are withheld as suspicious"", ""opening_hours"": """", ""operator"": ""Evie Networks"", ""osm_last_updated"": ""2025-10-10"", ""plug_types"": ""CCS"", ""power_kw_max"": null, ""power_kw_min"": null, ""power_kw_values"": [], ""station_name"": """"}",1,1,,accepted,coordinate_and_fuzzy_address,0.07626626198482477,0.928,15d06bf5-6b4a-425d-9312-bae4b17cc22b-1993,"1 Plunkett St, New South Wales, St Leonards, NSW 2065","{""charger_capacities"": 50.0, ""connector_types_normalized"": ""CCS"", ""data_provider"": ""Charge@Large"", ""dc_port_count"": 2, ""latitude"": -33.821558, ""longitude"": 151.196412, ""number_of_plugs"": 2, ""number_of_plugs_quality"": ""reported_from_dc_port_count"", ""number_of_plugs_semantics"": ""Charge@Large DC-indicated port count"", ""operator"": """", ""plug_types"": ""CCS2"", ""power_kw_max"": 50.0, ""power_kw_min"": 50.0, ""power_kw_values"": [50.0], ""station_address"": ""1 Plunkett St, New South Wales, St Leonards, NSW 2065"", ""station_name"": ""Willoughby City Council - Plunkett St"", ""status_counts"": ""{\""Available\"": 2}"", ""total_port_count"": 2}",7,7,128.41759859081924,accepted,coordinate_and_fuzzy_address,0.07626626198482477,0.928,15d06bf5-6b4a-425d-9312-bae4b17cc22b-1993,"1 Plunkett St, New South Wales, St Leonards, NSW 2065","{""charger_capacities"": 50.0, ""connector_types_normalized"": ""CCS"", ""data_provider"": ""Charge@Large"", ""dc_port_count"": 2, ""latitude"": -33.821558, ""longitude"": 151.196412, ""number_of_plugs"": 2, ""number_of_plugs_quality"": ""reported_from_dc_port_count"", ""number_of_plugs_semantics"": ""Charge@Large DC-indicated port count"", ""operator"": """", ""plug_types"": ""CCS2"", ""power_kw_max"": 50.0, ""power_kw_min"": 50.0, ""power_kw_values"": [50.0], ""station_address"": ""1 Plunkett St, New South Wales, St Leonards, NSW 2065"", ""station_name"": ""Willoughby City Council - Plunkett St"", ""status_counts"": ""{\""Available\"": 2}"", ""total_port_count"": 2}",2,2,371.84396877660726,accepted,accepted
47,,"1 Wharf Street, Tweed Heads NSW 2485",Tesla,6,DC,250 kW,-28.17378983,153.5445165,Tweed Shire Council,2485,Existing Fast Chargers,unmatched,unmatched,,,,,{},0,0,,accepted,coordinate_500m,14.390811621439866,0.0,11425324344,,"{""access_condition"": ""Free Access"", ""charger_capacities"": null, ""connector_types_normalized"": """", ""data_provider"": ""OpenStreetMap"", ""latitude"": -28.1737957164533, ""longitude"": 153.544369837629, ""number_of_plugs"": null, ""number_of_plugs_quality"": ""missing_or_suspicious"", ""number_of_plugs_raw"": null, ""number_of_plugs_semantics"": ""OSM charge_points_count; values above 100 are withheld as suspicious"", ""opening_hours"": """", ""operator"": ""Tesla"", ""osm_last_updated"": ""2025-04-23"", ""plug_types"": """", ""power_kw_max"": null, ""power_kw_min"": null, ""power_kw_values"": [], ""station_name"": ""Tesla Supercharger""}",1,1,,unmatched,unmatched,,,,,{},0,0,,accepted,coordinate_and_fuzzy_address,496.25104862376406,0.8725490196078433,15d06bf5-6b4a-425d-9312-bae4b17cc22b-119,"123 Wharf St, Tweed Heads, NSW 2485","{""charger_capacities"": 22.0, ""connector_types_normalized"": ""Type2"", ""data_provider"": ""Charge@Large"", ""dc_port_count"": 2, ""latitude"": -28.1767544, ""longitude"": 153.5407321, ""number_of_plugs"": 2, ""number_of_plugs_quality"": ""reported_from_dc_port_count"", ""number_of_plugs_semantics"": ""Charge@Large DC-indicated port count"", ""operator"": """", ""plug_types"": ""TYPE2"", ""power_kw_max"": 22.0, ""power_kw_min"": 22.0, ""power_kw_values"": [22.0], ""station_address"": ""123 Wharf St, Tweed Heads, NSW 2485"", ""station_name"": ""Tweed Heads Vegas Motel"", ""status_counts"": ""{\""Available\"": 2}"", ""total_port_count"": 2}",2,2,211.82148473111545,unmatched,unmatched,,,,,{},0,0,,accepted,unmatched
49,,"1/9 Railway Parade, Kogarah NSW 2217",Evie Networks,4,DC,150 kW,-33.9624686,151.1324696,Georges River Council,2217,ARENA - Driving the Nation,unmatched,unmatched,,,,,{},0,0,,unmatched,unmatched,,,,,{},0,0,,unmatched,unmatched,,,,,{},0,0,,unmatched,unmatched,,,,,{},0,0,,unmatched,unmatched,,,,,{},0,0,,unmatched,unmatched
50,,"10 Brookfield Road, Minto NSW 2566",Evie Networks,4,DC,75 kW,-34.03094307,150.8490285,Campbelltown City Council,2566,ARENA - Driving the Nation,unmatched,unmatched,,,,,{},0,0,,accepted,coordinate_500m,5.603513344119049,0.0,12015862929,,"{""access_condition"": ""Free Access"", ""charger_capacities"": null, ""connector_types_normalized"": ""CCS;CHAdeMO"", ""data_provider"": ""OpenStreetMap"", ""latitude"": -34.0309090568403, ""longitude"": 150.848983632126, ""number_of_plugs"": null, ""number_of_plugs_quality"": ""missing_or_suspicious"", ""number_of_plugs_raw"": null, ""number_of_plugs_semantics"": ""OSM charge_points_count; values above 100 are withheld as suspicious"", ""opening_hours"": """", ""operator"": ""Evie Networks"", ""osm_last_updated"": ""2024-06-27"", ""plug_types"": ""CCS|CHAdeMO"", ""power_kw_max"": null, ""power_kw_min"": null, ""power_kw_values"": [], ""station_name"": """"}",1,1,,accepted,coordinate_500m,5.603513344119049,0.0,12015862929,,"{""access_condition"": ""Free Access"", ""charger_capacities"": null, ""connector_types_normalized"": ""CCS;CHAdeMO"", ""data_provider"": ""OpenStreetMap"", ""latitude"": -34.0309090568403, ""longitude"": 150.848983632126, ""number_of_plugs"": null, ""number_of_plugs_quality"": ""missing_or_suspicious"", ""number_of_plugs_raw"": null, ""number_of_plugs_semantics"": ""OSM charge_points_count; values above 100 are withheld as suspicious"", ""opening_hours"": """", ""operator"": ""Evie Networks"", ""osm_last_updated"": ""2024-06-27"", ""plug_types"": ""CCS|CHAdeMO"", ""power_kw_max"": null, ""power_kw_min"": null, ""power_kw_values"": [], ""station_name"": """"}",1,1,,unmatched,unmatched,,,,,{},0,0,,unmatched,unmatched,,,,,{},0,0,,accepted,accepted
53,,"10 Elizabeth Street, Bathurst NSW 2795",Evie Networks,4,DC,150 kW,-33.41417222,149.5833564,Bathurst Regional Council,2795,Existing Fast Chargers,unmatched,unmatched,,,,,{},0,0,,accepted,coordinate_500m,6.032640566244588,0.0,12481649796,,"{""access_condition"": ""Free Access"", ""charger_capacities"": null, ""connector_types_normalized"": ""CCS;CHAdeMO"", ""data_provider"": ""OpenStreetMap"", ""latitude"": -33.4141679507809, ""longitude"": 149.583421194353, ""number_of_plugs"": 4, ""number_of_plugs_quality"": ""valid"", ""number_of_plugs_raw"": 4, ""number_of_plugs_semantics"": ""OSM charge_points_count; values above 100 are withheld as suspicious"", ""opening_hours"": """", ""operator"": ""Evie Networks"", ""osm_last_updated"": ""2025-05-25"", ""plug_types"": ""CCS|CHAdeMO"", ""power_kw_max"": null, ""power_kw_min"": null, ""power_kw_values"": [], ""station_name"": """"}",3,3,192.48528001239757,accepted,coordinate_500m,6.032640566244588,0.0,12481649796,,"{""access_condition"": ""Free Access"", ""charger_capacities"": null, ""connector_types_normalized"": ""CCS;CHAdeMO"", ""data_provider"": ""OpenStreetMap"", ""latitude"": -33.4141679507809, ""longitude"": 149.583421194353, ""number_of_plugs"": 4, ""number_of_plugs_quality"": ""valid"", ""number_of_plugs_raw"": 4, ""number_of_plugs_semantics"": ""OSM charge_points_count; values above 100 are withheld as suspicious"", ""opening_hours"": """", ""operator"": ""Evie Networks"", ""osm_last_updated"": ""2025-05-25"", ""plug_types"": ""CCS|CHAdeMO"", ""power_kw_max"": null, ""power_kw_min"": null, ""power_kw_values"": [], ""station_name"": """"}",2,2,192.48528001239757,unmatched,unmatched,,,,,{},0,0,,unmatched,unmatched,,,,,{},0,0,,accepted,accepted
59,,"10 Winery Drive, Port Macquarie NSW 2444",Tesla,12,DC,130 kW,-31.43610015,152.8235826,Port Macquarie-Hastings Council,2444,Existing Fast Chargers,accepted,coordinate_500m,0.05931765667445182,0.3973134328358209,79311,"764 Pacific Highway, Port Macquarie, NSW, 2444","{""charger_capacities"": ""120 kW"", ""connector_types_normalized"": ""CCS"", ""data_provider"": ""Open Charge Map"", ""general_comments"": """", ""is_operational"": true, ""last_verified"": ""2021-12-19T01:54:00Z"", ""latitude"": -31.4361, ""longitude"": 152.823582, ""number_of_plugs"": 6.0, ""number_of_plugs_quality"": ""reported_or_derived_from_connection_quantity"", ""number_of_plugs_semantics"": ""OCM NumberOfPoints or positive connection Quantity"", ""operational_status"": ""operational"", ""operator"": ""Tesla (Tesla-only charging)"", ""plug_types"": ""CCS (Type 2)"", ""power_kw_max"": 120.0, ""power_kw_min"": 120.0, ""power_kw_values"": [120.0], ""station_address"": ""764 Pacific Highway, Port Macquarie, NSW, 2444"", ""station_name"": ""Port Macquarie Supercharger [Tesla]"", ""status"": ""Operational"", ""usage_cost"": ""AUD 0.52/kWh""}",1,1,,accepted,coordinate_500m,9.835200171215044,0.0,6460587589,,"{""access_condition"": ""Free Access"", ""charger_capacities"": null, ""connector_types_normalized"": ""CCS"", ""data_provider"": ""OpenStreetMap"", ""latitude"": -31.4361396361267, ""longitude"": 152.823675362584, ""number_of_plugs"": 6, ""number_of_plugs_quality"": ""valid"", ""number_of_plugs_raw"": 6, ""number_of_plugs_semantics"": ""OSM charge_points_count; values above 100 are withheld as suspicious"", ""opening_hours"": ""24/7"", ""operator"": ""Tesla"", ""osm_last_updated"": ""2026-03-29"", ""plug_types"": ""CCS"", ""power_kw_max"": null, ""power_kw_min"": null, ""power_kw_values"": [], ""station_name"": ""Tesla Supercharger""}",1,1,,accepted,coordinate_500m,9.835200171215044,0.0,6460587589,,"{""access_condition"": ""Free Access"", ""charger_capacities"": null, ""connector_types_normalized"": ""CCS"", ""data_provider"": ""OpenStreetMap"", ""latitude"": -31.4361396361267, ""longitude"": 152.823675362584, ""number_of_plugs"": 6, ""number_of_plugs_quality"": ""valid"", ""number_of_plugs_raw"": 6, ""number_of_plugs_semantics"": ""OSM charge_points_count; values above 100 are withheld as suspicious"", ""opening_hours"": ""24/7"", ""operator"": ""Tesla"", ""osm_last_updated"": ""2026-03-29"", ""plug_types"": ""CCS"", ""power_kw_max"": null, ""power_kw_min"": null, ""power_kw_values"": [], ""station_name"": ""Tesla Supercharger""}",1,1,,unmatched,unmatched,,,,,{},0,0,,unmatched,unmatched,,,,,{},0,0,,accepted,accepted
66,,"105 Station Road, Sydney NSW 2147",Ampol,2,DC,150 kW,-33.77436041,150.9448809,Blacktown City Council,2147,Existing Fast Chargers,unmatched,unmatched,,,,,{},0,0,,accepted,coordinate_500m,4.943991220314163,0.0,13036266779,,"{""access_condition"": ""Free Access"", ""charger_capacities"": null, ""connector_types_normalized"": ""CCS;CHAdeMO"", ""data_provider"": ""OpenStreetMap"", ""latitude"": -33.7743896273942, ""longitude"": 150.944921219469, ""number_of_plugs"": null, ""number_of_plugs_quality"": ""missing_or_suspicious"", ""number_of_plugs_raw"": null, ""number_of_plugs_semantics"": ""OSM charge_points_count; values above 100 are withheld as suspicious"", ""opening_hours"": """", ""operator"": ""AmpCharge"", ""osm_last_updated"": ""2025-07-29"", ""plug_types"": ""CCS|CHAdeMO"", ""power_kw_max"": null, ""power_kw_min"": null, ""power_kw_values"": [], ""station_name"": """"}",1,1,,accepted,coordinate_500m,4.943991220314163,0.0,13036266779,,"{""access_condition"": ""Free Access"", ""charger_capacities"": null, ""connector_types_normalized"": ""CCS;CHAdeMO"", ""data_provider"": ""OpenStreetMap"", ""latitude"": -33.7743896273942, ""longitude"": 150.944921219469, ""number_of_plugs"": null, ""number_of_plugs_quality"": ""missing_or_suspicious"", ""number_of_plugs_raw"": null, ""number_of_plugs_semantics"": ""OSM charge_points_count; values above 100 are withheld as suspicious"", ""opening_hours"": """", ""operator"": ""AmpCharge"", ""osm_last_updated"": ""2025-07-29"", ""plug_types"": ""CCS|CHAdeMO"", ""power_kw_max"": null, ""power_kw_min"": null, ""power_kw_values"": [], ""station_name"": """"}",1,1,,unmatched,unmatched,,,,,{},0,0,,unmatched,unmatched,,,,,{},0,0,,accepted,accepted
67,,"106 Parraween Street, Sydney NSW 2090",Evie Networks,4,DC,75 kW,-33.8273504,151.2303373,North Sydney Council,2090,Existing Fast Chargers,unmatched,unmatched,,,,,{},0,0,,accepted,coordinate_500m,4.7810970061745595,0.0,13012980190,,"{""access_condition"": ""Free Access"", ""charger_capacities"": null, ""connector_types_normalized"": """", ""data_provider"": ""OpenStreetMap"", ""latitude"": -33.8273705477066, ""longitude"": 151.230383025297, ""number_of_plugs"": null, ""number_of_plugs_quality"": ""missing_or_suspicious"", ""number_of_plugs_raw"": null, ""number_of_plugs_semantics"": ""OSM charge_points_count; values above 100 are withheld as suspicious"", ""opening_hours"": """", ""operator"": ""Evie Networks"", ""osm_last_updated"": ""2026-04-17"", ""plug_types"": """", ""power_kw_max"": null, ""power_kw_min"": null, ""power_kw_values"": [], ""station_name"": """"}",2,2,1.8728547187680586,unmatched,unmatched,,,,,{},0,0,,unmatched,unmatched,,,,,{},0,0,,unmatched,unmatched,,,,,{},0,0,,accepted,unmatched
68,,"1067 Oxley Highway, Thrumster NSW 2444",Chargefox,4,DC,180 kW,-31.46394199,152.8219499,Port Macquarie-Hastings Council,2444,Existing Fast Chargers,accepted,coordinate_and_fuzzy_address,29.91268634829337,0.8931034482758622,172921,"1063 Oxley Highway, Thrumster, NSW, 2444","{""charger_capacities"": ""350 kW; 100 kW"", ""connector_types_normalized"": ""CCS;CHAdeMO"", ""data_provider"": ""Open Charge Map"", ""general_comments"": """", ""is_operational"": true, ""last_verified"": ""2026-09-01T11:39:00Z"", ""latitude"": -31.463751231214047, ""longitude"": 152.82172752510883, ""number_of_plugs"": 2.0, ""number_of_plugs_quality"": ""reported_or_derived_from_connection_quantity"", ""number_of_plugs_semantics"": ""OCM NumberOfPoints or positive connection Quantity"", ""operational_status"": ""operational"", ""operator"": ""Chargefox"", ""plug_types"": ""CCS (Type 2); CHAdeMO"", ""power_kw_max"": 350.0, ""power_kw_min"": 100.0, ""power_kw_values"": [100.0, 350.0], ""station_address"": ""1063 Oxley Highway, Thrumster, NSW, 2444"", ""station_name"": ""Port Macquarie Service Centre [Chargefox]"", ""status"": ""Operational"", ""usage_cost"": ""$0.60/kWh, 20% discount for NRMA members""}",1,1,,accepted,coordinate_500m,26.234477594779104,0.0,8390250930,,"{""access_condition"": ""Free Access"", ""charger_capacities"": null, ""connector_types_normalized"": ""CCS;CHAdeMO"", ""data_provider"": ""OpenStreetMap"", ""latitude"": -31.4637923728864, ""longitude"": 152.822163770165, ""number_of_plugs"": 4, ""number_of_plugs_quality"": ""valid"", ""number_of_plugs_raw"": 4, ""number_of_plugs_semantics"": ""OSM charge_points_count; values above 100 are withheld as suspicious"", ""opening_hours"": """", ""operator"": ""NRMA"", ""osm_last_updated"": ""2026-06-11"", ""plug_types"": ""CCS|CHAdeMO"", ""power_kw_max"": null, ""power_kw_min"": null, ""power_kw_values"": [], ""station_name"": """"}",1,1,,accepted,coordinate_500m,26.234477594779104,0.0,8390250930,,"{""access_condition"": ""Free Access"", ""charger_capacities"": null, ""connector_types_normalized"": ""CCS;CHAdeMO"", ""data_provider"": ""OpenStreetMap"", ""latitude"": -31.4637923728864, ""longitude"": 152.822163770165, ""number_of_plugs"": 4, ""number_of_plugs_quality"": ""valid"", ""number_of_plugs_raw"": 4, ""number_of_plugs_semantics"": ""OSM charge_points_count; values above 100 are withheld as suspicious"", ""opening_hours"": """", ""operator"": ""NRMA"", ""osm_last_updated"": ""2026-06-11"", ""plug_types"": ""CCS|CHAdeMO"", ""power_kw_max"": null, ""power_kw_min"": null, ""power_kw_values"": [], ""station_name"": """"}",1,1,,unmatched,unmatched,,,,,{},0,0,,unmatched,unmatched,,,,,{},0,0,,accepted,accepted
69,,"1068 Pittwater Road, Sydney NSW 2097",JOLT,2,DC,25 kW,-33.73111016,151.301011,Northern Beaches Council,2097,Existing Fast Chargers,unmatched,unmatched,,,,,{},0,0,,accepted,coordinate_500m,4.909650796181755,0.0,13139953507,,"{""access_condition"": ""Free Access"", ""charger_capacities"": null, ""connector_types_normalized"": """", ""data_provider"": ""OpenStreetMap"", ""latitude"": -33.7310933256466, ""longitude"": 151.30096191896, ""number_of_plugs"": null, ""number_of_plugs_quality"": ""missing_or_suspicious"", ""number_of_plugs_raw"": null, ""number_of_plugs_semantics"": ""OSM charge_points_count; values above 100 are withheld as suspicious"", ""opening_hours"": """", ""operator"": """", ""osm_last_updated"": ""2025-09-12"", ""plug_types"": """", ""power_kw_max"": null, ""power_kw_min"": null, ""power_kw_values"": [], ""station_name"": """"}",1,1,,unmatched,unmatched,,,,,{},0,0,,unmatched,unmatched,,,,,{},0,0,,unmatched,unmatched,,,,,{},0,0,,accepted,unmatched
72,,"109 Beecroft Road, Sydney NSW 2119",JOLT,2,DC,25 kW,-33.75051656,151.0650831,"Hornsby, The Council of the Shire of",2119,Existing Fast Chargers,unmatched,unmatched,,,,,{},0,0,,accepted,coordinate_500m,1.8995533008069732,0.0,10971491088,,"{""access_condition"": ""Free Access"", ""charger_capacities"": null, ""connector_types_normalized"": """", ""data_provider"": ""OpenStreetMap"", ""latitude"": -33.7505332222198, ""longitude"": 151.06507856749, ""number_of_plugs"": 1, ""number_of_plugs_quality"": ""valid"", ""number_of_plugs_raw"": 1, ""number_of_plugs_semantics"": ""OSM charge_points_count; values above 100 are withheld as suspicious"", ""opening_hours"": """", ""operator"": ""Jolt"", ""osm_last_updated"": ""2023-06-12"", ""plug_types"": """", ""power_kw_max"": null, ""power_kw_min"": null, ""power_kw_values"": [], ""station_name"": """"}",1,1,,unmatched,unmatched,,,,,{},0,0,,unmatched,unmatched,,,,,{},0,0,,unmatched,unmatched,,,,,{},0,0,,accepted,unmatched
76,,"10W Apsley Street, Walcha NSW 2354",NRMA Electric,4,DC,50 kW,-29.960127,146.8578887,Walcha Council,2839,TfNSW Regional,accepted,fuzzy_address_only,467745.5242272914,0.85,480135,"10W Apsley Street, Walcha, NSW, 2354","{""charger_capacities"": """", ""connector_types_normalized"": ""CCS;CHAdeMO"", ""data_provider"": ""Open Charge Map"", ""general_comments"": """", ""is_operational"": true, ""last_verified"": ""2026-03-15T08:37:00Z"", ""latitude"": -30.983013170871303, ""longitude"": 151.59251668897264, ""number_of_plugs"": 2.0, ""number_of_plugs_quality"": ""reported_or_derived_from_connection_quantity"", ""number_of_plugs_semantics"": ""OCM NumberOfPoints or positive connection Quantity"", ""operational_status"": ""operational"", ""operator"": ""NRMA"", ""plug_types"": ""CCS (Type 2); CHAdeMO"", ""power_kw_max"": null, ""power_kw_min"": null, ""power_kw_values"": [], ""station_address"": ""10W Apsley Street, Walcha, NSW, 2354"", ""station_name"": ""NRMA EV Charger Walcha"", ""status"": ""Operational"", ""usage_cost"": """"}",1,0,,accepted,coordinate_500m,73.30717875298141,0.0,9771012967,,"{""access_condition"": ""Free Access"", ""charger_capacities"": null, ""connector_types_normalized"": """", ""data_provider"": ""OpenStreetMap"", ""latitude"": -29.9607798383013, ""longitude"": 146.857782688639, ""number_of_plugs"": 2, ""number_of_plugs_quality"": ""valid"", ""number_of_plugs_raw"": 2, ""number_of_plugs_semantics"": ""OSM charge_points_count; values above 100 are withheld as suspicious"", ""opening_hours"": """", ""operator"": ""NRMA"", ""osm_last_updated"": ""2022-12-18"", ""plug_types"": """", ""power_kw_max"": null, ""power_kw_min"": null, ""power_kw_values"": [], ""station_name"": """"}",1,1,,unmatched,unmatched,,,,,{},0,0,,unmatched,unmatched,,,,,{},0,0,,unmatched,unmatched,,,,,{},0,0,,accepted,accepted
79,,"11 Ewingsdale Road, Ewingsdale NSW 2481",NRMA Electric,4,DC,75 kW,-28.63612817,153.5534605,Byron Shire Council,2481,Existing Fast Chargers,accepted,coordinate_500m,48.03506884477345,0.7214285714285715,190394,"Ewingsdale Road, Ewingsdale, New South Wales","{""charger_capacities"": ""50 kW"", ""connector_types_normalized"": ""CCS;CHAdeMO"", ""data_provider"": ""Open Charge Map"", ""general_comments"": """", ""is_operational"": true, ""last_verified"": ""2025-10-06T09:29:00Z"", ""latitude"": -28.63571944020704, ""longitude"": 153.55330117184485, ""number_of_plugs"": 1.0, ""number_of_plugs_quality"": ""reported_or_derived_from_connection_quantity"", ""number_of_plugs_semantics"": ""OCM NumberOfPoints or positive connection Quantity"", ""operational_status"": ""operational"", ""operator"": ""NRMA"", ""plug_types"": ""CCS (Type 2); CHAdeMO"", ""power_kw_max"": 50.0, ""power_kw_min"": 50.0, ""power_kw_values"": [50.0], ""station_address"": ""Ewingsdale Road, Ewingsdale, New South Wales"", ""station_name"": ""The Farm Byron Bay [NRMA]"", ""status"": ""Operational"", ""usage_cost"": """"}",1,1,,accepted,coordinate_500m,21.336579513113488,0.0,6695968988,,"{""access_condition"": ""Free Access"", ""charger_capacities"": null, ""connector_types_normalized"": ""CCS;CHAdeMO"", ""data_provider"": ""OpenStreetMap"", ""latitude"": -28.6363130730623, ""longitude"": 153.5535189364, ""number_of_plugs"": 2, ""number_of_plugs_quality"": ""valid"", ""number_of_plugs_raw"": 2, ""number_of_plugs_semantics"": ""OSM charge_points_count; values above 100 are withheld as suspicious"", ""opening_hours"": """", ""operator"": ""NRMA"", ""osm_last_updated"": ""2022-12-15"", ""plug_types"": ""CCS|CHAdeMO"", ""power_kw_max"": null, ""power_kw_min"": null, ""power_kw_values"": [], ""station_name"": """"}",1,1,,accepted,coordinate_500m,21.336579513113488,0.0,6695968988,,"{""access_condition"": ""Free Access"", ""charger_capacities"": null, ""connector_types_normalized"": ""CCS;CHAdeMO"", ""data_provider"": ""OpenStreetMap"", ""latitude"": -28.6363130730623, ""longitude"": 153.5535189364, ""number_of_plugs"": 2, ""number_of_plugs_quality"": ""valid"", ""number_of_plugs_raw"": 2, ""number_of_plugs_semantics"": ""OSM charge_points_count; values above 100 are withheld as suspicious"", ""opening_hours"": """", ""operator"": ""NRMA"", ""osm_last_updated"": ""2022-12-15"", ""plug_types"": ""CCS|CHAdeMO"", ""power_kw_max"": null, ""power_kw_min"": null, ""power_kw_values"": [], ""station_name"": """"}",1,1,,unmatched,unmatched,,,,,{},0,0,,unmatched,unmatched,,,,,{},0,0,,accepted,accepted
83,,"11 Scott Street, Sydney NSW 2170",JOLT,2,DC,25 kW,-33.92522427,150.9265836,Liverpool City Council,2170,Existing Fast Chargers,unmatched,unmatched,,,,,{},0,0,,unmatched,unmatched,,,,,{},0,0,,unmatched,unmatched,,,,,{},0,0,,unmatched,unmatched,,,,,{},0,0,,unmatched,unmatched,,,,,{},0,0,,unmatched,unmatched
86,,"110 Anzac Parade, Sydney NSW 2033",JOLT,2,DC,25 kW,-33.90717322,151.2239409,Randwick City Council,2033,Existing Fast Chargers,accepted,coordinate_and_fuzzy_address,17.96250223741031,0.9555555555555556,190875,"110 Anzac Pde, Kensington, New South Wales, 2033","{""charger_capacities"": ""25 kW"", ""connector_types_normalized"": ""CCS;CHAdeMO"", ""data_provider"": ""Open Charge Map"", ""general_comments"": """", ""is_operational"": true, ""last_verified"": ""2023-07-13T10:53:00Z"", ""latitude"": -33.907070570863254, ""longitude"": 151.22409119211284, ""number_of_plugs"": 1.0, ""number_of_plugs_quality"": ""reported_or_derived_from_connection_quantity"", ""number_of_plugs_semantics"": ""OCM NumberOfPoints or positive connection Quantity"", ""operational_status"": ""operational"", ""operator"": ""Jolt"", ""plug_types"": ""CCS (Type 2); CHAdeMO"", ""power_kw_max"": 25.0, ""power_kw_min"": 25.0, ""power_kw_values"": [25.0], ""station_address"": ""110 Anzac Pde, Kensington, New South Wales, 2033"", ""station_name"": ""Kensington [Jolt]"", ""status"": ""Operational"", ""usage_cost"": ""$0.00/kWh up to 7 kWh then $0.40/kWh""}",1,1,,accepted,coordinate_500m,16.30936859457673,0.0,9290676155,,"{""access_condition"": ""Free Access"", ""charger_capacities"": null, ""connector_types_normalized"": """", ""data_provider"": ""OpenStreetMap"", ""latitude"": -33.9071444729702, ""longitude"": 151.224114199914, ""number_of_plugs"": 1, ""number_of_plugs_quality"": ""valid"", ""number_of_plugs_raw"": 1, ""number_of_plugs_semantics"": ""OSM charge_points_count; values above 100 are withheld as suspicious"", ""opening_hours"": """", ""operator"": ""Jolt"", ""osm_last_updated"": ""2022-12-15"", ""plug_types"": """", ""power_kw_max"": null, ""power_kw_min"": null, ""power_kw_values"": [], ""station_name"": """"}",1,1,,unmatched,unmatched,,,,,{},0,0,,accepted,coordinate_500m,119.99739872624205,0.41508538899430747,ac6d79e9-3d3d-4a6b-a3b2-99a06fe51e25-57,"7 Ascot St, Kensington NSW 2033, Australia, Kensington, NSW 2033","{""charger_capacities"": 22.0, ""connector_types_normalized"": ""Type2"", ""data_provider"": ""Charge@Large"", ""dc_port_count"": 2, ""latitude"": -33.90801, ""longitude"": 151.224762, ""number_of_plugs"": 2, ""number_of_plugs_quality"": ""reported_from_dc_port_count"", ""number_of_plugs_semantics"": ""Charge@Large DC-indicated port count"", ""operator"": """", ""plug_types"": ""TYPE2"", ""power_kw_max"": 22.0, ""power_kw_min"": 22.0, ""power_kw_values"": [22.0], ""station_address"": ""7 Ascot St, Kensington NSW 2033, Australia, Kensington, NSW 2033"", ""station_name"": ""Kokoda Park-Kensington"", ""status_counts"": ""{\""Available\"": 2}"", ""total_port_count"": 2}",6,6,12.183731531920202,unmatched,unmatched,,,,,{},0,0,,accepted,accepted
87,,"1106 Barrenjoey Road, Sydney NSW 2108",JOLT,2,DC,25 kW,-33.59707712,151.320022,Northern Beaches Council,2108,Existing Fast Chargers,accepted,coordinate_500m,23.475096297856304,0.8355932203389831,295979,"Barrenjoey Road, Palm Beach, New South Wales, 2108","{""charger_capacities"": ""25 kW"", ""connector_types_normalized"": ""CHAdeMO;CCS"", ""data_provider"": ""Open Charge Map"", ""general_comments"": """", ""is_operational"": true, ""last_verified"": ""2024-03-03T23:09:00Z"", ""latitude"": -33.597285174014345, ""longitude"": 151.31997898476163, ""number_of_plugs"": 1.0, ""number_of_plugs_quality"": ""reported_or_derived_from_connection_quantity"", ""number_of_plugs_semantics"": ""OCM NumberOfPoints or positive connection Quantity"", ""operational_status"": ""operational"", ""operator"": ""Jolt"", ""plug_types"": ""CHAdeMO; CCS (Type 2)"", ""power_kw_max"": 25.0, ""power_kw_min"": 25.0, ""power_kw_values"": [25.0], ""station_address"": ""Barrenjoey Road, Palm Beach, New South Wales, 2108"", ""station_name"": ""Barrenjoey Road"", ""status"": ""Operational"", ""usage_cost"": ""First 7kWh free, then $0.49 per kWh thereafter. $5/hr idle time""}",1,1,,accepted,coordinate_500m,3.1625644288541985,0.0,11679262104,,"{""access_condition"": ""Free Access"", ""charger_capacities"": null, ""connector_types_normalized"": """", ""data_provider"": ""OpenStreetMap"", ""latitude"": -33.5970633411408, ""longitude"": 151.320051871076, ""number_of_plugs"": 1, ""number_of_plugs_quality"": ""valid"", ""number_of_plugs_raw"": 1, ""number_of_plugs_semantics"": ""OSM charge_points_count; values above 100 are withheld as suspicious"", ""opening_hours"": """", ""operator"": ""Jolt"", ""osm_last_updated"": ""2024-03-01"", ""plug_types"": """", ""power_kw_max"": null, ""power_kw_min"": null, ""power_kw_values"": [], ""station_name"": """"}",1,1,,unmatched,unmatched,,,,,{},0,0,,unmatched,unmatched,,,,,{},0,0,,unmatched,unmatched,,,,,{},0,0,,accepted,accepted
91,,"11-37 Alexandria Parade, Sydney NSW 2077",JOLT,2,DC,25 kW,-33.70973178,151.1045866,"Hornsby, The Council of the Shire of",2077,Existing Fast Chargers,unmatched,unmatched,,,,,{},0,0,,unmatched,unmatched,,,,,{},0,0,,unmatched,unmatched,,,,,{},0,0,,unmatched,unmatched,,,,,{},0,0,,unmatched,unmatched,,,,,{},0,0,,unmatched,unmatched
94,,"116 Liverpool Street, Scone NSW 2337",NRMA Electric,2,DC,50 kW,-31.9598511,141.4601038,Upper Hunter Shire Council,2880,TfNSW Regional,accepted,coordinate_500m,47.316385278679924,0.4842105263157894,190677,"51 Bromide St, Broken Hill, New South Wales, 2880","{""charger_capacities"": ""50 kW"", ""connector_types_normalized"": ""CCS;CHAdeMO"", ""data_provider"": ""Open Charge Map"", ""general_comments"": """", ""is_operational"": true, ""last_verified"": ""2021-12-17T03:14:00Z"", ""latitude"": -31.959754641960238, ""longitude"": 141.45961530379066, ""number_of_plugs"": 1.0, ""number_of_plugs_quality"": ""reported_or_derived_from_connection_quantity"", ""number_of_plugs_semantics"": ""OCM NumberOfPoints or positive connection Quantity"", ""operational_status"": ""operational"", ""operator"": ""NRMA"", ""plug_types"": ""CCS (Type 2); CHAdeMO"", ""power_kw_max"": 50.0, ""power_kw_min"": 50.0, ""power_kw_values"": [50.0], ""station_address"": ""51 Bromide St, Broken Hill, New South Wales, 2880"", ""station_name"": ""Broken Hill [NRMA]"", ""status"": ""Operational"", ""usage_cost"": """"}",2,1,,accepted,coordinate_500m,58.93521758541744,0.0,9344898113,,"{""access_condition"": ""Free Access"", ""charger_capacities"": null, ""connector_types_normalized"": """", ""data_provider"": ""OpenStreetMap"", ""latitude"": -31.9596719672399, ""longitude"": 141.459515850366, ""number_of_plugs"": null, ""number_of_plugs_quality"": ""missing_or_suspicious"", ""number_of_plugs_raw"": null, ""number_of_plugs_semantics"": ""OSM charge_points_count; values above 100 are withheld as suspicious"", ""opening_hours"": """", ""operator"": ""NRMA"", ""osm_last_updated"": ""2021-12-16"", ""plug_types"": """", ""power_kw_max"": null, ""power_kw_min"": null, ""power_kw_values"": [], ""station_name"": """"}",1,1,,unmatched,unmatched,,,,,{},0,0,,accepted,coordinate_500m,301.49935715974755,0.4830188679245283,179ada28-f0c6-4431-a1fc-bbb2e5ec26d6-AUCHB28800001,"170 Crystal Street, Broken Hill, NSW 2880","{""charger_capacities"": 22.0, ""connector_types_normalized"": ""Type2"", ""data_provider"": ""Charge@Large"", ""dc_port_count"": 4, ""latitude"": -31.9609178, ""longitude"": 141.463042, ""number_of_plugs"": 4, ""number_of_plugs_quality"": ""reported_from_dc_port_count"", ""number_of_plugs_semantics"": ""Charge@Large DC-indicated port count"", ""operator"": """", ""plug_types"": ""TYPE2"", ""power_kw_max"": 22.0, ""power_kw_min"": 22.0, ""power_kw_values"": [22.0], ""station_address"": ""170 Crystal Street, Broken Hill, NSW 2880"", ""station_name"": ""Thrive Medical Broken Hill"", ""status_counts"": ""{\""Available\"": 3, \""Charging\"": 1}"", ""total_port_count"": 4}",1,1,,unmatched,unmatched,,,,,{},0,0,,accepted,accepted
98,,"1183-1187 The Horsley Drive, Sydney NSW 2164",Chargefox,2,DC,150 kW,-33.84986891,150.8978248,Fairfield City Council,2164,Existing Fast Chargers,accepted,coordinate_and_fuzzy_address,79.77280383386758,0.9550000000000001,272624,"1183-1187 The Horsley Drive, Wetherill Park, New South Wales, 2164","{""charger_capacities"": ""120 kW"", ""connector_types_normalized"": ""CCS"", ""data_provider"": ""Open Charge Map"", ""general_comments"": """", ""is_operational"": true, ""last_verified"": ""2023-07-15T09:24:00Z"", ""latitude"": -33.850403, ""longitude"": 150.89840155, ""number_of_plugs"": 2.0, ""number_of_plugs_quality"": ""reported_or_derived_from_connection_quantity"", ""number_of_plugs_semantics"": ""OCM NumberOfPoints or positive connection Quantity"", ""operational_status"": ""operational"", ""operator"": ""Chargefox"", ""plug_types"": ""CCS (Type 2)"", ""power_kw_max"": 120.0, ""power_kw_min"": 120.0, ""power_kw_values"": [120.0], ""station_address"": ""1183-1187 The Horsley Drive, Wetherill Park, New South Wales, 2164"", ""station_name"": ""ENGIE - Greenway Wetherill Park"", ""status"": ""Operational"", ""usage_cost"": ""$0.55/kWh""}",1,1,,accepted,coordinate_500m,80.52999581181346,0.0,11048936553,,"{""access_condition"": ""Free Access"", ""charger_capacities"": null, ""connector_types_normalized"": ""CCS"", ""data_provider"": ""OpenStreetMap"", ""latitude"": -33.8504225416334, ""longitude"": 150.898386988526, ""number_of_plugs"": 2, ""number_of_plugs_quality"": ""valid"", ""number_of_plugs_raw"": 2, ""number_of_plugs_semantics"": ""OSM charge_points_count; values above 100 are withheld as suspicious"", ""opening_hours"": """", ""operator"": """", ""osm_last_updated"": ""2025-07-09"", ""plug_types"": ""CCS"", ""power_kw_max"": null, ""power_kw_min"": null, ""power_kw_values"": [], ""station_name"": """"}",1,1,,accepted,coordinate_500m,80.52999581181346,0.0,11048936553,,"{""access_condition"": ""Free Access"", ""charger_capacities"": null, ""connector_types_normalized"": ""CCS"", ""data_provider"": ""OpenStreetMap"", ""latitude"": -33.8504225416334, ""longitude"": 150.898386988526, ""number_of_plugs"": 2, ""number_of_plugs_quality"": ""valid"", ""number_of_plugs_raw"": 2, ""number_of_plugs_semantics"": ""OSM charge_points_count; values above 100 are withheld as suspicious"", ""opening_hours"": """", ""operator"": """", ""osm_last_updated"": ""2025-07-09"", ""plug_types"": ""CCS"", ""power_kw_max"": null, ""power_kw_min"": null, ""power_kw_values"": [], ""station_name"": """"}",1,1,,accepted,coordinate_and_fuzzy_address,79.80245069519293,0.9440000000000001,15d06bf5-6b4a-425d-9312-bae4b17cc22b-2204,"1183-1187 The Horsley Dr, Wetherill Park, NSW 2164","{""charger_capacities"": 150.0, ""connector_types_normalized"": ""CCS"", ""data_provider"": ""Charge@Large"", ""dc_port_count"": 2, ""latitude"": -33.8504204, ""longitude"": 150.8983778, ""number_of_plugs"": 2, ""number_of_plugs_quality"": ""reported_from_dc_port_count"", ""number_of_plugs_semantics"": ""Charge@Large DC-indicated port count"", ""operator"": """", ""plug_types"": ""CCS2"", ""power_kw_max"": 150.0, ""power_kw_min"": 150.0, ""power_kw_values"": [150.0], ""station_address"": ""1183-1187 The Horsley Dr, Wetherill Park, NSW 2164"", ""station_name"": ""Greenway Wetherill Park - Central Carpark"", ""status_counts"": ""{\""Available\"": 2}"", ""total_port_count"": 2}",2,2,77.12010885190955,accepted,coordinate_and_fuzzy_address,79.80245069519293,0.9440000000000001,15d06bf5-6b4a-425d-9312-bae4b17cc22b-2204,"1183-1187 The Horsley Dr, Wetherill Park, NSW 2164","{""charger_capacities"": 150.0, ""connector_types_normalized"": ""CCS"", ""data_provider"": ""Charge@Large"", ""dc_port_count"": 2, ""latitude"": -33.8504204, ""longitude"": 150.8983778, ""number_of_plugs"": 2, ""number_of_plugs_quality"": ""reported_from_dc_port_count"", ""number_of_plugs_semantics"": ""Charge@Large DC-indicated port count"", ""operator"": """", ""plug_types"": ""CCS2"", ""power_kw_max"": 150.0, ""power_kw_min"": 150.0, ""power_kw_values"": [150.0], ""station_address"": ""1183-1187 The Horsley Dr, Wetherill Park, NSW 2164"", ""station_name"": ""Greenway Wetherill Park - Central Carpark"", ""status_counts"": ""{\""Available\"": 2}"", ""total_port_count"": 2}",2,2,77.12010885190955,accepted,accepted
99,,"1183-1187 The Horsley Drive, Wetherill Park NSW 2164",Engie,2,DC,150 kW,-33.8505352,150.8988605,Fairfield City Council,2164,ARENA - Driving the Nation,accepted,coordinate_and_fuzzy_address,44.85942773337585,1.0,272624,"1183-1187 The Horsley Drive, Wetherill Park, New South Wales, 2164","{""charger_capacities"": ""120 kW"", ""connector_types_normalized"": ""CCS"", ""data_provider"": ""Open Charge Map"", ""general_comments"": """", ""is_operational"": true, ""last_verified"": ""2023-07-15T09:24:00Z"", ""latitude"": -33.850403, ""longitude"": 150.89840155, ""number_of_plugs"": 2.0, ""number_of_plugs_quality"": ""reported_or_derived_from_connection_quantity"", ""number_of_plugs_semantics"": ""OCM NumberOfPoints or positive connection Quantity"", ""operational_status"": ""operational"", ""operator"": ""Chargefox"", ""plug_types"": ""CCS (Type 2)"", ""power_kw_max"": 120.0, ""power_kw_min"": 120.0, ""power_kw_values"": [120.0], ""station_address"": ""1183-1187 The Horsley Drive, Wetherill Park, New South Wales, 2164"", ""station_name"": ""ENGIE - Greenway Wetherill Park"", ""status"": ""Operational"", ""usage_cost"": ""$0.55/kWh""}",1,1,,accepted,coordinate_500m,45.48623557292612,0.0,11048936553,,"{""access_condition"": ""Free Access"", ""charger_capacities"": null, ""connector_types_normalized"": ""CCS"", ""data_provider"": ""OpenStreetMap"", ""latitude"": -33.8504225416334, ""longitude"": 150.898386988526, ""number_of_plugs"": 2, ""number_of_plugs_quality"": ""valid"", ""number_of_plugs_raw"": 2, ""number_of_plugs_semantics"": ""OSM charge_points_count; values above 100 are withheld as suspicious"", ""opening_hours"": """", ""operator"": """", ""osm_last_updated"": ""2025-07-09"", ""plug_types"": ""CCS"", ""power_kw_max"": null, ""power_kw_min"": null, ""power_kw_values"": [], ""station_name"": """"}",1,1,,accepted,coordinate_500m,45.48623557292612,0.0,11048936553,,"{""access_condition"": ""Free Access"", ""charger_capacities"": null, ""connector_types_normalized"": ""CCS"", ""data_provider"": ""OpenStreetMap"", ""latitude"": -33.8504225416334, ""longitude"": 150.898386988526, ""number_of_plugs"": 2, ""number_of_plugs_quality"": ""valid"", ""number_of_plugs_raw"": 2, ""number_of_plugs_semantics"": ""OSM charge_points_count; values above 100 are withheld as suspicious"", ""opening_hours"": """", ""operator"": """", ""osm_last_updated"": ""2025-07-09"", ""plug_types"": ""CCS"", ""power_kw_max"": null, ""power_kw_min"": null, ""power_kw_values"": [], ""station_name"": """"}",1,1,,accepted,coordinate_and_fuzzy_address,46.36753712980361,0.9879518072289157,15d06bf5-6b4a-425d-9312-bae4b17cc22b-2204,"1183-1187 The Horsley Dr, Wetherill Park, NSW 2164","{""charger_capacities"": 150.0, ""connector_types_normalized"": ""CCS"", ""data_provider"": ""Charge@Large"", ""dc_port_count"": 2, ""latitude"": -33.8504204, ""longitude"": 150.8983778, ""number_of_plugs"": 2, ""number_of_plugs_quality"": ""reported_from_dc_port_count"", ""number_of_plugs_semantics"": ""Charge@Large DC-indicated port count"", ""operator"": """", ""plug_types"": ""CCS2"", ""power_kw_max"": 150.0, ""power_kw_min"": 150.0, ""power_kw_values"": [150.0], ""station_address"": ""1183-1187 The Horsley Dr, Wetherill Park, NSW 2164"", ""station_name"": ""Greenway Wetherill Park - Central Carpark"", ""status_counts"": ""{\""Available\"": 2}"", ""total_port_count"": 2}",2,2,72.15423694630685,accepted,coordinate_and_fuzzy_address,46.36753712980361,0.9879518072289157,15d06bf5-6b4a-425d-9312-bae4b17cc22b-2204,"1183-1187 The Horsley Dr, Wetherill Park, NSW 2164","{""charger_capacities"": 150.0, ""connector_types_normalized"": ""CCS"", ""data_provider"": ""Charge@Large"", ""dc_port_count"": 2, ""latitude"": -33.8504204, ""longitude"": 150.8983778, ""number_of_plugs"": 2, ""number_of_plugs_quality"": ""reported_from_dc_port_count"", ""number_of_plugs_semantics"": ""Charge@Large DC-indicated port count"", ""operator"": """", ""plug_types"": ""CCS2"", ""power_kw_max"": 150.0, ""power_kw_min"": 150.0, ""power_kw_values"": [150.0], ""station_address"": ""1183-1187 The Horsley Dr, Wetherill Park, NSW 2164"", ""station_name"": ""Greenway Wetherill Park - Central Carpark"", ""status_counts"": ""{\""Available\"": 2}"", ""total_port_count"": 2}",2,2,72.15423694630685,accepted,accepted
102,,"119 Stenhouse Drive, Cameron Park NSW 2285",Evie Networks,8,DC,350 kW,-32.89647352,151.5977107,Lake Macquarie City Council,2285,Existing Fast Chargers,accepted,coordinate_and_fuzzy_address,12.598625621248798,1.0,266586,"119 Stenhouse Drive, Cameron Park, New South Wales, 2285","{""charger_capacities"": ""350 kW"", ""connector_types_normalized"": ""CCS;CHAdeMO"", ""data_provider"": ""Open Charge Map"", ""general_comments"": """", ""is_operational"": true, ""last_verified"": ""2023-09-18T17:57:00Z"", ""latitude"": -32.8964286163983, ""longitude"": 151.59758681049271, ""number_of_plugs"": 2.0, ""number_of_plugs_quality"": ""reported_or_derived_from_connection_quantity"", ""number_of_plugs_semantics"": ""OCM NumberOfPoints or positive connection Quantity"", ""operational_status"": ""operational"", ""operator"": ""Evie"", ""plug_types"": ""CCS (Type 2); CHAdeMO"", ""power_kw_max"": 350.0, ""power_kw_min"": 350.0, ""power_kw_values"": [350.0], ""station_address"": ""119 Stenhouse Drive, Cameron Park, New South Wales, 2285"", ""station_name"": ""EVIE Cameron Park"", ""status"": ""Operational"", ""usage_cost"": ""0.60c per kWh""}",1,1,,accepted,coordinate_500m,9.22773828909531,0.0,13389664015,,"{""access_condition"": ""Free Access"", ""charger_capacities"": null, ""connector_types_normalized"": ""CCS"", ""data_provider"": ""OpenStreetMap"", ""latitude"": -32.8963971722711, ""longitude"": 151.597749436176, ""number_of_plugs"": 6, ""number_of_plugs_quality"": ""valid"", ""number_of_plugs_raw"": 6, ""number_of_plugs_semantics"": ""OSM charge_points_count; values above 100 are withheld as suspicious"", ""opening_hours"": """", ""operator"": ""AmpCharge"", ""osm_last_updated"": ""2025-12-19"", ""plug_types"": ""CCS"", ""power_kw_max"": null, ""power_kw_min"": null, ""power_kw_values"": [], ""station_name"": """"}",1,1,,accepted,coordinate_500m,9.22773828909531,0.0,13389664015,,"{""access_condition"": ""Free Access"", ""charger_capacities"": null, ""connector_types_normalized"": ""CCS"", ""data_provider"": ""OpenStreetMap"", ""latitude"": -32.8963971722711, ""longitude"": 151.597749436176, ""number_of_plugs"": 6, ""number_of_plugs_quality"": ""valid"", ""number_of_plugs_raw"": 6, ""number_of_plugs_semantics"": ""OSM charge_points_count; values above 100 are withheld as suspicious"", ""opening_hours"": """", ""operator"": ""AmpCharge"", ""osm_last_updated"": ""2025-12-19"", ""plug_types"": ""CCS"", ""power_kw_max"": null, ""power_kw_min"": null, ""power_kw_values"": [], ""station_name"": """"}",1,1,,unmatched,unmatched,,,,,{},0,0,,unmatched,unmatched,,,,,{},0,0,,accepted,accepted
106,,"12 Hume Highway, Pheasants Nest NSW 2574",Ampol,9,DC,150 kW,-34.28138543,150.640016,Wollondilly Shire Council,2574,Existing Fast Chargers,accepted,coordinate_and_fuzzy_address,236.15700467060302,0.9878787878787879,279180,"Lot 12 Hume Hwy, Pheasants Nest, New South Wales, 2574","{""charger_capacities"": ""150 kW; 50 kW"", ""connector_types_normalized"": ""CCS;CHAdeMO"", ""data_provider"": ""Open Charge Map"", ""general_comments"": ""Ampol AmpCharge EV charging hub. 6 EV Charging Bays @ 150kW (6 CCS cables + 3 CHAdeMO cables). 300kW upgrade coming soon.  AmpCharge app required (iOS or Android)  ***If you can't download the app(android). Go to an app website (apkcombo.com) and installed the app (ampcharge) that way.***"", ""is_operational"": true, ""last_verified"": ""2023-10-29T11:00:00Z"", ""latitude"": -34.2834466714301, ""longitude"": 150.63939668827243, ""number_of_plugs"": 6.0, ""number_of_plugs_quality"": ""reported_or_derived_from_connection_quantity"", ""number_of_plugs_semantics"": ""OCM NumberOfPoints or positive connection Quantity"", ""operational_status"": ""operational"", ""operator"": ""Ampol AmpCharge"", ""plug_types"": ""CCS (Type 2); CHAdeMO"", ""power_kw_max"": 150.0, ""power_kw_min"": 50.0, ""power_kw_values"": [50.0, 150.0], ""station_address"": ""Lot 12 Hume Hwy, Pheasants Nest, New South Wales, 2574"", ""station_name"": ""Ampol Foodary Pheasants Nest Southbound"", ""status"": ""Operational"", ""usage_cost"": ""AUD 0.69/kWh""}",2,2,109.99868253684437,accepted,coordinate_500m,47.33782794906791,0.0,11137421689,,"{""access_condition"": ""Free Access"", ""charger_capacities"": null, ""connector_types_normalized"": ""CCS;CHAdeMO"", ""data_provider"": ""OpenStreetMap"", ""latitude"": -34.2818052350854, ""longitude"": 150.639930417437, ""number_of_plugs"": 6, ""number_of_plugs_quality"": ""valid"", ""number_of_plugs_raw"": 6, ""number_of_plugs_semantics"": ""OSM charge_points_count; values above 100 are withheld as suspicious"", ""opening_hours"": """", ""operator"": ""AmpCharge"", ""osm_last_updated"": ""2026-06-30"", ""plug_types"": ""CCS|CHAdeMO"", ""power_kw_max"": null, ""power_kw_min"": null, ""power_kw_values"": [], ""station_name"": """"}",2,2,289.0609033538713,accepted,coordinate_500m,47.33782794906791,0.0,11137421689,,"{""access_condition"": ""Free Access"", ""charger_capacities"": null, ""connector_types_normalized"": ""CCS;CHAdeMO"", ""data_provider"": ""OpenStreetMap"", ""latitude"": -34.2818052350854, ""longitude"": 150.639930417437, ""number_of_plugs"": 6, ""number_of_plugs_quality"": ""valid"", ""number_of_plugs_raw"": 6, ""number_of_plugs_semantics"": ""OSM charge_points_count; values above 100 are withheld as suspicious"", ""opening_hours"": """", ""operator"": ""AmpCharge"", ""osm_last_updated"": ""2026-06-30"", ""plug_types"": ""CCS|CHAdeMO"", ""power_kw_max"": null, ""power_kw_min"": null, ""power_kw_values"": [], ""station_name"": """"}",2,2,289.0609033538713,unmatched,unmatched,,,,,{},0,0,,unmatched,unmatched,,,,,{},0,0,,accepted,accepted
107,,"12 Hume Highway, Pheasants Nest NSW 2574",Ampol,9,DC,150 kW,-34.28222427,150.6366026,Wollondilly Shire Council,2574,Existing Fast Chargers,accepted,coordinate_and_fuzzy_address,87.7304985166859,0.8823529411764707,279179,"Lots 1 & 2 Hume Hwy, Pheasants Nest, New South Wales, 2574","{""charger_capacities"": ""150 kW; 100 kW"", ""connector_types_normalized"": ""CCS;CHAdeMO"", ""data_provider"": ""Open Charge Map"", ""general_comments"": ""Ampol AmpCharge EV charging hub with three 150kW CCS2 and CHAdeMO EV chargers (300kW upgrade coming soon) (per charger there are 2 CCS cables and 1 Chademo cable).  http://ampcharge.ampol.com.au  ***If you can't download the app(android). Go to an app website (apkcombo.com) and installed the app (ampcharge) that way.***  AmpCharge app required (iOS and Android)"", ""is_operational"": true, ""last_verified"": ""2023-10-18T01:57:00Z"", ""latitude"": -34.2829974272134, ""longitude"": 150.63679286992692, ""number_of_plugs"": 1.0, ""number_of_plugs_quality"": ""reported_or_derived_from_connection_quantity"", ""number_of_plugs_semantics"": ""OCM NumberOfPoints or positive connection Quantity"", ""operational_status"": ""operational"", ""operator"": ""Ampol AmpCharge"", ""plug_types"": ""CCS (Type 2); CHAdeMO"", ""power_kw_max"": 150.0, ""power_kw_min"": 100.0, ""power_kw_values"": [100.0, 150.0], ""station_address"": ""Lots 1 & 2 Hume Hwy, Pheasants Nest, New South Wales, 2574"", ""station_name"": ""Ampol Foodary Pheasants Nest Northbound"", ""status"": ""Operational"", ""usage_cost"": ""$0.69 per kWh""}",2,2,202.74570048982474,accepted,coordinate_500m,10.559832650308662,0.0,11137421690,,"{""access_condition"": ""Free Access"", ""charger_capacities"": null, ""connector_types_normalized"": ""CCS;CHAdeMO"", ""data_provider"": ""OpenStreetMap"", ""latitude"": -34.282292978031, ""longitude"": 150.636523257616, ""number_of_plugs"": 6, ""number_of_plugs_quality"": ""valid"", ""number_of_plugs_raw"": 6, ""number_of_plugs_semantics"": ""OSM charge_points_count; values above 100 are withheld as suspicious"", ""opening_hours"": """", ""operator"": ""AmpCharge"", ""osm_last_updated"": ""2026-06-30"", ""plug_types"": ""CCS|CHAdeMO"", ""power_kw_max"": null, ""power_kw_min"": null, ""power_kw_values"": [], ""station_name"": """"}",2,2,298.72203390433873,accepted,coordinate_500m,10.559832650308662,0.0,11137421690,,"{""access_condition"": ""Free Access"", ""charger_capacities"": null, ""connector_types_normalized"": ""CCS;CHAdeMO"", ""data_provider"": ""OpenStreetMap"", ""latitude"": -34.282292978031, ""longitude"": 150.636523257616, ""number_of_plugs"": 6, ""number_of_plugs_quality"": ""valid"", ""number_of_plugs_raw"": 6, ""number_of_plugs_semantics"": ""OSM charge_points_count; values above 100 are withheld as suspicious"", ""opening_hours"": """", ""operator"": ""AmpCharge"", ""osm_last_updated"": ""2026-06-30"", ""plug_types"": ""CCS|CHAdeMO"", ""power_kw_max"": null, ""power_kw_min"": null, ""power_kw_values"": [], ""station_name"": """"}",2,2,298.72203390433873,unmatched,unmatched,,,,,{},0,0,,unmatched,unmatched,,,,,{},0,0,,accepted,accepted
109,,"12 Jacksons Road, Warriewood NSW 2102",Engie,2,DC,150 kW,-33.6971741,151.2956935,Northern Beaches Council,2102,ARENA - Driving the Nation,accepted,coordinate_500m,183.25181388239093,0.8433333333333334,272615,"12 Jacksons Road, Warriewood, New South Wales, 2101","{""charger_capacities"": ""120 kW"", ""connector_types_normalized"": ""CCS"", ""data_provider"": ""Open Charge Map"", ""general_comments"": """", ""is_operational"": true, ""last_verified"": ""2023-07-15T07:59:00Z"", ""latitude"": -33.695602, ""longitude"": 151.2962878, ""number_of_plugs"": 2.0, ""number_of_plugs_quality"": ""reported_or_derived_from_connection_quantity"", ""number_of_plugs_semantics"": ""OCM NumberOfPoints or positive connection Quantity"", ""operational_status"": ""operational"", ""operator"": ""Chargefox"", ""plug_types"": ""CCS (Type 2)"", ""power_kw_max"": 120.0, ""power_kw_min"": 120.0, ""power_kw_values"": [120.0], ""station_address"": ""12 Jacksons Road, Warriewood, New South Wales, 2101"", ""station_name"": ""ENGIE - Warriewood Square"", ""status"": ""Operational"", ""usage_cost"": ""$0.45/kWh""}",1,1,,unmatched,unmatched,,,,,{},0,0,,unmatched,unmatched,,,,,{},0,0,,accepted,coordinate_and_fuzzy_address,191.97793541755075,0.9612903225806452,15d06bf5-6b4a-425d-9312-bae4b17cc22b-2518,"Square, 12 Jacksons Rd, Warriewood, NSW 2102","{""charger_capacities"": 150.0, ""connector_types_normalized"": ""CCS;Type2"", ""data_provider"": ""Charge@Large"", ""dc_port_count"": 2, ""latitude"": -33.6956998, ""longitude"": 151.2967734, ""number_of_plugs"": 2, ""number_of_plugs_quality"": ""reported_from_dc_port_count"", ""number_of_plugs_semantics"": ""Charge@Large DC-indicated port count"", ""operator"": """", ""plug_types"": ""CCS2|TYPE2"", ""power_kw_max"": 150.0, ""power_kw_min"": 150.0, ""power_kw_values"": [150.0], ""station_address"": ""Square, 12 Jacksons Rd, Warriewood, NSW 2102"", ""station_name"": ""Warriewood Square"", ""status_counts"": ""{\""Available\"": 3, \""OutOfService\"": 1}"", ""total_port_count"": 4}",1,1,,accepted,coordinate_and_fuzzy_address,191.97793541755075,0.9612903225806452,15d06bf5-6b4a-425d-9312-bae4b17cc22b-2518,"Square, 12 Jacksons Rd, Warriewood, NSW 2102","{""charger_capacities"": 150.0, ""connector_types_normalized"": ""CCS;Type2"", ""data_provider"": ""Charge@Large"", ""dc_port_count"": 2, ""latitude"": -33.6956998, ""longitude"": 151.2967734, ""number_of_plugs"": 2, ""number_of_plugs_quality"": ""reported_from_dc_port_count"", ""number_of_plugs_semantics"": ""Charge@Large DC-indicated port count"", ""operator"": """", ""plug_types"": ""CCS2|TYPE2"", ""power_kw_max"": 150.0, ""power_kw_min"": 150.0, ""power_kw_values"": [150.0], ""station_address"": ""Square, 12 Jacksons Rd, Warriewood, NSW 2102"", ""station_name"": ""Warriewood Square"", ""status_counts"": ""{\""Available\"": 3, \""OutOfService\"": 1}"", ""total_port_count"": 4}",1,1,,accepted,accepted
110,,"12 Lord Street, Botany NSW 2019",Evie Networks,4,DC,75 kW,-33.939429,151.1970375,Bayside Council,2019,ARENA - Driving the Nation,unmatched,unmatched,,,,,{},0,0,,unmatched,unmatched,,,,,{},0,0,,unmatched,unmatched,,,,,{},0,0,,unmatched,unmatched,,,,,{},0,0,,unmatched,unmatched,,,,,{},0,0,,unmatched,unmatched
117,,"121 Princes Highway, Wollongong NSW 2519",Exploren,2,DC,60 kW,-34.40192697,150.8906517,Wollongong City Council,2519,Existing Fast Chargers,accepted,coordinate_500m,146.39189895833962,0.8250000000000001,273425,"224 Princes Hwy, Fairy Meadow, New South Wales, 2519","{""charger_capacities"": ""75 kW"", ""connector_types_normalized"": ""CCS"", ""data_provider"": ""Open Charge Map"", ""general_comments"": """", ""is_operational"": true, ""last_verified"": ""2023-08-09T11:24:00Z"", ""latitude"": -34.40299801963799, ""longitude"": 150.89157957672126, ""number_of_plugs"": 2.0, ""number_of_plugs_quality"": ""reported_or_derived_from_connection_quantity"", ""number_of_plugs_semantics"": ""OCM NumberOfPoints or positive connection Quantity"", ""operational_status"": ""operational"", ""operator"": ""BP Pulse (AU)"", ""plug_types"": ""CCS (Type 2)"", ""power_kw_max"": 75.0, ""power_kw_min"": 75.0, ""power_kw_values"": [75.0], ""station_address"": ""224 Princes Hwy, Fairy Meadow, New South Wales, 2519"", ""station_name"": ""Fairy Meadow [bp pulse]"", ""status"": ""Operational"", ""usage_cost"": ""55c/kWh""}",1,1,,accepted,coordinate_500m,171.30709913613677,0.0,10783513810,,"{""access_condition"": ""Free Access"", ""charger_capacities"": null, ""connector_types_normalized"": ""CCS"", ""data_provider"": ""OpenStreetMap"", ""latitude"": -34.4033184397631, ""longitude"": 150.891453142944, ""number_of_plugs"": null, ""number_of_plugs_quality"": ""missing_or_suspicious"", ""number_of_plugs_raw"": null, ""number_of_plugs_semantics"": ""OSM charge_points_count; values above 100 are withheld as suspicious"", ""opening_hours"": """", ""operator"": ""bp pulse"", ""osm_last_updated"": ""2025-11-30"", ""plug_types"": ""CCS"", ""power_kw_max"": null, ""power_kw_min"": null, ""power_kw_values"": [], ""station_name"": """"}",1,1,,accepted,coordinate_500m,171.30709913613677,0.0,10783513810,,"{""access_condition"": ""Free Access"", ""charger_capacities"": null, ""connector_types_normalized"": ""CCS"", ""data_provider"": ""OpenStreetMap"", ""latitude"": -34.4033184397631, ""longitude"": 150.891453142944, ""number_of_plugs"": null, ""number_of_plugs_quality"": ""missing_or_suspicious"", ""number_of_plugs_raw"": null, ""number_of_plugs_semantics"": ""OSM charge_points_count; values above 100 are withheld as suspicious"", ""opening_hours"": """", ""operator"": ""bp pulse"", ""osm_last_updated"": ""2025-11-30"", ""plug_types"": ""CCS"", ""power_kw_max"": null, ""power_kw_min"": null, ""power_kw_values"": [], ""station_name"": """"}",1,1,,accepted,coordinate_and_fuzzy_address,0.1684036401263728,0.9152542372881356,15d06bf5-6b4a-425d-9312-bae4b17cc22b-962,"121 Princes Hwy, Fairy Meadow, NSW 2519","{""charger_capacities"": 60.0, ""connector_types_normalized"": ""CCS"", ""data_provider"": ""Charge@Large"", ""dc_port_count"": 2, ""latitude"": -34.4019257, ""longitude"": 150.8906507, ""number_of_plugs"": 2, ""number_of_plugs_quality"": ""reported_from_dc_port_count"", ""number_of_plugs_semantics"": ""Charge@Large DC-indicated port count"", ""operator"": """", ""plug_types"": ""CCS2"", ""power_kw_max"": 60.0, ""power_kw_min"": 60.0, ""power_kw_values"": [60.0], ""station_address"": ""121 Princes Hwy, Fairy Meadow, NSW 2519"", ""station_name"": ""Gateway KIA - Wollongong"", ""status_counts"": ""{\""Available\"": 2}"", ""total_port_count"": 2}",1,1,,accepted,coordinate_and_fuzzy_address,0.1684036401263728,0.9152542372881356,15d06bf5-6b4a-425d-9312-bae4b17cc22b-962,"121 Princes Hwy, Fairy Meadow, NSW 2519","{""charger_capacities"": 60.0, ""connector_types_normalized"": ""CCS"", ""data_provider"": ""Charge@Large"", ""dc_port_count"": 2, ""latitude"": -34.4019257, ""longitude"": 150.8906507, ""number_of_plugs"": 2, ""number_of_plugs_quality"": ""reported_from_dc_port_count"", ""number_of_plugs_semantics"": ""Charge@Large DC-indicated port count"", ""operator"": """", ""plug_types"": ""CCS2"", ""power_kw_max"": 60.0, ""power_kw_min"": 60.0, ""power_kw_values"": [60.0], ""station_address"": ""121 Princes Hwy, Fairy Meadow, NSW 2519"", ""station_name"": ""Gateway KIA - Wollongong"", ""status_counts"": ""{\""Available\"": 2}"", ""total_port_count"": 2}",1,1,,accepted,accepted
123,,"126 Mackay Avenue, Yoogali NSW 2680",Chargefox,1,DC,24 kW,-34.30172777,146.0826426,Griffith City Council,2680,Existing Fast Chargers,accepted,coordinate_500m,55.28496129494342,0.5249794913863823,306015,"Kurrajong Avenue, Yoogali, New South Wales, 2680","{""charger_capacities"": ""24 kW"", ""connector_types_normalized"": ""CCS"", ""data_provider"": ""Open Charge Map"", ""general_comments"": """", ""is_operational"": true, ""last_verified"": ""2024-12-08T01:54:00Z"", ""latitude"": -34.30220873271793, ""longitude"": 146.0827951103297, ""number_of_plugs"": 1.0, ""number_of_plugs_quality"": ""reported_or_derived_from_connection_quantity"", ""number_of_plugs_semantics"": ""OCM NumberOfPoints or positive connection Quantity"", ""operational_status"": ""operational"", ""operator"": ""Chargefox"", ""plug_types"": ""CCS (Type 2)"", ""power_kw_max"": 24.0, ""power_kw_min"": 24.0, ""power_kw_values"": [24.0], ""station_address"": ""Kurrajong Avenue, Yoogali, New South Wales, 2680"", ""station_name"": ""Griffith City Volkswagen"", ""status"": ""Operational"", ""usage_cost"": ""$0.40/kWh""}",2,2,405.0291987825483,accepted,coordinate_500m,485.8302798247699,0.0,11963693701,,"{""access_condition"": ""Free Access"", ""charger_capacities"": null, ""connector_types_normalized"": ""CCS"", ""data_provider"": ""OpenStreetMap"", ""latitude"": -34.2992293677644, ""longitude"": 146.078303663524, ""number_of_plugs"": null, ""number_of_plugs_quality"": ""missing_or_suspicious"", ""number_of_plugs_raw"": null, ""number_of_plugs_semantics"": ""OSM charge_points_count; values above 100 are withheld as suspicious"", ""opening_hours"": """", ""operator"": ""Chargefox"", ""osm_last_updated"": ""2024-06-08"", ""plug_types"": ""CCS"", ""power_kw_max"": null, ""power_kw_min"": null, ""power_kw_values"": [], ""station_name"": """"}",1,1,,accepted,coordinate_500m,485.8302798247699,0.0,11963693701,,"{""access_condition"": ""Free Access"", ""charger_capacities"": null, ""connector_types_normalized"": ""CCS"", ""data_provider"": ""OpenStreetMap"", ""latitude"": -34.2992293677644, ""longitude"": 146.078303663524, ""number_of_plugs"": null, ""number_of_plugs_quality"": ""missing_or_suspicious"", ""number_of_plugs_raw"": null, ""number_of_plugs_semantics"": ""OSM charge_points_count; values above 100 are withheld as suspicious"", ""opening_hours"": """", ""operator"": ""Chargefox"", ""osm_last_updated"": ""2024-06-08"", ""plug_types"": ""CCS"", ""power_kw_max"": null, ""power_kw_min"": null, ""power_kw_values"": [], ""station_name"": """"}",1,1,,unmatched,unmatched,,,,,{},0,0,,unmatched,unmatched,,,,,{},0,0,,accepted,accepted
124,,"127 Conadilly Street, Gunnedah NSW 2380",Chargefox,4,DC,47 kW,-30.97681086,150.2501652,Gunnedah Shire Council,2380,Existing Fast Chargers,accepted,coordinate_500m,196.93290830952947,0.4157848324514991,274452,"Kepreotes Carpark, 73 Little Barber Street, Gunnedah, NSW, 2380","{""charger_capacities"": ""50 kW"", ""connector_types_normalized"": ""CCS;CHAdeMO"", ""data_provider"": ""Open Charge Map"", ""general_comments"": ""CCS2 and Chademo connectors share a common charger"", ""is_operational"": true, ""last_verified"": ""2023-09-18T01:27:00Z"", ""latitude"": -30.978295982227706, ""longitude"": 150.25129064038157, ""number_of_plugs"": 1.0, ""number_of_plugs_quality"": ""reported_or_derived_from_connection_quantity"", ""number_of_plugs_semantics"": ""OCM NumberOfPoints or positive connection Quantity"", ""operational_status"": ""operational"", ""operator"": ""(Unknown Operator)"", ""plug_types"": ""CCS (Type 2); CHAdeMO"", ""power_kw_max"": 50.0, ""power_kw_min"": 50.0, ""power_kw_values"": [50.0], ""station_address"": ""Kepreotes Carpark, 73 Little Barber Street, Gunnedah, NSW, 2380"", ""station_name"": ""NRMA Fast Charger Gunnedah"", ""status"": ""Operational"", ""usage_cost"": ""$0, but payment will be required Oct-Dec 2023""}",1,1,,accepted,coordinate_500m,262.4184539608296,0.0,6839163294,,"{""access_condition"": ""Free Access"", ""charger_capacities"": null, ""connector_types_normalized"": """", ""data_provider"": ""OpenStreetMap"", ""latitude"": -30.978633567968, ""longitude"": 150.251913679348, ""number_of_plugs"": null, ""number_of_plugs_quality"": ""missing_or_suspicious"", ""number_of_plugs_raw"": null, ""number_of_plugs_semantics"": ""OSM charge_points_count; values above 100 are withheld as suspicious"", ""opening_hours"": """", ""operator"": ""NRMA"", ""osm_last_updated"": ""2022-12-15"", ""plug_types"": """", ""power_kw_max"": null, ""power_kw_min"": null, ""power_kw_values"": [], ""station_name"": """"}",1,1,,unmatched,unmatched,,,,,{},0,0,,accepted,coordinate_500m,147.26319992875312,0.5153846153846153,15d06bf5-6b4a-425d-9312-bae4b17cc22b-1734,"83 Chandos St, Gunnedah, NSW 2380","{""charger_capacities"": 22.0, ""connector_types_normalized"": ""Type2"", ""data_provider"": ""Charge@Large"", ""dc_port_count"": 4, ""latitude"": -30.9761991, ""longitude"": 150.2515352, ""number_of_plugs"": 4, ""number_of_plugs_quality"": ""reported_from_dc_port_count"", ""number_of_plugs_semantics"": ""Charge@Large DC-indicated port count"", ""operator"": """", ""plug_types"": ""TYPE2"", ""power_kw_max"": 22.0, ""power_kw_min"": 22.0, ""power_kw_values"": [22.0], ""station_address"": ""83 Chandos St, Gunnedah, NSW 2380"", ""station_name"": ""Civic Gunnedah"", ""status_counts"": ""{\""Available\"": 4}"", ""total_port_count"": 4}",1,1,,unmatched,unmatched,,,,,{},0,0,,accepted,accepted
126,,"128 Flood Street, Leichhardt NSW 2040",Evie Networks,4,DC,75 kW,-33.88518,151.148629,Inner West Council,2040,ARENA - Driving the Nation,accepted,coordinate_and_fuzzy_address,225.24257355465556,1.0,272673,"128 Flood Street, Leichhardt, New South Wales, 2040","{""charger_capacities"": ""50 kW"", ""connector_types_normalized"": ""CCS;CHAdeMO"", ""data_provider"": ""Open Charge Map"", ""general_comments"": """", ""is_operational"": true, ""last_verified"": ""2023-07-16T12:44:00Z"", ""latitude"": -33.883514, ""longitude"": 151.150017, ""number_of_plugs"": 2.0, ""number_of_plugs_quality"": ""reported_or_derived_from_connection_quantity"", ""number_of_plugs_semantics"": ""OCM NumberOfPoints or positive connection Quantity"", ""operational_status"": ""operational"", ""operator"": ""Evie"", ""plug_types"": ""CCS (Type 2); CHAdeMO"", ""power_kw_max"": 50.0, ""power_kw_min"": 50.0, ""power_kw_values"": [50.0], ""station_address"": ""128 Flood Street, Leichhardt, New South Wales, 2040"", ""station_name"": ""Leichhardt Marketplace"", ""status"": ""Operational"", ""usage_cost"": """"}",1,1,,accepted,coordinate_500m,65.61933147046709,0.0,10180321115,,"{""access_condition"": ""Free Access"", ""charger_capacities"": null, ""connector_types_normalized"": """", ""data_provider"": ""OpenStreetMap"", ""latitude"": -33.8848452577674, ""longitude"": 151.149214435165, ""number_of_plugs"": 4, ""number_of_plugs_quality"": ""valid"", ""number_of_plugs_raw"": 4, ""number_of_plugs_semantics"": ""OSM charge_points_count; values above 100 are withheld as suspicious"", ""opening_hours"": """", ""operator"": ""Evie Networks"", ""osm_last_updated"": ""2026-03-03"", ""plug_types"": """", ""power_kw_max"": null, ""power_kw_min"": null, ""power_kw_values"": [], ""station_name"": """"}",1,1,,unmatched,unmatched,,,,,{},0,0,,accepted,coordinate_500m,222.96897910488943,0.8419354838709678,ac6d79e9-3d3d-4a6b-a3b2-99a06fe51e25-96,"146 Flood Street Leichhardt, Leichhardt, NSW 2040","{""charger_capacities"": 22.0, ""connector_types_normalized"": ""Type2"", ""data_provider"": ""Charge@Large"", ""dc_port_count"": 2, ""latitude"": -33.883498, ""longitude"": 151.149944, ""number_of_plugs"": 2, ""number_of_plugs_quality"": ""reported_from_dc_port_count"", ""number_of_plugs_semantics"": ""Charge@Large DC-indicated port count"", ""operator"": """", ""plug_types"": ""TYPE2"", ""power_kw_max"": 22.0, ""power_kw_min"": 22.0, ""power_kw_values"": [22.0], ""station_address"": ""146 Flood Street Leichhardt, Leichhardt, NSW 2040"", ""station_name"": ""146 Flood Street-Leichhardt"", ""status_counts"": ""{\""Available\"": 2}"", ""total_port_count"": 2}",2,2,99.88395921773278,unmatched,unmatched,,,,,{},0,0,,accepted,accepted
127,,"1-3 Dural Street, Hornsby NSW 2077",Evie Networks,4,DC,50 kW,-33.70276181,151.0964792,"Hornsby, The Council of the Shire of",2077,ARENA - Driving the Nation,unmatched,unmatched,,,,,{},0,0,,unmatched,unmatched,,,,,{},0,0,,unmatched,unmatched,,,,,{},0,0,,unmatched,unmatched,,,,,{},0,0,,unmatched,unmatched,,,,,{},0,0,,unmatched,unmatched
133,,"13125 Hume Highway, Sutton Forest NSW 2577",Evie Networks,8,DC,350 kW,-34.60721926,150.2251632,Wingecarribee Shire Council,2577,Existing Fast Chargers,accepted,coordinate_500m,7.338899553429747,0.6814285714285715,238124,"Hume Hwy, Sutton Forest Service Centre, NSW","{""charger_capacities"": ""350 kW"", ""connector_types_normalized"": ""CCS;CHAdeMO"", ""data_provider"": ""Open Charge Map"", ""general_comments"": """", ""is_operational"": true, ""last_verified"": ""2023-07-12T22:58:00Z"", ""latitude"": -34.607284700423534, ""longitude"": 150.22517362271452, ""number_of_plugs"": 4.0, ""number_of_plugs_quality"": ""reported_or_derived_from_connection_quantity"", ""number_of_plugs_semantics"": ""OCM NumberOfPoints or positive connection Quantity"", ""operational_status"": ""operational"", ""operator"": ""Evie"", ""plug_types"": ""CCS (Type 2); CHAdeMO"", ""power_kw_max"": 350.0, ""power_kw_min"": 350.0, ""power_kw_values"": [350.0], ""station_address"": ""Hume Hwy, Sutton Forest Service Centre, NSW"", ""station_name"": ""Sally’s Corner"", ""status"": ""Operational"", ""usage_cost"": ""65c per kWh energy consumed.""}",2,2,481.5470990039651,accepted,coordinate_500m,8.496865313651782,0.0,9765677232,,"{""access_condition"": ""Free Access"", ""charger_capacities"": null, ""connector_types_normalized"": ""CCS"", ""data_provider"": ""OpenStreetMap"", ""latitude"": -34.6072740323987, ""longitude"": 150.225098462353, ""number_of_plugs"": 6, ""number_of_plugs_quality"": ""valid"", ""number_of_plugs_raw"": 6, ""number_of_plugs_semantics"": ""OSM charge_points_count; values above 100 are withheld as suspicious"", ""opening_hours"": """", ""operator"": ""Evie Networks"", ""osm_last_updated"": ""2025-11-22"", ""plug_types"": ""CCS"", ""power_kw_max"": null, ""power_kw_min"": null, ""power_kw_values"": [], ""station_name"": """"}",2,2,477.6167159003183,accepted,coordinate_500m,8.496865313651782,0.0,9765677232,,"{""access_condition"": ""Free Access"", ""charger_capacities"": null, ""connector_types_normalized"": ""CCS"", ""data_provider"": ""OpenStreetMap"", ""latitude"": -34.6072740323987, ""longitude"": 150.225098462353, ""number_of_plugs"": 6, ""number_of_plugs_quality"": ""valid"", ""number_of_plugs_raw"": 6, ""number_of_plugs_semantics"": ""OSM charge_points_count; values above 100 are withheld as suspicious"", ""opening_hours"": """", ""operator"": ""Evie Networks"", ""osm_last_updated"": ""2025-11-22"", ""plug_types"": ""CCS"", ""power_kw_max"": null, ""power_kw_min"": null, ""power_kw_values"": [], ""station_name"": """"}",1,1,,unmatched,unmatched,,,,,{},0,0,,unmatched,unmatched,,,,,{},0,0,,accepted,accepted
135,,"13-17 Princes Highway, Albion Park Rail NSW 2527",Evie Networks,2,DC,50 kW,-34.5504346,150.7877814,Shellharbour City Council,2527,ARENA - Driving the Nation,unmatched,unmatched,,,,,{},0,0,,accepted,coordinate_500m,176.350306990109,0.0,13309552143,,"{""access_condition"": ""Free Access"", ""charger_capacities"": null, ""connector_types_normalized"": ""CCS"", ""data_provider"": ""OpenStreetMap"", ""latitude"": -34.5519973088071, ""longitude"": 150.78810989269, ""number_of_plugs"": 2, ""number_of_plugs_quality"": ""valid"", ""number_of_plugs_raw"": 2, ""number_of_plugs_semantics"": ""OSM charge_points_count; values above 100 are withheld as suspicious"", ""opening_hours"": """", ""operator"": ""AmpCharge"", ""osm_last_updated"": ""2025-11-16"", ""plug_types"": ""CCS"", ""power_kw_max"": null, ""power_kw_min"": null, ""power_kw_values"": [], ""station_name"": """"}",1,1,,accepted,coordinate_500m,176.350306990109,0.0,13309552143,,"{""access_condition"": ""Free Access"", ""charger_capacities"": null, ""connector_types_normalized"": ""CCS"", ""data_provider"": ""OpenStreetMap"", ""latitude"": -34.5519973088071, ""longitude"": 150.78810989269, ""number_of_plugs"": 2, ""number_of_plugs_quality"": ""valid"", ""number_of_plugs_raw"": 2, ""number_of_plugs_semantics"": ""OSM charge_points_count; values above 100 are withheld as suspicious"", ""opening_hours"": """", ""operator"": ""AmpCharge"", ""osm_last_updated"": ""2025-11-16"", ""plug_types"": ""CCS"", ""power_kw_max"": null, ""power_kw_min"": null, ""power_kw_values"": [], ""station_name"": """"}",1,1,,unmatched,unmatched,,,,,{},0,0,,unmatched,unmatched,,,,,{},0,0,,accepted,accepted
136,,"132 Pound Street, Grafton NSW 2460",NRMA Electric,2,DC,50 kW,-29.68846451,152.933015,Clarence Valley Council,2460,Existing Fast Chargers,accepted,coordinate_500m,66.67868340916615,0.7060975609756098,190393,"Pound Street, Grafton, New South Wales","{""charger_capacities"": ""50 kW"", ""connector_types_normalized"": ""CCS;CHAdeMO"", ""data_provider"": ""Open Charge Map"", ""general_comments"": """", ""is_operational"": true, ""last_verified"": ""2021-12-06T13:23:00Z"", ""latitude"": -29.688073199234324, ""longitude"": 152.93353803987213, ""number_of_plugs"": 1.0, ""number_of_plugs_quality"": ""reported_or_derived_from_connection_quantity"", ""number_of_plugs_semantics"": ""OCM NumberOfPoints or positive connection Quantity"", ""operational_status"": ""operational"", ""operator"": ""NRMA"", ""plug_types"": ""CCS (Type 2); CHAdeMO"", ""power_kw_max"": 50.0, ""power_kw_min"": 50.0, ""power_kw_values"": [50.0], ""station_address"": ""Pound Street, Grafton, New South Wales"", ""station_name"": ""Grafton Public Library"", ""status"": ""Operational"", ""usage_cost"": """"}",1,1,,accepted,coordinate_500m,58.56519779314323,0.0,6656345063,,"{""access_condition"": ""Free Access"", ""charger_capacities"": null, ""connector_types_normalized"": ""CCS;CHAdeMO"", ""data_provider"": ""OpenStreetMap"", ""latitude"": -29.6881629638105, ""longitude"": 152.933512073226, ""number_of_plugs"": 1, ""number_of_plugs_quality"": ""valid"", ""number_of_plugs_raw"": 1, ""number_of_plugs_semantics"": ""OSM charge_points_count; values above 100 are withheld as suspicious"", ""opening_hours"": """", ""operator"": ""NRMA"", ""osm_last_updated"": ""2025-06-23"", ""plug_types"": ""CCS|CHAdeMO"", ""power_kw_max"": null, ""power_kw_min"": null, ""power_kw_values"": [], ""station_name"": """"}",1,1,,accepted,coordinate_500m,58.56519779314323,0.0,6656345063,,"{""access_condition"": ""Free Access"", ""charger_capacities"": null, ""connector_types_normalized"": ""CCS;CHAdeMO"", ""data_provider"": ""OpenStreetMap"", ""latitude"": -29.6881629638105, ""longitude"": 152.933512073226, ""number_of_plugs"": 1, ""number_of_plugs_quality"": ""valid"", ""number_of_plugs_raw"": 1, ""number_of_plugs_semantics"": ""OSM charge_points_count; values above 100 are withheld as suspicious"", ""opening_hours"": """", ""operator"": ""NRMA"", ""osm_last_updated"": ""2025-06-23"", ""plug_types"": ""CCS|CHAdeMO"", ""power_kw_max"": null, ""power_kw_min"": null, ""power_kw_values"": [], ""station_name"": """"}",1,1,,unmatched,unmatched,,,,,{},0,0,,unmatched,unmatched,,,,,{},0,0,,accepted,accepted
137,,"133 Liverpool Road, Sydney NSW 2134",JOLT,2,DC,25 kW,-33.88724929,151.0993353,Burwood Council,2134,Existing Fast Chargers,unmatched,unmatched,,,,,{},0,0,,accepted,coordinate_500m,1.0537286822731065,0.0,9404724469,,"{""access_condition"": ""Free Access"", ""charger_capacities"": null, ""connector_types_normalized"": """", ""data_provider"": ""OpenStreetMap"", ""latitude"": -33.8872485170453, ""longitude"": 151.099323922552, ""number_of_plugs"": null, ""number_of_plugs_quality"": ""missing_or_suspicious"", ""number_of_plugs_raw"": null, ""number_of_plugs_semantics"": ""OSM charge_points_count; values above 100 are withheld as suspicious"", ""opening_hours"": """", ""operator"": ""Jolt"", ""osm_last_updated"": ""2022-01-09"", ""plug_types"": """", ""power_kw_max"": null, ""power_kw_min"": null, ""power_kw_values"": [], ""station_name"": """"}",1,1,,unmatched,unmatched,,,,,{},0,0,,unmatched,unmatched,,,,,{},0,0,,unmatched,unmatched,,,,,{},0,0,,accepted,unmatched
139,,"133 Wyndham Street Cnr Mcevoy Street, Alexandria NSW 2015",Ampol,2,DC,150 kW,-33.9020166,151.2000104,Bayside Council,2015,ARENA - Driving the Nation,unmatched,unmatched,,,,,{},0,0,,accepted,coordinate_500m,15.35453092212688,0.0,9898771270,,"{""access_condition"": ""Free Access"", ""charger_capacities"": null, ""connector_types_normalized"": """", ""data_provider"": ""OpenStreetMap"", ""latitude"": -33.9021318434153, ""longitude"": 151.199918746756, ""number_of_plugs"": 2, ""number_of_plugs_quality"": ""valid"", ""number_of_plugs_raw"": 2, ""number_of_plugs_semantics"": ""OSM charge_points_count; values above 100 are withheld as suspicious"", ""opening_hours"": """", ""operator"": ""AmpCharge"", ""osm_last_updated"": ""2022-07-25"", ""plug_types"": """", ""power_kw_max"": null, ""power_kw_min"": null, ""power_kw_values"": [], ""station_name"": """"}",1,1,,unmatched,unmatched,,,,,{},0,0,,accepted,coordinate_500m,216.07700081741186,0.8191489361702128,ac6d79e9-3d3d-4a6b-a3b2-99a06fe51e25-36,"166 Wyndham St, Alexandria NSW 2015, Australi, Alexandria, NSW 2015","{""charger_capacities"": 22.0, ""connector_types_normalized"": ""Type2"", ""data_provider"": ""Charge@Large"", ""dc_port_count"": 2, ""latitude"": -33.900154, ""longitude"": 151.199343, ""number_of_plugs"": 2, ""number_of_plugs_quality"": ""reported_from_dc_port_count"", ""number_of_plugs_semantics"": ""Charge@Large DC-indicated port count"", ""operator"": """", ""plug_types"": ""TYPE2"", ""power_kw_max"": 22.0, ""power_kw_min"": 22.0, ""power_kw_values"": [22.0], ""station_address"": ""166 Wyndham St, Alexandria NSW 2015, Australi, Alexandria, NSW 2015"", ""station_name"": ""166 Wyndham St-Alexandria"", ""status_counts"": ""{\""Charging\"": 2}"", ""total_port_count"": 2}",3,3,155.06249007024107,unmatched,unmatched,,,,,{},0,0,,accepted,unmatched
140,,"134 Lachlan Street, Hay NSW 2711",NRMA Electric,4,DC,180 kW,-34.50890395,144.8427858,Hay Shire Council,2711,Existing Fast Chargers,accepted,coordinate_and_fuzzy_address,27.396355724396923,1.0,190670,"134 Lachlan St, Hay, NSW, 2711","{""charger_capacities"": ""50 kW"", ""connector_types_normalized"": ""CCS;CHAdeMO"", ""data_provider"": ""Open Charge Map"", ""general_comments"": """", ""is_operational"": true, ""last_verified"": ""2021-12-17T02:59:00Z"", ""latitude"": -34.50867857950999, ""longitude"": 144.84290661775623, ""number_of_plugs"": 1.0, ""number_of_plugs_quality"": ""reported_or_derived_from_connection_quantity"", ""number_of_plugs_semantics"": ""OCM NumberOfPoints or positive connection Quantity"", ""operational_status"": ""operational"", ""operator"": ""NRMA"", ""plug_types"": ""CCS (Type 2); CHAdeMO"", ""power_kw_max"": 50.0, ""power_kw_min"": 50.0, ""power_kw_values"": [50.0], ""station_address"": ""134 Lachlan St, Hay, NSW, 2711"", ""station_name"": ""Hay [NRMA]"", ""status"": ""Operational"", ""usage_cost"": ""Currently free but will be fee at some point.""}",1,1,,accepted,coordinate_500m,30.41358690454692,0.0,6926483227,,"{""access_condition"": ""Free Access"", ""charger_capacities"": null, ""connector_types_normalized"": ""CCS;CHAdeMO"", ""data_provider"": ""OpenStreetMap"", ""latitude"": -34.5091627661053, ""longitude"": 144.84267845022, ""number_of_plugs"": null, ""number_of_plugs_quality"": ""missing_or_suspicious"", ""number_of_plugs_raw"": null, ""number_of_plugs_semantics"": ""OSM charge_points_count; values above 100 are withheld as suspicious"", ""opening_hours"": """", ""operator"": ""NRMA"", ""osm_last_updated"": ""2023-03-19"", ""plug_types"": ""CCS|CHAdeMO"", ""power_kw_max"": null, ""power_kw_min"": null, ""power_kw_values"": [], ""station_name"": """"}",2,2,258.231890774194,accepted,coordinate_500m,30.41358690454692,0.0,6926483227,,"{""access_condition"": ""Free Access"", ""charger_capacities"": null, ""connector_types_normalized"": ""CCS;CHAdeMO"", ""data_provider"": ""OpenStreetMap"", ""latitude"": -34.5091627661053, ""longitude"": 144.84267845022, ""number_of_plugs"": null, ""number_of_plugs_quality"": ""missing_or_suspicious"", ""number_of_plugs_raw"": null, ""number_of_plugs_semantics"": ""OSM charge_points_count; values above 100 are withheld as suspicious"", ""opening_hours"": """", ""operator"": ""NRMA"", ""osm_last_updated"": ""2023-03-19"", ""plug_types"": ""CCS|CHAdeMO"", ""power_kw_max"": null, ""power_kw_min"": null, ""power_kw_values"": [], ""station_name"": """"}",2,2,258.231890774194,unmatched,unmatched,,,,,{},0,0,,unmatched,unmatched,,,,,{},0,0,,accepted,accepted
141,,"134 Lachlan Street, Hay NSW 2711",NRMA Electric,2,DC,50 kW,-34.50908013,144.8410701,Hay Shire Council,2711,Existing Fast Chargers,accepted,coordinate_and_fuzzy_address,174.10103174469847,1.0,190670,"134 Lachlan St, Hay, NSW, 2711","{""charger_capacities"": ""50 kW"", ""connector_types_normalized"": ""CCS;CHAdeMO"", ""data_provider"": ""Open Charge Map"", ""general_comments"": """", ""is_operational"": true, ""last_verified"": ""2021-12-17T02:59:00Z"", ""latitude"": -34.50867857950999, ""longitude"": 144.84290661775623, ""number_of_plugs"": 1.0, ""number_of_plugs_quality"": ""reported_or_derived_from_connection_quantity"", ""number_of_plugs_semantics"": ""OCM NumberOfPoints or positive connection Quantity"", ""operational_status"": ""operational"", ""operator"": ""NRMA"", ""plug_types"": ""CCS (Type 2); CHAdeMO"", ""power_kw_max"": 50.0, ""power_kw_min"": 50.0, ""power_kw_values"": [50.0], ""station_address"": ""134 Lachlan St, Hay, NSW, 2711"", ""station_name"": ""Hay [NRMA]"", ""status"": ""Operational"", ""usage_cost"": ""Currently free but will be fee at some point.""}",1,1,,accepted,coordinate_500m,147.65710113979773,0.0,6926483227,,"{""access_condition"": ""Free Access"", ""charger_capacities"": null, ""connector_types_normalized"": ""CCS;CHAdeMO"", ""data_provider"": ""OpenStreetMap"", ""latitude"": -34.5091627661053, ""longitude"": 144.84267845022, ""number_of_plugs"": null, ""number_of_plugs_quality"": ""missing_or_suspicious"", ""number_of_plugs_raw"": null, ""number_of_plugs_semantics"": ""OSM charge_points_count; values above 100 are withheld as suspicious"", ""opening_hours"": """", ""operator"": ""NRMA"", ""osm_last_updated"": ""2023-03-19"", ""plug_types"": ""CCS|CHAdeMO"", ""power_kw_max"": null, ""power_kw_min"": null, ""power_kw_values"": [], ""station_name"": """"}",2,2,147.27308398910557,accepted,coordinate_500m,147.65710113979773,0.0,6926483227,,"{""access_condition"": ""Free Access"", ""charger_capacities"": null, ""connector_types_normalized"": ""CCS;CHAdeMO"", ""data_provider"": ""OpenStreetMap"", ""latitude"": -34.5091627661053, ""longitude"": 144.84267845022, ""number_of_plugs"": null, ""number_of_plugs_quality"": ""missing_or_suspicious"", ""number_of_plugs_raw"": null, ""number_of_plugs_semantics"": ""OSM charge_points_count; values above 100 are withheld as suspicious"", ""opening_hours"": """", ""operator"": ""NRMA"", ""osm_last_updated"": ""2023-03-19"", ""plug_types"": ""CCS|CHAdeMO"", ""power_kw_max"": null, ""power_kw_min"": null, ""power_kw_values"": [], ""station_name"": """"}",2,2,147.27308398910557,unmatched,unmatched,,,,,{},0,0,,unmatched,unmatched,,,,,{},0,0,,accepted,accepted
143,,"134-136 Grafton Street, Coffs Harbour NSW 2450",BP,2,DC,75 kW,-30.29156861,153.1183714,Coffs Harbour City Council,2450,Existing Fast Chargers,accepted,coordinate_500m,15.600606739099202,0.4536217303822938,273433,"136 Pacific Highway, Coffs Harbour, New South Wales, 2450","{""charger_capacities"": ""75 kW"", ""connector_types_normalized"": ""CCS;CHAdeMO"", ""data_provider"": ""Open Charge Map"", ""general_comments"": """", ""is_operational"": true, ""last_verified"": ""2023-08-09T12:33:00Z"", ""latitude"": -30.291705053434413, ""longitude"": 153.1183335669906, ""number_of_plugs"": 1.0, ""number_of_plugs_quality"": ""reported_or_derived_from_connection_quantity"", ""number_of_plugs_semantics"": ""OCM NumberOfPoints or positive connection Quantity"", ""operational_status"": ""operational"", ""operator"": ""BP Pulse (AU)"", ""plug_types"": ""CCS (Type 2); CHAdeMO"", ""power_kw_max"": 75.0, ""power_kw_min"": 75.0, ""power_kw_values"": [75.0], ""station_address"": ""136 Pacific Highway, Coffs Harbour, New South Wales, 2450"", ""station_name"": ""Coffs Harbour [bp pulse]"", ""status"": ""Operational"", ""usage_cost"": ""$0.55/kWh""}",1,1,,unmatched,unmatched,,,,,{},0,0,,unmatched,unmatched,,,,,{},0,0,,unmatched,unmatched,,,,,{},0,0,,unmatched,unmatched,,,,,{},0,0,,accepted,accepted
150,,"14 Everton Road, Sydney NSW 2135",JOLT,2,DC,25 kW,-33.87204909,151.0954464,Burwood Council,2135,Existing Fast Chargers,unmatched,unmatched,,,,,{},0,0,,accepted,coordinate_500m,1.9872828776024642,0.0,9863000835,,"{""access_condition"": ""Free Access"", ""charger_capacities"": null, ""connector_types_normalized"": """", ""data_provider"": ""OpenStreetMap"", ""latitude"": -33.8720579101049, ""longitude"": 151.095427678681, ""number_of_plugs"": 1, ""number_of_plugs_quality"": ""valid"", ""number_of_plugs_raw"": 1, ""number_of_plugs_semantics"": ""OSM charge_points_count; values above 100 are withheld as suspicious"", ""opening_hours"": """", ""operator"": ""Jolt"", ""osm_last_updated"": ""2022-07-02"", ""plug_types"": """", ""power_kw_max"": null, ""power_kw_min"": null, ""power_kw_values"": [], ""station_name"": """"}",1,1,,unmatched,unmatched,,,,,{},0,0,,accepted,coordinate_500m,299.13098589758465,0.30000000000000004,15d06bf5-6b4a-425d-9312-bae4b17cc22b-1455,"23 Morwick St, Strathfield, NSW 2135","{""charger_capacities"": 7.0, ""connector_types_normalized"": ""Type2"", ""data_provider"": ""Charge@Large"", ""dc_port_count"": 1, ""latitude"": -33.8747073, ""longitude"": 151.0949486, ""number_of_plugs"": 1, ""number_of_plugs_quality"": ""reported_from_dc_port_count"", ""number_of_plugs_semantics"": ""Charge@Large DC-indicated port count"", ""operator"": """", ""plug_types"": ""TYPE2"", ""power_kw_max"": 7.0, ""power_kw_min"": 7.0, ""power_kw_values"": [7.0], ""station_address"": ""23 Morwick St, Strathfield, NSW 2135"", ""station_name"": ""Arriva Strathfield"", ""status_counts"": ""{\""Available\"": 1}"", ""total_port_count"": 1}",3,3,40.01997112546388,unmatched,unmatched,,,,,{},0,0,,accepted,unmatched
153,,"140 Denison Street, Sydney NSW 2036",Exploren,2,DC,120 kW,-33.94916821,151.2247958,Bayside Council,2036,Existing Fast Chargers,unmatched,unmatched,,,,,{},0,0,,unmatched,unmatched,,,,,{},0,0,,unmatched,unmatched,,,,,{},0,0,,accepted,coordinate_500m,0.08988799594738175,0.8333333333333334,15d06bf5-6b4a-425d-9312-bae4b17cc22b-1879,"140-148 Denison St, Hillsdale, NSW 2036","{""charger_capacities"": 120.0, ""connector_types_normalized"": ""CCS"", ""data_provider"": ""Charge@Large"", ""dc_port_count"": 2, ""latitude"": -33.9491679, ""longitude"": 151.2247949, ""number_of_plugs"": 2, ""number_of_plugs_quality"": ""reported_from_dc_port_count"", ""number_of_plugs_semantics"": ""Charge@Large DC-indicated port count"", ""operator"": """", ""plug_types"": ""CCS2"", ""power_kw_max"": 120.0, ""power_kw_min"": 120.0, ""power_kw_values"": [120.0], ""station_address"": ""140-148 Denison St, Hillsdale, NSW 2036"", ""station_name"": ""Bunnings Eastgardens"", ""status_counts"": ""{\""Available\"": 2}"", ""total_port_count"": 2}",3,3,78.55471360072795,accepted,coordinate_500m,0.08988799594738175,0.8333333333333334,15d06bf5-6b4a-425d-9312-bae4b17cc22b-1879,"140-148 Denison St, Hillsdale, NSW 2036","{""charger_capacities"": 120.0, ""connector_types_normalized"": ""CCS"", ""data_provider"": ""Charge@Large"", ""dc_port_count"": 2, ""latitude"": -33.9491679, ""longitude"": 151.2247949, ""number_of_plugs"": 2, ""number_of_plugs_quality"": ""reported_from_dc_port_count"", ""number_of_plugs_semantics"": ""Charge@Large DC-indicated port count"", ""operator"": """", ""plug_types"": ""CCS2"", ""power_kw_max"": 120.0, ""power_kw_min"": 120.0, ""power_kw_values"": [120.0], ""station_address"": ""140-148 Denison St, Hillsdale, NSW 2036"", ""station_name"": ""Bunnings Eastgardens"", ""status_counts"": ""{\""Available\"": 2}"", ""total_port_count"": 2}",1,1,,accepted,accepted
154,,"140 Queen Street, Berry NSW 2535",NRMA Electric,2,DC,50 kW,-34.77559464,150.7010871,Shoalhaven City Council,2535,Existing Fast Chargers,accepted,coordinate_500m,27.177121006002082,0.07142857142857144,161845,"Berry, NSW","{""charger_capacities"": ""50 kW"", ""connector_types_normalized"": ""CCS;CHAdeMO"", ""data_provider"": ""Open Charge Map"", ""general_comments"": """", ""is_operational"": true, ""last_verified"": ""2020-11-19T13:08:00Z"", ""latitude"": -34.77545880729145, ""longitude"": 150.7008397292857, ""number_of_plugs"": 1.0, ""number_of_plugs_quality"": ""reported_or_derived_from_connection_quantity"", ""number_of_plugs_semantics"": ""OCM NumberOfPoints or positive connection Quantity"", ""operational_status"": ""operational"", ""operator"": ""NRMA"", ""plug_types"": ""CCS (Type 2); CHAdeMO"", ""power_kw_max"": 50.0, ""power_kw_min"": 50.0, ""power_kw_values"": [50.0], ""station_address"": ""Berry, NSW"", ""station_name"": ""Berry NRMA"", ""status"": ""Operational"", ""usage_cost"": ""Currently free but will be fee at some point for non NRMA Members""}",1,1,,accepted,coordinate_500m,24.522725716258034,0.0,6489763087,,"{""access_condition"": ""Free Access"", ""charger_capacities"": null, ""connector_types_normalized"": """", ""data_provider"": ""OpenStreetMap"", ""latitude"": -34.7755690694397, ""longitude"": 150.700820417765, ""number_of_plugs"": null, ""number_of_plugs_quality"": ""missing_or_suspicious"", ""number_of_plugs_raw"": null, ""number_of_plugs_semantics"": ""OSM charge_points_count; values above 100 are withheld as suspicious"", ""opening_hours"": """", ""operator"": ""NRMA"", ""osm_last_updated"": ""2022-12-15"", ""plug_types"": """", ""power_kw_max"": null, ""power_kw_min"": null, ""power_kw_values"": [], ""station_name"": """"}",1,1,,unmatched,unmatched,,,,,{},0,0,,unmatched,unmatched,,,,,{},0,0,,unmatched,unmatched,,,,,{},0,0,,accepted,accepted
155,,"141 Morgan Street, Sydney NSW 2209",JOLT,2,DC,25 kW,-33.9492503,151.0812503,Georges River Council,2209,Existing Fast Chargers,unmatched,unmatched,,,,,{},0,0,,accepted,coordinate_500m,3.241065796431545,0.0,9953777925,,"{""access_condition"": ""Free Access"", ""charger_capacities"": null, ""connector_types_normalized"": """", ""data_provider"": ""OpenStreetMap"", ""latitude"": -33.9492389774408, ""longitude"": 151.08121792205, ""number_of_plugs"": null, ""number_of_plugs_quality"": ""missing_or_suspicious"", ""number_of_plugs_raw"": null, ""number_of_plugs_semantics"": ""OSM charge_points_count; values above 100 are withheld as suspicious"", ""opening_hours"": """", ""operator"": ""Jolt"", ""osm_last_updated"": ""2026-04-09"", ""plug_types"": """", ""power_kw_max"": null, ""power_kw_min"": null, ""power_kw_values"": [], ""station_name"": """"}",1,1,,unmatched,unmatched,,,,,{},0,0,,unmatched,unmatched,,,,,{},0,0,,unmatched,unmatched,,,,,{},0,0,,accepted,unmatched
156,,"141 Roselands Avenue, Roselands NSW 2196",Engie,2,DC,120 kW,-33.9354417,151.0685253,Georges River Council,2196,ARENA - Driving the Nation,accepted,coordinate_500m,79.65094113397548,0.7641935483870969,272617,"24 Roselands Drive, Roselands, New South Wales, 2196","{""charger_capacities"": ""120 kW"", ""connector_types_normalized"": ""CCS"", ""data_provider"": ""Open Charge Map"", ""general_comments"": """", ""is_operational"": true, ""last_verified"": ""2023-07-15T09:01:00Z"", ""latitude"": -33.935, ""longitude"": 151.069205, ""number_of_plugs"": 2.0, ""number_of_plugs_quality"": ""reported_or_derived_from_connection_quantity"", ""number_of_plugs_semantics"": ""OCM NumberOfPoints or positive connection Quantity"", ""operational_status"": ""operational"", ""operator"": ""Chargefox"", ""plug_types"": ""CCS (Type 2)"", ""power_kw_max"": 120.0, ""power_kw_min"": 120.0, ""power_kw_values"": [120.0], ""station_address"": ""24 Roselands Drive, Roselands, New South Wales, 2196"", ""station_name"": ""ENGIE - Roselands Shopping Centre"", ""status"": ""Operational"", ""usage_cost"": ""$0.45/kWh""}",1,1,,accepted,coordinate_500m,72.6770544361543,0.0,13064595558,,"{""access_condition"": ""Free Access"", ""charger_capacities"": null, ""connector_types_normalized"": ""CCS"", ""data_provider"": ""OpenStreetMap"", ""latitude"": -33.9352716254495, ""longitude"": 151.069285947606, ""number_of_plugs"": 2, ""number_of_plugs_quality"": ""valid"", ""number_of_plugs_raw"": 2, ""number_of_plugs_semantics"": ""OSM charge_points_count; values above 100 are withheld as suspicious"", ""opening_hours"": """", ""operator"": ""Chargefox"", ""osm_last_updated"": ""2025-08-12"", ""plug_types"": ""CCS"", ""power_kw_max"": null, ""power_kw_min"": null, ""power_kw_values"": [], ""station_name"": """"}",1,1,,accepted,coordinate_500m,72.6770544361543,0.0,13064595558,,"{""access_condition"": ""Free Access"", ""charger_capacities"": null, ""connector_types_normalized"": ""CCS"", ""data_provider"": ""OpenStreetMap"", ""latitude"": -33.9352716254495, ""longitude"": 151.069285947606, ""number_of_plugs"": 2, ""number_of_plugs_quality"": ""valid"", ""number_of_plugs_raw"": 2, ""number_of_plugs_semantics"": ""OSM charge_points_count; values above 100 are withheld as suspicious"", ""opening_hours"": """", ""operator"": ""Chargefox"", ""osm_last_updated"": ""2025-08-12"", ""plug_types"": ""CCS"", ""power_kw_max"": null, ""power_kw_min"": null, ""power_kw_values"": [], ""station_name"": """"}",1,1,,accepted,coordinate_500m,77.30908961287169,0.275,15d06bf5-6b4a-425d-9312-bae4b17cc22b-2278,"24  Ave, Roselands, NSW 2196","{""charger_capacities"": 120.0, ""connector_types_normalized"": ""CCS"", ""data_provider"": ""Charge@Large"", ""dc_port_count"": 2, ""latitude"": -33.9349, ""longitude"": 151.068, ""number_of_plugs"": 2, ""number_of_plugs_quality"": ""reported_from_dc_port_count"", ""number_of_plugs_semantics"": ""Charge@Large DC-indicated port count"", ""operator"": """", ""plug_types"": ""CCS2"", ""power_kw_max"": 120.0, ""power_kw_min"": 120.0, ""power_kw_values"": [120.0], ""station_address"": ""24  Ave, Roselands, NSW 2196"", ""station_name"": ""HomeCo Roselands SC"", ""status_counts"": ""{\""Available\"": 2}"", ""total_port_count"": 2}",2,2,189.55583502789875,accepted,coordinate_500m,77.30908961287169,0.275,15d06bf5-6b4a-425d-9312-bae4b17cc22b-2278,"24  Ave, Roselands, NSW 2196","{""charger_capacities"": 120.0, ""connector_types_normalized"": ""CCS"", ""data_provider"": ""Charge@Large"", ""dc_port_count"": 2, ""latitude"": -33.9349, ""longitude"": 151.068, ""number_of_plugs"": 2, ""number_of_plugs_quality"": ""reported_from_dc_port_count"", ""number_of_plugs_semantics"": ""Charge@Large DC-indicated port count"", ""operator"": """", ""plug_types"": ""CCS2"", ""power_kw_max"": 120.0, ""power_kw_min"": 120.0, ""power_kw_values"": [120.0], ""station_address"": ""24  Ave, Roselands, NSW 2196"", ""station_name"": ""HomeCo Roselands SC"", ""status_counts"": ""{\""Available\"": 2}"", ""total_port_count"": 2}",1,1,,accepted,accepted
166,,"149 Alison Road, Sydney NSW 2031",JOLT,2,DC,50 kW,-33.91307612,151.2387948,Randwick City Council,2031,Existing Fast Chargers,accepted,coordinate_500m,308.9609042282006,0.5394736842105263,272630,"73 Belmore Road, Randwick, NSW, 2031","{""charger_capacities"": ""50 kW"", ""connector_types_normalized"": ""CCS;CHAdeMO"", ""data_provider"": ""Open Charge Map"", ""general_comments"": """", ""is_operational"": true, ""last_verified"": ""2023-07-15T12:06:00Z"", ""latitude"": -33.915187, ""longitude"": 151.240972, ""number_of_plugs"": 2.0, ""number_of_plugs_quality"": ""reported_or_derived_from_connection_quantity"", ""number_of_plugs_semantics"": ""OCM NumberOfPoints or positive connection Quantity"", ""operational_status"": ""operational"", ""operator"": ""Evie"", ""plug_types"": ""CCS (Type 2); CHAdeMO"", ""power_kw_max"": 50.0, ""power_kw_min"": 50.0, ""power_kw_values"": [50.0], ""station_address"": ""73 Belmore Road, Randwick, NSW, 2031"", ""station_name"": ""Royal Randwick"", ""status"": ""Operational"", ""usage_cost"": """"}",1,1,,accepted,coordinate_500m,86.42938762434711,0.0,6965143040,,"{""access_condition"": ""Free Access"", ""charger_capacities"": null, ""connector_types_normalized"": ""CCS"", ""data_provider"": ""OpenStreetMap"", ""latitude"": -33.9138057390602, ""longitude"": 151.239117722775, ""number_of_plugs"": 2, ""number_of_plugs_quality"": ""valid"", ""number_of_plugs_raw"": 2, ""number_of_plugs_semantics"": ""OSM charge_points_count; values above 100 are withheld as suspicious"", ""opening_hours"": """", ""operator"": ""Chargefox"", ""osm_last_updated"": ""2025-10-10"", ""plug_types"": ""CCS"", ""power_kw_max"": null, ""power_kw_min"": null, ""power_kw_values"": [], ""station_name"": """"}",1,1,,accepted,coordinate_500m,86.42938762434711,0.0,6965143040,,"{""access_condition"": ""Free Access"", ""charger_capacities"": null, ""connector_types_normalized"": ""CCS"", ""data_provider"": ""OpenStreetMap"", ""latitude"": -33.9138057390602, ""longitude"": 151.239117722775, ""number_of_plugs"": 2, ""number_of_plugs_quality"": ""valid"", ""number_of_plugs_raw"": 2, ""number_of_plugs_semantics"": ""OSM charge_points_count; values above 100 are withheld as suspicious"", ""opening_hours"": """", ""operator"": ""Chargefox"", ""osm_last_updated"": ""2025-10-10"", ""plug_types"": ""CCS"", ""power_kw_max"": null, ""power_kw_min"": null, ""power_kw_values"": [], ""station_name"": """"}",1,1,,accepted,coordinate_500m,156.4699409783003,0.28771551724137934,baaffa39-0adb-422e-a7bf-4b391d232b5d-129,"50 Cook St, Randwick NSW 2031, Australia, Randwick, NSW 2031","{""charger_capacities"": 22.0, ""connector_types_normalized"": ""Type2"", ""data_provider"": ""Charge@Large"", ""dc_port_count"": 1, ""latitude"": -33.911689, ""longitude"": 151.23908, ""number_of_plugs"": 1, ""number_of_plugs_quality"": ""reported_from_dc_port_count"", ""number_of_plugs_semantics"": ""Charge@Large DC-indicated port count"", ""operator"": """", ""plug_types"": ""TYPE2"", ""power_kw_max"": 22.0, ""power_kw_min"": 22.0, ""power_kw_values"": [22.0], ""station_address"": ""50 Cook St, Randwick NSW 2031, Australia, Randwick, NSW 2031"", ""station_name"": ""50 Cook St Randwick NSW 2031"", ""status_counts"": ""{\""Available\"": 1}"", ""total_port_count"": 1}",6,6,9.784074084867257,unmatched,unmatched,,,,,{},0,0,,accepted,accepted
170,,"15 Chancellors Drive, Thrumster NSW 2444",Tesla,12,DC,250 kW,-31.4577518,152.8267908,Port Macquarie-Hastings Council,2444,Existing Fast Chargers,accepted,coordinate_500m,53.638363909247964,0.5277777777777778,480398,"John Oxley Drive, Thrumster, New South Wales, 2444","{""charger_capacities"": ""250 kW"", ""connector_types_normalized"": ""CCS"", ""data_provider"": ""Open Charge Map"", ""general_comments"": ""Short Cables V3 Piles"", ""is_operational"": true, ""last_verified"": ""2026-03-19T05:06:00Z"", ""latitude"": -31.458200567763306, ""longitude"": 152.82699819893708, ""number_of_plugs"": 12.0, ""number_of_plugs_quality"": ""reported_or_derived_from_connection_quantity"", ""number_of_plugs_semantics"": ""OCM NumberOfPoints or positive connection Quantity"", ""operational_status"": ""operational"", ""operator"": ""Tesla (including non-tesla)"", ""plug_types"": ""CCS (Type 2)"", ""power_kw_max"": 250.0, ""power_kw_min"": 250.0, ""power_kw_values"": [250.0], ""station_address"": ""John Oxley Drive, Thrumster, New South Wales, 2444"", ""station_name"": ""John Oxley Drive"", ""status"": ""Operational"", ""usage_cost"": """"}",2,2,32.63048053497672,accepted,coordinate_500m,55.481126028401675,0.0,11433418128,,"{""access_condition"": ""Free Access"", ""charger_capacities"": null, ""connector_types_normalized"": ""CCS"", ""data_provider"": ""OpenStreetMap"", ""latitude"": -31.4573909457947, ""longitude"": 152.827194756088, ""number_of_plugs"": 12, ""number_of_plugs_quality"": ""valid"", ""number_of_plugs_raw"": 12, ""number_of_plugs_semantics"": ""OSM charge_points_count; values above 100 are withheld as suspicious"", ""opening_hours"": """", ""operator"": ""Tesla"", ""osm_last_updated"": ""2025-10-30"", ""plug_types"": ""CCS"", ""power_kw_max"": null, ""power_kw_min"": null, ""power_kw_values"": [], ""station_name"": ""Tesla Supercharger""}",2,2,17.840493683888297,accepted,coordinate_500m,55.481126028401675,0.0,11433418128,,"{""access_condition"": ""Free Access"", ""charger_capacities"": null, ""connector_types_normalized"": ""CCS"", ""data_provider"": ""OpenStreetMap"", ""latitude"": -31.4573909457947, ""longitude"": 152.827194756088, ""number_of_plugs"": 12, ""number_of_plugs_quality"": ""valid"", ""number_of_plugs_raw"": 12, ""number_of_plugs_semantics"": ""OSM charge_points_count; values above 100 are withheld as suspicious"", ""opening_hours"": """", ""operator"": ""Tesla"", ""osm_last_updated"": ""2025-10-30"", ""plug_types"": ""CCS"", ""power_kw_max"": null, ""power_kw_min"": null, ""power_kw_values"": [], ""station_name"": ""Tesla Supercharger""}",2,2,17.840493683888297,unmatched,unmatched,,,,,{},0,0,,unmatched,unmatched,,,,,{},0,0,,accepted,accepted
174,,"15 Merriville Road, Sydney NSW 2155",JOLT,2,DC,25 kW,-33.70040345,150.9283123,Blacktown City Council,2155,Existing Fast Chargers,unmatched,unmatched,,,,,{},0,0,,accepted,coordinate_500m,13.575000353432657,0.0,11372241486,,"{""access_condition"": ""Free Access"", ""charger_capacities"": null, ""connector_types_normalized"": """", ""data_provider"": ""OpenStreetMap"", ""latitude"": -33.7004394484555, ""longitude"": 150.928172081453, ""number_of_plugs"": 2, ""number_of_plugs_quality"": ""valid"", ""number_of_plugs_raw"": 2, ""number_of_plugs_semantics"": ""OSM charge_points_count; values above 100 are withheld as suspicious"", ""opening_hours"": """", ""operator"": ""Jolt"", ""osm_last_updated"": ""2023-11-24"", ""plug_types"": """", ""power_kw_max"": null, ""power_kw_min"": null, ""power_kw_values"": [], ""station_name"": """"}",1,1,,unmatched,unmatched,,,,,{},0,0,,unmatched,unmatched,,,,,{},0,0,,unmatched,unmatched,,,,,{},0,0,,accepted,unmatched
175,,"15 Merriville Road, Sydney NSW 2155",JOLT,2,DC,25 kW,-33.70051756,150.9281081,Blacktown City Council,2155,Existing Fast Chargers,unmatched,unmatched,,,,,{},0,0,,accepted,coordinate_500m,10.510582855552004,0.0,11372241486,,"{""access_condition"": ""Free Access"", ""charger_capacities"": null, ""connector_types_normalized"": """", ""data_provider"": ""OpenStreetMap"", ""latitude"": -33.7004394484555, ""longitude"": 150.928172081453, ""number_of_plugs"": 2, ""number_of_plugs_quality"": ""valid"", ""number_of_plugs_raw"": 2, ""number_of_plugs_semantics"": ""OSM charge_points_count; values above 100 are withheld as suspicious"", ""opening_hours"": """", ""operator"": ""Jolt"", ""osm_last_updated"": ""2023-11-24"", ""plug_types"": """", ""power_kw_max"": null, ""power_kw_min"": null, ""power_kw_values"": [], ""station_name"": """"}",1,1,,unmatched,unmatched,,,,,{},0,0,,unmatched,unmatched,,,,,{},0,0,,unmatched,unmatched,,,,,{},0,0,,accepted,unmatched
177,,"15 Ridge Street, Sydney NSW 2060",Evie Networks,4,DC,75 kW,-33.83274979,151.2064264,North Sydney Council,2060,Existing Fast Chargers,unmatched,unmatched,,,,,{},0,0,,unmatched,unmatched,,,,,{},0,0,,unmatched,unmatched,,,,,{},0,0,,accepted,coordinate_500m,161.48246017806002,0.43333333333333335,36e36d1d-718f-429c-828f-68150b84e574-6ca98085-7da5-11f0-bfce-002248c7a48c,"2 Kelrose Lane, North Sydney, 2060","{""charger_capacities"": 7.2, ""connector_types_normalized"": ""Type2"", ""data_provider"": ""Charge@Large"", ""dc_port_count"": 6, ""latitude"": -33.83416, ""longitude"": 151.206844, ""number_of_plugs"": 6, ""number_of_plugs_quality"": ""reported_from_dc_port_count"", ""number_of_plugs_semantics"": ""Charge@Large DC-indicated port count"", ""operator"": """", ""plug_types"": ""TYPE2"", ""power_kw_max"": 7.2, ""power_kw_min"": 7.2, ""power_kw_values"": [7.2], ""station_address"": ""2 Kelrose Lane, North Sydney, 2060"", ""station_name"": ""North Sydney Council Public Car Park"", ""status_counts"": ""{\""Available\"": 4, \""Unknown\"": 2}"", ""total_port_count"": 6}",2,2,320.4067760984394,unmatched,unmatched,,,,,{},0,0,,accepted,unmatched
179,,"15 Victory Street, Braidwood NSW 2622",NRMA Electric,4,DC,50 kW,-31.4988197,145.8375768,Queanbeyan-Palerang Regional Council,2835,TfNSW Regional,accepted,coordinate_500m,1.6133119921190047,0.41537842190016105,190679,"3 Broomfield Street, Cobar, New South Wales, 2835","{""charger_capacities"": ""50 kW"", ""connector_types_normalized"": ""CCS;CHAdeMO"", ""data_provider"": ""Open Charge Map"", ""general_comments"": """", ""is_operational"": true, ""last_verified"": ""2022-01-08T10:59:00Z"", ""latitude"": -31.49883300000129, ""longitude"": 145.83757000000242, ""number_of_plugs"": 1.0, ""number_of_plugs_quality"": ""reported_or_derived_from_connection_quantity"", ""number_of_plugs_semantics"": ""OCM NumberOfPoints or positive connection Quantity"", ""operational_status"": ""operational"", ""operator"": ""NRMA"", ""plug_types"": ""CCS (Type 2); CHAdeMO"", ""power_kw_max"": 50.0, ""power_kw_min"": 50.0, ""power_kw_values"": [50.0], ""station_address"": ""3 Broomfield Street, Cobar, New South Wales, 2835"", ""station_name"": ""Cobar [NRMA]"", ""status"": ""Operational"", ""usage_cost"": ""FREE""}",1,1,,accepted,coordinate_500m,5.209471727167741,0.0,9712759905,,"{""access_condition"": ""Free Access"", ""charger_capacities"": null, ""connector_types_normalized"": """", ""data_provider"": ""OpenStreetMap"", ""latitude"": -31.4988063484702, ""longitude"": 145.837629467656, ""number_of_plugs"": null, ""number_of_plugs_quality"": ""missing_or_suspicious"", ""number_of_plugs_raw"": null, ""number_of_plugs_semantics"": ""OSM charge_points_count; values above 100 are withheld as suspicious"", ""opening_hours"": """", ""operator"": ""NRMA"", ""osm_last_updated"": ""2022-05-04"", ""plug_types"": """", ""power_kw_max"": null, ""power_kw_min"": null, ""power_kw_values"": [], ""station_name"": """"}",1,1,,unmatched,unmatched,,,,,{},0,0,,unmatched,unmatched,,,,,{},0,0,,unmatched,unmatched,,,,,{},0,0,,accepted,accepted
180,,"1509-1511 Pittwater Road, Sydney NSW 2101",Ampol,2,DC,150 kW,-33.70444949,151.2968509,Northern Beaches Council,2101,Existing Fast Chargers,unmatched,unmatched,,,,,{},0,0,,unmatched,unmatched,,,,,{},0,0,,unmatched,unmatched,,,,,{},0,0,,unmatched,unmatched,,,,,{},0,0,,unmatched,unmatched,,,,,{},0,0,,unmatched,unmatched
181,,"151 Beauchamp Road, Sydney NSW 2036",JOLT,2,DC,25 kW,-33.95633138,151.2265986,Randwick City Council,2036,Existing Fast Chargers,unmatched,unmatched,,,,,{},0,0,,accepted,coordinate_500m,2.826750840834893,0.0,10919805054,,"{""access_condition"": ""Free Access"", ""charger_capacities"": null, ""connector_types_normalized"": """", ""data_provider"": ""OpenStreetMap"", ""latitude"": -33.956333755563, ""longitude"": 151.226568085887, ""number_of_plugs"": 1, ""number_of_plugs_quality"": ""valid"", ""number_of_plugs_raw"": 1, ""number_of_plugs_semantics"": ""OSM charge_points_count; values above 100 are withheld as suspicious"", ""opening_hours"": """", ""operator"": ""Jolt"", ""osm_last_updated"": ""2023-05-22"", ""plug_types"": """", ""power_kw_max"": null, ""power_kw_min"": null, ""power_kw_values"": [], ""station_name"": """"}",1,1,,unmatched,unmatched,,,,,{},0,0,,unmatched,unmatched,,,,,{},0,0,,unmatched,unmatched,,,,,{},0,0,,accepted,unmatched
185,,"152 Pacific Highway, 36 Josephson Street, Swansea NSW 2281",Evie Networks,4,DC,50 kW,-33.088721,151.637587,Lake Macquarie City Council,2281,ARENA - Driving the Nation,accepted,fuzzy_address_only,723.0986751645918,0.9555555555555556,272675,"152 Pacific Hwy, Swansea, New South Wales, 2281","{""charger_capacities"": ""50 kW"", ""connector_types_normalized"": ""CCS;CHAdeMO"", ""data_provider"": ""Open Charge Map"", ""general_comments"": """", ""is_operational"": true, ""last_verified"": ""2023-07-16T12:52:00Z"", ""latitude"": -33.0833, ""longitude"": 151.6333, ""number_of_plugs"": 2.0, ""number_of_plugs_quality"": ""reported_or_derived_from_connection_quantity"", ""number_of_plugs_semantics"": ""OCM NumberOfPoints or positive connection Quantity"", ""operational_status"": ""operational"", ""operator"": ""Evie"", ""plug_types"": ""CCS (Type 2); CHAdeMO"", ""power_kw_max"": 50.0, ""power_kw_min"": 50.0, ""power_kw_values"": [50.0], ""station_address"": ""152 Pacific Hwy, Swansea, New South Wales, 2281"", ""station_name"": ""Swansea"", ""status"": ""Operational"", ""usage_cost"": """"}",1,0,,unmatched,unmatched,,,,,{},0,0,,unmatched,unmatched,,,,,{},0,0,,accepted,coordinate_500m,329.1409236121714,0.8066666666666668,ac6d79e9-3d3d-4a6b-a3b2-99a06fe51e25-172,"Swansea Centre, 228 Pacific Hwy, Swansea NSW, Swansea, NSW 2281","{""charger_capacities"": 22.0, ""connector_types_normalized"": ""Type2"", ""data_provider"": ""Charge@Large"", ""dc_port_count"": 2, ""latitude"": -33.091679, ""longitude"": 151.637718, ""number_of_plugs"": 2, ""number_of_plugs_quality"": ""reported_from_dc_port_count"", ""number_of_plugs_semantics"": ""Charge@Large DC-indicated port count"", ""operator"": """", ""plug_types"": ""TYPE2"", ""power_kw_max"": 22.0, ""power_kw_min"": 22.0, ""power_kw_values"": [22.0], ""station_address"": ""Swansea Centre, 228 Pacific Hwy, Swansea NSW, Swansea, NSW 2281"", ""station_name"": ""228 Pacific Hwy-Swansea"", ""status_counts"": ""{\""Available\"": 2}"", ""total_port_count"": 2}",1,1,,unmatched,unmatched,,,,,{},0,0,,accepted,accepted
186,,"153 Coreen Avenue Cnr Castlereagh Road, Penrith NSW 2750",Ampol,2,DC,125 kW,-33.7428103,150.6929292,Penrith City Council,2750,ARENA - Driving the Nation,accepted,coordinate_and_fuzzy_address,25.03972710725189,0.9479452054794522,274056,"153 Coreen Ave, Penrith, NSW, 2750","{""charger_capacities"": ""180 kW; 100 kW"", ""connector_types_normalized"": ""CCS;CHAdeMO"", ""data_provider"": ""Open Charge Map"", ""general_comments"": """", ""is_operational"": true, ""last_verified"": ""2023-08-31T09:47:00Z"", ""latitude"": -33.7430336465433, ""longitude"": 150.69296375875626, ""number_of_plugs"": 1.0, ""number_of_plugs_quality"": ""reported_or_derived_from_connection_quantity"", ""number_of_plugs_semantics"": ""OCM NumberOfPoints or positive connection Quantity"", ""operational_status"": ""operational"", ""operator"": ""Ampol AmpCharge"", ""plug_types"": ""CCS (Type 2); CHAdeMO"", ""power_kw_max"": 180.0, ""power_kw_min"": 100.0, ""power_kw_values"": [100.0, 180.0], ""station_address"": ""153 Coreen Ave, Penrith, NSW, 2750"", ""station_name"": ""Ampol Foodary Penrith"", ""status"": ""Operational"", ""usage_cost"": ""$0.69/kWh for pay-as-you-go charging.""}",1,1,,accepted,coordinate_500m,20.708028349762277,0.0,10924895189,,"{""access_condition"": ""Free Access"", ""charger_capacities"": null, ""connector_types_normalized"": ""CCS;CHAdeMO"", ""data_provider"": ""OpenStreetMap"", ""latitude"": -33.742995628153, ""longitude"": 150.692951235609, ""number_of_plugs"": 2, ""number_of_plugs_quality"": ""valid"", ""number_of_plugs_raw"": 2, ""number_of_plugs_semantics"": ""OSM charge_points_count; values above 100 are withheld as suspicious"", ""opening_hours"": """", ""operator"": ""AmpCharge"", ""osm_last_updated"": ""2025-08-23"", ""plug_types"": ""CCS|CHAdeMO"", ""power_kw_max"": null, ""power_kw_min"": null, ""power_kw_values"": [], ""station_name"": """"}",2,2,81.3985505975905,accepted,coordinate_500m,20.708028349762277,0.0,10924895189,,"{""access_condition"": ""Free Access"", ""charger_capacities"": null, ""connector_types_normalized"": ""CCS;CHAdeMO"", ""data_provider"": ""OpenStreetMap"", ""latitude"": -33.742995628153, ""longitude"": 150.692951235609, ""number_of_plugs"": 2, ""number_of_plugs_quality"": ""valid"", ""number_of_plugs_raw"": 2, ""number_of_plugs_semantics"": ""OSM charge_points_count; values above 100 are withheld as suspicious"", ""opening_hours"": """", ""operator"": ""AmpCharge"", ""osm_last_updated"": ""2025-08-23"", ""plug_types"": ""CCS|CHAdeMO"", ""power_kw_max"": null, ""power_kw_min"": null, ""power_kw_values"": [], ""station_name"": """"}",2,2,81.3985505975905,unmatched,unmatched,,,,,{},0,0,,unmatched,unmatched,,,,,{},0,0,,accepted,accepted
190,,"156 Melbourne Street, Mulwala NSW 2647",Wevolt,4,DC,80 kW,-35.99499104,146.001983,Federation Council,2647,Existing Fast Chargers,unmatched,unmatched,,,,,{},0,0,,unmatched,unmatched,,,,,{},0,0,,unmatched,unmatched,,,,,{},0,0,,unmatched,unmatched,,,,,{},0,0,,unmatched,unmatched,,,,,{},0,0,,unmatched,unmatched
191,,"15620 Hume Highway, Marulan NSW 2579",BP,2,DC,75 kW,-34.71852257,150.0003884,Goulburn Mulwaree Council,2579,Existing Fast Chargers,accepted,coordinate_and_fuzzy_address,428.8871192061738,0.8750000000000001,238126,"Hume Highway, Marulan, New South Wales, 2579","{""charger_capacities"": ""75 kW"", ""connector_types_normalized"": ""CCS;CHAdeMO"", ""data_provider"": ""Open Charge Map"", ""general_comments"": """", ""is_operational"": true, ""last_verified"": ""2023-08-09T12:16:00Z"", ""latitude"": -34.71913537033707, ""longitude"": 149.99575545222547, ""number_of_plugs"": 1.0, ""number_of_plugs_quality"": ""reported_or_derived_from_connection_quantity"", ""number_of_plugs_semantics"": ""OCM NumberOfPoints or positive connection Quantity"", ""operational_status"": ""operational"", ""operator"": ""BP Pulse (AU)"", ""plug_types"": ""CCS (Type 2); CHAdeMO"", ""power_kw_max"": 75.0, ""power_kw_min"": 75.0, ""power_kw_values"": [75.0], ""station_address"": ""Hume Highway, Marulan, New South Wales, 2579"", ""station_name"": ""Marulan Roadhouse Northbound"", ""status"": ""Operational"", ""usage_cost"": ""$0.55/kWh""}",2,2,401.0680240847576,accepted,coordinate_500m,26.28781000992805,0.0,10263943172,,"{""access_condition"": ""Free Access"", ""charger_capacities"": null, ""connector_types_normalized"": ""CCS;CHAdeMO"", ""data_provider"": ""OpenStreetMap"", ""latitude"": -34.7184231814405, ""longitude"": 150.000649367916, ""number_of_plugs"": null, ""number_of_plugs_quality"": ""missing_or_suspicious"", ""number_of_plugs_raw"": null, ""number_of_plugs_semantics"": ""OSM charge_points_count; values above 100 are withheld as suspicious"", ""opening_hours"": """", ""operator"": ""BP Pulse"", ""osm_last_updated"": ""2025-06-09"", ""plug_types"": ""CCS|CHAdeMO"", ""power_kw_max"": null, ""power_kw_min"": null, ""power_kw_values"": [], ""station_name"": """"}",2,2,390.662975785423,accepted,coordinate_500m,26.28781000992805,0.0,10263943172,,"{""access_condition"": ""Free Access"", ""charger_capacities"": null, ""connector_types_normalized"": ""CCS;CHAdeMO"", ""data_provider"": ""OpenStreetMap"", ""latitude"": -34.7184231814405, ""longitude"": 150.000649367916, ""number_of_plugs"": null, ""number_of_plugs_quality"": ""missing_or_suspicious"", ""number_of_plugs_raw"": null, ""number_of_plugs_semantics"": ""OSM charge_points_count; values above 100 are withheld as suspicious"", ""opening_hours"": """", ""operator"": ""BP Pulse"", ""osm_last_updated"": ""2025-06-09"", ""plug_types"": ""CCS|CHAdeMO"", ""power_kw_max"": null, ""power_kw_min"": null, ""power_kw_values"": [], ""station_name"": """"}",2,2,390.662975785423,unmatched,unmatched,,,,,{},0,0,,unmatched,unmatched,,,,,{},0,0,,accepted,accepted
192,,"15666 Hume Highway, Marulan NSW 2579",BP,2,DC,75 kW,-34.71922127,149.9953273,Goulburn Mulwaree Council,2579,Existing Fast Chargers,accepted,coordinate_and_fuzzy_address,40.28070253902102,0.8750000000000001,238126,"Hume Highway, Marulan, New South Wales, 2579","{""charger_capacities"": ""75 kW"", ""connector_types_normalized"": ""CCS;CHAdeMO"", ""data_provider"": ""Open Charge Map"", ""general_comments"": """", ""is_operational"": true, ""last_verified"": ""2023-08-09T12:16:00Z"", ""latitude"": -34.71913537033707, ""longitude"": 149.99575545222547, ""number_of_plugs"": 1.0, ""number_of_plugs_quality"": ""reported_or_derived_from_connection_quantity"", ""number_of_plugs_semantics"": ""OCM NumberOfPoints or positive connection Quantity"", ""operational_status"": ""operational"", ""operator"": ""BP Pulse (AU)"", ""plug_types"": ""CCS (Type 2); CHAdeMO"", ""power_kw_max"": 75.0, ""power_kw_min"": 75.0, ""power_kw_values"": [75.0], ""station_address"": ""Hume Highway, Marulan, New South Wales, 2579"", ""station_name"": ""Marulan Roadhouse Northbound"", ""status"": ""Operational"", ""usage_cost"": ""$0.55/kWh""}",2,2,453.02071091803896,accepted,coordinate_500m,52.36298626851092,0.0,10263943171,,"{""access_condition"": ""Free Access"", ""charger_capacities"": null, ""connector_types_normalized"": ""CCS;CHAdeMO"", ""data_provider"": ""OpenStreetMap"", ""latitude"": -34.7190997686646, ""longitude"": 149.995880819381, ""number_of_plugs"": null, ""number_of_plugs_quality"": ""missing_or_suspicious"", ""number_of_plugs_raw"": null, ""number_of_plugs_semantics"": ""OSM charge_points_count; values above 100 are withheld as suspicious"", ""opening_hours"": """", ""operator"": ""BP Pulse"", ""osm_last_updated"": ""2025-06-09"", ""plug_types"": ""CCS|CHAdeMO"", ""power_kw_max"": null, ""power_kw_min"": null, ""power_kw_values"": [], ""station_name"": """"}",2,2,442.0893688479181,accepted,coordinate_500m,52.36298626851092,0.0,10263943171,,"{""access_condition"": ""Free Access"", ""charger_capacities"": null, ""connector_types_normalized"": ""CCS;CHAdeMO"", ""data_provider"": ""OpenStreetMap"", ""latitude"": -34.7190997686646, ""longitude"": 149.995880819381, ""number_of_plugs"": null, ""number_of_plugs_quality"": ""missing_or_suspicious"", ""number_of_plugs_raw"": null, ""number_of_plugs_semantics"": ""OSM charge_points_count; values above 100 are withheld as suspicious"", ""opening_hours"": """", ""operator"": ""BP Pulse"", ""osm_last_updated"": ""2025-06-09"", ""plug_types"": ""CCS|CHAdeMO"", ""power_kw_max"": null, ""power_kw_min"": null, ""power_kw_values"": [], ""station_name"": """"}",2,2,442.0893688479181,unmatched,unmatched,,,,,{},0,0,,unmatched,unmatched,,,,,{},0,0,,accepted,accepted
193,,"157 Rouse Street, Tenterfield NSW 2372",NRMA Electric,2,DC,50 kW,-31.5645996,147.1969355,Tenterfield Shire Council,2825,TfNSW Regional,accepted,coordinate_500m,3.491842523819788,0.5096153846153847,190680,"18 Cobar Street, Nyngan, New South Wales, 2825","{""charger_capacities"": ""50 kW"", ""connector_types_normalized"": ""CCS;CHAdeMO"", ""data_provider"": ""Open Charge Map"", ""general_comments"": """", ""is_operational"": true, ""last_verified"": ""2022-12-23T23:20:00Z"", ""latitude"": -31.564631000004198, ""longitude"": 147.1969360000096, ""number_of_plugs"": 1.0, ""number_of_plugs_quality"": ""reported_or_derived_from_connection_quantity"", ""number_of_plugs_semantics"": ""OCM NumberOfPoints or positive connection Quantity"", ""operational_status"": ""operational"", ""operator"": ""NRMA"", ""plug_types"": ""CCS (Type 2); CHAdeMO"", ""power_kw_max"": 50.0, ""power_kw_min"": 50.0, ""power_kw_values"": [50.0], ""station_address"": ""18 Cobar Street, Nyngan, New South Wales, 2825"", ""station_name"": ""Nyngan [NRMA]"", ""status"": ""Operational"", ""usage_cost"": ""Currently free but will be fee at some point for non NRMA Members""}",1,1,,accepted,coordinate_500m,29.503221962670022,0.0,10048386532,,"{""access_condition"": ""Free Access"", ""charger_capacities"": null, ""connector_types_normalized"": """", ""data_provider"": ""OpenStreetMap"", ""latitude"": -31.5643351454714, ""longitude"": 147.196960759145, ""number_of_plugs"": null, ""number_of_plugs_quality"": ""missing_or_suspicious"", ""number_of_plugs_raw"": null, ""number_of_plugs_semantics"": ""OSM charge_points_count; values above 100 are withheld as suspicious"", ""opening_hours"": """", ""operator"": ""NRMA"", ""osm_last_updated"": ""2022-09-23"", ""plug_types"": """", ""power_kw_max"": null, ""power_kw_min"": null, ""power_kw_values"": [], ""station_name"": """"}",1,1,,unmatched,unmatched,,,,,{},0,0,,unmatched,unmatched,,,,,{},0,0,,unmatched,unmatched,,,,,{},0,0,,accepted,accepted
195,,"15C Mitchell Street, Bourke NSW 2840",NRMA Electric,4,DC,75 kW,-30.3383734,152.7125414,Bourke Shire Council,2453,TfNSW Regional,unmatched,unmatched,,,,,{},0,0,,accepted,coordinate_500m,29.973408190983168,0.0,13928568814,,"{""access_condition"": ""Free Access"", ""charger_capacities"": null, ""connector_types_normalized"": ""CCS;CHAdeMO"", ""data_provider"": ""OpenStreetMap"", ""latitude"": -30.3382377253245, ""longitude"": 152.712811282069, ""number_of_plugs"": 2, ""number_of_plugs_quality"": ""valid"", ""number_of_plugs_raw"": 2, ""number_of_plugs_semantics"": ""OSM charge_points_count; values above 100 are withheld as suspicious"", ""opening_hours"": """", ""operator"": ""NRMA"", ""osm_last_updated"": ""2026-06-11"", ""plug_types"": ""CCS|CHAdeMO"", ""power_kw_max"": null, ""power_kw_min"": null, ""power_kw_values"": [], ""station_name"": """"}",2,2,86.2657668755173,accepted,coordinate_500m,29.973408190983168,0.0,13928568814,,"{""access_condition"": ""Free Access"", ""charger_capacities"": null, ""connector_types_normalized"": ""CCS;CHAdeMO"", ""data_provider"": ""OpenStreetMap"", ""latitude"": -30.3382377253245, ""longitude"": 152.712811282069, ""number_of_plugs"": 2, ""number_of_plugs_quality"": ""valid"", ""number_of_plugs_raw"": 2, ""number_of_plugs_semantics"": ""OSM charge_points_count; values above 100 are withheld as suspicious"", ""opening_hours"": """", ""operator"": ""NRMA"", ""osm_last_updated"": ""2026-06-11"", ""plug_types"": ""CCS|CHAdeMO"", ""power_kw_max"": null, ""power_kw_min"": null, ""power_kw_values"": [], ""station_name"": """"}",1,1,,unmatched,unmatched,,,,,{},0,0,,unmatched,unmatched,,,,,{},0,0,,accepted,accepted
197,,"16 Berry Street, Nowra NSW 2541",NRMA Electric,4,DC,160 kW,-34.87360065,150.6005345,Shoalhaven City Council,2541,Existing Fast Chargers,unmatched,unmatched,,,,,{},0,0,,unmatched,unmatched,,,,,{},0,0,,unmatched,unmatched,,,,,{},0,0,,accepted,coordinate_500m,302.8541680056784,0.5288235294117647,15d06bf5-6b4a-425d-9312-bae4b17cc22b-383,"63 Graham St, Nowra, NSW 2541","{""charger_capacities"": 22.0, ""connector_types_normalized"": ""Type2"", ""data_provider"": ""Charge@Large"", ""dc_port_count"": 2, ""latitude"": -34.8710776, ""longitude"": 150.6017849, ""number_of_plugs"": 2, ""number_of_plugs_quality"": ""reported_from_dc_port_count"", ""number_of_plugs_semantics"": ""Charge@Large DC-indicated port count"", ""operator"": """", ""plug_types"": ""TYPE2"", ""power_kw_max"": 22.0, ""power_kw_min"": 22.0, ""power_kw_values"": [22.0], ""station_address"": ""63 Graham St, Nowra, NSW 2541"", ""station_name"": ""Basha's Floors and Blinds"", ""status_counts"": ""{\""Available\"": 2}"", ""total_port_count"": 2}",1,1,,unmatched,unmatched,,,,,{},0,0,,accepted,unmatched
201,,"16 Oaks Avenue, Sydney NSW 2099",JOLT,2,DC,25 kW,-33.75370175,151.287,Northern Beaches Council,2099,Existing Fast Chargers,unmatched,unmatched,,,,,{},0,0,,accepted,coordinate_500m,3.5153790404184977,0.0,9491233549,,"{""access_condition"": ""Free Access"", ""charger_capacities"": null, ""connector_types_normalized"": ""CHAdeMO"", ""data_provider"": ""OpenStreetMap"", ""latitude"": -33.7537328461182, ""longitude"": 151.286993142046, ""number_of_plugs"": 1, ""number_of_plugs_quality"": ""valid"", ""number_of_plugs_raw"": 1, ""number_of_plugs_semantics"": ""OSM charge_points_count; values above 100 are withheld as suspicious"", ""opening_hours"": ""24/7"", ""operator"": ""Jolt"", ""osm_last_updated"": ""2022-12-20"", ""plug_types"": ""CHAdeMO"", ""power_kw_max"": null, ""power_kw_min"": null, ""power_kw_values"": [], ""station_name"": """"}",3,3,24.452732332587487,accepted,coordinate_500m,3.5153790404184977,0.0,9491233549,,"{""access_condition"": ""Free Access"", ""charger_capacities"": null, ""connector_types_normalized"": ""CHAdeMO"", ""data_provider"": ""OpenStreetMap"", ""latitude"": -33.7537328461182, ""longitude"": 151.286993142046, ""number_of_plugs"": 1, ""number_of_plugs_quality"": ""valid"", ""number_of_plugs_raw"": 1, ""number_of_plugs_semantics"": ""OSM charge_points_count; values above 100 are withheld as suspicious"", ""opening_hours"": ""24/7"", ""operator"": ""Jolt"", ""osm_last_updated"": ""2022-12-20"", ""plug_types"": ""CHAdeMO"", ""power_kw_max"": null, ""power_kw_min"": null, ""power_kw_values"": [], ""station_name"": """"}",1,1,,accepted,coordinate_500m,383.7689080799917,0.20714285714285713,15d06bf5-6b4a-425d-9312-bae4b17cc22b-1060,"40 Kingsway, Dee Why, NSW 2099","{""charger_capacities"": 7.0, ""connector_types_normalized"": ""Type2"", ""data_provider"": ""Charge@Large"", ""dc_port_count"": 3, ""latitude"": -33.7503059, ""longitude"": 151.2862588, ""number_of_plugs"": 3, ""number_of_plugs_quality"": ""reported_from_dc_port_count"", ""number_of_plugs_semantics"": ""Charge@Large DC-indicated port count"", ""operator"": """", ""plug_types"": ""TYPE2"", ""power_kw_max"": 7.0, ""power_kw_min"": 7.0, ""power_kw_values"": [7.0], ""station_address"": ""40 Kingsway, Dee Why, NSW 2099"", ""station_name"": ""PCYC - Northern Beaches Council"", ""status_counts"": ""{\""Available\"": 3}"", ""total_port_count"": 3}",1,1,,unmatched,unmatched,,,,,{},0,0,,accepted,accepted
204,,"16-20 Goodhope Street, Sydney NSW 2021",Chargefox,2,DC,30 kW,-33.88181186,151.2283183,Woollahra Municipal Council,2021,Existing Fast Chargers,unmatched,unmatched,,,,,{},0,0,,accepted,coordinate_500m,2.8095993081756556,0.0,12395564018,,"{""access_condition"": ""Free Access"", ""charger_capacities"": null, ""connector_types_normalized"": """", ""data_provider"": ""OpenStreetMap"", ""latitude"": -33.8817983521448, ""longitude"": 151.228292578646, ""number_of_plugs"": 2, ""number_of_plugs_quality"": ""valid"", ""number_of_plugs_raw"": 2, ""number_of_plugs_semantics"": ""OSM charge_points_count; values above 100 are withheld as suspicious"", ""opening_hours"": """", ""operator"": ""Chargefox"", ""osm_last_updated"": ""2025-08-13"", ""plug_types"": """", ""power_kw_max"": null, ""power_kw_min"": null, ""power_kw_values"": [], ""station_name"": """"}",1,1,,unmatched,unmatched,,,,,{},0,0,,accepted,coordinate_500m,136.2561424988647,0.5046583850931677,baaffa39-0adb-422e-a7bf-4b391d232b5d-123,"16 Duxford St, Paddington NSW 2021, Australia, Paddington, NSW 2021","{""charger_capacities"": 22.0, ""connector_types_normalized"": ""Type2"", ""data_provider"": ""Charge@Large"", ""dc_port_count"": 1, ""latitude"": -33.882752, ""longitude"": 151.229265, ""number_of_plugs"": 1, ""number_of_plugs_quality"": ""reported_from_dc_port_count"", ""number_of_plugs_semantics"": ""Charge@Large DC-indicated port count"", ""operator"": """", ""plug_types"": ""TYPE2"", ""power_kw_max"": 22.0, ""power_kw_min"": 22.0, ""power_kw_values"": [22.0], ""station_address"": ""16 Duxford St, Paddington NSW 2021, Australia, Paddington, NSW 2021"", ""station_name"": ""Opposite 16 Duxford St Paddington NSW 2021"", ""status_counts"": ""{\""Available\"": 1}"", ""total_port_count"": 1}",12,12,4.828944209963538,unmatched,unmatched,,,,,{},0,0,,accepted,unmatched
206,,"164 Mona Vale Road, Street Ives NSW 2075",Ampol,2,DC,125 kW,-33.7307758,151.1570112,Ku-ring-gai Council,2075,ARENA - Driving the Nation,unmatched,unmatched,,,,,{},0,0,,unmatched,unmatched,,,,,{},0,0,,unmatched,unmatched,,,,,{},0,0,,unmatched,unmatched,,,,,{},0,0,,unmatched,unmatched,,,,,{},0,0,,unmatched,unmatched
210,,"169 Willoughby Road, Sydney NSW 2065",BP,2,DC,75 kW,-33.8201522,151.2011902,Willoughby City Council,2065,Existing Fast Chargers,unmatched,unmatched,,,,,{},0,0,,unmatched,unmatched,,,,,{},0,0,,unmatched,unmatched,,,,,{},0,0,,accepted,coordinate_500m,343.0065388817482,0.245,15d06bf5-6b4a-425d-9312-bae4b17cc22b-585,"80 Hume Ln, Crows Nest, NSW 2065","{""charger_capacities"": 22.0, ""connector_types_normalized"": ""Type2"", ""data_provider"": ""Charge@Large"", ""dc_port_count"": 1, ""latitude"": -33.823146, ""longitude"": 151.2002953, ""number_of_plugs"": 1, ""number_of_plugs_quality"": ""reported_from_dc_port_count"", ""number_of_plugs_semantics"": ""Charge@Large DC-indicated port count"", ""operator"": """", ""plug_types"": ""TYPE2"", ""power_kw_max"": 22.0, ""power_kw_min"": 22.0, ""power_kw_values"": [22.0], ""station_address"": ""80 Hume Ln, Crows Nest, NSW 2065"", ""station_name"": ""Rosemont"", ""status_counts"": ""{\""Available\"": 1}"", ""total_port_count"": 1}",3,3,108.85387592913816,accepted,coordinate_500m,468.2657578671068,0.34675925925925927,15d06bf5-6b4a-425d-9312-bae4b17cc22b-1993,"1 Plunkett St, New South Wales, St Leonards, NSW 2065","{""charger_capacities"": 50.0, ""connector_types_normalized"": ""CCS"", ""data_provider"": ""Charge@Large"", ""dc_port_count"": 2, ""latitude"": -33.821558, ""longitude"": 151.196412, ""number_of_plugs"": 2, ""number_of_plugs_quality"": ""reported_from_dc_port_count"", ""number_of_plugs_semantics"": ""Charge@Large DC-indicated port count"", ""operator"": """", ""plug_types"": ""CCS2"", ""power_kw_max"": 50.0, ""power_kw_min"": 50.0, ""power_kw_values"": [50.0], ""station_address"": ""1 Plunkett St, New South Wales, St Leonards, NSW 2065"", ""station_name"": ""Willoughby City Council - Plunkett St"", ""status_counts"": ""{\""Available\"": 2}"", ""total_port_count"": 2}",1,1,,accepted,accepted
213,,"17 Smith Street, Sydney NSW 2067",Chargefox,6,DC,47 kW,-33.78601306,151.1980831,Willoughby City Council,2067,Existing Fast Chargers,unmatched,unmatched,,,,,{},0,0,,unmatched,unmatched,,,,,{},0,0,,unmatched,unmatched,,,,,{},0,0,,accepted,coordinate_500m,46.13717670287396,0.4068781183178902,ac6d79e9-3d3d-4a6b-a3b2-99a06fe51e25-89,"70 Lower Gibbes St, Chatswood, Chatswood, NSW 2067","{""charger_capacities"": 22.0, ""connector_types_normalized"": ""Type2"", ""data_provider"": ""Charge@Large"", ""dc_port_count"": 2, ""latitude"": -33.785616, ""longitude"": 151.198228, ""number_of_plugs"": 2, ""number_of_plugs_quality"": ""reported_from_dc_port_count"", ""number_of_plugs_semantics"": ""Charge@Large DC-indicated port count"", ""operator"": """", ""plug_types"": ""TYPE2"", ""power_kw_max"": 22.0, ""power_kw_min"": 22.0, ""power_kw_values"": [22.0], ""station_address"": ""70 Lower Gibbes St, Chatswood, Chatswood, NSW 2067"", ""station_name"": ""70 Lower Gibbes St-Chatswood"", ""status_counts"": ""{\""Available\"": 2}"", ""total_port_count"": 2}",1,1,,unmatched,unmatched,,,,,{},0,0,,accepted,unmatched
214,,"17 Stanley Street, Sydney NSW 2210",JOLT,2,DC,25 kW,-33.96212217,151.0635736,Georges River Council,2210,Existing Fast Chargers,accepted,coordinate_500m,236.6455732386321,0.842857142857143,192687,"17-25 Stanley St, Peakhurst, Nsw, 2210","{""charger_capacities"": ""25 kW"", ""connector_types_normalized"": ""CCS;CHAdeMO"", ""data_provider"": ""Open Charge Map"", ""general_comments"": ""Jolt DC 25KW CCs 2 and CHadeMO"", ""is_operational"": true, ""last_verified"": ""2023-06-06T12:14:00Z"", ""latitude"": -33.961219, ""longitude"": 151.065897, ""number_of_plugs"": 2.0, ""number_of_plugs_quality"": ""reported_or_derived_from_connection_quantity"", ""number_of_plugs_semantics"": ""OCM NumberOfPoints or positive connection Quantity"", ""operational_status"": ""operational"", ""operator"": ""Jolt"", ""plug_types"": ""CCS (Type 2); CHAdeMO"", ""power_kw_max"": 25.0, ""power_kw_min"": 25.0, ""power_kw_values"": [25.0], ""station_address"": ""17-25 Stanley St, Peakhurst, Nsw, 2210"", ""station_name"": ""Stanley St Peakhurst NSW"", ""status"": ""Operational"", ""usage_cost"": ""0.40""}",1,1,,accepted,coordinate_500m,6.771065288975535,0.0,9603490031,,"{""access_condition"": ""Free Access"", ""charger_capacities"": null, ""connector_types_normalized"": """", ""data_provider"": ""OpenStreetMap"", ""latitude"": -33.9621828152355, ""longitude"": 151.063566975071, ""number_of_plugs"": 1, ""number_of_plugs_quality"": ""valid"", ""number_of_plugs_raw"": 1, ""number_of_plugs_semantics"": ""OSM charge_points_count; values above 100 are withheld as suspicious"", ""opening_hours"": """", ""operator"": ""Jolt"", ""osm_last_updated"": ""2022-03-24"", ""plug_types"": """", ""power_kw_max"": null, ""power_kw_min"": null, ""power_kw_values"": [], ""station_name"": """"}",1,1,,unmatched,unmatched,,,,,{},0,0,,unmatched,unmatched,,,,,{},0,0,,unmatched,unmatched,,,,,{},0,0,,accepted,accepted
215,,"17 Stewart Street, Wollongong NSW 2500",NRMA Electric,4,DC,75 kW,-29.7756503,151.1151033,Wollongong City Council,2453,TfNSW Regional,accepted,coordinate_500m,119.78221368969913,0.32592592592592595,266480,"59 Evans Street, Inverell, NSW, 2360","{""charger_capacities"": ""70 kW; 50 kW"", ""connector_types_normalized"": ""CCS;CHAdeMO"", ""data_provider"": ""Open Charge Map"", ""general_comments"": ""Charging free initially. Eventually free access only for members or paid access if not an NRMA member.  FYI While there is a 2nd unit installed (pictured) it is *not* operational at this time. I read this is a spare for later or a backup unit."", ""is_operational"": true, ""last_verified"": ""2023-06-06T12:14:00Z"", ""latitude"": -29.774658191367415, ""longitude"": 151.11461977623674, ""number_of_plugs"": 1.0, ""number_of_plugs_quality"": ""reported_or_derived_from_connection_quantity"", ""number_of_plugs_semantics"": ""OCM NumberOfPoints or positive connection Quantity"", ""operational_status"": ""operational"", ""operator"": ""NRMA"", ""plug_types"": ""CCS (Type 2); CHAdeMO"", ""power_kw_max"": 70.0, ""power_kw_min"": 50.0, ""power_kw_values"": [50.0, 70.0], ""station_address"": ""59 Evans Street, Inverell, NSW, 2360"", ""station_name"": ""NRMA Inverell"", ""status"": ""Operational"", ""usage_cost"": ""FREE""}",2,1,,unmatched,unmatched,,,,,{},0,0,,unmatched,unmatched,,,,,{},0,0,,unmatched,unmatched,,,,,{},0,0,,unmatched,unmatched,,,,,{},0,0,,accepted,accepted
217,,"173 The Vineyards Road, Lake George NSW 2581",Exploren,2,DC,60 kW,-34.99682987,149.3848398,Yass Valley Council,2581,Existing Fast Chargers,accepted,fuzzy_address_only,1284.0744951158736,1.0,489555,"173 The Vineyards Road, Lake George, New South Wales, 2581","{""charger_capacities"": ""60 kW"", ""connector_types_normalized"": ""CCS"", ""data_provider"": ""Open Charge Map"", ""general_comments"": """", ""is_operational"": true, ""last_verified"": ""2026-05-18T12:30:00Z"", ""latitude"": -34.985300158763444, ""longitude"": 149.38404767579334, ""number_of_plugs"": 1.0, ""number_of_plugs_quality"": ""reported_or_derived_from_connection_quantity"", ""number_of_plugs_semantics"": ""OCM NumberOfPoints or positive connection Quantity"", ""operational_status"": ""operational"", ""operator"": ""Exploren"", ""plug_types"": ""CCS (Type 2)"", ""power_kw_max"": 60.0, ""power_kw_min"": 60.0, ""power_kw_values"": [60.0], ""station_address"": ""173 The Vineyards Road, Lake George, New South Wales, 2581"", ""station_name"": ""Lake George Winery"", ""status"": ""Operational"", ""usage_cost"": ""$0.58/kWh""}",1,0,,unmatched,unmatched,,,,,{},0,0,,unmatched,unmatched,,,,,{},0,0,,unmatched,unmatched,,,,,{},0,0,,unmatched,unmatched,,,,,{},0,0,,accepted,accepted
224,,"18 Dandaloo Street, Nyngan NSW 2825",NRMA Electric,4,DC,75 kW,-32.0506213,150.8667598,Bogan Shire Council,2360,TfNSW Regional,accepted,coordinate_500m,26.575072069254972,0.3775225594749795,266500,"116 Liverpool Street, Scone, NSW, 2337","{""charger_capacities"": ""50 kW"", ""connector_types_normalized"": ""CCS;CHAdeMO"", ""data_provider"": ""Open Charge Map"", ""general_comments"": ""Charging free initially. Eventually free access only for members or paid access if not an NRMA member.   Public toilets available at the library on the corner of Liverpool and Main Sts, or Coles on Kelly St."", ""is_operational"": true, ""last_verified"": ""2023-06-08T03:24:00Z"", ""latitude"": -32.050443549876185, ""longitude"": 150.86657130895486, ""number_of_plugs"": 1.0, ""number_of_plugs_quality"": ""reported_or_derived_from_connection_quantity"", ""number_of_plugs_semantics"": ""OCM NumberOfPoints or positive connection Quantity"", ""operational_status"": ""operational"", ""operator"": ""NRMA"", ""plug_types"": ""CCS (Type 2); CHAdeMO"", ""power_kw_max"": 50.0, ""power_kw_min"": 50.0, ""power_kw_values"": [50.0], ""station_address"": ""116 Liverpool Street, Scone, NSW, 2337"", ""station_name"": ""NRMA Scone"", ""status"": ""Operational"", ""usage_cost"": ""FREE""}",1,1,,accepted,coordinate_500m,32.57765008973878,0.0,7959130026,,"{""access_condition"": ""Free Access"", ""charger_capacities"": null, ""connector_types_normalized"": """", ""data_provider"": ""OpenStreetMap"", ""latitude"": -32.0503836055926, ""longitude"": 150.866557717053, ""number_of_plugs"": 2, ""number_of_plugs_quality"": ""valid"", ""number_of_plugs_raw"": 2, ""number_of_plugs_semantics"": ""OSM charge_points_count; values above 100 are withheld as suspicious"", ""opening_hours"": """", ""operator"": ""NRMA"", ""osm_last_updated"": ""2024-07-04"", ""plug_types"": """", ""power_kw_max"": null, ""power_kw_min"": null, ""power_kw_values"": [], ""station_name"": """"}",1,1,,unmatched,unmatched,,,,,{},0,0,,unmatched,unmatched,,,,,{},0,0,,unmatched,unmatched,,,,,{},0,0,,accepted,accepted
226,,"18 Silver Street, Sydney NSW 2031",Chargefox,2,DC,42 kW,-33.91374579,151.2390611,Randwick City Council,2031,Existing Fast Chargers,accepted,coordinate_500m,238.27524174797367,0.37858617131062955,272630,"73 Belmore Road, Randwick, NSW, 2031","{""charger_capacities"": ""50 kW"", ""connector_types_normalized"": ""CCS;CHAdeMO"", ""data_provider"": ""Open Charge Map"", ""general_comments"": """", ""is_operational"": true, ""last_verified"": ""2023-07-15T12:06:00Z"", ""latitude"": -33.915187, ""longitude"": 151.240972, ""number_of_plugs"": 2.0, ""number_of_plugs_quality"": ""reported_or_derived_from_connection_quantity"", ""number_of_plugs_semantics"": ""OCM NumberOfPoints or positive connection Quantity"", ""operational_status"": ""operational"", ""operator"": ""Evie"", ""plug_types"": ""CCS (Type 2); CHAdeMO"", ""power_kw_max"": 50.0, ""power_kw_min"": 50.0, ""power_kw_values"": [50.0], ""station_address"": ""73 Belmore Road, Randwick, NSW, 2031"", ""station_name"": ""Royal Randwick"", ""status"": ""Operational"", ""usage_cost"": """"}",1,1,,accepted,coordinate_500m,8.469777001577025,0.0,6965143040,,"{""access_condition"": ""Free Access"", ""charger_capacities"": null, ""connector_types_normalized"": ""CCS"", ""data_provider"": ""OpenStreetMap"", ""latitude"": -33.9138057390602, ""longitude"": 151.239117722775, ""number_of_plugs"": 2, ""number_of_plugs_quality"": ""valid"", ""number_of_plugs_raw"": 2, ""number_of_plugs_semantics"": ""OSM charge_points_count; values above 100 are withheld as suspicious"", ""opening_hours"": """", ""operator"": ""Chargefox"", ""osm_last_updated"": ""2025-10-10"", ""plug_types"": ""CCS"", ""power_kw_max"": null, ""power_kw_min"": null, ""power_kw_values"": [], ""station_name"": """"}",1,1,,accepted,coordinate_500m,8.469777001577025,0.0,6965143040,,"{""access_condition"": ""Free Access"", ""charger_capacities"": null, ""connector_types_normalized"": ""CCS"", ""data_provider"": ""OpenStreetMap"", ""latitude"": -33.9138057390602, ""longitude"": 151.239117722775, ""number_of_plugs"": 2, ""number_of_plugs_quality"": ""valid"", ""number_of_plugs_raw"": 2, ""number_of_plugs_semantics"": ""OSM charge_points_count; values above 100 are withheld as suspicious"", ""opening_hours"": """", ""operator"": ""Chargefox"", ""osm_last_updated"": ""2025-10-10"", ""plug_types"": ""CCS"", ""power_kw_max"": null, ""power_kw_min"": null, ""power_kw_values"": [], ""station_name"": """"}",1,1,,accepted,coordinate_500m,144.85288718569294,0.33096774193548384,baaffa39-0adb-422e-a7bf-4b391d232b5d-130,"1-7 Waratah Ave, Randwick NSW 2031, Australia, Randwick, NSW 2031","{""charger_capacities"": 7.0, ""connector_types_normalized"": ""Type2"", ""data_provider"": ""Charge@Large"", ""dc_port_count"": 1, ""latitude"": -33.914222, ""longitude"": 151.2376, ""number_of_plugs"": 1, ""number_of_plugs_quality"": ""reported_from_dc_port_count"", ""number_of_plugs_semantics"": ""Charge@Large DC-indicated port count"", ""operator"": """", ""plug_types"": ""TYPE2"", ""power_kw_max"": 7.0, ""power_kw_min"": 7.0, ""power_kw_values"": [7.0], ""station_address"": ""1-7 Waratah Ave, Randwick NSW 2031, Australia, Randwick, NSW 2031"", ""station_name"": ""1-7 Waratah Ave Randwick NSW 2031"", ""status_counts"": ""{\""Available\"": 1}"", ""total_port_count"": 1}",5,5,83.85837598933054,unmatched,unmatched,,,,,{},0,0,,accepted,accepted
228,,"18 Victoria Avenue, Castle Hill NSW 2154",Evie Networks,4,DC,50 kW,-33.727803,150.976049,The Hills Shire Council,2154,ARENA - Driving the Nation,accepted,coordinate_and_fuzzy_address,18.336153070263787,1.0,265390,"18 Victoria Avenue, Castle Hill, NSW, 2154","{""charger_capacities"": ""50 kW"", ""connector_types_normalized"": ""CCS;CHAdeMO"", ""data_provider"": ""Open Charge Map"", ""general_comments"": """", ""is_operational"": true, ""last_verified"": ""2023-07-15T14:02:00Z"", ""latitude"": -33.72778176586396, ""longitude"": 150.976245622693, ""number_of_plugs"": 2.0, ""number_of_plugs_quality"": ""reported_or_derived_from_connection_quantity"", ""number_of_plugs_semantics"": ""OCM NumberOfPoints or positive connection Quantity"", ""operational_status"": ""operational"", ""operator"": ""Evie"", ""plug_types"": ""CCS (Type 2); CHAdeMO"", ""power_kw_max"": 50.0, ""power_kw_min"": 50.0, ""power_kw_values"": [50.0], ""station_address"": ""18 Victoria Avenue, Castle Hill, NSW, 2154"", ""station_name"": ""HomeCo Castle Hill"", ""status"": ""Operational"", ""usage_cost"": ""$0.45 per kWh. Parking overstay charges may apply""}",1,1,,accepted,coordinate_500m,10.606304655419638,0.0,11365214134,,"{""access_condition"": ""Free Access"", ""charger_capacities"": null, ""connector_types_normalized"": ""CCS;CHAdeMO"", ""data_provider"": ""OpenStreetMap"", ""latitude"": -33.7277947114717, ""longitude"": 150.976163254806, ""number_of_plugs"": null, ""number_of_plugs_quality"": ""missing_or_suspicious"", ""number_of_plugs_raw"": null, ""number_of_plugs_semantics"": ""OSM charge_points_count; values above 100 are withheld as suspicious"", ""opening_hours"": """", ""operator"": ""Evie Networks"", ""osm_last_updated"": ""2023-11-20"", ""plug_types"": ""CCS|CHAdeMO"", ""power_kw_max"": null, ""power_kw_min"": null, ""power_kw_values"": [], ""station_name"": """"}",2,2,403.3650672582466,accepted,coordinate_500m,10.606304655419638,0.0,11365214134,,"{""access_condition"": ""Free Access"", ""charger_capacities"": null, ""connector_types_normalized"": ""CCS;CHAdeMO"", ""data_provider"": ""OpenStreetMap"", ""latitude"": -33.7277947114717, ""longitude"": 150.976163254806, ""number_of_plugs"": null, ""number_of_plugs_quality"": ""missing_or_suspicious"", ""number_of_plugs_raw"": null, ""number_of_plugs_semantics"": ""OSM charge_points_count; values above 100 are withheld as suspicious"", ""opening_hours"": """", ""operator"": ""Evie Networks"", ""osm_last_updated"": ""2023-11-20"", ""plug_types"": ""CCS|CHAdeMO"", ""power_kw_max"": null, ""power_kw_min"": null, ""power_kw_values"": [], ""station_name"": """"}",1,1,,accepted,coordinate_500m,148.32988281567918,0.5333333333333333,15d06bf5-6b4a-425d-9312-bae4b17cc22b-2379,"11 Hudson Ave, Castle Hill, NSW 2154","{""charger_capacities"": 60.0, ""connector_types_normalized"": ""CCS;Type2"", ""data_provider"": ""Charge@Large"", ""dc_port_count"": 2, ""latitude"": -33.7288511, ""longitude"": 150.9750568, ""number_of_plugs"": 2, ""number_of_plugs_quality"": ""reported_from_dc_port_count"", ""number_of_plugs_semantics"": ""Charge@Large DC-indicated port count"", ""operator"": """", ""plug_types"": ""CCS2|TYPE2"", ""power_kw_max"": 60.0, ""power_kw_min"": 60.0, ""power_kw_values"": [60.0], ""station_address"": ""11 Hudson Ave, Castle Hill, NSW 2154"", ""station_name"": ""Alto Castle Hill"", ""status_counts"": ""{\""Available\"": 2}"", ""total_port_count"": 2}",1,1,,accepted,coordinate_500m,148.32988281567918,0.5333333333333333,15d06bf5-6b4a-425d-9312-bae4b17cc22b-2379,"11 Hudson Ave, Castle Hill, NSW 2154","{""charger_capacities"": 60.0, ""connector_types_normalized"": ""CCS;Type2"", ""data_provider"": ""Charge@Large"", ""dc_port_count"": 2, ""latitude"": -33.7288511, ""longitude"": 150.9750568, ""number_of_plugs"": 2, ""number_of_plugs_quality"": ""reported_from_dc_port_count"", ""number_of_plugs_semantics"": ""Charge@Large DC-indicated port count"", ""operator"": """", ""plug_types"": ""CCS2|TYPE2"", ""power_kw_max"": 60.0, ""power_kw_min"": 60.0, ""power_kw_values"": [60.0], ""station_address"": ""11 Hudson Ave, Castle Hill, NSW 2154"", ""station_name"": ""Alto Castle Hill"", ""status_counts"": ""{\""Available\"": 2}"", ""total_port_count"": 2}",1,1,,accepted,accepted
235,,"185 Princes Highway, Narooma NSW 2546",Tesla,8,DC,130 kW,-36.22313618,150.1283463,Eurobodalla Shire Council,2546,Existing Fast Chargers,accepted,coordinate_500m,0.03353813077301643,0.8303921568627451,109340,"185 Princes Highway, Narooma","{""charger_capacities"": ""120 kW"", ""connector_types_normalized"": ""CCS"", ""data_provider"": ""Open Charge Map"", ""general_comments"": ""Charging4 Superchargers, available 24/7, up to 120kW"", ""is_operational"": true, ""last_verified"": ""2023-08-30T06:15:00Z"", ""latitude"": -36.223136, ""longitude"": 150.128346, ""number_of_plugs"": 4.0, ""number_of_plugs_quality"": ""reported_or_derived_from_connection_quantity"", ""number_of_plugs_semantics"": ""OCM NumberOfPoints or positive connection Quantity"", ""operational_status"": ""operational"", ""operator"": ""Tesla (including non-tesla)"", ""plug_types"": ""CCS (Type 2)"", ""power_kw_max"": 120.0, ""power_kw_min"": 120.0, ""power_kw_values"": [120.0], ""station_address"": ""185 Princes Highway, Narooma"", ""station_name"": ""Narooma Supercharger"", ""status"": ""Operational"", ""usage_cost"": ""AUD 0.42/kWh;other tariffs for older cars""}",1,1,,accepted,coordinate_500m,11.119544400969158,0.0,5758577851,,"{""access_condition"": ""Free Access"", ""charger_capacities"": null, ""connector_types_normalized"": ""CCS"", ""data_provider"": ""OpenStreetMap"", ""latitude"": -36.223187952884, ""longitude"": 150.128452352735, ""number_of_plugs"": 4, ""number_of_plugs_quality"": ""valid"", ""number_of_plugs_raw"": 4, ""number_of_plugs_semantics"": ""OSM charge_points_count; values above 100 are withheld as suspicious"", ""opening_hours"": ""24/7"", ""operator"": ""Tesla"", ""osm_last_updated"": ""2026-03-29"", ""plug_types"": ""CCS"", ""power_kw_max"": null, ""power_kw_min"": null, ""power_kw_values"": [], ""station_name"": ""Tesla Supercharger""}",1,1,,accepted,coordinate_500m,11.119544400969158,0.0,5758577851,,"{""access_condition"": ""Free Access"", ""charger_capacities"": null, ""connector_types_normalized"": ""CCS"", ""data_provider"": ""OpenStreetMap"", ""latitude"": -36.223187952884, ""longitude"": 150.128452352735, ""number_of_plugs"": 4, ""number_of_plugs_quality"": ""valid"", ""number_of_plugs_raw"": 4, ""number_of_plugs_semantics"": ""OSM charge_points_count; values above 100 are withheld as suspicious"", ""opening_hours"": ""24/7"", ""operator"": ""Tesla"", ""osm_last_updated"": ""2026-03-29"", ""plug_types"": ""CCS"", ""power_kw_max"": null, ""power_kw_min"": null, ""power_kw_values"": [], ""station_name"": ""Tesla Supercharger""}",1,1,,unmatched,unmatched,,,,,{},0,0,,unmatched,unmatched,,,,,{},0,0,,accepted,accepted
238,,"188 Raglan Street, Sydney NSW 2088",Evie Networks,4,DC,50 kW,-33.83108413,151.2436587,Mosman Municipal Council,2088,Existing Fast Chargers,accepted,coordinate_and_fuzzy_address,14.931991778724141,0.9680000000000001,272686,"188 Raglan St, Mosman, New South Wales, 2088","{""charger_capacities"": ""50 kW"", ""connector_types_normalized"": ""CCS;CHAdeMO"", ""data_provider"": ""Open Charge Map"", ""general_comments"": """", ""is_operational"": true, ""last_verified"": ""2023-07-16T22:00:00Z"", ""latitude"": -33.83121718107124, ""longitude"": 151.24368057896396, ""number_of_plugs"": 1.0, ""number_of_plugs_quality"": ""reported_or_derived_from_connection_quantity"", ""number_of_plugs_semantics"": ""OCM NumberOfPoints or positive connection Quantity"", ""operational_status"": ""operational"", ""operator"": ""Evie"", ""plug_types"": ""CCS (Type 2); CHAdeMO"", ""power_kw_max"": 50.0, ""power_kw_min"": 50.0, ""power_kw_values"": [50.0], ""station_address"": ""188 Raglan St, Mosman, New South Wales, 2088"", ""station_name"": ""Raglan Street West"", ""status"": ""Operational"", ""usage_cost"": """"}",1,1,,accepted,coordinate_500m,3.893662367980446,0.0,13149077271,,"{""access_condition"": ""Free Access"", ""charger_capacities"": null, ""connector_types_normalized"": """", ""data_provider"": ""OpenStreetMap"", ""latitude"": -33.8311185157106, ""longitude"": 151.243666665447, ""number_of_plugs"": null, ""number_of_plugs_quality"": ""missing_or_suspicious"", ""number_of_plugs_raw"": null, ""number_of_plugs_semantics"": ""OSM charge_points_count; values above 100 are withheld as suspicious"", ""opening_hours"": """", ""operator"": """", ""osm_last_updated"": ""2025-09-17"", ""plug_types"": """", ""power_kw_max"": null, ""power_kw_min"": null, ""power_kw_values"": [], ""station_name"": """"}",1,1,,unmatched,unmatched,,,,,{},0,0,,unmatched,unmatched,,,,,{},0,0,,unmatched,unmatched,,,,,{},0,0,,accepted,accepted
245,,"19 Princes Highway, Figtree NSW 2525",Tesla,6,DC,175 kW,-34.4366153,150.8632982,Wollongong City Council,2525,Fast Charging R1,accepted,coordinate_500m,151.1060032235541,0.45159090909090904,171646,"Figtree Grove Shopping Centre, The Avenue, Figtree, New South Wales, 2525","{""charger_capacities"": ""250 kW"", ""connector_types_normalized"": ""CCS"", ""data_provider"": ""Open Charge Map"", ""general_comments"": """", ""is_operational"": true, ""last_verified"": ""2023-08-30T06:17:00Z"", ""latitude"": -34.43797320339262, ""longitude"": 150.8633622012107, ""number_of_plugs"": 6.0, ""number_of_plugs_quality"": ""reported_or_derived_from_connection_quantity"", ""number_of_plugs_semantics"": ""OCM NumberOfPoints or positive connection Quantity"", ""operational_status"": ""operational"", ""operator"": ""Tesla (including non-tesla)"", ""plug_types"": ""CCS (Type 2)"", ""power_kw_max"": 250.0, ""power_kw_min"": 250.0, ""power_kw_values"": [250.0], ""station_address"": ""Figtree Grove Shopping Centre, The Avenue, Figtree, New South Wales, 2525"", ""station_name"": ""Wollongong Supercharger"", ""status"": ""Operational"", ""usage_cost"": ""$0.69/kWh""}",1,1,,accepted,coordinate_500m,5.023245389456757,0.0,6914659544,,"{""access_condition"": ""Free Access"", ""charger_capacities"": null, ""connector_types_normalized"": """", ""data_provider"": ""OpenStreetMap"", ""latitude"": -34.4365810166788, ""longitude"": 150.863333869454, ""number_of_plugs"": null, ""number_of_plugs_quality"": ""missing_or_suspicious"", ""number_of_plugs_raw"": null, ""number_of_plugs_semantics"": ""OSM charge_points_count; values above 100 are withheld as suspicious"", ""opening_hours"": """", ""operator"": ""Chargefox"", ""osm_last_updated"": ""2022-12-15"", ""plug_types"": """", ""power_kw_max"": null, ""power_kw_min"": null, ""power_kw_values"": [], ""station_name"": """"}",2,2,129.25699935587707,accepted,coordinate_500m,134.28024474533382,0.0,10815562193,,"{""access_condition"": ""Free Access"", ""charger_capacities"": null, ""connector_types_normalized"": ""CCS"", ""data_provider"": ""OpenStreetMap"", ""latitude"": -34.4378190237775, ""longitude"": 150.86341559301, ""number_of_plugs"": 4, ""number_of_plugs_quality"": ""valid"", ""number_of_plugs_raw"": 4, ""number_of_plugs_semantics"": ""OSM charge_points_count; values above 100 are withheld as suspicious"", ""opening_hours"": ""24/7"", ""operator"": ""Tesla"", ""osm_last_updated"": ""2026-03-29"", ""plug_types"": ""CCS"", ""power_kw_max"": null, ""power_kw_min"": null, ""power_kw_values"": [], ""station_name"": ""Wollongong Supercharger""}",1,1,,unmatched,unmatched,,,,,{},0,0,,unmatched,unmatched,,,,,{},0,0,,accepted,accepted
246,,"1-9 Railway Parade, Kogarah NSW 2217",Evie Networks,4,DC,150 kW,-33.96168115,151.1325903,Georges River Council,2217,ARENA - Driving the Nation,unmatched,unmatched,,,,,{},0,0,,unmatched,unmatched,,,,,{},0,0,,unmatched,unmatched,,,,,{},0,0,,unmatched,unmatched,,,,,{},0,0,,unmatched,unmatched,,,,,{},0,0,,unmatched,unmatched
247,,"19 Richmond Road, Sydney NSW 2140",JOLT,2,DC,25 kW,-33.86603808,151.0644525,Strathfield,2140,Existing Fast Chargers,accepted,coordinate_500m,1.7327126345864372,0.8,190417,"19 Richmond Road, Strathfield, Sydney, New South Wales, 2135","{""charger_capacities"": ""25 kW"", ""connector_types_normalized"": ""CCS;CHAdeMO"", ""data_provider"": ""Open Charge Map"", ""general_comments"": """", ""is_operational"": true, ""last_verified"": ""2022-01-25T14:22:00Z"", ""latitude"": -33.86602668667314, ""longitude"": 151.06443969723887, ""number_of_plugs"": 1.0, ""number_of_plugs_quality"": ""reported_or_derived_from_connection_quantity"", ""number_of_plugs_semantics"": ""OCM NumberOfPoints or positive connection Quantity"", ""operational_status"": ""operational"", ""operator"": ""(Unknown Operator)"", ""plug_types"": ""CCS (Type 2); CHAdeMO"", ""power_kw_max"": 25.0, ""power_kw_min"": 25.0, ""power_kw_values"": [25.0], ""station_address"": ""19 Richmond Road, Strathfield, Sydney, New South Wales, 2135"", ""station_name"": ""Richmond Tavistock No. 3 [Jolt]"", ""status"": ""Operational"", ""usage_cost"": ""Free up to 7kWh, charges thereafter""}",1,1,,accepted,coordinate_500m,5.586181476385808,0.0,9290610873,,"{""access_condition"": ""Free Access"", ""charger_capacities"": null, ""connector_types_normalized"": ""CCS;CHAdeMO"", ""data_provider"": ""OpenStreetMap"", ""latitude"": -33.866086474646, ""longitude"": 151.064436262249, ""number_of_plugs"": 1, ""number_of_plugs_quality"": ""valid"", ""number_of_plugs_raw"": 1, ""number_of_plugs_semantics"": ""OSM charge_points_count; values above 100 are withheld as suspicious"", ""opening_hours"": """", ""operator"": ""Jolt"", ""osm_last_updated"": ""2024-04-24"", ""plug_types"": ""CCS|CHAdeMO"", ""power_kw_max"": null, ""power_kw_min"": null, ""power_kw_values"": [], ""station_name"": """"}",1,1,,accepted,coordinate_500m,5.586181476385808,0.0,9290610873,,"{""access_condition"": ""Free Access"", ""charger_capacities"": null, ""connector_types_normalized"": ""CCS;CHAdeMO"", ""data_provider"": ""OpenStreetMap"", ""latitude"": -33.866086474646, ""longitude"": 151.064436262249, ""number_of_plugs"": 1, ""number_of_plugs_quality"": ""valid"", ""number_of_plugs_raw"": 1, ""number_of_plugs_semantics"": ""OSM charge_points_count; values above 100 are withheld as suspicious"", ""opening_hours"": """", ""operator"": ""Jolt"", ""osm_last_updated"": ""2024-04-24"", ""plug_types"": ""CCS|CHAdeMO"", ""power_kw_max"": null, ""power_kw_min"": null, ""power_kw_values"": [], ""station_name"": """"}",1,1,,accepted,coordinate_500m,329.5741719628387,0.48785412899336955,ac6d79e9-3d3d-4a6b-a3b2-99a06fe51e25-141,"9 Hornsey Rd, Homebush West NSW 2140, Austral, Homebush West, NSW 2140","{""charger_capacities"": 22.0, ""connector_types_normalized"": ""Type2"", ""data_provider"": ""Charge@Large"", ""dc_port_count"": 2, ""latitude"": -33.865967, ""longitude"": 151.068021, ""number_of_plugs"": 2, ""number_of_plugs_quality"": ""reported_from_dc_port_count"", ""number_of_plugs_semantics"": ""Charge@Large DC-indicated port count"", ""operator"": """", ""plug_types"": ""TYPE2"", ""power_kw_max"": 22.0, ""power_kw_min"": 22.0, ""power_kw_values"": [22.0], ""station_address"": ""9 Hornsey Rd, Homebush West NSW 2140, Austral, Homebush West, NSW 2140"", ""station_name"": ""9 Hornsey Road-Homebush West"", ""status_counts"": ""{\""Available\"": 2}"", ""total_port_count"": 2}",4,4,50.24783270254284,unmatched,unmatched,,,,,{},0,0,,accepted,accepted
248,,"19 Windsor Road, Sydney NSW 2155",BP,2,DC,75 kW,-33.71274679,150.9591602,The Hills Shire Council,2155,Existing Fast Chargers,unmatched,unmatched,,,,,{},0,0,,accepted,coordinate_500m,2.1466510110786805,0.0,11365173050,,"{""access_condition"": ""Free Access"", ""charger_capacities"": null, ""connector_types_normalized"": """", ""data_provider"": ""OpenStreetMap"", ""latitude"": -33.7127533024078, ""longitude"": 150.959138352175, ""number_of_plugs"": null, ""number_of_plugs_quality"": ""missing_or_suspicious"", ""number_of_plugs_raw"": null, ""number_of_plugs_semantics"": ""OSM charge_points_count; values above 100 are withheld as suspicious"", ""opening_hours"": """", ""operator"": ""bp pulse"", ""osm_last_updated"": ""2025-09-01"", ""plug_types"": """", ""power_kw_max"": null, ""power_kw_min"": null, ""power_kw_values"": [], ""station_name"": """"}",1,1,,unmatched,unmatched,,,,,{},0,0,,unmatched,unmatched,,,,,{},0,0,,unmatched,unmatched,,,,,{},0,0,,accepted,unmatched
253,,197-215 Condamine Street Balgowlah NSW 2093,Tesla,6,DC,175 kW,-33.7930342,151.2641426,Northern Beaches Council,2093,Fast Charging R3,unmatched,unmatched,,,,,{},0,0,,accepted,coordinate_500m,49.624834883668235,0.0,12968478808,,"{""access_condition"": ""Free Access"", ""charger_capacities"": null, ""connector_types_normalized"": ""CCS"", ""data_provider"": ""OpenStreetMap"", ""latitude"": -33.7932339059279, ""longitude"": 151.264622848304, ""number_of_plugs"": 8, ""number_of_plugs_quality"": ""valid"", ""number_of_plugs_raw"": 8, ""number_of_plugs_semantics"": ""OSM charge_points_count; values above 100 are withheld as suspicious"", ""opening_hours"": """", ""operator"": ""Tesla"", ""osm_last_updated"": ""2025-07-02"", ""plug_types"": ""CCS"", ""power_kw_max"": null, ""power_kw_min"": null, ""power_kw_values"": [], ""station_name"": ""Tesla Supercharger""}",1,1,,accepted,coordinate_500m,49.624834883668235,0.0,12968478808,,"{""access_condition"": ""Free Access"", ""charger_capacities"": null, ""connector_types_normalized"": ""CCS"", ""data_provider"": ""OpenStreetMap"", ""latitude"": -33.7932339059279, ""longitude"": 151.264622848304, ""number_of_plugs"": 8, ""number_of_plugs_quality"": ""valid"", ""number_of_plugs_raw"": 8, ""number_of_plugs_semantics"": ""OSM charge_points_count; values above 100 are withheld as suspicious"", ""opening_hours"": """", ""operator"": ""Tesla"", ""osm_last_updated"": ""2025-07-02"", ""plug_types"": ""CCS"", ""power_kw_max"": null, ""power_kw_min"": null, ""power_kw_values"": [], ""station_name"": ""Tesla Supercharger""}",1,1,,unmatched,unmatched,,,,,{},0,0,,unmatched,unmatched,,,,,{},0,0,,accepted,accepted
255,,"198 Great Western Highway, Hazelbrook NSW 2779",Ampol,2,DC,125 kW,-33.7211325,150.4521067,Blue Mountains City Council,2779,ARENA - Driving the Nation,unmatched,unmatched,,,,,{},0,0,,accepted,coordinate_500m,23.289967416692576,0.0,11335199123,,"{""access_condition"": ""Free Access"", ""charger_capacities"": null, ""connector_types_normalized"": ""CCS;CHAdeMO"", ""data_provider"": ""OpenStreetMap"", ""latitude"": -33.7210003407592, ""longitude"": 150.451911337305, ""number_of_plugs"": 2, ""number_of_plugs_quality"": ""valid"", ""number_of_plugs_raw"": 2, ""number_of_plugs_semantics"": ""OSM charge_points_count; values above 100 are withheld as suspicious"", ""opening_hours"": """", ""operator"": ""AmpCharge"", ""osm_last_updated"": ""2025-12-23"", ""plug_types"": ""CCS|CHAdeMO"", ""power_kw_max"": null, ""power_kw_min"": null, ""power_kw_values"": [], ""station_name"": """"}",1,1,,accepted,coordinate_500m,23.289967416692576,0.0,11335199123,,"{""access_condition"": ""Free Access"", ""charger_capacities"": null, ""connector_types_normalized"": ""CCS;CHAdeMO"", ""data_provider"": ""OpenStreetMap"", ""latitude"": -33.7210003407592, ""longitude"": 150.451911337305, ""number_of_plugs"": 2, ""number_of_plugs_quality"": ""valid"", ""number_of_plugs_raw"": 2, ""number_of_plugs_semantics"": ""OSM charge_points_count; values above 100 are withheld as suspicious"", ""opening_hours"": """", ""operator"": ""AmpCharge"", ""osm_last_updated"": ""2025-12-23"", ""plug_types"": ""CCS|CHAdeMO"", ""power_kw_max"": null, ""power_kw_min"": null, ""power_kw_values"": [], ""station_name"": """"}",1,1,,unmatched,unmatched,,,,,{},0,0,,unmatched,unmatched,,,,,{},0,0,,accepted,accepted
256,,"1985 Camden Valley Way, Prestons NSW 2170",Evie Networks,4,DC,150 kW,-33.95224765,150.8557529,Liverpool City Council,2170,ARENA - Driving the Nation,unmatched,unmatched,,,,,{},0,0,,accepted,coordinate_500m,3.4040564643133084,0.0,9408929771,,"{""access_condition"": ""Free Access"", ""charger_capacities"": null, ""connector_types_normalized"": """", ""data_provider"": ""OpenStreetMap"", ""latitude"": -33.9522711309138, ""longitude"": 150.855729220162, ""number_of_plugs"": 2, ""number_of_plugs_quality"": ""valid"", ""number_of_plugs_raw"": 2, ""number_of_plugs_semantics"": ""OSM charge_points_count; values above 100 are withheld as suspicious"", ""opening_hours"": """", ""operator"": """", ""osm_last_updated"": ""2022-01-11"", ""plug_types"": """", ""power_kw_max"": null, ""power_kw_min"": null, ""power_kw_values"": [], ""station_name"": """"}",1,1,,unmatched,unmatched,,,,,{},0,0,,unmatched,unmatched,,,,,{},0,0,,unmatched,unmatched,,,,,{},0,0,,accepted,unmatched
263,,"2 Coast Hospital Road, Sydney NSW 2036",Evie Networks,2,DC,75 kW,-33.98102507,151.2497087,Randwick City Council,2036,Existing Fast Chargers,unmatched,unmatched,,,,,{},0,0,,unmatched,unmatched,,,,,{},0,0,,unmatched,unmatched,,,,,{},0,0,,unmatched,unmatched,,,,,{},0,0,,unmatched,unmatched,,,,,{},0,0,,unmatched,unmatched
264,,"2 Corkwood Road, Valla NSW 2448",BP,2,DC,75 kW,-30.6267528,152.9724735,Nambucca Valley Council,2448,Existing Fast Chargers,unmatched,unmatched,,,,,{},0,0,,accepted,coordinate_500m,6.193017408252471,0.0,11495572569,,"{""access_condition"": ""Free Access"", ""charger_capacities"": null, ""connector_types_normalized"": ""CCS;CHAdeMO"", ""data_provider"": ""OpenStreetMap"", ""latitude"": -30.6267085505729, ""longitude"": 152.972434194984, ""number_of_plugs"": 2, ""number_of_plugs_quality"": ""valid"", ""number_of_plugs_raw"": 2, ""number_of_plugs_semantics"": ""OSM charge_points_count; values above 100 are withheld as suspicious"", ""opening_hours"": """", ""operator"": ""bp pulse"", ""osm_last_updated"": ""2026-06-11"", ""plug_types"": ""CCS|CHAdeMO"", ""power_kw_max"": null, ""power_kw_min"": null, ""power_kw_values"": [], ""station_name"": ""bp pulse""}",1,1,,accepted,coordinate_500m,6.193017408252471,0.0,11495572569,,"{""access_condition"": ""Free Access"", ""charger_capacities"": null, ""connector_types_normalized"": ""CCS;CHAdeMO"", ""data_provider"": ""OpenStreetMap"", ""latitude"": -30.6267085505729, ""longitude"": 152.972434194984, ""number_of_plugs"": 2, ""number_of_plugs_quality"": ""valid"", ""number_of_plugs_raw"": 2, ""number_of_plugs_semantics"": ""OSM charge_points_count; values above 100 are withheld as suspicious"", ""opening_hours"": """", ""operator"": ""bp pulse"", ""osm_last_updated"": ""2026-06-11"", ""plug_types"": ""CCS|CHAdeMO"", ""power_kw_max"": null, ""power_kw_min"": null, ""power_kw_values"": [], ""station_name"": ""bp pulse""}",1,1,,unmatched,unmatched,,,,,{},0,0,,unmatched,unmatched,,,,,{},0,0,,accepted,accepted
267,,"2 Hannabus Place, Windsor NSW 2756",Exploren,2,DC,60 kW,-33.62676281,150.8353483,Hawkesbury City Council,2756,Existing Fast Chargers,unmatched,unmatched,,,,,{},0,0,,unmatched,unmatched,,,,,{},0,0,,unmatched,unmatched,,,,,{},0,0,,accepted,coordinate_and_fuzzy_address,0.1016100966397112,0.925,15d06bf5-6b4a-425d-9312-bae4b17cc22b-1735,"2 Hannabus Pl, Mulgrave, NSW 2756","{""charger_capacities"": 60.0, ""connector_types_normalized"": ""CCS"", ""data_provider"": ""Charge@Large"", ""dc_port_count"": 2, ""latitude"": -33.6267619, ""longitude"": 150.8353484, ""number_of_plugs"": 2, ""number_of_plugs_quality"": ""reported_from_dc_port_count"", ""number_of_plugs_semantics"": ""Charge@Large DC-indicated port count"", ""operator"": """", ""plug_types"": ""CCS2"", ""power_kw_max"": 60.0, ""power_kw_min"": 60.0, ""power_kw_values"": [60.0], ""station_address"": ""2 Hannabus Pl, Mulgrave, NSW 2756"", ""station_name"": ""2 Hannabus Place"", ""status_counts"": ""{\""Available\"": 2}"", ""total_port_count"": 2}",1,1,,accepted,coordinate_and_fuzzy_address,0.1016100966397112,0.925,15d06bf5-6b4a-425d-9312-bae4b17cc22b-1735,"2 Hannabus Pl, Mulgrave, NSW 2756","{""charger_capacities"": 60.0, ""connector_types_normalized"": ""CCS"", ""data_provider"": ""Charge@Large"", ""dc_port_count"": 2, ""latitude"": -33.6267619, ""longitude"": 150.8353484, ""number_of_plugs"": 2, ""number_of_plugs_quality"": ""reported_from_dc_port_count"", ""number_of_plugs_semantics"": ""Charge@Large DC-indicated port count"", ""operator"": """", ""plug_types"": ""CCS2"", ""power_kw_max"": 60.0, ""power_kw_min"": 60.0, ""power_kw_values"": [60.0], ""station_address"": ""2 Hannabus Pl, Mulgrave, NSW 2756"", ""station_name"": ""2 Hannabus Place"", ""status_counts"": ""{\""Available\"": 2}"", ""total_port_count"": 2}",1,1,,accepted,accepted
269,,"2 Hercules Street, Murrumbateman NSW 2582",Evie Networks,2,DC,50 kW,-34.96936041,149.03,Yass Valley Council,2582,Existing Fast Chargers,accepted,coordinate_and_fuzzy_address,6.1458994151945,1.0,272500,"2 Hercules Street, Murrumbateman, New South Wales, 2582","{""charger_capacities"": ""50 kW"", ""connector_types_normalized"": ""CCS;CHAdeMO"", ""data_provider"": ""Open Charge Map"", ""general_comments"": """", ""is_operational"": true, ""last_verified"": ""2023-09-18T05:45:00Z"", ""latitude"": -34.96941392055333, ""longitude"": 149.03001688933142, ""number_of_plugs"": 1.0, ""number_of_plugs_quality"": ""reported_or_derived_from_connection_quantity"", ""number_of_plugs_semantics"": ""OCM NumberOfPoints or positive connection Quantity"", ""operational_status"": ""operational"", ""operator"": ""Evie"", ""plug_types"": ""CCS (Type 2); CHAdeMO"", ""power_kw_max"": 50.0, ""power_kw_min"": 50.0, ""power_kw_values"": [50.0], ""station_address"": ""2 Hercules Street, Murrumbateman, New South Wales, 2582"", ""station_name"": ""Murrumbateman Country Inn"", ""status"": ""Operational"", ""usage_cost"": ""Pricing set to 50c per kWh of charging.""}",1,1,,accepted,coordinate_500m,14.154531269629295,0.0,9366472089,,"{""access_condition"": ""Free Access"", ""charger_capacities"": null, ""connector_types_normalized"": ""CCS;CHAdeMO"", ""data_provider"": ""OpenStreetMap"", ""latitude"": -34.9692613569156, ""longitude"": 149.030097567704, ""number_of_plugs"": 2, ""number_of_plugs_quality"": ""valid"", ""number_of_plugs_raw"": 2, ""number_of_plugs_semantics"": ""OSM charge_points_count; values above 100 are withheld as suspicious"", ""opening_hours"": """", ""operator"": ""Evie Networks"", ""osm_last_updated"": ""2025-10-20"", ""plug_types"": ""CCS|CHAdeMO"", ""power_kw_max"": null, ""power_kw_min"": null, ""power_kw_values"": [], ""station_name"": """"}",1,1,,accepted,coordinate_500m,14.154531269629295,0.0,9366472089,,"{""access_condition"": ""Free Access"", ""charger_capacities"": null, ""connector_types_normalized"": ""CCS;CHAdeMO"", ""data_provider"": ""OpenStreetMap"", ""latitude"": -34.9692613569156, ""longitude"": 149.030097567704, ""number_of_plugs"": 2, ""number_of_plugs_quality"": ""valid"", ""number_of_plugs_raw"": 2, ""number_of_plugs_semantics"": ""OSM charge_points_count; values above 100 are withheld as suspicious"", ""opening_hours"": """", ""operator"": ""Evie Networks"", ""osm_last_updated"": ""2025-10-20"", ""plug_types"": ""CCS|CHAdeMO"", ""power_kw_max"": null, ""power_kw_min"": null, ""power_kw_values"": [], ""station_name"": """"}",1,1,,unmatched,unmatched,,,,,{},0,0,,unmatched,unmatched,,,,,{},0,0,,accepted,accepted
276,,"2 Ocean Drive, Kew NSW 2439",Tesla,8,DC,250 kW,-31.63426031,152.7250501,Port Macquarie-Hastings Council,2439,Existing Fast Chargers,accepted,coordinate_and_fuzzy_address,13.144312672216373,1.0,460617,"2 Ocean Drive, Kew, NSW, 2439","{""charger_capacities"": ""250 kW"", ""connector_types_normalized"": ""CCS"", ""data_provider"": ""Open Charge Map"", ""general_comments"": """", ""is_operational"": true, ""last_verified"": ""2025-09-01T05:09:00Z"", ""latitude"": -31.63433387636207, ""longitude"": 152.7251587763015, ""number_of_plugs"": 8.0, ""number_of_plugs_quality"": ""reported_or_derived_from_connection_quantity"", ""number_of_plugs_semantics"": ""OCM NumberOfPoints or positive connection Quantity"", ""operational_status"": ""operational"", ""operator"": ""Tesla (including non-tesla)"", ""plug_types"": ""CCS (Type 2)"", ""power_kw_max"": 250.0, ""power_kw_min"": 250.0, ""power_kw_values"": [250.0], ""station_address"": ""2 Ocean Drive, Kew, NSW, 2439"", ""station_name"": ""Kew Tesla Supercharger"", ""status"": ""Operational"", ""usage_cost"": ""$0.52/kWh - $0.72/kWh""}",1,1,,accepted,coordinate_500m,9.526318249515622,0.0,12753915088,,"{""access_condition"": ""Free Access"", ""charger_capacities"": null, ""connector_types_normalized"": ""CCS"", ""data_provider"": ""OpenStreetMap"", ""latitude"": -31.6342820436354, ""longitude"": 152.725147431883, ""number_of_plugs"": 8, ""number_of_plugs_quality"": ""valid"", ""number_of_plugs_raw"": 8, ""number_of_plugs_semantics"": ""OSM charge_points_count; values above 100 are withheld as suspicious"", ""opening_hours"": ""24/7"", ""operator"": ""Tesla"", ""osm_last_updated"": ""2026-03-29"", ""plug_types"": ""CCS"", ""power_kw_max"": null, ""power_kw_min"": null, ""power_kw_values"": [], ""station_name"": ""Kew Supercharger""}",2,2,143.1949380503216,accepted,coordinate_500m,9.526318249515622,0.0,12753915088,,"{""access_condition"": ""Free Access"", ""charger_capacities"": null, ""connector_types_normalized"": ""CCS"", ""data_provider"": ""OpenStreetMap"", ""latitude"": -31.6342820436354, ""longitude"": 152.725147431883, ""number_of_plugs"": 8, ""number_of_plugs_quality"": ""valid"", ""number_of_plugs_raw"": 8, ""number_of_plugs_semantics"": ""OSM charge_points_count; values above 100 are withheld as suspicious"", ""opening_hours"": ""24/7"", ""operator"": ""Tesla"", ""osm_last_updated"": ""2026-03-29"", ""plug_types"": ""CCS"", ""power_kw_max"": null, ""power_kw_min"": null, ""power_kw_values"": [], ""station_name"": ""Kew Supercharger""}",1,1,,unmatched,unmatched,,,,,{},0,0,,unmatched,unmatched,,,,,{},0,0,,accepted,accepted
278,,"2 Premier Street, Sydney NSW 2217",JOLT,2,DC,25 kW,-33.96242247,151.1343213,Georges River Council,2217,Existing Fast Chargers,unmatched,unmatched,,,,,{},0,0,,unmatched,unmatched,,,,,{},0,0,,unmatched,unmatched,,,,,{},0,0,,unmatched,unmatched,,,,,{},0,0,,unmatched,unmatched,,,,,{},0,0,,unmatched,unmatched
280,,"2 Riddell Street, Sydney NSW 2023",Chargefox,2,DC,40 kW,-33.88578883,151.2573263,Woollahra Municipal Council,2023,Existing Fast Chargers,unmatched,unmatched,,,,,{},0,0,,accepted,coordinate_500m,13.281297647719931,0.0,13329798300,,"{""access_condition"": ""Free Access"", ""charger_capacities"": null, ""connector_types_normalized"": """", ""data_provider"": ""OpenStreetMap"", ""latitude"": -33.8858816800948, ""longitude"": 151.257235793218, ""number_of_plugs"": null, ""number_of_plugs_quality"": ""missing_or_suspicious"", ""number_of_plugs_raw"": null, ""number_of_plugs_semantics"": ""OSM charge_points_count; values above 100 are withheld as suspicious"", ""opening_hours"": """", ""operator"": """", ""osm_last_updated"": ""2025-11-25"", ""plug_types"": """", ""power_kw_max"": null, ""power_kw_min"": null, ""power_kw_values"": [], ""station_name"": """"}",2,2,364.5531547522395,unmatched,unmatched,,,,,{},0,0,,accepted,coordinate_500m,305.46826611788583,0.36948051948051946,baaffa39-0adb-422e-a7bf-4b391d232b5d-158,"165 Victoria Rd, Bellevue Hill NSW 2023, Aust, Bellevue Hill, NSW 2023","{""charger_capacities"": 22.0, ""connector_types_normalized"": ""Type2"", ""data_provider"": ""Charge@Large"", ""dc_port_count"": 1, ""latitude"": -33.888282, ""longitude"": 151.258716, ""number_of_plugs"": 1, ""number_of_plugs_quality"": ""reported_from_dc_port_count"", ""number_of_plugs_semantics"": ""Charge@Large DC-indicated port count"", ""operator"": """", ""plug_types"": ""TYPE2"", ""power_kw_max"": 22.0, ""power_kw_min"": 22.0, ""power_kw_values"": [22.0], ""station_address"": ""165 Victoria Rd, Bellevue Hill NSW 2023, Aust, Bellevue Hill, NSW 2023"", ""station_name"": ""Opposite 165 Victoria Rd, Bellevue Hill NSW 2023"", ""status_counts"": ""{\""Available\"": 1}"", ""total_port_count"": 1}",2,2,12.921790008355117,unmatched,unmatched,,,,,{},0,0,,accepted,unmatched
282,,"2 Rosenthal Avenue, Lane Cove NSW 2066",Evie Networks,4,DC,50 kW,-33.813936,151.169298,Lane Cove Municipal Council,2066,ARENA - Driving the Nation,accepted,coordinate_500m,3.713853887172802,0.7983870967741936,191165,"2 Rosenthal Ave, “The Canopy”, Lane Cove, NSW","{""charger_capacities"": ""50 kW"", ""connector_types_normalized"": ""CCS;CHAdeMO"", ""data_provider"": ""Open Charge Map"", ""general_comments"": """", ""is_operational"": true, ""last_verified"": ""2023-07-15T12:03:00Z"", ""latitude"": -33.81396420883535, ""longitude"": 151.16927647670855, ""number_of_plugs"": 2.0, ""number_of_plugs_quality"": ""reported_or_derived_from_connection_quantity"", ""number_of_plugs_semantics"": ""OCM NumberOfPoints or positive connection Quantity"", ""operational_status"": ""operational"", ""operator"": ""Evie"", ""plug_types"": ""CCS (Type 2); CHAdeMO"", ""power_kw_max"": 50.0, ""power_kw_min"": 50.0, ""power_kw_values"": [50.0], ""station_address"": ""2 Rosenthal Ave, “The Canopy”, Lane Cove, NSW"", ""station_name"": ""Evie Lane Cove"", ""status"": ""Operational"", ""usage_cost"": ""$0.40/kWh""}",1,1,,accepted,coordinate_500m,48.509529437537424,0.0,9347175037,,"{""access_condition"": ""Free Access"", ""charger_capacities"": null, ""connector_types_normalized"": """", ""data_provider"": ""OpenStreetMap"", ""latitude"": -33.8135004257921, ""longitude"": 151.169268641421, ""number_of_plugs"": null, ""number_of_plugs_quality"": ""missing_or_suspicious"", ""number_of_plugs_raw"": null, ""number_of_plugs_semantics"": ""OSM charge_points_count; values above 100 are withheld as suspicious"", ""opening_hours"": """", ""operator"": ""Evie Networks"", ""osm_last_updated"": ""2021-12-17"", ""plug_types"": """", ""power_kw_max"": null, ""power_kw_min"": null, ""power_kw_values"": [], ""station_name"": """"}",5,5,54.22262485299801,unmatched,unmatched,,,,,{},0,0,,accepted,coordinate_and_fuzzy_address,10.166108858848858,0.876923076923077,15d06bf5-6b4a-425d-9312-bae4b17cc22b-329,"12 Rosenthal Ave, Lane Cove, NSW 2066","{""charger_capacities"": 22.0, ""connector_types_normalized"": ""Type2"", ""data_provider"": ""Charge@Large"", ""dc_port_count"": 6, ""latitude"": -33.8140235, ""longitude"": 151.1692661, ""number_of_plugs"": 6, ""number_of_plugs_quality"": ""reported_from_dc_port_count"", ""number_of_plugs_semantics"": ""Charge@Large DC-indicated port count"", ""operator"": """", ""plug_types"": ""TYPE2"", ""power_kw_max"": 22.0, ""power_kw_min"": 22.0, ""power_kw_values"": [22.0], ""station_address"": ""12 Rosenthal Ave, Lane Cove, NSW 2066"", ""station_name"": ""The Canopy - Lane Cove"", ""status_counts"": ""{\""Available\"": 4, \""Missing\"": 2}"", ""total_port_count"": 6}",7,7,83.3467400562241,unmatched,unmatched,,,,,{},0,0,,accepted,accepted
285,,"2 Sentry Drive, Sydney NSW 2768",Chargefox,4,DC,40 kW,-33.71984389,150.918979,Blacktown City Council,2768,Existing Fast Chargers,unmatched,unmatched,,,,,{},0,0,,unmatched,unmatched,,,,,{},0,0,,unmatched,unmatched,,,,,{},0,0,,unmatched,unmatched,,,,,{},0,0,,unmatched,unmatched,,,,,{},0,0,,unmatched,unmatched
287,,"2 Stewart Street, Lithgow NSW 2790",Evie Networks,4,DC,150 kW,-33.48184889,150.1361812,"Lithgow Council, City of",2790,Existing Fast Chargers,unmatched,unmatched,,,,,{},0,0,,accepted,coordinate_500m,72.20806248845109,0.0,12015928951,,"{""access_condition"": ""Free Access"", ""charger_capacities"": null, ""connector_types_normalized"": ""CCS;CHAdeMO"", ""data_provider"": ""OpenStreetMap"", ""latitude"": -33.4812016346778, ""longitude"": 150.136244169925, ""number_of_plugs"": null, ""number_of_plugs_quality"": ""missing_or_suspicious"", ""number_of_plugs_raw"": null, ""number_of_plugs_semantics"": ""OSM charge_points_count; values above 100 are withheld as suspicious"", ""opening_hours"": """", ""operator"": ""Evie Networks"", ""osm_last_updated"": ""2025-11-30"", ""plug_types"": ""CCS|CHAdeMO"", ""power_kw_max"": null, ""power_kw_min"": null, ""power_kw_values"": [], ""station_name"": """"}",1,1,,accepted,coordinate_500m,72.20806248845109,0.0,12015928951,,"{""access_condition"": ""Free Access"", ""charger_capacities"": null, ""connector_types_normalized"": ""CCS;CHAdeMO"", ""data_provider"": ""OpenStreetMap"", ""latitude"": -33.4812016346778, ""longitude"": 150.136244169925, ""number_of_plugs"": null, ""number_of_plugs_quality"": ""missing_or_suspicious"", ""number_of_plugs_raw"": null, ""number_of_plugs_semantics"": ""OSM charge_points_count; values above 100 are withheld as suspicious"", ""opening_hours"": """", ""operator"": ""Evie Networks"", ""osm_last_updated"": ""2025-11-30"", ""plug_types"": ""CCS|CHAdeMO"", ""power_kw_max"": null, ""power_kw_min"": null, ""power_kw_values"": [], ""station_name"": """"}",1,1,,unmatched,unmatched,,,,,{},0,0,,unmatched,unmatched,,,,,{},0,0,,accepted,accepted
294,,"20 Owen Street, Sydney NSW 2761",Chargefox,2,DC,47 kW,-33.75074779,150.8580751,Blacktown City Council,2761,Existing Fast Chargers,unmatched,unmatched,,,,,{},0,0,,unmatched,unmatched,,,,,{},0,0,,unmatched,unmatched,,,,,{},0,0,,unmatched,unmatched,,,,,{},0,0,,unmatched,unmatched,,,,,{},0,0,,unmatched,unmatched
297,,"20 Smidmore Street, Marrickville NSW 2204",Evie Networks,4,DC,50 kW,-33.907982,151.170899,Inner West Council,2204,ARENA - Driving the Nation,accepted,coordinate_500m,28.55296262066656,0.6736363636363637,193048,"Smidmore Street, Sydney, New South Wales, 2044","{""charger_capacities"": ""50 kW"", ""connector_types_normalized"": ""CCS;CHAdeMO"", ""data_provider"": ""Open Charge Map"", ""general_comments"": """", ""is_operational"": true, ""last_verified"": ""2023-07-16T13:40:00Z"", ""latitude"": -33.90782667980605, ""longitude"": 151.17114538375472, ""number_of_plugs"": 2.0, ""number_of_plugs_quality"": ""reported_or_derived_from_connection_quantity"", ""number_of_plugs_semantics"": ""OCM NumberOfPoints or positive connection Quantity"", ""operational_status"": ""operational"", ""operator"": ""Evie"", ""plug_types"": ""CCS (Type 2); CHAdeMO"", ""power_kw_max"": 50.0, ""power_kw_min"": 50.0, ""power_kw_values"": [50.0], ""station_address"": ""Smidmore Street, Sydney, New South Wales, 2044"", ""station_name"": ""Marrickville Metro"", ""status"": ""Operational"", ""usage_cost"": """"}",1,1,,accepted,coordinate_500m,16.046282474856138,0.0,9737993455,,"{""access_condition"": ""Free Access"", ""charger_capacities"": null, ""connector_types_normalized"": """", ""data_provider"": ""OpenStreetMap"", ""latitude"": -33.9079872733343, ""longitude"": 151.17107276226, ""number_of_plugs"": 2, ""number_of_plugs_quality"": ""valid"", ""number_of_plugs_raw"": 2, ""number_of_plugs_semantics"": ""OSM charge_points_count; values above 100 are withheld as suspicious"", ""opening_hours"": """", ""operator"": ""Evie Networks"", ""osm_last_updated"": ""2022-05-13"", ""plug_types"": """", ""power_kw_max"": null, ""power_kw_min"": null, ""power_kw_values"": [], ""station_name"": """"}",2,2,55.90273023975746,unmatched,unmatched,,,,,{},0,0,,accepted,coordinate_and_fuzzy_address,119.00110193728082,0.9830508474576272,15d06bf5-6b4a-425d-9312-bae4b17cc22b-1043,"20 Smidmore St, Marrickville, NSW 2204","{""charger_capacities"": 22.0, ""connector_types_normalized"": ""Type2"", ""data_provider"": ""Charge@Large"", ""dc_port_count"": 4, ""latitude"": -33.908086, ""longitude"": 151.1721824, ""number_of_plugs"": 4, ""number_of_plugs_quality"": ""reported_from_dc_port_count"", ""number_of_plugs_semantics"": ""Charge@Large DC-indicated port count"", ""operator"": """", ""plug_types"": ""TYPE2"", ""power_kw_max"": 22.0, ""power_kw_min"": 22.0, ""power_kw_values"": [22.0], ""station_address"": ""20 Smidmore St, Marrickville, NSW 2204"", ""station_name"": ""Marrickville Metro"", ""status_counts"": ""{\""Available\"": 4}"", ""total_port_count"": 4}",2,2,221.8342887008623,unmatched,unmatched,,,,,{},0,0,,accepted,accepted
299,,"200 Crown Street, Wollongong NSW 2500",Evie Networks,4,DC,50 kW,-34.423975,150.892316,Wollongong City Council,2500,ARENA - Driving the Nation,accepted,coordinate_500m,85.69170069225267,0.6320199778024418,235461,"Regent Street, Wollongong, New South Wales, 2500","{""charger_capacities"": ""50 kW"", ""connector_types_normalized"": ""CCS;CHAdeMO"", ""data_provider"": ""Open Charge Map"", ""general_comments"": """", ""is_operational"": true, ""last_verified"": ""2023-07-12T21:49:00Z"", ""latitude"": -34.423975432207065, ""longitude"": 150.8913817469645, ""number_of_plugs"": 1.0, ""number_of_plugs_quality"": ""reported_or_derived_from_connection_quantity"", ""number_of_plugs_semantics"": ""OCM NumberOfPoints or positive connection Quantity"", ""operational_status"": ""operational"", ""operator"": ""Evie"", ""plug_types"": ""CCS (Type 2); CHAdeMO"", ""power_kw_max"": 50.0, ""power_kw_min"": 50.0, ""power_kw_values"": [50.0], ""station_address"": ""Regent Street, Wollongong, New South Wales, 2500"", ""station_name"": ""Wollongong Central - Regent St Carpark"", ""status"": ""Operational"", ""usage_cost"": ""50c per kWh energy consumed.""}",1,1,,unmatched,unmatched,,,,,{},0,0,,unmatched,unmatched,,,,,{},0,0,,accepted,coordinate_500m,207.48391876904924,0.5574224021592443,ac6d79e9-3d3d-4a6b-a3b2-99a06fe51e25-23,"10 Victoria St, Wollongong NSW 2500, Australi, Wollongong, NSW 2500","{""charger_capacities"": 22.0, ""connector_types_normalized"": ""Type2"", ""data_provider"": ""Charge@Large"", ""dc_port_count"": 2, ""latitude"": -34.42213, ""longitude"": 150.891978, ""number_of_plugs"": 2, ""number_of_plugs_quality"": ""reported_from_dc_port_count"", ""number_of_plugs_semantics"": ""Charge@Large DC-indicated port count"", ""operator"": """", ""plug_types"": ""TYPE2"", ""power_kw_max"": 22.0, ""power_kw_min"": 22.0, ""power_kw_values"": [22.0], ""station_address"": ""10 Victoria St, Wollongong NSW 2500, Australi, Wollongong, NSW 2500"", ""station_name"": ""10 Victoria St-Wollongong"", ""status_counts"": ""{\""Available\"": 2}"", ""total_port_count"": 2}",2,2,131.44549631303892,unmatched,unmatched,,,,,{},0,0,,accepted,accepted
302,,"201 Manning River Drive, Taree NSW 2430",Evie Networks,4,DC,150 kW,-31.94333438,152.4706146,Mid-Coast Council,2430,Existing Fast Chargers,accepted,coordinate_and_fuzzy_address,10.588365088729438,0.8587301587301588,172652,"Manning River Drive, Glenthorne, New South Wales, 2430","{""charger_capacities"": ""350 kW; 100 kW"", ""connector_types_normalized"": ""CCS;CHAdeMO"", ""data_provider"": ""Open Charge Map"", ""general_comments"": ""Station HS008"", ""is_operational"": true, ""last_verified"": ""2023-07-15T13:54:00Z"", ""latitude"": -31.94324179696902, ""longitude"": 152.4706408423865, ""number_of_plugs"": 4.0, ""number_of_plugs_quality"": ""reported_or_derived_from_connection_quantity"", ""number_of_plugs_semantics"": ""OCM NumberOfPoints or positive connection Quantity"", ""operational_status"": ""operational"", ""operator"": ""Evie"", ""plug_types"": ""CCS (Type 2); CHAdeMO"", ""power_kw_max"": 350.0, ""power_kw_min"": 100.0, ""power_kw_values"": [100.0, 350.0], ""station_address"": ""Manning River Drive, Glenthorne, New South Wales, 2430"", ""station_name"": ""Taree South Service Centre [Evie]"", ""status"": ""Operational"", ""usage_cost"": ""$0.60/kWh""}",1,1,,accepted,coordinate_500m,1.6385058496173774,0.0,7612252206,,"{""access_condition"": ""Free Access"", ""charger_capacities"": null, ""connector_types_normalized"": ""CCS;CHAdeMO"", ""data_provider"": ""OpenStreetMap"", ""latitude"": -31.9433485460856, ""longitude"": 152.470609819624, ""number_of_plugs"": 2, ""number_of_plugs_quality"": ""valid"", ""number_of_plugs_raw"": 2, ""number_of_plugs_semantics"": ""OSM charge_points_count; values above 100 are withheld as suspicious"", ""opening_hours"": """", ""operator"": ""Evie Networks"", ""osm_last_updated"": ""2026-01-16"", ""plug_types"": ""CCS|CHAdeMO"", ""power_kw_max"": null, ""power_kw_min"": null, ""power_kw_values"": [], ""station_name"": """"}",1,1,,accepted,coordinate_500m,1.6385058496173774,0.0,7612252206,,"{""access_condition"": ""Free Access"", ""charger_capacities"": null, ""connector_types_normalized"": ""CCS;CHAdeMO"", ""data_provider"": ""OpenStreetMap"", ""latitude"": -31.9433485460856, ""longitude"": 152.470609819624, ""number_of_plugs"": 2, ""number_of_plugs_quality"": ""valid"", ""number_of_plugs_raw"": 2, ""number_of_plugs_semantics"": ""OSM charge_points_count; values above 100 are withheld as suspicious"", ""opening_hours"": """", ""operator"": ""Evie Networks"", ""osm_last_updated"": ""2026-01-16"", ""plug_types"": ""CCS|CHAdeMO"", ""power_kw_max"": null, ""power_kw_min"": null, ""power_kw_values"": [], ""station_name"": """"}",1,1,,unmatched,unmatched,,,,,{},0,0,,unmatched,unmatched,,,,,{},0,0,,accepted,accepted
303,,"201 Sloane Street, Goulburn NSW 2580",Tesla,16,DC,130 kW,-34.75552357,149.720998,Goulburn Mulwaree Council,2580,Existing Fast Chargers,accepted,coordinate_500m,8.264609137530831,0.7926470588235295,79851,"201 Sloan St, Goulburn","{""charger_capacities"": ""120 kW"", ""connector_types_normalized"": ""CCS"", ""data_provider"": ""Open Charge Map"", ""general_comments"": ""8 Superchargers, available 24/7"", ""is_operational"": true, ""last_verified"": ""2021-12-19T02:14:00Z"", ""latitude"": -34.755597, ""longitude"": 149.720984, ""number_of_plugs"": 8.0, ""number_of_plugs_quality"": ""reported_or_derived_from_connection_quantity"", ""number_of_plugs_semantics"": ""OCM NumberOfPoints or positive connection Quantity"", ""operational_status"": ""operational"", ""operator"": ""Tesla (Tesla-only charging)"", ""plug_types"": ""CCS (Type 2)"", ""power_kw_max"": 120.0, ""power_kw_min"": 120.0, ""power_kw_values"": [120.0], ""station_address"": ""201 Sloan St, Goulburn"", ""station_name"": ""Goulburn Supercharger [Tesla]"", ""status"": ""Operational"", ""usage_cost"": ""$0.52/kWh""}",1,1,,accepted,coordinate_500m,4.867585329664243,0.0,4016257448,,"{""access_condition"": ""Free Access"", ""charger_capacities"": null, ""connector_types_normalized"": """", ""data_provider"": ""OpenStreetMap"", ""latitude"": -34.7554799106467, ""longitude"": 149.720994125511, ""number_of_plugs"": 8, ""number_of_plugs_quality"": ""valid"", ""number_of_plugs_raw"": 8, ""number_of_plugs_semantics"": ""OSM charge_points_count; values above 100 are withheld as suspicious"", ""opening_hours"": ""24/7"", ""operator"": ""Tesla"", ""osm_last_updated"": ""2026-03-29"", ""plug_types"": """", ""power_kw_max"": null, ""power_kw_min"": null, ""power_kw_values"": [], ""station_name"": ""Tesla Supercharger""}",1,1,,unmatched,unmatched,,,,,{},0,0,,unmatched,unmatched,,,,,{},0,0,,unmatched,unmatched,,,,,{},0,0,,accepted,accepted
305,,20-22 Camden Road Campbelltown NSW 2560,Tesla,12,DC,175 kW,-34.0725934,150.8078816,Campbelltown City Council,2560,Fast Charging R1,accepted,coordinate_and_fuzzy_address,131.0057767900788,1.0,266501,"20-22 Camden Road, Campbelltown, New South Wales, 2560","{""charger_capacities"": ""250 kW"", ""connector_types_normalized"": ""CCS"", ""data_provider"": ""Open Charge Map"", ""general_comments"": """", ""is_operational"": true, ""last_verified"": ""2023-06-08T03:24:00Z"", ""latitude"": -34.07151792013103, ""longitude"": 150.80730085250025, ""number_of_plugs"": 12.0, ""number_of_plugs_quality"": ""reported_or_derived_from_connection_quantity"", ""number_of_plugs_semantics"": ""OCM NumberOfPoints or positive connection Quantity"", ""operational_status"": ""operational"", ""operator"": ""Tesla (Tesla-only charging)"", ""plug_types"": ""CCS (Type 2)"", ""power_kw_max"": 250.0, ""power_kw_min"": 250.0, ""power_kw_values"": [250.0], ""station_address"": ""20-22 Camden Road, Campbelltown, New South Wales, 2560"", ""station_name"": ""Campbelltown Supercharger"", ""status"": ""Operational"", ""usage_cost"": ""$0.66/kWh""}",2,2,92.47955297929263,accepted,coordinate_500m,133.18445977313647,0.0,10774220953,,"{""access_condition"": ""Free Access"", ""charger_capacities"": null, ""connector_types_normalized"": ""CCS"", ""data_provider"": ""OpenStreetMap"", ""latitude"": -34.0714958245681, ""longitude"": 150.807302690758, ""number_of_plugs"": 12, ""number_of_plugs_quality"": ""valid"", ""number_of_plugs_raw"": 12, ""number_of_plugs_semantics"": ""OSM charge_points_count; values above 100 are withheld as suspicious"", ""opening_hours"": """", ""operator"": ""Tesla"", ""osm_last_updated"": ""2025-10-03"", ""plug_types"": ""CCS"", ""power_kw_max"": null, ""power_kw_min"": null, ""power_kw_values"": [], ""station_name"": ""Tesla Supercharger""}",3,3,81.6427480678802,accepted,coordinate_500m,133.18445977313647,0.0,10774220953,,"{""access_condition"": ""Free Access"", ""charger_capacities"": null, ""connector_types_normalized"": ""CCS"", ""data_provider"": ""OpenStreetMap"", ""latitude"": -34.0714958245681, ""longitude"": 150.807302690758, ""number_of_plugs"": 12, ""number_of_plugs_quality"": ""valid"", ""number_of_plugs_raw"": 12, ""number_of_plugs_semantics"": ""OSM charge_points_count; values above 100 are withheld as suspicious"", ""opening_hours"": """", ""operator"": ""Tesla"", ""osm_last_updated"": ""2025-10-03"", ""plug_types"": ""CCS"", ""power_kw_max"": null, ""power_kw_min"": null, ""power_kw_values"": [], ""station_name"": ""Tesla Supercharger""}",3,3,81.6427480678802,accepted,coordinate_and_fuzzy_address,206.81164772929608,0.8586206896551725,15d06bf5-6b4a-425d-9312-bae4b17cc22b-2578,"38 Camden Rd, Campbelltown, NSW 2560","{""charger_capacities"": 200.0, ""connector_types_normalized"": ""CCS;CHAdeMO"", ""data_provider"": ""Charge@Large"", ""dc_port_count"": 4, ""latitude"": -34.0716105, ""longitude"": 150.8059754, ""number_of_plugs"": 4, ""number_of_plugs_quality"": ""reported_from_dc_port_count"", ""number_of_plugs_semantics"": ""Charge@Large DC-indicated port count"", ""operator"": """", ""plug_types"": ""CCS2|CHADEMO"", ""power_kw_max"": 200.0, ""power_kw_min"": 200.0, ""power_kw_values"": [200.0], ""station_address"": ""38 Camden Rd, Campbelltown, NSW 2560"", ""station_name"": ""Genesis Care Campbelltown"", ""status_counts"": ""{\""Available\"": 4}"", ""total_port_count"": 4}",1,1,,accepted,coordinate_and_fuzzy_address,206.81164772929608,0.8586206896551725,15d06bf5-6b4a-425d-9312-bae4b17cc22b-2578,"38 Camden Rd, Campbelltown, NSW 2560","{""charger_capacities"": 200.0, ""connector_types_normalized"": ""CCS;CHAdeMO"", ""data_provider"": ""Charge@Large"", ""dc_port_count"": 4, ""latitude"": -34.0716105, ""longitude"": 150.8059754, ""number_of_plugs"": 4, ""number_of_plugs_quality"": ""reported_from_dc_port_count"", ""number_of_plugs_semantics"": ""Charge@Large DC-indicated port count"", ""operator"": """", ""plug_types"": ""CCS2|CHADEMO"", ""power_kw_max"": 200.0, ""power_kw_min"": 200.0, ""power_kw_values"": [200.0], ""station_address"": ""38 Camden Rd, Campbelltown, NSW 2560"", ""station_name"": ""Genesis Care Campbelltown"", ""status_counts"": ""{\""Available\"": 4}"", ""total_port_count"": 4}",1,1,,accepted,accepted
309,,"205 Old Hume Highway, Mittagong NSW 2575",Evie Networks,4,DC,150 kW,-34.44672777,150.436991,Wingecarribee Shire Council,2575,Existing Fast Chargers,unmatched,unmatched,,,,,{},0,0,,accepted,coordinate_500m,2.6373126631822554,0.0,11365114635,,"{""access_condition"": ""Free Access"", ""charger_capacities"": null, ""connector_types_normalized"": ""CCS;CHAdeMO"", ""data_provider"": ""OpenStreetMap"", ""latitude"": -34.4467455830192, ""longitude"": 150.437009989843, ""number_of_plugs"": null, ""number_of_plugs_quality"": ""missing_or_suspicious"", ""number_of_plugs_raw"": null, ""number_of_plugs_semantics"": ""OSM charge_points_count; values above 100 are withheld as suspicious"", ""opening_hours"": """", ""operator"": ""Evie Networks"", ""osm_last_updated"": ""2023-11-20"", ""plug_types"": ""CCS|CHAdeMO"", ""power_kw_max"": null, ""power_kw_min"": null, ""power_kw_values"": [], ""station_name"": """"}",1,1,,accepted,coordinate_500m,2.6373126631822554,0.0,11365114635,,"{""access_condition"": ""Free Access"", ""charger_capacities"": null, ""connector_types_normalized"": ""CCS;CHAdeMO"", ""data_provider"": ""OpenStreetMap"", ""latitude"": -34.4467455830192, ""longitude"": 150.437009989843, ""number_of_plugs"": null, ""number_of_plugs_quality"": ""missing_or_suspicious"", ""number_of_plugs_raw"": null, ""number_of_plugs_semantics"": ""OSM charge_points_count; values above 100 are withheld as suspicious"", ""opening_hours"": """", ""operator"": ""Evie Networks"", ""osm_last_updated"": ""2023-11-20"", ""plug_types"": ""CCS|CHAdeMO"", ""power_kw_max"": null, ""power_kw_min"": null, ""power_kw_values"": [], ""station_name"": """"}",1,1,,accepted,fuzzy_address_only,1754.9218280442685,0.8586206896551725,179ada28-f0c6-4431-a1fc-bbb2e5ec26d6-AUCHB25750001,"7-11 Old Hume Highway, Mittagong, NSW 2575","{""charger_capacities"": 22.0, ""connector_types_normalized"": ""Type2"", ""data_provider"": ""Charge@Large"", ""dc_port_count"": 4, ""latitude"": -34.44797, ""longitude"": 150.45607, ""number_of_plugs"": 4, ""number_of_plugs_quality"": ""reported_from_dc_port_count"", ""number_of_plugs_semantics"": ""Charge@Large DC-indicated port count"", ""operator"": """", ""plug_types"": ""TYPE2"", ""power_kw_max"": 22.0, ""power_kw_min"": 22.0, ""power_kw_values"": [22.0], ""station_address"": ""7-11 Old Hume Highway, Mittagong, NSW 2575"", ""station_name"": ""Mittagong Motel"", ""status_counts"": ""{\""Available\"": 2, \""Charging\"": 2}"", ""total_port_count"": 4}",1,0,,unmatched,unmatched,,,,,{},0,0,,accepted,accepted
311,,"2072 Camden Valley Way, Edmondson Park NSW 2174",Ampol,2,DC,125 kW,-33.9558559,150.8648944,Liverpool City Council,2174,ARENA - Driving the Nation,unmatched,unmatched,,,,,{},0,0,,accepted,coordinate_500m,38.530426794150486,0.0,11419886723,,"{""access_condition"": ""Free Access"", ""charger_capacities"": null, ""connector_types_normalized"": ""CCS;CHAdeMO"", ""data_provider"": ""OpenStreetMap"", ""latitude"": -33.9555586809765, ""longitude"": 150.865109156546, ""number_of_plugs"": null, ""number_of_plugs_quality"": ""missing_or_suspicious"", ""number_of_plugs_raw"": null, ""number_of_plugs_semantics"": ""OSM charge_points_count; values above 100 are withheld as suspicious"", ""opening_hours"": """", ""operator"": ""AmpCharge"", ""osm_last_updated"": ""2025-07-29"", ""plug_types"": ""CCS|CHAdeMO"", ""power_kw_max"": null, ""power_kw_min"": null, ""power_kw_values"": [], ""station_name"": """"}",1,1,,accepted,coordinate_500m,38.530426794150486,0.0,11419886723,,"{""access_condition"": ""Free Access"", ""charger_capacities"": null, ""connector_types_normalized"": ""CCS;CHAdeMO"", ""data_provider"": ""OpenStreetMap"", ""latitude"": -33.9555586809765, ""longitude"": 150.865109156546, ""number_of_plugs"": null, ""number_of_plugs_quality"": ""missing_or_suspicious"", ""number_of_plugs_raw"": null, ""number_of_plugs_semantics"": ""OSM charge_points_count; values above 100 are withheld as suspicious"", ""opening_hours"": """", ""operator"": ""AmpCharge"", ""osm_last_updated"": ""2025-07-29"", ""plug_types"": ""CCS|CHAdeMO"", ""power_kw_max"": null, ""power_kw_min"": null, ""power_kw_values"": [], ""station_name"": """"}",1,1,,accepted,coordinate_500m,257.32148848775233,0.34546268656716417,15d06bf5-6b4a-425d-9312-bae4b17cc22b-1554,"1 Kibby Rd, Edmondson Park, NSW 2174","{""charger_capacities"": 22.0, ""connector_types_normalized"": ""Type2"", ""data_provider"": ""Charge@Large"", ""dc_port_count"": 8, ""latitude"": -33.955083, ""longitude"": 150.8622647, ""number_of_plugs"": 8, ""number_of_plugs_quality"": ""reported_from_dc_port_count"", ""number_of_plugs_semantics"": ""Charge@Large DC-indicated port count"", ""operator"": """", ""plug_types"": ""TYPE2"", ""power_kw_max"": 22.0, ""power_kw_min"": 22.0, ""power_kw_values"": [22.0], ""station_address"": ""1 Kibby Rd, Edmondson Park, NSW 2174"", ""station_name"": ""The Edmondson Tavern"", ""status_counts"": ""{\""Available\"": 7, \""Charging\"": 1}"", ""total_port_count"": 8}",1,1,,unmatched,unmatched,,,,,{},0,0,,accepted,accepted
312,,"2090 Broke Road, Pokolbin NSW 2320",NRMA Electric,4,DC,75 kW,-32.77342947,151.2982713,Cessnock City Council,2320,Existing Fast Chargers,unmatched,unmatched,,,,,{},0,0,,accepted,coordinate_500m,353.24477910997155,0.0,7375482623,,"{""access_condition"": ""Free Access"", ""charger_capacities"": null, ""connector_types_normalized"": """", ""data_provider"": ""OpenStreetMap"", ""latitude"": -32.7742468591332, ""longitude"": 151.294620254838, ""number_of_plugs"": null, ""number_of_plugs_quality"": ""missing_or_suspicious"", ""number_of_plugs_raw"": null, ""number_of_plugs_semantics"": ""OSM charge_points_count; values above 100 are withheld as suspicious"", ""opening_hours"": """", ""operator"": ""NRMA"", ""osm_last_updated"": ""2022-12-15"", ""plug_types"": """", ""power_kw_max"": null, ""power_kw_min"": null, ""power_kw_values"": [], ""station_name"": """"}",1,1,,unmatched,unmatched,,,,,{},0,0,,accepted,coordinate_500m,496.14170199096486,0.47769230769230775,15d06bf5-6b4a-425d-9312-bae4b17cc22b-1251,"485 McDonalds Rd, Pokolbin, NSW 2320","{""charger_capacities"": 22.0, ""connector_types_normalized"": ""Type2"", ""data_provider"": ""Charge@Large"", ""dc_port_count"": 4, ""latitude"": -32.7712459, ""longitude"": 151.302899, ""number_of_plugs"": 4, ""number_of_plugs_quality"": ""reported_from_dc_port_count"", ""number_of_plugs_semantics"": ""Charge@Large DC-indicated port count"", ""operator"": """", ""plug_types"": ""TYPE2"", ""power_kw_max"": 22.0, ""power_kw_min"": 22.0, ""power_kw_values"": [22.0], ""station_address"": ""485 McDonalds Rd, Pokolbin, NSW 2320"", ""station_name"": ""Leisure Inn Pokolbin"", ""status_counts"": ""{\""Available\"": 4}"", ""total_port_count"": 4}",3,1,,unmatched,unmatched,,,,,{},0,0,,accepted,unmatched
322,,"211 Lake Entrance Road, Shellharbour City Centre NSW 2529",Ampol,10,DC,150 kW,-34.56639944,150.8394074,Shellharbour City Council,2529,Existing Fast Chargers,accepted,coordinate_and_fuzzy_address,401.71876110655325,0.8916666666666667,479816,"Lake Entrance Road, Shellharbour City Centre, New South Wales, 2529","{""charger_capacities"": ""180 kW"", ""connector_types_normalized"": ""CCS"", ""data_provider"": ""Open Charge Map"", ""general_comments"": """", ""is_operational"": true, ""last_verified"": ""2026-03-09T04:11:00Z"", ""latitude"": -34.56282332623376, ""longitude"": 150.84003054738014, ""number_of_plugs"": 10.0, ""number_of_plugs_quality"": ""reported_or_derived_from_connection_quantity"", ""number_of_plugs_semantics"": ""OCM NumberOfPoints or positive connection Quantity"", ""operational_status"": ""operational"", ""operator"": ""Ampol AmpCharge"", ""plug_types"": ""CCS (Type 2)"", ""power_kw_max"": 180.0, ""power_kw_min"": 180.0, ""power_kw_values"": [180.0], ""station_address"": ""Lake Entrance Road, Shellharbour City Centre, New South Wales, 2529"", ""station_name"": ""Shellharbour Ampcharge"", ""status"": ""Operational"", ""usage_cost"": ""$0.60/kWh for pay-as-you-go charging.""}",1,1,,accepted,coordinate_500m,441.0122641869741,0.0,12963857532,,"{""access_condition"": ""Free Access"", ""charger_capacities"": null, ""connector_types_normalized"": ""CCS"", ""data_provider"": ""OpenStreetMap"", ""latitude"": -34.5624354604672, ""longitude"": 150.839565558082, ""number_of_plugs"": 10, ""number_of_plugs_quality"": ""valid"", ""number_of_plugs_raw"": 10, ""number_of_plugs_semantics"": ""OSM charge_points_count; values above 100 are withheld as suspicious"", ""opening_hours"": """", ""operator"": ""AmpCharge"", ""osm_last_updated"": ""2026-06-30"", ""plug_types"": ""CCS"", ""power_kw_max"": null, ""power_kw_min"": null, ""power_kw_values"": [], ""station_name"": """"}",1,1,,accepted,coordinate_500m,441.0122641869741,0.0,12963857532,,"{""access_condition"": ""Free Access"", ""charger_capacities"": null, ""connector_types_normalized"": ""CCS"", ""data_provider"": ""OpenStreetMap"", ""latitude"": -34.5624354604672, ""longitude"": 150.839565558082, ""number_of_plugs"": 10, ""number_of_plugs_quality"": ""valid"", ""number_of_plugs_raw"": 10, ""number_of_plugs_semantics"": ""OSM charge_points_count; values above 100 are withheld as suspicious"", ""opening_hours"": """", ""operator"": ""AmpCharge"", ""osm_last_updated"": ""2026-06-30"", ""plug_types"": ""CCS"", ""power_kw_max"": null, ""power_kw_min"": null, ""power_kw_values"": [], ""station_name"": """"}",1,1,,unmatched,unmatched,,,,,{},0,0,,unmatched,unmatched,,,,,{},0,0,,accepted,accepted
328,,"22 Cook Lane, Sydney NSW 2223",JOLT,2,DC,25 kW,-33.9701502,151.0801331,Georges River Council,2223,Existing Fast Chargers,unmatched,unmatched,,,,,{},0,0,,accepted,coordinate_500m,4.557429416070246,0.0,9996192046,,"{""access_condition"": ""Free Access"", ""charger_capacities"": null, ""connector_types_normalized"": """", ""data_provider"": ""OpenStreetMap"", ""latitude"": -33.9701906340704, ""longitude"": 151.080141182768, ""number_of_plugs"": 1, ""number_of_plugs_quality"": ""valid"", ""number_of_plugs_raw"": 1, ""number_of_plugs_semantics"": ""OSM charge_points_count; values above 100 are withheld as suspicious"", ""opening_hours"": """", ""operator"": ""Jolt"", ""osm_last_updated"": ""2022-09-03"", ""plug_types"": """", ""power_kw_max"": null, ""power_kw_min"": null, ""power_kw_values"": [], ""station_name"": """"}",1,1,,unmatched,unmatched,,,,,{},0,0,,unmatched,unmatched,,,,,{},0,0,,unmatched,unmatched,,,,,{},0,0,,accepted,unmatched
330,,"220 Taren Point Road, Caringbah NSW 2229",Evie Networks,4,DC,75 kW,-34.02927306,151.1220736,Sutherland Shire Council,2229,ARENA - Driving the Nation,unmatched,unmatched,,,,,{},0,0,,accepted,coordinate_500m,3.623875359876849,0.0,11345075655,,"{""access_condition"": ""Free Access"", ""charger_capacities"": null, ""connector_types_normalized"": """", ""data_provider"": ""OpenStreetMap"", ""latitude"": -34.0293010725355, ""longitude"": 151.122093697799, ""number_of_plugs"": 4, ""number_of_plugs_quality"": ""valid"", ""number_of_plugs_raw"": 4, ""number_of_plugs_semantics"": ""OSM charge_points_count; values above 100 are withheld as suspicious"", ""opening_hours"": """", ""operator"": ""Evie Networks"", ""osm_last_updated"": ""2023-11-12"", ""plug_types"": """", ""power_kw_max"": null, ""power_kw_min"": null, ""power_kw_values"": [], ""station_name"": """"}",3,3,363.85436406009615,accepted,coordinate_500m,476.84071997837856,0.0,13103102258,,"{""access_condition"": ""Free Access"", ""charger_capacities"": null, ""connector_types_normalized"": ""CCS"", ""data_provider"": ""OpenStreetMap"", ""latitude"": -34.0328846714183, ""longitude"": 151.124863581522, ""number_of_plugs"": 4, ""number_of_plugs_quality"": ""valid"", ""number_of_plugs_raw"": 4, ""number_of_plugs_semantics"": ""OSM charge_points_count; values above 100 are withheld as suspicious"", ""opening_hours"": """", ""operator"": ""bp pulse"", ""osm_last_updated"": ""2025-08-28"", ""plug_types"": ""CCS"", ""power_kw_max"": null, ""power_kw_min"": null, ""power_kw_values"": [], ""station_name"": """"}",1,1,,accepted,coordinate_500m,178.21078572312183,0.2863993710691824,15d06bf5-6b4a-425d-9312-bae4b17cc22b-174,"Koonya Cct, Caringbah, NSW 2229","{""charger_capacities"": 50.0, ""connector_types_normalized"": ""CCS;CHAdeMO"", ""data_provider"": ""Charge@Large"", ""dc_port_count"": 2, ""latitude"": -34.0279242, ""longitude"": 151.1210292, ""number_of_plugs"": 2, ""number_of_plugs_quality"": ""reported_from_dc_port_count"", ""number_of_plugs_semantics"": ""Charge@Large DC-indicated port count"", ""operator"": """", ""plug_types"": ""CCS2|CHADEMO"", ""power_kw_max"": 50.0, ""power_kw_min"": 50.0, ""power_kw_values"": [50.0], ""station_address"": ""Koonya Cct, Caringbah, NSW 2229"", ""station_name"": ""Bunnings Caringbah"", ""status_counts"": ""{\""OutOfService\"": 2}"", ""total_port_count"": 2}",1,1,,accepted,coordinate_500m,178.21078572312183,0.2863993710691824,15d06bf5-6b4a-425d-9312-bae4b17cc22b-174,"Koonya Cct, Caringbah, NSW 2229","{""charger_capacities"": 50.0, ""connector_types_normalized"": ""CCS;CHAdeMO"", ""data_provider"": ""Charge@Large"", ""dc_port_count"": 2, ""latitude"": -34.0279242, ""longitude"": 151.1210292, ""number_of_plugs"": 2, ""number_of_plugs_quality"": ""reported_from_dc_port_count"", ""number_of_plugs_semantics"": ""Charge@Large DC-indicated port count"", ""operator"": """", ""plug_types"": ""CCS2|CHADEMO"", ""power_kw_max"": 50.0, ""power_kw_min"": 50.0, ""power_kw_values"": [50.0], ""station_address"": ""Koonya Cct, Caringbah, NSW 2229"", ""station_name"": ""Bunnings Caringbah"", ""status_counts"": ""{\""OutOfService\"": 2}"", ""total_port_count"": 2}",1,1,,accepted,accepted
331,,"221 Wolseley Street, Jamisontown NSW 2750",Evie Networks,4,DC,350 kW,-33.770295,150.673823,Penrith City Council,2614,ARENA - Driving the Nation,accepted,coordinate_and_fuzzy_address,13.439288316752267,0.85,272693,"221 Wolseley Street, Jamisontown, New South Wales, 2750","{""charger_capacities"": ""350 kW; 50 kW"", ""connector_types_normalized"": ""CCS;CHAdeMO"", ""data_provider"": ""Open Charge Map"", ""general_comments"": """", ""is_operational"": true, ""last_verified"": ""2023-07-16T23:05:00Z"", ""latitude"": -33.770379031934034, ""longitude"": 150.67371849780716, ""number_of_plugs"": 2.0, ""number_of_plugs_quality"": ""reported_or_derived_from_connection_quantity"", ""number_of_plugs_semantics"": ""OCM NumberOfPoints or positive connection Quantity"", ""operational_status"": ""operational"", ""operator"": ""Evie"", ""plug_types"": ""CCS (Type 2); CHAdeMO"", ""power_kw_max"": 350.0, ""power_kw_min"": 50.0, ""power_kw_values"": [50.0, 350.0], ""station_address"": ""221 Wolseley Street, Jamisontown, New South Wales, 2750"", ""station_name"": ""Jamisontown"", ""status"": ""Operational"", ""usage_cost"": """"}",1,1,,accepted,coordinate_500m,5.407924325101975,0.0,9712774534,,"{""access_condition"": ""Free Access"", ""charger_capacities"": null, ""connector_types_normalized"": """", ""data_provider"": ""OpenStreetMap"", ""latitude"": -33.770260869529, ""longitude"": 150.673781320136, ""number_of_plugs"": 4, ""number_of_plugs_quality"": ""valid"", ""number_of_plugs_raw"": 4, ""number_of_plugs_semantics"": ""OSM charge_points_count; values above 100 are withheld as suspicious"", ""opening_hours"": """", ""operator"": ""Evie Networks"", ""osm_last_updated"": ""2023-11-11"", ""plug_types"": """", ""power_kw_max"": null, ""power_kw_min"": null, ""power_kw_values"": [], ""station_name"": """"}",1,1,,unmatched,unmatched,,,,,{},0,0,,accepted,coordinate_500m,71.51900547707633,0.2576923076923077,15d06bf5-6b4a-425d-9312-bae4b17cc22b-221,"Mulgoa Rd & Wolseley St, Jamisontown, NSW 2750","{""charger_capacities"": 22.0, ""connector_types_normalized"": ""Type2"", ""data_provider"": ""Charge@Large"", ""dc_port_count"": 4, ""latitude"": -33.770938, ""longitude"": 150.6738044, ""number_of_plugs"": 4, ""number_of_plugs_quality"": ""reported_from_dc_port_count"", ""number_of_plugs_semantics"": ""Charge@Large DC-indicated port count"", ""operator"": """", ""plug_types"": ""TYPE2"", ""power_kw_max"": 22.0, ""power_kw_min"": 22.0, ""power_kw_values"": [22.0], ""station_address"": ""Mulgoa Rd & Wolseley St, Jamisontown, NSW 2750"", ""station_name"": ""Penrith Homemaker Centre"", ""status_counts"": ""{\""Available\"": 4}"", ""total_port_count"": 4}",2,2,332.6849791863494,unmatched,unmatched,,,,,{},0,0,,accepted,accepted
332,,"22-24 Park Avenue, Sydney NSW 2134",JOLT,2,DC,25 kW,-33.87384989,151.1019449,Burwood Council,2134,Existing Fast Chargers,unmatched,unmatched,,,,,{},0,0,,accepted,coordinate_500m,3.590571527750308,0.0,9738285222,,"{""access_condition"": ""Free Access"", ""charger_capacities"": null, ""connector_types_normalized"": """", ""data_provider"": ""OpenStreetMap"", ""latitude"": -33.8738820636925, ""longitude"": 151.101941590913, ""number_of_plugs"": 1, ""number_of_plugs_quality"": ""valid"", ""number_of_plugs_raw"": 1, ""number_of_plugs_semantics"": ""OSM charge_points_count; values above 100 are withheld as suspicious"", ""opening_hours"": """", ""operator"": ""Jolt"", ""osm_last_updated"": ""2022-05-13"", ""plug_types"": """", ""power_kw_max"": null, ""power_kw_min"": null, ""power_kw_values"": [], ""station_name"": """"}",2,2,120.12541757496801,unmatched,unmatched,,,,,{},0,0,,accepted,coordinate_500m,125.0457641514625,0.46101694915254243,ac6d79e9-3d3d-4a6b-a3b2-99a06fe51e25-95,"1A Gloucester Avenue Burwood, Burwood, NSW 2134","{""charger_capacities"": 22.0, ""connector_types_normalized"": ""Type2"", ""data_provider"": ""Charge@Large"", ""dc_port_count"": 2, ""latitude"": -33.874968, ""longitude"": 151.1018, ""number_of_plugs"": 2, ""number_of_plugs_quality"": ""reported_from_dc_port_count"", ""number_of_plugs_semantics"": ""Charge@Large DC-indicated port count"", ""operator"": """", ""plug_types"": ""TYPE2"", ""power_kw_max"": 22.0, ""power_kw_min"": 22.0, ""power_kw_values"": [22.0], ""station_address"": ""1A Gloucester Avenue Burwood, Burwood, NSW 2134"", ""station_name"": ""1A Gloucester Avenue-Burwood"", ""status_counts"": ""{\""Available\"": 1, \""Charging\"": 1}"", ""total_port_count"": 2}",2,2,12.701457784556553,unmatched,unmatched,,,,,{},0,0,,accepted,unmatched
333,,"224 Princes Highway, Wollongong NSW 2519",BP,2,DC,75 kW,-34.40332537,150.8914635,Wollongong City Council,2519,Existing Fast Chargers,accepted,coordinate_and_fuzzy_address,37.925572070258916,0.9375,273425,"224 Princes Hwy, Fairy Meadow, New South Wales, 2519","{""charger_capacities"": ""75 kW"", ""connector_types_normalized"": ""CCS"", ""data_provider"": ""Open Charge Map"", ""general_comments"": """", ""is_operational"": true, ""last_verified"": ""2023-08-09T11:24:00Z"", ""latitude"": -34.40299801963799, ""longitude"": 150.89157957672126, ""number_of_plugs"": 2.0, ""number_of_plugs_quality"": ""reported_or_derived_from_connection_quantity"", ""number_of_plugs_semantics"": ""OCM NumberOfPoints or positive connection Quantity"", ""operational_status"": ""operational"", ""operator"": ""BP Pulse (AU)"", ""plug_types"": ""CCS (Type 2)"", ""power_kw_max"": 75.0, ""power_kw_min"": 75.0, ""power_kw_values"": [75.0], ""station_address"": ""224 Princes Hwy, Fairy Meadow, New South Wales, 2519"", ""station_name"": ""Fairy Meadow [bp pulse]"", ""status"": ""Operational"", ""usage_cost"": ""55c/kWh""}",1,1,,accepted,coordinate_500m,1.2234078573374738,0.0,10783513810,,"{""access_condition"": ""Free Access"", ""charger_capacities"": null, ""connector_types_normalized"": ""CCS"", ""data_provider"": ""OpenStreetMap"", ""latitude"": -34.4033184397631, ""longitude"": 150.891453142944, ""number_of_plugs"": null, ""number_of_plugs_quality"": ""missing_or_suspicious"", ""number_of_plugs_raw"": null, ""number_of_plugs_semantics"": ""OSM charge_points_count; values above 100 are withheld as suspicious"", ""opening_hours"": """", ""operator"": ""bp pulse"", ""osm_last_updated"": ""2025-11-30"", ""plug_types"": ""CCS"", ""power_kw_max"": null, ""power_kw_min"": null, ""power_kw_values"": [], ""station_name"": """"}",1,1,,accepted,coordinate_500m,1.2234078573374738,0.0,10783513810,,"{""access_condition"": ""Free Access"", ""charger_capacities"": null, ""connector_types_normalized"": ""CCS"", ""data_provider"": ""OpenStreetMap"", ""latitude"": -34.4033184397631, ""longitude"": 150.891453142944, ""number_of_plugs"": null, ""number_of_plugs_quality"": ""missing_or_suspicious"", ""number_of_plugs_raw"": null, ""number_of_plugs_semantics"": ""OSM charge_points_count; values above 100 are withheld as suspicious"", ""opening_hours"": """", ""operator"": ""bp pulse"", ""osm_last_updated"": ""2025-11-30"", ""plug_types"": ""CCS"", ""power_kw_max"": null, ""power_kw_min"": null, ""power_kw_values"": [], ""station_name"": """"}",1,1,,accepted,coordinate_500m,172.578764902458,0.8016949152542373,15d06bf5-6b4a-425d-9312-bae4b17cc22b-962,"121 Princes Hwy, Fairy Meadow, NSW 2519","{""charger_capacities"": 60.0, ""connector_types_normalized"": ""CCS"", ""data_provider"": ""Charge@Large"", ""dc_port_count"": 2, ""latitude"": -34.4019257, ""longitude"": 150.8906507, ""number_of_plugs"": 2, ""number_of_plugs_quality"": ""reported_from_dc_port_count"", ""number_of_plugs_semantics"": ""Charge@Large DC-indicated port count"", ""operator"": """", ""plug_types"": ""CCS2"", ""power_kw_max"": 60.0, ""power_kw_min"": 60.0, ""power_kw_values"": [60.0], ""station_address"": ""121 Princes Hwy, Fairy Meadow, NSW 2519"", ""station_name"": ""Gateway KIA - Wollongong"", ""status_counts"": ""{\""Available\"": 2}"", ""total_port_count"": 2}",1,1,,accepted,coordinate_500m,172.578764902458,0.8016949152542373,15d06bf5-6b4a-425d-9312-bae4b17cc22b-962,"121 Princes Hwy, Fairy Meadow, NSW 2519","{""charger_capacities"": 60.0, ""connector_types_normalized"": ""CCS"", ""data_provider"": ""Charge@Large"", ""dc_port_count"": 2, ""latitude"": -34.4019257, ""longitude"": 150.8906507, ""number_of_plugs"": 2, ""number_of_plugs_quality"": ""reported_from_dc_port_count"", ""number_of_plugs_semantics"": ""Charge@Large DC-indicated port count"", ""operator"": """", ""plug_types"": ""CCS2"", ""power_kw_max"": 60.0, ""power_kw_min"": 60.0, ""power_kw_values"": [60.0], ""station_address"": ""121 Princes Hwy, Fairy Meadow, NSW 2519"", ""station_name"": ""Gateway KIA - Wollongong"", ""status_counts"": ""{\""Available\"": 2}"", ""total_port_count"": 2}",1,1,,accepted,accepted
334,,"224 Prospect Highway, Seven Hills NSW 2147",Evie Networks,4,DC,150 kW,-33.77578997,150.9330864,Cumberland Council,2147,ARENA - Driving the Nation,unmatched,unmatched,,,,,{},0,0,,accepted,coordinate_500m,7.611890022358916,0.0,11365136257,,"{""access_condition"": ""Free Access"", ""charger_capacities"": null, ""connector_types_normalized"": ""CCS"", ""data_provider"": ""OpenStreetMap"", ""latitude"": -33.7757920036142, ""longitude"": 150.933004080994, ""number_of_plugs"": null, ""number_of_plugs_quality"": ""missing_or_suspicious"", ""number_of_plugs_raw"": null, ""number_of_plugs_semantics"": ""OSM charge_points_count; values above 100 are withheld as suspicious"", ""opening_hours"": """", ""operator"": ""Evie Networks"", ""osm_last_updated"": ""2023-11-20"", ""plug_types"": ""CCS"", ""power_kw_max"": null, ""power_kw_min"": null, ""power_kw_values"": [], ""station_name"": """"}",1,1,,accepted,coordinate_500m,7.611890022358916,0.0,11365136257,,"{""access_condition"": ""Free Access"", ""charger_capacities"": null, ""connector_types_normalized"": ""CCS"", ""data_provider"": ""OpenStreetMap"", ""latitude"": -33.7757920036142, ""longitude"": 150.933004080994, ""number_of_plugs"": null, ""number_of_plugs_quality"": ""missing_or_suspicious"", ""number_of_plugs_raw"": null, ""number_of_plugs_semantics"": ""OSM charge_points_count; values above 100 are withheld as suspicious"", ""opening_hours"": """", ""operator"": ""Evie Networks"", ""osm_last_updated"": ""2023-11-20"", ""plug_types"": ""CCS"", ""power_kw_max"": null, ""power_kw_min"": null, ""power_kw_values"": [], ""station_name"": """"}",1,1,,unmatched,unmatched,,,,,{},0,0,,unmatched,unmatched,,,,,{},0,0,,accepted,accepted
338,,"2260 Camden Valley Way, Sydney NSW 2170",JOLT,2,DC,25 kW,-33.95800605,150.8864635,Liverpool City Council,2170,Existing Fast Chargers,unmatched,unmatched,,,,,{},0,0,,accepted,coordinate_500m,7.777506602184011,0.0,11689937303,,"{""access_condition"": ""Free Access"", ""charger_capacities"": null, ""connector_types_normalized"": ""CCS;CHAdeMO"", ""data_provider"": ""OpenStreetMap"", ""latitude"": -33.9579982338952, ""longitude"": 150.886547298836, ""number_of_plugs"": null, ""number_of_plugs_quality"": ""missing_or_suspicious"", ""number_of_plugs_raw"": null, ""number_of_plugs_semantics"": ""OSM charge_points_count; values above 100 are withheld as suspicious"", ""opening_hours"": """", ""operator"": ""Jolt"", ""osm_last_updated"": ""2024-03-04"", ""plug_types"": ""CCS|CHAdeMO"", ""power_kw_max"": null, ""power_kw_min"": null, ""power_kw_values"": [], ""station_name"": """"}",1,1,,accepted,coordinate_500m,7.777506602184011,0.0,11689937303,,"{""access_condition"": ""Free Access"", ""charger_capacities"": null, ""connector_types_normalized"": ""CCS;CHAdeMO"", ""data_provider"": ""OpenStreetMap"", ""latitude"": -33.9579982338952, ""longitude"": 150.886547298836, ""number_of_plugs"": null, ""number_of_plugs_quality"": ""missing_or_suspicious"", ""number_of_plugs_raw"": null, ""number_of_plugs_semantics"": ""OSM charge_points_count; values above 100 are withheld as suspicious"", ""opening_hours"": """", ""operator"": ""Jolt"", ""osm_last_updated"": ""2024-03-04"", ""plug_types"": ""CCS|CHAdeMO"", ""power_kw_max"": null, ""power_kw_min"": null, ""power_kw_values"": [], ""station_name"": """"}",1,1,,unmatched,unmatched,,,,,{},0,0,,unmatched,unmatched,,,,,{},0,0,,accepted,accepted
339,,"2260 Camden Valley Way, Sydney NSW 2170",JOLT,2,DC,25 kW,-33.9581552,150.8866296,Liverpool City Council,2170,Existing Fast Chargers,unmatched,unmatched,,,,,{},0,0,,accepted,coordinate_500m,19.03298201099214,0.0,11689937303,,"{""access_condition"": ""Free Access"", ""charger_capacities"": null, ""connector_types_normalized"": ""CCS;CHAdeMO"", ""data_provider"": ""OpenStreetMap"", ""latitude"": -33.9579982338952, ""longitude"": 150.886547298836, ""number_of_plugs"": null, ""number_of_plugs_quality"": ""missing_or_suspicious"", ""number_of_plugs_raw"": null, ""number_of_plugs_semantics"": ""OSM charge_points_count; values above 100 are withheld as suspicious"", ""opening_hours"": """", ""operator"": ""Jolt"", ""osm_last_updated"": ""2024-03-04"", ""plug_types"": ""CCS|CHAdeMO"", ""power_kw_max"": null, ""power_kw_min"": null, ""power_kw_values"": [], ""station_name"": """"}",1,1,,accepted,coordinate_500m,19.03298201099214,0.0,11689937303,,"{""access_condition"": ""Free Access"", ""charger_capacities"": null, ""connector_types_normalized"": ""CCS;CHAdeMO"", ""data_provider"": ""OpenStreetMap"", ""latitude"": -33.9579982338952, ""longitude"": 150.886547298836, ""number_of_plugs"": null, ""number_of_plugs_quality"": ""missing_or_suspicious"", ""number_of_plugs_raw"": null, ""number_of_plugs_semantics"": ""OSM charge_points_count; values above 100 are withheld as suspicious"", ""opening_hours"": """", ""operator"": ""Jolt"", ""osm_last_updated"": ""2024-03-04"", ""plug_types"": ""CCS|CHAdeMO"", ""power_kw_max"": null, ""power_kw_min"": null, ""power_kw_values"": [], ""station_name"": """"}",1,1,,unmatched,unmatched,,,,,{},0,0,,unmatched,unmatched,,,,,{},0,0,,accepted,accepted
340,,"227 Railway Terrace, Schofields NSW 2762",Evie Networks,4,DC,50 kW,-33.705677,150.876075,Blacktown City Council,2762,ARENA - Driving the Nation,accepted,coordinate_500m,71.25307344524384,0.26393442622950825,191162,"227 Railway Rerrace, Schofields, NSW","{""charger_capacities"": ""50 kW"", ""connector_types_normalized"": ""CCS;CHAdeMO"", ""data_provider"": ""Open Charge Map"", ""general_comments"": """", ""is_operational"": true, ""last_verified"": ""2023-07-15T11:54:00Z"", ""latitude"": -33.706161447313946, ""longitude"": 150.87557080542024, ""number_of_plugs"": 2.0, ""number_of_plugs_quality"": ""reported_or_derived_from_connection_quantity"", ""number_of_plugs_semantics"": ""OCM NumberOfPoints or positive connection Quantity"", ""operational_status"": ""operational"", ""operator"": ""Evie"", ""plug_types"": ""CCS (Type 2); CHAdeMO"", ""power_kw_max"": 50.0, ""power_kw_min"": 50.0, ""power_kw_values"": [50.0], ""station_address"": ""227 Railway Rerrace, Schofields, NSW"", ""station_name"": ""Coles Schofields"", ""status"": ""Operational"", ""usage_cost"": ""$0.40/kWh""}",1,1,,accepted,coordinate_500m,64.63542837288654,0.0,9309912420,,"{""access_condition"": ""Free Access"", ""charger_capacities"": null, ""connector_types_normalized"": """", ""data_provider"": ""OpenStreetMap"", ""latitude"": -33.7054584482568, ""longitude"": 150.87542753081, ""number_of_plugs"": null, ""number_of_plugs_quality"": ""missing_or_suspicious"", ""number_of_plugs_raw"": null, ""number_of_plugs_semantics"": ""OSM charge_points_count; values above 100 are withheld as suspicious"", ""opening_hours"": """", ""operator"": ""Evie Networks"", ""osm_last_updated"": ""2021-12-04"", ""plug_types"": """", ""power_kw_max"": null, ""power_kw_min"": null, ""power_kw_values"": [], ""station_name"": """"}",1,1,,unmatched,unmatched,,,,,{},0,0,,accepted,coordinate_500m,459.10446479887395,0.34511494252873565,15d06bf5-6b4a-425d-9312-bae4b17cc22b-760,"37 Manchester Dr, Schofields, NSW 2762","{""charger_capacities"": 7.0, ""connector_types_normalized"": ""Type2"", ""data_provider"": ""Charge@Large"", ""dc_port_count"": 3, ""latitude"": -33.7047364, ""longitude"": 150.8809076, ""number_of_plugs"": 3, ""number_of_plugs_quality"": ""reported_from_dc_port_count"", ""number_of_plugs_semantics"": ""Charge@Large DC-indicated port count"", ""operator"": """", ""plug_types"": ""TYPE2"", ""power_kw_max"": 7.0, ""power_kw_min"": 7.0, ""power_kw_values"": [7.0], ""station_address"": ""37 Manchester Dr, Schofields, NSW 2762"", ""station_name"": ""Manchester Drive - Schofields - Energy Trade"", ""status_counts"": ""{\""Missing\"": 3}"", ""total_port_count"": 3}",2,2,0.3676993115785194,unmatched,unmatched,,,,,{},0,0,,accepted,accepted
341,,"228-234 Pacific Highway, Swansea NSW 2281",Everty,2,DC,25 kW,-33.09176581,151.6374214,Lake Macquarie City Council,2281,Existing Fast Chargers,accepted,fuzzy_address_only,1016.6499721984943,0.8733333333333334,272675,"152 Pacific Hwy, Swansea, New South Wales, 2281","{""charger_capacities"": ""50 kW"", ""connector_types_normalized"": ""CCS;CHAdeMO"", ""data_provider"": ""Open Charge Map"", ""general_comments"": """", ""is_operational"": true, ""last_verified"": ""2023-07-16T12:52:00Z"", ""latitude"": -33.0833, ""longitude"": 151.6333, ""number_of_plugs"": 2.0, ""number_of_plugs_quality"": ""reported_or_derived_from_connection_quantity"", ""number_of_plugs_semantics"": ""OCM NumberOfPoints or positive connection Quantity"", ""operational_status"": ""operational"", ""operator"": ""Evie"", ""plug_types"": ""CCS (Type 2); CHAdeMO"", ""power_kw_max"": 50.0, ""power_kw_min"": 50.0, ""power_kw_values"": [50.0], ""station_address"": ""152 Pacific Hwy, Swansea, New South Wales, 2281"", ""station_name"": ""Swansea"", ""status"": ""Operational"", ""usage_cost"": """"}",1,0,,unmatched,unmatched,,,,,{},0,0,,unmatched,unmatched,,,,,{},0,0,,accepted,coordinate_500m,29.2684899419192,0.8230769230769232,ac6d79e9-3d3d-4a6b-a3b2-99a06fe51e25-172,"Swansea Centre, 228 Pacific Hwy, Swansea NSW, Swansea, NSW 2281","{""charger_capacities"": 22.0, ""connector_types_normalized"": ""Type2"", ""data_provider"": ""Charge@Large"", ""dc_port_count"": 2, ""latitude"": -33.091679, ""longitude"": 151.637718, ""number_of_plugs"": 2, ""number_of_plugs_quality"": ""reported_from_dc_port_count"", ""number_of_plugs_semantics"": ""Charge@Large DC-indicated port count"", ""operator"": """", ""plug_types"": ""TYPE2"", ""power_kw_max"": 22.0, ""power_kw_min"": 22.0, ""power_kw_values"": [22.0], ""station_address"": ""Swansea Centre, 228 Pacific Hwy, Swansea NSW, Swansea, NSW 2281"", ""station_name"": ""228 Pacific Hwy-Swansea"", ""status_counts"": ""{\""Available\"": 2}"", ""total_port_count"": 2}",1,1,,unmatched,unmatched,,,,,{},0,0,,accepted,accepted
342,,"2285 Pacific Highway, Heatherbrae NSW 2324",Tesla,12,DC,130 kW,-32.78729434,151.7283534,Port Stephens Council,2324,Existing Fast Chargers,accepted,coordinate_and_fuzzy_address,83.65692890297191,1.0,79490,"2285 Pacific Highway, Heatherbrae, 2324","{""charger_capacities"": ""120 kW"", ""connector_types_normalized"": ""CCS"", ""data_provider"": ""Open Charge Map"", ""general_comments"": """", ""is_operational"": true, ""last_verified"": ""2021-12-19T02:07:00Z"", ""latitude"": -32.787812, ""longitude"": 151.727704, ""number_of_plugs"": 6.0, ""number_of_plugs_quality"": ""reported_or_derived_from_connection_quantity"", ""number_of_plugs_semantics"": ""OCM NumberOfPoints or positive connection Quantity"", ""operational_status"": ""operational"", ""operator"": ""Tesla (Tesla-only charging)"", ""plug_types"": ""CCS (Type 2)"", ""power_kw_max"": 120.0, ""power_kw_min"": 120.0, ""power_kw_values"": [120.0], ""station_address"": ""2285 Pacific Highway, Heatherbrae, 2324"", ""station_name"": ""Heatherbrae Supercharger [Tesla]"", ""status"": ""Operational"", ""usage_cost"": ""$0.52/kWh""}",1,1,,accepted,coordinate_500m,84.90403275292098,0.0,6816990777,,"{""access_condition"": ""Free Access"", ""charger_capacities"": null, ""connector_types_normalized"": """", ""data_provider"": ""OpenStreetMap"", ""latitude"": -32.7878111254008, ""longitude"": 151.727684777162, ""number_of_plugs"": 6, ""number_of_plugs_quality"": ""valid"", ""number_of_plugs_raw"": 6, ""number_of_plugs_semantics"": ""OSM charge_points_count; values above 100 are withheld as suspicious"", ""opening_hours"": ""24/7"", ""operator"": ""Tesla"", ""osm_last_updated"": ""2026-03-29"", ""plug_types"": """", ""power_kw_max"": null, ""power_kw_min"": null, ""power_kw_values"": [], ""station_name"": ""Tesla Supercharger""}",1,1,,unmatched,unmatched,,,,,{},0,0,,unmatched,unmatched,,,,,{},0,0,,unmatched,unmatched,,,,,{},0,0,,accepted,accepted
346,,"230 Arden Street, Sydney NSW 2034",JOLT,2,DC,50 kW,-33.92159464,151.2565566,Randwick City Council,2034,Existing Fast Chargers,unmatched,unmatched,,,,,{},0,0,,unmatched,unmatched,,,,,{},0,0,,unmatched,unmatched,,,,,{},0,0,,accepted,coordinate_500m,349.75951077443415,0.5122727272727273,baaffa39-0adb-422e-a7bf-4b391d232b5d-73,"168 Beach St, Coogee NSW 2034, Australia, Coogee, NSW 2034","{""charger_capacities"": 22.0, ""connector_types_normalized"": ""Type2"", ""data_provider"": ""Charge@Large"", ""dc_port_count"": 1, ""latitude"": -33.924665, ""longitude"": 151.25738, ""number_of_plugs"": 1, ""number_of_plugs_quality"": ""reported_from_dc_port_count"", ""number_of_plugs_semantics"": ""Charge@Large DC-indicated port count"", ""operator"": """", ""plug_types"": ""TYPE2"", ""power_kw_max"": 22.0, ""power_kw_min"": 22.0, ""power_kw_values"": [22.0], ""station_address"": ""168 Beach St, Coogee NSW 2034, Australia, Coogee, NSW 2034"", ""station_name"": ""Opposite 168 Beach St Coogee NSW 2034"", ""status_counts"": ""{\""Available\"": 1}"", ""total_port_count"": 1}",4,4,9.801147798009765,unmatched,unmatched,,,,,{},0,0,,accepted,unmatched
351,,"2398 Pacific Highway, Heatherbrae NSW 2324",BP,2,DC,75 kW,-32.78334139,151.7370591,Port Stephens Council,2324,Existing Fast Chargers,accepted,fuzzy_address_only,1005.9446676932249,0.8878787878787879,79490,"2285 Pacific Highway, Heatherbrae, 2324","{""charger_capacities"": ""120 kW"", ""connector_types_normalized"": ""CCS"", ""data_provider"": ""Open Charge Map"", ""general_comments"": """", ""is_operational"": true, ""last_verified"": ""2021-12-19T02:07:00Z"", ""latitude"": -32.787812, ""longitude"": 151.727704, ""number_of_plugs"": 6.0, ""number_of_plugs_quality"": ""reported_or_derived_from_connection_quantity"", ""number_of_plugs_semantics"": ""OCM NumberOfPoints or positive connection Quantity"", ""operational_status"": ""operational"", ""operator"": ""Tesla (Tesla-only charging)"", ""plug_types"": ""CCS (Type 2)"", ""power_kw_max"": 120.0, ""power_kw_min"": 120.0, ""power_kw_values"": [120.0], ""station_address"": ""2285 Pacific Highway, Heatherbrae, 2324"", ""station_name"": ""Heatherbrae Supercharger [Tesla]"", ""status"": ""Operational"", ""usage_cost"": ""$0.52/kWh""}",1,0,,accepted,coordinate_500m,7.1741007440143845,0.0,10647829948,,"{""access_condition"": ""Free Access"", ""charger_capacities"": null, ""connector_types_normalized"": ""CCS;CHAdeMO"", ""data_provider"": ""OpenStreetMap"", ""latitude"": -32.7833007394841, ""longitude"": 151.737118693003, ""number_of_plugs"": 2, ""number_of_plugs_quality"": ""valid"", ""number_of_plugs_raw"": 2, ""number_of_plugs_semantics"": ""OSM charge_points_count; values above 100 are withheld as suspicious"", ""opening_hours"": """", ""operator"": ""BP Pulse"", ""osm_last_updated"": ""2024-06-23"", ""plug_types"": ""CCS|CHAdeMO"", ""power_kw_max"": null, ""power_kw_min"": null, ""power_kw_values"": [], ""station_name"": """"}",1,1,,accepted,coordinate_500m,7.1741007440143845,0.0,10647829948,,"{""access_condition"": ""Free Access"", ""charger_capacities"": null, ""connector_types_normalized"": ""CCS;CHAdeMO"", ""data_provider"": ""OpenStreetMap"", ""latitude"": -32.7833007394841, ""longitude"": 151.737118693003, ""number_of_plugs"": 2, ""number_of_plugs_quality"": ""valid"", ""number_of_plugs_raw"": 2, ""number_of_plugs_semantics"": ""OSM charge_points_count; values above 100 are withheld as suspicious"", ""opening_hours"": """", ""operator"": ""BP Pulse"", ""osm_last_updated"": ""2024-06-23"", ""plug_types"": ""CCS|CHAdeMO"", ""power_kw_max"": null, ""power_kw_min"": null, ""power_kw_values"": [], ""station_name"": """"}",1,1,,unmatched,unmatched,,,,,{},0,0,,unmatched,unmatched,,,,,{},0,0,,accepted,accepted
353,,"24 Cooper Street, Macksville NSW 2447",Evie Networks,4,DC,350 kW,-30.71023028,152.9197698,Nambucca Valley Council,2447,Existing Fast Chargers,accepted,coordinate_and_fuzzy_address,29.28781734545679,0.9600000000000001,190392,"24 Cooper St, Ampol Foodary, Macksville, New South Wales, 2447","{""charger_capacities"": ""350 kW"", ""connector_types_normalized"": ""CCS;CHAdeMO"", ""data_provider"": ""Open Charge Map"", ""general_comments"": """", ""is_operational"": true, ""last_verified"": ""2023-07-16T12:45:00Z"", ""latitude"": -30.709970892832544, ""longitude"": 152.91982301754945, ""number_of_plugs"": 2.0, ""number_of_plugs_quality"": ""reported_or_derived_from_connection_quantity"", ""number_of_plugs_semantics"": ""OCM NumberOfPoints or positive connection Quantity"", ""operational_status"": ""operational"", ""operator"": ""Evie"", ""plug_types"": ""CCS (Type 2); CHAdeMO"", ""power_kw_max"": 350.0, ""power_kw_min"": 350.0, ""power_kw_values"": [350.0], ""station_address"": ""24 Cooper St, Ampol Foodary, Macksville, New South Wales, 2447"", ""station_name"": ""Evie Macksville"", ""status"": ""Operational"", ""usage_cost"": ""$0.60 per kWh""}",1,1,,accepted,coordinate_500m,7.267342318765793,0.0,8505686311,,"{""access_condition"": ""Free Access"", ""charger_capacities"": null, ""connector_types_normalized"": ""CCS;CHAdeMO"", ""data_provider"": ""OpenStreetMap"", ""latitude"": -30.7101732792609, ""longitude"": 152.919806990985, ""number_of_plugs"": 4, ""number_of_plugs_quality"": ""valid"", ""number_of_plugs_raw"": 4, ""number_of_plugs_semantics"": ""OSM charge_points_count; values above 100 are withheld as suspicious"", ""opening_hours"": """", ""operator"": ""Evie Networks"", ""osm_last_updated"": ""2026-06-11"", ""plug_types"": ""CCS|CHAdeMO"", ""power_kw_max"": null, ""power_kw_min"": null, ""power_kw_values"": [], ""station_name"": """"}",1,1,,accepted,coordinate_500m,7.267342318765793,0.0,8505686311,,"{""access_condition"": ""Free Access"", ""charger_capacities"": null, ""connector_types_normalized"": ""CCS;CHAdeMO"", ""data_provider"": ""OpenStreetMap"", ""latitude"": -30.7101732792609, ""longitude"": 152.919806990985, ""number_of_plugs"": 4, ""number_of_plugs_quality"": ""valid"", ""number_of_plugs_raw"": 4, ""number_of_plugs_semantics"": ""OSM charge_points_count; values above 100 are withheld as suspicious"", ""opening_hours"": """", ""operator"": ""Evie Networks"", ""osm_last_updated"": ""2026-06-11"", ""plug_types"": ""CCS|CHAdeMO"", ""power_kw_max"": null, ""power_kw_min"": null, ""power_kw_values"": [], ""station_name"": """"}",1,1,,unmatched,unmatched,,,,,{},0,0,,unmatched,unmatched,,,,,{},0,0,,accepted,accepted
356,,"24 Sallys Corner Road, Exeter NSW 2579",Tesla,6,DC,250 kW,-34.60929234,150.2297688,Wingecarribee Shire Council,2579,Existing Fast Chargers,accepted,coordinate_and_fuzzy_address,8.47935592022839,0.8898305084745763,266620,"Sallys Corner Rd, Exeter, New South Wales, 2579","{""charger_capacities"": ""250 kW"", ""connector_types_normalized"": ""CCS"", ""data_provider"": ""Open Charge Map"", ""general_comments"": ""V3 Supercharger / CCS2 only, Model S/X will need to use the CCS adapter from Tesla."", ""is_operational"": true, ""last_verified"": ""2023-06-08T12:43:00Z"", ""latitude"": -34.60933240617118, ""longitude"": 150.22984763276781, ""number_of_plugs"": 6.0, ""number_of_plugs_quality"": ""reported_or_derived_from_connection_quantity"", ""number_of_plugs_semantics"": ""OCM NumberOfPoints or positive connection Quantity"", ""operational_status"": ""operational"", ""operator"": ""Tesla (Tesla-only charging)"", ""plug_types"": ""CCS (Type 2)"", ""power_kw_max"": 250.0, ""power_kw_min"": 250.0, ""power_kw_values"": [250.0], ""station_address"": ""Sallys Corner Rd, Exeter, New South Wales, 2579"", ""station_name"": ""Exeter Supercharger"", ""status"": ""Operational"", ""usage_cost"": ""$0.66/kWh""}",2,2,467.6472186571872,accepted,coordinate_500m,6.31871550078631,0.0,10744631135,,"{""access_condition"": ""Free Access"", ""charger_capacities"": null, ""connector_types_normalized"": """", ""data_provider"": ""OpenStreetMap"", ""latitude"": -34.609295160711, ""longitude"": 150.229837758046, ""number_of_plugs"": 6, ""number_of_plugs_quality"": ""valid"", ""number_of_plugs_raw"": 6, ""number_of_plugs_semantics"": ""OSM charge_points_count; values above 100 are withheld as suspicious"", ""opening_hours"": ""24/7"", ""operator"": ""Tesla"", ""osm_last_updated"": ""2026-03-29"", ""plug_types"": """", ""power_kw_max"": null, ""power_kw_min"": null, ""power_kw_values"": [], ""station_name"": ""Tesla Supercharger""}",2,2,476.44466527605795,accepted,coordinate_500m,482.76338077684426,0.0,9765677232,,"{""access_condition"": ""Free Access"", ""charger_capacities"": null, ""connector_types_normalized"": ""CCS"", ""data_provider"": ""OpenStreetMap"", ""latitude"": -34.6072740323987, ""longitude"": 150.225098462353, ""number_of_plugs"": 6, ""number_of_plugs_quality"": ""valid"", ""number_of_plugs_raw"": 6, ""number_of_plugs_semantics"": ""OSM charge_points_count; values above 100 are withheld as suspicious"", ""opening_hours"": """", ""operator"": ""Evie Networks"", ""osm_last_updated"": ""2025-11-22"", ""plug_types"": ""CCS"", ""power_kw_max"": null, ""power_kw_min"": null, ""power_kw_values"": [], ""station_name"": """"}",1,1,,unmatched,unmatched,,,,,{},0,0,,unmatched,unmatched,,,,,{},0,0,,accepted,accepted
357,,"240 Hillsborough Road, Warners Bay NSW 2282",Evie Networks,4,DC,150 kW,-32.96354505,151.6617414,Lake Macquarie City Council,2282,ARENA - Driving the Nation,unmatched,unmatched,,,,,{},0,0,,accepted,coordinate_500m,4.9433686506545556,0.0,11463047965,,"{""access_condition"": ""Free Access"", ""charger_capacities"": null, ""connector_types_normalized"": """", ""data_provider"": ""OpenStreetMap"", ""latitude"": -32.9635572552679, ""longitude"": 151.661690449259, ""number_of_plugs"": 4, ""number_of_plugs_quality"": ""valid"", ""number_of_plugs_raw"": 4, ""number_of_plugs_semantics"": ""OSM charge_points_count; values above 100 are withheld as suspicious"", ""opening_hours"": """", ""operator"": ""Evie Networks"", ""osm_last_updated"": ""2023-12-28"", ""plug_types"": """", ""power_kw_max"": null, ""power_kw_min"": null, ""power_kw_values"": [], ""station_name"": """"}",1,1,,unmatched,unmatched,,,,,{},0,0,,unmatched,unmatched,,,,,{},0,0,,unmatched,unmatched,,,,,{},0,0,,accepted,unmatched
359,,"241 Waterworth Drive, Mount Annan NSW 2567",Viva Energy Australia,4,DC,175 kW,-34.049425,150.7603383,Camden Council,2567,Fast Charging R2,unmatched,unmatched,,,,,{},0,0,,accepted,coordinate_500m,42.561734788781095,0.0,12686156645,,"{""access_condition"": ""Free Access"", ""charger_capacities"": null, ""connector_types_normalized"": ""CCS"", ""data_provider"": ""OpenStreetMap"", ""latitude"": -34.0496546803737, ""longitude"": 150.759968742432, ""number_of_plugs"": null, ""number_of_plugs_quality"": ""missing_or_suspicious"", ""number_of_plugs_raw"": null, ""number_of_plugs_semantics"": ""OSM charge_points_count; values above 100 are withheld as suspicious"", ""opening_hours"": """", ""operator"": ""Shell Recharge Solutions"", ""osm_last_updated"": ""2025-03-21"", ""plug_types"": ""CCS"", ""power_kw_max"": null, ""power_kw_min"": null, ""power_kw_values"": [], ""station_name"": """"}",2,2,53.55197625115895,accepted,coordinate_500m,42.561734788781095,0.0,12686156645,,"{""access_condition"": ""Free Access"", ""charger_capacities"": null, ""connector_types_normalized"": ""CCS"", ""data_provider"": ""OpenStreetMap"", ""latitude"": -34.0496546803737, ""longitude"": 150.759968742432, ""number_of_plugs"": null, ""number_of_plugs_quality"": ""missing_or_suspicious"", ""number_of_plugs_raw"": null, ""number_of_plugs_semantics"": ""OSM charge_points_count; values above 100 are withheld as suspicious"", ""opening_hours"": """", ""operator"": ""Shell Recharge Solutions"", ""osm_last_updated"": ""2025-03-21"", ""plug_types"": ""CCS"", ""power_kw_max"": null, ""power_kw_min"": null, ""power_kw_values"": [], ""station_name"": """"}",1,1,,accepted,coordinate_500m,94.89918508645724,0.3649180327868853,15d06bf5-6b4a-425d-9312-bae4b17cc22b-2087,"11 - 13 Main St, Mount Annan, NSW 2567","{""charger_capacities"": 120.0, ""connector_types_normalized"": ""CCS"", ""data_provider"": ""Charge@Large"", ""dc_port_count"": 4, ""latitude"": -34.0493134, ""longitude"": 150.7593171, ""number_of_plugs"": 4, ""number_of_plugs_quality"": ""reported_from_dc_port_count"", ""number_of_plugs_semantics"": ""Charge@Large DC-indicated port count"", ""operator"": """", ""plug_types"": ""CCS2"", ""power_kw_max"": 120.0, ""power_kw_min"": 120.0, ""power_kw_values"": [120.0], ""station_address"": ""11 - 13 Main St, Mount Annan, NSW 2567"", ""station_name"": ""Mount Annan Marketplace"", ""status_counts"": ""{\""Available\"": 4}"", ""total_port_count"": 4}",1,1,,accepted,coordinate_500m,94.89918508645724,0.3649180327868853,15d06bf5-6b4a-425d-9312-bae4b17cc22b-2087,"11 - 13 Main St, Mount Annan, NSW 2567","{""charger_capacities"": 120.0, ""connector_types_normalized"": ""CCS"", ""data_provider"": ""Charge@Large"", ""dc_port_count"": 4, ""latitude"": -34.0493134, ""longitude"": 150.7593171, ""number_of_plugs"": 4, ""number_of_plugs_quality"": ""reported_from_dc_port_count"", ""number_of_plugs_semantics"": ""Charge@Large DC-indicated port count"", ""operator"": """", ""plug_types"": ""CCS2"", ""power_kw_max"": 120.0, ""power_kw_min"": 120.0, ""power_kw_values"": [120.0], ""station_address"": ""11 - 13 Main St, Mount Annan, NSW 2567"", ""station_name"": ""Mount Annan Marketplace"", ""status_counts"": ""{\""Available\"": 4}"", ""total_port_count"": 4}",1,1,,accepted,accepted
363,,"24-42 King Georges Road, Sydney NSW 2195",BP,2,DC,75 kW,-33.91960065,151.0668519,Canterbury Bankstown Council,2195,Existing Fast Chargers,accepted,coordinate_and_fuzzy_address,27.385238516848403,0.9657142857142857,273436,"24-42 King Georges Road, Wiley Park, New South Wales, 2195","{""charger_capacities"": ""75 kW"", ""connector_types_normalized"": ""CCS;CHAdeMO"", ""data_provider"": ""Open Charge Map"", ""general_comments"": """", ""is_operational"": true, ""last_verified"": ""2023-08-09T12:50:00Z"", ""latitude"": -33.919392020719556, ""longitude"": 151.06669418522023, ""number_of_plugs"": 1.0, ""number_of_plugs_quality"": ""reported_or_derived_from_connection_quantity"", ""number_of_plugs_semantics"": ""OCM NumberOfPoints or positive connection Quantity"", ""operational_status"": ""operational"", ""operator"": ""BP Pulse (AU)"", ""plug_types"": ""CCS (Type 2); CHAdeMO"", ""power_kw_max"": 75.0, ""power_kw_min"": 75.0, ""power_kw_values"": [75.0], ""station_address"": ""24-42 King Georges Road, Wiley Park, New South Wales, 2195"", ""station_name"": ""Wiley Park [bp pulse]"", ""status"": ""Operational"", ""usage_cost"": ""55c/kWh""}",1,1,,accepted,coordinate_500m,10.092121204762714,0.0,10218282678,,"{""access_condition"": ""Free Access"", ""charger_capacities"": null, ""connector_types_normalized"": ""CCS;CHAdeMO"", ""data_provider"": ""OpenStreetMap"", ""latitude"": -33.9195544673518, ""longitude"": 151.066946055517, ""number_of_plugs"": null, ""number_of_plugs_quality"": ""missing_or_suspicious"", ""number_of_plugs_raw"": null, ""number_of_plugs_semantics"": ""OSM charge_points_count; values above 100 are withheld as suspicious"", ""opening_hours"": """", ""operator"": ""bp pulse"", ""osm_last_updated"": ""2025-08-28"", ""plug_types"": ""CCS|CHAdeMO"", ""power_kw_max"": null, ""power_kw_min"": null, ""power_kw_values"": [], ""station_name"": """"}",1,1,,accepted,coordinate_500m,10.092121204762714,0.0,10218282678,,"{""access_condition"": ""Free Access"", ""charger_capacities"": null, ""connector_types_normalized"": ""CCS;CHAdeMO"", ""data_provider"": ""OpenStreetMap"", ""latitude"": -33.9195544673518, ""longitude"": 151.066946055517, ""number_of_plugs"": null, ""number_of_plugs_quality"": ""missing_or_suspicious"", ""number_of_plugs_raw"": null, ""number_of_plugs_semantics"": ""OSM charge_points_count; values above 100 are withheld as suspicious"", ""opening_hours"": """", ""operator"": ""bp pulse"", ""osm_last_updated"": ""2025-08-28"", ""plug_types"": ""CCS|CHAdeMO"", ""power_kw_max"": null, ""power_kw_min"": null, ""power_kw_values"": [], ""station_name"": """"}",1,1,,unmatched,unmatched,,,,,{},0,0,,unmatched,unmatched,,,,,{},0,0,,accepted,accepted
365,,"247 Belmore Road, Riverwood NSW 2210",Evie Networks,4,DC,75 kW,-33.952562,151.05103,Georges River Council,2210,ARENA - Driving the Nation,unmatched,unmatched,,,,,{},0,0,,unmatched,unmatched,,,,,{},0,0,,unmatched,unmatched,,,,,{},0,0,,accepted,fuzzy_address_only,1020.518975191437,0.8584905660377359,15d06bf5-6b4a-425d-9312-bae4b17cc22b-2841,"150 Belmore Rd, Riverwood, NSW 2210","{""charger_capacities"": 60.0, ""connector_types_normalized"": ""CCS;Type2"", ""data_provider"": ""Charge@Large"", ""dc_port_count"": 2, ""latitude"": -33.9438716, ""longitude"": 151.0545873, ""number_of_plugs"": 2, ""number_of_plugs_quality"": ""reported_from_dc_port_count"", ""number_of_plugs_semantics"": ""Charge@Large DC-indicated port count"", ""operator"": """", ""plug_types"": ""CCS2|TYPE2"", ""power_kw_max"": 60.0, ""power_kw_min"": 60.0, ""power_kw_values"": [60.0], ""station_address"": ""150 Belmore Rd, Riverwood, NSW 2210"", ""station_name"": ""Morris Iemma Sports Centre"", ""status_counts"": ""{\""Available\"": 4}"", ""total_port_count"": 4}",1,0,,accepted,fuzzy_address_only,1020.518975191437,0.8584905660377359,15d06bf5-6b4a-425d-9312-bae4b17cc22b-2841,"150 Belmore Rd, Riverwood, NSW 2210","{""charger_capacities"": 60.0, ""connector_types_normalized"": ""CCS;Type2"", ""data_provider"": ""Charge@Large"", ""dc_port_count"": 2, ""latitude"": -33.9438716, ""longitude"": 151.0545873, ""number_of_plugs"": 2, ""number_of_plugs_quality"": ""reported_from_dc_port_count"", ""number_of_plugs_semantics"": ""Charge@Large DC-indicated port count"", ""operator"": """", ""plug_types"": ""CCS2|TYPE2"", ""power_kw_max"": 60.0, ""power_kw_min"": 60.0, ""power_kw_values"": [60.0], ""station_address"": ""150 Belmore Rd, Riverwood, NSW 2210"", ""station_name"": ""Morris Iemma Sports Centre"", ""status_counts"": ""{\""Available\"": 4}"", ""total_port_count"": 4}",1,0,,accepted,accepted
368,,"25 Frenchs Forest Road E, Frenchs Forest NSW 2086",Evie Networks,4,DC,150 kW,-33.75133669,151.2434692,Northern Beaches Council,2086,ARENA - Driving the Nation,accepted,coordinate_and_fuzzy_address,13.545803581629539,1.0,272637,"25 Frenchs Forest Rd E, Frenchs Forest, NSW, 2086","{""charger_capacities"": ""150 kW"", ""connector_types_normalized"": ""CCS"", ""data_provider"": ""Open Charge Map"", ""general_comments"": """", ""is_operational"": true, ""last_verified"": ""2026-09-14T05:28:00Z"", ""latitude"": -33.751303, ""longitude"": 151.2433284, ""number_of_plugs"": 4.0, ""number_of_plugs_quality"": ""reported_or_derived_from_connection_quantity"", ""number_of_plugs_semantics"": ""OCM NumberOfPoints or positive connection Quantity"", ""operational_status"": ""operational"", ""operator"": ""Evie"", ""plug_types"": ""CCS (Type 2)"", ""power_kw_max"": 150.0, ""power_kw_min"": 150.0, ""power_kw_values"": [150.0], ""station_address"": ""25 Frenchs Forest Rd E, Frenchs Forest, NSW, 2086"", ""station_name"": ""Allambie Grove Business Park"", ""status"": ""Operational"", ""usage_cost"": """"}",1,1,,accepted,coordinate_500m,9.251252832543404,0.0,10992560808,,"{""access_condition"": ""Free Access"", ""charger_capacities"": null, ""connector_types_normalized"": """", ""data_provider"": ""OpenStreetMap"", ""latitude"": -33.751307542435, ""longitude"": 151.24337547813, ""number_of_plugs"": 4, ""number_of_plugs_quality"": ""valid"", ""number_of_plugs_raw"": 4, ""number_of_plugs_semantics"": ""OSM charge_points_count; values above 100 are withheld as suspicious"", ""opening_hours"": """", ""operator"": ""Evie Networks"", ""osm_last_updated"": ""2023-06-20"", ""plug_types"": """", ""power_kw_max"": null, ""power_kw_min"": null, ""power_kw_values"": [], ""station_name"": """"}",1,1,,unmatched,unmatched,,,,,{},0,0,,unmatched,unmatched,,,,,{},0,0,,unmatched,unmatched,,,,,{},0,0,,accepted,accepted
369,,"250 Comur Street, Yass NSW 2582",Chargefox,4,DC,47 kW,-34.84551056,148.9151892,Yass Valley Council,2582,Existing Fast Chargers,accepted,coordinate_500m,43.75293557240915,0.6985714285714286,307990,"Comur Street, Yass, NSW","{""charger_capacities"": ""50 kW"", ""connector_types_normalized"": ""CCS"", ""data_provider"": ""Open Charge Map"", ""general_comments"": """", ""is_operational"": true, ""last_verified"": ""2025-01-23T07:44:00Z"", ""latitude"": -34.845647791374056, ""longitude"": 148.9156385427242, ""number_of_plugs"": 4.0, ""number_of_plugs_quality"": ""reported_or_derived_from_connection_quantity"", ""number_of_plugs_semantics"": ""OCM NumberOfPoints or positive connection Quantity"", ""operational_status"": ""operational"", ""operator"": ""Chargefox"", ""plug_types"": ""CCS (Type 2)"", ""power_kw_max"": 50.0, ""power_kw_min"": 50.0, ""power_kw_values"": [50.0], ""station_address"": ""Comur Street, Yass, NSW"", ""station_name"": ""Woolworths Yass"", ""status"": ""Operational"", ""usage_cost"": """"}",2,2,170.41892289131565,accepted,coordinate_500m,29.656145567241065,0.0,12441111761,,"{""access_condition"": ""Free Access"", ""charger_capacities"": null, ""connector_types_normalized"": ""CCS"", ""data_provider"": ""OpenStreetMap"", ""latitude"": -34.8454780814014, ""longitude"": 148.915511754542, ""number_of_plugs"": null, ""number_of_plugs_quality"": ""missing_or_suspicious"", ""number_of_plugs_raw"": null, ""number_of_plugs_semantics"": ""OSM charge_points_count; values above 100 are withheld as suspicious"", ""opening_hours"": """", ""operator"": ""Chargefox"", ""osm_last_updated"": ""2024-12-22"", ""plug_types"": ""CCS"", ""power_kw_max"": null, ""power_kw_min"": null, ""power_kw_values"": [], ""station_name"": """"}",4,4,164.27957532286888,accepted,coordinate_500m,29.656145567241065,0.0,12441111761,,"{""access_condition"": ""Free Access"", ""charger_capacities"": null, ""connector_types_normalized"": ""CCS"", ""data_provider"": ""OpenStreetMap"", ""latitude"": -34.8454780814014, ""longitude"": 148.915511754542, ""number_of_plugs"": null, ""number_of_plugs_quality"": ""missing_or_suspicious"", ""number_of_plugs_raw"": null, ""number_of_plugs_semantics"": ""OSM charge_points_count; values above 100 are withheld as suspicious"", ""opening_hours"": """", ""operator"": ""Chargefox"", ""osm_last_updated"": ""2024-12-22"", ""plug_types"": ""CCS"", ""power_kw_max"": null, ""power_kw_min"": null, ""power_kw_values"": [], ""station_name"": """"}",3,3,164.27957532286888,unmatched,unmatched,,,,,{},0,0,,unmatched,unmatched,,,,,{},0,0,,accepted,accepted
373,,"253 Pacific Highway, Coffs Harbour NSW 2450",Tesla,12,DC,130 kW,-30.28143948,153.1316667,Coffs Harbour City Council,2450,Existing Fast Chargers,accepted,coordinate_and_fuzzy_address,0.08582992995342534,1.0,97619,"253 Pacific Highway, Coffs Harbour, 2450","{""charger_capacities"": ""120 kW"", ""connector_types_normalized"": ""CCS"", ""data_provider"": ""Open Charge Map"", ""general_comments"": """", ""is_operational"": true, ""last_verified"": ""2021-12-19T01:50:00Z"", ""latitude"": -30.281439, ""longitude"": 153.131666, ""number_of_plugs"": 6.0, ""number_of_plugs_quality"": ""reported_or_derived_from_connection_quantity"", ""number_of_plugs_semantics"": ""OCM NumberOfPoints or positive connection Quantity"", ""operational_status"": ""operational"", ""operator"": ""Tesla (Tesla-only charging)"", ""plug_types"": ""CCS (Type 2)"", ""power_kw_max"": 120.0, ""power_kw_min"": 120.0, ""power_kw_values"": [120.0], ""station_address"": ""253 Pacific Highway, Coffs Harbour, 2450"", ""station_name"": ""Coffs Harbour Supercharger [Tesla]"", ""status"": ""Operational"", ""usage_cost"": ""$0.52/kWh""}",3,1,,accepted,coordinate_500m,7.1562265735216855,0.0,5004854821,,"{""access_condition"": ""Free Access"", ""charger_capacities"": null, ""connector_types_normalized"": ""CCS"", ""data_provider"": ""OpenStreetMap"", ""latitude"": -30.2814283707377, ""longitude"": 153.131593292842, ""number_of_plugs"": 6, ""number_of_plugs_quality"": ""valid"", ""number_of_plugs_raw"": 6, ""number_of_plugs_semantics"": ""OSM charge_points_count; values above 100 are withheld as suspicious"", ""opening_hours"": ""24/7"", ""operator"": ""Tesla"", ""osm_last_updated"": ""2026-06-27"", ""plug_types"": ""CCS"", ""power_kw_max"": null, ""power_kw_min"": null, ""power_kw_values"": [], ""station_name"": ""Tesla Supercharger""}",1,1,,accepted,coordinate_500m,7.1562265735216855,0.0,5004854821,,"{""access_condition"": ""Free Access"", ""charger_capacities"": null, ""connector_types_normalized"": ""CCS"", ""data_provider"": ""OpenStreetMap"", ""latitude"": -30.2814283707377, ""longitude"": 153.131593292842, ""number_of_plugs"": 6, ""number_of_plugs_quality"": ""valid"", ""number_of_plugs_raw"": 6, ""number_of_plugs_semantics"": ""OSM charge_points_count; values above 100 are withheld as suspicious"", ""opening_hours"": ""24/7"", ""operator"": ""Tesla"", ""osm_last_updated"": ""2026-06-27"", ""plug_types"": ""CCS"", ""power_kw_max"": null, ""power_kw_min"": null, ""power_kw_values"": [], ""station_name"": ""Tesla Supercharger""}",1,1,,unmatched,unmatched,,,,,{},0,0,,unmatched,unmatched,,,,,{},0,0,,accepted,accepted
374,,"25-47 Ocean Street, Sydney NSW 2101",JOLT,2,DC,25 kW,-33.71943448,151.2986617,Northern Beaches Council,2101,Existing Fast Chargers,unmatched,unmatched,,,,,{},0,0,,accepted,coordinate_500m,2.9465755781741634,0.0,10750707217,,"{""access_condition"": ""Free Access"", ""charger_capacities"": null, ""connector_types_normalized"": """", ""data_provider"": ""OpenStreetMap"", ""latitude"": -33.7194247106007, ""longitude"": 151.298632085154, ""number_of_plugs"": 1, ""number_of_plugs_quality"": ""valid"", ""number_of_plugs_raw"": 1, ""number_of_plugs_semantics"": ""OSM charge_points_count; values above 100 are withheld as suspicious"", ""opening_hours"": """", ""operator"": ""Jolt"", ""osm_last_updated"": ""2023-11-09"", ""plug_types"": """", ""power_kw_max"": null, ""power_kw_min"": null, ""power_kw_values"": [], ""station_name"": """"}",1,1,,unmatched,unmatched,,,,,{},0,0,,unmatched,unmatched,,,,,{},0,0,,unmatched,unmatched,,,,,{},0,0,,accepted,unmatched
376,,"26 Aspect Drive, Coffs Harbour NSW 2450",Tesla,4,DC,60 kW,-30.27522227,153.1319389,Coffs Harbour City Council,2450,Existing Fast Chargers,accepted,coordinate_500m,136.24668971124947,0.45653846153846156,474459,"351 Pacific Highway, Coffs Harbour, New South Wales, 2450","{""charger_capacities"": ""300 kW"", ""connector_types_normalized"": ""CCS"", ""data_provider"": ""Open Charge Map"", ""general_comments"": """", ""is_operational"": true, ""last_verified"": ""2026-09-12T22:44:00Z"", ""latitude"": -30.274110914833187, ""longitude"": 153.13253636781275, ""number_of_plugs"": 16.0, ""number_of_plugs_quality"": ""reported_or_derived_from_connection_quantity"", ""number_of_plugs_semantics"": ""OCM NumberOfPoints or positive connection Quantity"", ""operational_status"": ""operational"", ""operator"": ""(Unknown Operator)"", ""plug_types"": ""CCS (Type 2)"", ""power_kw_max"": 300.0, ""power_kw_min"": 300.0, ""power_kw_values"": [300.0], ""station_address"": ""351 Pacific Highway, Coffs Harbour, New South Wales, 2450"", ""station_name"": ""Big Banana Tesla Supercharger"", ""status"": ""Operational"", ""usage_cost"": """"}",1,1,,accepted,coordinate_500m,156.41350838928793,0.0,1459249999,,"{""access_condition"": ""Free Access"", ""charger_capacities"": null, ""connector_types_normalized"": ""CCS"", ""data_provider"": ""OpenStreetMap"", ""latitude"": -30.2739314248882, ""longitude"": 153.132586105066, ""number_of_plugs"": 16, ""number_of_plugs_quality"": ""valid"", ""number_of_plugs_raw"": 16, ""number_of_plugs_semantics"": ""OSM charge_points_count; values above 100 are withheld as suspicious"", ""opening_hours"": ""24/7"", ""operator"": ""Tesla"", ""osm_last_updated"": ""2026-03-29"", ""plug_types"": ""CCS"", ""power_kw_max"": null, ""power_kw_min"": null, ""power_kw_values"": [], ""station_name"": ""Tesla Supercharger""}",1,1,,accepted,coordinate_500m,156.41350838928793,0.0,1459249999,,"{""access_condition"": ""Free Access"", ""charger_capacities"": null, ""connector_types_normalized"": ""CCS"", ""data_provider"": ""OpenStreetMap"", ""latitude"": -30.2739314248882, ""longitude"": 153.132586105066, ""number_of_plugs"": 16, ""number_of_plugs_quality"": ""valid"", ""number_of_plugs_raw"": 16, ""number_of_plugs_semantics"": ""OSM charge_points_count; values above 100 are withheld as suspicious"", ""opening_hours"": ""24/7"", ""operator"": ""Tesla"", ""osm_last_updated"": ""2026-03-29"", ""plug_types"": ""CCS"", ""power_kw_max"": null, ""power_kw_min"": null, ""power_kw_values"": [], ""station_name"": ""Tesla Supercharger""}",1,1,,unmatched,unmatched,,,,,{},0,0,,unmatched,unmatched,,,,,{},0,0,,accepted,accepted
377,,"26 Bent Street, Sydney NSW 2137",Evie Networks,2,DC,75 kW,-33.85437842,151.103997,"Canada Bay Council, City of",2137,Existing Fast Chargers,unmatched,unmatched,,,,,{},0,0,,accepted,coordinate_500m,7.4622128159928005,0.0,13168689959,,"{""access_condition"": ""Free Access"", ""charger_capacities"": null, ""connector_types_normalized"": ""CCS"", ""data_provider"": ""OpenStreetMap"", ""latitude"": -33.8544347072255, ""longitude"": 151.103952996218, ""number_of_plugs"": 2, ""number_of_plugs_quality"": ""valid"", ""number_of_plugs_raw"": 2, ""number_of_plugs_semantics"": ""OSM charge_points_count; values above 100 are withheld as suspicious"", ""opening_hours"": """", ""operator"": ""Evie Networks"", ""osm_last_updated"": ""2025-09-25"", ""plug_types"": ""CCS"", ""power_kw_max"": null, ""power_kw_min"": null, ""power_kw_values"": [], ""station_name"": """"}",1,1,,accepted,coordinate_500m,7.4622128159928005,0.0,13168689959,,"{""access_condition"": ""Free Access"", ""charger_capacities"": null, ""connector_types_normalized"": ""CCS"", ""data_provider"": ""OpenStreetMap"", ""latitude"": -33.8544347072255, ""longitude"": 151.103952996218, ""number_of_plugs"": 2, ""number_of_plugs_quality"": ""valid"", ""number_of_plugs_raw"": 2, ""number_of_plugs_semantics"": ""OSM charge_points_count; values above 100 are withheld as suspicious"", ""opening_hours"": """", ""operator"": ""Evie Networks"", ""osm_last_updated"": ""2025-09-25"", ""plug_types"": ""CCS"", ""power_kw_max"": null, ""power_kw_min"": null, ""power_kw_values"": [], ""station_name"": """"}",1,1,,unmatched,unmatched,,,,,{},0,0,,unmatched,unmatched,,,,,{},0,0,,accepted,accepted
378,,"26 Neilly Street, Walgett NSW 2832",NRMA Electric,2,DC,75 kW,-28.8659158,153.0485564,Walgett Shire Council,2337,TfNSW Regional,accepted,coordinate_500m,29.415466331250652,0.28086956521739137,260392,"Little Walker Street, New South Wales, 2470","{""charger_capacities"": ""50 kW"", ""connector_types_normalized"": ""CCS;CHAdeMO"", ""data_provider"": ""Open Charge Map"", ""general_comments"": """", ""is_operational"": true, ""last_verified"": ""2023-04-23T10:48:00Z"", ""latitude"": -28.865746474795223, ""longitude"": 153.04878848507587, ""number_of_plugs"": 2.0, ""number_of_plugs_quality"": ""reported_or_derived_from_connection_quantity"", ""number_of_plugs_semantics"": ""OCM NumberOfPoints or positive connection Quantity"", ""operational_status"": ""operational"", ""operator"": ""NRMA"", ""plug_types"": ""CCS (Type 2); CHAdeMO"", ""power_kw_max"": 50.0, ""power_kw_min"": 50.0, ""power_kw_values"": [50.0], ""station_address"": ""Little Walker Street, New South Wales, 2470"", ""station_name"": ""Little Walker Street"", ""status"": ""Operational"", ""usage_cost"": """"}",2,1,,accepted,coordinate_500m,17.162799441533295,0.0,10011175454,,"{""access_condition"": ""Free Access"", ""charger_capacities"": null, ""connector_types_normalized"": """", ""data_provider"": ""OpenStreetMap"", ""latitude"": -28.8659126793622, ""longitude"": 153.048380188887, ""number_of_plugs"": null, ""number_of_plugs_quality"": ""missing_or_suspicious"", ""number_of_plugs_raw"": null, ""number_of_plugs_semantics"": ""OSM charge_points_count; values above 100 are withheld as suspicious"", ""opening_hours"": """", ""operator"": ""NRMA"", ""osm_last_updated"": ""2022-09-09"", ""plug_types"": """", ""power_kw_max"": null, ""power_kw_min"": null, ""power_kw_values"": [], ""station_name"": """"}",1,1,,unmatched,unmatched,,,,,{},0,0,,accepted,coordinate_500m,360.2593764419647,0.3721311475409836,ac6d79e9-3d3d-4a6b-a3b2-99a06fe51e25-111,"154 Canterbury St, Casino NSW 2470, Australia, Casino, NSW 2470","{""charger_capacities"": 22.0, ""connector_types_normalized"": ""Type2"", ""data_provider"": ""Charge@Large"", ""dc_port_count"": 2, ""latitude"": -28.862708, ""longitude"": 153.048037, ""number_of_plugs"": 2, ""number_of_plugs_quality"": ""reported_from_dc_port_count"", ""number_of_plugs_semantics"": ""Charge@Large DC-indicated port count"", ""operator"": """", ""plug_types"": ""TYPE2"", ""power_kw_max"": 22.0, ""power_kw_min"": 22.0, ""power_kw_values"": [22.0], ""station_address"": ""154 Canterbury St, Casino NSW 2470, Australia, Casino, NSW 2470"", ""station_name"": ""154 Canterbury Street-Casino"", ""status_counts"": ""{\""Available\"": 2}"", ""total_port_count"": 2}",1,1,,unmatched,unmatched,,,,,{},0,0,,accepted,accepted
382,,"260 Jersey Road, Plumpton NSW 2761",Evie Networks,4,DC,75 kW,-33.7459827,150.8357299,Blacktown City Council,2761,ARENA - Driving the Nation,unmatched,unmatched,,,,,{},0,0,,unmatched,unmatched,,,,,{},0,0,,unmatched,unmatched,,,,,{},0,0,,unmatched,unmatched,,,,,{},0,0,,unmatched,unmatched,,,,,{},0,0,,unmatched,unmatched
383,,"260A Liverpool Road, Ashfield NSW 2131",Evie Networks,4,DC,50 kW,-33.889564,151.123599,Inner West Council,2131,ARENA - Driving the Nation,accepted,coordinate_and_fuzzy_address,0.043102092080472776,1.0,272641,"260A Liverpool Rd, Ashfield, New South Wales, 2131","{""charger_capacities"": ""50 kW"", ""connector_types_normalized"": ""CCS;CHAdeMO"", ""data_provider"": ""Open Charge Map"", ""general_comments"": """", ""is_operational"": true, ""last_verified"": ""2023-07-15T13:50:00Z"", ""latitude"": -33.8895642, ""longitude"": 151.1235986, ""number_of_plugs"": 2.0, ""number_of_plugs_quality"": ""reported_or_derived_from_connection_quantity"", ""number_of_plugs_semantics"": ""OCM NumberOfPoints or positive connection Quantity"", ""operational_status"": ""operational"", ""operator"": ""Evie"", ""plug_types"": ""CCS (Type 2); CHAdeMO"", ""power_kw_max"": 50.0, ""power_kw_min"": 50.0, ""power_kw_values"": [50.0], ""station_address"": ""260A Liverpool Rd, Ashfield, New South Wales, 2131"", ""station_name"": ""Ashfield Mall"", ""status"": ""Operational"", ""usage_cost"": """"}",1,1,,accepted,coordinate_500m,20.604169466843853,0.0,13382573701,,"{""access_condition"": ""Free Access"", ""charger_capacities"": null, ""connector_types_normalized"": ""CCS;CHAdeMO"", ""data_provider"": ""OpenStreetMap"", ""latitude"": -33.8895660294537, ""longitude"": 151.123375793709, ""number_of_plugs"": null, ""number_of_plugs_quality"": ""missing_or_suspicious"", ""number_of_plugs_raw"": null, ""number_of_plugs_semantics"": ""OSM charge_points_count; values above 100 are withheld as suspicious"", ""opening_hours"": ""Mo-Su 09:00-23:00"", ""operator"": ""Evie Networks"", ""osm_last_updated"": ""2026-01-12"", ""plug_types"": ""CCS|CHAdeMO"", ""power_kw_max"": null, ""power_kw_min"": null, ""power_kw_values"": [], ""station_name"": """"}",2,2,297.3264396024965,accepted,coordinate_500m,20.604169466843853,0.0,13382573701,,"{""access_condition"": ""Free Access"", ""charger_capacities"": null, ""connector_types_normalized"": ""CCS;CHAdeMO"", ""data_provider"": ""OpenStreetMap"", ""latitude"": -33.8895660294537, ""longitude"": 151.123375793709, ""number_of_plugs"": null, ""number_of_plugs_quality"": ""missing_or_suspicious"", ""number_of_plugs_raw"": null, ""number_of_plugs_semantics"": ""OSM charge_points_count; values above 100 are withheld as suspicious"", ""opening_hours"": ""Mo-Su 09:00-23:00"", ""operator"": ""Evie Networks"", ""osm_last_updated"": ""2026-01-12"", ""plug_types"": ""CCS|CHAdeMO"", ""power_kw_max"": null, ""power_kw_min"": null, ""power_kw_values"": [], ""station_name"": """"}",1,1,,accepted,coordinate_500m,320.0392722913135,0.40909090909090906,ac6d79e9-3d3d-4a6b-a3b2-99a06fe51e25-149,"4 Cavill Ave, Ashfield NSW 2131, Australia, Ashfield, NSW 2131","{""charger_capacities"": 22.0, ""connector_types_normalized"": ""Type2"", ""data_provider"": ""Charge@Large"", ""dc_port_count"": 2, ""latitude"": -33.887056, ""longitude"": 151.121898, ""number_of_plugs"": 2, ""number_of_plugs_quality"": ""reported_from_dc_port_count"", ""number_of_plugs_semantics"": ""Charge@Large DC-indicated port count"", ""operator"": """", ""plug_types"": ""TYPE2"", ""power_kw_max"": 22.0, ""power_kw_min"": 22.0, ""power_kw_values"": [22.0], ""station_address"": ""4 Cavill Ave, Ashfield NSW 2131, Australia, Ashfield, NSW 2131"", ""station_name"": ""4 Cavill Ave-Ashfield"", ""status_counts"": ""{\""Available\"": 2}"", ""total_port_count"": 2}",2,2,35.42035563385451,unmatched,unmatched,,,,,{},0,0,,accepted,accepted
391,,"27-33 Oaks Avenue, Dee Why NSW 2099",Evie Networks,4,DC,150 kW,-33.75442135,151.2873331,Northern Beaches Council,2099,ARENA - Driving the Nation,unmatched,unmatched,,,,,{},0,0,,accepted,coordinate_500m,82.75841320779328,0.0,9491233549,,"{""access_condition"": ""Free Access"", ""charger_capacities"": null, ""connector_types_normalized"": ""CHAdeMO"", ""data_provider"": ""OpenStreetMap"", ""latitude"": -33.7537328461182, ""longitude"": 151.286993142046, ""number_of_plugs"": 1, ""number_of_plugs_quality"": ""valid"", ""number_of_plugs_raw"": 1, ""number_of_plugs_semantics"": ""OSM charge_points_count; values above 100 are withheld as suspicious"", ""opening_hours"": ""24/7"", ""operator"": ""Jolt"", ""osm_last_updated"": ""2022-12-20"", ""plug_types"": ""CHAdeMO"", ""power_kw_max"": null, ""power_kw_min"": null, ""power_kw_values"": [], ""station_name"": """"}",3,3,27.459129158874333,accepted,coordinate_500m,82.75841320779328,0.0,9491233549,,"{""access_condition"": ""Free Access"", ""charger_capacities"": null, ""connector_types_normalized"": ""CHAdeMO"", ""data_provider"": ""OpenStreetMap"", ""latitude"": -33.7537328461182, ""longitude"": 151.286993142046, ""number_of_plugs"": 1, ""number_of_plugs_quality"": ""valid"", ""number_of_plugs_raw"": 1, ""number_of_plugs_semantics"": ""OSM charge_points_count; values above 100 are withheld as suspicious"", ""opening_hours"": ""24/7"", ""operator"": ""Jolt"", ""osm_last_updated"": ""2022-12-20"", ""plug_types"": ""CHAdeMO"", ""power_kw_max"": null, ""power_kw_min"": null, ""power_kw_values"": [], ""station_name"": """"}",1,1,,accepted,coordinate_500m,468.2716123992523,0.23695652173913043,15d06bf5-6b4a-425d-9312-bae4b17cc22b-1060,"40 Kingsway, Dee Why, NSW 2099","{""charger_capacities"": 7.0, ""connector_types_normalized"": ""Type2"", ""data_provider"": ""Charge@Large"", ""dc_port_count"": 3, ""latitude"": -33.7503059, ""longitude"": 151.2862588, ""number_of_plugs"": 3, ""number_of_plugs_quality"": ""reported_from_dc_port_count"", ""number_of_plugs_semantics"": ""Charge@Large DC-indicated port count"", ""operator"": """", ""plug_types"": ""TYPE2"", ""power_kw_max"": 7.0, ""power_kw_min"": 7.0, ""power_kw_values"": [7.0], ""station_address"": ""40 Kingsway, Dee Why, NSW 2099"", ""station_name"": ""PCYC - Northern Beaches Council"", ""status_counts"": ""{\""Available\"": 3}"", ""total_port_count"": 3}",1,1,,unmatched,unmatched,,,,,{},0,0,,accepted,accepted
393,,"28 Auburn Street, Moree NSW 2400",NRMA Electric,2,DC,50 kW,-35.3548636,145.725081,Moree Plains Shire Council,2716,TfNSW Regional,accepted,coordinate_500m,41.576127894393146,0.4083333333333333,190915,"Powell Street, Jerilderie, New South Wales, 2716","{""charger_capacities"": ""50 kW"", ""connector_types_normalized"": ""CCS;CHAdeMO"", ""data_provider"": ""Open Charge Map"", ""general_comments"": """", ""is_operational"": true, ""last_verified"": ""2022-01-04T11:52:00Z"", ""latitude"": -35.3544948219656, ""longitude"": 145.72500535480856, ""number_of_plugs"": 1.0, ""number_of_plugs_quality"": ""reported_or_derived_from_connection_quantity"", ""number_of_plugs_semantics"": ""OCM NumberOfPoints or positive connection Quantity"", ""operational_status"": ""operational"", ""operator"": ""NRMA"", ""plug_types"": ""CCS (Type 2); CHAdeMO"", ""power_kw_max"": 50.0, ""power_kw_min"": 50.0, ""power_kw_values"": [50.0], ""station_address"": ""Powell Street, Jerilderie, New South Wales, 2716"", ""station_name"": ""NRMA Jerilderie"", ""status"": ""Operational"", ""usage_cost"": ""FREE""}",1,1,,accepted,coordinate_500m,124.85995228095281,0.0,8317195266,,"{""access_condition"": ""Free Access"", ""charger_capacities"": null, ""connector_types_normalized"": ""CCS"", ""data_provider"": ""OpenStreetMap"", ""latitude"": -35.3556886347057, ""longitude"": 145.724147048228, ""number_of_plugs"": 6, ""number_of_plugs_quality"": ""valid"", ""number_of_plugs_raw"": 6, ""number_of_plugs_semantics"": ""OSM charge_points_count; values above 100 are withheld as suspicious"", ""opening_hours"": """", ""operator"": ""NRMA"", ""osm_last_updated"": ""2026-05-09"", ""plug_types"": ""CCS"", ""power_kw_max"": null, ""power_kw_min"": null, ""power_kw_values"": [], ""station_name"": """"}",1,1,,accepted,coordinate_500m,124.85995228095281,0.0,8317195266,,"{""access_condition"": ""Free Access"", ""charger_capacities"": null, ""connector_types_normalized"": ""CCS"", ""data_provider"": ""OpenStreetMap"", ""latitude"": -35.3556886347057, ""longitude"": 145.724147048228, ""number_of_plugs"": 6, ""number_of_plugs_quality"": ""valid"", ""number_of_plugs_raw"": 6, ""number_of_plugs_semantics"": ""OSM charge_points_count; values above 100 are withheld as suspicious"", ""opening_hours"": """", ""operator"": ""NRMA"", ""osm_last_updated"": ""2026-05-09"", ""plug_types"": ""CCS"", ""power_kw_max"": null, ""power_kw_min"": null, ""power_kw_values"": [], ""station_name"": """"}",1,1,,unmatched,unmatched,,,,,{},0,0,,unmatched,unmatched,,,,,{},0,0,,accepted,accepted
395,,"28 Lawson Street, Byron Bay NSW 2481",EVUp,2,DC,100 kW,-28.64327432,153.6158749,Byron Shire Council,2481,Existing Fast Chargers,accepted,coordinate_and_fuzzy_address,18.488313952752097,0.8882352941176471,273195,"Lawson Street, Byron Bay, New South Wales, 2481","{""charger_capacities"": ""50 kW"", ""connector_types_normalized"": ""CCS;CHAdeMO"", ""data_provider"": ""Open Charge Map"", ""general_comments"": """", ""is_operational"": true, ""last_verified"": ""2023-07-28T12:55:00Z"", ""latitude"": -28.643331391697856, ""longitude"": 153.61569695569148, ""number_of_plugs"": 1.0, ""number_of_plugs_quality"": ""reported_or_derived_from_connection_quantity"", ""number_of_plugs_semantics"": ""OCM NumberOfPoints or positive connection Quantity"", ""operational_status"": ""operational"", ""operator"": ""Chargefox"", ""plug_types"": ""CCS (Type 2); CHAdeMO"", ""power_kw_max"": 50.0, ""power_kw_min"": 50.0, ""power_kw_values"": [50.0], ""station_address"": ""Lawson Street, Byron Bay, New South Wales, 2481"", ""station_name"": ""Byron Bay Library"", ""status"": ""Operational"", ""usage_cost"": ""$0.40 per kWh""}",1,1,,accepted,coordinate_500m,11.39379860572841,0.0,5270964444,,"{""access_condition"": ""Free Access"", ""charger_capacities"": null, ""connector_types_normalized"": """", ""data_provider"": ""OpenStreetMap"", ""latitude"": -28.6431760077427, ""longitude"": 153.615841990714, ""number_of_plugs"": 2, ""number_of_plugs_quality"": ""valid"", ""number_of_plugs_raw"": 2, ""number_of_plugs_semantics"": ""OSM charge_points_count; values above 100 are withheld as suspicious"", ""opening_hours"": """", ""operator"": ""Chargefox"", ""osm_last_updated"": ""2025-06-05"", ""plug_types"": """", ""power_kw_max"": null, ""power_kw_min"": null, ""power_kw_values"": [], ""station_name"": """"}",1,1,,unmatched,unmatched,,,,,{},0,0,,accepted,coordinate_500m,322.38801021528593,0.5040279269602578,15d06bf5-6b4a-425d-9312-bae4b17cc22b-494,"4 Marvell St, Byron Bay, NSW 2481","{""charger_capacities"": 22.0, ""connector_types_normalized"": ""Type2"", ""data_provider"": ""Charge@Large"", ""dc_port_count"": 1, ""latitude"": -28.6454348, ""longitude"": 153.6136718, ""number_of_plugs"": 1, ""number_of_plugs_quality"": ""reported_from_dc_port_count"", ""number_of_plugs_semantics"": ""Charge@Large DC-indicated port count"", ""operator"": """", ""plug_types"": ""TYPE2"", ""power_kw_max"": 22.0, ""power_kw_min"": 22.0, ""power_kw_values"": [22.0], ""station_address"": ""4 Marvell St, Byron Bay, NSW 2481"", ""station_name"": ""Hotel Marvell"", ""status_counts"": ""{\""Available\"": 1}"", ""total_port_count"": 1}",1,1,,unmatched,unmatched,,,,,{},0,0,,accepted,accepted
397,,"2-8 Turramurra Avenue, Sydney NSW 2074",Evie Networks,4,DC,75 kW,-33.7323514,151.1307097,Ku-ring-gai Council,2074,Existing Fast Chargers,unmatched,unmatched,,,,,{},0,0,,unmatched,unmatched,,,,,{},0,0,,unmatched,unmatched,,,,,{},0,0,,accepted,coordinate_500m,313.0083609082256,0.40479591836734696,15d06bf5-6b4a-425d-9312-bae4b17cc22b-1309,"5 Ray St, Turramurra, NSW 2074","{""charger_capacities"": 40.0, ""connector_types_normalized"": ""CCS"", ""data_provider"": ""Charge@Large"", ""dc_port_count"": 2, ""latitude"": -33.7320174, ""longitude"": 151.1273488, ""number_of_plugs"": 2, ""number_of_plugs_quality"": ""reported_from_dc_port_count"", ""number_of_plugs_semantics"": ""Charge@Large DC-indicated port count"", ""operator"": """", ""plug_types"": ""CCS2"", ""power_kw_max"": 40.0, ""power_kw_min"": 40.0, ""power_kw_values"": [40.0], ""station_address"": ""5 Ray St, Turramurra, NSW 2074"", ""station_name"": ""Turramurra Library"", ""status_counts"": ""{\""Available\"": 2}"", ""total_port_count"": 2}",1,1,,accepted,coordinate_500m,313.0083609082256,0.40479591836734696,15d06bf5-6b4a-425d-9312-bae4b17cc22b-1309,"5 Ray St, Turramurra, NSW 2074","{""charger_capacities"": 40.0, ""connector_types_normalized"": ""CCS"", ""data_provider"": ""Charge@Large"", ""dc_port_count"": 2, ""latitude"": -33.7320174, ""longitude"": 151.1273488, ""number_of_plugs"": 2, ""number_of_plugs_quality"": ""reported_from_dc_port_count"", ""number_of_plugs_semantics"": ""Charge@Large DC-indicated port count"", ""operator"": """", ""plug_types"": ""CCS2"", ""power_kw_max"": 40.0, ""power_kw_min"": 40.0, ""power_kw_values"": [40.0], ""station_address"": ""5 Ray St, Turramurra, NSW 2074"", ""station_name"": ""Turramurra Library"", ""status_counts"": ""{\""Available\"": 2}"", ""total_port_count"": 2}",1,1,,accepted,accepted
400,,"2848 Pacific Highway, Tyndale NSW 2464",Evie Networks,4,DC,350 kW,-29.56122927,153.1492773,Clarence Valley Council,2464,Existing Fast Chargers,accepted,coordinate_500m,63.35565140682818,0.31833333333333336,190224,"2848 Big River Way, Tyndale, New South Wales, 2460","{""charger_capacities"": ""350 kW"", ""connector_types_normalized"": ""CCS;CHAdeMO"", ""data_provider"": ""Open Charge Map"", ""general_comments"": """", ""is_operational"": true, ""last_verified"": ""2023-07-16T22:10:00Z"", ""latitude"": -29.56068494254326, ""longitude"": 153.14908373979097, ""number_of_plugs"": 2.0, ""number_of_plugs_quality"": ""reported_or_derived_from_connection_quantity"", ""number_of_plugs_semantics"": ""OCM NumberOfPoints or positive connection Quantity"", ""operational_status"": ""operational"", ""operator"": ""Evie"", ""plug_types"": ""CCS (Type 2); CHAdeMO"", ""power_kw_max"": 350.0, ""power_kw_min"": 350.0, ""power_kw_values"": [350.0], ""station_address"": ""2848 Big River Way, Tyndale, New South Wales, 2460"", ""station_name"": ""Tyndale Shell Roadhouse"", ""status"": ""Operational"", ""usage_cost"": ""$0.60""}",1,1,,accepted,coordinate_500m,3.160833168556644,0.0,8994778322,,"{""access_condition"": ""Free Access"", ""charger_capacities"": null, ""connector_types_normalized"": ""CCS"", ""data_provider"": ""OpenStreetMap"", ""latitude"": -29.5612453594236, ""longitude"": 153.14925035861, ""number_of_plugs"": 2, ""number_of_plugs_quality"": ""valid"", ""number_of_plugs_raw"": 2, ""number_of_plugs_semantics"": ""OSM charge_points_count; values above 100 are withheld as suspicious"", ""opening_hours"": """", ""operator"": ""Evie Networks"", ""osm_last_updated"": ""2026-05-24"", ""plug_types"": ""CCS"", ""power_kw_max"": null, ""power_kw_min"": null, ""power_kw_values"": [], ""station_name"": """"}",1,1,,accepted,coordinate_500m,3.160833168556644,0.0,8994778322,,"{""access_condition"": ""Free Access"", ""charger_capacities"": null, ""connector_types_normalized"": ""CCS"", ""data_provider"": ""OpenStreetMap"", ""latitude"": -29.5612453594236, ""longitude"": 153.14925035861, ""number_of_plugs"": 2, ""number_of_plugs_quality"": ""valid"", ""number_of_plugs_raw"": 2, ""number_of_plugs_semantics"": ""OSM charge_points_count; values above 100 are withheld as suspicious"", ""opening_hours"": """", ""operator"": ""Evie Networks"", ""osm_last_updated"": ""2026-05-24"", ""plug_types"": ""CCS"", ""power_kw_max"": null, ""power_kw_min"": null, ""power_kw_values"": [], ""station_name"": """"}",1,1,,unmatched,unmatched,,,,,{},0,0,,unmatched,unmatched,,,,,{},0,0,,accepted,accepted
403,,"29 Windsor Road, Sydney NSW 2155",JOLT,2,DC,25 kW,-33.71252457,150.9583413,The Hills Shire Council,2155,Existing Fast Chargers,unmatched,unmatched,,,,,{},0,0,,accepted,coordinate_500m,77.98761540164706,0.0,11365173050,,"{""access_condition"": ""Free Access"", ""charger_capacities"": null, ""connector_types_normalized"": """", ""data_provider"": ""OpenStreetMap"", ""latitude"": -33.7127533024078, ""longitude"": 150.959138352175, ""number_of_plugs"": null, ""number_of_plugs_quality"": ""missing_or_suspicious"", ""number_of_plugs_raw"": null, ""number_of_plugs_semantics"": ""OSM charge_points_count; values above 100 are withheld as suspicious"", ""opening_hours"": """", ""operator"": ""bp pulse"", ""osm_last_updated"": ""2025-09-01"", ""plug_types"": """", ""power_kw_max"": null, ""power_kw_min"": null, ""power_kw_values"": [], ""station_name"": """"}",1,1,,unmatched,unmatched,,,,,{},0,0,,unmatched,unmatched,,,,,{},0,0,,unmatched,unmatched,,,,,{},0,0,,accepted,unmatched
406,,"293 Belmore Road, Sydney NSW 2210",JOLT,2,DC,25 kW,-33.95077182,151.051971,Georges River Council,2210,Existing Fast Chargers,unmatched,unmatched,,,,,{},0,0,,unmatched,unmatched,,,,,{},0,0,,unmatched,unmatched,,,,,{},0,0,,unmatched,unmatched,,,,,{},0,0,,unmatched,unmatched,,,,,{},0,0,,unmatched,unmatched
407,,"29-55 Twynam Street, Narrandera NSW 2700",NRMA Electric,4,DC,180 kW,-34.74649754,146.5500761,Narrandera Shire Council,2700,Existing Fast Chargers,accepted,coordinate_and_fuzzy_address,16.947854989066442,0.876271186440678,126130,"31 Twynam Street, Narrandera, NSW, 2700","{""charger_capacities"": ""50 kW"", ""connector_types_normalized"": ""CHAdeMO;CCS"", ""data_provider"": ""Open Charge Map"", ""general_comments"": """", ""is_operational"": true, ""last_verified"": ""2024-11-12T12:09:00Z"", ""latitude"": -34.74657009261118, ""longitude"": 146.55023922868645, ""number_of_plugs"": 1.0, ""number_of_plugs_quality"": ""reported_or_derived_from_connection_quantity"", ""number_of_plugs_semantics"": ""OCM NumberOfPoints or positive connection Quantity"", ""operational_status"": ""operational"", ""operator"": ""NRMA"", ""plug_types"": ""CHAdeMO; CCS (Type 2)"", ""power_kw_max"": 50.0, ""power_kw_min"": 50.0, ""power_kw_values"": [50.0], ""station_address"": ""31 Twynam Street, Narrandera, NSW, 2700"", ""station_name"": ""Narrandera Marie Bashir Park [NRMA]"", ""status"": ""Operational"", ""usage_cost"": ""$0.66/kWh""}",1,1,,accepted,coordinate_500m,16.849713471616145,0.0,10159370719,,"{""access_condition"": ""Free Access"", ""charger_capacities"": null, ""connector_types_normalized"": ""CCS;CHAdeMO"", ""data_provider"": ""OpenStreetMap"", ""latitude"": -34.7464753158864, ""longitude"": 146.549893675947, ""number_of_plugs"": 4, ""number_of_plugs_quality"": ""valid"", ""number_of_plugs_raw"": 4, ""number_of_plugs_semantics"": ""OSM charge_points_count; values above 100 are withheld as suspicious"", ""opening_hours"": """", ""operator"": ""NRMA"", ""osm_last_updated"": ""2026-05-09"", ""plug_types"": ""CCS|CHAdeMO"", ""power_kw_max"": null, ""power_kw_min"": null, ""power_kw_values"": [], ""station_name"": """"}",1,1,,accepted,coordinate_500m,16.849713471616145,0.0,10159370719,,"{""access_condition"": ""Free Access"", ""charger_capacities"": null, ""connector_types_normalized"": ""CCS;CHAdeMO"", ""data_provider"": ""OpenStreetMap"", ""latitude"": -34.7464753158864, ""longitude"": 146.549893675947, ""number_of_plugs"": 4, ""number_of_plugs_quality"": ""valid"", ""number_of_plugs_raw"": 4, ""number_of_plugs_semantics"": ""OSM charge_points_count; values above 100 are withheld as suspicious"", ""opening_hours"": """", ""operator"": ""NRMA"", ""osm_last_updated"": ""2026-05-09"", ""plug_types"": ""CCS|CHAdeMO"", ""power_kw_max"": null, ""power_kw_min"": null, ""power_kw_values"": [], ""station_name"": """"}",1,1,,unmatched,unmatched,,,,,{},0,0,,unmatched,unmatched,,,,,{},0,0,,accepted,accepted
408,,"29-55 Twynam Street, Narrandera NSW 2700",NRMA Electric,2,DC,50 kW,-34.74651756,146.548011,Narrandera Shire Council,2700,Existing Fast Chargers,accepted,coordinate_and_fuzzy_address,203.66989536876557,0.876271186440678,126130,"31 Twynam Street, Narrandera, NSW, 2700","{""charger_capacities"": ""50 kW"", ""connector_types_normalized"": ""CHAdeMO;CCS"", ""data_provider"": ""Open Charge Map"", ""general_comments"": """", ""is_operational"": true, ""last_verified"": ""2024-11-12T12:09:00Z"", ""latitude"": -34.74657009261118, ""longitude"": 146.55023922868645, ""number_of_plugs"": 1.0, ""number_of_plugs_quality"": ""reported_or_derived_from_connection_quantity"", ""number_of_plugs_semantics"": ""OCM NumberOfPoints or positive connection Quantity"", ""operational_status"": ""operational"", ""operator"": ""NRMA"", ""plug_types"": ""CHAdeMO; CCS (Type 2)"", ""power_kw_max"": 50.0, ""power_kw_min"": 50.0, ""power_kw_values"": [50.0], ""station_address"": ""31 Twynam Street, Narrandera, NSW, 2700"", ""station_name"": ""Narrandera Marie Bashir Park [NRMA]"", ""status"": ""Operational"", ""usage_cost"": ""$0.66/kWh""}",1,1,,accepted,coordinate_500m,172.07828917633012,0.0,10159370719,,"{""access_condition"": ""Free Access"", ""charger_capacities"": null, ""connector_types_normalized"": ""CCS;CHAdeMO"", ""data_provider"": ""OpenStreetMap"", ""latitude"": -34.7464753158864, ""longitude"": 146.549893675947, ""number_of_plugs"": 4, ""number_of_plugs_quality"": ""valid"", ""number_of_plugs_raw"": 4, ""number_of_plugs_semantics"": ""OSM charge_points_count; values above 100 are withheld as suspicious"", ""opening_hours"": """", ""operator"": ""NRMA"", ""osm_last_updated"": ""2026-05-09"", ""plug_types"": ""CCS|CHAdeMO"", ""power_kw_max"": null, ""power_kw_min"": null, ""power_kw_values"": [], ""station_name"": """"}",1,1,,accepted,coordinate_500m,172.07828917633012,0.0,10159370719,,"{""access_condition"": ""Free Access"", ""charger_capacities"": null, ""connector_types_normalized"": ""CCS;CHAdeMO"", ""data_provider"": ""OpenStreetMap"", ""latitude"": -34.7464753158864, ""longitude"": 146.549893675947, ""number_of_plugs"": 4, ""number_of_plugs_quality"": ""valid"", ""number_of_plugs_raw"": 4, ""number_of_plugs_semantics"": ""OSM charge_points_count; values above 100 are withheld as suspicious"", ""opening_hours"": """", ""operator"": ""NRMA"", ""osm_last_updated"": ""2026-05-09"", ""plug_types"": ""CCS|CHAdeMO"", ""power_kw_max"": null, ""power_kw_min"": null, ""power_kw_values"": [], ""station_name"": """"}",1,1,,unmatched,unmatched,,,,,{},0,0,,unmatched,unmatched,,,,,{},0,0,,accepted,accepted
411,,"2A Beach Road, Batemans Bay NSW 2536",NRMA Electric,2,DC,50 kW,-35.70851156,150.1753874,Eurobodalla Shire Council,2536,Existing Fast Chargers,accepted,coordinate_and_fuzzy_address,12.906219734144459,1.0,157566,"2A Beach Road, Batemans Bay, NSW, 2536","{""charger_capacities"": ""50 kW"", ""connector_types_normalized"": ""CCS;CHAdeMO"", ""data_provider"": ""Open Charge Map"", ""general_comments"": """", ""is_operational"": true, ""last_verified"": ""2021-12-19T02:29:00Z"", ""latitude"": -35.70850475831435, ""longitude"": 150.175530096314, ""number_of_plugs"": 1.0, ""number_of_plugs_quality"": ""reported_or_derived_from_connection_quantity"", ""number_of_plugs_semantics"": ""OCM NumberOfPoints or positive connection Quantity"", ""operational_status"": ""operational"", ""operator"": ""NRMA"", ""plug_types"": ""CCS (Type 2); CHAdeMO"", ""power_kw_max"": 50.0, ""power_kw_min"": 50.0, ""power_kw_values"": [50.0], ""station_address"": ""2A Beach Road, Batemans Bay, NSW, 2536"", ""station_name"": ""Batemans Bay Visitor Centre [NRMA]"", ""status"": ""Operational"", ""usage_cost"": """"}",3,3,205.64465964439805,accepted,coordinate_500m,14.14167231481087,0.0,6512442081,,"{""access_condition"": ""Free Access"", ""charger_capacities"": 50.0, ""connector_types_normalized"": ""CCS;CHAdeMO"", ""data_provider"": ""OpenStreetMap"", ""latitude"": -35.7084845318405, ""longitude"": 150.175234352736, ""number_of_plugs"": 1, ""number_of_plugs_quality"": ""valid"", ""number_of_plugs_raw"": 1, ""number_of_plugs_semantics"": ""OSM charge_points_count; values above 100 are withheld as suspicious"", ""opening_hours"": """", ""operator"": ""NRMA"", ""osm_last_updated"": ""2022-12-18"", ""plug_types"": ""CCS|CHAdeMO"", ""power_kw_max"": 50.0, ""power_kw_min"": 50.0, ""power_kw_values"": [50.0], ""station_name"": """"}",3,3,172.08938251416433,accepted,coordinate_500m,14.14167231481087,0.0,6512442081,,"{""access_condition"": ""Free Access"", ""charger_capacities"": 50.0, ""connector_types_normalized"": ""CCS;CHAdeMO"", ""data_provider"": ""OpenStreetMap"", ""latitude"": -35.7084845318405, ""longitude"": 150.175234352736, ""number_of_plugs"": 1, ""number_of_plugs_quality"": ""valid"", ""number_of_plugs_raw"": 1, ""number_of_plugs_semantics"": ""OSM charge_points_count; values above 100 are withheld as suspicious"", ""opening_hours"": """", ""operator"": ""NRMA"", ""osm_last_updated"": ""2022-12-18"", ""plug_types"": ""CCS|CHAdeMO"", ""power_kw_max"": 50.0, ""power_kw_min"": 50.0, ""power_kw_values"": [50.0], ""station_name"": """"}",3,3,172.08938251416433,accepted,coordinate_and_fuzzy_address,350.3502274964947,0.862962962962963,15d06bf5-6b4a-425d-9312-bae4b17cc22b-324,"4-6 Beach Rd, Batemans Bay, NSW 2536","{""charger_capacities"": 22.0, ""connector_types_normalized"": ""Type2"", ""data_provider"": ""Charge@Large"", ""dc_port_count"": 2, ""latitude"": -35.7094784, ""longitude"": 150.1790805, ""number_of_plugs"": 2, ""number_of_plugs_quality"": ""reported_from_dc_port_count"", ""number_of_plugs_semantics"": ""Charge@Large DC-indicated port count"", ""operator"": """", ""plug_types"": ""TYPE2"", ""power_kw_max"": 22.0, ""power_kw_min"": 22.0, ""power_kw_values"": [22.0], ""station_address"": ""4-6 Beach Rd, Batemans Bay, NSW 2536"", ""station_name"": ""Batemans Bay Soldiers Club"", ""status_counts"": ""{\""Available\"": 2}"", ""total_port_count"": 2}",1,1,,unmatched,unmatched,,,,,{},0,0,,accepted,accepted
415,,"3 Broomfield Street, Cobar NSW 2835",NRMA Electric,2,DC,50 kW,-30.08825,145.9351051,Cobar Shire Council,2840,TfNSW Regional,accepted,fuzzy_address_only,157126.08368159586,0.85,190679,"3 Broomfield Street, Cobar, New South Wales, 2835","{""charger_capacities"": ""50 kW"", ""connector_types_normalized"": ""CCS;CHAdeMO"", ""data_provider"": ""Open Charge Map"", ""general_comments"": """", ""is_operational"": true, ""last_verified"": ""2022-01-08T10:59:00Z"", ""latitude"": -31.49883300000129, ""longitude"": 145.83757000000242, ""number_of_plugs"": 1.0, ""number_of_plugs_quality"": ""reported_or_derived_from_connection_quantity"", ""number_of_plugs_semantics"": ""OCM NumberOfPoints or positive connection Quantity"", ""operational_status"": ""operational"", ""operator"": ""NRMA"", ""plug_types"": ""CCS (Type 2); CHAdeMO"", ""power_kw_max"": 50.0, ""power_kw_min"": 50.0, ""power_kw_values"": [50.0], ""station_address"": ""3 Broomfield Street, Cobar, New South Wales, 2835"", ""station_name"": ""Cobar [NRMA]"", ""status"": ""Operational"", ""usage_cost"": ""FREE""}",1,0,,accepted,coordinate_500m,28.23171318416689,0.0,9771012966,,"{""access_condition"": ""Free Access"", ""charger_capacities"": null, ""connector_types_normalized"": """", ""data_provider"": ""OpenStreetMap"", ""latitude"": -30.0884156041521, ""longitude"": 145.934882678521, ""number_of_plugs"": 2, ""number_of_plugs_quality"": ""valid"", ""number_of_plugs_raw"": 2, ""number_of_plugs_semantics"": ""OSM charge_points_count; values above 100 are withheld as suspicious"", ""opening_hours"": """", ""operator"": ""NRMA"", ""osm_last_updated"": ""2022-12-18"", ""plug_types"": """", ""power_kw_max"": null, ""power_kw_min"": null, ""power_kw_values"": [], ""station_name"": """"}",1,1,,unmatched,unmatched,,,,,{},0,0,,unmatched,unmatched,,,,,{},0,0,,unmatched,unmatched,,,,,{},0,0,,accepted,accepted
417,,"3 Bungendore Road, Queanbeyan NSW 2620",Evie Networks,4,DC,75 kW,-35.34739722,149.2454031,Queanbeyan-Palerang Regional Council,2620,ARENA - Driving the Nation,unmatched,unmatched,,,,,{},0,0,,unmatched,unmatched,,,,,{},0,0,,unmatched,unmatched,,,,,{},0,0,,accepted,coordinate_500m,497.35486058393,0.39241803278688525,15d06bf5-6b4a-425d-9312-bae4b17cc22b-960,"56 Macquoid St, Queanbeyan East, NSW 2620","{""charger_capacities"": 22.0, ""connector_types_normalized"": ""Type2"", ""data_provider"": ""Charge@Large"", ""dc_port_count"": 2, ""latitude"": -35.3505578, ""longitude"": 149.2415228, ""number_of_plugs"": 2, ""number_of_plugs_quality"": ""reported_from_dc_port_count"", ""number_of_plugs_semantics"": ""Charge@Large DC-indicated port count"", ""operator"": """", ""plug_types"": ""TYPE2"", ""power_kw_max"": 22.0, ""power_kw_min"": 22.0, ""power_kw_values"": [22.0], ""station_address"": ""56 Macquoid St, Queanbeyan East, NSW 2620"", ""station_name"": ""Golden Age Motor Inn"", ""status_counts"": ""{\""Available\"": 2}"", ""total_port_count"": 2}",1,1,,unmatched,unmatched,,,,,{},0,0,,accepted,unmatched
420,,"3 Corkhill Place, Bega NSW 2550",Chargefox,2,DC,42 kW,-36.6972593,149.8418629,Bega Valley Shire Council,2550,Existing Fast Chargers,unmatched,unmatched,,,,,{},0,0,,accepted,coordinate_500m,54.91999564224437,0.0,12284563526,,"{""access_condition"": ""Free Access"", ""charger_capacities"": null, ""connector_types_normalized"": ""CCS"", ""data_provider"": ""OpenStreetMap"", ""latitude"": -36.6968576831224, ""longitude"": 149.841504351655, ""number_of_plugs"": null, ""number_of_plugs_quality"": ""missing_or_suspicious"", ""number_of_plugs_raw"": null, ""number_of_plugs_semantics"": ""OSM charge_points_count; values above 100 are withheld as suspicious"", ""opening_hours"": """", ""operator"": ""Chargefox"", ""osm_last_updated"": ""2024-10-24"", ""plug_types"": ""CCS"", ""power_kw_max"": null, ""power_kw_min"": null, ""power_kw_values"": [], ""station_name"": """"}",1,1,,accepted,coordinate_500m,54.91999564224437,0.0,12284563526,,"{""access_condition"": ""Free Access"", ""charger_capacities"": null, ""connector_types_normalized"": ""CCS"", ""data_provider"": ""OpenStreetMap"", ""latitude"": -36.6968576831224, ""longitude"": 149.841504351655, ""number_of_plugs"": null, ""number_of_plugs_quality"": ""missing_or_suspicious"", ""number_of_plugs_raw"": null, ""number_of_plugs_semantics"": ""OSM charge_points_count; values above 100 are withheld as suspicious"", ""opening_hours"": """", ""operator"": ""Chargefox"", ""osm_last_updated"": ""2024-10-24"", ""plug_types"": ""CCS"", ""power_kw_max"": null, ""power_kw_min"": null, ""power_kw_values"": [], ""station_name"": """"}",1,1,,unmatched,unmatched,,,,,{},0,0,,unmatched,unmatched,,,,,{},0,0,,accepted,accepted
422,,"3 George Street, North Strathfield NSW 2137",Evie Networks,4,DC,75 kW,-33.86390159,151.0894518,Strathfield Municipal Council,2137,ARENA - Driving the Nation,unmatched,unmatched,,,,,{},0,0,,accepted,coordinate_500m,9.923943142472616,0.0,13168678393,,"{""access_condition"": ""Free Access"", ""charger_capacities"": null, ""connector_types_normalized"": ""CCS;CHAdeMO"", ""data_provider"": ""OpenStreetMap"", ""latitude"": -33.8639878137294, ""longitude"": 151.089424056714, ""number_of_plugs"": 6, ""number_of_plugs_quality"": ""valid"", ""number_of_plugs_raw"": 6, ""number_of_plugs_semantics"": ""OSM charge_points_count; values above 100 are withheld as suspicious"", ""opening_hours"": """", ""operator"": ""Evie Networks"", ""osm_last_updated"": ""2025-09-25"", ""plug_types"": ""CCS|CHAdeMO"", ""power_kw_max"": null, ""power_kw_min"": null, ""power_kw_values"": [], ""station_name"": """"}",1,1,,accepted,coordinate_500m,9.923943142472616,0.0,13168678393,,"{""access_condition"": ""Free Access"", ""charger_capacities"": null, ""connector_types_normalized"": ""CCS;CHAdeMO"", ""data_provider"": ""OpenStreetMap"", ""latitude"": -33.8639878137294, ""longitude"": 151.089424056714, ""number_of_plugs"": 6, ""number_of_plugs_quality"": ""valid"", ""number_of_plugs_raw"": 6, ""number_of_plugs_semantics"": ""OSM charge_points_count; values above 100 are withheld as suspicious"", ""opening_hours"": """", ""operator"": ""Evie Networks"", ""osm_last_updated"": ""2025-09-25"", ""plug_types"": ""CCS|CHAdeMO"", ""power_kw_max"": null, ""power_kw_min"": null, ""power_kw_values"": [], ""station_name"": """"}",1,1,,accepted,coordinate_500m,304.24575871907604,0.29534706331045,ac6d79e9-3d3d-4a6b-a3b2-99a06fe51e25-144,"8 Station St, Homebush NSW 2140, Australia, Homebush, NSW 2140","{""charger_capacities"": 22.0, ""connector_types_normalized"": ""Type2"", ""data_provider"": ""Charge@Large"", ""dc_port_count"": 2, ""latitude"": -33.865813, ""longitude"": 151.087094, ""number_of_plugs"": 2, ""number_of_plugs_quality"": ""reported_from_dc_port_count"", ""number_of_plugs_semantics"": ""Charge@Large DC-indicated port count"", ""operator"": """", ""plug_types"": ""TYPE2"", ""power_kw_max"": 22.0, ""power_kw_min"": 22.0, ""power_kw_values"": [22.0], ""station_address"": ""8 Station St, Homebush NSW 2140, Australia, Homebush, NSW 2140"", ""station_name"": ""8 Station Street-Homebush"", ""status_counts"": ""{\""Available\"": 2}"", ""total_port_count"": 2}",3,3,0.5354433551325428,unmatched,unmatched,,,,,{},0,0,,accepted,accepted
425,,"3 Leisure Drive, Tweed Heads NSW 2486",Evie Networks,4,DC,75 kW,-28.21510115,153.5404384,Tweed Shire Council,2486,Existing Fast Chargers,unmatched,unmatched,,,,,{},0,0,,unmatched,unmatched,,,,,{},0,0,,unmatched,unmatched,,,,,{},0,0,,unmatched,unmatched,,,,,{},0,0,,unmatched,unmatched,,,,,{},0,0,,unmatched,unmatched
431,,"30 Dowling Street, Sydney NSW 2096",JOLT,2,DC,25 kW,-33.77897702,151.2838899,Northern Beaches Council,2096,Existing Fast Chargers,unmatched,unmatched,,,,,{},0,0,,accepted,coordinate_500m,2.0504349365488177,0.0,9546004749,,"{""access_condition"": ""Free Access"", ""charger_capacities"": null, ""connector_types_normalized"": ""CHAdeMO"", ""data_provider"": ""OpenStreetMap"", ""latitude"": -33.7789889453035, ""longitude"": 151.283872978589, ""number_of_plugs"": 1, ""number_of_plugs_quality"": ""valid"", ""number_of_plugs_raw"": 1, ""number_of_plugs_semantics"": ""OSM charge_points_count; values above 100 are withheld as suspicious"", ""opening_hours"": ""24/7"", ""operator"": ""Jolt"", ""osm_last_updated"": ""2022-12-20"", ""plug_types"": ""CHAdeMO"", ""power_kw_max"": null, ""power_kw_min"": null, ""power_kw_values"": [], ""station_name"": """"}",1,1,,accepted,coordinate_500m,2.0504349365488177,0.0,9546004749,,"{""access_condition"": ""Free Access"", ""charger_capacities"": null, ""connector_types_normalized"": ""CHAdeMO"", ""data_provider"": ""OpenStreetMap"", ""latitude"": -33.7789889453035, ""longitude"": 151.283872978589, ""number_of_plugs"": 1, ""number_of_plugs_quality"": ""valid"", ""number_of_plugs_raw"": 1, ""number_of_plugs_semantics"": ""OSM charge_points_count; values above 100 are withheld as suspicious"", ""opening_hours"": ""24/7"", ""operator"": ""Jolt"", ""osm_last_updated"": ""2022-12-20"", ""plug_types"": ""CHAdeMO"", ""power_kw_max"": null, ""power_kw_min"": null, ""power_kw_values"": [], ""station_name"": """"}",1,1,,unmatched,unmatched,,,,,{},0,0,,unmatched,unmatched,,,,,{},0,0,,accepted,accepted
433,,"302-312 Parramatta Road, Sydney NSW 2134",JOLT,2,DC,25 kW,-33.86942247,151.108024,Burwood Council,2134,Existing Fast Chargers,unmatched,unmatched,,,,,{},0,0,,accepted,coordinate_500m,24.595090689733542,0.0,10780543260,,"{""access_condition"": ""Free Access"", ""charger_capacities"": null, ""connector_types_normalized"": """", ""data_provider"": ""OpenStreetMap"", ""latitude"": -33.8693840829925, ""longitude"": 151.107761649201, ""number_of_plugs"": null, ""number_of_plugs_quality"": ""missing_or_suspicious"", ""number_of_plugs_raw"": null, ""number_of_plugs_semantics"": ""OSM charge_points_count; values above 100 are withheld as suspicious"", ""opening_hours"": """", ""operator"": ""Jolt"", ""osm_last_updated"": ""2023-04-02"", ""plug_types"": """", ""power_kw_max"": null, ""power_kw_min"": null, ""power_kw_values"": [], ""station_name"": """"}",1,1,,unmatched,unmatched,,,,,{},0,0,,unmatched,unmatched,,,,,{},0,0,,unmatched,unmatched,,,,,{},0,0,,accepted,unmatched
434,,"303 Henry Parry Drive, Central Coast NSW 2250",Chargefox,2,DC,60 kW,-33.40941346,151.3507447,Central Coast Council,2250,Existing Fast Chargers,accepted,coordinate_500m,160.1936952510829,0.3541311475409836,508148,"Pacific Highway, Wyoming, New South Wales, 2250","{""charger_capacities"": ""150 kW; 300 kW; 60 kW"", ""connector_types_normalized"": ""CCS;CHAdeMO"", ""data_provider"": ""Open Charge Map"", ""general_comments"": """", ""is_operational"": true, ""last_verified"": ""2026-09-09T01:02:00Z"", ""latitude"": -33.40800720332305, ""longitude"": 151.35111958796483, ""number_of_plugs"": 6.0, ""number_of_plugs_quality"": ""reported_or_derived_from_connection_quantity"", ""number_of_plugs_semantics"": ""OCM NumberOfPoints or positive connection Quantity"", ""operational_status"": ""operational"", ""operator"": ""BP Pulse (AU)"", ""plug_types"": ""CCS (Type 2); CHAdeMO"", ""power_kw_max"": 300.0, ""power_kw_min"": 60.0, ""power_kw_values"": [60.0, 150.0, 300.0], ""station_address"": ""Pacific Highway, Wyoming, New South Wales, 2250"", ""station_name"": ""Pacific Highway"", ""status"": ""Operational"", ""usage_cost"": ""55c/kWh""}",1,1,,unmatched,unmatched,,,,,{},0,0,,unmatched,unmatched,,,,,{},0,0,,accepted,coordinate_500m,480.7602652671261,0.322,32c163d9-84aa-4c71-b092-9aab18f2e771-241000083,"512 Pacific Highway, Wyoming, NSW 2250","{""charger_capacities"": 22.0, ""connector_types_normalized"": ""Type2"", ""data_provider"": ""Charge@Large"", ""dc_port_count"": 2, ""latitude"": -33.40509398, ""longitude"": 151.35051917, ""number_of_plugs"": 2, ""number_of_plugs_quality"": ""reported_from_dc_port_count"", ""number_of_plugs_semantics"": ""Charge@Large DC-indicated port count"", ""operator"": """", ""plug_types"": ""TYPE2"", ""power_kw_max"": 22.0, ""power_kw_min"": 22.0, ""power_kw_values"": [22.0], ""station_address"": ""512 Pacific Highway, Wyoming, NSW 2250"", ""station_name"": ""The Select Inn Gosford"", ""status_counts"": ""{\""Available\"": 2}"", ""total_port_count"": 2}",1,1,,unmatched,unmatched,,,,,{},0,0,,accepted,accepted
437,,"30-36 Sharp Street, Cooma NSW 2630",Tesla,10,DC,250 kW,-36.23294099,149.1322903,Snowy Monaro Regional Council,2630,Existing Fast Chargers,unmatched,unmatched,,,,,{},0,0,,accepted,coordinate_500m,5.525968922291167,0.0,12639666383,,"{""access_condition"": ""Free Access"", ""charger_capacities"": null, ""connector_types_normalized"": ""CCS"", ""data_provider"": ""OpenStreetMap"", ""latitude"": -36.2329697177065, ""longitude"": 149.13224002651, ""number_of_plugs"": 10, ""number_of_plugs_quality"": ""valid"", ""number_of_plugs_raw"": 10, ""number_of_plugs_semantics"": ""OSM charge_points_count; values above 100 are withheld as suspicious"", ""opening_hours"": """", ""operator"": ""Tesla"", ""osm_last_updated"": ""2025-11-01"", ""plug_types"": ""CCS"", ""power_kw_max"": null, ""power_kw_min"": null, ""power_kw_values"": [], ""station_name"": ""Tesla Supercharger""}",1,1,,accepted,coordinate_500m,5.525968922291167,0.0,12639666383,,"{""access_condition"": ""Free Access"", ""charger_capacities"": null, ""connector_types_normalized"": ""CCS"", ""data_provider"": ""OpenStreetMap"", ""latitude"": -36.2329697177065, ""longitude"": 149.13224002651, ""number_of_plugs"": 10, ""number_of_plugs_quality"": ""valid"", ""number_of_plugs_raw"": 10, ""number_of_plugs_semantics"": ""OSM charge_points_count; values above 100 are withheld as suspicious"", ""opening_hours"": """", ""operator"": ""Tesla"", ""osm_last_updated"": ""2025-11-01"", ""plug_types"": ""CCS"", ""power_kw_max"": null, ""power_kw_min"": null, ""power_kw_values"": [], ""station_name"": ""Tesla Supercharger""}",1,1,,accepted,coordinate_and_fuzzy_address,459.1478331355626,0.8560975609756099,179ada28-f0c6-4431-a1fc-bbb2e5ec26d6-AUCHB26300001,"6 Sharp Street, Cooma, NSW 2630","{""charger_capacities"": 7.0, ""connector_types_normalized"": ""Type2"", ""data_provider"": ""Charge@Large"", ""dc_port_count"": 13, ""latitude"": -36.2295, ""longitude"": 149.13512, ""number_of_plugs"": 13, ""number_of_plugs_quality"": ""reported_from_dc_port_count"", ""number_of_plugs_semantics"": ""Charge@Large DC-indicated port count"", ""operator"": """", ""plug_types"": ""TYPE2"", ""power_kw_max"": 7.0, ""power_kw_min"": 7.0, ""power_kw_values"": [7.0], ""station_address"": ""6 Sharp Street, Cooma, NSW 2630"", ""station_name"": ""Cooma Motor Lodge Motel (Private)"", ""status_counts"": ""{\""Available\"": 12, \""Charging\"": 1}"", ""total_port_count"": 13}",1,1,,unmatched,unmatched,,,,,{},0,0,,accepted,accepted
439,,"30A Richland Street, Sydney NSW 2208",Exploren,2,DC,120 kW,-33.93524029,151.0986717,Canterbury Bankstown Council,2208,Existing Fast Chargers,unmatched,unmatched,,,,,{},0,0,,unmatched,unmatched,,,,,{},0,0,,unmatched,unmatched,,,,,{},0,0,,accepted,coordinate_and_fuzzy_address,0.04249502585040307,0.9358490566037736,15d06bf5-6b4a-425d-9312-bae4b17cc22b-1824,"30A Richland St, Kingsgrove, NSW 2208","{""charger_capacities"": 120.0, ""connector_types_normalized"": ""CCS"", ""data_provider"": ""Charge@Large"", ""dc_port_count"": 2, ""latitude"": -33.93524, ""longitude"": 151.0986714, ""number_of_plugs"": 2, ""number_of_plugs_quality"": ""reported_from_dc_port_count"", ""number_of_plugs_semantics"": ""Charge@Large DC-indicated port count"", ""operator"": """", ""plug_types"": ""CCS2"", ""power_kw_max"": 120.0, ""power_kw_min"": 120.0, ""power_kw_values"": [120.0], ""station_address"": ""30A Richland St, Kingsgrove, NSW 2208"", ""station_name"": ""Bunnings Kingsgrove"", ""status_counts"": ""{\""Available\"": 2}"", ""total_port_count"": 2}",1,1,,accepted,coordinate_and_fuzzy_address,0.04249502585040307,0.9358490566037736,15d06bf5-6b4a-425d-9312-bae4b17cc22b-1824,"30A Richland St, Kingsgrove, NSW 2208","{""charger_capacities"": 120.0, ""connector_types_normalized"": ""CCS"", ""data_provider"": ""Charge@Large"", ""dc_port_count"": 2, ""latitude"": -33.93524, ""longitude"": 151.0986714, ""number_of_plugs"": 2, ""number_of_plugs_quality"": ""reported_from_dc_port_count"", ""number_of_plugs_semantics"": ""Charge@Large DC-indicated port count"", ""operator"": """", ""plug_types"": ""CCS2"", ""power_kw_max"": 120.0, ""power_kw_min"": 120.0, ""power_kw_values"": [120.0], ""station_address"": ""30A Richland St, Kingsgrove, NSW 2208"", ""station_name"": ""Bunnings Kingsgrove"", ""status_counts"": ""{\""Available\"": 2}"", ""total_port_count"": 2}",1,1,,accepted,accepted
443,,"31 Treacy Street, Sydney NSW 2220",JOLT,2,DC,25 kW,-33.96786191,151.1060561,Georges River Council,2220,Existing Fast Chargers,unmatched,unmatched,,,,,{},0,0,,accepted,coordinate_500m,1.0375360497414925,0.0,10091269880,,"{""access_condition"": ""Free Access"", ""charger_capacities"": null, ""connector_types_normalized"": """", ""data_provider"": ""OpenStreetMap"", ""latitude"": -33.9678598782549, ""longitude"": 151.10604511925, ""number_of_plugs"": 1, ""number_of_plugs_quality"": ""valid"", ""number_of_plugs_raw"": 1, ""number_of_plugs_semantics"": ""OSM charge_points_count; values above 100 are withheld as suspicious"", ""opening_hours"": """", ""operator"": ""Jolt"", ""osm_last_updated"": ""2022-10-11"", ""plug_types"": """", ""power_kw_max"": null, ""power_kw_min"": null, ""power_kw_values"": [], ""station_name"": """"}",1,1,,unmatched,unmatched,,,,,{},0,0,,accepted,coordinate_500m,299.3575253340065,0.3168533034714446,15d06bf5-6b4a-425d-9312-bae4b17cc22b-153,"2 Crofts Ave, Hurstville, NSW 2220","{""charger_capacities"": 22.0, ""connector_types_normalized"": ""Type2"", ""data_provider"": ""Charge@Large"", ""dc_port_count"": 4, ""latitude"": -33.9660368, ""longitude"": 151.1036698, ""number_of_plugs"": 4, ""number_of_plugs_quality"": ""reported_from_dc_port_count"", ""number_of_plugs_semantics"": ""Charge@Large DC-indicated port count"", ""operator"": """", ""plug_types"": ""TYPE2"", ""power_kw_max"": 22.0, ""power_kw_min"": 22.0, ""power_kw_values"": [22.0], ""station_address"": ""2 Crofts Ave, Hurstville, NSW 2220"", ""station_name"": ""Club Central Hurstville"", ""status_counts"": ""{\""Available\"": 2, \""Charging\"": 2}"", ""total_port_count"": 4}",1,1,,unmatched,unmatched,,,,,{},0,0,,accepted,unmatched
450,,"316 Victoria Road, Sydney NSW 2116",Exploren,2,DC,120 kW,-33.81024029,151.0342402,"Parramatta, Council of the City of",2116,Existing Fast Chargers,unmatched,unmatched,,,,,{},0,0,,accepted,coordinate_500m,63.60603680011377,0.0,12990581486,,"{""access_condition"": ""Free Access"", ""charger_capacities"": null, ""connector_types_normalized"": ""CCS"", ""data_provider"": ""OpenStreetMap"", ""latitude"": -33.81078762283, ""longitude"": 151.034440280638, ""number_of_plugs"": 2, ""number_of_plugs_quality"": ""valid"", ""number_of_plugs_raw"": 2, ""number_of_plugs_semantics"": ""OSM charge_points_count; values above 100 are withheld as suspicious"", ""opening_hours"": ""24/7"", ""operator"": ""Exploren"", ""osm_last_updated"": ""2026-05-21"", ""plug_types"": ""CCS"", ""power_kw_max"": null, ""power_kw_min"": null, ""power_kw_values"": [], ""station_name"": """"}",1,1,,accepted,coordinate_500m,63.60603680011377,0.0,12990581486,,"{""access_condition"": ""Free Access"", ""charger_capacities"": null, ""connector_types_normalized"": ""CCS"", ""data_provider"": ""OpenStreetMap"", ""latitude"": -33.81078762283, ""longitude"": 151.034440280638, ""number_of_plugs"": 2, ""number_of_plugs_quality"": ""valid"", ""number_of_plugs_raw"": 2, ""number_of_plugs_semantics"": ""OSM charge_points_count; values above 100 are withheld as suspicious"", ""opening_hours"": ""24/7"", ""operator"": ""Exploren"", ""osm_last_updated"": ""2026-05-21"", ""plug_types"": ""CCS"", ""power_kw_max"": null, ""power_kw_min"": null, ""power_kw_values"": [], ""station_name"": """"}",1,1,,accepted,coordinate_and_fuzzy_address,0.03716552915809018,0.9461538461538462,15d06bf5-6b4a-425d-9312-bae4b17cc22b-1847,"316 Victoria Rd, Rydalmere, NSW 2116","{""charger_capacities"": 120.0, ""connector_types_normalized"": ""CCS"", ""data_provider"": ""Charge@Large"", ""dc_port_count"": 2, ""latitude"": -33.81024, ""longitude"": 151.03424, ""number_of_plugs"": 2, ""number_of_plugs_quality"": ""reported_from_dc_port_count"", ""number_of_plugs_semantics"": ""Charge@Large DC-indicated port count"", ""operator"": """", ""plug_types"": ""CCS2"", ""power_kw_max"": 120.0, ""power_kw_min"": 120.0, ""power_kw_values"": [120.0], ""station_address"": ""316 Victoria Rd, Rydalmere, NSW 2116"", ""station_name"": ""Bunnings Rydalmere"", ""status_counts"": ""{\""Available\"": 1, \""Charging\"": 1}"", ""total_port_count"": 2}",3,3,249.22245639563468,accepted,coordinate_and_fuzzy_address,0.03716552915809018,0.9461538461538462,15d06bf5-6b4a-425d-9312-bae4b17cc22b-1847,"316 Victoria Rd, Rydalmere, NSW 2116","{""charger_capacities"": 120.0, ""connector_types_normalized"": ""CCS"", ""data_provider"": ""Charge@Large"", ""dc_port_count"": 2, ""latitude"": -33.81024, ""longitude"": 151.03424, ""number_of_plugs"": 2, ""number_of_plugs_quality"": ""reported_from_dc_port_count"", ""number_of_plugs_semantics"": ""Charge@Large DC-indicated port count"", ""operator"": """", ""plug_types"": ""CCS2"", ""power_kw_max"": 120.0, ""power_kw_min"": 120.0, ""power_kw_values"": [120.0], ""station_address"": ""316 Victoria Rd, Rydalmere, NSW 2116"", ""station_name"": ""Bunnings Rydalmere"", ""status_counts"": ""{\""Available\"": 1, \""Charging\"": 1}"", ""total_port_count"": 2}",3,3,249.22245639563468,accepted,accepted
454,,"32 Sydney Street, Tarcutta NSW 2652",Evie Networks,4,DC,350 kW,-35.2771512,147.7360881,Wagga Wagga City Council,2652,Existing Fast Chargers,accepted,coordinate_500m,4.590893522479304,0.8287234042553192,190351,"32 Sydney Street, Tarcutta, NSW","{""charger_capacities"": ""350 kW"", ""connector_types_normalized"": ""CCS;CHAdeMO"", ""data_provider"": ""Open Charge Map"", ""general_comments"": """", ""is_operational"": true, ""last_verified"": ""2023-07-12T22:53:00Z"", ""latitude"": -35.27711511746652, ""longitude"": 147.73611268003378, ""number_of_plugs"": 2.0, ""number_of_plugs_quality"": ""reported_or_derived_from_connection_quantity"", ""number_of_plugs_semantics"": ""OCM NumberOfPoints or positive connection Quantity"", ""operational_status"": ""operational"", ""operator"": ""Evie"", ""plug_types"": ""CCS (Type 2); CHAdeMO"", ""power_kw_max"": 350.0, ""power_kw_min"": 350.0, ""power_kw_values"": [350.0], ""station_address"": ""32 Sydney Street, Tarcutta, NSW"", ""station_name"": ""Tarcutta Roadhouse [Evie]"", ""status"": ""Operational"", ""usage_cost"": ""65c per kwH energy consumed.""}",1,1,,accepted,coordinate_500m,3.9019714957099736,0.0,7478006036,,"{""access_condition"": ""Free Access"", ""charger_capacities"": null, ""connector_types_normalized"": ""CCS;CHAdeMO"", ""data_provider"": ""OpenStreetMap"", ""latitude"": -35.2771687259759, ""longitude"": 147.736125339677, ""number_of_plugs"": 2, ""number_of_plugs_quality"": ""valid"", ""number_of_plugs_raw"": 2, ""number_of_plugs_semantics"": ""OSM charge_points_count; values above 100 are withheld as suspicious"", ""opening_hours"": """", ""operator"": ""Evie Networks"", ""osm_last_updated"": ""2023-03-19"", ""plug_types"": ""CCS|CHAdeMO"", ""power_kw_max"": null, ""power_kw_min"": null, ""power_kw_values"": [], ""station_name"": """"}",1,1,,accepted,coordinate_500m,3.9019714957099736,0.0,7478006036,,"{""access_condition"": ""Free Access"", ""charger_capacities"": null, ""connector_types_normalized"": ""CCS;CHAdeMO"", ""data_provider"": ""OpenStreetMap"", ""latitude"": -35.2771687259759, ""longitude"": 147.736125339677, ""number_of_plugs"": 2, ""number_of_plugs_quality"": ""valid"", ""number_of_plugs_raw"": 2, ""number_of_plugs_semantics"": ""OSM charge_points_count; values above 100 are withheld as suspicious"", ""opening_hours"": """", ""operator"": ""Evie Networks"", ""osm_last_updated"": ""2023-03-19"", ""plug_types"": ""CCS|CHAdeMO"", ""power_kw_max"": null, ""power_kw_min"": null, ""power_kw_values"": [], ""station_name"": """"}",1,1,,unmatched,unmatched,,,,,{},0,0,,unmatched,unmatched,,,,,{},0,0,,accepted,accepted
455,,"320 Princes Highway, Bomaderry NSW 2541",Chargefox,4,DC,47 kW,-34.84356861,150.5955365,Shoalhaven City Council,2541,Existing Fast Chargers,unmatched,unmatched,,,,,{},0,0,,unmatched,unmatched,,,,,{},0,0,,unmatched,unmatched,,,,,{},0,0,,unmatched,unmatched,,,,,{},0,0,,unmatched,unmatched,,,,,{},0,0,,unmatched,unmatched
456,,"322 Woodville Road, Guildford NSW 2161",Evie Networks,4,DC,50 kW,-33.8521028,150.9955836,Cumberland Council,2161,ARENA - Driving the Nation,accepted,coordinate_and_fuzzy_address,82.95203094933268,1.0,272700,"322 Woodville Road, Guildford, New South Wales, 2161","{""charger_capacities"": ""50 kW"", ""connector_types_normalized"": ""CCS;CHAdeMO"", ""data_provider"": ""Open Charge Map"", ""general_comments"": """", ""is_operational"": true, ""last_verified"": ""2023-07-17T06:55:00Z"", ""latitude"": -33.85283452159095, ""longitude"": 150.99575854229482, ""number_of_plugs"": 2.0, ""number_of_plugs_quality"": ""reported_or_derived_from_connection_quantity"", ""number_of_plugs_semantics"": ""OCM NumberOfPoints or positive connection Quantity"", ""operational_status"": ""operational"", ""operator"": ""Evie"", ""plug_types"": ""CCS (Type 2); CHAdeMO"", ""power_kw_max"": 50.0, ""power_kw_min"": 50.0, ""power_kw_values"": [50.0], ""station_address"": ""322 Woodville Road, Guildford, New South Wales, 2161"", ""station_name"": ""Red Rooster Guildford"", ""status"": ""Operational"", ""usage_cost"": """"}",1,1,,accepted,coordinate_500m,0.3092730473508127,0.0,11004256023,,"{""access_condition"": ""Free Access"", ""charger_capacities"": null, ""connector_types_normalized"": ""CCS;CHAdeMO"", ""data_provider"": ""OpenStreetMap"", ""latitude"": -33.8521007662868, ""longitude"": 150.995585884658, ""number_of_plugs"": 2, ""number_of_plugs_quality"": ""valid"", ""number_of_plugs_raw"": 2, ""number_of_plugs_semantics"": ""OSM charge_points_count; values above 100 are withheld as suspicious"", ""opening_hours"": """", ""operator"": ""Evie Networks"", ""osm_last_updated"": ""2023-07-02"", ""plug_types"": ""CCS|CHAdeMO"", ""power_kw_max"": null, ""power_kw_min"": null, ""power_kw_values"": [], ""station_name"": """"}",1,1,,accepted,coordinate_500m,0.3092730473508127,0.0,11004256023,,"{""access_condition"": ""Free Access"", ""charger_capacities"": null, ""connector_types_normalized"": ""CCS;CHAdeMO"", ""data_provider"": ""OpenStreetMap"", ""latitude"": -33.8521007662868, ""longitude"": 150.995585884658, ""number_of_plugs"": 2, ""number_of_plugs_quality"": ""valid"", ""number_of_plugs_raw"": 2, ""number_of_plugs_semantics"": ""OSM charge_points_count; values above 100 are withheld as suspicious"", ""opening_hours"": """", ""operator"": ""Evie Networks"", ""osm_last_updated"": ""2023-07-02"", ""plug_types"": ""CCS|CHAdeMO"", ""power_kw_max"": null, ""power_kw_min"": null, ""power_kw_values"": [], ""station_name"": """"}",1,1,,unmatched,unmatched,,,,,{},0,0,,unmatched,unmatched,,,,,{},0,0,,accepted,accepted
458,,"328 Main Road, Newcastle NSW 2285",BP,4,DC,150 kW,-32.93782987,151.6567367,Lake Macquarie City Council,2285,Existing Fast Chargers,unmatched,unmatched,,,,,{},0,0,,unmatched,unmatched,,,,,{},0,0,,unmatched,unmatched,,,,,{},0,0,,accepted,coordinate_500m,435.8887281054264,0.45277777777777783,15d06bf5-6b4a-425d-9312-bae4b17cc22b-926,"49 Harrison St, Cardiff, NSW 2285","{""charger_capacities"": 22.0, ""connector_types_normalized"": ""Type2"", ""data_provider"": ""Charge@Large"", ""dc_port_count"": 1, ""latitude"": -32.9408868, ""longitude"": 151.6596607, ""number_of_plugs"": 1, ""number_of_plugs_quality"": ""reported_from_dc_port_count"", ""number_of_plugs_semantics"": ""Charge@Large DC-indicated port count"", ""operator"": """", ""plug_types"": ""TYPE2"", ""power_kw_max"": 22.0, ""power_kw_min"": 22.0, ""power_kw_values"": [22.0], ""station_address"": ""49 Harrison St, Cardiff, NSW 2285"", ""station_name"": ""Intellihub - Harrison Street"", ""status_counts"": ""{\""Available\"": 1}"", ""total_port_count"": 1}",1,1,,unmatched,unmatched,,,,,{},0,0,,accepted,unmatched
460,,"329-339 Princes Highway, Sydney NSW 2044",BP,2,DC,75 kW,-33.91611516,151.1728939,Inner West Council,2044,Existing Fast Chargers,accepted,coordinate_and_fuzzy_address,25.907245801252817,0.8508196721311476,273427,"339 Princes Hwy, St Peters, New South Wales, 2044","{""charger_capacities"": ""75 kW"", ""connector_types_normalized"": ""CCS"", ""data_provider"": ""Open Charge Map"", ""general_comments"": """", ""is_operational"": true, ""last_verified"": ""2023-08-09T11:35:00Z"", ""latitude"": -33.916260575133784, ""longitude"": 151.17311326359567, ""number_of_plugs"": 2.0, ""number_of_plugs_quality"": ""reported_or_derived_from_connection_quantity"", ""number_of_plugs_semantics"": ""OCM NumberOfPoints or positive connection Quantity"", ""operational_status"": ""operational"", ""operator"": ""BP Pulse (AU)"", ""plug_types"": ""CCS (Type 2)"", ""power_kw_max"": 75.0, ""power_kw_min"": 75.0, ""power_kw_values"": [75.0], ""station_address"": ""339 Princes Hwy, St Peters, New South Wales, 2044"", ""station_name"": ""bp pulse Sydenham"", ""status"": ""Operational"", ""usage_cost"": ""55c/kWh""}",1,1,,accepted,coordinate_500m,1.177809696243579,0.0,10907235224,,"{""access_condition"": ""Free Access"", ""charger_capacities"": null, ""connector_types_normalized"": ""CCS"", ""data_provider"": ""OpenStreetMap"", ""latitude"": -33.9161106786139, ""longitude"": 151.172905465389, ""number_of_plugs"": 2, ""number_of_plugs_quality"": ""valid"", ""number_of_plugs_raw"": 2, ""number_of_plugs_semantics"": ""OSM charge_points_count; values above 100 are withheld as suspicious"", ""opening_hours"": """", ""operator"": ""bp pulse"", ""osm_last_updated"": ""2025-08-12"", ""plug_types"": ""CCS"", ""power_kw_max"": null, ""power_kw_min"": null, ""power_kw_values"": [], ""station_name"": """"}",1,1,,accepted,coordinate_500m,1.177809696243579,0.0,10907235224,,"{""access_condition"": ""Free Access"", ""charger_capacities"": null, ""connector_types_normalized"": ""CCS"", ""data_provider"": ""OpenStreetMap"", ""latitude"": -33.9161106786139, ""longitude"": 151.172905465389, ""number_of_plugs"": 2, ""number_of_plugs_quality"": ""valid"", ""number_of_plugs_raw"": 2, ""number_of_plugs_semantics"": ""OSM charge_points_count; values above 100 are withheld as suspicious"", ""opening_hours"": """", ""operator"": ""bp pulse"", ""osm_last_updated"": ""2025-08-12"", ""plug_types"": ""CCS"", ""power_kw_max"": null, ""power_kw_min"": null, ""power_kw_values"": [], ""station_name"": """"}",1,1,,unmatched,unmatched,,,,,{},0,0,,unmatched,unmatched,,,,,{},0,0,,accepted,accepted
462,,"33 Moate Street, Newcastle NSW 2298",Chargefox,2,DC,60 kW,-32.90870375,151.7304655,Newcastle City Council,2298,Existing Fast Chargers,unmatched,unmatched,,,,,{},0,0,,unmatched,unmatched,,,,,{},0,0,,unmatched,unmatched,,,,,{},0,0,,unmatched,unmatched,,,,,{},0,0,,unmatched,unmatched,,,,,{},0,0,,unmatched,unmatched
465,,"330 Pennant Hills Road, Pennant Hills NSW 2120",Evie Networks,2,DC,50 kW,-33.7366211,151.0743388,"Hornsby, The Council of the Shire of",2120,ARENA - Driving the Nation,accepted,coordinate_and_fuzzy_address,0.0,1.0,272622,"330 Pennant Hills Road, Pennant Hills, New South Wales, 2120","{""charger_capacities"": ""50 kW"", ""connector_types_normalized"": ""CCS"", ""data_provider"": ""Open Charge Map"", ""general_comments"": """", ""is_operational"": true, ""last_verified"": ""2023-07-15T09:21:00Z"", ""latitude"": -33.7366211, ""longitude"": 151.0743388, ""number_of_plugs"": 2.0, ""number_of_plugs_quality"": ""reported_or_derived_from_connection_quantity"", ""number_of_plugs_semantics"": ""OCM NumberOfPoints or positive connection Quantity"", ""operational_status"": ""operational"", ""operator"": ""Chargefox"", ""plug_types"": ""CCS (Type 2)"", ""power_kw_max"": 50.0, ""power_kw_min"": 50.0, ""power_kw_values"": [50.0], ""station_address"": ""330 Pennant Hills Road, Pennant Hills, New South Wales, 2120"", ""station_name"": ""Pennant Hills Toyota"", ""status"": ""Operational"", ""usage_cost"": ""$0.60/kWh""}",1,1,,unmatched,unmatched,,,,,{},0,0,,unmatched,unmatched,,,,,{},0,0,,accepted,coordinate_500m,322.33611025795193,0.6014285714285714,15d06bf5-6b4a-425d-9312-bae4b17cc22b-12,"4-10 Hillcrest Rd, Pennant Hills, NSW 2120","{""charger_capacities"": 18.0, ""connector_types_normalized"": ""Type2"", ""data_provider"": ""Charge@Large"", ""dc_port_count"": 2, ""latitude"": -33.7377393, ""longitude"": 151.0711227, ""number_of_plugs"": 2, ""number_of_plugs_quality"": ""reported_from_dc_port_count"", ""number_of_plugs_semantics"": ""Charge@Large DC-indicated port count"", ""operator"": """", ""plug_types"": ""TYPE2"", ""power_kw_max"": 18.0, ""power_kw_min"": 18.0, ""power_kw_values"": [18.0], ""station_address"": ""4-10 Hillcrest Rd, Pennant Hills, NSW 2120"", ""station_name"": ""Pennant Hills Market Place"", ""status_counts"": ""{\""Available\"": 2}"", ""total_port_count"": 2}",1,1,,unmatched,unmatched,,,,,{},0,0,,accepted,accepted
469,,"34 Annie Pyers Drive, Gundagai NSW 2722",Tesla,12,DC,130 kW,-35.00212117,148.1098549,Cootamundra-gundagai Regional Council,2722,Existing Fast Chargers,accepted,coordinate_and_fuzzy_address,7.399514444644474,1.0,79760,"34 Annie Pyers Drive, Gundagai, 2722","{""charger_capacities"": ""120 kW"", ""connector_types_normalized"": ""CCS"", ""data_provider"": ""Open Charge Map"", ""general_comments"": """", ""is_operational"": true, ""last_verified"": ""2021-12-19T02:16:00Z"", ""latitude"": -35.002106, ""longitude"": 148.109934, ""number_of_plugs"": 6.0, ""number_of_plugs_quality"": ""reported_or_derived_from_connection_quantity"", ""number_of_plugs_semantics"": ""OCM NumberOfPoints or positive connection Quantity"", ""operational_status"": ""operational"", ""operator"": ""Tesla (Tesla-only charging)"", ""plug_types"": ""CCS (Type 2)"", ""power_kw_max"": 120.0, ""power_kw_min"": 120.0, ""power_kw_values"": [120.0], ""station_address"": ""34 Annie Pyers Drive, Gundagai, 2722"", ""station_name"": ""Gundagai Supercharger [Tesla]"", ""status"": ""Operational"", ""usage_cost"": ""$0.52/kWh""}",2,2,104.73287140291399,accepted,coordinate_500m,2.342364803871276,0.0,4027667916,,"{""access_condition"": ""Free Access"", ""charger_capacities"": null, ""connector_types_normalized"": """", ""data_provider"": ""OpenStreetMap"", ""latitude"": -35.0021004800829, ""longitude"": 148.109859733853, ""number_of_plugs"": 6, ""number_of_plugs_quality"": ""valid"", ""number_of_plugs_raw"": 6, ""number_of_plugs_semantics"": ""OSM charge_points_count; values above 100 are withheld as suspicious"", ""opening_hours"": ""24/7"", ""operator"": ""Tesla"", ""osm_last_updated"": ""2026-03-29"", ""plug_types"": """", ""power_kw_max"": null, ""power_kw_min"": null, ""power_kw_values"": [], ""station_name"": ""Tesla Supercharger""}",2,2,139.45500446797726,accepted,coordinate_500m,141.79736927184854,0.0,13525320796,,"{""access_condition"": ""Free Access"", ""charger_capacities"": null, ""connector_types_normalized"": ""CCS"", ""data_provider"": ""OpenStreetMap"", ""latitude"": -35.0010157779932, ""longitude"": 148.110631120402, ""number_of_plugs"": 2, ""number_of_plugs_quality"": ""valid"", ""number_of_plugs_raw"": 2, ""number_of_plugs_semantics"": ""OSM charge_points_count; values above 100 are withheld as suspicious"", ""opening_hours"": """", ""operator"": ""NRMA"", ""osm_last_updated"": ""2026-02-05"", ""plug_types"": ""CCS"", ""power_kw_max"": null, ""power_kw_min"": null, ""power_kw_values"": [], ""station_name"": """"}",1,1,,unmatched,unmatched,,,,,{},0,0,,unmatched,unmatched,,,,,{},0,0,,accepted,accepted
475,,"342 Kanahooka Road, Brownsville NSW 2530",Ampol,2,DC,125 kW,-34.4859664,150.8064594,Wollongong City Council,2530,ARENA - Driving the Nation,unmatched,unmatched,,,,,{},0,0,,accepted,coordinate_500m,24.033112605819273,0.0,11221609471,,"{""access_condition"": ""Free Access"", ""charger_capacities"": null, ""connector_types_normalized"": """", ""data_provider"": ""OpenStreetMap"", ""latitude"": -34.4857516076275, ""longitude"": 150.806430218456, ""number_of_plugs"": null, ""number_of_plugs_quality"": ""missing_or_suspicious"", ""number_of_plugs_raw"": null, ""number_of_plugs_semantics"": ""OSM charge_points_count; values above 100 are withheld as suspicious"", ""opening_hours"": """", ""operator"": ""AmpCharge"", ""osm_last_updated"": ""2023-09-27"", ""plug_types"": """", ""power_kw_max"": null, ""power_kw_min"": null, ""power_kw_values"": [], ""station_name"": """"}",1,1,,unmatched,unmatched,,,,,{},0,0,,unmatched,unmatched,,,,,{},0,0,,unmatched,unmatched,,,,,{},0,0,,accepted,unmatched
478,,"345 Victoria Avenue, Chatswood NSW 2067",Engie,2,DC,150 kW,-33.7945647,151.18613,Willoughby City Council,2067,ARENA - Driving the Nation,accepted,coordinate_and_fuzzy_address,67.86146805885487,1.0,266872,"345 Victoria Avenue, Chatswood, NSW, 2067","{""charger_capacities"": ""120 kW"", ""connector_types_normalized"": ""CCS"", ""data_provider"": ""Open Charge Map"", ""general_comments"": ""While marked as 120kW on both ports this will be split 60/60kW if two cars are plugged in."", ""is_operational"": true, ""last_verified"": ""2023-07-13T08:44:00Z"", ""latitude"": -33.79511781061279, ""longitude"": 151.18644036778977, ""number_of_plugs"": 2.0, ""number_of_plugs_quality"": ""reported_or_derived_from_connection_quantity"", ""number_of_plugs_semantics"": ""OCM NumberOfPoints or positive connection Quantity"", ""operational_status"": ""operational"", ""operator"": ""Chargefox"", ""plug_types"": ""CCS (Type 2)"", ""power_kw_max"": 120.0, ""power_kw_min"": 120.0, ""power_kw_values"": [120.0], ""station_address"": ""345 Victoria Avenue, Chatswood, NSW, 2067"", ""station_name"": ""Chatswood Chase Chargefox"", ""status"": ""Operational"", ""usage_cost"": ""$0.45/kWh""}",1,1,,accepted,coordinate_500m,334.3709496564445,0.0,6753244994,,"{""access_condition"": ""Free Access"", ""charger_capacities"": null, ""connector_types_normalized"": """", ""data_provider"": ""OpenStreetMap"", ""latitude"": -33.796509050774, ""longitude"": 151.183369684768, ""number_of_plugs"": 2, ""number_of_plugs_quality"": ""valid"", ""number_of_plugs_raw"": 2, ""number_of_plugs_semantics"": ""OSM charge_points_count; values above 100 are withheld as suspicious"", ""opening_hours"": """", ""operator"": ""JET Charge"", ""osm_last_updated"": ""2026-06-28"", ""plug_types"": """", ""power_kw_max"": null, ""power_kw_min"": null, ""power_kw_values"": [], ""station_name"": """"}",2,2,83.64017295974304,unmatched,unmatched,,,,,{},0,0,,accepted,coordinate_and_fuzzy_address,75.75612315019666,0.9824561403508772,15d06bf5-6b4a-425d-9312-bae4b17cc22b-2543,"345 Victoria Ave, Chatswood, NSW 2067","{""charger_capacities"": 180.0, ""connector_types_normalized"": ""CCS;Type2"", ""data_provider"": ""Charge@Large"", ""dc_port_count"": 2, ""latitude"": -33.7940051, ""longitude"": 151.1865976, ""number_of_plugs"": 2, ""number_of_plugs_quality"": ""reported_from_dc_port_count"", ""number_of_plugs_semantics"": ""Charge@Large DC-indicated port count"", ""operator"": """", ""plug_types"": ""CCS2|TYPE2"", ""power_kw_max"": 180.0, ""power_kw_min"": 180.0, ""power_kw_values"": [180.0], ""station_address"": ""345 Victoria Ave, Chatswood, NSW 2067"", ""station_name"": ""Chatswood Chase"", ""status_counts"": ""{\""Available\"": 4}"", ""total_port_count"": 4}",6,6,98.0275735785178,accepted,coordinate_and_fuzzy_address,75.75612315019666,0.9824561403508772,15d06bf5-6b4a-425d-9312-bae4b17cc22b-2543,"345 Victoria Ave, Chatswood, NSW 2067","{""charger_capacities"": 180.0, ""connector_types_normalized"": ""CCS;Type2"", ""data_provider"": ""Charge@Large"", ""dc_port_count"": 2, ""latitude"": -33.7940051, ""longitude"": 151.1865976, ""number_of_plugs"": 2, ""number_of_plugs_quality"": ""reported_from_dc_port_count"", ""number_of_plugs_semantics"": ""Charge@Large DC-indicated port count"", ""operator"": """", ""plug_types"": ""CCS2|TYPE2"", ""power_kw_max"": 180.0, ""power_kw_min"": 180.0, ""power_kw_values"": [180.0], ""station_address"": ""345 Victoria Ave, Chatswood, NSW 2067"", ""station_name"": ""Chatswood Chase"", ""status_counts"": ""{\""Available\"": 4}"", ""total_port_count"": 4}",3,3,98.0275735785178,accepted,accepted
480,,"345 Victoria Avenue, Sydney NSW 2067",Chargefox,2,DC,150 kW,-33.79304309,151.1865576,Willoughby City Council,2067,Existing Fast Chargers,accepted,coordinate_and_fuzzy_address,230.95261827814892,0.9627118644067797,266872,"345 Victoria Avenue, Chatswood, NSW, 2067","{""charger_capacities"": ""120 kW"", ""connector_types_normalized"": ""CCS"", ""data_provider"": ""Open Charge Map"", ""general_comments"": ""While marked as 120kW on both ports this will be split 60/60kW if two cars are plugged in."", ""is_operational"": true, ""last_verified"": ""2023-07-13T08:44:00Z"", ""latitude"": -33.79511781061279, ""longitude"": 151.18644036778977, ""number_of_plugs"": 2.0, ""number_of_plugs_quality"": ""reported_or_derived_from_connection_quantity"", ""number_of_plugs_semantics"": ""OCM NumberOfPoints or positive connection Quantity"", ""operational_status"": ""operational"", ""operator"": ""Chargefox"", ""plug_types"": ""CCS (Type 2)"", ""power_kw_max"": 120.0, ""power_kw_min"": 120.0, ""power_kw_values"": [120.0], ""station_address"": ""345 Victoria Avenue, Chatswood, NSW, 2067"", ""station_name"": ""Chatswood Chase Chargefox"", ""status"": ""Operational"", ""usage_cost"": ""$0.45/kWh""}",1,1,,accepted,coordinate_500m,439.75641745290716,0.0,13271496162,,"{""access_condition"": ""Free Access"", ""charger_capacities"": null, ""connector_types_normalized"": """", ""data_provider"": ""OpenStreetMap"", ""latitude"": -33.793421660559, ""longitude"": 151.181820625243, ""number_of_plugs"": 2, ""number_of_plugs_quality"": ""valid"", ""number_of_plugs_raw"": 2, ""number_of_plugs_semantics"": ""OSM charge_points_count; values above 100 are withheld as suspicious"", ""opening_hours"": """", ""operator"": """", ""osm_last_updated"": ""2026-03-14"", ""plug_types"": """", ""power_kw_max"": null, ""power_kw_min"": null, ""power_kw_values"": [], ""station_name"": """"}",2,2,45.33282541960722,unmatched,unmatched,,,,,{},0,0,,accepted,coordinate_and_fuzzy_address,0.28567456975820515,0.9407407407407408,15d06bf5-6b4a-425d-9312-bae4b17cc22b-2517,"345 Victoria Ave, Chatswood, NSW 2067","{""charger_capacities"": 150.0, ""connector_types_normalized"": ""CCS"", ""data_provider"": ""Charge@Large"", ""dc_port_count"": 2, ""latitude"": -33.7930422, ""longitude"": 151.1865547, ""number_of_plugs"": 2, ""number_of_plugs_quality"": ""reported_from_dc_port_count"", ""number_of_plugs_semantics"": ""Charge@Large DC-indicated port count"", ""operator"": """", ""plug_types"": ""CCS2"", ""power_kw_max"": 150.0, ""power_kw_min"": 150.0, ""power_kw_values"": [150.0], ""station_address"": ""345 Victoria Ave, Chatswood, NSW 2067"", ""station_name"": ""Chatswood Chase No.2"", ""status_counts"": ""{\""Available\"": 2}"", ""total_port_count"": 2}",5,5,106.74880040466421,accepted,coordinate_and_fuzzy_address,0.28567456975820515,0.9407407407407408,15d06bf5-6b4a-425d-9312-bae4b17cc22b-2517,"345 Victoria Ave, Chatswood, NSW 2067","{""charger_capacities"": 150.0, ""connector_types_normalized"": ""CCS"", ""data_provider"": ""Charge@Large"", ""dc_port_count"": 2, ""latitude"": -33.7930422, ""longitude"": 151.1865547, ""number_of_plugs"": 2, ""number_of_plugs_quality"": ""reported_from_dc_port_count"", ""number_of_plugs_semantics"": ""Charge@Large DC-indicated port count"", ""operator"": """", ""plug_types"": ""CCS2"", ""power_kw_max"": 150.0, ""power_kw_min"": 150.0, ""power_kw_values"": [150.0], ""station_address"": ""345 Victoria Ave, Chatswood, NSW 2067"", ""station_name"": ""Chatswood Chase No.2"", ""status_counts"": ""{\""Available\"": 2}"", ""total_port_count"": 2}",3,3,106.74880040466421,accepted,accepted
481,,"3483 Jerrys Plains Road, Jerrys Plains NSW 2330",Tesla,12,DC,130 kW,-32.44806211,150.8316627,Muswellbrook Shire Council,2330,Existing Fast Chargers,accepted,coordinate_500m,99.58231789175947,0.2874725274725275,129982,"3483 Golden Hwy, Jerry's Plains, NSW","{""charger_capacities"": ""120 kW"", ""connector_types_normalized"": ""CCS"", ""data_provider"": ""Open Charge Map"", ""general_comments"": """", ""is_operational"": true, ""last_verified"": ""2023-08-30T06:19:00Z"", ""latitude"": -32.447359, ""longitude"": 150.83232, ""number_of_plugs"": 6.0, ""number_of_plugs_quality"": ""reported_or_derived_from_connection_quantity"", ""number_of_plugs_semantics"": ""OCM NumberOfPoints or positive connection Quantity"", ""operational_status"": ""operational"", ""operator"": ""Tesla (including non-tesla)"", ""plug_types"": ""CCS (Type 2)"", ""power_kw_max"": 120.0, ""power_kw_min"": 120.0, ""power_kw_values"": [120.0], ""station_address"": ""3483 Golden Hwy, Jerry's Plains, NSW"", ""station_name"": ""Hollydene Supercharger [Tesla]"", ""status"": ""Operational"", ""usage_cost"": ""$0.52/kWh""}",1,1,,accepted,coordinate_500m,87.837780377465,0.0,762728901,,"{""access_condition"": ""Free Access"", ""charger_capacities"": null, ""connector_types_normalized"": """", ""data_provider"": ""OpenStreetMap"", ""latitude"": -32.4474442915204, ""longitude"": 150.832246019221, ""number_of_plugs"": 6, ""number_of_plugs_quality"": ""valid"", ""number_of_plugs_raw"": 6, ""number_of_plugs_semantics"": ""OSM charge_points_count; values above 100 are withheld as suspicious"", ""opening_hours"": ""24/7"", ""operator"": ""Tesla"", ""osm_last_updated"": ""2026-03-29"", ""plug_types"": """", ""power_kw_max"": null, ""power_kw_min"": null, ""power_kw_values"": [], ""station_name"": ""Tesla Supercharger""}",1,1,,unmatched,unmatched,,,,,{},0,0,,unmatched,unmatched,,,,,{},0,0,,unmatched,unmatched,,,,,{},0,0,,accepted,accepted
483,,"3-5 Underwood Road, Homebush NSW 2140",Engie,2,DC,150 kW,-33.8556219,151.0767955,Strathfield Municipal Council,2140,ARENA - Driving the Nation,accepted,coordinate_500m,11.740484717937376,0.8356102003642988,272618,"3 -5 Underwood Road, Homebush, New South Wales, 2140","{""charger_capacities"": ""120 kW"", ""connector_types_normalized"": ""CCS"", ""data_provider"": ""Open Charge Map"", ""general_comments"": """", ""is_operational"": true, ""last_verified"": ""2023-07-16T13:41:00Z"", ""latitude"": -33.855576, ""longitude"": 151.076681, ""number_of_plugs"": 2.0, ""number_of_plugs_quality"": ""reported_or_derived_from_connection_quantity"", ""number_of_plugs_semantics"": ""OCM NumberOfPoints or positive connection Quantity"", ""operational_status"": ""operational"", ""operator"": ""Chargefox"", ""plug_types"": ""CCS (Type 2)"", ""power_kw_max"": 120.0, ""power_kw_min"": 120.0, ""power_kw_values"": [120.0], ""station_address"": ""3 -5 Underwood Road, Homebush, New South Wales, 2140"", ""station_name"": ""ENGIE - DFO Homebush"", ""status"": ""Operational"", ""usage_cost"": ""$0.45/kWh""}",1,1,,accepted,coordinate_500m,115.50554823496694,0.0,11842876526,,"{""access_condition"": ""Free Access"", ""charger_capacities"": null, ""connector_types_normalized"": ""CCS"", ""data_provider"": ""OpenStreetMap"", ""latitude"": -33.854644757719, ""longitude"": 151.077219921874, ""number_of_plugs"": 2, ""number_of_plugs_quality"": ""valid"", ""number_of_plugs_raw"": 2, ""number_of_plugs_semantics"": ""OSM charge_points_count; values above 100 are withheld as suspicious"", ""opening_hours"": ""Fr-We 10:00-18:00; Th 10:00-20:00"", ""operator"": ""Chargefox"", ""osm_last_updated"": ""2025-12-18"", ""plug_types"": ""CCS"", ""power_kw_max"": null, ""power_kw_min"": null, ""power_kw_values"": [], ""station_name"": ""Engie""}",1,1,,accepted,coordinate_500m,115.50554823496694,0.0,11842876526,,"{""access_condition"": ""Free Access"", ""charger_capacities"": null, ""connector_types_normalized"": ""CCS"", ""data_provider"": ""OpenStreetMap"", ""latitude"": -33.854644757719, ""longitude"": 151.077219921874, ""number_of_plugs"": 2, ""number_of_plugs_quality"": ""valid"", ""number_of_plugs_raw"": 2, ""number_of_plugs_semantics"": ""OSM charge_points_count; values above 100 are withheld as suspicious"", ""opening_hours"": ""Fr-We 10:00-18:00; Th 10:00-20:00"", ""operator"": ""Chargefox"", ""osm_last_updated"": ""2025-12-18"", ""plug_types"": ""CCS"", ""power_kw_max"": null, ""power_kw_min"": null, ""power_kw_values"": [], ""station_name"": ""Engie""}",1,1,,accepted,coordinate_500m,119.6244052341189,0.8021697203471554,15d06bf5-6b4a-425d-9312-bae4b17cc22b-2521,"G025A/3-5 Underwood Rd, Homebush, NSW 2140","{""charger_capacities"": 150.0, ""connector_types_normalized"": ""CCS;Type2"", ""data_provider"": ""Charge@Large"", ""dc_port_count"": 4, ""latitude"": -33.8546524, ""longitude"": 151.077357, ""number_of_plugs"": 4, ""number_of_plugs_quality"": ""reported_from_dc_port_count"", ""number_of_plugs_semantics"": ""Charge@Large DC-indicated port count"", ""operator"": """", ""plug_types"": ""CCS2|TYPE2"", ""power_kw_max"": 150.0, ""power_kw_min"": 150.0, ""power_kw_values"": [150.0], ""station_address"": ""G025A/3-5 Underwood Rd, Homebush, NSW 2140"", ""station_name"": ""DFO Homebush"", ""status_counts"": ""{\""Available\"": 5}"", ""total_port_count"": 5}",1,1,,accepted,coordinate_500m,119.6244052341189,0.8021697203471554,15d06bf5-6b4a-425d-9312-bae4b17cc22b-2521,"G025A/3-5 Underwood Rd, Homebush, NSW 2140","{""charger_capacities"": 150.0, ""connector_types_normalized"": ""CCS;Type2"", ""data_provider"": ""Charge@Large"", ""dc_port_count"": 4, ""latitude"": -33.8546524, ""longitude"": 151.077357, ""number_of_plugs"": 4, ""number_of_plugs_quality"": ""reported_from_dc_port_count"", ""number_of_plugs_semantics"": ""Charge@Large DC-indicated port count"", ""operator"": """", ""plug_types"": ""CCS2|TYPE2"", ""power_kw_max"": 150.0, ""power_kw_min"": 150.0, ""power_kw_values"": [150.0], ""station_address"": ""G025A/3-5 Underwood Rd, Homebush, NSW 2140"", ""station_name"": ""DFO Homebush"", ""status_counts"": ""{\""Available\"": 5}"", ""total_port_count"": 5}",1,1,,accepted,accepted
494,,"368 Anzac Parade, Sydney NSW 2032",BP,2,DC,75 kW,-33.91983588,151.226974,Randwick City Council,2032,Existing Fast Chargers,unmatched,unmatched,,,,,{},0,0,,accepted,coordinate_500m,9.038161266958765,0.0,13206142331,,"{""access_condition"": ""Free Access"", ""charger_capacities"": null, ""connector_types_normalized"": ""CCS"", ""data_provider"": ""OpenStreetMap"", ""latitude"": -33.9197629252837, ""longitude"": 151.227017188259, ""number_of_plugs"": 2, ""number_of_plugs_quality"": ""valid"", ""number_of_plugs_raw"": 2, ""number_of_plugs_semantics"": ""OSM charge_points_count; values above 100 are withheld as suspicious"", ""opening_hours"": """", ""operator"": ""bp pulse"", ""osm_last_updated"": ""2025-10-10"", ""plug_types"": ""CCS"", ""power_kw_max"": null, ""power_kw_min"": null, ""power_kw_values"": [], ""station_name"": """"}",1,1,,accepted,coordinate_500m,9.038161266958765,0.0,13206142331,,"{""access_condition"": ""Free Access"", ""charger_capacities"": null, ""connector_types_normalized"": ""CCS"", ""data_provider"": ""OpenStreetMap"", ""latitude"": -33.9197629252837, ""longitude"": 151.227017188259, ""number_of_plugs"": 2, ""number_of_plugs_quality"": ""valid"", ""number_of_plugs_raw"": 2, ""number_of_plugs_semantics"": ""OSM charge_points_count; values above 100 are withheld as suspicious"", ""opening_hours"": """", ""operator"": ""bp pulse"", ""osm_last_updated"": ""2025-10-10"", ""plug_types"": ""CCS"", ""power_kw_max"": null, ""power_kw_min"": null, ""power_kw_values"": [], ""station_name"": """"}",1,1,,accepted,coordinate_500m,100.46761670173528,0.18472222222222223,ac6d79e9-3d3d-4a6b-a3b2-99a06fe51e25-65,"15 Barker St, Kensington NSW 2033, Australia, Kensington, NSW 2033","{""charger_capacities"": 22.0, ""connector_types_normalized"": ""Type2"", ""data_provider"": ""Charge@Large"", ""dc_port_count"": 2, ""latitude"": -33.919511, ""longitude"": 151.225958, ""number_of_plugs"": 2, ""number_of_plugs_quality"": ""reported_from_dc_port_count"", ""number_of_plugs_semantics"": ""Charge@Large DC-indicated port count"", ""operator"": """", ""plug_types"": ""TYPE2"", ""power_kw_max"": 22.0, ""power_kw_min"": 22.0, ""power_kw_values"": [22.0], ""station_address"": ""15 Barker St, Kensington NSW 2033, Australia, Kensington, NSW 2033"", ""station_name"": ""15 Barker St-Kensington"", ""status_counts"": ""{\""Available\"": 1, \""Charging\"": 1}"", ""total_port_count"": 2}",3,3,215.0595150311613,unmatched,unmatched,,,,,{},0,0,,accepted,accepted
495,,"37 Nabiac Street, Nabiac NSW 2312",NRMA Electric,2,DC,50 kW,-32.09907112,152.3815746,Mid-Coast Council,2312,Existing Fast Chargers,accepted,coordinate_and_fuzzy_address,20.116251457535824,0.8866666666666667,161993,"Nabiac Street, Nabiac, New South Wales, 2312","{""charger_capacities"": ""180 kW; 145 kW"", ""connector_types_normalized"": ""CCS;CHAdeMO"", ""data_provider"": ""Open Charge Map"", ""general_comments"": """", ""is_operational"": true, ""last_verified"": ""2026-07-14T23:37:00Z"", ""latitude"": -32.099110590575656, ""longitude"": 152.38136618875956, ""number_of_plugs"": 4.0, ""number_of_plugs_quality"": ""reported_or_derived_from_connection_quantity"", ""number_of_plugs_semantics"": ""OCM NumberOfPoints or positive connection Quantity"", ""operational_status"": ""operational"", ""operator"": ""NRMA"", ""plug_types"": ""CCS (Type 2); CHAdeMO"", ""power_kw_max"": 180.0, ""power_kw_min"": 145.0, ""power_kw_values"": [145.0, 180.0], ""station_address"": ""Nabiac Street, Nabiac, New South Wales, 2312"", ""station_name"": ""Nabiac [NRMA]"", ""status"": ""Operational"", ""usage_cost"": ""$0.74/kWh""}",1,1,,accepted,coordinate_500m,15.389451990216417,0.0,6489797683,,"{""access_condition"": ""Free Access"", ""charger_capacities"": null, ""connector_types_normalized"": ""CCS;CHAdeMO"", ""data_provider"": ""OpenStreetMap"", ""latitude"": -32.0990505279797, ""longitude"": 152.381413042631, ""number_of_plugs"": 2, ""number_of_plugs_quality"": ""valid"", ""number_of_plugs_raw"": 2, ""number_of_plugs_semantics"": ""OSM charge_points_count; values above 100 are withheld as suspicious"", ""opening_hours"": """", ""operator"": ""NRMA"", ""osm_last_updated"": ""2025-11-10"", ""plug_types"": ""CCS|CHAdeMO"", ""power_kw_max"": null, ""power_kw_min"": null, ""power_kw_values"": [], ""station_name"": """"}",1,1,,accepted,coordinate_500m,15.389451990216417,0.0,6489797683,,"{""access_condition"": ""Free Access"", ""charger_capacities"": null, ""connector_types_normalized"": ""CCS;CHAdeMO"", ""data_provider"": ""OpenStreetMap"", ""latitude"": -32.0990505279797, ""longitude"": 152.381413042631, ""number_of_plugs"": 2, ""number_of_plugs_quality"": ""valid"", ""number_of_plugs_raw"": 2, ""number_of_plugs_semantics"": ""OSM charge_points_count; values above 100 are withheld as suspicious"", ""opening_hours"": """", ""operator"": ""NRMA"", ""osm_last_updated"": ""2025-11-10"", ""plug_types"": ""CCS|CHAdeMO"", ""power_kw_max"": null, ""power_kw_min"": null, ""power_kw_values"": [], ""station_name"": """"}",1,1,,unmatched,unmatched,,,,,{},0,0,,unmatched,unmatched,,,,,{},0,0,,accepted,accepted
499,,"375-383 Windsor Road, Sydney NSW 2153",Tesla,4,DC,250 kW,-33.75869074,150.9914705,The Hills Shire Council,2153,Existing Fast Chargers,unmatched,unmatched,,,,,{},0,0,,accepted,coordinate_500m,59.70843832903251,0.0,13020827820,,"{""access_condition"": ""Free Access"", ""charger_capacities"": null, ""connector_types_normalized"": ""CCS"", ""data_provider"": ""OpenStreetMap"", ""latitude"": -33.7586057493472, ""longitude"": 150.992108233032, ""number_of_plugs"": 4, ""number_of_plugs_quality"": ""valid"", ""number_of_plugs_raw"": 4, ""number_of_plugs_semantics"": ""OSM charge_points_count; values above 100 are withheld as suspicious"", ""opening_hours"": ""24/7"", ""operator"": ""Tesla"", ""osm_last_updated"": ""2026-03-29"", ""plug_types"": ""CCS"", ""power_kw_max"": null, ""power_kw_min"": null, ""power_kw_values"": [], ""station_name"": ""Tesla Supercharger""}",1,1,,accepted,coordinate_500m,59.70843832903251,0.0,13020827820,,"{""access_condition"": ""Free Access"", ""charger_capacities"": null, ""connector_types_normalized"": ""CCS"", ""data_provider"": ""OpenStreetMap"", ""latitude"": -33.7586057493472, ""longitude"": 150.992108233032, ""number_of_plugs"": 4, ""number_of_plugs_quality"": ""valid"", ""number_of_plugs_raw"": 4, ""number_of_plugs_semantics"": ""OSM charge_points_count; values above 100 are withheld as suspicious"", ""opening_hours"": ""24/7"", ""operator"": ""Tesla"", ""osm_last_updated"": ""2026-03-29"", ""plug_types"": ""CCS"", ""power_kw_max"": null, ""power_kw_min"": null, ""power_kw_values"": [], ""station_name"": ""Tesla Supercharger""}",1,1,,unmatched,unmatched,,,,,{},0,0,,unmatched,unmatched,,,,,{},0,0,,accepted,accepted
500,,"38 Abbott Road, Seven Hills NSW 2147",Ampol,2,DC,125 kW,-33.7668115,150.9549656,Blacktown City Council,2147,ARENA - Driving the Nation,accepted,coordinate_and_fuzzy_address,32.86769361572728,1.0,170607,"38 Abbott Rd, Seven Hills, New South Wales, 2147","{""charger_capacities"": ""300 kW"", ""connector_types_normalized"": ""CCS"", ""data_provider"": ""Open Charge Map"", ""general_comments"": ""Parking: Free, Restrooms, EV Parking, Shopping, Grocery, Dining Open 24/7"", ""is_operational"": true, ""last_verified"": ""2026-06-15T09:28:00Z"", ""latitude"": -33.767099, ""longitude"": 150.954883, ""number_of_plugs"": 2.0, ""number_of_plugs_quality"": ""reported_or_derived_from_connection_quantity"", ""number_of_plugs_semantics"": ""OCM NumberOfPoints or positive connection Quantity"", ""operational_status"": ""operational"", ""operator"": ""Evie"", ""plug_types"": ""CCS (Type 2)"", ""power_kw_max"": 300.0, ""power_kw_min"": 300.0, ""power_kw_values"": [300.0], ""station_address"": ""38 Abbott Rd, Seven Hills, New South Wales, 2147"", ""station_name"": ""Ampol Woolworths MetroGo Seven Hills"", ""status"": ""Operational"", ""usage_cost"": ""$0.60 per kWh""}",2,2,241.83499953182312,accepted,coordinate_500m,39.19546617861627,0.0,8169947525,,"{""access_condition"": ""Free Access"", ""charger_capacities"": null, ""connector_types_normalized"": ""CCS;CHAdeMO"", ""data_provider"": ""OpenStreetMap"", ""latitude"": -33.7671436397388, ""longitude"": 150.954823599878, ""number_of_plugs"": null, ""number_of_plugs_quality"": ""missing_or_suspicious"", ""number_of_plugs_raw"": 350, ""number_of_plugs_semantics"": ""OSM charge_points_count; values above 100 are withheld as suspicious"", ""opening_hours"": """", ""operator"": ""Evie Networks"", ""osm_last_updated"": ""2023-04-02"", ""plug_types"": ""CCS|CHAdeMO"", ""power_kw_max"": null, ""power_kw_min"": null, ""power_kw_values"": [], ""station_name"": """"}",2,2,255.54506644551046,accepted,coordinate_500m,39.19546617861627,0.0,8169947525,,"{""access_condition"": ""Free Access"", ""charger_capacities"": null, ""connector_types_normalized"": ""CCS;CHAdeMO"", ""data_provider"": ""OpenStreetMap"", ""latitude"": -33.7671436397388, ""longitude"": 150.954823599878, ""number_of_plugs"": null, ""number_of_plugs_quality"": ""missing_or_suspicious"", ""number_of_plugs_raw"": 350, ""number_of_plugs_semantics"": ""OSM charge_points_count; values above 100 are withheld as suspicious"", ""opening_hours"": """", ""operator"": ""Evie Networks"", ""osm_last_updated"": ""2023-04-02"", ""plug_types"": ""CCS|CHAdeMO"", ""power_kw_max"": null, ""power_kw_min"": null, ""power_kw_values"": [], ""station_name"": """"}",1,1,,unmatched,unmatched,,,,,{},0,0,,unmatched,unmatched,,,,,{},0,0,,accepted,accepted
501,,"38 Flora Street, Sydney NSW 2232",Chargefox,4,DC,47 kW,-34.03434039,151.0726517,Sutherland Shire Council,2232,Existing Fast Chargers,accepted,coordinate_500m,181.72073244144894,0.34078947368421053,191280,"Princes Highway, Kirrawee, NSW, 2232","{""charger_capacities"": ""250 kW"", ""connector_types_normalized"": ""CCS"", ""data_provider"": ""Open Charge Map"", ""general_comments"": """", ""is_operational"": true, ""last_verified"": ""2022-02-02T13:08:00Z"", ""latitude"": -34.033063649505685, ""longitude"": 151.07388271966875, ""number_of_plugs"": 6.0, ""number_of_plugs_quality"": ""reported_or_derived_from_connection_quantity"", ""number_of_plugs_semantics"": ""OCM NumberOfPoints or positive connection Quantity"", ""operational_status"": ""operational"", ""operator"": ""Tesla (Tesla-only charging)"", ""plug_types"": ""CCS (Type 2)"", ""power_kw_max"": 250.0, ""power_kw_min"": 250.0, ""power_kw_values"": [250.0], ""station_address"": ""Princes Highway, Kirrawee, NSW, 2232"", ""station_name"": ""Tesla Supercharger South Village"", ""status"": ""Operational"", ""usage_cost"": ""$0.52/kWh""}",1,1,,accepted,coordinate_500m,92.56805234273116,0.0,9467315676,,"{""access_condition"": ""Free Access"", ""charger_capacities"": null, ""connector_types_normalized"": """", ""data_provider"": ""OpenStreetMap"", ""latitude"": -34.0338237798499, ""longitude"": 151.073439432086, ""number_of_plugs"": 6, ""number_of_plugs_quality"": ""valid"", ""number_of_plugs_raw"": 6, ""number_of_plugs_semantics"": ""OSM charge_points_count; values above 100 are withheld as suspicious"", ""opening_hours"": ""24/7"", ""operator"": ""Tesla"", ""osm_last_updated"": ""2026-03-29"", ""plug_types"": """", ""power_kw_max"": null, ""power_kw_min"": null, ""power_kw_values"": [], ""station_name"": ""Tesla Supercharger""}",1,1,,unmatched,unmatched,,,,,{},0,0,,accepted,coordinate_500m,256.33529453609464,0.30546613011401746,baaffa39-0adb-422e-a7bf-4b391d232b5d-504,"459 President Ave, Kirrawee NSW 2232, Austral, Kirrawee, NSW 2232","{""charger_capacities"": 22.0, ""connector_types_normalized"": ""Type2"", ""data_provider"": ""Charge@Large"", ""dc_port_count"": 1, ""latitude"": -34.034617, ""longitude"": 151.06989, ""number_of_plugs"": 1, ""number_of_plugs_quality"": ""reported_from_dc_port_count"", ""number_of_plugs_semantics"": ""Charge@Large DC-indicated port count"", ""operator"": """", ""plug_types"": ""TYPE2"", ""power_kw_max"": 22.0, ""power_kw_min"": 22.0, ""power_kw_values"": [22.0], ""station_address"": ""459 President Ave, Kirrawee NSW 2232, Austral, Kirrawee, NSW 2232"", ""station_name"": ""459 President Ave, Kirrawee NSW 2232"", ""status_counts"": ""{\""Unknown\"": 1}"", ""total_port_count"": 1}",2,2,0.0,unmatched,unmatched,,,,,{},0,0,,accepted,accepted
502,,"38 Swift Street, Holbrook NSW 2644",Tesla,9,DC,250 kW,-35.72254759,147.3175105,Greater Hume Shire Council,2644,Existing Fast Chargers,accepted,coordinate_and_fuzzy_address,49.151585710369865,0.8872340425531916,296044,"Swift Street, Holbrook, New South Wales, 2644","{""charger_capacities"": ""250 kW"", ""connector_types_normalized"": ""CCS"", ""data_provider"": ""Open Charge Map"", ""general_comments"": """", ""is_operational"": true, ""last_verified"": ""2024-03-06T09:49:00Z"", ""latitude"": -35.7229067434558, ""longitude"": 147.3171930996939, ""number_of_plugs"": 1.0, ""number_of_plugs_quality"": ""reported_or_derived_from_connection_quantity"", ""number_of_plugs_semantics"": ""OCM NumberOfPoints or positive connection Quantity"", ""operational_status"": ""operational"", ""operator"": ""Tesla (Tesla-only charging)"", ""plug_types"": ""CCS (Type 2)"", ""power_kw_max"": 250.0, ""power_kw_min"": 250.0, ""power_kw_values"": [250.0], ""station_address"": ""Swift Street, Holbrook, New South Wales, 2644"", ""station_name"": ""Tesla Supercharger Holbrook"", ""status"": ""Operational"", ""usage_cost"": ""$0.69 / kWh""}",1,1,,accepted,coordinate_500m,14.261247146689898,0.0,11290026319,,"{""access_condition"": ""Free Access"", ""charger_capacities"": null, ""connector_types_normalized"": """", ""data_provider"": ""OpenStreetMap"", ""latitude"": -35.7226725793424, ""longitude"": 147.317545919503, ""number_of_plugs"": 9, ""number_of_plugs_quality"": ""valid"", ""number_of_plugs_raw"": 9, ""number_of_plugs_semantics"": ""OSM charge_points_count; values above 100 are withheld as suspicious"", ""opening_hours"": ""24/7"", ""operator"": ""Tesla"", ""osm_last_updated"": ""2026-03-29"", ""plug_types"": """", ""power_kw_max"": null, ""power_kw_min"": null, ""power_kw_values"": [], ""station_name"": ""Tesla Supercharger""}",1,1,,unmatched,unmatched,,,,,{},0,0,,unmatched,unmatched,,,,,{},0,0,,unmatched,unmatched,,,,,{},0,0,,accepted,accepted
510,,"3A Cowell Street, Sydney NSW 2111",Evie Networks,2,DC,75 kW,-33.83281286,151.1277918,"Hunters Hill, The Council of the Municipality of",2111,Existing Fast Chargers,unmatched,unmatched,,,,,{},0,0,,accepted,coordinate_500m,20.06767229245546,0.0,13073547942,,"{""access_condition"": ""Free Access"", ""charger_capacities"": null, ""connector_types_normalized"": ""CCS"", ""data_provider"": ""OpenStreetMap"", ""latitude"": -33.8326437706311, ""longitude"": 151.127715859353, ""number_of_plugs"": 2, ""number_of_plugs_quality"": ""valid"", ""number_of_plugs_raw"": 2, ""number_of_plugs_semantics"": ""OSM charge_points_count; values above 100 are withheld as suspicious"", ""opening_hours"": """", ""operator"": ""Evie Networks"", ""osm_last_updated"": ""2025-08-21"", ""plug_types"": ""CCS"", ""power_kw_max"": null, ""power_kw_min"": null, ""power_kw_values"": [], ""station_name"": """"}",1,1,,accepted,coordinate_500m,20.06767229245546,0.0,13073547942,,"{""access_condition"": ""Free Access"", ""charger_capacities"": null, ""connector_types_normalized"": ""CCS"", ""data_provider"": ""OpenStreetMap"", ""latitude"": -33.8326437706311, ""longitude"": 151.127715859353, ""number_of_plugs"": 2, ""number_of_plugs_quality"": ""valid"", ""number_of_plugs_raw"": 2, ""number_of_plugs_semantics"": ""OSM charge_points_count; values above 100 are withheld as suspicious"", ""opening_hours"": """", ""operator"": ""Evie Networks"", ""osm_last_updated"": ""2025-08-21"", ""plug_types"": ""CCS"", ""power_kw_max"": null, ""power_kw_min"": null, ""power_kw_values"": [], ""station_name"": """"}",1,1,,unmatched,unmatched,,,,,{},0,0,,unmatched,unmatched,,,,,{},0,0,,accepted,accepted
512,,"4 Defries Avenue, Sydney NSW 2017",Ampol,6,DC,150 kW,-33.90556061,151.2126807,"Sydney, Council of the City of",2017,Existing Fast Chargers,accepted,coordinate_and_fuzzy_address,11.837623190357608,0.9568627450980393,272616,"4 Defries Avenue, Zetland, New South Wales, 2017","{""charger_capacities"": ""350 kW; 50 kW"", ""connector_types_normalized"": ""CCS;CHAdeMO"", ""data_provider"": ""Open Charge Map"", ""general_comments"": """", ""is_operational"": true, ""last_verified"": ""2023-07-15T08:58:00Z"", ""latitude"": -33.9055215, ""longitude"": 151.2128, ""number_of_plugs"": 4.0, ""number_of_plugs_quality"": ""reported_or_derived_from_connection_quantity"", ""number_of_plugs_semantics"": ""OCM NumberOfPoints or positive connection Quantity"", ""operational_status"": ""operational"", ""operator"": ""Chargefox"", ""plug_types"": ""CCS (Type 2); CHAdeMO"", ""power_kw_max"": 350.0, ""power_kw_min"": 50.0, ""power_kw_values"": [50.0, 350.0], ""station_address"": ""4 Defries Avenue, Zetland, New South Wales, 2017"", ""station_name"": ""NRMA - Sydney"", ""status"": ""Operational"", ""usage_cost"": ""$0.45 - $0.60/kWh""}",2,2,148.34663401404535,accepted,coordinate_500m,29.98892249373378,0.0,6967754081,,"{""access_condition"": ""Free Access"", ""charger_capacities"": null, ""connector_types_normalized"": """", ""data_provider"": ""OpenStreetMap"", ""latitude"": -33.9053712813538, ""longitude"": 151.212912121598, ""number_of_plugs"": null, ""number_of_plugs_quality"": ""missing_or_suspicious"", ""number_of_plugs_raw"": null, ""number_of_plugs_semantics"": ""OSM charge_points_count; values above 100 are withheld as suspicious"", ""opening_hours"": """", ""operator"": ""Chargefox"", ""osm_last_updated"": ""2022-12-15"", ""plug_types"": """", ""power_kw_max"": null, ""power_kw_min"": null, ""power_kw_values"": [], ""station_name"": """"}",2,2,131.6291267529154,unmatched,unmatched,,,,,{},0,0,,accepted,coordinate_500m,220.2449991800599,0.8217391304347826,e01de15b-1ce6-4c05-8f89-81b463696ce1-5f17c601-7a11-448e-bd42-5da4d088dd95,"8 Defries Ave, Zetland, NSW 2017","{""charger_capacities"": 22.17, ""connector_types_normalized"": ""Type2"", ""data_provider"": ""Charge@Large"", ""dc_port_count"": 6, ""latitude"": -33.907534, ""longitude"": 151.2124757, ""number_of_plugs"": 6, ""number_of_plugs_quality"": ""reported_from_dc_port_count"", ""number_of_plugs_semantics"": ""Charge@Large DC-indicated port count"", ""operator"": """", ""plug_types"": ""TYPE2"", ""power_kw_max"": 22.17, ""power_kw_min"": 22.17, ""power_kw_values"": [22.17], ""station_address"": ""8 Defries Ave, Zetland, NSW 2017"", ""station_name"": ""Meriton 8 Defries Ave Zetland"", ""status_counts"": ""{\""Available\"": 6}"", ""total_port_count"": 6}",1,1,,unmatched,unmatched,,,,,{},0,0,,accepted,accepted
516,,"4 Tindall Street, Sydney NSW 2560",Evie Networks,4,DC,150 kW,-34.07206311,150.8051261,Campbelltown City Council,2560,Existing Fast Chargers,accepted,coordinate_500m,194.37849874480995,0.3620857699805068,299879,"38 Camden Rd, Campbelltown, NSW, 2560","{""charger_capacities"": ""75 kW; 65 kW"", ""connector_types_normalized"": ""CCS;CHAdeMO"", ""data_provider"": ""Open Charge Map"", ""general_comments"": """", ""is_operational"": true, ""last_verified"": ""2024-06-11T09:50:00Z"", ""latitude"": -34.07085887727317, ""longitude"": 150.80665583075495, ""number_of_plugs"": 1.0, ""number_of_plugs_quality"": ""reported_or_derived_from_connection_quantity"", ""number_of_plugs_semantics"": ""OCM NumberOfPoints or positive connection Quantity"", ""operational_status"": ""operational"", ""operator"": ""Chargefox"", ""plug_types"": ""CCS (Type 2); CHAdeMO"", ""power_kw_max"": 75.0, ""power_kw_min"": 65.0, ""power_kw_values"": [65.0, 75.0], ""station_address"": ""38 Camden Rd, Campbelltown, NSW, 2560"", ""station_name"": ""Chargefox Charging Station"", ""status"": ""Operational"", ""usage_cost"": ""$0.60/kWh""}",2,2,14.903496697461179,accepted,coordinate_500m,6.1527199513793525,0.0,11419885107,,"{""access_condition"": ""Free Access"", ""charger_capacities"": null, ""connector_types_normalized"": ""CCS;CHAdeMO"", ""data_provider"": ""OpenStreetMap"", ""latitude"": -34.0720222080874, ""longitude"": 150.805171088962, ""number_of_plugs"": null, ""number_of_plugs_quality"": ""missing_or_suspicious"", ""number_of_plugs_raw"": null, ""number_of_plugs_semantics"": ""OSM charge_points_count; values above 100 are withheld as suspicious"", ""opening_hours"": """", ""operator"": ""Evie Networks"", ""osm_last_updated"": ""2023-12-15"", ""plug_types"": ""CCS|CHAdeMO"", ""power_kw_max"": null, ""power_kw_min"": null, ""power_kw_values"": [], ""station_name"": """"}",3,3,78.13234378058529,accepted,coordinate_500m,6.1527199513793525,0.0,11419885107,,"{""access_condition"": ""Free Access"", ""charger_capacities"": null, ""connector_types_normalized"": ""CCS;CHAdeMO"", ""data_provider"": ""OpenStreetMap"", ""latitude"": -34.0720222080874, ""longitude"": 150.805171088962, ""number_of_plugs"": null, ""number_of_plugs_quality"": ""missing_or_suspicious"", ""number_of_plugs_raw"": null, ""number_of_plugs_semantics"": ""OSM charge_points_count; values above 100 are withheld as suspicious"", ""opening_hours"": """", ""operator"": ""Evie Networks"", ""osm_last_updated"": ""2023-12-15"", ""plug_types"": ""CCS|CHAdeMO"", ""power_kw_max"": null, ""power_kw_min"": null, ""power_kw_values"": [], ""station_name"": """"}",3,3,78.13234378058529,accepted,coordinate_500m,93.01746043736813,0.33109559613319006,15d06bf5-6b4a-425d-9312-bae4b17cc22b-2578,"38 Camden Rd, Campbelltown, NSW 2560","{""charger_capacities"": 200.0, ""connector_types_normalized"": ""CCS;CHAdeMO"", ""data_provider"": ""Charge@Large"", ""dc_port_count"": 4, ""latitude"": -34.0716105, ""longitude"": 150.8059754, ""number_of_plugs"": 4, ""number_of_plugs_quality"": ""reported_from_dc_port_count"", ""number_of_plugs_semantics"": ""Charge@Large DC-indicated port count"", ""operator"": """", ""plug_types"": ""CCS2|CHADEMO"", ""power_kw_max"": 200.0, ""power_kw_min"": 200.0, ""power_kw_values"": [200.0], ""station_address"": ""38 Camden Rd, Campbelltown, NSW 2560"", ""station_name"": ""Genesis Care Campbelltown"", ""status_counts"": ""{\""Available\"": 4}"", ""total_port_count"": 4}",1,1,,accepted,coordinate_500m,93.01746043736813,0.33109559613319006,15d06bf5-6b4a-425d-9312-bae4b17cc22b-2578,"38 Camden Rd, Campbelltown, NSW 2560","{""charger_capacities"": 200.0, ""connector_types_normalized"": ""CCS;CHAdeMO"", ""data_provider"": ""Charge@Large"", ""dc_port_count"": 4, ""latitude"": -34.0716105, ""longitude"": 150.8059754, ""number_of_plugs"": 4, ""number_of_plugs_quality"": ""reported_from_dc_port_count"", ""number_of_plugs_semantics"": ""Charge@Large DC-indicated port count"", ""operator"": """", ""plug_types"": ""CCS2|CHADEMO"", ""power_kw_max"": 200.0, ""power_kw_min"": 200.0, ""power_kw_values"": [200.0], ""station_address"": ""38 Camden Rd, Campbelltown, NSW 2560"", ""station_name"": ""Genesis Care Campbelltown"", ""status_counts"": ""{\""Available\"": 4}"", ""total_port_count"": 4}",1,1,,accepted,accepted
518,,"40 Gouldsbury Street, Sydney NSW 2088",Evie Networks,2,DC,75 kW,-33.82807512,151.2434454,Mosman Municipal Council,2088,Existing Fast Chargers,accepted,coordinate_500m,344.9884663673368,0.1382053654024052,191164,"6 Myahgah Road, Mosman, NSW","{""charger_capacities"": ""50 kW"", ""connector_types_normalized"": ""CHAdeMO;CCS"", ""data_provider"": ""Open Charge Map"", ""general_comments"": """", ""is_operational"": true, ""last_verified"": ""2023-07-16T22:01:00Z"", ""latitude"": -33.82544433087931, ""longitude"": 151.24146564876457, ""number_of_plugs"": 1.0, ""number_of_plugs_quality"": ""reported_or_derived_from_connection_quantity"", ""number_of_plugs_semantics"": ""OCM NumberOfPoints or positive connection Quantity"", ""operational_status"": ""operational"", ""operator"": ""Evie"", ""plug_types"": ""CHAdeMO; CCS (Type 2)"", ""power_kw_max"": 50.0, ""power_kw_min"": 50.0, ""power_kw_values"": [50.0], ""station_address"": ""6 Myahgah Road, Mosman, NSW"", ""station_name"": ""Evie Mosman"", ""status"": ""Operational"", ""usage_cost"": ""$0.40/kWh""}",2,2,5.067471907475692,accepted,coordinate_500m,335.91966603118954,0.0,8241597113,,"{""access_condition"": ""Free Access"", ""charger_capacities"": null, ""connector_types_normalized"": """", ""data_provider"": ""OpenStreetMap"", ""latitude"": -33.8255622359159, ""longitude"": 151.241426853281, ""number_of_plugs"": 2, ""number_of_plugs_quality"": ""valid"", ""number_of_plugs_raw"": 2, ""number_of_plugs_semantics"": ""OSM charge_points_count; values above 100 are withheld as suspicious"", ""opening_hours"": """", ""operator"": ""Evie Networks"", ""osm_last_updated"": ""2025-03-26"", ""plug_types"": """", ""power_kw_max"": null, ""power_kw_min"": null, ""power_kw_values"": [], ""station_name"": """"}",2,2,3.10711100000907,unmatched,unmatched,,,,,{},0,0,,unmatched,unmatched,,,,,{},0,0,,unmatched,unmatched,,,,,{},0,0,,accepted,accepted
519,,"40 Jersey Road, Sydney NSW 2770",Chargefox,2,DC,160 kW,-33.74376581,150.809028,Blacktown City Council,2770,Existing Fast Chargers,unmatched,unmatched,,,,,{},0,0,,unmatched,unmatched,,,,,{},0,0,,unmatched,unmatched,,,,,{},0,0,,unmatched,unmatched,,,,,{},0,0,,unmatched,unmatched,,,,,{},0,0,,unmatched,unmatched
523,,"40 Panmure Street, Sydney NSW 2155",JOLT,2,DC,25 kW,-33.68328033,150.9165856,The Hills Shire Council,2155,Existing Fast Chargers,unmatched,unmatched,,,,,{},0,0,,accepted,coordinate_500m,5.993969315347488,0.0,11167384460,,"{""access_condition"": ""Free Access"", ""charger_capacities"": null, ""connector_types_normalized"": """", ""data_provider"": ""OpenStreetMap"", ""latitude"": -33.6832925053144, ""longitude"": 150.916522493327, ""number_of_plugs"": 1, ""number_of_plugs_quality"": ""valid"", ""number_of_plugs_raw"": 1, ""number_of_plugs_semantics"": ""OSM charge_points_count; values above 100 are withheld as suspicious"", ""opening_hours"": """", ""operator"": ""Jolt"", ""osm_last_updated"": ""2023-09-04"", ""plug_types"": """", ""power_kw_max"": null, ""power_kw_min"": null, ""power_kw_values"": [], ""station_name"": """"}",1,1,,unmatched,unmatched,,,,,{},0,0,,accepted,coordinate_500m,391.8261895596302,0.3070048309178744,15d06bf5-6b4a-425d-9312-bae4b17cc22b-970,"9 Terry Rd, Rouse Hill, NSW 2155","{""charger_capacities"": 22.0, ""connector_types_normalized"": ""Type2"", ""data_provider"": ""Charge@Large"", ""dc_port_count"": 3, ""latitude"": -33.6857862, ""longitude"": 150.9136083, ""number_of_plugs"": 3, ""number_of_plugs_quality"": ""reported_from_dc_port_count"", ""number_of_plugs_semantics"": ""Charge@Large DC-indicated port count"", ""operator"": """", ""plug_types"": ""TYPE2"", ""power_kw_max"": 22.0, ""power_kw_min"": 22.0, ""power_kw_values"": [22.0], ""station_address"": ""9 Terry Rd, Rouse Hill, NSW 2155"", ""station_name"": ""Energy Trade - 9 Terry Road, Rouse Hill"", ""status_counts"": ""{\""Missing\"": 3}"", ""total_port_count"": 3}",1,1,,unmatched,unmatched,,,,,{},0,0,,accepted,unmatched
527,,"401 Cabramatta Road W, Cabramatta NSW 2166",Evie Networks,4,DC,50 kW,-33.898778,150.919791,Fairfield City Council,2166,ARENA - Driving the Nation,accepted,coordinate_500m,14.315813677724664,0.7973684210526316,191161,"Hungry Jacks, 401 Cabramatta Road, Cabramatta, NSW","{""charger_capacities"": ""50 kW"", ""connector_types_normalized"": ""CCS;CHAdeMO"", ""data_provider"": ""Open Charge Map"", ""general_comments"": """", ""is_operational"": true, ""last_verified"": ""2023-07-15T14:01:00Z"", ""latitude"": -33.89880022738458, ""longitude"": 150.91994378105392, ""number_of_plugs"": 2.0, ""number_of_plugs_quality"": ""reported_or_derived_from_connection_quantity"", ""number_of_plugs_semantics"": ""OCM NumberOfPoints or positive connection Quantity"", ""operational_status"": ""operational"", ""operator"": ""Evie"", ""plug_types"": ""CCS (Type 2); CHAdeMO"", ""power_kw_max"": 50.0, ""power_kw_min"": 50.0, ""power_kw_values"": [50.0], ""station_address"": ""Hungry Jacks, 401 Cabramatta Road, Cabramatta, NSW"", ""station_name"": ""Evie Cabramatta"", ""status"": ""Operational"", ""usage_cost"": ""$0.40/kWh""}",1,1,,accepted,coordinate_500m,18.639774398002306,0.0,9215252226,,"{""access_condition"": ""Free Access"", ""charger_capacities"": null, ""connector_types_normalized"": ""CCS;CHAdeMO"", ""data_provider"": ""OpenStreetMap"", ""latitude"": -33.8988886336204, ""longitude"": 150.919942728917, ""number_of_plugs"": null, ""number_of_plugs_quality"": ""missing_or_suspicious"", ""number_of_plugs_raw"": null, ""number_of_plugs_semantics"": ""OSM charge_points_count; values above 100 are withheld as suspicious"", ""opening_hours"": """", ""operator"": ""Evie Networks"", ""osm_last_updated"": ""2023-04-03"", ""plug_types"": ""CCS|CHAdeMO"", ""power_kw_max"": null, ""power_kw_min"": null, ""power_kw_values"": [], ""station_name"": """"}",1,1,,accepted,coordinate_500m,18.639774398002306,0.0,9215252226,,"{""access_condition"": ""Free Access"", ""charger_capacities"": null, ""connector_types_normalized"": ""CCS;CHAdeMO"", ""data_provider"": ""OpenStreetMap"", ""latitude"": -33.8988886336204, ""longitude"": 150.919942728917, ""number_of_plugs"": null, ""number_of_plugs_quality"": ""missing_or_suspicious"", ""number_of_plugs_raw"": null, ""number_of_plugs_semantics"": ""OSM charge_points_count; values above 100 are withheld as suspicious"", ""opening_hours"": """", ""operator"": ""Evie Networks"", ""osm_last_updated"": ""2023-04-03"", ""plug_types"": ""CCS|CHAdeMO"", ""power_kw_max"": null, ""power_kw_min"": null, ""power_kw_values"": [], ""station_name"": """"}",1,1,,unmatched,unmatched,,,,,{},0,0,,unmatched,unmatched,,,,,{},0,0,,accepted,accepted
528,,"403 Tarean Road, Karuah NSW 2324",Chargefox,6,DC,185 kW,-32.6538509,151.9625806,Port Stephens Council,2324,Existing Fast Chargers,accepted,coordinate_and_fuzzy_address,23.65396806290175,1.0,172919,"403 Tarean Road, Karuah, New South Wales, 2324","{""charger_capacities"": ""350 kW; 50 kW"", ""connector_types_normalized"": ""CCS;CHAdeMO"", ""data_provider"": ""Open Charge Map"", ""general_comments"": ""20% discount to Ultra Rapid Charging for Motoring Club Members (eg. NRMA)"", ""is_operational"": true, ""last_verified"": ""2024-05-28T05:36:00Z"", ""latitude"": -32.654035826022145, ""longitude"": 151.96245572258226, ""number_of_plugs"": 3.0, ""number_of_plugs_quality"": ""reported_or_derived_from_connection_quantity"", ""number_of_plugs_semantics"": ""OCM NumberOfPoints or positive connection Quantity"", ""operational_status"": ""operational"", ""operator"": ""Chargefox"", ""plug_types"": ""CCS (Type 2); CHAdeMO"", ""power_kw_max"": 350.0, ""power_kw_min"": 50.0, ""power_kw_values"": [50.0, 350.0], ""station_address"": ""403 Tarean Road, Karuah, New South Wales, 2324"", ""station_name"": ""Karuah [Chargefox]"", ""status"": ""Operational"", ""usage_cost"": ""$0.45 - $0.60/kWh""}",1,1,,accepted,coordinate_500m,8.183792086144358,0.0,7042825731,,"{""access_condition"": ""Free Access"", ""charger_capacities"": null, ""connector_types_normalized"": ""CCS;CHAdeMO"", ""data_provider"": ""OpenStreetMap"", ""latitude"": -32.6539082105471, ""longitude"": 151.962525755154, ""number_of_plugs"": 3, ""number_of_plugs_quality"": ""valid"", ""number_of_plugs_raw"": 3, ""number_of_plugs_semantics"": ""OSM charge_points_count; values above 100 are withheld as suspicious"", ""opening_hours"": """", ""operator"": ""Chargefox"", ""osm_last_updated"": ""2022-12-15"", ""plug_types"": ""CCS|CHAdeMO"", ""power_kw_max"": null, ""power_kw_min"": null, ""power_kw_values"": [], ""station_name"": """"}",1,1,,accepted,coordinate_500m,8.183792086144358,0.0,7042825731,,"{""access_condition"": ""Free Access"", ""charger_capacities"": null, ""connector_types_normalized"": ""CCS;CHAdeMO"", ""data_provider"": ""OpenStreetMap"", ""latitude"": -32.6539082105471, ""longitude"": 151.962525755154, ""number_of_plugs"": 3, ""number_of_plugs_quality"": ""valid"", ""number_of_plugs_raw"": 3, ""number_of_plugs_semantics"": ""OSM charge_points_count; values above 100 are withheld as suspicious"", ""opening_hours"": """", ""operator"": ""Chargefox"", ""osm_last_updated"": ""2022-12-15"", ""plug_types"": ""CCS|CHAdeMO"", ""power_kw_max"": null, ""power_kw_min"": null, ""power_kw_values"": [], ""station_name"": """"}",1,1,,unmatched,unmatched,,,,,{},0,0,,unmatched,unmatched,,,,,{},0,0,,accepted,accepted
529,,"405 Pacific Highway, Sydney NSW 2064",Chargefox,2,DC,50 kW,-33.81391396,151.1777027,Willoughby City Council,2064,Existing Fast Chargers,unmatched,unmatched,,,,,{},0,0,,accepted,coordinate_500m,488.5484740822566,0.0,11447868870,,"{""access_condition"": ""Free Access"", ""charger_capacities"": 22.0, ""connector_types_normalized"": """", ""data_provider"": ""OpenStreetMap"", ""latitude"": -33.8140860693669, ""longitude"": 151.172418644453, ""number_of_plugs"": 1, ""number_of_plugs_quality"": ""valid"", ""number_of_plugs_raw"": 1, ""number_of_plugs_semantics"": ""OSM charge_points_count; values above 100 are withheld as suspicious"", ""opening_hours"": ""24/7"", ""operator"": ""Exploren"", ""osm_last_updated"": ""2024-09-11"", ""plug_types"": """", ""power_kw_max"": 22.0, ""power_kw_min"": 22.0, ""power_kw_values"": [22.0], ""station_name"": """"}",1,1,,unmatched,unmatched,,,,,{},0,0,,accepted,coordinate_500m,291.5537267753507,0.24319727891156462,15d06bf5-6b4a-425d-9312-bae4b17cc22b-2401,"43 Hotham Parade, Artarmon, NSW 2064","{""charger_capacities"": 60.0, ""connector_types_normalized"": ""Type2"", ""data_provider"": ""Charge@Large"", ""dc_port_count"": 8, ""latitude"": -33.8149793, ""longitude"": 151.1805863, ""number_of_plugs"": 8, ""number_of_plugs_quality"": ""reported_from_dc_port_count"", ""number_of_plugs_semantics"": ""Charge@Large DC-indicated port count"", ""operator"": """", ""plug_types"": ""TYPE2"", ""power_kw_max"": 60.0, ""power_kw_min"": 60.0, ""power_kw_values"": [60.0], ""station_address"": ""43 Hotham Parade, Artarmon, NSW 2064"", ""station_name"": ""Porsche Willoughby - Artarmon"", ""status_counts"": ""{\""Available\"": 8}"", ""total_port_count"": 8}",3,3,130.5220028319427,accepted,coordinate_500m,291.5537267753507,0.24319727891156462,15d06bf5-6b4a-425d-9312-bae4b17cc22b-2401,"43 Hotham Parade, Artarmon, NSW 2064","{""charger_capacities"": 60.0, ""connector_types_normalized"": ""Type2"", ""data_provider"": ""Charge@Large"", ""dc_port_count"": 8, ""latitude"": -33.8149793, ""longitude"": 151.1805863, ""number_of_plugs"": 8, ""number_of_plugs_quality"": ""reported_from_dc_port_count"", ""number_of_plugs_semantics"": ""Charge@Large DC-indicated port count"", ""operator"": """", ""plug_types"": ""TYPE2"", ""power_kw_max"": 60.0, ""power_kw_min"": 60.0, ""power_kw_values"": [60.0], ""station_address"": ""43 Hotham Parade, Artarmon, NSW 2064"", ""station_name"": ""Porsche Willoughby - Artarmon"", ""status_counts"": ""{\""Available\"": 8}"", ""total_port_count"": 8}",1,1,,accepted,accepted
531,,"41 Bruxner Highway, Ballina NSW 2478",BP,2,DC,75 kW,-28.86161666,153.5169069,Ballina Shire Council,2478,Existing Fast Chargers,unmatched,unmatched,,,,,{},0,0,,accepted,coordinate_500m,5.130639521524168,0.0,10687073170,,"{""access_condition"": ""Free Access"", ""charger_capacities"": null, ""connector_types_normalized"": ""CCS"", ""data_provider"": ""OpenStreetMap"", ""latitude"": -28.8616621324439, ""longitude"": 153.516915835794, ""number_of_plugs"": 2, ""number_of_plugs_quality"": ""valid"", ""number_of_plugs_raw"": 2, ""number_of_plugs_semantics"": ""OSM charge_points_count; values above 100 are withheld as suspicious"", ""opening_hours"": """", ""operator"": ""bp pulse"", ""osm_last_updated"": ""2026-06-11"", ""plug_types"": ""CCS"", ""power_kw_max"": null, ""power_kw_min"": null, ""power_kw_values"": [], ""station_name"": """"}",1,1,,accepted,coordinate_500m,5.130639521524168,0.0,10687073170,,"{""access_condition"": ""Free Access"", ""charger_capacities"": null, ""connector_types_normalized"": ""CCS"", ""data_provider"": ""OpenStreetMap"", ""latitude"": -28.8616621324439, ""longitude"": 153.516915835794, ""number_of_plugs"": 2, ""number_of_plugs_quality"": ""valid"", ""number_of_plugs_raw"": 2, ""number_of_plugs_semantics"": ""OSM charge_points_count; values above 100 are withheld as suspicious"", ""opening_hours"": """", ""operator"": ""bp pulse"", ""osm_last_updated"": ""2026-06-11"", ""plug_types"": ""CCS"", ""power_kw_max"": null, ""power_kw_min"": null, ""power_kw_values"": [], ""station_name"": """"}",1,1,,unmatched,unmatched,,,,,{},0,0,,unmatched,unmatched,,,,,{},0,0,,accepted,accepted
535,,"41 Yobarnie Avenue, Richmond NSW 2754",Exploren,2,DC,180 kW,-33.58328633,150.7009239,Hawkesbury City Council,2754,Existing Fast Chargers,unmatched,unmatched,,,,,{},0,0,,unmatched,unmatched,,,,,{},0,0,,unmatched,unmatched,,,,,{},0,0,,accepted,coordinate_and_fuzzy_address,0.09108904961537463,0.9627118644067797,15d06bf5-6b4a-425d-9312-bae4b17cc22b-2088,"41 Yobarnie Ave, North Richmond, NSW 2754","{""charger_capacities"": 180.0, ""connector_types_normalized"": ""CCS"", ""data_provider"": ""Charge@Large"", ""dc_port_count"": 2, ""latitude"": -33.583286, ""longitude"": 150.700923, ""number_of_plugs"": 2, ""number_of_plugs_quality"": ""reported_from_dc_port_count"", ""number_of_plugs_semantics"": ""Charge@Large DC-indicated port count"", ""operator"": """", ""plug_types"": ""CCS2"", ""power_kw_max"": 180.0, ""power_kw_min"": 180.0, ""power_kw_values"": [180.0], ""station_address"": ""41 Yobarnie Ave, North Richmond, NSW 2754"", ""station_name"": ""Redbank Village"", ""status_counts"": ""{\""Available\"": 2}"", ""total_port_count"": 2}",2,2,161.66981863818583,accepted,coordinate_and_fuzzy_address,0.09108904961537463,0.9627118644067797,15d06bf5-6b4a-425d-9312-bae4b17cc22b-2088,"41 Yobarnie Ave, North Richmond, NSW 2754","{""charger_capacities"": 180.0, ""connector_types_normalized"": ""CCS"", ""data_provider"": ""Charge@Large"", ""dc_port_count"": 2, ""latitude"": -33.583286, ""longitude"": 150.700923, ""number_of_plugs"": 2, ""number_of_plugs_quality"": ""reported_from_dc_port_count"", ""number_of_plugs_semantics"": ""Charge@Large DC-indicated port count"", ""operator"": """", ""plug_types"": ""CCS2"", ""power_kw_max"": 180.0, ""power_kw_min"": 180.0, ""power_kw_values"": [180.0], ""station_address"": ""41 Yobarnie Ave, North Richmond, NSW 2754"", ""station_name"": ""Redbank Village"", ""status_counts"": ""{\""Available\"": 2}"", ""total_port_count"": 2}",1,1,,accepted,accepted
539,,"417-439 Bunnerong Road, Sydney NSW 2035",Chargefox,8,DC,25 kW,-33.95139644,151.232049,Randwick City Council,2035,Existing Fast Chargers,unmatched,unmatched,,,,,{},0,0,,unmatched,unmatched,,,,,{},0,0,,unmatched,unmatched,,,,,{},0,0,,unmatched,unmatched,,,,,{},0,0,,unmatched,unmatched,,,,,{},0,0,,unmatched,unmatched
541,,"42 Camden Road, Sydney NSW 2560",Chargefox,4,DC,200 kW,-34.07161666,150.8059289,Campbelltown City Council,2560,Existing Fast Chargers,accepted,coordinate_500m,107.62472523724867,0.8259259259259261,299879,"38 Camden Rd, Campbelltown, NSW, 2560","{""charger_capacities"": ""75 kW; 65 kW"", ""connector_types_normalized"": ""CCS;CHAdeMO"", ""data_provider"": ""Open Charge Map"", ""general_comments"": """", ""is_operational"": true, ""last_verified"": ""2024-06-11T09:50:00Z"", ""latitude"": -34.07085887727317, ""longitude"": 150.80665583075495, ""number_of_plugs"": 1.0, ""number_of_plugs_quality"": ""reported_or_derived_from_connection_quantity"", ""number_of_plugs_semantics"": ""OCM NumberOfPoints or positive connection Quantity"", ""operational_status"": ""operational"", ""operator"": ""Chargefox"", ""plug_types"": ""CCS (Type 2); CHAdeMO"", ""power_kw_max"": 75.0, ""power_kw_min"": 65.0, ""power_kw_values"": [65.0, 75.0], ""station_address"": ""38 Camden Rd, Campbelltown, NSW, 2560"", ""station_name"": ""Chargefox Charging Station"", ""status"": ""Operational"", ""usage_cost"": ""$0.60/kWh""}",2,2,19.217824244464325,accepted,coordinate_500m,5.649609547867932,0.0,11842761957,,"{""access_condition"": ""Free Access"", ""charger_capacities"": null, ""connector_types_normalized"": ""CHAdeMO;Type2"", ""data_provider"": ""OpenStreetMap"", ""latitude"": -34.0716189547257, ""longitude"": 150.805867625115, ""number_of_plugs"": 4, ""number_of_plugs_quality"": ""valid"", ""number_of_plugs_raw"": 4, ""number_of_plugs_semantics"": ""OSM charge_points_count; values above 100 are withheld as suspicious"", ""opening_hours"": """", ""operator"": ""Chargefox"", ""osm_last_updated"": ""2024-04-24"", ""plug_types"": ""CHAdeMO|Type2"", ""power_kw_max"": null, ""power_kw_min"": null, ""power_kw_values"": [], ""station_name"": """"}",3,3,77.44986010300016,accepted,coordinate_500m,5.649609547867932,0.0,11842761957,,"{""access_condition"": ""Free Access"", ""charger_capacities"": null, ""connector_types_normalized"": ""CHAdeMO;Type2"", ""data_provider"": ""OpenStreetMap"", ""latitude"": -34.0716189547257, ""longitude"": 150.805867625115, ""number_of_plugs"": 4, ""number_of_plugs_quality"": ""valid"", ""number_of_plugs_raw"": 4, ""number_of_plugs_semantics"": ""OSM charge_points_count; values above 100 are withheld as suspicious"", ""opening_hours"": """", ""operator"": ""Chargefox"", ""osm_last_updated"": ""2024-04-24"", ""plug_types"": ""CHAdeMO|Type2"", ""power_kw_max"": null, ""power_kw_min"": null, ""power_kw_values"": [], ""station_name"": """"}",3,3,77.44986010300016,accepted,coordinate_500m,4.337400532379895,0.7979591836734695,15d06bf5-6b4a-425d-9312-bae4b17cc22b-2578,"38 Camden Rd, Campbelltown, NSW 2560","{""charger_capacities"": 200.0, ""connector_types_normalized"": ""CCS;CHAdeMO"", ""data_provider"": ""Charge@Large"", ""dc_port_count"": 4, ""latitude"": -34.0716105, ""longitude"": 150.8059754, ""number_of_plugs"": 4, ""number_of_plugs_quality"": ""reported_from_dc_port_count"", ""number_of_plugs_semantics"": ""Charge@Large DC-indicated port count"", ""operator"": """", ""plug_types"": ""CCS2|CHADEMO"", ""power_kw_max"": 200.0, ""power_kw_min"": 200.0, ""power_kw_values"": [200.0], ""station_address"": ""38 Camden Rd, Campbelltown, NSW 2560"", ""station_name"": ""Genesis Care Campbelltown"", ""status_counts"": ""{\""Available\"": 4}"", ""total_port_count"": 4}",1,1,,accepted,coordinate_500m,4.337400532379895,0.7979591836734695,15d06bf5-6b4a-425d-9312-bae4b17cc22b-2578,"38 Camden Rd, Campbelltown, NSW 2560","{""charger_capacities"": 200.0, ""connector_types_normalized"": ""CCS;CHAdeMO"", ""data_provider"": ""Charge@Large"", ""dc_port_count"": 4, ""latitude"": -34.0716105, ""longitude"": 150.8059754, ""number_of_plugs"": 4, ""number_of_plugs_quality"": ""reported_from_dc_port_count"", ""number_of_plugs_semantics"": ""Charge@Large DC-indicated port count"", ""operator"": """", ""plug_types"": ""CCS2|CHADEMO"", ""power_kw_max"": 200.0, ""power_kw_min"": 200.0, ""power_kw_values"": [200.0], ""station_address"": ""38 Camden Rd, Campbelltown, NSW 2560"", ""station_name"": ""Genesis Care Campbelltown"", ""status_counts"": ""{\""Available\"": 4}"", ""total_port_count"": 4}",1,1,,accepted,accepted
550,,"44 Bangalow Road, Ballina NSW 2478",Chargefox,4,DC,120 kW,-28.85743948,153.5614054,Ballina Shire Council,2478,Existing Fast Chargers,accepted,coordinate_and_fuzzy_address,35.18701822911781,1.0,190225,"44 Bangalow Road, Ballina, New South Wales, 2478","{""charger_capacities"": ""84 kW; 50 kW"", ""connector_types_normalized"": ""CCS;CHAdeMO"", ""data_provider"": ""Open Charge Map"", ""general_comments"": ""Max of 84kW supply power to site. This is shared amongst all outlets."", ""is_operational"": true, ""last_verified"": ""2023-07-13T11:04:00Z"", ""latitude"": -28.857574508961363, ""longitude"": 153.56173216616514, ""number_of_plugs"": 3.0, ""number_of_plugs_quality"": ""reported_or_derived_from_connection_quantity"", ""number_of_plugs_semantics"": ""OCM NumberOfPoints or positive connection Quantity"", ""operational_status"": ""operational"", ""operator"": ""Chargefox"", ""plug_types"": ""CCS (Type 2); CHAdeMO"", ""power_kw_max"": 84.0, ""power_kw_min"": 50.0, ""power_kw_values"": [50.0, 84.0], ""station_address"": ""44 Bangalow Road, Ballina, New South Wales, 2478"", ""station_name"": ""NRMA Ballina"", ""status"": ""Partly Operational (Mixed)"", ""usage_cost"": ""Ultra-Rapid: $0.60/kWh, Rapid: $0.40/kWh""}",1,1,,accepted,coordinate_500m,43.652074619166235,0.0,6907644721,,"{""access_condition"": ""Free Access"", ""charger_capacities"": null, ""connector_types_normalized"": """", ""data_provider"": ""OpenStreetMap"", ""latitude"": -28.8576350470642, ""longitude"": 153.561794054127, ""number_of_plugs"": null, ""number_of_plugs_quality"": ""missing_or_suspicious"", ""number_of_plugs_raw"": null, ""number_of_plugs_semantics"": ""OSM charge_points_count; values above 100 are withheld as suspicious"", ""opening_hours"": """", ""operator"": ""Chargefox"", ""osm_last_updated"": ""2022-12-15"", ""plug_types"": """", ""power_kw_max"": null, ""power_kw_min"": null, ""power_kw_values"": [], ""station_name"": """"}",1,1,,unmatched,unmatched,,,,,{},0,0,,unmatched,unmatched,,,,,{},0,0,,unmatched,unmatched,,,,,{},0,0,,accepted,accepted
551,,"44 Broadarrow Road, Sydney NSW 2209",JOLT,2,DC,25 kW,-33.94841746,151.0710831,Georges River Council,2209,Existing Fast Chargers,unmatched,unmatched,,,,,{},0,0,,accepted,coordinate_500m,2.893675191774013,0.0,10091269881,,"{""access_condition"": ""Free Access"", ""charger_capacities"": null, ""connector_types_normalized"": """", ""data_provider"": ""OpenStreetMap"", ""latitude"": -33.9484370807642, ""longitude"": 151.071062491984, ""number_of_plugs"": 1, ""number_of_plugs_quality"": ""valid"", ""number_of_plugs_raw"": 1, ""number_of_plugs_semantics"": ""OSM charge_points_count; values above 100 are withheld as suspicious"", ""opening_hours"": """", ""operator"": ""Jolt"", ""osm_last_updated"": ""2022-10-11"", ""plug_types"": """", ""power_kw_max"": null, ""power_kw_min"": null, ""power_kw_values"": [], ""station_name"": """"}",1,1,,unmatched,unmatched,,,,,{},0,0,,unmatched,unmatched,,,,,{},0,0,,unmatched,unmatched,,,,,{},0,0,,accepted,unmatched
554,,"44 Molesworth Street, Lismore NSW 2480",Chargefox,2,DC,75 kW,-28.80654859,153.2786376,Lismore City Council,2480,Existing Fast Chargers,accepted,coordinate_and_fuzzy_address,31.192277423355627,1.0,273220,"44 Molesworth St, Lismore, New South Wales, 2480","{""charger_capacities"": ""75 kW; 63 kW"", ""connector_types_normalized"": ""CCS;CHAdeMO"", ""data_provider"": ""Open Charge Map"", ""general_comments"": """", ""is_operational"": true, ""last_verified"": ""2025-09-05T00:49:00Z"", ""latitude"": -28.806512, ""longitude"": 153.278955, ""number_of_plugs"": 1.0, ""number_of_plugs_quality"": ""reported_or_derived_from_connection_quantity"", ""number_of_plugs_semantics"": ""OCM NumberOfPoints or positive connection Quantity"", ""operational_status"": ""operational"", ""operator"": ""Chargefox"", ""plug_types"": ""CCS (Type 2); CHAdeMO"", ""power_kw_max"": 75.0, ""power_kw_min"": 63.0, ""power_kw_values"": [63.0, 75.0], ""station_address"": ""44 Molesworth St, Lismore, New South Wales, 2480"", ""station_name"": ""Lismore City Council"", ""status"": ""Operational"", ""usage_cost"": ""$0.50 per kWh""}",1,1,,accepted,coordinate_500m,8.959163059635223,0.0,13159632757,,"{""access_condition"": ""Free Access"", ""charger_capacities"": null, ""connector_types_normalized"": """", ""data_provider"": ""OpenStreetMap"", ""latitude"": -28.8065860716143, ""longitude"": 153.278718995228, ""number_of_plugs"": 2, ""number_of_plugs_quality"": ""valid"", ""number_of_plugs_raw"": 2, ""number_of_plugs_semantics"": ""OSM charge_points_count; values above 100 are withheld as suspicious"", ""opening_hours"": """", ""operator"": ""Chargefox"", ""osm_last_updated"": ""2025-09-21"", ""plug_types"": """", ""power_kw_max"": null, ""power_kw_min"": null, ""power_kw_values"": [], ""station_name"": """"}",1,1,,unmatched,unmatched,,,,,{},0,0,,accepted,coordinate_500m,379.4027643056662,0.46387163561076605,ac6d79e9-3d3d-4a6b-a3b2-99a06fe51e25-132,"Opposite 8 Rural Street Lismore 2480, Lismore, NSW 2480","{""charger_capacities"": 22.0, ""connector_types_normalized"": ""Type2"", ""data_provider"": ""Charge@Large"", ""dc_port_count"": 2, ""latitude"": -28.809703, ""longitude"": 153.280122, ""number_of_plugs"": 2, ""number_of_plugs_quality"": ""reported_from_dc_port_count"", ""number_of_plugs_semantics"": ""Charge@Large DC-indicated port count"", ""operator"": """", ""plug_types"": ""TYPE2"", ""power_kw_max"": 22.0, ""power_kw_min"": 22.0, ""power_kw_values"": [22.0], ""station_address"": ""Opposite 8 Rural Street Lismore 2480, Lismore, NSW 2480"", ""station_name"": ""Rural Street Carpark-Lismore"", ""status_counts"": ""{\""Available\"": 2}"", ""total_port_count"": 2}",1,1,,unmatched,unmatched,,,,,{},0,0,,accepted,accepted
561,,"455 George Street, Sydney NSW 2000",Exploren,2,DC,60 kW,-33.87152357,151.2067017,"Sydney, Council of the City of",2000,Existing Fast Chargers,unmatched,unmatched,,,,,{},0,0,,accepted,coordinate_500m,361.34460804345895,0.0,5865178390,,"{""access_condition"": ""Free Access"", ""charger_capacities"": null, ""connector_types_normalized"": """", ""data_provider"": ""OpenStreetMap"", ""latitude"": -33.8682863051339, ""longitude"": 151.206360323164, ""number_of_plugs"": null, ""number_of_plugs_quality"": ""missing_or_suspicious"", ""number_of_plugs_raw"": null, ""number_of_plugs_semantics"": ""OSM charge_points_count; values above 100 are withheld as suspicious"", ""opening_hours"": """", ""operator"": """", ""osm_last_updated"": ""2023-01-31"", ""plug_types"": """", ""power_kw_max"": null, ""power_kw_min"": null, ""power_kw_values"": [], ""station_name"": """"}",1,1,,unmatched,unmatched,,,,,{},0,0,,accepted,coordinate_500m,0.06733460318366392,0.6604341736694679,15d06bf5-6b4a-425d-9312-bae4b17cc22b-1860,"15-17/455 George St, Sydney, NSW 2000","{""charger_capacities"": 60.0, ""connector_types_normalized"": ""CCS"", ""data_provider"": ""Charge@Large"", ""dc_port_count"": 2, ""latitude"": -33.8715234, ""longitude"": 151.206701, ""number_of_plugs"": 2, ""number_of_plugs_quality"": ""reported_from_dc_port_count"", ""number_of_plugs_semantics"": ""Charge@Large DC-indicated port count"", ""operator"": """", ""plug_types"": ""CCS2"", ""power_kw_max"": 60.0, ""power_kw_min"": 60.0, ""power_kw_values"": [60.0], ""station_address"": ""15-17/455 George St, Sydney, NSW 2000"", ""station_name"": ""Queen Victoria Building - Vicinity"", ""status_counts"": ""{\""Available\"": 2}"", ""total_port_count"": 2}",2,2,287.7807639637399,accepted,coordinate_500m,0.06733460318366392,0.6604341736694679,15d06bf5-6b4a-425d-9312-bae4b17cc22b-1860,"15-17/455 George St, Sydney, NSW 2000","{""charger_capacities"": 60.0, ""connector_types_normalized"": ""CCS"", ""data_provider"": ""Charge@Large"", ""dc_port_count"": 2, ""latitude"": -33.8715234, ""longitude"": 151.206701, ""number_of_plugs"": 2, ""number_of_plugs_quality"": ""reported_from_dc_port_count"", ""number_of_plugs_semantics"": ""Charge@Large DC-indicated port count"", ""operator"": """", ""plug_types"": ""CCS2"", ""power_kw_max"": 60.0, ""power_kw_min"": 60.0, ""power_kw_values"": [60.0], ""station_address"": ""15-17/455 George St, Sydney, NSW 2000"", ""station_name"": ""Queen Victoria Building - Vicinity"", ""status_counts"": ""{\""Available\"": 2}"", ""total_port_count"": 2}",1,1,,accepted,accepted
564,,"4-6 New Street, Lawson NSW 2783",Evie Networks,4,DC,50 kW,-33.720695,150.429727,Blue Mountains City Council,2783,ARENA - Driving the Nation,accepted,coordinate_and_fuzzy_address,1.7688529778923419,1.0,266540,"4-6 New Street, Lawson, New South Wales, 2783","{""charger_capacities"": ""50 kW"", ""connector_types_normalized"": ""CCS;CHAdeMO"", ""data_provider"": ""Open Charge Map"", ""general_comments"": """", ""is_operational"": true, ""last_verified"": ""2023-07-15T13:41:00Z"", ""latitude"": -33.72070368975226, ""longitude"": 150.4297109802278, ""number_of_plugs"": 2.0, ""number_of_plugs_quality"": ""reported_or_derived_from_connection_quantity"", ""number_of_plugs_semantics"": ""OCM NumberOfPoints or positive connection Quantity"", ""operational_status"": ""operational"", ""operator"": ""Evie"", ""plug_types"": ""CCS (Type 2); CHAdeMO"", ""power_kw_max"": 50.0, ""power_kw_min"": 50.0, ""power_kw_values"": [50.0], ""station_address"": ""4-6 New Street, Lawson, New South Wales, 2783"", ""station_name"": ""Evie Lawson"", ""status"": ""Operational"", ""usage_cost"": ""$0.45 per kWh.""}",1,1,,accepted,coordinate_500m,1.0733609981197456,0.0,12404567155,,"{""access_condition"": ""Free Access"", ""charger_capacities"": null, ""connector_types_normalized"": ""CCS;CHAdeMO"", ""data_provider"": ""OpenStreetMap"", ""latitude"": -33.7206984246069, ""longitude"": 150.42973785065, ""number_of_plugs"": 2, ""number_of_plugs_quality"": ""valid"", ""number_of_plugs_raw"": 2, ""number_of_plugs_semantics"": ""OSM charge_points_count; values above 100 are withheld as suspicious"", ""opening_hours"": """", ""operator"": ""Evie Networks"", ""osm_last_updated"": ""2025-11-12"", ""plug_types"": ""CCS|CHAdeMO"", ""power_kw_max"": null, ""power_kw_min"": null, ""power_kw_values"": [], ""station_name"": """"}",1,1,,accepted,coordinate_500m,1.0733609981197456,0.0,12404567155,,"{""access_condition"": ""Free Access"", ""charger_capacities"": null, ""connector_types_normalized"": ""CCS;CHAdeMO"", ""data_provider"": ""OpenStreetMap"", ""latitude"": -33.7206984246069, ""longitude"": 150.42973785065, ""number_of_plugs"": 2, ""number_of_plugs_quality"": ""valid"", ""number_of_plugs_raw"": 2, ""number_of_plugs_semantics"": ""OSM charge_points_count; values above 100 are withheld as suspicious"", ""opening_hours"": """", ""operator"": ""Evie Networks"", ""osm_last_updated"": ""2025-11-12"", ""plug_types"": ""CCS|CHAdeMO"", ""power_kw_max"": null, ""power_kw_min"": null, ""power_kw_values"": [], ""station_name"": """"}",1,1,,unmatched,unmatched,,,,,{},0,0,,unmatched,unmatched,,,,,{},0,0,,accepted,accepted
565,,"4-6 Niangala Close, Belrose NSW 2085",Evie Networks,4,DC,50 kW,-33.703313,151.213158,Northern Beaches Council,2085,ARENA - Driving the Nation,accepted,coordinate_and_fuzzy_address,31.099338319598385,1.0,272633,"4-6 Niangala Close, Belrose, NSW, 2085","{""charger_capacities"": ""50 kW"", ""connector_types_normalized"": ""CCS;CHAdeMO"", ""data_provider"": ""Open Charge Map"", ""general_comments"": """", ""is_operational"": true, ""last_verified"": ""2023-07-15T12:14:00Z"", ""latitude"": -33.703118, ""longitude"": 151.212917, ""number_of_plugs"": 2.0, ""number_of_plugs_quality"": ""reported_or_derived_from_connection_quantity"", ""number_of_plugs_semantics"": ""OCM NumberOfPoints or positive connection Quantity"", ""operational_status"": ""operational"", ""operator"": ""Evie"", ""plug_types"": ""CCS (Type 2); CHAdeMO"", ""power_kw_max"": 50.0, ""power_kw_min"": 50.0, ""power_kw_values"": [50.0], ""station_address"": ""4-6 Niangala Close, Belrose, NSW, 2085"", ""station_name"": ""Belrose Home"", ""status"": ""Operational"", ""usage_cost"": """"}",1,1,,accepted,coordinate_500m,43.360797063531,0.0,10035347983,,"{""access_condition"": ""Free Access"", ""charger_capacities"": null, ""connector_types_normalized"": ""CCS;CHAdeMO"", ""data_provider"": ""OpenStreetMap"", ""latitude"": -33.7036198777957, ""longitude"": 151.212868787159, ""number_of_plugs"": null, ""number_of_plugs_quality"": ""missing_or_suspicious"", ""number_of_plugs_raw"": null, ""number_of_plugs_semantics"": ""OSM charge_points_count; values above 100 are withheld as suspicious"", ""opening_hours"": """", ""operator"": ""Evie Networks"", ""osm_last_updated"": ""2023-04-02"", ""plug_types"": ""CCS|CHAdeMO"", ""power_kw_max"": null, ""power_kw_min"": null, ""power_kw_values"": [], ""station_name"": """"}",1,1,,accepted,coordinate_500m,43.360797063531,0.0,10035347983,,"{""access_condition"": ""Free Access"", ""charger_capacities"": null, ""connector_types_normalized"": ""CCS;CHAdeMO"", ""data_provider"": ""OpenStreetMap"", ""latitude"": -33.7036198777957, ""longitude"": 151.212868787159, ""number_of_plugs"": null, ""number_of_plugs_quality"": ""missing_or_suspicious"", ""number_of_plugs_raw"": null, ""number_of_plugs_semantics"": ""OSM charge_points_count; values above 100 are withheld as suspicious"", ""opening_hours"": """", ""operator"": ""Evie Networks"", ""osm_last_updated"": ""2023-04-02"", ""plug_types"": ""CCS|CHAdeMO"", ""power_kw_max"": null, ""power_kw_min"": null, ""power_kw_values"": [], ""station_name"": """"}",1,1,,unmatched,unmatched,,,,,{},0,0,,unmatched,unmatched,,,,,{},0,0,,accepted,accepted
568,,"461 Victoria Road, Sydney NSW 2111",Exploren,2,DC,120 kW,-33.8208589,151.121011,"Ryde, Council of the City of",2111,Existing Fast Chargers,unmatched,unmatched,,,,,{},0,0,,accepted,coordinate_500m,34.37424239417705,0.0,13073647400,,"{""access_condition"": ""Free Access"", ""charger_capacities"": null, ""connector_types_normalized"": ""CCS"", ""data_provider"": ""OpenStreetMap"", ""latitude"": -33.8209764128706, ""longitude"": 151.121355168311, ""number_of_plugs"": 2, ""number_of_plugs_quality"": ""valid"", ""number_of_plugs_raw"": 2, ""number_of_plugs_semantics"": ""OSM charge_points_count; values above 100 are withheld as suspicious"", ""opening_hours"": """", ""operator"": ""Exploren"", ""osm_last_updated"": ""2025-08-16"", ""plug_types"": ""CCS"", ""power_kw_max"": null, ""power_kw_min"": null, ""power_kw_values"": [], ""station_name"": """"}",1,1,,accepted,coordinate_500m,34.37424239417705,0.0,13073647400,,"{""access_condition"": ""Free Access"", ""charger_capacities"": null, ""connector_types_normalized"": ""CCS"", ""data_provider"": ""OpenStreetMap"", ""latitude"": -33.8209764128706, ""longitude"": 151.121355168311, ""number_of_plugs"": 2, ""number_of_plugs_quality"": ""valid"", ""number_of_plugs_raw"": 2, ""number_of_plugs_semantics"": ""OSM charge_points_count; values above 100 are withheld as suspicious"", ""opening_hours"": """", ""operator"": ""Exploren"", ""osm_last_updated"": ""2025-08-16"", ""plug_types"": ""CCS"", ""power_kw_max"": null, ""power_kw_min"": null, ""power_kw_values"": [], ""station_name"": """"}",1,1,,accepted,coordinate_and_fuzzy_address,0.15594675076593736,0.9333333333333333,15d06bf5-6b4a-425d-9312-bae4b17cc22b-1827,"461 Victoria Rd, Gladesville, NSW 2111","{""charger_capacities"": 120.0, ""connector_types_normalized"": ""CCS"", ""data_provider"": ""Charge@Large"", ""dc_port_count"": 2, ""latitude"": -33.8208575, ""longitude"": 151.1210111, ""number_of_plugs"": 2, ""number_of_plugs_quality"": ""reported_from_dc_port_count"", ""number_of_plugs_semantics"": ""Charge@Large DC-indicated port count"", ""operator"": """", ""plug_types"": ""CCS2"", ""power_kw_max"": 120.0, ""power_kw_min"": 120.0, ""power_kw_values"": [120.0], ""station_address"": ""461 Victoria Rd, Gladesville, NSW 2111"", ""station_name"": ""Bunnings Gladesville"", ""status_counts"": ""{\""Available\"": 2}"", ""total_port_count"": 2}",1,1,,accepted,coordinate_and_fuzzy_address,0.15594675076593736,0.9333333333333333,15d06bf5-6b4a-425d-9312-bae4b17cc22b-1827,"461 Victoria Rd, Gladesville, NSW 2111","{""charger_capacities"": 120.0, ""connector_types_normalized"": ""CCS"", ""data_provider"": ""Charge@Large"", ""dc_port_count"": 2, ""latitude"": -33.8208575, ""longitude"": 151.1210111, ""number_of_plugs"": 2, ""number_of_plugs_quality"": ""reported_from_dc_port_count"", ""number_of_plugs_semantics"": ""Charge@Large DC-indicated port count"", ""operator"": """", ""plug_types"": ""CCS2"", ""power_kw_max"": 120.0, ""power_kw_min"": 120.0, ""power_kw_values"": [120.0], ""station_address"": ""461 Victoria Rd, Gladesville, NSW 2111"", ""station_name"": ""Bunnings Gladesville"", ""status_counts"": ""{\""Available\"": 2}"", ""total_port_count"": 2}",1,1,,accepted,accepted
572,,"472 Pacific Highway, Sydney NSW 2066",JOLT,2,DC,25 kW,-33.80837842,151.1785636,Lane Cove Municipal Council,2066,Existing Fast Chargers,unmatched,unmatched,,,,,{},0,0,,accepted,coordinate_500m,346.25779594370425,0.0,13246607070,,"{""access_condition"": ""Free Access"", ""charger_capacities"": null, ""connector_types_normalized"": """", ""data_provider"": ""OpenStreetMap"", ""latitude"": -33.8063270254182, ""longitude"": 151.175744080718, ""number_of_plugs"": 1, ""number_of_plugs_quality"": ""valid"", ""number_of_plugs_raw"": 1, ""number_of_plugs_semantics"": ""OSM charge_points_count; values above 100 are withheld as suspicious"", ""opening_hours"": """", ""operator"": ""AGL"", ""osm_last_updated"": ""2025-11-02"", ""plug_types"": """", ""power_kw_max"": null, ""power_kw_min"": null, ""power_kw_values"": [], ""station_name"": """"}",1,1,,unmatched,unmatched,,,,,{},0,0,,accepted,coordinate_500m,340.4590087626023,0.3163003663003663,baaffa39-0adb-422e-a7bf-4b391d232b5d-119,"396 Mowbray Rd W, Lane Cove North NSW 2066, A, Lane Cove North, NSW 2066","{""charger_capacities"": 22.0, ""connector_types_normalized"": ""Type2"", ""data_provider"": ""Charge@Large"", ""dc_port_count"": 1, ""latitude"": -33.806307, ""longitude"": 151.17585, ""number_of_plugs"": 1, ""number_of_plugs_quality"": ""reported_from_dc_port_count"", ""number_of_plugs_semantics"": ""Charge@Large DC-indicated port count"", ""operator"": """", ""plug_types"": ""TYPE2"", ""power_kw_max"": 22.0, ""power_kw_min"": 22.0, ""power_kw_values"": [22.0], ""station_address"": ""396 Mowbray Rd W, Lane Cove North NSW 2066, A, Lane Cove North, NSW 2066"", ""station_name"": ""396 Mowbray Rd W Lane Cove North NSW 2066"", ""status_counts"": ""{\""Available\"": 1}"", ""total_port_count"": 1}",4,4,7.517383505211626,unmatched,unmatched,,,,,{},0,0,,accepted,unmatched
573,,"47-49A Cleary Street, Newcastle NSW 2303",Chargefox,2,DC,60 kW,-32.92120425,151.747975,Newcastle City Council,2303,Existing Fast Chargers,unmatched,unmatched,,,,,{},0,0,,accepted,coordinate_500m,18.245350979270906,0.0,13258032985,,"{""access_condition"": ""Free Access"", ""charger_capacities"": null, ""connector_types_normalized"": """", ""data_provider"": ""OpenStreetMap"", ""latitude"": -32.9210454158383, ""longitude"": 151.748024051946, ""number_of_plugs"": 60, ""number_of_plugs_quality"": ""valid"", ""number_of_plugs_raw"": 60, ""number_of_plugs_semantics"": ""OSM charge_points_count; values above 100 are withheld as suspicious"", ""opening_hours"": """", ""operator"": ""Chargefox"", ""osm_last_updated"": ""2025-10-26"", ""plug_types"": """", ""power_kw_max"": null, ""power_kw_min"": null, ""power_kw_values"": [], ""station_name"": ""operator""}",1,1,,unmatched,unmatched,,,,,{},0,0,,accepted,coordinate_500m,97.75622805786324,0.5749803613511391,ac6d79e9-3d3d-4a6b-a3b2-99a06fe51e25-114,"59 Lindsay St, Hamilton NSW 2303, Australia, Hamilton, NSW 2303","{""charger_capacities"": 22.0, ""connector_types_normalized"": ""Type2"", ""data_provider"": ""Charge@Large"", ""dc_port_count"": 2, ""latitude"": -32.922059, ""longitude"": 151.74773, ""number_of_plugs"": 2, ""number_of_plugs_quality"": ""reported_from_dc_port_count"", ""number_of_plugs_semantics"": ""Charge@Large DC-indicated port count"", ""operator"": """", ""plug_types"": ""TYPE2"", ""power_kw_max"": 22.0, ""power_kw_min"": 22.0, ""power_kw_values"": [22.0], ""station_address"": ""59 Lindsay St, Hamilton NSW 2303, Australia, Hamilton, NSW 2303"", ""station_name"": ""55 Lindsay Street-Hamilton"", ""status_counts"": ""{\""Available\"": 2}"", ""total_port_count"": 2}",2,2,313.98745637071966,unmatched,unmatched,,,,,{},0,0,,accepted,unmatched
574,,"481 Princes Highway, Sydney NSW 2232",Ampol,2,DC,150 kW,-34.02936741,151.0807237,Sutherland Shire Council,2232,Existing Fast Chargers,unmatched,unmatched,,,,,{},0,0,,unmatched,unmatched,,,,,{},0,0,,unmatched,unmatched,,,,,{},0,0,,unmatched,unmatched,,,,,{},0,0,,unmatched,unmatched,,,,,{},0,0,,unmatched,unmatched
575,,"487 Sydney Road, Sydney NSW 2093",BP,2,DC,75 kW,-33.7953594,151.255969,Northern Beaches Council,2093,Existing Fast Chargers,unmatched,unmatched,,,,,{},0,0,,accepted,coordinate_500m,20.270679000634946,0.0,10607603446,,"{""access_condition"": ""Free Access"", ""charger_capacities"": null, ""connector_types_normalized"": """", ""data_provider"": ""OpenStreetMap"", ""latitude"": -33.7955368338249, ""longitude"": 151.255918660953, ""number_of_plugs"": 2, ""number_of_plugs_quality"": ""valid"", ""number_of_plugs_raw"": 2, ""number_of_plugs_semantics"": ""OSM charge_points_count; values above 100 are withheld as suspicious"", ""opening_hours"": """", ""operator"": ""bp pulse"", ""osm_last_updated"": ""2025-08-23"", ""plug_types"": """", ""power_kw_max"": null, ""power_kw_min"": null, ""power_kw_values"": [], ""station_name"": """"}",2,2,1.5397804364882077,unmatched,unmatched,,,,,{},0,0,,unmatched,unmatched,,,,,{},0,0,,unmatched,unmatched,,,,,{},0,0,,accepted,unmatched
587,,"5 Ray Street, Sydney NSW 2074",Exploren,2,DC,40 kW,-33.73201706,151.1273493,Ku-ring-gai Council,2074,Existing Fast Chargers,unmatched,unmatched,,,,,{},0,0,,unmatched,unmatched,,,,,{},0,0,,unmatched,unmatched,,,,,{},0,0,,accepted,coordinate_and_fuzzy_address,0.059726055751539824,0.8923076923076924,15d06bf5-6b4a-425d-9312-bae4b17cc22b-1309,"5 Ray St, Turramurra, NSW 2074","{""charger_capacities"": 40.0, ""connector_types_normalized"": ""CCS"", ""data_provider"": ""Charge@Large"", ""dc_port_count"": 2, ""latitude"": -33.7320174, ""longitude"": 151.1273488, ""number_of_plugs"": 2, ""number_of_plugs_quality"": ""reported_from_dc_port_count"", ""number_of_plugs_semantics"": ""Charge@Large DC-indicated port count"", ""operator"": """", ""plug_types"": ""CCS2"", ""power_kw_max"": 40.0, ""power_kw_min"": 40.0, ""power_kw_values"": [40.0], ""station_address"": ""5 Ray St, Turramurra, NSW 2074"", ""station_name"": ""Turramurra Library"", ""status_counts"": ""{\""Available\"": 2}"", ""total_port_count"": 2}",1,1,,accepted,coordinate_and_fuzzy_address,0.059726055751539824,0.8923076923076924,15d06bf5-6b4a-425d-9312-bae4b17cc22b-1309,"5 Ray St, Turramurra, NSW 2074","{""charger_capacities"": 40.0, ""connector_types_normalized"": ""CCS"", ""data_provider"": ""Charge@Large"", ""dc_port_count"": 2, ""latitude"": -33.7320174, ""longitude"": 151.1273488, ""number_of_plugs"": 2, ""number_of_plugs_quality"": ""reported_from_dc_port_count"", ""number_of_plugs_semantics"": ""Charge@Large DC-indicated port count"", ""operator"": """", ""plug_types"": ""CCS2"", ""power_kw_max"": 40.0, ""power_kw_min"": 40.0, ""power_kw_values"": [40.0], ""station_address"": ""5 Ray St, Turramurra, NSW 2074"", ""station_name"": ""Turramurra Library"", ""status_counts"": ""{\""Available\"": 2}"", ""total_port_count"": 2}",1,1,,accepted,accepted
590,,"5 Willowdale Drive, Denham Court NSW 2565",Evie Networks,4,DC,75 kW,-33.97585397,150.811619,Campbelltown City Council,2565,ARENA - Driving the Nation,unmatched,unmatched,,,,,{},0,0,,accepted,coordinate_500m,3.249887729323813,0.0,13064502527,,"{""access_condition"": ""Free Access"", ""charger_capacities"": null, ""connector_types_normalized"": ""CCS;CHAdeMO"", ""data_provider"": ""OpenStreetMap"", ""latitude"": -33.9758428028374, ""longitude"": 150.811586430013, ""number_of_plugs"": 4, ""number_of_plugs_quality"": ""valid"", ""number_of_plugs_raw"": 4, ""number_of_plugs_semantics"": ""OSM charge_points_count; values above 100 are withheld as suspicious"", ""opening_hours"": """", ""operator"": ""Evie Networks"", ""osm_last_updated"": ""2025-08-12"", ""plug_types"": ""CCS|CHAdeMO"", ""power_kw_max"": null, ""power_kw_min"": null, ""power_kw_values"": [], ""station_name"": """"}",1,1,,accepted,coordinate_500m,3.249887729323813,0.0,13064502527,,"{""access_condition"": ""Free Access"", ""charger_capacities"": null, ""connector_types_normalized"": ""CCS;CHAdeMO"", ""data_provider"": ""OpenStreetMap"", ""latitude"": -33.9758428028374, ""longitude"": 150.811586430013, ""number_of_plugs"": 4, ""number_of_plugs_quality"": ""valid"", ""number_of_plugs_raw"": 4, ""number_of_plugs_semantics"": ""OSM charge_points_count; values above 100 are withheld as suspicious"", ""opening_hours"": """", ""operator"": ""Evie Networks"", ""osm_last_updated"": ""2025-08-12"", ""plug_types"": ""CCS|CHAdeMO"", ""power_kw_max"": null, ""power_kw_min"": null, ""power_kw_values"": [], ""station_name"": """"}",1,1,,unmatched,unmatched,,,,,{},0,0,,unmatched,unmatched,,,,,{},0,0,,accepted,accepted
591,,"50 Bathurst Street, Brewarrina NSW 2839",NRMA Electric,4,DC,75 kW,-30.3247856,149.784033,Brewarrina Shire Council,2390,TfNSW Regional,unmatched,unmatched,,,,,{},0,0,,accepted,coordinate_500m,32.23044425578564,0.0,12583296437,,"{""access_condition"": ""Free Access"", ""charger_capacities"": null, ""connector_types_normalized"": ""CCS;CHAdeMO"", ""data_provider"": ""OpenStreetMap"", ""latitude"": -30.3250256666283, ""longitude"": 149.783844820629, ""number_of_plugs"": 4, ""number_of_plugs_quality"": ""valid"", ""number_of_plugs_raw"": 4, ""number_of_plugs_semantics"": ""OSM charge_points_count; values above 100 are withheld as suspicious"", ""opening_hours"": """", ""operator"": ""NRMA"", ""osm_last_updated"": ""2026-06-11"", ""plug_types"": ""CCS|CHAdeMO"", ""power_kw_max"": null, ""power_kw_min"": null, ""power_kw_values"": [], ""station_name"": """"}",2,2,268.4231344779488,accepted,coordinate_500m,32.23044425578564,0.0,12583296437,,"{""access_condition"": ""Free Access"", ""charger_capacities"": null, ""connector_types_normalized"": ""CCS;CHAdeMO"", ""data_provider"": ""OpenStreetMap"", ""latitude"": -30.3250256666283, ""longitude"": 149.783844820629, ""number_of_plugs"": 4, ""number_of_plugs_quality"": ""valid"", ""number_of_plugs_raw"": 4, ""number_of_plugs_semantics"": ""OSM charge_points_count; values above 100 are withheld as suspicious"", ""opening_hours"": """", ""operator"": ""NRMA"", ""osm_last_updated"": ""2026-06-11"", ""plug_types"": ""CCS|CHAdeMO"", ""power_kw_max"": null, ""power_kw_min"": null, ""power_kw_values"": [], ""station_name"": """"}",2,2,268.4231344779488,accepted,coordinate_500m,323.1882872600499,0.4814814814814815,15d06bf5-6b4a-425d-9312-bae4b17cc22b-1726,"174 Maitland St, Narrabri, NSW 2390","{""charger_capacities"": 22.0, ""connector_types_normalized"": ""Type2"", ""data_provider"": ""Charge@Large"", ""dc_port_count"": 2, ""latitude"": -30.3224988, ""longitude"": 149.7819547, ""number_of_plugs"": 2, ""number_of_plugs_quality"": ""reported_from_dc_port_count"", ""number_of_plugs_semantics"": ""Charge@Large DC-indicated port count"", ""operator"": """", ""plug_types"": ""TYPE2"", ""power_kw_max"": 22.0, ""power_kw_min"": 22.0, ""power_kw_values"": [22.0], ""station_address"": ""174 Maitland St, Narrabri, NSW 2390"", ""station_name"": ""Adelong Motel"", ""status_counts"": ""{\""Available\"": 1, \""OutOfService\"": 1}"", ""total_port_count"": 2}",2,2,54.77029725096514,unmatched,unmatched,,,,,{},0,0,,accepted,accepted
593,,"50 O'Sullivan Road, Sydney NSW 2029",Chargefox,2,DC,40 kW,-33.87899704,151.2623363,Woollahra Municipal Council,2029,Existing Fast Chargers,unmatched,unmatched,,,,,{},0,0,,unmatched,unmatched,,,,,{},0,0,,unmatched,unmatched,,,,,{},0,0,,unmatched,unmatched,,,,,{},0,0,,unmatched,unmatched,,,,,{},0,0,,unmatched,unmatched
599,,"516 Punchbowl Road Cnr Wangee Road, Lakemba NSW 2195",Ampol,2,DC,125 kW,-33.911492,151.0732469,Canterbury Bankstown Council,2195,ARENA - Driving the Nation,unmatched,unmatched,,,,,{},0,0,,unmatched,unmatched,,,,,{},0,0,,unmatched,unmatched,,,,,{},0,0,,unmatched,unmatched,,,,,{},0,0,,unmatched,unmatched,,,,,{},0,0,,unmatched,unmatched
605,,"528 John Oxley Drive, Thrumster NSW 2444",NRMA Electric,2,DC,50 kW,-31.45803208,152.8274244,Port Macquarie-Hastings Council,2444,Existing Fast Chargers,accepted,coordinate_and_fuzzy_address,27.85312431617798,0.8866666666666667,172920,"John Oxley Drive, Thrumster, New South Wales, 2444","{""charger_capacities"": ""50 kW"", ""connector_types_normalized"": ""CCS"", ""data_provider"": ""Open Charge Map"", ""general_comments"": """", ""is_operational"": true, ""last_verified"": ""2026-07-14T23:42:00Z"", ""latitude"": -31.458281139153392, ""longitude"": 152.8274557327511, ""number_of_plugs"": 2.0, ""number_of_plugs_quality"": ""reported_or_derived_from_connection_quantity"", ""number_of_plugs_semantics"": ""OCM NumberOfPoints or positive connection Quantity"", ""operational_status"": ""operational"", ""operator"": ""NRMA"", ""plug_types"": ""CCS (Type 2)"", ""power_kw_max"": 50.0, ""power_kw_min"": 50.0, ""power_kw_values"": [50.0], ""station_address"": ""John Oxley Drive, Thrumster, New South Wales, 2444"", ""station_name"": ""Sovereign Place [NRMA]"", ""status"": ""Operational"", ""usage_cost"": ""$0.64/kWh""}",2,2,16.703052268786617,accepted,coordinate_500m,11.770527978674979,0.0,7853821459,,"{""access_condition"": ""Free Access"", ""charger_capacities"": null, ""connector_types_normalized"": ""CCS"", ""data_provider"": ""OpenStreetMap"", ""latitude"": -31.4581377733675, ""longitude"": 152.827417547074, ""number_of_plugs"": 4, ""number_of_plugs_quality"": ""valid"", ""number_of_plugs_raw"": 4, ""number_of_plugs_semantics"": ""OSM charge_points_count; values above 100 are withheld as suspicious"", ""opening_hours"": """", ""operator"": ""NRMA"", ""osm_last_updated"": ""2026-06-11"", ""plug_types"": ""CCS"", ""power_kw_max"": null, ""power_kw_min"": null, ""power_kw_values"": [], ""station_name"": """"}",2,2,62.773774247859734,accepted,coordinate_500m,11.770527978674979,0.0,7853821459,,"{""access_condition"": ""Free Access"", ""charger_capacities"": null, ""connector_types_normalized"": ""CCS"", ""data_provider"": ""OpenStreetMap"", ""latitude"": -31.4581377733675, ""longitude"": 152.827417547074, ""number_of_plugs"": 4, ""number_of_plugs_quality"": ""valid"", ""number_of_plugs_raw"": 4, ""number_of_plugs_semantics"": ""OSM charge_points_count; values above 100 are withheld as suspicious"", ""opening_hours"": """", ""operator"": ""NRMA"", ""osm_last_updated"": ""2026-06-11"", ""plug_types"": ""CCS"", ""power_kw_max"": null, ""power_kw_min"": null, ""power_kw_values"": [], ""station_name"": """"}",2,2,62.773774247859734,unmatched,unmatched,,,,,{},0,0,,unmatched,unmatched,,,,,{},0,0,,accepted,accepted
608,,"53 Sydney Road, Goulburn NSW 2580",Chargefox,2,DC,50 kW,-34.74796201,149.7496456,Goulburn Mulwaree Council,2580,Existing Fast Chargers,accepted,coordinate_500m,8.51026314597061,0.8460317460317461,190003,"Sydney Road, Bradfordville, Goulburn, New South Wales, 2580","{""charger_capacities"": ""210 kW"", ""connector_types_normalized"": ""CCS"", ""data_provider"": ""Open Charge Map"", ""general_comments"": ""Units are up to 210kW Shared between plugs. Open 24hrs"", ""is_operational"": true, ""last_verified"": ""2026-07-15T01:58:00Z"", ""latitude"": -34.74788823042669, ""longitude"": 149.7496208332201, ""number_of_plugs"": 4.0, ""number_of_plugs_quality"": ""reported_or_derived_from_connection_quantity"", ""number_of_plugs_semantics"": ""OCM NumberOfPoints or positive connection Quantity"", ""operational_status"": ""operational"", ""operator"": ""NRMA"", ""plug_types"": ""CCS (Type 2)"", ""power_kw_max"": 210.0, ""power_kw_min"": 210.0, ""power_kw_values"": [210.0], ""station_address"": ""Sydney Road, Bradfordville, Goulburn, New South Wales, 2580"", ""station_name"": ""Sydney Road"", ""status"": ""Operational"", ""usage_cost"": ""$0.64 / kWh""}",1,1,,accepted,coordinate_500m,3.971377474444427,0.0,7021322234,,"{""access_condition"": ""Free Access"", ""charger_capacities"": null, ""connector_types_normalized"": ""CCS;CHAdeMO"", ""data_provider"": ""OpenStreetMap"", ""latitude"": -34.7479333479435, ""longitude"": 149.749619665953, ""number_of_plugs"": 3, ""number_of_plugs_quality"": ""valid"", ""number_of_plugs_raw"": 3, ""number_of_plugs_semantics"": ""OSM charge_points_count; values above 100 are withheld as suspicious"", ""opening_hours"": """", ""operator"": ""Chargefox"", ""osm_last_updated"": ""2022-12-15"", ""plug_types"": ""CCS|CHAdeMO"", ""power_kw_max"": null, ""power_kw_min"": null, ""power_kw_values"": [], ""station_name"": """"}",1,1,,accepted,coordinate_500m,3.971377474444427,0.0,7021322234,,"{""access_condition"": ""Free Access"", ""charger_capacities"": null, ""connector_types_normalized"": ""CCS;CHAdeMO"", ""data_provider"": ""OpenStreetMap"", ""latitude"": -34.7479333479435, ""longitude"": 149.749619665953, ""number_of_plugs"": 3, ""number_of_plugs_quality"": ""valid"", ""number_of_plugs_raw"": 3, ""number_of_plugs_semantics"": ""OSM charge_points_count; values above 100 are withheld as suspicious"", ""opening_hours"": """", ""operator"": ""Chargefox"", ""osm_last_updated"": ""2022-12-15"", ""plug_types"": ""CCS|CHAdeMO"", ""power_kw_max"": null, ""power_kw_min"": null, ""power_kw_values"": [], ""station_name"": """"}",1,1,,unmatched,unmatched,,,,,{},0,0,,unmatched,unmatched,,,,,{},0,0,,accepted,accepted
611,,"53A Orient Street, Batemans Bay NSW 2536",Evie Networks,2,DC,50 kW,-35.71073278,150.1776366,Eurobodalla Shire Council,2536,Existing Fast Chargers,accepted,coordinate_and_fuzzy_address,89.64133390792661,0.8901639344262295,190706,"51 Orient Street, Batemans Bay, New South Wales, 2536","{""charger_capacities"": ""50 kW"", ""connector_types_normalized"": ""CCS;CHAdeMO"", ""data_provider"": ""Open Charge Map"", ""general_comments"": """", ""is_operational"": true, ""last_verified"": ""2023-07-12T22:38:00Z"", ""latitude"": -35.709931, ""longitude"": 150.17774, ""number_of_plugs"": 1.0, ""number_of_plugs_quality"": ""reported_or_derived_from_connection_quantity"", ""number_of_plugs_semantics"": ""OCM NumberOfPoints or positive connection Quantity"", ""operational_status"": ""operational"", ""operator"": ""Evie"", ""plug_types"": ""CCS (Type 2); CHAdeMO"", ""power_kw_max"": 50.0, ""power_kw_min"": 50.0, ""power_kw_values"": [50.0], ""station_address"": ""51 Orient Street, Batemans Bay, New South Wales, 2536"", ""station_name"": ""Dan Murphy's"", ""status"": ""Operational"", ""usage_cost"": ""50c per kWh energy consumed.""}",3,3,222.69018685167305,accepted,coordinate_500m,93.40709869685945,0.0,7370327570,,"{""access_condition"": ""Free Access"", ""charger_capacities"": 50.0, ""connector_types_normalized"": ""CCS"", ""data_provider"": ""OpenStreetMap"", ""latitude"": -35.7099111317607, ""longitude"": 150.177421358912, ""number_of_plugs"": 1, ""number_of_plugs_quality"": ""valid"", ""number_of_plugs_raw"": 1, ""number_of_plugs_semantics"": ""OSM charge_points_count; values above 100 are withheld as suspicious"", ""opening_hours"": """", ""operator"": ""Evie Networks"", ""osm_last_updated"": ""2024-06-29"", ""plug_types"": ""CCS"", ""power_kw_max"": 50.0, ""power_kw_min"": 50.0, ""power_kw_values"": [50.0], ""station_name"": """"}",3,3,237.56217436502857,accepted,coordinate_500m,93.40709869685945,0.0,7370327570,,"{""access_condition"": ""Free Access"", ""charger_capacities"": 50.0, ""connector_types_normalized"": ""CCS"", ""data_provider"": ""OpenStreetMap"", ""latitude"": -35.7099111317607, ""longitude"": 150.177421358912, ""number_of_plugs"": 1, ""number_of_plugs_quality"": ""valid"", ""number_of_plugs_raw"": 1, ""number_of_plugs_semantics"": ""OSM charge_points_count; values above 100 are withheld as suspicious"", ""opening_hours"": """", ""operator"": ""Evie Networks"", ""osm_last_updated"": ""2024-06-29"", ""plug_types"": ""CCS"", ""power_kw_max"": 50.0, ""power_kw_min"": 50.0, ""power_kw_values"": [50.0], ""station_name"": """"}",3,3,237.56217436502857,accepted,coordinate_500m,190.91993956266424,0.32899159663865546,15d06bf5-6b4a-425d-9312-bae4b17cc22b-324,"4-6 Beach Rd, Batemans Bay, NSW 2536","{""charger_capacities"": 22.0, ""connector_types_normalized"": ""Type2"", ""data_provider"": ""Charge@Large"", ""dc_port_count"": 2, ""latitude"": -35.7094784, ""longitude"": 150.1790805, ""number_of_plugs"": 2, ""number_of_plugs_quality"": ""reported_from_dc_port_count"", ""number_of_plugs_semantics"": ""Charge@Large DC-indicated port count"", ""operator"": """", ""plug_types"": ""TYPE2"", ""power_kw_max"": 22.0, ""power_kw_min"": 22.0, ""power_kw_values"": [22.0], ""station_address"": ""4-6 Beach Rd, Batemans Bay, NSW 2536"", ""station_name"": ""Batemans Bay Soldiers Club"", ""status_counts"": ""{\""Available\"": 2}"", ""total_port_count"": 2}",1,1,,unmatched,unmatched,,,,,{},0,0,,accepted,accepted
612,,"54 Brighton Street, Sydney NSW 2132",JOLT,2,DC,25 kW,-33.89474579,151.1096857,Burwood Council,2132,Existing Fast Chargers,unmatched,unmatched,,,,,{},0,0,,accepted,coordinate_500m,1.31000104044528,0.0,9672846122,,"{""access_condition"": ""Free Access"", ""charger_capacities"": null, ""connector_types_normalized"": """", ""data_provider"": ""OpenStreetMap"", ""latitude"": -33.8947565229939, ""longitude"": 151.109679847742, ""number_of_plugs"": 1, ""number_of_plugs_quality"": ""valid"", ""number_of_plugs_raw"": 1, ""number_of_plugs_semantics"": ""OSM charge_points_count; values above 100 are withheld as suspicious"", ""opening_hours"": """", ""operator"": ""Jolt"", ""osm_last_updated"": ""2022-04-17"", ""plug_types"": """", ""power_kw_max"": null, ""power_kw_min"": null, ""power_kw_values"": [], ""station_name"": """"}",1,1,,unmatched,unmatched,,,,,{},0,0,,unmatched,unmatched,,,,,{},0,0,,unmatched,unmatched,,,,,{},0,0,,accepted,unmatched
615,,"54 Minjungbal Drive, Tweed Heads NSW 2486",Evie Networks,4,DC,150 kW,-28.19898503,153.545985,Tweed Shire Council,2486,Existing Fast Chargers,unmatched,unmatched,,,,,{},0,0,,accepted,coordinate_500m,3.8675164618090685,0.0,12926990585,,"{""access_condition"": ""Free Access"", ""charger_capacities"": null, ""connector_types_normalized"": ""CCS;CHAdeMO"", ""data_provider"": ""OpenStreetMap"", ""latitude"": -28.198984006042, ""longitude"": 153.545945551607, ""number_of_plugs"": 4, ""number_of_plugs_quality"": ""valid"", ""number_of_plugs_raw"": 4, ""number_of_plugs_semantics"": ""OSM charge_points_count; values above 100 are withheld as suspicious"", ""opening_hours"": """", ""operator"": ""Evie Networks"", ""osm_last_updated"": ""2026-04-22"", ""plug_types"": ""CCS|CHAdeMO"", ""power_kw_max"": null, ""power_kw_min"": null, ""power_kw_values"": [], ""station_name"": """"}",1,1,,accepted,coordinate_500m,3.8675164618090685,0.0,12926990585,,"{""access_condition"": ""Free Access"", ""charger_capacities"": null, ""connector_types_normalized"": ""CCS;CHAdeMO"", ""data_provider"": ""OpenStreetMap"", ""latitude"": -28.198984006042, ""longitude"": 153.545945551607, ""number_of_plugs"": 4, ""number_of_plugs_quality"": ""valid"", ""number_of_plugs_raw"": 4, ""number_of_plugs_semantics"": ""OSM charge_points_count; values above 100 are withheld as suspicious"", ""opening_hours"": """", ""operator"": ""Evie Networks"", ""osm_last_updated"": ""2026-04-22"", ""plug_types"": ""CCS|CHAdeMO"", ""power_kw_max"": null, ""power_kw_min"": null, ""power_kw_values"": [], ""station_name"": """"}",1,1,,unmatched,unmatched,,,,,{},0,0,,unmatched,unmatched,,,,,{},0,0,,accepted,accepted
616,,"54-76 Captain Cook Drive, Caringbah NSW 2229",Evie Networks,4,DC,75 kW,-34.0329857,151.1250638,Wollondilly Shire Council,2229,ARENA - Driving the Nation,accepted,coordinate_and_fuzzy_address,13.876568762701824,1.0,272635,"54-76 Captain Cook Drive, Caringbah, NSW, 2229","{""charger_capacities"": ""50 kW"", ""connector_types_normalized"": ""CCS;CHAdeMO"", ""data_provider"": ""Open Charge Map"", ""general_comments"": """", ""is_operational"": true, ""last_verified"": ""2023-07-15T12:20:00Z"", ""latitude"": -34.03295211277035, ""longitude"": 151.12520883189632, ""number_of_plugs"": 2.0, ""number_of_plugs_quality"": ""reported_or_derived_from_connection_quantity"", ""number_of_plugs_semantics"": ""OCM NumberOfPoints or positive connection Quantity"", ""operational_status"": ""operational"", ""operator"": ""Evie"", ""plug_types"": ""CCS (Type 2); CHAdeMO"", ""power_kw_max"": 50.0, ""power_kw_min"": 50.0, ""power_kw_values"": [50.0], ""station_address"": ""54-76 Captain Cook Drive, Caringbah, NSW, 2229"", ""station_name"": ""BP Caringbah"", ""status"": ""Operational"", ""usage_cost"": """"}",1,1,,accepted,coordinate_500m,21.600922573144487,0.0,13103102258,,"{""access_condition"": ""Free Access"", ""charger_capacities"": null, ""connector_types_normalized"": ""CCS"", ""data_provider"": ""OpenStreetMap"", ""latitude"": -34.0328846714183, ""longitude"": 151.124863581522, ""number_of_plugs"": 4, ""number_of_plugs_quality"": ""valid"", ""number_of_plugs_raw"": 4, ""number_of_plugs_semantics"": ""OSM charge_points_count; values above 100 are withheld as suspicious"", ""opening_hours"": """", ""operator"": ""bp pulse"", ""osm_last_updated"": ""2025-08-28"", ""plug_types"": ""CCS"", ""power_kw_max"": null, ""power_kw_min"": null, ""power_kw_values"": [], ""station_name"": """"}",2,2,471.1203929408669,accepted,coordinate_500m,21.600922573144487,0.0,13103102258,,"{""access_condition"": ""Free Access"", ""charger_capacities"": null, ""connector_types_normalized"": ""CCS"", ""data_provider"": ""OpenStreetMap"", ""latitude"": -34.0328846714183, ""longitude"": 151.124863581522, ""number_of_plugs"": 4, ""number_of_plugs_quality"": ""valid"", ""number_of_plugs_raw"": 4, ""number_of_plugs_semantics"": ""OSM charge_points_count; values above 100 are withheld as suspicious"", ""opening_hours"": """", ""operator"": ""bp pulse"", ""osm_last_updated"": ""2025-08-28"", ""plug_types"": ""CCS"", ""power_kw_max"": null, ""power_kw_min"": null, ""power_kw_values"": [], ""station_name"": """"}",1,1,,unmatched,unmatched,,,,,{},0,0,,unmatched,unmatched,,,,,{},0,0,,accepted,accepted
621,,"550 Bunnerong Road, Sydney NSW 2036",JOLT,2,DC,25 kW,-33.9610561,151.2309449,Randwick City Council,2036,Existing Fast Chargers,unmatched,unmatched,,,,,{},0,0,,accepted,coordinate_500m,2.5419231267306706,0.0,10937312713,,"{""access_condition"": ""Free Access"", ""charger_capacities"": null, ""connector_types_normalized"": """", ""data_provider"": ""OpenStreetMap"", ""latitude"": -33.9610334048533, ""longitude"": 151.230941595325, ""number_of_plugs"": null, ""number_of_plugs_quality"": ""missing_or_suspicious"", ""number_of_plugs_raw"": null, ""number_of_plugs_semantics"": ""OSM charge_points_count; values above 100 are withheld as suspicious"", ""opening_hours"": """", ""operator"": ""Jolt"", ""osm_last_updated"": ""2023-05-29"", ""plug_types"": """", ""power_kw_max"": null, ""power_kw_min"": null, ""power_kw_values"": [], ""station_name"": """"}",1,1,,unmatched,unmatched,,,,,{},0,0,,unmatched,unmatched,,,,,{},0,0,,unmatched,unmatched,,,,,{},0,0,,accepted,unmatched
626,,"56 Morpeth Street, Harwood NSW 2465",Tesla,8,DC,130 kW,-29.42699904,153.2391471,Clarence Valley Council,2465,Existing Fast Chargers,accepted,coordinate_and_fuzzy_address,9.532783685863809,1.0,171146,"56 Morpeth St., Harwood, NSW, 2465","{""charger_capacities"": ""120 kW"", ""connector_types_normalized"": ""CCS"", ""data_provider"": ""Open Charge Map"", ""general_comments"": ""Charging4 Superchargers, available 24/7, up to 120kW"", ""is_operational"": true, ""last_verified"": ""2020-12-22T06:35:00Z"", ""latitude"": -29.427083, ""longitude"": 153.239167, ""number_of_plugs"": 4.0, ""number_of_plugs_quality"": ""reported_or_derived_from_connection_quantity"", ""number_of_plugs_semantics"": ""OCM NumberOfPoints or positive connection Quantity"", ""operational_status"": ""operational"", ""operator"": ""Tesla (Tesla-only charging)"", ""plug_types"": ""CCS (Type 2)"", ""power_kw_max"": 120.0, ""power_kw_min"": 120.0, ""power_kw_values"": [120.0], ""station_address"": ""56 Morpeth St., Harwood, NSW, 2465"", ""station_name"": ""Maclean Supercharger"", ""status"": ""Operational"", ""usage_cost"": ""AUD 0.42/kWh;other tariffs for older cars""}",1,1,,accepted,coordinate_500m,5.483972666182142,0.0,7140188595,,"{""access_condition"": ""Free Access"", ""charger_capacities"": null, ""connector_types_normalized"": """", ""data_provider"": ""OpenStreetMap"", ""latitude"": -29.4270450546453, ""longitude"": 153.239167476361, ""number_of_plugs"": 4, ""number_of_plugs_quality"": ""valid"", ""number_of_plugs_raw"": 4, ""number_of_plugs_semantics"": ""OSM charge_points_count; values above 100 are withheld as suspicious"", ""opening_hours"": ""24/7"", ""operator"": ""Tesla"", ""osm_last_updated"": ""2026-03-29"", ""plug_types"": """", ""power_kw_max"": null, ""power_kw_min"": null, ""power_kw_values"": [], ""station_name"": ""Tesla Supercharger""}",1,1,,unmatched,unmatched,,,,,{},0,0,,unmatched,unmatched,,,,,{},0,0,,unmatched,unmatched,,,,,{},0,0,,accepted,accepted
635,,"58 Phillip Street, West Tamworth NSW 2340",Tesla,8,DC,130 kW,-31.10164969,150.9171261,Tamworth Regional Council,2340,Existing Fast Chargers,accepted,coordinate_500m,20.673989060724658,0.5112625538020087,113602,"West Tamworth League Club, 21 Park Street, Tamworth, NSW, 2340","{""charger_capacities"": ""120 kW"", ""connector_types_normalized"": ""CCS"", ""data_provider"": ""Open Charge Map"", ""general_comments"": ""4 Superchargers, available 24/7, up to 120kW"", ""is_operational"": true, ""last_verified"": ""2019-03-22T18:24:00Z"", ""latitude"": -31.1016479615861, ""longitude"": 150.9173432295, ""number_of_plugs"": 4.0, ""number_of_plugs_quality"": ""reported_or_derived_from_connection_quantity"", ""number_of_plugs_semantics"": ""OCM NumberOfPoints or positive connection Quantity"", ""operational_status"": ""operational"", ""operator"": ""Tesla (Tesla-only charging)"", ""plug_types"": ""CCS (Type 2)"", ""power_kw_max"": 120.0, ""power_kw_min"": 120.0, ""power_kw_values"": [120.0], ""station_address"": ""West Tamworth League Club, 21 Park Street, Tamworth, NSW, 2340"", ""station_name"": ""Tamworth Supercharger"", ""status"": ""Operational"", ""usage_cost"": ""AUD 0.42/kWh;other tariffs for older cars""}",1,1,,accepted,coordinate_500m,6.0057265623866405,0.0,6456723747,,"{""access_condition"": ""Free Access"", ""charger_capacities"": null, ""connector_types_normalized"": ""CCS"", ""data_provider"": ""OpenStreetMap"", ""latitude"": -31.1016073192737, ""longitude"": 150.917165217662, ""number_of_plugs"": 4, ""number_of_plugs_quality"": ""valid"", ""number_of_plugs_raw"": 4, ""number_of_plugs_semantics"": ""OSM charge_points_count; values above 100 are withheld as suspicious"", ""opening_hours"": ""24/7"", ""operator"": ""Tesla"", ""osm_last_updated"": ""2026-03-29"", ""plug_types"": ""CCS"", ""power_kw_max"": null, ""power_kw_min"": null, ""power_kw_values"": [], ""station_name"": ""Tesla Supercharger""}",1,1,,accepted,coordinate_500m,6.0057265623866405,0.0,6456723747,,"{""access_condition"": ""Free Access"", ""charger_capacities"": null, ""connector_types_normalized"": ""CCS"", ""data_provider"": ""OpenStreetMap"", ""latitude"": -31.1016073192737, ""longitude"": 150.917165217662, ""number_of_plugs"": 4, ""number_of_plugs_quality"": ""valid"", ""number_of_plugs_raw"": 4, ""number_of_plugs_semantics"": ""OSM charge_points_count; values above 100 are withheld as suspicious"", ""opening_hours"": ""24/7"", ""operator"": ""Tesla"", ""osm_last_updated"": ""2026-03-29"", ""plug_types"": ""CCS"", ""power_kw_max"": null, ""power_kw_min"": null, ""power_kw_values"": [], ""station_name"": ""Tesla Supercharger""}",1,1,,unmatched,unmatched,,,,,{},0,0,,unmatched,unmatched,,,,,{},0,0,,accepted,accepted
636,,"580 Parramatta Road, Sydney NSW 2132",BP,4,DC,75 kW,-33.87410415,151.1267628,Inner West Council,2132,Existing Fast Chargers,accepted,coordinate_and_fuzzy_address,14.106845517463512,0.8666666666666668,272684,"586A Parramatta Rd, Croydon, New South Wales, 2132","{""charger_capacities"": ""50 kW"", ""connector_types_normalized"": ""CCS;CHAdeMO"", ""data_provider"": ""Open Charge Map"", ""general_comments"": """", ""is_operational"": true, ""last_verified"": ""2023-07-16T21:56:00Z"", ""latitude"": -33.87421821418127, ""longitude"": 151.12682969039508, ""number_of_plugs"": 2.0, ""number_of_plugs_quality"": ""reported_or_derived_from_connection_quantity"", ""number_of_plugs_semantics"": ""OCM NumberOfPoints or positive connection Quantity"", ""operational_status"": ""operational"", ""operator"": ""Evie"", ""plug_types"": ""CCS (Type 2); CHAdeMO"", ""power_kw_max"": 50.0, ""power_kw_min"": 50.0, ""power_kw_values"": [50.0], ""station_address"": ""586A Parramatta Rd, Croydon, New South Wales, 2132"", ""station_name"": ""BP Ashfield"", ""status"": ""Operational"", ""usage_cost"": """"}",1,1,,accepted,coordinate_500m,4.487267466449211,0.0,10208698066,,"{""access_condition"": ""Free Access"", ""charger_capacities"": null, ""connector_types_normalized"": ""CCS"", ""data_provider"": ""OpenStreetMap"", ""latitude"": -33.8740665493814, ""longitude"": 151.126745151146, ""number_of_plugs"": 2, ""number_of_plugs_quality"": ""valid"", ""number_of_plugs_raw"": 2, ""number_of_plugs_semantics"": ""OSM charge_points_count; values above 100 are withheld as suspicious"", ""opening_hours"": ""24/7"", ""operator"": ""bp pulse"", ""osm_last_updated"": ""2026-05-21"", ""plug_types"": ""CCS"", ""power_kw_max"": null, ""power_kw_min"": null, ""power_kw_values"": [], ""station_name"": """"}",1,1,,accepted,coordinate_500m,4.487267466449211,0.0,10208698066,,"{""access_condition"": ""Free Access"", ""charger_capacities"": null, ""connector_types_normalized"": ""CCS"", ""data_provider"": ""OpenStreetMap"", ""latitude"": -33.8740665493814, ""longitude"": 151.126745151146, ""number_of_plugs"": 2, ""number_of_plugs_quality"": ""valid"", ""number_of_plugs_raw"": 2, ""number_of_plugs_semantics"": ""OSM charge_points_count; values above 100 are withheld as suspicious"", ""opening_hours"": ""24/7"", ""operator"": ""bp pulse"", ""osm_last_updated"": ""2026-05-21"", ""plug_types"": ""CCS"", ""power_kw_max"": null, ""power_kw_min"": null, ""power_kw_values"": [], ""station_name"": """"}",1,1,,accepted,coordinate_500m,145.11199895695003,0.1337719298245614,ac6d79e9-3d3d-4a6b-a3b2-99a06fe51e25-167,"113 Dobroyd Parade, Haberfield NSW 2045, Aust, Haberfield, NSW 2045","{""charger_capacities"": 22.0, ""connector_types_normalized"": ""Type2"", ""data_provider"": ""Charge@Large"", ""dc_port_count"": 2, ""latitude"": -33.874299, ""longitude"": 151.128317, ""number_of_plugs"": 2, ""number_of_plugs_quality"": ""reported_from_dc_port_count"", ""number_of_plugs_semantics"": ""Charge@Large DC-indicated port count"", ""operator"": """", ""plug_types"": ""TYPE2"", ""power_kw_max"": 22.0, ""power_kw_min"": 22.0, ""power_kw_values"": [22.0], ""station_address"": ""113 Dobroyd Parade, Haberfield NSW 2045, Aust, Haberfield, NSW 2045"", ""station_name"": ""113 Dobroyd Pde-Haberfield"", ""status_counts"": ""{\""Available\"": 2}"", ""total_port_count"": 2}",1,1,,unmatched,unmatched,,,,,{},0,0,,accepted,accepted
637,,"580 Princes Highway, Sydney NSW 2232",Tesla,6,DC,250 kW,-34.03339744,151.0731502,Sutherland Shire Council,2232,Existing Fast Chargers,accepted,coordinate_500m,77.03201890381193,0.8384615384615385,191280,"Princes Highway, Kirrawee, NSW, 2232","{""charger_capacities"": ""250 kW"", ""connector_types_normalized"": ""CCS"", ""data_provider"": ""Open Charge Map"", ""general_comments"": """", ""is_operational"": true, ""last_verified"": ""2022-02-02T13:08:00Z"", ""latitude"": -34.033063649505685, ""longitude"": 151.07388271966875, ""number_of_plugs"": 6.0, ""number_of_plugs_quality"": ""reported_or_derived_from_connection_quantity"", ""number_of_plugs_semantics"": ""OCM NumberOfPoints or positive connection Quantity"", ""operational_status"": ""operational"", ""operator"": ""Tesla (Tesla-only charging)"", ""plug_types"": ""CCS (Type 2)"", ""power_kw_max"": 250.0, ""power_kw_min"": 250.0, ""power_kw_values"": [250.0], ""station_address"": ""Princes Highway, Kirrawee, NSW, 2232"", ""station_name"": ""Tesla Supercharger South Village"", ""status"": ""Operational"", ""usage_cost"": ""$0.52/kWh""}",1,1,,accepted,coordinate_500m,54.38519322022219,0.0,9467315676,,"{""access_condition"": ""Free Access"", ""charger_capacities"": null, ""connector_types_normalized"": """", ""data_provider"": ""OpenStreetMap"", ""latitude"": -34.0338237798499, ""longitude"": 151.073439432086, ""number_of_plugs"": 6, ""number_of_plugs_quality"": ""valid"", ""number_of_plugs_raw"": 6, ""number_of_plugs_semantics"": ""OSM charge_points_count; values above 100 are withheld as suspicious"", ""opening_hours"": ""24/7"", ""operator"": ""Tesla"", ""osm_last_updated"": ""2026-03-29"", ""plug_types"": """", ""power_kw_max"": null, ""power_kw_min"": null, ""power_kw_values"": [], ""station_name"": ""Tesla Supercharger""}",1,1,,unmatched,unmatched,,,,,{},0,0,,accepted,coordinate_500m,329.6091604854294,0.4538333333333333,baaffa39-0adb-422e-a7bf-4b391d232b5d-504,"459 President Ave, Kirrawee NSW 2232, Austral, Kirrawee, NSW 2232","{""charger_capacities"": 22.0, ""connector_types_normalized"": ""Type2"", ""data_provider"": ""Charge@Large"", ""dc_port_count"": 1, ""latitude"": -34.034617, ""longitude"": 151.06989, ""number_of_plugs"": 1, ""number_of_plugs_quality"": ""reported_from_dc_port_count"", ""number_of_plugs_semantics"": ""Charge@Large DC-indicated port count"", ""operator"": """", ""plug_types"": ""TYPE2"", ""power_kw_max"": 22.0, ""power_kw_min"": 22.0, ""power_kw_values"": [22.0], ""station_address"": ""459 President Ave, Kirrawee NSW 2232, Austral, Kirrawee, NSW 2232"", ""station_name"": ""459 President Ave, Kirrawee NSW 2232"", ""status_counts"": ""{\""Unknown\"": 1}"", ""total_port_count"": 1}",2,2,0.0,unmatched,unmatched,,,,,{},0,0,,accepted,accepted
639,,"59 The Centre, Sydney NSW 2087",JOLT,2,DC,25 kW,-33.76210915,151.2142012,Northern Beaches Council,2087,Existing Fast Chargers,unmatched,unmatched,,,,,{},0,0,,accepted,coordinate_500m,3.7539386868700704,0.0,9481080902,,"{""access_condition"": ""Free Access"", ""charger_capacities"": null, ""connector_types_normalized"": """", ""data_provider"": ""OpenStreetMap"", ""latitude"": -33.7620853288116, ""longitude"": 151.21417242456, ""number_of_plugs"": 1, ""number_of_plugs_quality"": ""valid"", ""number_of_plugs_raw"": 1, ""number_of_plugs_semantics"": ""OSM charge_points_count; values above 100 are withheld as suspicious"", ""opening_hours"": """", ""operator"": ""Jolt"", ""osm_last_updated"": ""2022-02-05"", ""plug_types"": """", ""power_kw_max"": null, ""power_kw_min"": null, ""power_kw_values"": [], ""station_name"": """"}",1,1,,unmatched,unmatched,,,,,{},0,0,,unmatched,unmatched,,,,,{},0,0,,unmatched,unmatched,,,,,{},0,0,,accepted,unmatched
641,,"594 Anzac Parade, Sydney NSW 2032",Evie Networks,4,DC,75 kW,-33.92659564,151.2313293,Randwick City Council,2032,Existing Fast Chargers,unmatched,unmatched,,,,,{},0,0,,accepted,coordinate_500m,16.777185865798742,0.0,13206176474,,"{""access_condition"": ""Free Access"", ""charger_capacities"": null, ""connector_types_normalized"": ""CCS"", ""data_provider"": ""OpenStreetMap"", ""latitude"": -33.9267328130486, ""longitude"": 151.231405030751, ""number_of_plugs"": 4, ""number_of_plugs_quality"": ""valid"", ""number_of_plugs_raw"": 4, ""number_of_plugs_semantics"": ""OSM charge_points_count; values above 100 are withheld as suspicious"", ""opening_hours"": """", ""operator"": ""Evie Networks"", ""osm_last_updated"": ""2025-10-10"", ""plug_types"": ""CCS"", ""power_kw_max"": null, ""power_kw_min"": null, ""power_kw_values"": [], ""station_name"": """"}",1,1,,accepted,coordinate_500m,16.777185865798742,0.0,13206176474,,"{""access_condition"": ""Free Access"", ""charger_capacities"": null, ""connector_types_normalized"": ""CCS"", ""data_provider"": ""OpenStreetMap"", ""latitude"": -33.9267328130486, ""longitude"": 151.231405030751, ""number_of_plugs"": 4, ""number_of_plugs_quality"": ""valid"", ""number_of_plugs_raw"": 4, ""number_of_plugs_semantics"": ""OSM charge_points_count; values above 100 are withheld as suspicious"", ""opening_hours"": """", ""operator"": ""Evie Networks"", ""osm_last_updated"": ""2025-10-10"", ""plug_types"": ""CCS"", ""power_kw_max"": null, ""power_kw_min"": null, ""power_kw_values"": [], ""station_name"": """"}",1,1,,accepted,coordinate_500m,425.59014709911946,0.25546448087431695,baaffa39-0adb-422e-a7bf-4b391d232b5d-131,"104 Botany St, Randwick NSW 2031, Australia, Randwick, NSW 2031","{""charger_capacities"": 22.0, ""connector_types_normalized"": ""Type2"", ""data_provider"": ""Charge@Large"", ""dc_port_count"": 1, ""latitude"": -33.924028, ""longitude"": 151.23475, ""number_of_plugs"": 1, ""number_of_plugs_quality"": ""reported_from_dc_port_count"", ""number_of_plugs_semantics"": ""Charge@Large DC-indicated port count"", ""operator"": """", ""plug_types"": ""TYPE2"", ""power_kw_max"": 22.0, ""power_kw_min"": 22.0, ""power_kw_values"": [22.0], ""station_address"": ""104 Botany St, Randwick NSW 2031, Australia, Randwick, NSW 2031"", ""station_name"": ""Opp 104 Botany Street, Randwick NSW 2031"", ""status_counts"": ""{\""Charging\"": 1}"", ""total_port_count"": 1}",2,2,18.30557267187993,unmatched,unmatched,,,,,{},0,0,,accepted,accepted
642,,"59-61 Pacific Highway Cnr Unwin Road, Waitara NSW 2077",Ampol,2,DC,125 kW,-33.7105301,151.1024488,"Hornsby, The Council of the Shire of",2077,ARENA - Driving the Nation,unmatched,unmatched,,,,,{},0,0,,unmatched,unmatched,,,,,{},0,0,,unmatched,unmatched,,,,,{},0,0,,unmatched,unmatched,,,,,{},0,0,,unmatched,unmatched,,,,,{},0,0,,unmatched,unmatched
646,,"6 Boundary Street, Sydney NSW 2081",Chargefox,2,DC,75 kW,-33.62137942,151.1494484,"Hornsby, The Council of the Shire of",2081,Existing Fast Chargers,accepted,coordinate_and_fuzzy_address,0.07257792349990393,0.9568627450980393,272620,"6 Boundary Street, Berowra, New South Wales, 2081","{""charger_capacities"": ""75 kW"", ""connector_types_normalized"": ""CCS"", ""data_provider"": ""Open Charge Map"", ""general_comments"": """", ""is_operational"": true, ""last_verified"": ""2023-07-15T09:11:00Z"", ""latitude"": -33.621379, ""longitude"": 151.1494478, ""number_of_plugs"": 2.0, ""number_of_plugs_quality"": ""reported_or_derived_from_connection_quantity"", ""number_of_plugs_semantics"": ""OCM NumberOfPoints or positive connection Quantity"", ""operational_status"": ""operational"", ""operator"": ""Chargefox"", ""plug_types"": ""CCS (Type 2)"", ""power_kw_max"": 75.0, ""power_kw_min"": 75.0, ""power_kw_values"": [75.0], ""station_address"": ""6 Boundary Street, Berowra, New South Wales, 2081"", ""station_name"": ""Berowra Tennis Centre"", ""status"": ""Operational"", ""usage_cost"": ""$0.60/kWh""}",1,1,,accepted,coordinate_500m,13.239015309615809,0.0,12167440484,,"{""access_condition"": ""Free Access"", ""charger_capacities"": null, ""connector_types_normalized"": ""CCS"", ""data_provider"": ""OpenStreetMap"", ""latitude"": -33.6214768076001, ""longitude"": 151.149366147612, ""number_of_plugs"": null, ""number_of_plugs_quality"": ""missing_or_suspicious"", ""number_of_plugs_raw"": null, ""number_of_plugs_semantics"": ""OSM charge_points_count; values above 100 are withheld as suspicious"", ""opening_hours"": """", ""operator"": ""Chargefox"", ""osm_last_updated"": ""2024-09-10"", ""plug_types"": ""CCS"", ""power_kw_max"": null, ""power_kw_min"": null, ""power_kw_values"": [], ""station_name"": """"}",1,1,,accepted,coordinate_500m,13.239015309615809,0.0,12167440484,,"{""access_condition"": ""Free Access"", ""charger_capacities"": null, ""connector_types_normalized"": ""CCS"", ""data_provider"": ""OpenStreetMap"", ""latitude"": -33.6214768076001, ""longitude"": 151.149366147612, ""number_of_plugs"": null, ""number_of_plugs_quality"": ""missing_or_suspicious"", ""number_of_plugs_raw"": null, ""number_of_plugs_semantics"": ""OSM charge_points_count; values above 100 are withheld as suspicious"", ""opening_hours"": """", ""operator"": ""Chargefox"", ""osm_last_updated"": ""2024-09-10"", ""plug_types"": ""CCS"", ""power_kw_max"": null, ""power_kw_min"": null, ""power_kw_values"": [], ""station_name"": """"}",1,1,,unmatched,unmatched,,,,,{},0,0,,unmatched,unmatched,,,,,{},0,0,,accepted,accepted
648,,6 Castlereagh Street Gilgandra NSW 2827,NRMA Electric,4,DC,75 kW,-30.0205758,148.1181013,Gilgandra Shire Council,2832,TfNSW Regional,accepted,coordinate_500m,202.60750580928922,0.43416149068322984,190683,"26 Neilly Street, Walgett, New South Wales, 2832","{""charger_capacities"": ""50 kW"", ""connector_types_normalized"": ""CCS;CHAdeMO"", ""data_provider"": ""Open Charge Map"", ""general_comments"": """", ""is_operational"": true, ""last_verified"": ""2021-12-17T04:13:00Z"", ""latitude"": -30.02045011043731, ""longitude"": 148.11600190575848, ""number_of_plugs"": 1.0, ""number_of_plugs_quality"": ""reported_or_derived_from_connection_quantity"", ""number_of_plugs_semantics"": ""OCM NumberOfPoints or positive connection Quantity"", ""operational_status"": ""operational"", ""operator"": ""NRMA"", ""plug_types"": ""CCS (Type 2); CHAdeMO"", ""power_kw_max"": 50.0, ""power_kw_min"": 50.0, ""power_kw_values"": [50.0], ""station_address"": ""26 Neilly Street, Walgett, New South Wales, 2832"", ""station_name"": ""Walgett [NRMA]"", ""status"": ""Operational"", ""usage_cost"": ""FREE""}",1,1,,accepted,coordinate_500m,35.44912313626508,0.0,9278741544,,"{""access_condition"": ""Free Access"", ""charger_capacities"": null, ""connector_types_normalized"": ""CCS;CHAdeMO"", ""data_provider"": ""OpenStreetMap"", ""latitude"": -30.0207154751338, ""longitude"": 148.117770322611, ""number_of_plugs"": 1, ""number_of_plugs_quality"": ""valid"", ""number_of_plugs_raw"": 1, ""number_of_plugs_semantics"": ""OSM charge_points_count; values above 100 are withheld as suspicious"", ""opening_hours"": """", ""operator"": ""NRMA"", ""osm_last_updated"": ""2025-06-20"", ""plug_types"": ""CCS|CHAdeMO"", ""power_kw_max"": null, ""power_kw_min"": null, ""power_kw_values"": [], ""station_name"": """"}",1,1,,accepted,coordinate_500m,35.44912313626508,0.0,9278741544,,"{""access_condition"": ""Free Access"", ""charger_capacities"": null, ""connector_types_normalized"": ""CCS;CHAdeMO"", ""data_provider"": ""OpenStreetMap"", ""latitude"": -30.0207154751338, ""longitude"": 148.117770322611, ""number_of_plugs"": 1, ""number_of_plugs_quality"": ""valid"", ""number_of_plugs_raw"": 1, ""number_of_plugs_semantics"": ""OSM charge_points_count; values above 100 are withheld as suspicious"", ""opening_hours"": """", ""operator"": ""NRMA"", ""osm_last_updated"": ""2025-06-20"", ""plug_types"": ""CCS|CHAdeMO"", ""power_kw_max"": null, ""power_kw_min"": null, ""power_kw_values"": [], ""station_name"": """"}",1,1,,unmatched,unmatched,,,,,{},0,0,,unmatched,unmatched,,,,,{},0,0,,accepted,accepted
652,,"6 Myahgah Road, Sydney NSW 2088",Evie Networks,2,DC,50 kW,-33.82554959,151.2414274,Mosman Municipal Council,2088,Existing Fast Chargers,accepted,coordinate_500m,12.225937225707916,0.7895348837209303,191164,"6 Myahgah Road, Mosman, NSW","{""charger_capacities"": ""50 kW"", ""connector_types_normalized"": ""CHAdeMO;CCS"", ""data_provider"": ""Open Charge Map"", ""general_comments"": """", ""is_operational"": true, ""last_verified"": ""2023-07-16T22:01:00Z"", ""latitude"": -33.82544433087931, ""longitude"": 151.24146564876457, ""number_of_plugs"": 1.0, ""number_of_plugs_quality"": ""reported_or_derived_from_connection_quantity"", ""number_of_plugs_semantics"": ""OCM NumberOfPoints or positive connection Quantity"", ""operational_status"": ""operational"", ""operator"": ""Evie"", ""plug_types"": ""CHAdeMO; CCS (Type 2)"", ""power_kw_max"": 50.0, ""power_kw_min"": 50.0, ""power_kw_values"": [50.0], ""station_address"": ""6 Myahgah Road, Mosman, NSW"", ""station_name"": ""Evie Mosman"", ""status"": ""Operational"", ""usage_cost"": ""$0.40/kWh""}",1,1,,accepted,coordinate_500m,1.4070682986474625,0.0,8241597113,,"{""access_condition"": ""Free Access"", ""charger_capacities"": null, ""connector_types_normalized"": """", ""data_provider"": ""OpenStreetMap"", ""latitude"": -33.8255622359159, ""longitude"": 151.241426853281, ""number_of_plugs"": 2, ""number_of_plugs_quality"": ""valid"", ""number_of_plugs_raw"": 2, ""number_of_plugs_semantics"": ""OSM charge_points_count; values above 100 are withheld as suspicious"", ""opening_hours"": """", ""operator"": ""Evie Networks"", ""osm_last_updated"": ""2025-03-26"", ""plug_types"": """", ""power_kw_max"": null, ""power_kw_min"": null, ""power_kw_values"": [], ""station_name"": """"}",1,1,,unmatched,unmatched,,,,,{},0,0,,unmatched,unmatched,,,,,{},0,0,,unmatched,unmatched,,,,,{},0,0,,accepted,accepted
656,,"60 Glenwood Park Drive, Glenwood NSW 2768",Evie Networks,4,DC,75 kW,-33.73460909,150.928265,Blacktown City Council,2768,ARENA - Driving the Nation,unmatched,unmatched,,,,,{},0,0,,unmatched,unmatched,,,,,{},0,0,,unmatched,unmatched,,,,,{},0,0,,unmatched,unmatched,,,,,{},0,0,,unmatched,unmatched,,,,,{},0,0,,unmatched,unmatched
661,,"60-62 Amherst Street, Sydney NSW 2062",Evie Networks,4,DC,50 kW,-33.82299004,151.2108829,North Sydney Council,2062,Existing Fast Chargers,unmatched,unmatched,,,,,{},0,0,,accepted,coordinate_500m,3.7794332615553303,0.0,13428255938,,"{""access_condition"": ""Free Access"", ""charger_capacities"": null, ""connector_types_normalized"": """", ""data_provider"": ""OpenStreetMap"", ""latitude"": -33.8229560507622, ""longitude"": 151.210882946659, ""number_of_plugs"": 4, ""number_of_plugs_quality"": ""valid"", ""number_of_plugs_raw"": 4, ""number_of_plugs_semantics"": ""OSM charge_points_count; values above 100 are withheld as suspicious"", ""opening_hours"": """", ""operator"": ""Evie Networks"", ""osm_last_updated"": ""2026-02-01"", ""plug_types"": """", ""power_kw_max"": null, ""power_kw_min"": null, ""power_kw_values"": [], ""station_name"": """"}",1,1,,unmatched,unmatched,,,,,{},0,0,,unmatched,unmatched,,,,,{},0,0,,unmatched,unmatched,,,,,{},0,0,,accepted,unmatched
664,,"620-658 Terrigal Drive, Central Coast NSW 2250",Evie Networks,4,DC,75 kW,-33.43668073,151.3943884,Central Coast Council,2250,Existing Fast Chargers,unmatched,unmatched,,,,,{},0,0,,unmatched,unmatched,,,,,{},0,0,,unmatched,unmatched,,,,,{},0,0,,unmatched,unmatched,,,,,{},0,0,,unmatched,unmatched,,,,,{},0,0,,unmatched,unmatched
668,,"634-726 Princes Highway, Tempe NSW 2044",Evie Networks,4,DC,150 kW,-33.92288364,151.1652088,Inner West Council,2044,ARENA - Driving the Nation,unmatched,unmatched,,,,,{},0,0,,accepted,coordinate_500m,14.29126483092027,0.0,13064491791,,"{""access_condition"": ""Free Access"", ""charger_capacities"": null, ""connector_types_normalized"": ""CCS"", ""data_provider"": ""OpenStreetMap"", ""latitude"": -33.9229554245644, ""longitude"": 151.165337277376, ""number_of_plugs"": 4, ""number_of_plugs_quality"": ""valid"", ""number_of_plugs_raw"": 4, ""number_of_plugs_semantics"": ""OSM charge_points_count; values above 100 are withheld as suspicious"", ""opening_hours"": ""Mo-Su 06:00-21:00"", ""operator"": ""Evie Networks"", ""osm_last_updated"": ""2026-08-02"", ""plug_types"": ""CCS"", ""power_kw_max"": null, ""power_kw_min"": null, ""power_kw_values"": [], ""station_name"": """"}",2,2,49.11919966275433,accepted,coordinate_500m,14.29126483092027,0.0,13064491791,,"{""access_condition"": ""Free Access"", ""charger_capacities"": null, ""connector_types_normalized"": ""CCS"", ""data_provider"": ""OpenStreetMap"", ""latitude"": -33.9229554245644, ""longitude"": 151.165337277376, ""number_of_plugs"": 4, ""number_of_plugs_quality"": ""valid"", ""number_of_plugs_raw"": 4, ""number_of_plugs_semantics"": ""OSM charge_points_count; values above 100 are withheld as suspicious"", ""opening_hours"": ""Mo-Su 06:00-21:00"", ""operator"": ""Evie Networks"", ""osm_last_updated"": ""2026-08-02"", ""plug_types"": ""CCS"", ""power_kw_max"": null, ""power_kw_min"": null, ""power_kw_values"": [], ""station_name"": """"}",1,1,,accepted,coordinate_500m,482.3643020220407,0.3623411978221416,baaffa39-0adb-422e-a7bf-4b391d232b5d-35,"88 Terry St, Tempe NSW 2044, Australia, Tempe, NSW 2044","{""charger_capacities"": 22.0, ""connector_types_normalized"": ""Type2"", ""data_provider"": ""Charge@Large"", ""dc_port_count"": 1, ""latitude"": -33.918547, ""longitude"": 151.16534, ""number_of_plugs"": 1, ""number_of_plugs_quality"": ""reported_from_dc_port_count"", ""number_of_plugs_semantics"": ""Charge@Large DC-indicated port count"", ""operator"": """", ""plug_types"": ""TYPE2"", ""power_kw_max"": 22.0, ""power_kw_min"": 22.0, ""power_kw_values"": [22.0], ""station_address"": ""88 Terry St, Tempe NSW 2044, Australia, Tempe, NSW 2044"", ""station_name"": ""88 Terry St Tempe NSW 2044"", ""status_counts"": ""{\""Charging\"": 1}"", ""total_port_count"": 1}",1,1,,unmatched,unmatched,,,,,{},0,0,,accepted,accepted
671,,"66 Princes Highway, Wollongong NSW 2519",Chargefox,4,DC,47 kW,-34.39180785,150.8945806,Wollongong City Council,2519,Existing Fast Chargers,unmatched,unmatched,,,,,{},0,0,,unmatched,unmatched,,,,,{},0,0,,unmatched,unmatched,,,,,{},0,0,,unmatched,unmatched,,,,,{},0,0,,unmatched,unmatched,,,,,{},0,0,,unmatched,unmatched
673,,"67 Roberts Road, Sydney NSW 2190",Exploren,2,DC,120 kW,-33.90204809,151.0655796,Strathfield,2190,Existing Fast Chargers,unmatched,unmatched,,,,,{},0,0,,accepted,coordinate_500m,313.30957920764877,0.0,11079299253,,"{""access_condition"": ""Free Access"", ""charger_capacities"": null, ""connector_types_normalized"": """", ""data_provider"": ""OpenStreetMap"", ""latitude"": -33.9047467457484, ""longitude"": 151.064603397399, ""number_of_plugs"": 2, ""number_of_plugs_quality"": ""valid"", ""number_of_plugs_raw"": 2, ""number_of_plugs_semantics"": ""OSM charge_points_count; values above 100 are withheld as suspicious"", ""opening_hours"": """", ""operator"": ""AmpCharge"", ""osm_last_updated"": ""2023-07-31"", ""plug_types"": """", ""power_kw_max"": null, ""power_kw_min"": null, ""power_kw_values"": [], ""station_name"": """"}",1,1,,unmatched,unmatched,,,,,{},0,0,,accepted,coordinate_and_fuzzy_address,0.09776224164919123,0.9333333333333333,15d06bf5-6b4a-425d-9312-bae4b17cc22b-1862,"67 Roberts Rd, Greenacre, NSW 2190","{""charger_capacities"": 120.0, ""connector_types_normalized"": ""CCS"", ""data_provider"": ""Charge@Large"", ""dc_port_count"": 2, ""latitude"": -33.9020478, ""longitude"": 151.0655786, ""number_of_plugs"": 2, ""number_of_plugs_quality"": ""reported_from_dc_port_count"", ""number_of_plugs_semantics"": ""Charge@Large DC-indicated port count"", ""operator"": """", ""plug_types"": ""CCS2"", ""power_kw_max"": 120.0, ""power_kw_min"": 120.0, ""power_kw_values"": [120.0], ""station_address"": ""67 Roberts Rd, Greenacre, NSW 2190"", ""station_name"": ""Bunnings Greenacre"", ""status_counts"": ""{\""Available\"": 2}"", ""total_port_count"": 2}",1,1,,accepted,coordinate_and_fuzzy_address,0.09776224164919123,0.9333333333333333,15d06bf5-6b4a-425d-9312-bae4b17cc22b-1862,"67 Roberts Rd, Greenacre, NSW 2190","{""charger_capacities"": 120.0, ""connector_types_normalized"": ""CCS"", ""data_provider"": ""Charge@Large"", ""dc_port_count"": 2, ""latitude"": -33.9020478, ""longitude"": 151.0655786, ""number_of_plugs"": 2, ""number_of_plugs_quality"": ""reported_from_dc_port_count"", ""number_of_plugs_semantics"": ""Charge@Large DC-indicated port count"", ""operator"": """", ""plug_types"": ""CCS2"", ""power_kw_max"": 120.0, ""power_kw_min"": 120.0, ""power_kw_values"": [120.0], ""station_address"": ""67 Roberts Rd, Greenacre, NSW 2190"", ""station_name"": ""Bunnings Greenacre"", ""status_counts"": ""{\""Available\"": 2}"", ""total_port_count"": 2}",1,1,,accepted,accepted
676,,"670 Richmond Road, Sydney NSW 2761",JOLT,4,DC,25 kW,-33.73553158,150.8513123,Blacktown City Council,2761,Existing Fast Chargers,unmatched,unmatched,,,,,{},0,0,,accepted,coordinate_500m,2.9819637224416025,0.0,11258008348,,"{""access_condition"": ""Free Access"", ""charger_capacities"": null, ""connector_types_normalized"": """", ""data_provider"": ""OpenStreetMap"", ""latitude"": -33.7355105048, ""longitude"": 150.851332241395, ""number_of_plugs"": 2, ""number_of_plugs_quality"": ""valid"", ""number_of_plugs_raw"": 2, ""number_of_plugs_semantics"": ""OSM charge_points_count; values above 100 are withheld as suspicious"", ""opening_hours"": """", ""operator"": ""Jolt"", ""osm_last_updated"": ""2023-10-12"", ""plug_types"": """", ""power_kw_max"": null, ""power_kw_min"": null, ""power_kw_values"": [], ""station_name"": """"}",1,1,,unmatched,unmatched,,,,,{},0,0,,unmatched,unmatched,,,,,{},0,0,,unmatched,unmatched,,,,,{},0,0,,accepted,unmatched
679,,"69-71 Central Coast Highway, Gosford West NSW 2250",Ampol,2,DC,125 kW,-33.4267831,151.321995,Central Coast Council,2250,ARENA - Driving the Nation,unmatched,unmatched,,,,,{},0,0,,accepted,coordinate_500m,94.41794505422111,0.0,11129535113,,"{""access_condition"": ""Free Access"", ""charger_capacities"": null, ""connector_types_normalized"": ""CCS;CHAdeMO"", ""data_provider"": ""OpenStreetMap"", ""latitude"": -33.4275068276721, ""longitude"": 151.321462880656, ""number_of_plugs"": null, ""number_of_plugs_quality"": ""missing_or_suspicious"", ""number_of_plugs_raw"": null, ""number_of_plugs_semantics"": ""OSM charge_points_count; values above 100 are withheld as suspicious"", ""opening_hours"": """", ""operator"": ""AmpCharge"", ""osm_last_updated"": ""2024-09-10"", ""plug_types"": ""CCS|CHAdeMO"", ""power_kw_max"": null, ""power_kw_min"": null, ""power_kw_values"": [], ""station_name"": """"}",2,2,166.9972545928598,accepted,coordinate_500m,94.41794505422111,0.0,11129535113,,"{""access_condition"": ""Free Access"", ""charger_capacities"": null, ""connector_types_normalized"": ""CCS;CHAdeMO"", ""data_provider"": ""OpenStreetMap"", ""latitude"": -33.4275068276721, ""longitude"": 151.321462880656, ""number_of_plugs"": null, ""number_of_plugs_quality"": ""missing_or_suspicious"", ""number_of_plugs_raw"": null, ""number_of_plugs_semantics"": ""OSM charge_points_count; values above 100 are withheld as suspicious"", ""opening_hours"": """", ""operator"": ""AmpCharge"", ""osm_last_updated"": ""2024-09-10"", ""plug_types"": ""CCS|CHAdeMO"", ""power_kw_max"": null, ""power_kw_min"": null, ""power_kw_values"": [], ""station_name"": """"}",2,2,166.9972545928598,accepted,coordinate_500m,244.6341346113592,0.8459459459459461,15d06bf5-6b4a-425d-9312-bae4b17cc22b-1609,"26 Central Coast Hwy, West Gosford, NSW 2250","{""charger_capacities"": 22.0, ""connector_types_normalized"": ""Type2"", ""data_provider"": ""Charge@Large"", ""dc_port_count"": 4, ""latitude"": -33.4289794, ""longitude"": 151.3218412, ""number_of_plugs"": 4, ""number_of_plugs_quality"": ""reported_from_dc_port_count"", ""number_of_plugs_semantics"": ""Charge@Large DC-indicated port count"", ""operator"": """", ""plug_types"": ""TYPE2"", ""power_kw_max"": 22.0, ""power_kw_min"": 22.0, ""power_kw_values"": [22.0], ""station_address"": ""26 Central Coast Hwy, West Gosford, NSW 2250"", ""station_name"": ""Gosford RSL Club"", ""status_counts"": ""{\""Available\"": 3, \""Charging\"": 1}"", ""total_port_count"": 4}",1,1,,unmatched,unmatched,,,,,{},0,0,,accepted,accepted
680,,"7 Bungan Street, Sydney NSW 2103",JOLT,2,DC,25 kW,-33.6760501,151.3031301,Northern Beaches Council,2103,Existing Fast Chargers,accepted,coordinate_500m,11.89171964221889,0.8469387755102041,190757,"2 Bungan St, Mona Vale, NSW, 2103","{""charger_capacities"": ""25 kW"", ""connector_types_normalized"": ""CCS;CHAdeMO"", ""data_provider"": ""Open Charge Map"", ""general_comments"": """", ""is_operational"": true, ""last_verified"": ""2023-02-11T08:43:00Z"", ""latitude"": -33.67606087720165, ""longitude"": 151.30325795651265, ""number_of_plugs"": 1.0, ""number_of_plugs_quality"": ""reported_or_derived_from_connection_quantity"", ""number_of_plugs_semantics"": ""OCM NumberOfPoints or positive connection Quantity"", ""operational_status"": ""operational"", ""operator"": ""Jolt"", ""plug_types"": ""CCS (Type 2); CHAdeMO"", ""power_kw_max"": 25.0, ""power_kw_min"": 25.0, ""power_kw_values"": [25.0], ""station_address"": ""2 Bungan St, Mona Vale, NSW, 2103"", ""station_name"": ""Mona Vale [JOLT]"", ""status"": ""Operational"", ""usage_cost"": ""$0.00/kWh up to 7 kWh then $0.46/kWh""}",2,2,59.23074294160661,accepted,coordinate_500m,10.788520942202364,0.0,9204398603,,"{""access_condition"": ""Free Access"", ""charger_capacities"": null, ""connector_types_normalized"": ""CHAdeMO"", ""data_provider"": ""OpenStreetMap"", ""latitude"": -33.6761456755736, ""longitude"": 151.303110033106, ""number_of_plugs"": 1, ""number_of_plugs_quality"": ""valid"", ""number_of_plugs_raw"": 1, ""number_of_plugs_semantics"": ""OSM charge_points_count; values above 100 are withheld as suspicious"", ""opening_hours"": ""24/7"", ""operator"": ""Jolt"", ""osm_last_updated"": ""2022-12-20"", ""plug_types"": ""CHAdeMO"", ""power_kw_max"": null, ""power_kw_min"": null, ""power_kw_values"": [], ""station_name"": """"}",2,2,49.91344301441528,accepted,coordinate_500m,10.788520942202364,0.0,9204398603,,"{""access_condition"": ""Free Access"", ""charger_capacities"": null, ""connector_types_normalized"": ""CHAdeMO"", ""data_provider"": ""OpenStreetMap"", ""latitude"": -33.6761456755736, ""longitude"": 151.303110033106, ""number_of_plugs"": 1, ""number_of_plugs_quality"": ""valid"", ""number_of_plugs_raw"": 1, ""number_of_plugs_semantics"": ""OSM charge_points_count; values above 100 are withheld as suspicious"", ""opening_hours"": ""24/7"", ""operator"": ""Jolt"", ""osm_last_updated"": ""2022-12-20"", ""plug_types"": ""CHAdeMO"", ""power_kw_max"": null, ""power_kw_min"": null, ""power_kw_values"": [], ""station_name"": """"}",2,2,49.91344301441528,unmatched,unmatched,,,,,{},0,0,,unmatched,unmatched,,,,,{},0,0,,accepted,accepted
684,,"7 Pemell Street, Toronto NSW 2283",Exploren,2,DC,40 kW,-33.01454359,151.5961952,Lake Macquarie City Council,2283,Existing Fast Chargers,unmatched,unmatched,,,,,{},0,0,,unmatched,unmatched,,,,,{},0,0,,unmatched,unmatched,,,,,{},0,0,,accepted,coordinate_and_fuzzy_address,0.07672449941225928,0.9767441860465117,15d06bf5-6b4a-425d-9312-bae4b17cc22b-170,"7 Pemell St, Toronto, NSW 2283","{""charger_capacities"": 40.0, ""connector_types_normalized"": ""CCS"", ""data_provider"": ""Charge@Large"", ""dc_port_count"": 2, ""latitude"": -33.0145429, ""longitude"": 151.5961952, ""number_of_plugs"": 2, ""number_of_plugs_quality"": ""reported_from_dc_port_count"", ""number_of_plugs_semantics"": ""Charge@Large DC-indicated port count"", ""operator"": """", ""plug_types"": ""CCS2"", ""power_kw_max"": 40.0, ""power_kw_min"": 40.0, ""power_kw_values"": [40.0], ""station_address"": ""7 Pemell St, Toronto, NSW 2283"", ""station_name"": ""Toronto Commercial Centre Carpark"", ""status_counts"": ""{\""Available\"": 2}"", ""total_port_count"": 2}",1,1,,accepted,coordinate_and_fuzzy_address,0.07672449941225928,0.9767441860465117,15d06bf5-6b4a-425d-9312-bae4b17cc22b-170,"7 Pemell St, Toronto, NSW 2283","{""charger_capacities"": 40.0, ""connector_types_normalized"": ""CCS"", ""data_provider"": ""Charge@Large"", ""dc_port_count"": 2, ""latitude"": -33.0145429, ""longitude"": 151.5961952, ""number_of_plugs"": 2, ""number_of_plugs_quality"": ""reported_from_dc_port_count"", ""number_of_plugs_semantics"": ""Charge@Large DC-indicated port count"", ""operator"": """", ""plug_types"": ""CCS2"", ""power_kw_max"": 40.0, ""power_kw_min"": 40.0, ""power_kw_values"": [40.0], ""station_address"": ""7 Pemell St, Toronto, NSW 2283"", ""station_name"": ""Toronto Commercial Centre Carpark"", ""status_counts"": ""{\""Available\"": 2}"", ""total_port_count"": 2}",1,1,,accepted,accepted
686,,"7 Tank Street, Lithgow NSW 2790",NRMA Electric,4,DC,50 kW,-33.47800605,150.1611241,"Lithgow Council, City of",2790,Existing Fast Chargers,accepted,coordinate_500m,7.7207467633629285,0.7121621621621622,154488,"Tank St, Lithgow, NSW","{""charger_capacities"": ""50 kW"", ""connector_types_normalized"": ""CCS;CHAdeMO"", ""data_provider"": ""Open Charge Map"", ""general_comments"": ""Use the NRMA or the Chargefox app."", ""is_operational"": true, ""last_verified"": ""2024-06-14T12:05:00Z"", ""latitude"": -33.477936640057756, ""longitude"": 150.1611263067623, ""number_of_plugs"": 2.0, ""number_of_plugs_quality"": ""reported_or_derived_from_connection_quantity"", ""number_of_plugs_semantics"": ""OCM NumberOfPoints or positive connection Quantity"", ""operational_status"": ""operational"", ""operator"": ""NRMA"", ""plug_types"": ""CCS (Type 2); CHAdeMO"", ""power_kw_max"": 50.0, ""power_kw_min"": 50.0, ""power_kw_values"": [50.0], ""station_address"": ""Tank St, Lithgow, NSW"", ""station_name"": ""Lithgow Workmen's Club"", ""status"": ""Operational"", ""usage_cost"": ""60c / 54c for members of NRMA""}",1,1,,accepted,coordinate_500m,5.357205996366001,0.0,6656233420,,"{""access_condition"": ""Free Access"", ""charger_capacities"": null, ""connector_types_normalized"": ""CCS;CHAdeMO"", ""data_provider"": ""OpenStreetMap"", ""latitude"": -33.4780086324829, ""longitude"": 150.161066421802, ""number_of_plugs"": 2, ""number_of_plugs_quality"": ""valid"", ""number_of_plugs_raw"": 2, ""number_of_plugs_semantics"": ""OSM charge_points_count; values above 100 are withheld as suspicious"", ""opening_hours"": """", ""operator"": ""NRMA"", ""osm_last_updated"": ""2025-11-12"", ""plug_types"": ""CCS|CHAdeMO"", ""power_kw_max"": null, ""power_kw_min"": null, ""power_kw_values"": [], ""station_name"": """"}",2,2,416.5387264646352,accepted,coordinate_500m,5.357205996366001,0.0,6656233420,,"{""access_condition"": ""Free Access"", ""charger_capacities"": null, ""connector_types_normalized"": ""CCS;CHAdeMO"", ""data_provider"": ""OpenStreetMap"", ""latitude"": -33.4780086324829, ""longitude"": 150.161066421802, ""number_of_plugs"": 2, ""number_of_plugs_quality"": ""valid"", ""number_of_plugs_raw"": 2, ""number_of_plugs_semantics"": ""OSM charge_points_count; values above 100 are withheld as suspicious"", ""opening_hours"": """", ""operator"": ""NRMA"", ""osm_last_updated"": ""2025-11-12"", ""plug_types"": ""CCS|CHAdeMO"", ""power_kw_max"": null, ""power_kw_min"": null, ""power_kw_values"": [], ""station_name"": """"}",2,2,416.5387264646352,unmatched,unmatched,,,,,{},0,0,,unmatched,unmatched,,,,,{},0,0,,accepted,accepted
695,,"725 Pittwater Road, Sydney NSW 2099",JOLT,2,DC,25 kW,-33.7523594,151.2865606,Northern Beaches Council,2099,Existing Fast Chargers,unmatched,unmatched,,,,,{},0,0,,accepted,coordinate_500m,9.92288717917219,0.0,12565112258,,"{""access_condition"": ""Free Access"", ""charger_capacities"": null, ""connector_types_normalized"": """", ""data_provider"": ""OpenStreetMap"", ""latitude"": -33.7523425398388, ""longitude"": 151.286665996365, ""number_of_plugs"": 1, ""number_of_plugs_quality"": ""valid"", ""number_of_plugs_raw"": 1, ""number_of_plugs_semantics"": ""OSM charge_points_count; values above 100 are withheld as suspicious"", ""opening_hours"": """", ""operator"": ""Jolt"", ""osm_last_updated"": ""2025-08-23"", ""plug_types"": """", ""power_kw_max"": null, ""power_kw_min"": null, ""power_kw_values"": [], ""station_name"": ""Jolt Dee Why B-Line""}",3,3,120.55747045191328,accepted,coordinate_500m,157.86899402268213,0.0,9491233549,,"{""access_condition"": ""Free Access"", ""charger_capacities"": null, ""connector_types_normalized"": ""CHAdeMO"", ""data_provider"": ""OpenStreetMap"", ""latitude"": -33.7537328461182, ""longitude"": 151.286993142046, ""number_of_plugs"": 1, ""number_of_plugs_quality"": ""valid"", ""number_of_plugs_raw"": 1, ""number_of_plugs_semantics"": ""OSM charge_points_count; values above 100 are withheld as suspicious"", ""opening_hours"": ""24/7"", ""operator"": ""Jolt"", ""osm_last_updated"": ""2022-12-20"", ""plug_types"": ""CHAdeMO"", ""power_kw_max"": null, ""power_kw_min"": null, ""power_kw_values"": [], ""station_name"": """"}",1,1,,accepted,coordinate_500m,230.03728263697215,0.20106382978723403,15d06bf5-6b4a-425d-9312-bae4b17cc22b-1060,"40 Kingsway, Dee Why, NSW 2099","{""charger_capacities"": 7.0, ""connector_types_normalized"": ""Type2"", ""data_provider"": ""Charge@Large"", ""dc_port_count"": 3, ""latitude"": -33.7503059, ""longitude"": 151.2862588, ""number_of_plugs"": 3, ""number_of_plugs_quality"": ""reported_from_dc_port_count"", ""number_of_plugs_semantics"": ""Charge@Large DC-indicated port count"", ""operator"": """", ""plug_types"": ""TYPE2"", ""power_kw_max"": 7.0, ""power_kw_min"": 7.0, ""power_kw_values"": [7.0], ""station_address"": ""40 Kingsway, Dee Why, NSW 2099"", ""station_name"": ""PCYC - Northern Beaches Council"", ""status_counts"": ""{\""Available\"": 3}"", ""total_port_count"": 3}",1,1,,unmatched,unmatched,,,,,{},0,0,,accepted,accepted
697,,"73 Belmore Road, Randwick NSW 2031",Evie Networks,4,DC,50 kW,-33.915171,151.241129,Randwick City Council,2031,ARENA - Driving the Nation,accepted,coordinate_and_fuzzy_address,14.596278144477612,1.0,272630,"73 Belmore Road, Randwick, NSW, 2031","{""charger_capacities"": ""50 kW"", ""connector_types_normalized"": ""CCS;CHAdeMO"", ""data_provider"": ""Open Charge Map"", ""general_comments"": """", ""is_operational"": true, ""last_verified"": ""2023-07-15T12:06:00Z"", ""latitude"": -33.915187, ""longitude"": 151.240972, ""number_of_plugs"": 2.0, ""number_of_plugs_quality"": ""reported_or_derived_from_connection_quantity"", ""number_of_plugs_semantics"": ""OCM NumberOfPoints or positive connection Quantity"", ""operational_status"": ""operational"", ""operator"": ""Evie"", ""plug_types"": ""CCS (Type 2); CHAdeMO"", ""power_kw_max"": 50.0, ""power_kw_min"": 50.0, ""power_kw_values"": [50.0], ""station_address"": ""73 Belmore Road, Randwick, NSW, 2031"", ""station_name"": ""Royal Randwick"", ""status"": ""Operational"", ""usage_cost"": """"}",1,1,,accepted,coordinate_500m,239.77493648032618,0.0,6965143040,,"{""access_condition"": ""Free Access"", ""charger_capacities"": null, ""connector_types_normalized"": ""CCS"", ""data_provider"": ""OpenStreetMap"", ""latitude"": -33.9138057390602, ""longitude"": 151.239117722775, ""number_of_plugs"": 2, ""number_of_plugs_quality"": ""valid"", ""number_of_plugs_raw"": 2, ""number_of_plugs_semantics"": ""OSM charge_points_count; values above 100 are withheld as suspicious"", ""opening_hours"": """", ""operator"": ""Chargefox"", ""osm_last_updated"": ""2025-10-10"", ""plug_types"": ""CCS"", ""power_kw_max"": null, ""power_kw_min"": null, ""power_kw_values"": [], ""station_name"": """"}",1,1,,accepted,coordinate_500m,239.77493648032618,0.0,6965143040,,"{""access_condition"": ""Free Access"", ""charger_capacities"": null, ""connector_types_normalized"": ""CCS"", ""data_provider"": ""OpenStreetMap"", ""latitude"": -33.9138057390602, ""longitude"": 151.239117722775, ""number_of_plugs"": 2, ""number_of_plugs_quality"": ""valid"", ""number_of_plugs_raw"": 2, ""number_of_plugs_semantics"": ""OSM charge_points_count; values above 100 are withheld as suspicious"", ""opening_hours"": """", ""operator"": ""Chargefox"", ""osm_last_updated"": ""2025-10-10"", ""plug_types"": ""CCS"", ""power_kw_max"": null, ""power_kw_min"": null, ""power_kw_values"": [], ""station_name"": """"}",1,1,,accepted,coordinate_500m,195.13635419626374,0.4417169974115617,ac6d79e9-3d3d-4a6b-a3b2-99a06fe51e25-64,"1 Mears Ave, Randwick NSW 2031, Australia, Randwick, NSW 2031","{""charger_capacities"": 22.0, ""connector_types_normalized"": ""Type2"", ""data_provider"": ""Charge@Large"", ""dc_port_count"": 2, ""latitude"": -33.9169, ""longitude"": 151.241491, ""number_of_plugs"": 2, ""number_of_plugs_quality"": ""reported_from_dc_port_count"", ""number_of_plugs_semantics"": ""Charge@Large DC-indicated port count"", ""operator"": """", ""plug_types"": ""TYPE2"", ""power_kw_max"": 22.0, ""power_kw_min"": 22.0, ""power_kw_values"": [22.0], ""station_address"": ""1 Mears Ave, Randwick NSW 2031, Australia, Randwick, NSW 2031"", ""station_name"": ""1 Mears Ave-Randwick"", ""status_counts"": ""{\""Available\"": 2}"", ""total_port_count"": 2}",7,7,138.26142780144082,unmatched,unmatched,,,,,{},0,0,,accepted,accepted
698,,"731-741 Military Road, Sydney NSW 2088",Chargefox,2,DC,47 kW,-33.82852457,151.2439029,Mosman Municipal Council,2088,Existing Fast Chargers,accepted,coordinate_500m,300.1081111703517,0.3314285714285714,272686,"188 Raglan St, Mosman, New South Wales, 2088","{""charger_capacities"": ""50 kW"", ""connector_types_normalized"": ""CCS;CHAdeMO"", ""data_provider"": ""Open Charge Map"", ""general_comments"": """", ""is_operational"": true, ""last_verified"": ""2023-07-16T22:00:00Z"", ""latitude"": -33.83121718107124, ""longitude"": 151.24368057896396, ""number_of_plugs"": 1.0, ""number_of_plugs_quality"": ""reported_or_derived_from_connection_quantity"", ""number_of_plugs_semantics"": ""OCM NumberOfPoints or positive connection Quantity"", ""operational_status"": ""operational"", ""operator"": ""Evie"", ""plug_types"": ""CCS (Type 2); CHAdeMO"", ""power_kw_max"": 50.0, ""power_kw_min"": 50.0, ""power_kw_values"": [50.0], ""station_address"": ""188 Raglan St, Mosman, New South Wales, 2088"", ""station_name"": ""Raglan Street West"", ""status"": ""Operational"", ""usage_cost"": """"}",2,2,109.76547890090103,accepted,coordinate_500m,289.2578243619969,0.0,13149077271,,"{""access_condition"": ""Free Access"", ""charger_capacities"": null, ""connector_types_normalized"": """", ""data_provider"": ""OpenStreetMap"", ""latitude"": -33.8311185157106, ""longitude"": 151.243666665447, ""number_of_plugs"": null, ""number_of_plugs_quality"": ""missing_or_suspicious"", ""number_of_plugs_raw"": null, ""number_of_plugs_semantics"": ""OSM charge_points_count; values above 100 are withheld as suspicious"", ""opening_hours"": """", ""operator"": """", ""osm_last_updated"": ""2025-09-17"", ""plug_types"": """", ""power_kw_max"": null, ""power_kw_min"": null, ""power_kw_values"": [], ""station_name"": """"}",2,2,111.7580962549074,unmatched,unmatched,,,,,{},0,0,,unmatched,unmatched,,,,,{},0,0,,unmatched,unmatched,,,,,{},0,0,,accepted,accepted
701,,"741 George Street, Windsor NSW 2756",Ampol,4,DC,150 kW,-33.63860965,150.7837227,Hawkesbury City Council,2756,Existing Fast Chargers,unmatched,unmatched,,,,,{},0,0,,unmatched,unmatched,,,,,{},0,0,,unmatched,unmatched,,,,,{},0,0,,unmatched,unmatched,,,,,{},0,0,,unmatched,unmatched,,,,,{},0,0,,unmatched,unmatched
703,,"76 Cowper Street, Wallsend NSW 2287",NRMA Electric,4,DC,50 kW,-32.90272177,151.6697678,Newcastle City Council,2287,Existing Fast Chargers,accepted,coordinate_and_fuzzy_address,26.248171765220096,1.0,148545,"76 Cowper Street, Wallsend, NSW, 2287","{""charger_capacities"": ""50 kW"", ""connector_types_normalized"": ""CCS;CHAdeMO"", ""data_provider"": ""Open Charge Map"", ""general_comments"": ""In public free car park, many shops nearby and shopping centre a short walk south."", ""is_operational"": true, ""last_verified"": ""2021-12-19T02:07:00Z"", ""latitude"": -32.90294720367186, ""longitude"": 151.66968441053905, ""number_of_plugs"": 1.0, ""number_of_plugs_quality"": ""reported_or_derived_from_connection_quantity"", ""number_of_plugs_semantics"": ""OCM NumberOfPoints or positive connection Quantity"", ""operational_status"": ""operational"", ""operator"": ""NRMA"", ""plug_types"": ""CCS (Type 2); CHAdeMO"", ""power_kw_max"": 50.0, ""power_kw_min"": 50.0, ""power_kw_values"": [50.0], ""station_address"": ""76 Cowper Street, Wallsend, NSW, 2287"", ""station_name"": ""Wallsend [NRMA]"", ""status"": ""Operational"", ""usage_cost"": ""Currently free but will be fee at some point.""}",1,1,,accepted,coordinate_500m,1.27692685505629,0.0,13258032988,,"{""access_condition"": ""Free Access"", ""charger_capacities"": null, ""connector_types_normalized"": """", ""data_provider"": ""OpenStreetMap"", ""latitude"": -32.9027103379223, ""longitude"": 151.669769095175, ""number_of_plugs"": 50, ""number_of_plugs_quality"": ""valid"", ""number_of_plugs_raw"": 50, ""number_of_plugs_semantics"": ""OSM charge_points_count; values above 100 are withheld as suspicious"", ""opening_hours"": """", ""operator"": ""NRMA"", ""osm_last_updated"": ""2026-03-28"", ""plug_types"": """", ""power_kw_max"": null, ""power_kw_min"": null, ""power_kw_values"": [], ""station_name"": """"}",7,7,3.051884888480182,unmatched,unmatched,,,,,{},0,0,,accepted,coordinate_500m,44.412662300168655,0.4705357142857143,15d06bf5-6b4a-425d-9312-bae4b17cc22b-264,"Nash St, Wallsend, NSW 2287","{""charger_capacities"": 7.0, ""connector_types_normalized"": ""Type2"", ""data_provider"": ""Charge@Large"", ""dc_port_count"": 2, ""latitude"": -32.9031005, ""longitude"": 151.6696167, ""number_of_plugs"": 2, ""number_of_plugs_quality"": ""reported_from_dc_port_count"", ""number_of_plugs_semantics"": ""Charge@Large DC-indicated port count"", ""operator"": """", ""plug_types"": ""TYPE2"", ""power_kw_max"": 7.0, ""power_kw_min"": 7.0, ""power_kw_values"": [7.0], ""station_address"": ""Nash St, Wallsend, NSW 2287"", ""station_name"": ""Wallsend District Hospital - Todae Solar Pty Ltd"", ""status_counts"": ""{\""Missing\"": 2}"", ""total_port_count"": 2}",2,2,103.28486484129053,unmatched,unmatched,,,,,{},0,0,,accepted,accepted
705,,"76 Wingewarra Street, Dubbo NSW 2830",Tesla,8,DC,130 kW,-32.24995,148.6091822,Dubbo Regional Council,2830,Existing Fast Chargers,accepted,coordinate_and_fuzzy_address,0.018808137858465808,1.0,121546,"76 Wingewarra Street, Dubbo, 2830","{""charger_capacities"": ""120 kW"", ""connector_types_normalized"": ""CCS"", ""data_provider"": ""Open Charge Map"", ""general_comments"": ""Charging4 Superchargers, available 24/7, up to 120kW"", ""is_operational"": true, ""last_verified"": ""2023-08-30T06:19:00Z"", ""latitude"": -32.24995, ""longitude"": 148.609182, ""number_of_plugs"": 4.0, ""number_of_plugs_quality"": ""reported_or_derived_from_connection_quantity"", ""number_of_plugs_semantics"": ""OCM NumberOfPoints or positive connection Quantity"", ""operational_status"": ""operational"", ""operator"": ""Tesla (including non-tesla)"", ""plug_types"": ""CCS (Type 2)"", ""power_kw_max"": 120.0, ""power_kw_min"": 120.0, ""power_kw_values"": [120.0], ""station_address"": ""76 Wingewarra Street, Dubbo, 2830"", ""station_name"": ""Dubbo Supercharger [Tesla]"", ""status"": ""Operational"", ""usage_cost"": ""$0.52/kWh""}",2,2,73.03188005824201,accepted,coordinate_500m,2.6787665589134533,0.0,6456722833,,"{""access_condition"": ""Free Access"", ""charger_capacities"": null, ""connector_types_normalized"": ""CCS"", ""data_provider"": ""OpenStreetMap"", ""latitude"": -32.2499278025881, ""longitude"": 148.609171130823, ""number_of_plugs"": 4, ""number_of_plugs_quality"": ""valid"", ""number_of_plugs_raw"": 4, ""number_of_plugs_semantics"": ""OSM charge_points_count; values above 100 are withheld as suspicious"", ""opening_hours"": ""24/7"", ""operator"": ""Tesla"", ""osm_last_updated"": ""2026-03-29"", ""plug_types"": ""CCS"", ""power_kw_max"": null, ""power_kw_min"": null, ""power_kw_values"": [], ""station_name"": ""Tesla Supercharger""}",2,2,63.382358108258686,accepted,coordinate_500m,2.6787665589134533,0.0,6456722833,,"{""access_condition"": ""Free Access"", ""charger_capacities"": null, ""connector_types_normalized"": ""CCS"", ""data_provider"": ""OpenStreetMap"", ""latitude"": -32.2499278025881, ""longitude"": 148.609171130823, ""number_of_plugs"": 4, ""number_of_plugs_quality"": ""valid"", ""number_of_plugs_raw"": 4, ""number_of_plugs_semantics"": ""OSM charge_points_count; values above 100 are withheld as suspicious"", ""opening_hours"": ""24/7"", ""operator"": ""Tesla"", ""osm_last_updated"": ""2026-03-29"", ""plug_types"": ""CCS"", ""power_kw_max"": null, ""power_kw_min"": null, ""power_kw_values"": [], ""station_name"": ""Tesla Supercharger""}",2,2,63.382358108258686,accepted,coordinate_and_fuzzy_address,166.840825583206,0.8652173913043479,d1cbdd86-205d-4538-b287-34032bf74788-mLm7w23qbPwboEaNKjKEtS3N_wNb7njK5rwN,"Wingewarra St, Dubbo, 2830","{""charger_capacities"": 22.0, ""connector_types_normalized"": ""Type2"", ""data_provider"": ""Charge@Large"", ""dc_port_count"": 1, ""latitude"": -32.249763, ""longitude"": 148.6074219, ""number_of_plugs"": 1, ""number_of_plugs_quality"": ""reported_from_dc_port_count"", ""number_of_plugs_semantics"": ""Charge@Large DC-indicated port count"", ""operator"": """", ""plug_types"": ""TYPE2"", ""power_kw_max"": 22.0, ""power_kw_min"": 22.0, ""power_kw_values"": [22.0], ""station_address"": ""Wingewarra St, Dubbo, 2830"", ""station_name"": ""Wingewarra St Dubbo"", ""status_counts"": ""{\""Available\"": 1}"", ""total_port_count"": 1}",2,2,182.54681648911625,unmatched,unmatched,,,,,{},0,0,,accepted,accepted
707,,"77 Darling Street, Cowra NSW 2794",NRMA Electric,2,DC,50 kW,-33.83451056,148.6935365,Cowra Shire Council,2794,Existing Fast Chargers,accepted,coordinate_and_fuzzy_address,89.37778137203307,1.0,156010,"77 Darling Street, Cowra, NSW, 2794","{""charger_capacities"": ""50 kW"", ""connector_types_normalized"": ""CCS"", ""data_provider"": ""Open Charge Map"", ""general_comments"": ""NRMA EV fast charging network.  Charging free initially. Eventually free access only for members or paid access if not an NRMA member."", ""is_operational"": true, ""last_verified"": ""2026-07-15T01:03:00Z"", ""latitude"": -33.834079627444765, ""longitude"": 148.6943533458998, ""number_of_plugs"": 2.0, ""number_of_plugs_quality"": ""reported_or_derived_from_connection_quantity"", ""number_of_plugs_semantics"": ""OCM NumberOfPoints or positive connection Quantity"", ""operational_status"": ""operational"", ""operator"": ""NRMA"", ""plug_types"": ""CCS (Type 2)"", ""power_kw_max"": 50.0, ""power_kw_min"": 50.0, ""power_kw_values"": [50.0], ""station_address"": ""77 Darling Street, Cowra, NSW, 2794"", ""station_name"": ""Cowra Regional Art Gallery"", ""status"": ""Operational"", ""usage_cost"": ""$0.74/kWh""}",1,1,,accepted,coordinate_500m,95.5888075940434,0.0,8253300980,,"{""access_condition"": ""Free Access"", ""charger_capacities"": null, ""connector_types_normalized"": ""CHAdeMO"", ""data_provider"": ""OpenStreetMap"", ""latitude"": -33.8340931693279, ""longitude"": 148.694441237636, ""number_of_plugs"": null, ""number_of_plugs_quality"": ""missing_or_suspicious"", ""number_of_plugs_raw"": null, ""number_of_plugs_semantics"": ""OSM charge_points_count; values above 100 are withheld as suspicious"", ""opening_hours"": ""24/7"", ""operator"": ""NRMA"", ""osm_last_updated"": ""2022-12-15"", ""plug_types"": ""CHAdeMO"", ""power_kw_max"": null, ""power_kw_min"": null, ""power_kw_values"": [], ""station_name"": """"}",1,1,,accepted,coordinate_500m,95.5888075940434,0.0,8253300980,,"{""access_condition"": ""Free Access"", ""charger_capacities"": null, ""connector_types_normalized"": ""CHAdeMO"", ""data_provider"": ""OpenStreetMap"", ""latitude"": -33.8340931693279, ""longitude"": 148.694441237636, ""number_of_plugs"": null, ""number_of_plugs_quality"": ""missing_or_suspicious"", ""number_of_plugs_raw"": null, ""number_of_plugs_semantics"": ""OSM charge_points_count; values above 100 are withheld as suspicious"", ""opening_hours"": ""24/7"", ""operator"": ""NRMA"", ""osm_last_updated"": ""2022-12-15"", ""plug_types"": ""CHAdeMO"", ""power_kw_max"": null, ""power_kw_min"": null, ""power_kw_values"": [], ""station_name"": """"}",1,1,,accepted,coordinate_and_fuzzy_address,72.7505117034227,0.9767441860465117,15d06bf5-6b4a-425d-9312-bae4b17cc22b-3304,"77 Darling St, Cowra New South Wales, NSW 2794","{""charger_capacities"": 22.0, ""connector_types_normalized"": ""Type2"", ""data_provider"": ""Charge@Large"", ""dc_port_count"": 2, ""latitude"": -33.83432, ""longitude"": 148.69429, ""number_of_plugs"": 2, ""number_of_plugs_quality"": ""reported_from_dc_port_count"", ""number_of_plugs_semantics"": ""Charge@Large DC-indicated port count"", ""operator"": """", ""plug_types"": ""TYPE2"", ""power_kw_max"": 22.0, ""power_kw_min"": 22.0, ""power_kw_values"": [22.0], ""station_address"": ""77 Darling St, Cowra New South Wales, NSW 2794"", ""station_name"": ""Cowra Art Gallery EV Chargers"", ""status_counts"": ""{\""Available\"": 2}"", ""total_port_count"": 2}",1,1,,unmatched,unmatched,,,,,{},0,0,,accepted,accepted
709,,"772 Anzac Parade, Sydney NSW 2035",Evie Networks,4,DC,75 kW,-33.93800905,151.2385195,Randwick City Council,2035,Existing Fast Chargers,unmatched,unmatched,,,,,{},0,0,,accepted,coordinate_500m,7.007039167627354,0.0,13206130158,,"{""access_condition"": ""Free Access"", ""charger_capacities"": null, ""connector_types_normalized"": ""CCS"", ""data_provider"": ""OpenStreetMap"", ""latitude"": -33.9380659005105, ""longitude"": 151.238486733104, ""number_of_plugs"": 4, ""number_of_plugs_quality"": ""valid"", ""number_of_plugs_raw"": 4, ""number_of_plugs_semantics"": ""OSM charge_points_count; values above 100 are withheld as suspicious"", ""opening_hours"": """", ""operator"": ""Evie Networks"", ""osm_last_updated"": ""2025-10-10"", ""plug_types"": ""CCS"", ""power_kw_max"": null, ""power_kw_min"": null, ""power_kw_values"": [], ""station_name"": """"}",1,1,,accepted,coordinate_500m,7.007039167627354,0.0,13206130158,,"{""access_condition"": ""Free Access"", ""charger_capacities"": null, ""connector_types_normalized"": ""CCS"", ""data_provider"": ""OpenStreetMap"", ""latitude"": -33.9380659005105, ""longitude"": 151.238486733104, ""number_of_plugs"": 4, ""number_of_plugs_quality"": ""valid"", ""number_of_plugs_raw"": 4, ""number_of_plugs_semantics"": ""OSM charge_points_count; values above 100 are withheld as suspicious"", ""opening_hours"": """", ""operator"": ""Evie Networks"", ""osm_last_updated"": ""2025-10-10"", ""plug_types"": ""CCS"", ""power_kw_max"": null, ""power_kw_min"": null, ""power_kw_values"": [], ""station_name"": """"}",1,1,,accepted,coordinate_500m,488.2113823018854,0.2504201680672269,baaffa39-0adb-422e-a7bf-4b391d232b5d-122,"5-17 Robey St, Maroubra, Maroubra, NSW 2035","{""charger_capacities"": 22.0, ""connector_types_normalized"": ""Type2"", ""data_provider"": ""Charge@Large"", ""dc_port_count"": 1, ""latitude"": -33.942371, ""longitude"": 151.237916, ""number_of_plugs"": 1, ""number_of_plugs_quality"": ""reported_from_dc_port_count"", ""number_of_plugs_semantics"": ""Charge@Large DC-indicated port count"", ""operator"": """", ""plug_types"": ""TYPE2"", ""power_kw_max"": 22.0, ""power_kw_min"": 22.0, ""power_kw_values"": [22.0], ""station_address"": ""5-17 Robey St, Maroubra, Maroubra, NSW 2035"", ""station_name"": ""5-17 Robey St Maroubra NSW 2035"", ""status_counts"": ""{\""Available\"": 1}"", ""total_port_count"": 1}",1,1,,unmatched,unmatched,,,,,{},0,0,,accepted,accepted
710,,"773 Old South Head Road, Sydney NSW 2030",Chargefox,2,DC,40 kW,-33.85700205,151.2828038,Woollahra Municipal Council,2030,Existing Fast Chargers,unmatched,unmatched,,,,,{},0,0,,unmatched,unmatched,,,,,{},0,0,,unmatched,unmatched,,,,,{},0,0,,accepted,coordinate_500m,423.05374709101346,0.3720609579100145,15d06bf5-6b4a-425d-9312-bae4b17cc22b-953,"7 Laguna St, Vaucluse, NSW 2030","{""charger_capacities"": 22.0, ""connector_types_normalized"": ""Type2"", ""data_provider"": ""Charge@Large"", ""dc_port_count"": 1, ""latitude"": -33.8592742, ""longitude"": 151.279129, ""number_of_plugs"": 1, ""number_of_plugs_quality"": ""reported_from_dc_port_count"", ""number_of_plugs_semantics"": ""Charge@Large DC-indicated port count"", ""operator"": """", ""plug_types"": ""TYPE2"", ""power_kw_max"": 22.0, ""power_kw_min"": 22.0, ""power_kw_values"": [22.0], ""station_address"": ""7 Laguna St, Vaucluse, NSW 2030"", ""station_name"": ""Intellihub - Laguna Street, Vaucluse"", ""status_counts"": ""{\""Available\"": 1}"", ""total_port_count"": 1}",1,1,,unmatched,unmatched,,,,,{},0,0,,accepted,unmatched
712,,"78 Great Western Highway Cnr Ross Street, Glenbrook NSW 2773",Ampol,2,DC,125 kW,-33.7653881,150.6214758,Blue Mountains City Council,2773,ARENA - Driving the Nation,accepted,coordinate_and_fuzzy_address,7.915651712715152,0.9707317073170733,297042,"78 Great Western Highway, Glenbrook, NSW, 2773","{""charger_capacities"": ""150 kW"", ""connector_types_normalized"": ""CCS;CHAdeMO"", ""data_provider"": ""Open Charge Map"", ""general_comments"": ""Ampol Foodary Glenbrook"", ""is_operational"": true, ""last_verified"": ""2024-03-30T04:59:00Z"", ""latitude"": -33.765456662016454, ""longitude"": 150.62149884005026, ""number_of_plugs"": 1.0, ""number_of_plugs_quality"": ""reported_or_derived_from_connection_quantity"", ""number_of_plugs_semantics"": ""OCM NumberOfPoints or positive connection Quantity"", ""operational_status"": ""operational"", ""operator"": ""Ampol AmpCharge"", ""plug_types"": ""CCS (Type 2); CHAdeMO"", ""power_kw_max"": 150.0, ""power_kw_min"": 150.0, ""power_kw_values"": [150.0], ""station_address"": ""78 Great Western Highway, Glenbrook, NSW, 2773"", ""station_name"": ""AmpCharge Charging Station"", ""status"": ""Operational"", ""usage_cost"": """"}",1,1,,accepted,coordinate_500m,37.5801733133546,0.0,11335189892,,"{""access_condition"": ""Free Access"", ""charger_capacities"": null, ""connector_types_normalized"": ""CCS;CHAdeMO"", ""data_provider"": ""OpenStreetMap"", ""latitude"": -33.7655858630339, ""longitude"": 150.621805473834, ""number_of_plugs"": null, ""number_of_plugs_quality"": ""missing_or_suspicious"", ""number_of_plugs_raw"": null, ""number_of_plugs_semantics"": ""OSM charge_points_count; values above 100 are withheld as suspicious"", ""opening_hours"": ""24/7"", ""operator"": ""AmpCharge"", ""osm_last_updated"": ""2025-12-23"", ""plug_types"": ""CCS|CHAdeMO"", ""power_kw_max"": null, ""power_kw_min"": null, ""power_kw_values"": [], ""station_name"": """"}",1,1,,accepted,coordinate_500m,37.5801733133546,0.0,11335189892,,"{""access_condition"": ""Free Access"", ""charger_capacities"": null, ""connector_types_normalized"": ""CCS;CHAdeMO"", ""data_provider"": ""OpenStreetMap"", ""latitude"": -33.7655858630339, ""longitude"": 150.621805473834, ""number_of_plugs"": null, ""number_of_plugs_quality"": ""missing_or_suspicious"", ""number_of_plugs_raw"": null, ""number_of_plugs_semantics"": ""OSM charge_points_count; values above 100 are withheld as suspicious"", ""opening_hours"": ""24/7"", ""operator"": ""AmpCharge"", ""osm_last_updated"": ""2025-12-23"", ""plug_types"": ""CCS|CHAdeMO"", ""power_kw_max"": null, ""power_kw_min"": null, ""power_kw_values"": [], ""station_name"": """"}",1,1,,unmatched,unmatched,,,,,{},0,0,,unmatched,unmatched,,,,,{},0,0,,accepted,accepted
713,,"7-9 Irvine Place, Sydney NSW 2153",Chargefox,4,DC,125 kW,-33.73886191,150.9475235,The Hills Shire Council,2153,Existing Fast Chargers,unmatched,unmatched,,,,,{},0,0,,unmatched,unmatched,,,,,{},0,0,,unmatched,unmatched,,,,,{},0,0,,accepted,coordinate_500m,15.729183333285546,0.7979591836734695,15d06bf5-6b4a-425d-9312-bae4b17cc22b-951,"53 Irvine Pl, Bella Vista, NSW 2153","{""charger_capacities"": 22.0, ""connector_types_normalized"": ""Type2"", ""data_provider"": ""Charge@Large"", ""dc_port_count"": 1, ""latitude"": -33.7389113, ""longitude"": 150.9476829, ""number_of_plugs"": 1, ""number_of_plugs_quality"": ""reported_from_dc_port_count"", ""number_of_plugs_semantics"": ""Charge@Large DC-indicated port count"", ""operator"": """", ""plug_types"": ""TYPE2"", ""power_kw_max"": 22.0, ""power_kw_min"": 22.0, ""power_kw_values"": [22.0], ""station_address"": ""53 Irvine Pl, Bella Vista, NSW 2153"", ""station_name"": ""Amazon Commercial Services Pty Ltd - Amazon Bella Vista"", ""status_counts"": ""{\""Missing\"": 1}"", ""total_port_count"": 1}",1,1,,unmatched,unmatched,,,,,{},0,0,,accepted,unmatched
716,,"8 Euston Road, Sydney NSW 2015",Exploren,2,DC,120 kW,-33.90533738,151.1936567,"Sydney, Council of the City of",2015,Existing Fast Chargers,unmatched,unmatched,,,,,{},0,0,,accepted,coordinate_500m,13.673512887302817,0.0,13073609605,,"{""access_condition"": ""Free Access"", ""charger_capacities"": null, ""connector_types_normalized"": ""CCS"", ""data_provider"": ""OpenStreetMap"", ""latitude"": -33.9054338103515, ""longitude"": 151.193564761236, ""number_of_plugs"": 2, ""number_of_plugs_quality"": ""valid"", ""number_of_plugs_raw"": 2, ""number_of_plugs_semantics"": ""OSM charge_points_count; values above 100 are withheld as suspicious"", ""opening_hours"": """", ""operator"": ""Exploren"", ""osm_last_updated"": ""2025-08-16"", ""plug_types"": ""CCS"", ""power_kw_max"": null, ""power_kw_min"": null, ""power_kw_values"": [], ""station_name"": """"}",1,1,,accepted,coordinate_500m,13.673512887302817,0.0,13073609605,,"{""access_condition"": ""Free Access"", ""charger_capacities"": null, ""connector_types_normalized"": ""CCS"", ""data_provider"": ""OpenStreetMap"", ""latitude"": -33.9054338103515, ""longitude"": 151.193564761236, ""number_of_plugs"": 2, ""number_of_plugs_quality"": ""valid"", ""number_of_plugs_raw"": 2, ""number_of_plugs_semantics"": ""OSM charge_points_count; values above 100 are withheld as suspicious"", ""opening_hours"": """", ""operator"": ""Exploren"", ""osm_last_updated"": ""2025-08-16"", ""plug_types"": ""CCS"", ""power_kw_max"": null, ""power_kw_min"": null, ""power_kw_values"": [], ""station_name"": """"}",1,1,,accepted,coordinate_and_fuzzy_address,0.11930724112488211,0.9155555555555556,15d06bf5-6b4a-425d-9312-bae4b17cc22b-1863,"8 Euston Rd, Alexandria, NSW 2015","{""charger_capacities"": 120.0, ""connector_types_normalized"": ""CCS"", ""data_provider"": ""Charge@Large"", ""dc_port_count"": 2, ""latitude"": -33.9053367, ""longitude"": 151.1936557, ""number_of_plugs"": 2, ""number_of_plugs_quality"": ""reported_from_dc_port_count"", ""number_of_plugs_semantics"": ""Charge@Large DC-indicated port count"", ""operator"": """", ""plug_types"": ""CCS2"", ""power_kw_max"": 120.0, ""power_kw_min"": 120.0, ""power_kw_values"": [120.0], ""station_address"": ""8 Euston Rd, Alexandria, NSW 2015"", ""station_name"": ""Bunnings Alexandria"", ""status_counts"": ""{\""Available\"": 2}"", ""total_port_count"": 2}",2,2,490.27612782991105,accepted,coordinate_and_fuzzy_address,0.11930724112488211,0.9155555555555556,15d06bf5-6b4a-425d-9312-bae4b17cc22b-1863,"8 Euston Rd, Alexandria, NSW 2015","{""charger_capacities"": 120.0, ""connector_types_normalized"": ""CCS"", ""data_provider"": ""Charge@Large"", ""dc_port_count"": 2, ""latitude"": -33.9053367, ""longitude"": 151.1936557, ""number_of_plugs"": 2, ""number_of_plugs_quality"": ""reported_from_dc_port_count"", ""number_of_plugs_semantics"": ""Charge@Large DC-indicated port count"", ""operator"": """", ""plug_types"": ""CCS2"", ""power_kw_max"": 120.0, ""power_kw_min"": 120.0, ""power_kw_values"": [120.0], ""station_address"": ""8 Euston Rd, Alexandria, NSW 2015"", ""station_name"": ""Bunnings Alexandria"", ""status_counts"": ""{\""Available\"": 2}"", ""total_port_count"": 2}",1,1,,accepted,accepted
717,,"8 Federation Road, Sydney NSW 2050",Exploren,2,DC,50 kW,-33.89360765,151.1783463,Inner West Council,2050,Existing Fast Chargers,unmatched,unmatched,,,,,{},0,0,,unmatched,unmatched,,,,,{},0,0,,unmatched,unmatched,,,,,{},0,0,,accepted,coordinate_and_fuzzy_address,0.06388252060370135,0.9440000000000001,15d06bf5-6b4a-425d-9312-bae4b17cc22b-1742,"8 Federation Rd, Newtown, NSW 2050","{""charger_capacities"": 47.0, ""connector_types_normalized"": ""CCS"", ""data_provider"": ""Charge@Large"", ""dc_port_count"": 2, ""latitude"": -33.8936071, ""longitude"": 151.1783461, ""number_of_plugs"": 2, ""number_of_plugs_quality"": ""reported_from_dc_port_count"", ""number_of_plugs_semantics"": ""Charge@Large DC-indicated port count"", ""operator"": """", ""plug_types"": ""CCS2"", ""power_kw_max"": 47.0, ""power_kw_min"": 47.0, ""power_kw_values"": [47.0], ""station_address"": ""8 Federation Rd, Newtown, NSW 2050"", ""station_name"": ""8 Federation Rd, Newtown"", ""status_counts"": ""{\""Available\"": 2}"", ""total_port_count"": 2}",5,5,122.52590307919988,accepted,coordinate_and_fuzzy_address,0.06388252060370135,0.9440000000000001,15d06bf5-6b4a-425d-9312-bae4b17cc22b-1742,"8 Federation Rd, Newtown, NSW 2050","{""charger_capacities"": 47.0, ""connector_types_normalized"": ""CCS"", ""data_provider"": ""Charge@Large"", ""dc_port_count"": 2, ""latitude"": -33.8936071, ""longitude"": 151.1783461, ""number_of_plugs"": 2, ""number_of_plugs_quality"": ""reported_from_dc_port_count"", ""number_of_plugs_semantics"": ""Charge@Large DC-indicated port count"", ""operator"": """", ""plug_types"": ""CCS2"", ""power_kw_max"": 47.0, ""power_kw_min"": 47.0, ""power_kw_values"": [47.0], ""station_address"": ""8 Federation Rd, Newtown, NSW 2050"", ""station_name"": ""8 Federation Rd, Newtown"", ""status_counts"": ""{\""Available\"": 2}"", ""total_port_count"": 2}",1,1,,accepted,accepted
720,,"8 Kosciuszko Road, Jindabyne NSW 2627",BP,4,DC,75 kW,-36.4147548,148.6177838,Snowy Monaro Regional Council,2627,Existing Fast Chargers,accepted,coordinate_500m,219.41352219599796,0.3904377880184332,190861,"3 Snowy River Ave, Jindabyne, NSW, 2627","{""charger_capacities"": ""50 kW"", ""connector_types_normalized"": ""CCS;CHAdeMO"", ""data_provider"": ""Open Charge Map"", ""general_comments"": """", ""is_operational"": true, ""last_verified"": ""2026-07-15T01:28:00Z"", ""latitude"": -36.41589877494651, ""longitude"": 148.61978170531108, ""number_of_plugs"": 2.0, ""number_of_plugs_quality"": ""reported_or_derived_from_connection_quantity"", ""number_of_plugs_semantics"": ""OCM NumberOfPoints or positive connection Quantity"", ""operational_status"": ""operational"", ""operator"": ""NRMA"", ""plug_types"": ""CCS (Type 2); CHAdeMO"", ""power_kw_max"": 50.0, ""power_kw_min"": 50.0, ""power_kw_values"": [50.0], ""station_address"": ""3 Snowy River Ave, Jindabyne, NSW, 2627"", ""station_name"": ""Snowy River Ave Car Park"", ""status"": ""Operational"", ""usage_cost"": ""$0.64/kWh""}",1,1,,accepted,coordinate_500m,15.614648190891167,0.0,12398804433,,"{""access_condition"": ""Restricted Access"", ""charger_capacities"": null, ""connector_types_normalized"": ""CCS;CHAdeMO"", ""data_provider"": ""OpenStreetMap"", ""latitude"": -36.4146517437631, ""longitude"": 148.61766526768, ""number_of_plugs"": null, ""number_of_plugs_quality"": ""missing_or_suspicious"", ""number_of_plugs_raw"": null, ""number_of_plugs_semantics"": ""OSM charge_points_count; values above 100 are withheld as suspicious"", ""opening_hours"": """", ""operator"": ""bp pulse"", ""osm_last_updated"": ""2026-08-19"", ""plug_types"": ""CCS|CHAdeMO"", ""power_kw_max"": null, ""power_kw_min"": null, ""power_kw_values"": [], ""station_name"": """"}",4,4,2.3938446233808506,accepted,coordinate_500m,15.614648190891167,0.0,12398804433,,"{""access_condition"": ""Restricted Access"", ""charger_capacities"": null, ""connector_types_normalized"": ""CCS;CHAdeMO"", ""data_provider"": ""OpenStreetMap"", ""latitude"": -36.4146517437631, ""longitude"": 148.61766526768, ""number_of_plugs"": null, ""number_of_plugs_quality"": ""missing_or_suspicious"", ""number_of_plugs_raw"": null, ""number_of_plugs_semantics"": ""OSM charge_points_count; values above 100 are withheld as suspicious"", ""opening_hours"": """", ""operator"": ""bp pulse"", ""osm_last_updated"": ""2026-08-19"", ""plug_types"": ""CCS|CHAdeMO"", ""power_kw_max"": null, ""power_kw_min"": null, ""power_kw_values"": [], ""station_name"": """"}",3,3,2.3938446233808506,unmatched,unmatched,,,,,{},0,0,,unmatched,unmatched,,,,,{},0,0,,accepted,accepted
725,,"8/24 Cross Street, Wagga Wagga NSW 2650",NRMA Electric,2,DC,50 kW,-31.7223908,148.6571378,Wagga Wagga City Council,2827,TfNSW Regional,unmatched,unmatched,,,,,{},0,0,,accepted,coordinate_500m,152.66050167103958,0.0,1513958639,,"{""access_condition"": ""Free Access"", ""charger_capacities"": null, ""connector_types_normalized"": ""CCS;CHAdeMO"", ""data_provider"": ""OpenStreetMap"", ""latitude"": -31.7210638860231, ""longitude"": 148.656723522762, ""number_of_plugs"": 2, ""number_of_plugs_quality"": ""valid"", ""number_of_plugs_raw"": 2, ""number_of_plugs_semantics"": ""OSM charge_points_count; values above 100 are withheld as suspicious"", ""opening_hours"": """", ""operator"": ""NRMA"", ""osm_last_updated"": ""2026-05-15"", ""plug_types"": ""CCS|CHAdeMO"", ""power_kw_max"": null, ""power_kw_min"": null, ""power_kw_values"": [], ""station_name"": """"}",1,1,,accepted,coordinate_500m,152.66050167103958,0.0,1513958639,,"{""access_condition"": ""Free Access"", ""charger_capacities"": null, ""connector_types_normalized"": ""CCS;CHAdeMO"", ""data_provider"": ""OpenStreetMap"", ""latitude"": -31.7210638860231, ""longitude"": 148.656723522762, ""number_of_plugs"": 2, ""number_of_plugs_quality"": ""valid"", ""number_of_plugs_raw"": 2, ""number_of_plugs_semantics"": ""OSM charge_points_count; values above 100 are withheld as suspicious"", ""opening_hours"": """", ""operator"": ""NRMA"", ""osm_last_updated"": ""2026-05-15"", ""plug_types"": ""CCS|CHAdeMO"", ""power_kw_max"": null, ""power_kw_min"": null, ""power_kw_values"": [], ""station_name"": """"}",1,1,,unmatched,unmatched,,,,,{},0,0,,unmatched,unmatched,,,,,{},0,0,,accepted,accepted
726,,"80 Little Barber Street, Gunnedah NSW 2380",NRMA Electric,2,DC,50 kW,-30.97803908,150.2508509,Gunnedah Shire Council,2380,Existing Fast Chargers,accepted,coordinate_500m,50.72985493558547,0.8476190476190477,274452,"Kepreotes Carpark, 73 Little Barber Street, Gunnedah, NSW, 2380","{""charger_capacities"": ""50 kW"", ""connector_types_normalized"": ""CCS;CHAdeMO"", ""data_provider"": ""Open Charge Map"", ""general_comments"": ""CCS2 and Chademo connectors share a common charger"", ""is_operational"": true, ""last_verified"": ""2023-09-18T01:27:00Z"", ""latitude"": -30.978295982227706, ""longitude"": 150.25129064038157, ""number_of_plugs"": 1.0, ""number_of_plugs_quality"": ""reported_or_derived_from_connection_quantity"", ""number_of_plugs_semantics"": ""OCM NumberOfPoints or positive connection Quantity"", ""operational_status"": ""operational"", ""operator"": ""(Unknown Operator)"", ""plug_types"": ""CCS (Type 2); CHAdeMO"", ""power_kw_max"": 50.0, ""power_kw_min"": 50.0, ""power_kw_values"": [50.0], ""station_address"": ""Kepreotes Carpark, 73 Little Barber Street, Gunnedah, NSW, 2380"", ""station_name"": ""NRMA Fast Charger Gunnedah"", ""status"": ""Operational"", ""usage_cost"": ""$0, but payment will be required Oct-Dec 2023""}",1,1,,accepted,coordinate_500m,120.97665479838132,0.0,6839163294,,"{""access_condition"": ""Free Access"", ""charger_capacities"": null, ""connector_types_normalized"": """", ""data_provider"": ""OpenStreetMap"", ""latitude"": -30.978633567968, ""longitude"": 150.251913679348, ""number_of_plugs"": null, ""number_of_plugs_quality"": ""missing_or_suspicious"", ""number_of_plugs_raw"": null, ""number_of_plugs_semantics"": ""OSM charge_points_count; values above 100 are withheld as suspicious"", ""opening_hours"": """", ""operator"": ""NRMA"", ""osm_last_updated"": ""2022-12-15"", ""plug_types"": """", ""power_kw_max"": null, ""power_kw_min"": null, ""power_kw_values"": [], ""station_name"": """"}",1,1,,unmatched,unmatched,,,,,{},0,0,,accepted,coordinate_500m,214.74569321694955,0.42832167832167833,15d06bf5-6b4a-425d-9312-bae4b17cc22b-1734,"83 Chandos St, Gunnedah, NSW 2380","{""charger_capacities"": 22.0, ""connector_types_normalized"": ""Type2"", ""data_provider"": ""Charge@Large"", ""dc_port_count"": 4, ""latitude"": -30.9761991, ""longitude"": 150.2515352, ""number_of_plugs"": 4, ""number_of_plugs_quality"": ""reported_from_dc_port_count"", ""number_of_plugs_semantics"": ""Charge@Large DC-indicated port count"", ""operator"": """", ""plug_types"": ""TYPE2"", ""power_kw_max"": 22.0, ""power_kw_min"": 22.0, ""power_kw_values"": [22.0], ""station_address"": ""83 Chandos St, Gunnedah, NSW 2380"", ""station_name"": ""Civic Gunnedah"", ""status_counts"": ""{\""Available\"": 4}"", ""total_port_count"": 4}",1,1,,unmatched,unmatched,,,,,{},0,0,,accepted,accepted
728,,"81 Hickory Street, Dorrigo NSW 2453",NRMA Electric,4,DC,75 kW,-30.9529988,148.3875852,Bellingen Shire Council,2829,TfNSW Regional,unmatched,unmatched,,,,,{},0,0,,accepted,coordinate_500m,34.32318789615138,0.0,9278715200,,"{""access_condition"": ""Free Access"", ""charger_capacities"": null, ""connector_types_normalized"": """", ""data_provider"": ""OpenStreetMap"", ""latitude"": -30.9527945074169, ""longitude"": 148.387855024154, ""number_of_plugs"": null, ""number_of_plugs_quality"": ""missing_or_suspicious"", ""number_of_plugs_raw"": null, ""number_of_plugs_semantics"": ""OSM charge_points_count; values above 100 are withheld as suspicious"", ""opening_hours"": """", ""operator"": ""NRMA"", ""osm_last_updated"": ""2021-11-23"", ""plug_types"": """", ""power_kw_max"": null, ""power_kw_min"": null, ""power_kw_values"": [], ""station_name"": """"}",1,1,,unmatched,unmatched,,,,,{},0,0,,unmatched,unmatched,,,,,{},0,0,,unmatched,unmatched,,,,,{},0,0,,accepted,unmatched
729,,"81 Meehan Street, Yass NSW 2582",NRMA Electric,2,DC,50 kW,-34.428348,150.9001506,Yass Valley Council,2500,TfNSW Regional,accepted,coordinate_500m,8.32453840703528,0.525748194014448,191177,"17 Stewart Street, Wollongong, NSW, 2500","{""charger_capacities"": ""150 kW; 50 kW; 75 kW"", ""connector_types_normalized"": ""CCS;CHAdeMO"", ""data_provider"": ""Open Charge Map"", ""general_comments"": """", ""is_operational"": true, ""last_verified"": ""2023-02-20T17:51:00Z"", ""latitude"": -34.42839437417402, ""longitude"": 150.9002218527666, ""number_of_plugs"": 2.0, ""number_of_plugs_quality"": ""reported_or_derived_from_connection_quantity"", ""number_of_plugs_semantics"": ""OCM NumberOfPoints or positive connection Quantity"", ""operational_status"": ""operational"", ""operator"": ""NRMA"", ""plug_types"": ""CCS (Type 2); CHAdeMO"", ""power_kw_max"": 150.0, ""power_kw_min"": 50.0, ""power_kw_values"": [50.0, 75.0, 150.0], ""station_address"": ""17 Stewart Street, Wollongong, NSW, 2500"", ""station_name"": ""Stewart Street Carpark [NRMA]"", ""status"": ""Operational"", ""usage_cost"": ""FREE""}",2,1,,unmatched,unmatched,,,,,{},0,0,,unmatched,unmatched,,,,,{},0,0,,accepted,coordinate_500m,168.19715850267724,0.4424485125858124,15d06bf5-6b4a-425d-9312-bae4b17cc22b-905,"41 Burelli St, Wollongong, NSW 2500","{""charger_capacities"": 22.0, ""connector_types_normalized"": ""Type2"", ""data_provider"": ""Charge@Large"", ""dc_port_count"": 3, ""latitude"": -34.4274805, ""longitude"": 150.8986483, ""number_of_plugs"": 3, ""number_of_plugs_quality"": ""reported_from_dc_port_count"", ""number_of_plugs_semantics"": ""Charge@Large DC-indicated port count"", ""operator"": """", ""plug_types"": ""TYPE2"", ""power_kw_max"": 22.0, ""power_kw_min"": 22.0, ""power_kw_values"": [22.0], ""station_address"": ""41 Burelli St, Wollongong, NSW 2500"", ""station_name"": ""Wollongong Council - Administration Building"", ""status_counts"": ""{\""Missing\"": 3}"", ""total_port_count"": 3}",2,2,266.0615768219027,unmatched,unmatched,,,,,{},0,0,,accepted,accepted
733,,"819-827 Anzac Parade, Sydney NSW 2035",JOLT,2,DC,25 kW,-33.94349854,151.2397227,Randwick City Council,2035,Existing Fast Chargers,unmatched,unmatched,,,,,{},0,0,,accepted,coordinate_500m,7.840324744055857,0.0,9290676154,,"{""access_condition"": ""Free Access"", ""charger_capacities"": null, ""connector_types_normalized"": ""CCS;CHAdeMO"", ""data_provider"": ""OpenStreetMap"", ""latitude"": -33.9435652671826, ""longitude"": 151.239695235904, ""number_of_plugs"": null, ""number_of_plugs_quality"": ""missing_or_suspicious"", ""number_of_plugs_raw"": null, ""number_of_plugs_semantics"": ""OSM charge_points_count; values above 100 are withheld as suspicious"", ""opening_hours"": """", ""operator"": ""Jolt"", ""osm_last_updated"": ""2025-10-10"", ""plug_types"": ""CCS|CHAdeMO"", ""power_kw_max"": null, ""power_kw_min"": null, ""power_kw_values"": [], ""station_name"": """"}",2,2,44.75312935142131,accepted,coordinate_500m,7.840324744055857,0.0,9290676154,,"{""access_condition"": ""Free Access"", ""charger_capacities"": null, ""connector_types_normalized"": ""CCS;CHAdeMO"", ""data_provider"": ""OpenStreetMap"", ""latitude"": -33.9435652671826, ""longitude"": 151.239695235904, ""number_of_plugs"": null, ""number_of_plugs_quality"": ""missing_or_suspicious"", ""number_of_plugs_raw"": null, ""number_of_plugs_semantics"": ""OSM charge_points_count; values above 100 are withheld as suspicious"", ""opening_hours"": """", ""operator"": ""Jolt"", ""osm_last_updated"": ""2025-10-10"", ""plug_types"": ""CCS|CHAdeMO"", ""power_kw_max"": null, ""power_kw_min"": null, ""power_kw_values"": [], ""station_name"": """"}",2,2,44.75312935142131,accepted,coordinate_500m,208.55588440443594,0.25470588235294117,baaffa39-0adb-422e-a7bf-4b391d232b5d-122,"5-17 Robey St, Maroubra, Maroubra, NSW 2035","{""charger_capacities"": 22.0, ""connector_types_normalized"": ""Type2"", ""data_provider"": ""Charge@Large"", ""dc_port_count"": 1, ""latitude"": -33.942371, ""longitude"": 151.237916, ""number_of_plugs"": 1, ""number_of_plugs_quality"": ""reported_from_dc_port_count"", ""number_of_plugs_semantics"": ""Charge@Large DC-indicated port count"", ""operator"": """", ""plug_types"": ""TYPE2"", ""power_kw_max"": 22.0, ""power_kw_min"": 22.0, ""power_kw_values"": [22.0], ""station_address"": ""5-17 Robey St, Maroubra, Maroubra, NSW 2035"", ""station_name"": ""5-17 Robey St Maroubra NSW 2035"", ""status_counts"": ""{\""Available\"": 1}"", ""total_port_count"": 1}",2,2,119.10215885333125,unmatched,unmatched,,,,,{},0,0,,accepted,accepted
734,,"82 Marsh Street, Armidale NSW 2350",NRMA Electric,2,DC,50 kW,-34.4476103,147.5348555,Armidale Regional Council,2666,TfNSW Regional,accepted,coordinate_500m,180.96852803711062,0.3926666666666667,190668,"Little Hoskins Street, Temora, New South Wales, 2666","{""charger_capacities"": ""50 kW"", ""connector_types_normalized"": ""CCS"", ""data_provider"": ""Open Charge Map"", ""general_comments"": """", ""is_operational"": true, ""last_verified"": ""2026-07-15T02:08:00Z"", ""latitude"": -34.44602848720433, ""longitude"": 147.534391219815, ""number_of_plugs"": 2.0, ""number_of_plugs_quality"": ""reported_or_derived_from_connection_quantity"", ""number_of_plugs_semantics"": ""OCM NumberOfPoints or positive connection Quantity"", ""operational_status"": ""operational"", ""operator"": ""NRMA"", ""plug_types"": ""CCS (Type 2)"", ""power_kw_max"": 50.0, ""power_kw_min"": 50.0, ""power_kw_values"": [50.0], ""station_address"": ""Little Hoskins Street, Temora, New South Wales, 2666"", ""station_name"": ""Temora Council Chambers"", ""status"": ""Operational"", ""usage_cost"": ""$0.74/kWh""}",2,1,,accepted,coordinate_500m,149.7793953691669,0.0,10772401236,,"{""access_condition"": ""Free Access"", ""charger_capacities"": null, ""connector_types_normalized"": ""CCS"", ""data_provider"": ""OpenStreetMap"", ""latitude"": -34.4463073771213, ""longitude"": 147.534441075163, ""number_of_plugs"": 2, ""number_of_plugs_quality"": ""valid"", ""number_of_plugs_raw"": 2, ""number_of_plugs_semantics"": ""OSM charge_points_count; values above 100 are withheld as suspicious"", ""opening_hours"": """", ""operator"": ""NRMA"", ""osm_last_updated"": ""2026-06-11"", ""plug_types"": ""CCS"", ""power_kw_max"": null, ""power_kw_min"": null, ""power_kw_values"": [], ""station_name"": """"}",1,1,,accepted,coordinate_500m,149.7793953691669,0.0,10772401236,,"{""access_condition"": ""Free Access"", ""charger_capacities"": null, ""connector_types_normalized"": ""CCS"", ""data_provider"": ""OpenStreetMap"", ""latitude"": -34.4463073771213, ""longitude"": 147.534441075163, ""number_of_plugs"": 2, ""number_of_plugs_quality"": ""valid"", ""number_of_plugs_raw"": 2, ""number_of_plugs_semantics"": ""OSM charge_points_count; values above 100 are withheld as suspicious"", ""opening_hours"": """", ""operator"": ""NRMA"", ""osm_last_updated"": ""2026-06-11"", ""plug_types"": ""CCS"", ""power_kw_max"": null, ""power_kw_min"": null, ""power_kw_values"": [], ""station_name"": """"}",1,1,,accepted,coordinate_500m,198.78776462811504,0.473109243697479,ac6d79e9-3d3d-4a6b-a3b2-99a06fe51e25-232,"91 Loftus Street, Temora NSW, Australia, 2666, Temora, NSW 2666","{""charger_capacities"": 22.0, ""connector_types_normalized"": ""Type2"", ""data_provider"": ""Charge@Large"", ""dc_port_count"": 2, ""latitude"": -34.44703, ""longitude"": 147.532805, ""number_of_plugs"": 2, ""number_of_plugs_quality"": ""reported_from_dc_port_count"", ""number_of_plugs_semantics"": ""Charge@Large DC-indicated port count"", ""operator"": """", ""plug_types"": ""TYPE2"", ""power_kw_max"": 22.0, ""power_kw_min"": 22.0, ""power_kw_values"": [22.0], ""station_address"": ""91 Loftus Street, Temora NSW, Australia, 2666, Temora, NSW 2666"", ""station_name"": ""91 Loftus St-Temora"", ""status_counts"": ""{\""Available\"": 2}"", ""total_port_count"": 2}",1,1,,unmatched,unmatched,,,,,{},0,0,,accepted,accepted
735,,"82A O'Connell Street, Sydney NSW 2747",Evie Networks,2,DC,50 kW,-33.76927632,150.7354595,Penrith City Council,2747,Existing Fast Chargers,accepted,coordinate_500m,51.295228915895905,0.7933962264150943,191163,"82a O’Connell Street, Kinswoid, NSW","{""charger_capacities"": ""50 kW; 22 kW"", ""connector_types_normalized"": ""CCS;CHAdeMO;Type2"", ""data_provider"": ""Open Charge Map"", ""general_comments"": """", ""is_operational"": true, ""last_verified"": ""2023-07-15T13:55:00Z"", ""latitude"": -33.76884540471722, ""longitude"": 150.73565759781445, ""number_of_plugs"": 2.0, ""number_of_plugs_quality"": ""reported_or_derived_from_connection_quantity"", ""number_of_plugs_semantics"": ""OCM NumberOfPoints or positive connection Quantity"", ""operational_status"": ""operational"", ""operator"": ""Evie"", ""plug_types"": ""CCS (Type 2); CHAdeMO; Type 2 (Socket Only)"", ""power_kw_max"": 50.0, ""power_kw_min"": 22.0, ""power_kw_values"": [22.0, 50.0], ""station_address"": ""82a O’Connell Street, Kinswoid, NSW"", ""station_name"": ""Evie Caddens Corner, Kingswood. "", ""status"": ""Operational"", ""usage_cost"": ""DC $0.40/kWh AC $0.35/kWh""}",1,1,,accepted,coordinate_500m,21.655764083536045,0.0,8148294052,,"{""access_condition"": ""Free Access"", ""charger_capacities"": null, ""connector_types_normalized"": """", ""data_provider"": ""OpenStreetMap"", ""latitude"": -33.7693688673933, ""longitude"": 150.735253359821, ""number_of_plugs"": null, ""number_of_plugs_quality"": ""missing_or_suspicious"", ""number_of_plugs_raw"": null, ""number_of_plugs_semantics"": ""OSM charge_points_count; values above 100 are withheld as suspicious"", ""opening_hours"": """", ""operator"": """", ""osm_last_updated"": ""2020-11-21"", ""plug_types"": """", ""power_kw_max"": null, ""power_kw_min"": null, ""power_kw_values"": [], ""station_name"": """"}",1,1,,unmatched,unmatched,,,,,{},0,0,,unmatched,unmatched,,,,,{},0,0,,unmatched,unmatched,,,,,{},0,0,,accepted,accepted
738,,"85/91 Commissioner Street, Cooma NSW 2630",Tesla,8,DC,150 kW,-36.23552257,149.1267948,Snowy Monaro Regional Council,2630,Existing Fast Chargers,accepted,coordinate_and_fuzzy_address,0.09573618967782042,0.89375,90199,"85-91 Commissioner Street, Cooma, NSW 2630","{""charger_capacities"": ""120 kW"", ""connector_types_normalized"": ""CCS"", ""data_provider"": ""Open Charge Map"", ""general_comments"": ""Charging4 Superchargers, available 24/7"", ""is_operational"": true, ""last_verified"": ""2019-03-22T18:03:00Z"", ""latitude"": -36.235522, ""longitude"": 149.126794, ""number_of_plugs"": 4.0, ""number_of_plugs_quality"": ""reported_or_derived_from_connection_quantity"", ""number_of_plugs_semantics"": ""OCM NumberOfPoints or positive connection Quantity"", ""operational_status"": ""operational"", ""operator"": ""Tesla (Tesla-only charging)"", ""plug_types"": ""CCS (Type 2)"", ""power_kw_max"": 120.0, ""power_kw_min"": 120.0, ""power_kw_values"": [120.0], ""station_address"": ""85-91 Commissioner Street, Cooma, NSW 2630"", ""station_name"": ""Cooma Supercharger"", ""status"": ""Operational"", ""usage_cost"": ""AUD 0.42/kWh;other tariffs for older cars""}",1,1,,accepted,coordinate_500m,0.7416122079161843,0.0,6979040237,,"{""access_condition"": ""Free Access"", ""charger_capacities"": null, ""connector_types_normalized"": """", ""data_provider"": ""OpenStreetMap"", ""latitude"": -36.235527706917, ""longitude"": 149.126789526333, ""number_of_plugs"": 4, ""number_of_plugs_quality"": ""valid"", ""number_of_plugs_raw"": 4, ""number_of_plugs_semantics"": ""OSM charge_points_count; values above 100 are withheld as suspicious"", ""opening_hours"": ""24/7"", ""operator"": ""Tesla"", ""osm_last_updated"": ""2026-03-29"", ""plug_types"": """", ""power_kw_max"": null, ""power_kw_min"": null, ""power_kw_values"": [], ""station_name"": ""Tesla Supercharger""}",1,1,,unmatched,unmatched,,,,,{},0,0,,unmatched,unmatched,,,,,{},0,0,,unmatched,unmatched,,,,,{},0,0,,accepted,accepted
744,,"87 Winbourne Road, Sydney NSW 2100",JOLT,2,DC,25 kW,-33.76207512,151.2724464,Northern Beaches Council,2100,Existing Fast Chargers,unmatched,unmatched,,,,,{},0,0,,accepted,coordinate_500m,9.305075248122394,0.0,10750707216,,"{""access_condition"": ""Free Access"", ""charger_capacities"": null, ""connector_types_normalized"": """", ""data_provider"": ""OpenStreetMap"", ""latitude"": -33.7620961414667, ""longitude"": 151.272543830622, ""number_of_plugs"": 1, ""number_of_plugs_quality"": ""valid"", ""number_of_plugs_raw"": 1, ""number_of_plugs_semantics"": ""OSM charge_points_count; values above 100 are withheld as suspicious"", ""opening_hours"": """", ""operator"": ""Jolt"", ""osm_last_updated"": ""2023-09-25"", ""plug_types"": """", ""power_kw_max"": null, ""power_kw_min"": null, ""power_kw_values"": [], ""station_name"": """"}",1,1,,unmatched,unmatched,,,,,{},0,0,,unmatched,unmatched,,,,,{},0,0,,unmatched,unmatched,,,,,{},0,0,,accepted,unmatched
745,,"872 Anzac Parade, Sydney NSW 2035",Evie Networks,2,DC,75 kW,-33.94314819,151.2396466,Randwick City Council,2035,Existing Fast Chargers,unmatched,unmatched,,,,,{},0,0,,accepted,coordinate_500m,14.03721535211583,0.0,13206154678,,"{""access_condition"": ""Free Access"", ""charger_capacities"": null, ""connector_types_normalized"": ""CCS"", ""data_provider"": ""OpenStreetMap"", ""latitude"": -33.943045840643, ""longitude"": 151.239557521235, ""number_of_plugs"": 2, ""number_of_plugs_quality"": ""valid"", ""number_of_plugs_raw"": 2, ""number_of_plugs_semantics"": ""OSM charge_points_count; values above 100 are withheld as suspicious"", ""opening_hours"": """", ""operator"": ""Evie Networks"", ""osm_last_updated"": ""2025-10-10"", ""plug_types"": ""CCS"", ""power_kw_max"": null, ""power_kw_min"": null, ""power_kw_values"": [], ""station_name"": """"}",2,2,32.55615590624195,accepted,coordinate_500m,14.03721535211583,0.0,13206154678,,"{""access_condition"": ""Free Access"", ""charger_capacities"": null, ""connector_types_normalized"": ""CCS"", ""data_provider"": ""OpenStreetMap"", ""latitude"": -33.943045840643, ""longitude"": 151.239557521235, ""number_of_plugs"": 2, ""number_of_plugs_quality"": ""valid"", ""number_of_plugs_raw"": 2, ""number_of_plugs_semantics"": ""OSM charge_points_count; values above 100 are withheld as suspicious"", ""opening_hours"": """", ""operator"": ""Evie Networks"", ""osm_last_updated"": ""2025-10-10"", ""plug_types"": ""CCS"", ""power_kw_max"": null, ""power_kw_min"": null, ""power_kw_values"": [], ""station_name"": """"}",2,2,32.55615590624195,accepted,coordinate_500m,181.53246969221217,0.2504201680672269,baaffa39-0adb-422e-a7bf-4b391d232b5d-122,"5-17 Robey St, Maroubra, Maroubra, NSW 2035","{""charger_capacities"": 22.0, ""connector_types_normalized"": ""Type2"", ""data_provider"": ""Charge@Large"", ""dc_port_count"": 1, ""latitude"": -33.942371, ""longitude"": 151.237916, ""number_of_plugs"": 1, ""number_of_plugs_quality"": ""reported_from_dc_port_count"", ""number_of_plugs_semantics"": ""Charge@Large DC-indicated port count"", ""operator"": """", ""plug_types"": ""TYPE2"", ""power_kw_max"": 22.0, ""power_kw_min"": 22.0, ""power_kw_values"": [22.0], ""station_address"": ""5-17 Robey St, Maroubra, Maroubra, NSW 2035"", ""station_name"": ""5-17 Robey St Maroubra NSW 2035"", ""status_counts"": ""{\""Available\"": 1}"", ""total_port_count"": 1}",2,2,137.76032308528337,unmatched,unmatched,,,,,{},0,0,,accepted,accepted
746,,"875 Richmond Road, Marsden Park NSW 2765",Ampol,2,DC,125 kW,-33.716109,150.8453094,Blacktown City Council,2765,ARENA - Driving the Nation,unmatched,unmatched,,,,,{},0,0,,accepted,coordinate_500m,47.959121828767856,0.0,11440214108,,"{""access_condition"": ""Free Access"", ""charger_capacities"": null, ""connector_types_normalized"": ""CCS;CHAdeMO"", ""data_provider"": ""OpenStreetMap"", ""latitude"": -33.7161538405252, ""longitude"": 150.844793686367, ""number_of_plugs"": 2, ""number_of_plugs_quality"": ""valid"", ""number_of_plugs_raw"": 2, ""number_of_plugs_semantics"": ""OSM charge_points_count; values above 100 are withheld as suspicious"", ""opening_hours"": """", ""operator"": ""AmpCharge"", ""osm_last_updated"": ""2026-03-11"", ""plug_types"": ""CCS|CHAdeMO"", ""power_kw_max"": null, ""power_kw_min"": null, ""power_kw_values"": [], ""station_name"": """"}",3,3,356.2361294512425,accepted,coordinate_500m,47.959121828767856,0.0,11440214108,,"{""access_condition"": ""Free Access"", ""charger_capacities"": null, ""connector_types_normalized"": ""CCS;CHAdeMO"", ""data_provider"": ""OpenStreetMap"", ""latitude"": -33.7161538405252, ""longitude"": 150.844793686367, ""number_of_plugs"": 2, ""number_of_plugs_quality"": ""valid"", ""number_of_plugs_raw"": 2, ""number_of_plugs_semantics"": ""OSM charge_points_count; values above 100 are withheld as suspicious"", ""opening_hours"": """", ""operator"": ""AmpCharge"", ""osm_last_updated"": ""2026-03-11"", ""plug_types"": ""CCS|CHAdeMO"", ""power_kw_max"": null, ""power_kw_min"": null, ""power_kw_values"": [], ""station_name"": """"}",2,2,356.2361294512425,unmatched,unmatched,,,,,{},0,0,,unmatched,unmatched,,,,,{},0,0,,accepted,accepted
747,,"87-91 Roberts Road Cnr Moondo Street, Greenacre NSW 2190",Ampol,2,DC,125 kW,-33.9047231,151.0645884,Strathfield Municipal Council,2190,ARENA - Driving the Nation,unmatched,unmatched,,,,,{},0,0,,accepted,coordinate_500m,2.971334725930099,0.0,11079299253,,"{""access_condition"": ""Free Access"", ""charger_capacities"": null, ""connector_types_normalized"": """", ""data_provider"": ""OpenStreetMap"", ""latitude"": -33.9047467457484, ""longitude"": 151.064603397399, ""number_of_plugs"": 2, ""number_of_plugs_quality"": ""valid"", ""number_of_plugs_raw"": 2, ""number_of_plugs_semantics"": ""OSM charge_points_count; values above 100 are withheld as suspicious"", ""opening_hours"": """", ""operator"": ""AmpCharge"", ""osm_last_updated"": ""2023-07-31"", ""plug_types"": """", ""power_kw_max"": null, ""power_kw_min"": null, ""power_kw_values"": [], ""station_name"": """"}",1,1,,unmatched,unmatched,,,,,{},0,0,,accepted,coordinate_500m,311.20001899336705,0.8294117647058824,15d06bf5-6b4a-425d-9312-bae4b17cc22b-1862,"67 Roberts Rd, Greenacre, NSW 2190","{""charger_capacities"": 120.0, ""connector_types_normalized"": ""CCS"", ""data_provider"": ""Charge@Large"", ""dc_port_count"": 2, ""latitude"": -33.9020478, ""longitude"": 151.0655786, ""number_of_plugs"": 2, ""number_of_plugs_quality"": ""reported_from_dc_port_count"", ""number_of_plugs_semantics"": ""Charge@Large DC-indicated port count"", ""operator"": """", ""plug_types"": ""CCS2"", ""power_kw_max"": 120.0, ""power_kw_min"": 120.0, ""power_kw_values"": [120.0], ""station_address"": ""67 Roberts Rd, Greenacre, NSW 2190"", ""station_name"": ""Bunnings Greenacre"", ""status_counts"": ""{\""Available\"": 2}"", ""total_port_count"": 2}",1,1,,accepted,coordinate_500m,311.20001899336705,0.8294117647058824,15d06bf5-6b4a-425d-9312-bae4b17cc22b-1862,"67 Roberts Rd, Greenacre, NSW 2190","{""charger_capacities"": 120.0, ""connector_types_normalized"": ""CCS"", ""data_provider"": ""Charge@Large"", ""dc_port_count"": 2, ""latitude"": -33.9020478, ""longitude"": 151.0655786, ""number_of_plugs"": 2, ""number_of_plugs_quality"": ""reported_from_dc_port_count"", ""number_of_plugs_semantics"": ""Charge@Large DC-indicated port count"", ""operator"": """", ""plug_types"": ""CCS2"", ""power_kw_max"": 120.0, ""power_kw_min"": 120.0, ""power_kw_values"": [120.0], ""station_address"": ""67 Roberts Rd, Greenacre, NSW 2190"", ""station_name"": ""Bunnings Greenacre"", ""status_counts"": ""{\""Available\"": 2}"", ""total_port_count"": 2}",1,1,,accepted,accepted
749,,"88 Christie Street, Street Leonards NSW 2065",Evie Networks,4,DC,50 kW,-33.82378797,151.1951941,North Sydney Council,2065,ARENA - Driving the Nation,accepted,coordinate_and_fuzzy_address,14.642456534017793,1.0,272632,"88 Christie St, St Leonards, NSW, 2065","{""charger_capacities"": ""50 kW"", ""connector_types_normalized"": ""CCS;CHAdeMO"", ""data_provider"": ""Open Charge Map"", ""general_comments"": """", ""is_operational"": true, ""last_verified"": ""2023-07-15T12:12:00Z"", ""latitude"": -33.823861, ""longitude"": 151.195326, ""number_of_plugs"": 2.0, ""number_of_plugs_quality"": ""reported_or_derived_from_connection_quantity"", ""number_of_plugs_semantics"": ""OCM NumberOfPoints or positive connection Quantity"", ""operational_status"": ""operational"", ""operator"": ""Evie"", ""plug_types"": ""CCS (Type 2); CHAdeMO"", ""power_kw_max"": 50.0, ""power_kw_min"": 50.0, ""power_kw_values"": [50.0], ""station_address"": ""88 Christie St, St Leonards, NSW, 2065"", ""station_name"": ""Civic Plaza 88 Christie"", ""status"": ""Operational"", ""usage_cost"": """"}",1,1,,accepted,coordinate_500m,7.19301768254771,0.0,12896497308,,"{""access_condition"": ""Free Access"", ""charger_capacities"": null, ""connector_types_normalized"": """", ""data_provider"": ""OpenStreetMap"", ""latitude"": -33.8237748788832, ""longitude"": 151.195117844075, ""number_of_plugs"": null, ""number_of_plugs_quality"": ""missing_or_suspicious"", ""number_of_plugs_raw"": null, ""number_of_plugs_semantics"": ""OSM charge_points_count; values above 100 are withheld as suspicious"", ""opening_hours"": """", ""operator"": ""Evie Networks"", ""osm_last_updated"": ""2025-06-08"", ""plug_types"": """", ""power_kw_max"": null, ""power_kw_min"": null, ""power_kw_values"": [], ""station_name"": """"}",3,3,103.86520017350448,accepted,coordinate_500m,411.5314893823347,0.0,13059026685,,"{""access_condition"": ""Free Access"", ""charger_capacities"": null, ""connector_types_normalized"": ""CCS"", ""data_provider"": ""OpenStreetMap"", ""latitude"": -33.8245802121401, ""longitude"": 151.199545835884, ""number_of_plugs"": 4, ""number_of_plugs_quality"": ""valid"", ""number_of_plugs_raw"": 4, ""number_of_plugs_semantics"": ""OSM charge_points_count; values above 100 are withheld as suspicious"", ""opening_hours"": """", ""operator"": ""Evie Networks"", ""osm_last_updated"": ""2025-10-10"", ""plug_types"": ""CCS"", ""power_kw_max"": null, ""power_kw_min"": null, ""power_kw_values"": [], ""station_name"": """"}",1,1,,accepted,coordinate_and_fuzzy_address,6.917100267340994,0.9824561403508772,15d06bf5-6b4a-425d-9312-bae4b17cc22b-364,"88 Christie St, St Leonards, NSW 2065","{""charger_capacities"": 22.0, ""connector_types_normalized"": ""Type2"", ""data_provider"": ""Charge@Large"", ""dc_port_count"": 14, ""latitude"": -33.8237661, ""longitude"": 151.1952642, ""number_of_plugs"": 14, ""number_of_plugs_quality"": ""reported_from_dc_port_count"", ""number_of_plugs_semantics"": ""Charge@Large DC-indicated port count"", ""operator"": """", ""plug_types"": ""TYPE2"", ""power_kw_max"": 22.0, ""power_kw_min"": 22.0, ""power_kw_values"": [22.0], ""station_address"": ""88 Christie St, St Leonards, NSW 2065"", ""station_name"": ""Christie Street - Basement 6 and 7"", ""status_counts"": ""{\""Available\"": 11, \""Charging\"": 3}"", ""total_port_count"": 14}",7,7,94.83559125028886,accepted,coordinate_500m,272.29094227724806,0.4714285714285714,15d06bf5-6b4a-425d-9312-bae4b17cc22b-1993,"1 Plunkett St, New South Wales, St Leonards, NSW 2065","{""charger_capacities"": 50.0, ""connector_types_normalized"": ""CCS"", ""data_provider"": ""Charge@Large"", ""dc_port_count"": 2, ""latitude"": -33.821558, ""longitude"": 151.196412, ""number_of_plugs"": 2, ""number_of_plugs_quality"": ""reported_from_dc_port_count"", ""number_of_plugs_semantics"": ""Charge@Large DC-indicated port count"", ""operator"": """", ""plug_types"": ""CCS2"", ""power_kw_max"": 50.0, ""power_kw_min"": 50.0, ""power_kw_values"": [50.0], ""station_address"": ""1 Plunkett St, New South Wales, St Leonards, NSW 2065"", ""station_name"": ""Willoughby City Council - Plunkett St"", ""status_counts"": ""{\""Available\"": 2}"", ""total_port_count"": 2}",2,2,220.01841309584415,accepted,accepted
752,,"888 Pittwater Road, Sydney NSW 2099",Tesla,4,DC,250 kW,-33.75321026,151.2873604,Northern Beaches Council,2099,Existing Fast Chargers,unmatched,unmatched,,,,,{},0,0,,accepted,coordinate_500m,38.71953925188734,0.0,13688536001,,"{""access_condition"": ""Free Access"", ""charger_capacities"": null, ""connector_types_normalized"": """", ""data_provider"": ""OpenStreetMap"", ""latitude"": -33.7534558242184, ""longitude"": 151.287063466213, ""number_of_plugs"": null, ""number_of_plugs_quality"": ""missing_or_suspicious"", ""number_of_plugs_raw"": null, ""number_of_plugs_semantics"": ""OSM charge_points_count; values above 100 are withheld as suspicious"", ""opening_hours"": ""24/7"", ""operator"": ""Tesla"", ""osm_last_updated"": ""2026-03-29"", ""plug_types"": """", ""power_kw_max"": null, ""power_kw_min"": null, ""power_kw_values"": [], ""station_name"": ""Dee Why Supercharger""}",3,3,28.581943876444413,accepted,coordinate_500m,67.30148312833175,0.0,9491233549,,"{""access_condition"": ""Free Access"", ""charger_capacities"": null, ""connector_types_normalized"": ""CHAdeMO"", ""data_provider"": ""OpenStreetMap"", ""latitude"": -33.7537328461182, ""longitude"": 151.286993142046, ""number_of_plugs"": 1, ""number_of_plugs_quality"": ""valid"", ""number_of_plugs_raw"": 1, ""number_of_plugs_semantics"": ""OSM charge_points_count; values above 100 are withheld as suspicious"", ""opening_hours"": ""24/7"", ""operator"": ""Jolt"", ""osm_last_updated"": ""2022-12-20"", ""plug_types"": ""CHAdeMO"", ""power_kw_max"": null, ""power_kw_min"": null, ""power_kw_values"": [], ""station_name"": """"}",1,1,,accepted,coordinate_500m,338.6288345988193,0.20106382978723403,15d06bf5-6b4a-425d-9312-bae4b17cc22b-1060,"40 Kingsway, Dee Why, NSW 2099","{""charger_capacities"": 7.0, ""connector_types_normalized"": ""Type2"", ""data_provider"": ""Charge@Large"", ""dc_port_count"": 3, ""latitude"": -33.7503059, ""longitude"": 151.2862588, ""number_of_plugs"": 3, ""number_of_plugs_quality"": ""reported_from_dc_port_count"", ""number_of_plugs_semantics"": ""Charge@Large DC-indicated port count"", ""operator"": """", ""plug_types"": ""TYPE2"", ""power_kw_max"": 7.0, ""power_kw_min"": 7.0, ""power_kw_values"": [7.0], ""station_address"": ""40 Kingsway, Dee Why, NSW 2099"", ""station_name"": ""PCYC - Northern Beaches Council"", ""status_counts"": ""{\""Available\"": 3}"", ""total_port_count"": 3}",1,1,,unmatched,unmatched,,,,,{},0,0,,accepted,accepted
753,,"88-90 Houston Road, Sydney NSW 2032",Evie Networks,2,DC,50 kW,-33.92407212,151.2266947,Randwick City Council,2032,Existing Fast Chargers,unmatched,unmatched,,,,,{},0,0,,accepted,coordinate_500m,480.08361704972543,0.0,13206142331,,"{""access_condition"": ""Free Access"", ""charger_capacities"": null, ""connector_types_normalized"": ""CCS"", ""data_provider"": ""OpenStreetMap"", ""latitude"": -33.9197629252837, ""longitude"": 151.227017188259, ""number_of_plugs"": 2, ""number_of_plugs_quality"": ""valid"", ""number_of_plugs_raw"": 2, ""number_of_plugs_semantics"": ""OSM charge_points_count; values above 100 are withheld as suspicious"", ""opening_hours"": """", ""operator"": ""bp pulse"", ""osm_last_updated"": ""2025-10-10"", ""plug_types"": ""CCS"", ""power_kw_max"": null, ""power_kw_min"": null, ""power_kw_values"": [], ""station_name"": """"}",1,1,,accepted,coordinate_500m,480.08361704972543,0.0,13206142331,,"{""access_condition"": ""Free Access"", ""charger_capacities"": null, ""connector_types_normalized"": ""CCS"", ""data_provider"": ""OpenStreetMap"", ""latitude"": -33.9197629252837, ""longitude"": 151.227017188259, ""number_of_plugs"": 2, ""number_of_plugs_quality"": ""valid"", ""number_of_plugs_raw"": 2, ""number_of_plugs_semantics"": ""OSM charge_points_count; values above 100 are withheld as suspicious"", ""opening_hours"": """", ""operator"": ""bp pulse"", ""osm_last_updated"": ""2025-10-10"", ""plug_types"": ""CCS"", ""power_kw_max"": null, ""power_kw_min"": null, ""power_kw_values"": [], ""station_name"": """"}",1,1,,accepted,coordinate_500m,221.81926643748238,0.5928571428571429,15d06bf5-6b4a-425d-9312-bae4b17cc22b-872,"45-49 Harbourne Rd, Kingsford, NSW 2032","{""charger_capacities"": 22.0, ""connector_types_normalized"": ""Type2"", ""data_provider"": ""Charge@Large"", ""dc_port_count"": 1, ""latitude"": -33.9231777, ""longitude"": 151.2288436, ""number_of_plugs"": 1, ""number_of_plugs_quality"": ""reported_from_dc_port_count"", ""number_of_plugs_semantics"": ""Charge@Large DC-indicated port count"", ""operator"": """", ""plug_types"": ""TYPE2"", ""power_kw_max"": 22.0, ""power_kw_min"": 22.0, ""power_kw_values"": [22.0], ""station_address"": ""45-49 Harbourne Rd, Kingsford, NSW 2032"", ""station_name"": ""Intellihub - Harbourne Road, Kingsford"", ""status_counts"": ""{\""Available\"": 1}"", ""total_port_count"": 1}",2,2,53.68062032717796,unmatched,unmatched,,,,,{},0,0,,accepted,accepted
754,,"89 Barwan Street, Narrabri NSW 2390",NRMA Electric,4,DC,50 kW,-29.0572067,152.0186837,Narrabri Shire Council,2372,TfNSW Regional,accepted,coordinate_500m,165.88117518948525,0.6438956714761377,312274,"1 Crown St, Tenterfield, NSW, 2372","{""charger_capacities"": ""250 kW"", ""connector_types_normalized"": ""CCS"", ""data_provider"": ""Open Charge Map"", ""general_comments"": """", ""is_operational"": true, ""last_verified"": ""2025-05-07T05:24:00Z"", ""latitude"": -29.05609836727929, ""longitude"": 152.0175413889591, ""number_of_plugs"": 3.0, ""number_of_plugs_quality"": ""reported_or_derived_from_connection_quantity"", ""number_of_plugs_semantics"": ""OCM NumberOfPoints or positive connection Quantity"", ""operational_status"": ""operational"", ""operator"": ""Tesla (including non-tesla)"", ""plug_types"": ""CCS (Type 2)"", ""power_kw_max"": 250.0, ""power_kw_min"": 250.0, ""power_kw_values"": [250.0], ""station_address"": ""1 Crown St, Tenterfield, NSW, 2372"", ""station_name"": ""Tesla Supercharger - Coles Tenterfield"", ""status"": ""Operational"", ""usage_cost"": ""$0.69/kWh""}",1,1,,accepted,coordinate_500m,28.094465520418044,0.0,8209129030,,"{""access_condition"": ""Free Access"", ""charger_capacities"": null, ""connector_types_normalized"": """", ""data_provider"": ""OpenStreetMap"", ""latitude"": -29.0573208144042, ""longitude"": 152.018941579387, ""number_of_plugs"": null, ""number_of_plugs_quality"": ""missing_or_suspicious"", ""number_of_plugs_raw"": null, ""number_of_plugs_semantics"": ""OSM charge_points_count; values above 100 are withheld as suspicious"", ""opening_hours"": """", ""operator"": ""NRMA"", ""osm_last_updated"": ""2025-06-01"", ""plug_types"": """", ""power_kw_max"": null, ""power_kw_min"": null, ""power_kw_values"": [], ""station_name"": """"}",2,2,136.69661796328427,accepted,coordinate_500m,164.79108348370232,0.0,10258355351,,"{""access_condition"": ""Free Access"", ""charger_capacities"": null, ""connector_types_normalized"": ""CCS"", ""data_provider"": ""OpenStreetMap"", ""latitude"": -29.0560795383632, ""longitude"": 152.017582956702, ""number_of_plugs"": 4, ""number_of_plugs_quality"": ""valid"", ""number_of_plugs_raw"": 4, ""number_of_plugs_semantics"": ""OSM charge_points_count; values above 100 are withheld as suspicious"", ""opening_hours"": ""24/7"", ""operator"": ""Tesla"", ""osm_last_updated"": ""2026-03-29"", ""plug_types"": ""CCS"", ""power_kw_max"": null, ""power_kw_min"": null, ""power_kw_values"": [], ""station_name"": ""Tesla Supercharger""}",1,1,,unmatched,unmatched,,,,,{},0,0,,unmatched,unmatched,,,,,{},0,0,,accepted,accepted
755,,"89 Market Street, Balranald NSW 2715",NRMA Electric,2,DC,50 kW,-34.63954159,143.5647087,Balranald Shire Council,2715,Existing Fast Chargers,accepted,coordinate_and_fuzzy_address,20.86475302756144,1.0,190671,"89 Market Street, Balranald, New South Wales, 2715","{""charger_capacities"": ""50 kW"", ""connector_types_normalized"": ""CCS;CHAdeMO"", ""data_provider"": ""Open Charge Map"", ""general_comments"": """", ""is_operational"": true, ""last_verified"": ""2021-12-17T02:52:00Z"", ""latitude"": -34.639493379894546, ""longitude"": 143.56448828860727, ""number_of_plugs"": 1.0, ""number_of_plugs_quality"": ""reported_or_derived_from_connection_quantity"", ""number_of_plugs_semantics"": ""OCM NumberOfPoints or positive connection Quantity"", ""operational_status"": ""operational"", ""operator"": ""NRMA"", ""plug_types"": ""CCS (Type 2); CHAdeMO"", ""power_kw_max"": 50.0, ""power_kw_min"": 50.0, ""power_kw_values"": [50.0], ""station_address"": ""89 Market Street, Balranald, New South Wales, 2715"", ""station_name"": ""Balranald [NRMA]"", ""status"": ""Operational"", ""usage_cost"": ""FREE""}",1,1,,accepted,coordinate_500m,21.757551358580642,0.0,7742159359,,"{""access_condition"": ""Free Access"", ""charger_capacities"": null, ""connector_types_normalized"": ""CCS;CHAdeMO"", ""data_provider"": ""OpenStreetMap"", ""latitude"": -34.6396148514225, ""longitude"": 143.564488172402, ""number_of_plugs"": null, ""number_of_plugs_quality"": ""missing_or_suspicious"", ""number_of_plugs_raw"": null, ""number_of_plugs_semantics"": ""OSM charge_points_count; values above 100 are withheld as suspicious"", ""opening_hours"": """", ""operator"": ""NRMA"", ""osm_last_updated"": ""2023-03-18"", ""plug_types"": ""CCS|CHAdeMO"", ""power_kw_max"": null, ""power_kw_min"": null, ""power_kw_values"": [], ""station_name"": """"}",1,1,,accepted,coordinate_500m,21.757551358580642,0.0,7742159359,,"{""access_condition"": ""Free Access"", ""charger_capacities"": null, ""connector_types_normalized"": ""CCS;CHAdeMO"", ""data_provider"": ""OpenStreetMap"", ""latitude"": -34.6396148514225, ""longitude"": 143.564488172402, ""number_of_plugs"": null, ""number_of_plugs_quality"": ""missing_or_suspicious"", ""number_of_plugs_raw"": null, ""number_of_plugs_semantics"": ""OSM charge_points_count; values above 100 are withheld as suspicious"", ""opening_hours"": """", ""operator"": ""NRMA"", ""osm_last_updated"": ""2023-03-18"", ""plug_types"": ""CCS|CHAdeMO"", ""power_kw_max"": null, ""power_kw_min"": null, ""power_kw_values"": [], ""station_name"": """"}",1,1,,unmatched,unmatched,,,,,{},0,0,,unmatched,unmatched,,,,,{},0,0,,accepted,accepted
756,,"89 Williamson Road, Sydney NSW 2565",BP,4,DC,150 kW,-33.98851456,150.8593694,Campbelltown City Council,2565,Existing Fast Chargers,unmatched,unmatched,,,,,{},0,0,,accepted,coordinate_500m,29.86460949597319,0.0,10959087488,,"{""access_condition"": ""Free Access"", ""charger_capacities"": null, ""connector_types_normalized"": """", ""data_provider"": ""OpenStreetMap"", ""latitude"": -33.9887792645573, ""longitude"": 150.859314579244, ""number_of_plugs"": 2, ""number_of_plugs_quality"": ""valid"", ""number_of_plugs_raw"": 2, ""number_of_plugs_semantics"": ""OSM charge_points_count; values above 100 are withheld as suspicious"", ""opening_hours"": """", ""operator"": ""bp pulse"", ""osm_last_updated"": ""2025-09-01"", ""plug_types"": """", ""power_kw_max"": null, ""power_kw_min"": null, ""power_kw_values"": [], ""station_name"": """"}",1,1,,unmatched,unmatched,,,,,{},0,0,,unmatched,unmatched,,,,,{},0,0,,unmatched,unmatched,,,,,{},0,0,,accepted,unmatched
758,,"895 South Dowling Street, Sydney NSW 2017",Chargefox,3,DC,165 kW,-33.90701506,151.213019,"Sydney, Council of the City of",2017,Existing Fast Chargers,accepted,coordinate_and_fuzzy_address,15.670462809393042,0.9661538461538463,191062,"895 South Dowling Street, Zetland, NSW, 2017","{""charger_capacities"": ""165 kW"", ""connector_types_normalized"": ""CCS"", ""data_provider"": ""Open Charge Map"", ""general_comments"": """", ""is_operational"": true, ""last_verified"": ""2023-07-13T10:51:00Z"", ""latitude"": -33.906943843362484, ""longitude"": 151.2131655272031, ""number_of_plugs"": 1.0, ""number_of_plugs_quality"": ""reported_or_derived_from_connection_quantity"", ""number_of_plugs_semantics"": ""OCM NumberOfPoints or positive connection Quantity"", ""operational_status"": ""operational"", ""operator"": ""Chargefox"", ""plug_types"": ""CCS (Type 2)"", ""power_kw_max"": 165.0, ""power_kw_min"": 165.0, ""power_kw_values"": [165.0], ""station_address"": ""895 South Dowling Street, Zetland, NSW, 2017"", ""station_name"": ""Audi Centre Sydney "", ""status"": ""Operational"", ""usage_cost"": ""$0.70/kWh""}",2,2,151.63108721355928,accepted,coordinate_500m,3.095307051425128,0.0,8911115310,,"{""access_condition"": ""Free Access"", ""charger_capacities"": null, ""connector_types_normalized"": """", ""data_provider"": ""OpenStreetMap"", ""latitude"": -33.9069877313808, ""longitude"": 151.213012620617, ""number_of_plugs"": null, ""number_of_plugs_quality"": ""missing_or_suspicious"", ""number_of_plugs_raw"": null, ""number_of_plugs_semantics"": ""OSM charge_points_count; values above 100 are withheld as suspicious"", ""opening_hours"": """", ""operator"": ""Chargefox"", ""osm_last_updated"": ""2021-12-23"", ""plug_types"": """", ""power_kw_max"": null, ""power_kw_min"": null, ""power_kw_values"": [], ""station_name"": """"}",2,2,179.95047770684528,unmatched,unmatched,,,,,{},0,0,,accepted,coordinate_500m,76.4432590046929,0.27676450034940603,e01de15b-1ce6-4c05-8f89-81b463696ce1-5f17c601-7a11-448e-bd42-5da4d088dd95,"8 Defries Ave, Zetland, NSW 2017","{""charger_capacities"": 22.17, ""connector_types_normalized"": ""Type2"", ""data_provider"": ""Charge@Large"", ""dc_port_count"": 6, ""latitude"": -33.907534, ""longitude"": 151.2124757, ""number_of_plugs"": 6, ""number_of_plugs_quality"": ""reported_from_dc_port_count"", ""number_of_plugs_semantics"": ""Charge@Large DC-indicated port count"", ""operator"": """", ""plug_types"": ""TYPE2"", ""power_kw_max"": 22.17, ""power_kw_min"": 22.17, ""power_kw_values"": [22.17], ""station_address"": ""8 Defries Ave, Zetland, NSW 2017"", ""station_name"": ""Meriton 8 Defries Ave Zetland"", ""status_counts"": ""{\""Available\"": 6}"", ""total_port_count"": 6}",1,1,,unmatched,unmatched,,,,,{},0,0,,accepted,accepted
763,,"9 Eastern Valley Way, Northbridge NSW 2063",Evie Networks,4,DC,50 kW,-33.809326,151.208848,North Sydney Council,2063,ARENA - Driving the Nation,accepted,coordinate_and_fuzzy_address,24.33700901846173,1.0,272694,"9 Eastern Valley Way, Northbridge, New South Wales, 2063","{""charger_capacities"": ""50 kW"", ""connector_types_normalized"": ""CCS;CHAdeMO"", ""data_provider"": ""Open Charge Map"", ""general_comments"": """", ""is_operational"": true, ""last_verified"": ""2023-07-16T23:09:00Z"", ""latitude"": -33.809374, ""longitude"": 151.208591, ""number_of_plugs"": 1.0, ""number_of_plugs_quality"": ""reported_or_derived_from_connection_quantity"", ""number_of_plugs_semantics"": ""OCM NumberOfPoints or positive connection Quantity"", ""operational_status"": ""operational"", ""operator"": ""Evie"", ""plug_types"": ""CCS (Type 2); CHAdeMO"", ""power_kw_max"": 50.0, ""power_kw_min"": 50.0, ""power_kw_values"": [50.0], ""station_address"": ""9 Eastern Valley Way, Northbridge, New South Wales, 2063"", ""station_name"": ""Northbridge Plaza"", ""status"": ""Operational"", ""usage_cost"": """"}",1,1,,accepted,coordinate_500m,1.1770028095142444,0.0,9916436896,,"{""access_condition"": ""Free Access"", ""charger_capacities"": null, ""connector_types_normalized"": """", ""data_provider"": ""OpenStreetMap"", ""latitude"": -33.8093255674595, ""longitude"": 151.2088607287, ""number_of_plugs"": 2, ""number_of_plugs_quality"": ""valid"", ""number_of_plugs_raw"": 2, ""number_of_plugs_semantics"": ""OSM charge_points_count; values above 100 are withheld as suspicious"", ""opening_hours"": """", ""operator"": ""Evie Networks"", ""osm_last_updated"": ""2022-07-28"", ""plug_types"": """", ""power_kw_max"": null, ""power_kw_min"": null, ""power_kw_values"": [], ""station_name"": """"}",1,1,,unmatched,unmatched,,,,,{},0,0,,unmatched,unmatched,,,,,{},0,0,,unmatched,unmatched,,,,,{},0,0,,accepted,accepted
764,,"9 Flinders Street, Wollongong North NSW 2500",Ampol,2,DC,125 kW,-34.4151195,150.8931953,Wollongong City Council,2500,ARENA - Driving the Nation,unmatched,unmatched,,,,,{},0,0,,unmatched,unmatched,,,,,{},0,0,,unmatched,unmatched,,,,,{},0,0,,unmatched,unmatched,,,,,{},0,0,,unmatched,unmatched,,,,,{},0,0,,unmatched,unmatched
765,,"9 Lagoon Street, Sydney NSW 2101",JOLT,2,DC,25 kW,-33.7136587,151.2982913,Northern Beaches Council,2101,Existing Fast Chargers,unmatched,unmatched,,,,,{},0,0,,accepted,coordinate_500m,6.19845326587577,0.0,10652018665,,"{""access_condition"": ""Free Access"", ""charger_capacities"": null, ""connector_types_normalized"": """", ""data_provider"": ""OpenStreetMap"", ""latitude"": -33.7136760661281, ""longitude"": 151.298354979435, ""number_of_plugs"": 1, ""number_of_plugs_quality"": ""valid"", ""number_of_plugs_raw"": 1, ""number_of_plugs_semantics"": ""OSM charge_points_count; values above 100 are withheld as suspicious"", ""opening_hours"": """", ""operator"": ""Jolt"", ""osm_last_updated"": ""2023-02-12"", ""plug_types"": """", ""power_kw_max"": null, ""power_kw_min"": null, ""power_kw_values"": [], ""station_name"": """"}",2,2,101.59363414145146,unmatched,unmatched,,,,,{},0,0,,unmatched,unmatched,,,,,{},0,0,,unmatched,unmatched,,,,,{},0,0,,accepted,unmatched
768,,"9 Vickery Avenue, Sydney NSW 2029",Evie Networks,4,DC,75 kW,-33.87136141,151.2644124,Woollahra Municipal Council,2029,Existing Fast Chargers,unmatched,unmatched,,,,,{},0,0,,accepted,coordinate_500m,342.53057215617355,0.0,9378951502,,"{""access_condition"": ""Free Access"", ""charger_capacities"": null, ""connector_types_normalized"": ""Type2"", ""data_provider"": ""OpenStreetMap"", ""latitude"": -33.8716950575165, ""longitude"": 151.268100667569, ""number_of_plugs"": 2, ""number_of_plugs_quality"": ""valid"", ""number_of_plugs_raw"": 2, ""number_of_plugs_semantics"": ""OSM charge_points_count; values above 100 are withheld as suspicious"", ""opening_hours"": ""24/7"", ""operator"": ""Chargefox"", ""osm_last_updated"": ""2022-01-13"", ""plug_types"": ""Type2"", ""power_kw_max"": null, ""power_kw_min"": null, ""power_kw_values"": [], ""station_name"": """"}",1,1,,unmatched,unmatched,,,,,{},0,0,,unmatched,unmatched,,,,,{},0,0,,unmatched,unmatched,,,,,{},0,0,,accepted,unmatched
771,,"91 Spring Street, Sydney NSW 2022",Evie Networks,4,DC,75 kW,-33.89264569,151.2481672,Waverley Council,2022,Existing Fast Chargers,accepted,coordinate_and_fuzzy_address,37.96803336968762,0.9311475409836066,272634,"91 Spring St , NSW 2022, Bondi Junction, NSW, 2022","{""charger_capacities"": ""50 kW"", ""connector_types_normalized"": ""CCS;CHAdeMO"", ""data_provider"": ""Open Charge Map"", ""general_comments"": """", ""is_operational"": true, ""last_verified"": ""2023-07-15T12:17:00Z"", ""latitude"": -33.892967, ""longitude"": 151.248028, ""number_of_plugs"": 2.0, ""number_of_plugs_quality"": ""reported_or_derived_from_connection_quantity"", ""number_of_plugs_semantics"": ""OCM NumberOfPoints or positive connection Quantity"", ""operational_status"": ""operational"", ""operator"": ""Evie"", ""plug_types"": ""CCS (Type 2); CHAdeMO"", ""power_kw_max"": 50.0, ""power_kw_min"": 50.0, ""power_kw_values"": [50.0], ""station_address"": ""91 Spring St , NSW 2022, Bondi Junction, NSW, 2022"", ""station_name"": ""Eastgate Bondi Junction"", ""status"": ""Operational"", ""usage_cost"": """"}",1,1,,unmatched,unmatched,,,,,{},0,0,,unmatched,unmatched,,,,,{},0,0,,accepted,coordinate_500m,216.87019928405937,0.4001176470588236,15d06bf5-6b4a-425d-9312-bae4b17cc22b-1800,"88 Ebley St, Bondi Junction, NSW 2022","{""charger_capacities"": 22.0, ""connector_types_normalized"": ""Type2"", ""data_provider"": ""Charge@Large"", ""dc_port_count"": 3, ""latitude"": -33.893537, ""longitude"": 151.2502571, ""number_of_plugs"": 3, ""number_of_plugs_quality"": ""reported_from_dc_port_count"", ""number_of_plugs_semantics"": ""Charge@Large DC-indicated port count"", ""operator"": """", ""plug_types"": ""TYPE2"", ""power_kw_max"": 22.0, ""power_kw_min"": 22.0, ""power_kw_values"": [22.0], ""station_address"": ""88 Ebley St, Bondi Junction, NSW 2022"", ""station_name"": ""Verdical"", ""status_counts"": ""{\""Available\"": 3}"", ""total_port_count"": 3}",10,10,79.46002841458181,unmatched,unmatched,,,,,{},0,0,,accepted,accepted
773,,"917-923 Old Northern Road, Dural NSW 2158",Ampol,2,DC,125 kW,-33.6828871,151.0284517,"Hornsby, The Council of the Shire of",2158,ARENA - Driving the Nation,unmatched,unmatched,,,,,{},0,0,,accepted,coordinate_500m,14.647866862088629,0.0,13805076026,,"{""access_condition"": ""Free Access"", ""charger_capacities"": null, ""connector_types_normalized"": ""CCS;CHAdeMO"", ""data_provider"": ""OpenStreetMap"", ""latitude"": -33.6830063471401, ""longitude"": 151.02851896896, ""number_of_plugs"": 2, ""number_of_plugs_quality"": ""valid"", ""number_of_plugs_raw"": 2, ""number_of_plugs_semantics"": ""OSM charge_points_count; values above 100 are withheld as suspicious"", ""opening_hours"": """", ""operator"": ""AmpCharge"", ""osm_last_updated"": ""2026-05-07"", ""plug_types"": ""CCS|CHAdeMO"", ""power_kw_max"": null, ""power_kw_min"": null, ""power_kw_values"": [], ""station_name"": """"}",1,1,,accepted,coordinate_500m,14.647866862088629,0.0,13805076026,,"{""access_condition"": ""Free Access"", ""charger_capacities"": null, ""connector_types_normalized"": ""CCS;CHAdeMO"", ""data_provider"": ""OpenStreetMap"", ""latitude"": -33.6830063471401, ""longitude"": 151.02851896896, ""number_of_plugs"": 2, ""number_of_plugs_quality"": ""valid"", ""number_of_plugs_raw"": 2, ""number_of_plugs_semantics"": ""OSM charge_points_count; values above 100 are withheld as suspicious"", ""opening_hours"": """", ""operator"": ""AmpCharge"", ""osm_last_updated"": ""2026-05-07"", ""plug_types"": ""CCS|CHAdeMO"", ""power_kw_max"": null, ""power_kw_min"": null, ""power_kw_values"": [], ""station_name"": """"}",1,1,,accepted,fuzzy_address_only,830.9987151127638,0.8533333333333334,15d06bf5-6b4a-425d-9312-bae4b17cc22b-2618,"662A Old Northern Rd, Dural, NSW 2158","{""charger_capacities"": 22.0, ""connector_types_normalized"": ""Type2"", ""data_provider"": ""Charge@Large"", ""dc_port_count"": 2, ""latitude"": -33.6758975, ""longitude"": 151.0252731, ""number_of_plugs"": 2, ""number_of_plugs_quality"": ""reported_from_dc_port_count"", ""number_of_plugs_semantics"": ""Charge@Large DC-indicated port count"", ""operator"": """", ""plug_types"": ""TYPE2"", ""power_kw_max"": 22.0, ""power_kw_min"": 22.0, ""power_kw_values"": [22.0], ""station_address"": ""662A Old Northern Rd, Dural, NSW 2158"", ""station_name"": ""Dural Country Club"", ""status_counts"": ""{\""Available\"": 2}"", ""total_port_count"": 2}",1,0,,unmatched,unmatched,,,,,{},0,0,,accepted,accepted
774,,"92 Houston Road, Kingsford NSW 2032",Evie Networks,2,DC,50 kW,-33.9242319,151.2266791,Randwick City Council,2032,Kerbside Charging R1,unmatched,unmatched,,,,,{},0,0,,accepted,coordinate_500m,497.9055094934751,0.0,13206142331,,"{""access_condition"": ""Free Access"", ""charger_capacities"": null, ""connector_types_normalized"": ""CCS"", ""data_provider"": ""OpenStreetMap"", ""latitude"": -33.9197629252837, ""longitude"": 151.227017188259, ""number_of_plugs"": 2, ""number_of_plugs_quality"": ""valid"", ""number_of_plugs_raw"": 2, ""number_of_plugs_semantics"": ""OSM charge_points_count; values above 100 are withheld as suspicious"", ""opening_hours"": """", ""operator"": ""bp pulse"", ""osm_last_updated"": ""2025-10-10"", ""plug_types"": ""CCS"", ""power_kw_max"": null, ""power_kw_min"": null, ""power_kw_values"": [], ""station_name"": """"}",1,1,,accepted,coordinate_500m,497.9055094934751,0.0,13206142331,,"{""access_condition"": ""Free Access"", ""charger_capacities"": null, ""connector_types_normalized"": ""CCS"", ""data_provider"": ""OpenStreetMap"", ""latitude"": -33.9197629252837, ""longitude"": 151.227017188259, ""number_of_plugs"": 2, ""number_of_plugs_quality"": ""valid"", ""number_of_plugs_raw"": 2, ""number_of_plugs_semantics"": ""OSM charge_points_count; values above 100 are withheld as suspicious"", ""opening_hours"": """", ""operator"": ""bp pulse"", ""osm_last_updated"": ""2025-10-10"", ""plug_types"": ""CCS"", ""power_kw_max"": null, ""power_kw_min"": null, ""power_kw_values"": [], ""station_name"": """"}",1,1,,accepted,coordinate_500m,231.57331232159547,0.6357142857142858,15d06bf5-6b4a-425d-9312-bae4b17cc22b-872,"45-49 Harbourne Rd, Kingsford, NSW 2032","{""charger_capacities"": 22.0, ""connector_types_normalized"": ""Type2"", ""data_provider"": ""Charge@Large"", ""dc_port_count"": 1, ""latitude"": -33.9231777, ""longitude"": 151.2288436, ""number_of_plugs"": 1, ""number_of_plugs_quality"": ""reported_from_dc_port_count"", ""number_of_plugs_semantics"": ""Charge@Large DC-indicated port count"", ""operator"": """", ""plug_types"": ""TYPE2"", ""power_kw_max"": 22.0, ""power_kw_min"": 22.0, ""power_kw_values"": [22.0], ""station_address"": ""45-49 Harbourne Rd, Kingsford, NSW 2032"", ""station_name"": ""Intellihub - Harbourne Road, Kingsford"", ""status_counts"": ""{\""Available\"": 1}"", ""total_port_count"": 1}",2,2,57.50261217573822,unmatched,unmatched,,,,,{},0,0,,accepted,accepted
776,,"93 Byamee Street, Dapto NSW 2530",Evie Networks,4,DC,50 kW,-34.494604,150.795725,Wollongong City Council,2530,ARENA - Driving the Nation,accepted,coordinate_500m,47.199391703294495,0.5672222222222223,272496,"Moombara Street, Dapto, New South Wales, 2530","{""charger_capacities"": ""50 kW"", ""connector_types_normalized"": ""CCS;CHAdeMO"", ""data_provider"": ""Open Charge Map"", ""general_comments"": """", ""is_operational"": true, ""last_verified"": ""2023-07-12T21:47:00Z"", ""latitude"": -34.49497612676224, ""longitude"": 150.79547723050382, ""number_of_plugs"": 2.0, ""number_of_plugs_quality"": ""reported_or_derived_from_connection_quantity"", ""number_of_plugs_semantics"": ""OCM NumberOfPoints or positive connection Quantity"", ""operational_status"": ""operational"", ""operator"": ""Evie"", ""plug_types"": ""CCS (Type 2); CHAdeMO"", ""power_kw_max"": 50.0, ""power_kw_min"": 50.0, ""power_kw_values"": [50.0], ""station_address"": ""Moombara Street, Dapto, New South Wales, 2530"", ""station_name"": ""Evie Dapto Mall"", ""status"": ""Operational"", ""usage_cost"": ""50c per kWh energy consumed.""}",1,1,,accepted,coordinate_500m,74.98840404650174,0.0,9786977964,,"{""access_condition"": ""Free Access"", ""charger_capacities"": null, ""connector_types_normalized"": """", ""data_provider"": ""OpenStreetMap"", ""latitude"": -34.4952775567652, ""longitude"": 150.795765587773, ""number_of_plugs"": null, ""number_of_plugs_quality"": ""missing_or_suspicious"", ""number_of_plugs_raw"": null, ""number_of_plugs_semantics"": ""OSM charge_points_count; values above 100 are withheld as suspicious"", ""opening_hours"": """", ""operator"": ""Evie Networks"", ""osm_last_updated"": ""2022-05-31"", ""plug_types"": """", ""power_kw_max"": null, ""power_kw_min"": null, ""power_kw_values"": [], ""station_name"": """"}",1,1,,unmatched,unmatched,,,,,{},0,0,,unmatched,unmatched,,,,,{},0,0,,unmatched,unmatched,,,,,{},0,0,,accepted,accepted
777,,"93 Princes Highway, Ulladulla NSW 2539",ChargeHub,2,DC,25 kW,-35.3576507,150.4733804,Shoalhaven City Council,2539,Existing Fast Chargers,unmatched,unmatched,,,,,{},0,0,,accepted,coordinate_500m,6.8741407605538,0.0,12599800358,,"{""access_condition"": ""Free Access"", ""charger_capacities"": null, ""connector_types_normalized"": ""CCS;CHAdeMO"", ""data_provider"": ""OpenStreetMap"", ""latitude"": -35.357667602045, ""longitude"": 150.47330748626, ""number_of_plugs"": null, ""number_of_plugs_quality"": ""missing_or_suspicious"", ""number_of_plugs_raw"": null, ""number_of_plugs_semantics"": ""OSM charge_points_count; values above 100 are withheld as suspicious"", ""opening_hours"": """", ""operator"": """", ""osm_last_updated"": ""2025-02-19"", ""plug_types"": ""CCS|CHAdeMO"", ""power_kw_max"": null, ""power_kw_min"": null, ""power_kw_values"": [], ""station_name"": """"}",1,1,,accepted,coordinate_500m,6.8741407605538,0.0,12599800358,,"{""access_condition"": ""Free Access"", ""charger_capacities"": null, ""connector_types_normalized"": ""CCS;CHAdeMO"", ""data_provider"": ""OpenStreetMap"", ""latitude"": -35.357667602045, ""longitude"": 150.47330748626, ""number_of_plugs"": null, ""number_of_plugs_quality"": ""missing_or_suspicious"", ""number_of_plugs_raw"": null, ""number_of_plugs_semantics"": ""OSM charge_points_count; values above 100 are withheld as suspicious"", ""opening_hours"": """", ""operator"": """", ""osm_last_updated"": ""2025-02-19"", ""plug_types"": ""CCS|CHAdeMO"", ""power_kw_max"": null, ""power_kw_min"": null, ""power_kw_values"": [], ""station_name"": """"}",1,1,,accepted,coordinate_and_fuzzy_address,0.08587394859630026,0.9811320754716981,179ada28-f0c6-4431-a1fc-bbb2e5ec26d6-AUCHB25390001,"93 Princes Highway, Ulladulla, NSW 2539","{""charger_capacities"": 25.0, ""connector_types_normalized"": ""CCS;CHAdeMO"", ""data_provider"": ""Charge@Large"", ""dc_port_count"": 4, ""latitude"": -35.35765, ""longitude"": 150.47338, ""number_of_plugs"": 4, ""number_of_plugs_quality"": ""reported_from_dc_port_count"", ""number_of_plugs_semantics"": ""Charge@Large DC-indicated port count"", ""operator"": """", ""plug_types"": ""CCS2|CHADEMO"", ""power_kw_max"": 25.0, ""power_kw_min"": 25.0, ""power_kw_values"": [25.0], ""station_address"": ""93 Princes Highway, Ulladulla, NSW 2539"", ""station_name"": ""Rowans Arcade"", ""status_counts"": ""{\""Available\"": 4}"", ""total_port_count"": 4}",2,1,,accepted,coordinate_and_fuzzy_address,0.08587394859630026,0.9811320754716981,179ada28-f0c6-4431-a1fc-bbb2e5ec26d6-AUCHB25390001,"93 Princes Highway, Ulladulla, NSW 2539","{""charger_capacities"": 25.0, ""connector_types_normalized"": ""CCS;CHAdeMO"", ""data_provider"": ""Charge@Large"", ""dc_port_count"": 4, ""latitude"": -35.35765, ""longitude"": 150.47338, ""number_of_plugs"": 4, ""number_of_plugs_quality"": ""reported_from_dc_port_count"", ""number_of_plugs_semantics"": ""Charge@Large DC-indicated port count"", ""operator"": """", ""plug_types"": ""CCS2|CHADEMO"", ""power_kw_max"": 25.0, ""power_kw_min"": 25.0, ""power_kw_values"": [25.0], ""station_address"": ""93 Princes Highway, Ulladulla, NSW 2539"", ""station_name"": ""Rowans Arcade"", ""status_counts"": ""{\""Available\"": 4}"", ""total_port_count"": 4}",1,1,,accepted,accepted
778,,"930 Old Northern Road, Glenorie NSW 2157",Evie Networks,4,DC,75 kW,-33.60191393,151.0082442,The Hills Shire Council,2157,ARENA - Driving the Nation,unmatched,unmatched,,,,,{},0,0,,unmatched,unmatched,,,,,{},0,0,,unmatched,unmatched,,,,,{},0,0,,unmatched,unmatched,,,,,{},0,0,,unmatched,unmatched,,,,,{},0,0,,unmatched,unmatched
782,,"9-49 Chapel Road, Bankstown NSW 2200",Evie Networks,4,DC,50 kW,-33.931975,151.030127,Canterbury Bankstown Council,2200,ARENA - Driving the Nation,accepted,coordinate_500m,5.11672680745024,0.8311320754716981,191160,"9-49 Chapel Road, Bankstown, NSW","{""charger_capacities"": ""50 kW"", ""connector_types_normalized"": ""CCS;CHAdeMO"", ""data_provider"": ""Open Charge Map"", ""general_comments"": """", ""is_operational"": true, ""last_verified"": ""2023-07-16T12:30:00Z"", ""latitude"": -33.93201456375411, ""longitude"": 151.03015532131081, ""number_of_plugs"": 2.0, ""number_of_plugs_quality"": ""reported_or_derived_from_connection_quantity"", ""number_of_plugs_semantics"": ""OCM NumberOfPoints or positive connection Quantity"", ""operational_status"": ""operational"", ""operator"": ""Evie"", ""plug_types"": ""CCS (Type 2); CHAdeMO"", ""power_kw_max"": 50.0, ""power_kw_min"": 50.0, ""power_kw_values"": [50.0], ""station_address"": ""9-49 Chapel Road, Bankstown, NSW"", ""station_name"": ""Bankstown [Evie]"", ""status"": ""Operational"", ""usage_cost"": ""$0.40/kWh""}",2,2,188.0913249467493,accepted,coordinate_500m,9.054177064968549,0.0,9363608762,,"{""access_condition"": ""Free Access"", ""charger_capacities"": null, ""connector_types_normalized"": ""CCS;CHAdeMO"", ""data_provider"": ""OpenStreetMap"", ""latitude"": -33.9320564112112, ""longitude"": 151.030128881103, ""number_of_plugs"": null, ""number_of_plugs_quality"": ""missing_or_suspicious"", ""number_of_plugs_raw"": null, ""number_of_plugs_semantics"": ""OSM charge_points_count; values above 100 are withheld as suspicious"", ""opening_hours"": """", ""operator"": ""Evie Networks"", ""osm_last_updated"": ""2026-05-30"", ""plug_types"": ""CCS|CHAdeMO"", ""power_kw_max"": null, ""power_kw_min"": null, ""power_kw_values"": [], ""station_name"": """"}",2,2,165.81381347195534,accepted,coordinate_500m,9.054177064968549,0.0,9363608762,,"{""access_condition"": ""Free Access"", ""charger_capacities"": null, ""connector_types_normalized"": ""CCS;CHAdeMO"", ""data_provider"": ""OpenStreetMap"", ""latitude"": -33.9320564112112, ""longitude"": 151.030128881103, ""number_of_plugs"": null, ""number_of_plugs_quality"": ""missing_or_suspicious"", ""number_of_plugs_raw"": null, ""number_of_plugs_semantics"": ""OSM charge_points_count; values above 100 are withheld as suspicious"", ""opening_hours"": """", ""operator"": ""Evie Networks"", ""osm_last_updated"": ""2026-05-30"", ""plug_types"": ""CCS|CHAdeMO"", ""power_kw_max"": null, ""power_kw_min"": null, ""power_kw_values"": [], ""station_name"": """"}",2,2,165.81381347195534,unmatched,unmatched,,,,,{},0,0,,unmatched,unmatched,,,,,{},0,0,,accepted,accepted
784,,"96 Mackay Avenue, Yoogali NSW 2680",Chargefox,2,DC,50 kW,-34.29922127,146.0782252,Griffith City Council,2680,Existing Fast Chargers,accepted,coordinate_500m,73.21476519031238,0.33644501278772376,306014,"Owen Drive, Yoogali, New South Wales, 2680","{""charger_capacities"": ""50 kW"", ""connector_types_normalized"": ""CCS"", ""data_provider"": ""Open Charge Map"", ""general_comments"": """", ""is_operational"": true, ""last_verified"": ""2024-11-14T09:54:00Z"", ""latitude"": -34.299877486665665, ""longitude"": 146.0781598113113, ""number_of_plugs"": 2.0, ""number_of_plugs_quality"": ""reported_or_derived_from_connection_quantity"", ""number_of_plugs_semantics"": ""OCM NumberOfPoints or positive connection Quantity"", ""operational_status"": ""operational"", ""operator"": ""Chargefox"", ""plug_types"": ""CCS (Type 2)"", ""power_kw_max"": 50.0, ""power_kw_min"": 50.0, ""power_kw_values"": [50.0], ""station_address"": ""Owen Drive, Yoogali, New South Wales, 2680"", ""station_name"": ""Owen Toyota"", ""status"": ""Operational"", ""usage_cost"": ""$0.40/kWh""}",1,1,,accepted,coordinate_500m,7.263591052696893,0.0,11963693701,,"{""access_condition"": ""Free Access"", ""charger_capacities"": null, ""connector_types_normalized"": ""CCS"", ""data_provider"": ""OpenStreetMap"", ""latitude"": -34.2992293677644, ""longitude"": 146.078303663524, ""number_of_plugs"": null, ""number_of_plugs_quality"": ""missing_or_suspicious"", ""number_of_plugs_raw"": null, ""number_of_plugs_semantics"": ""OSM charge_points_count; values above 100 are withheld as suspicious"", ""opening_hours"": """", ""operator"": ""Chargefox"", ""osm_last_updated"": ""2024-06-08"", ""plug_types"": ""CCS"", ""power_kw_max"": null, ""power_kw_min"": null, ""power_kw_values"": [], ""station_name"": """"}",1,1,,accepted,coordinate_500m,7.263591052696893,0.0,11963693701,,"{""access_condition"": ""Free Access"", ""charger_capacities"": null, ""connector_types_normalized"": ""CCS"", ""data_provider"": ""OpenStreetMap"", ""latitude"": -34.2992293677644, ""longitude"": 146.078303663524, ""number_of_plugs"": null, ""number_of_plugs_quality"": ""missing_or_suspicious"", ""number_of_plugs_raw"": null, ""number_of_plugs_semantics"": ""OSM charge_points_count; values above 100 are withheld as suspicious"", ""opening_hours"": """", ""operator"": ""Chargefox"", ""osm_last_updated"": ""2024-06-08"", ""plug_types"": ""CCS"", ""power_kw_max"": null, ""power_kw_min"": null, ""power_kw_values"": [], ""station_name"": """"}",1,1,,unmatched,unmatched,,,,,{},0,0,,unmatched,unmatched,,,,,{},0,0,,accepted,accepted
786,,"96-100 Centennial Circuit, Byron Bay NSW 2481",Chargefox,1,DC,80 kW,-28.6372513,153.5806587,Byron Shire Council,2481,Existing Fast Chargers,unmatched,unmatched,,,,,{},0,0,,unmatched,unmatched,,,,,{},0,0,,unmatched,unmatched,,,,,{},0,0,,unmatched,unmatched,,,,,{},0,0,,unmatched,unmatched,,,,,{},0,0,,unmatched,unmatched
790,,"97R Brook Street, Sydney NSW 2034",Chargefox,2,DC,42 kW,-33.91910615,151.2547838,Randwick City Council,2034,Existing Fast Chargers,unmatched,unmatched,,,,,{},0,0,,unmatched,unmatched,,,,,{},0,0,,unmatched,unmatched,,,,,{},0,0,,accepted,coordinate_500m,393.6911157250608,0.5122727272727273,baaffa39-0adb-422e-a7bf-4b391d232b5d-75,"110 Beach St, Coogee NSW 2034, Australia, Coogee, NSW 2034","{""charger_capacities"": 22.0, ""connector_types_normalized"": ""Type2"", ""data_provider"": ""Charge@Large"", ""dc_port_count"": 1, ""latitude"": -33.917682, ""longitude"": 151.25869, ""number_of_plugs"": 1, ""number_of_plugs_quality"": ""reported_from_dc_port_count"", ""number_of_plugs_semantics"": ""Charge@Large DC-indicated port count"", ""operator"": """", ""plug_types"": ""TYPE2"", ""power_kw_max"": 22.0, ""power_kw_min"": 22.0, ""power_kw_values"": [22.0], ""station_address"": ""110 Beach St, Coogee NSW 2034, Australia, Coogee, NSW 2034"", ""station_name"": ""110 Beach St Coogee NSW 2034"", ""status_counts"": ""{\""Available\"": 1}"", ""total_port_count"": 1}",1,1,,unmatched,unmatched,,,,,{},0,0,,accepted,unmatched
791,,"98-100 Windsor Road Cnr Lombard Road, Northmead NSW 2152",Ampol,2,DC,125 kW,-33.7878745,150.9946557,"Parramatta, Council of the City of",2152,ARENA - Driving the Nation,unmatched,unmatched,,,,,{},0,0,,accepted,coordinate_500m,13.09271242107275,0.0,9965036281,,"{""access_condition"": ""Free Access"", ""charger_capacities"": null, ""connector_types_normalized"": ""CCS;CHAdeMO"", ""data_provider"": ""OpenStreetMap"", ""latitude"": -33.7877640435549, ""longitude"": 150.994606626911, ""number_of_plugs"": null, ""number_of_plugs_quality"": ""missing_or_suspicious"", ""number_of_plugs_raw"": null, ""number_of_plugs_semantics"": ""OSM charge_points_count; values above 100 are withheld as suspicious"", ""opening_hours"": """", ""operator"": ""AmpCharge"", ""osm_last_updated"": ""2023-04-03"", ""plug_types"": ""CCS|CHAdeMO"", ""power_kw_max"": null, ""power_kw_min"": null, ""power_kw_values"": [], ""station_name"": """"}",1,1,,accepted,coordinate_500m,13.09271242107275,0.0,9965036281,,"{""access_condition"": ""Free Access"", ""charger_capacities"": null, ""connector_types_normalized"": ""CCS;CHAdeMO"", ""data_provider"": ""OpenStreetMap"", ""latitude"": -33.7877640435549, ""longitude"": 150.994606626911, ""number_of_plugs"": null, ""number_of_plugs_quality"": ""missing_or_suspicious"", ""number_of_plugs_raw"": null, ""number_of_plugs_semantics"": ""OSM charge_points_count; values above 100 are withheld as suspicious"", ""opening_hours"": """", ""operator"": ""AmpCharge"", ""osm_last_updated"": ""2023-04-03"", ""plug_types"": ""CCS|CHAdeMO"", ""power_kw_max"": null, ""power_kw_min"": null, ""power_kw_values"": [], ""station_name"": """"}",1,1,,unmatched,unmatched,,,,,{},0,0,,unmatched,unmatched,,,,,{},0,0,,accepted,accepted
800,,"Anderson Street, Sydney NSW 2067",Exploren,2,DC,50 kW,-33.79641046,151.1836096,Willoughby City Council,2067,Existing Fast Chargers,accepted,coordinate_500m,298.46919478646475,0.2975040257648953,266872,"345 Victoria Avenue, Chatswood, NSW, 2067","{""charger_capacities"": ""120 kW"", ""connector_types_normalized"": ""CCS"", ""data_provider"": ""Open Charge Map"", ""general_comments"": ""While marked as 120kW on both ports this will be split 60/60kW if two cars are plugged in."", ""is_operational"": true, ""last_verified"": ""2023-07-13T08:44:00Z"", ""latitude"": -33.79511781061279, ""longitude"": 151.18644036778977, ""number_of_plugs"": 2.0, ""number_of_plugs_quality"": ""reported_or_derived_from_connection_quantity"", ""number_of_plugs_semantics"": ""OCM NumberOfPoints or positive connection Quantity"", ""operational_status"": ""operational"", ""operator"": ""Chargefox"", ""plug_types"": ""CCS (Type 2)"", ""power_kw_max"": 120.0, ""power_kw_min"": 120.0, ""power_kw_values"": [120.0], ""station_address"": ""345 Victoria Avenue, Chatswood, NSW, 2067"", ""station_name"": ""Chatswood Chase Chargefox"", ""status"": ""Operational"", ""usage_cost"": ""$0.45/kWh""}",1,1,,accepted,coordinate_500m,24.731852419881456,0.0,6753244994,,"{""access_condition"": ""Free Access"", ""charger_capacities"": null, ""connector_types_normalized"": """", ""data_provider"": ""OpenStreetMap"", ""latitude"": -33.796509050774, ""longitude"": 151.183369684768, ""number_of_plugs"": 2, ""number_of_plugs_quality"": ""valid"", ""number_of_plugs_raw"": 2, ""number_of_plugs_semantics"": ""OSM charge_points_count; values above 100 are withheld as suspicious"", ""opening_hours"": """", ""operator"": ""JET Charge"", ""osm_last_updated"": ""2026-06-28"", ""plug_types"": """", ""power_kw_max"": null, ""power_kw_min"": null, ""power_kw_values"": [], ""station_name"": """"}",3,3,346.4526461997255,unmatched,unmatched,,,,,{},0,0,,accepted,coordinate_500m,0.04668178044545294,0.8166666666666668,15d06bf5-6b4a-425d-9312-bae4b17cc22b-1992,"370 Anderson St, Chatswood, NSW 2067","{""charger_capacities"": 50.0, ""connector_types_normalized"": ""CCS"", ""data_provider"": ""Charge@Large"", ""dc_port_count"": 2, ""latitude"": -33.7964104, ""longitude"": 151.1836091, ""number_of_plugs"": 2, ""number_of_plugs_quality"": ""reported_from_dc_port_count"", ""number_of_plugs_semantics"": ""Charge@Large DC-indicated port count"", ""operator"": """", ""plug_types"": ""CCS2"", ""power_kw_max"": 50.0, ""power_kw_min"": 50.0, ""power_kw_values"": [50.0], ""station_address"": ""370 Anderson St, Chatswood, NSW 2067"", ""station_name"": ""Willoughby City Council - Anderson St"", ""status_counts"": ""{\""Available\"": 2}"", ""total_port_count"": 2}",9,9,127.60184905664947,accepted,coordinate_500m,0.04668178044545294,0.8166666666666668,15d06bf5-6b4a-425d-9312-bae4b17cc22b-1992,"370 Anderson St, Chatswood, NSW 2067","{""charger_capacities"": 50.0, ""connector_types_normalized"": ""CCS"", ""data_provider"": ""Charge@Large"", ""dc_port_count"": 2, ""latitude"": -33.7964104, ""longitude"": 151.1836091, ""number_of_plugs"": 2, ""number_of_plugs_quality"": ""reported_from_dc_port_count"", ""number_of_plugs_semantics"": ""Charge@Large DC-indicated port count"", ""operator"": """", ""plug_types"": ""CCS2"", ""power_kw_max"": 50.0, ""power_kw_min"": 50.0, ""power_kw_values"": [50.0], ""station_address"": ""370 Anderson St, Chatswood, NSW 2067"", ""station_name"": ""Willoughby City Council - Anderson St"", ""status_counts"": ""{\""Available\"": 2}"", ""total_port_count"": 2}",4,4,384.3669764046442,accepted,accepted
803,,"Avenue Road, Sydney NSW 2088",BP,2,DC,75 kW,-33.83197602,151.2373874,Mosman Municipal Council,2088,Existing Fast Chargers,unmatched,unmatched,,,,,{},0,0,,unmatched,unmatched,,,,,{},0,0,,unmatched,unmatched,,,,,{},0,0,,unmatched,unmatched,,,,,{},0,0,,unmatched,unmatched,,,,,{},0,0,,unmatched,unmatched
804,,"B640 Princes Highway, Berry NSW 2535",Tesla,12,DC,130 kW,-34.80794299,150.637044,Shoalhaven City Council,2535,Existing Fast Chargers,accepted,coordinate_500m,46.04643961691693,0.729591836734694,128374,"B640 Princes Highway, Berry","{""charger_capacities"": ""120 kW"", ""connector_types_normalized"": ""CCS"", ""data_provider"": ""Open Charge Map"", ""general_comments"": ""Charging6 Superchargers, available 24/7, up to 120kW"", ""is_operational"": true, ""last_verified"": ""2023-08-30T06:17:00Z"", ""latitude"": -34.808254, ""longitude"": 150.636711, ""number_of_plugs"": 6.0, ""number_of_plugs_quality"": ""reported_or_derived_from_connection_quantity"", ""number_of_plugs_semantics"": ""OCM NumberOfPoints or positive connection Quantity"", ""operational_status"": ""operational"", ""operator"": ""Tesla (including non-tesla)"", ""plug_types"": ""CCS (Type 2)"", ""power_kw_max"": 120.0, ""power_kw_min"": 120.0, ""power_kw_values"": [120.0], ""station_address"": ""B640 Princes Highway, Berry"", ""station_name"": ""Berry Supercharger"", ""status"": ""Operational"", ""usage_cost"": ""AUD 0.42/kWh;other tariffs for older cars""}",1,1,,accepted,coordinate_500m,48.54550963471561,0.0,6525751310,,"{""access_condition"": ""Free Access"", ""charger_capacities"": null, ""connector_types_normalized"": ""CCS"", ""data_provider"": ""OpenStreetMap"", ""latitude"": -34.8082768481844, ""longitude"": 150.636701373058, ""number_of_plugs"": 6, ""number_of_plugs_quality"": ""valid"", ""number_of_plugs_raw"": 6, ""number_of_plugs_semantics"": ""OSM charge_points_count; values above 100 are withheld as suspicious"", ""opening_hours"": ""24/7"", ""operator"": ""Tesla"", ""osm_last_updated"": ""2026-03-29"", ""plug_types"": ""CCS"", ""power_kw_max"": null, ""power_kw_min"": null, ""power_kw_values"": [], ""station_name"": ""Tesla Supercharger""}",1,1,,accepted,coordinate_500m,48.54550963471561,0.0,6525751310,,"{""access_condition"": ""Free Access"", ""charger_capacities"": null, ""connector_types_normalized"": ""CCS"", ""data_provider"": ""OpenStreetMap"", ""latitude"": -34.8082768481844, ""longitude"": 150.636701373058, ""number_of_plugs"": 6, ""number_of_plugs_quality"": ""valid"", ""number_of_plugs_raw"": 6, ""number_of_plugs_semantics"": ""OSM charge_points_count; values above 100 are withheld as suspicious"", ""opening_hours"": ""24/7"", ""operator"": ""Tesla"", ""osm_last_updated"": ""2026-03-29"", ""plug_types"": ""CCS"", ""power_kw_max"": null, ""power_kw_min"": null, ""power_kw_values"": [], ""station_name"": ""Tesla Supercharger""}",1,1,,unmatched,unmatched,,,,,{},0,0,,unmatched,unmatched,,,,,{},0,0,,accepted,accepted
809,,"Bellambi Lane, Wollongong NSW 2518",Exploren,2,DC,120 kW,-34.36218023,150.907982,Wollongong City Council,2518,Existing Fast Chargers,unmatched,unmatched,,,,,{},0,0,,unmatched,unmatched,,,,,{},0,0,,unmatched,unmatched,,,,,{},0,0,,accepted,coordinate_500m,0.14635964313532432,0.46808510638297873,15d06bf5-6b4a-425d-9312-bae4b17cc22b-1888,"Ln & Watts Ln, Bellambi, NSW 2518","{""charger_capacities"": 120.0, ""connector_types_normalized"": ""CCS"", ""data_provider"": ""Charge@Large"", ""dc_port_count"": 2, ""latitude"": -34.3621796, ""longitude"": 150.9079806, ""number_of_plugs"": 2, ""number_of_plugs_quality"": ""reported_from_dc_port_count"", ""number_of_plugs_semantics"": ""Charge@Large DC-indicated port count"", ""operator"": """", ""plug_types"": ""CCS2"", ""power_kw_max"": 120.0, ""power_kw_min"": 120.0, ""power_kw_values"": [120.0], ""station_address"": ""Ln & Watts Ln, Bellambi, NSW 2518"", ""station_name"": ""Bunnings Bellambi"", ""status_counts"": ""{\""Available\"": 2}"", ""total_port_count"": 2}",1,1,,accepted,coordinate_500m,0.14635964313532432,0.46808510638297873,15d06bf5-6b4a-425d-9312-bae4b17cc22b-1888,"Ln & Watts Ln, Bellambi, NSW 2518","{""charger_capacities"": 120.0, ""connector_types_normalized"": ""CCS"", ""data_provider"": ""Charge@Large"", ""dc_port_count"": 2, ""latitude"": -34.3621796, ""longitude"": 150.9079806, ""number_of_plugs"": 2, ""number_of_plugs_quality"": ""reported_from_dc_port_count"", ""number_of_plugs_semantics"": ""Charge@Large DC-indicated port count"", ""operator"": """", ""plug_types"": ""CCS2"", ""power_kw_max"": 120.0, ""power_kw_min"": 120.0, ""power_kw_values"": [120.0], ""station_address"": ""Ln & Watts Ln, Bellambi, NSW 2518"", ""station_name"": ""Bunnings Bellambi"", ""status_counts"": ""{\""Available\"": 2}"", ""total_port_count"": 2}",1,1,,accepted,accepted
810,,"Berowra Railway Station, Pacific Highway, Berowra, New South Wales NSW 2081",JOLT,1,DC,25 kW,-33.623906,151.151802,"Hornsby, The Council of the Shire of",2081,TfNSW Commuter Car Parks,accepted,coordinate_500m,355.62727833955904,0.39618096357226795,272620,"6 Boundary Street, Berowra, New South Wales, 2081","{""charger_capacities"": ""75 kW"", ""connector_types_normalized"": ""CCS"", ""data_provider"": ""Open Charge Map"", ""general_comments"": """", ""is_operational"": true, ""last_verified"": ""2023-07-15T09:11:00Z"", ""latitude"": -33.621379, ""longitude"": 151.1494478, ""number_of_plugs"": 2.0, ""number_of_plugs_quality"": ""reported_or_derived_from_connection_quantity"", ""number_of_plugs_semantics"": ""OCM NumberOfPoints or positive connection Quantity"", ""operational_status"": ""operational"", ""operator"": ""Chargefox"", ""plug_types"": ""CCS (Type 2)"", ""power_kw_max"": 75.0, ""power_kw_min"": 75.0, ""power_kw_values"": [75.0], ""station_address"": ""6 Boundary Street, Berowra, New South Wales, 2081"", ""station_name"": ""Berowra Tennis Centre"", ""status"": ""Operational"", ""usage_cost"": ""$0.60/kWh""}",1,1,,accepted,coordinate_500m,351.8952368417858,0.0,12167440484,,"{""access_condition"": ""Free Access"", ""charger_capacities"": null, ""connector_types_normalized"": ""CCS"", ""data_provider"": ""OpenStreetMap"", ""latitude"": -33.6214768076001, ""longitude"": 151.149366147612, ""number_of_plugs"": null, ""number_of_plugs_quality"": ""missing_or_suspicious"", ""number_of_plugs_raw"": null, ""number_of_plugs_semantics"": ""OSM charge_points_count; values above 100 are withheld as suspicious"", ""opening_hours"": """", ""operator"": ""Chargefox"", ""osm_last_updated"": ""2024-09-10"", ""plug_types"": ""CCS"", ""power_kw_max"": null, ""power_kw_min"": null, ""power_kw_values"": [], ""station_name"": """"}",1,1,,accepted,coordinate_500m,351.8952368417858,0.0,12167440484,,"{""access_condition"": ""Free Access"", ""charger_capacities"": null, ""connector_types_normalized"": ""CCS"", ""data_provider"": ""OpenStreetMap"", ""latitude"": -33.6214768076001, ""longitude"": 151.149366147612, ""number_of_plugs"": null, ""number_of_plugs_quality"": ""missing_or_suspicious"", ""number_of_plugs_raw"": null, ""number_of_plugs_semantics"": ""OSM charge_points_count; values above 100 are withheld as suspicious"", ""opening_hours"": """", ""operator"": ""Chargefox"", ""osm_last_updated"": ""2024-09-10"", ""plug_types"": ""CCS"", ""power_kw_max"": null, ""power_kw_min"": null, ""power_kw_values"": [], ""station_name"": """"}",1,1,,unmatched,unmatched,,,,,{},0,0,,unmatched,unmatched,,,,,{},0,0,,accepted,accepted
814,,"Bryant Drive, Central Coast NSW 2259",Tesla,12,DC,130 kW,-33.31010015,151.4206827,Central Coast Council,2259,Existing Fast Chargers,accepted,coordinate_500m,127.25101216099883,0.6445454545454545,128371,"Bryant Drive & Wyong Road, Tuggerah","{""charger_capacities"": ""120 kW"", ""connector_types_normalized"": ""CCS"", ""data_provider"": ""Open Charge Map"", ""general_comments"": """", ""is_operational"": true, ""last_verified"": ""2021-12-19T02:09:00Z"", ""latitude"": -33.309014, ""longitude"": 151.421114, ""number_of_plugs"": 6.0, ""number_of_plugs_quality"": ""reported_or_derived_from_connection_quantity"", ""number_of_plugs_semantics"": ""OCM NumberOfPoints or positive connection Quantity"", ""operational_status"": ""operational"", ""operator"": ""Tesla (Tesla-only charging)"", ""plug_types"": ""CCS (Type 2)"", ""power_kw_max"": 120.0, ""power_kw_min"": 120.0, ""power_kw_values"": [120.0], ""station_address"": ""Bryant Drive & Wyong Road, Tuggerah"", ""station_name"": ""Central Coast Supercharger [Tesla]"", ""status"": ""Operational"", ""usage_cost"": ""$0.52/kWh""}",1,1,,accepted,coordinate_500m,13.172748970380386,0.0,6517096170,,"{""access_condition"": ""Free Access"", ""charger_capacities"": null, ""connector_types_normalized"": """", ""data_provider"": ""OpenStreetMap"", ""latitude"": -33.3101932079415, ""longitude"": 151.420594978937, ""number_of_plugs"": null, ""number_of_plugs_quality"": ""missing_or_suspicious"", ""number_of_plugs_raw"": null, ""number_of_plugs_semantics"": ""OSM charge_points_count; values above 100 are withheld as suspicious"", ""opening_hours"": ""24/7"", ""operator"": ""Tesla"", ""osm_last_updated"": ""2026-03-29"", ""plug_types"": """", ""power_kw_max"": null, ""power_kw_min"": null, ""power_kw_values"": [], ""station_name"": ""Tesla Supercharger""}",1,1,,unmatched,unmatched,,,,,{},0,0,,unmatched,unmatched,,,,,{},0,0,,unmatched,unmatched,,,,,{},0,0,,accepted,accepted
816,,"Bunnerong Road, Sydney NSW 2036",Chargefox,2,DC,40 kW,-33.97296101,151.2365656,Randwick City Council,2036,Existing Fast Chargers,accepted,coordinate_and_fuzzy_address,86.93644661352941,0.8509433962264151,272619,"439 Bunnerong Road, Chifley, New South Wales, 2036","{""charger_capacities"": ""25 kW"", ""connector_types_normalized"": ""CCS;CHAdeMO"", ""data_provider"": ""Open Charge Map"", ""general_comments"": """", ""is_operational"": true, ""last_verified"": ""2023-07-15T09:08:00Z"", ""latitude"": -33.97374, ""longitude"": 151.236646, ""number_of_plugs"": 8.0, ""number_of_plugs_quality"": ""reported_or_derived_from_connection_quantity"", ""number_of_plugs_semantics"": ""OCM NumberOfPoints or positive connection Quantity"", ""operational_status"": ""operational"", ""operator"": ""Chargefox"", ""plug_types"": ""CCS (Type 2); CHAdeMO"", ""power_kw_max"": 25.0, ""power_kw_min"": 25.0, ""power_kw_values"": [25.0], ""station_address"": ""439 Bunnerong Road, Chifley, New South Wales, 2036"", ""station_name"": ""The Heffron Centre"", ""status"": ""Operational"", ""usage_cost"": ""Free - $0.42/kWh""}",1,1,,unmatched,unmatched,,,,,{},0,0,,unmatched,unmatched,,,,,{},0,0,,unmatched,unmatched,,,,,{},0,0,,unmatched,unmatched,,,,,{},0,0,,accepted,accepted
818,,"Camden Valley Way &, Somerset Avenue, Narellan NSW 2567",Evie Networks,4,DC,150 kW,-34.0397301,150.7385139,Camden Council,2022,ARENA - Driving the Nation,unmatched,unmatched,,,,,{},0,0,,accepted,coordinate_500m,363.00083949899454,0.0,11695236309,,"{""access_condition"": ""Free Access"", ""charger_capacities"": null, ""connector_types_normalized"": ""CCS;CHAdeMO"", ""data_provider"": ""OpenStreetMap"", ""latitude"": -34.0418122364884, ""longitude"": 150.735479587387, ""number_of_plugs"": null, ""number_of_plugs_quality"": ""missing_or_suspicious"", ""number_of_plugs_raw"": null, ""number_of_plugs_semantics"": ""OSM charge_points_count; values above 100 are withheld as suspicious"", ""opening_hours"": """", ""operator"": ""Evie Networks"", ""osm_last_updated"": ""2024-03-05"", ""plug_types"": ""CCS|CHAdeMO"", ""power_kw_max"": null, ""power_kw_min"": null, ""power_kw_values"": [], ""station_name"": """"}",3,3,66.11182709638985,accepted,coordinate_500m,363.00083949899454,0.0,11695236309,,"{""access_condition"": ""Free Access"", ""charger_capacities"": null, ""connector_types_normalized"": ""CCS;CHAdeMO"", ""data_provider"": ""OpenStreetMap"", ""latitude"": -34.0418122364884, ""longitude"": 150.735479587387, ""number_of_plugs"": null, ""number_of_plugs_quality"": ""missing_or_suspicious"", ""number_of_plugs_raw"": null, ""number_of_plugs_semantics"": ""OSM charge_points_count; values above 100 are withheld as suspicious"", ""opening_hours"": """", ""operator"": ""Evie Networks"", ""osm_last_updated"": ""2024-03-05"", ""plug_types"": ""CCS|CHAdeMO"", ""power_kw_max"": null, ""power_kw_min"": null, ""power_kw_values"": [], ""station_name"": """"}",2,2,66.11182709638985,accepted,coordinate_500m,486.42587244272494,0.2598974358974359,15d06bf5-6b4a-425d-9312-bae4b17cc22b-145,"Corner Queen &, Elyard St, Narellan, NSW 2567","{""charger_capacities"": 22.0, ""connector_types_normalized"": ""Type2"", ""data_provider"": ""Charge@Large"", ""dc_port_count"": 2, ""latitude"": -34.0438854, ""longitude"": 150.7368636, ""number_of_plugs"": 2, ""number_of_plugs_quality"": ""reported_from_dc_port_count"", ""number_of_plugs_semantics"": ""Charge@Large DC-indicated port count"", ""operator"": """", ""plug_types"": ""TYPE2"", ""power_kw_max"": 22.0, ""power_kw_min"": 22.0, ""power_kw_values"": [22.0], ""station_address"": ""Corner Queen &, Elyard St, Narellan, NSW 2567"", ""station_name"": ""Camden Council - Narellan Library"", ""status_counts"": ""{\""Available\"": 2}"", ""total_port_count"": 2}",1,1,,unmatched,unmatched,,,,,{},0,0,,accepted,accepted
820,,"Car Park Behind The Civic Centre, Orange NSW 2800",NRMA Electric,2,DC,50 kW,-33.28142647,149.1027898,Orange City Council,2800,Existing Fast Chargers,accepted,coordinate_500m,1.9078675135788796,0.3868421052631579,191954,"Orange Civic Theatre, Orange, New South Wales, 2800","{""charger_capacities"": ""50 kW"", ""connector_types_normalized"": ""CCS;CHAdeMO"", ""data_provider"": ""Open Charge Map"", ""general_comments"": """", ""is_operational"": true, ""last_verified"": ""2022-03-10T22:21:00Z"", ""latitude"": -33.28140950021562, ""longitude"": 149.10278676941653, ""number_of_plugs"": 1.0, ""number_of_plugs_quality"": ""reported_or_derived_from_connection_quantity"", ""number_of_plugs_semantics"": ""OCM NumberOfPoints or positive connection Quantity"", ""operational_status"": ""operational"", ""operator"": ""NRMA"", ""plug_types"": ""CCS (Type 2); CHAdeMO"", ""power_kw_max"": 50.0, ""power_kw_min"": 50.0, ""power_kw_values"": [50.0], ""station_address"": ""Orange Civic Theatre, Orange, New South Wales, 2800"", ""station_name"": ""Orange Civic Theatre"", ""status"": ""Operational"", ""usage_cost"": ""FREE""}",1,1,,accepted,coordinate_500m,4.195412401825111,0.0,13833992860,,"{""access_condition"": ""Free Access"", ""charger_capacities"": null, ""connector_types_normalized"": ""CCS"", ""data_provider"": ""OpenStreetMap"", ""latitude"": -33.2814536736163, ""longitude"": 149.102758526116, ""number_of_plugs"": 2, ""number_of_plugs_quality"": ""valid"", ""number_of_plugs_raw"": 2, ""number_of_plugs_semantics"": ""OSM charge_points_count; values above 100 are withheld as suspicious"", ""opening_hours"": ""24/7"", ""operator"": ""NRMA"", ""osm_last_updated"": ""2026-05-16"", ""plug_types"": ""CCS"", ""power_kw_max"": null, ""power_kw_min"": null, ""power_kw_values"": [], ""station_name"": """"}",3,3,87.15264078200182,accepted,coordinate_500m,4.195412401825111,0.0,13833992860,,"{""access_condition"": ""Free Access"", ""charger_capacities"": null, ""connector_types_normalized"": ""CCS"", ""data_provider"": ""OpenStreetMap"", ""latitude"": -33.2814536736163, ""longitude"": 149.102758526116, ""number_of_plugs"": 2, ""number_of_plugs_quality"": ""valid"", ""number_of_plugs_raw"": 2, ""number_of_plugs_semantics"": ""OSM charge_points_count; values above 100 are withheld as suspicious"", ""opening_hours"": ""24/7"", ""operator"": ""NRMA"", ""osm_last_updated"": ""2026-05-16"", ""plug_types"": ""CCS"", ""power_kw_max"": null, ""power_kw_min"": null, ""power_kw_values"": [], ""station_name"": """"}",1,1,,accepted,coordinate_500m,67.34791496551809,0.22741935483870968,15d06bf5-6b4a-425d-9312-bae4b17cc22b-1656,"151 Byng St, Orange, NSW 2800","{""charger_capacities"": 7.0, ""connector_types_normalized"": ""Type2"", ""data_provider"": ""Charge@Large"", ""dc_port_count"": 4, ""latitude"": -33.2817348, ""longitude"": 149.1034134, ""number_of_plugs"": 4, ""number_of_plugs_quality"": ""reported_from_dc_port_count"", ""number_of_plugs_semantics"": ""Charge@Large DC-indicated port count"", ""operator"": """", ""plug_types"": ""TYPE2"", ""power_kw_max"": 7.0, ""power_kw_min"": 7.0, ""power_kw_values"": [7.0], ""station_address"": ""151 Byng St, Orange, NSW 2800"", ""station_name"": ""Orange City Council - City Library"", ""status_counts"": ""{\""Available\"": 4}"", ""total_port_count"": 4}",1,1,,unmatched,unmatched,,,,,{},0,0,,accepted,accepted
821,,"Car Park, 51 Evans Street (Victoria Park), Inverell NSW 2360",NRMA Electric,2,DC,75 kW,-35.1086448,147.3732036,Inverell Shire Council,2650,TfNSW Regional,accepted,coordinate_500m,57.25577418517359,0.3321428571428572,190500,"8 Cross Street, Wagga Wagga, NSW","{""charger_capacities"": ""50 kW"", ""connector_types_normalized"": ""CCS;CHAdeMO"", ""data_provider"": ""Open Charge Map"", ""general_comments"": """", ""is_operational"": true, ""last_verified"": ""2024-11-12T12:09:00Z"", ""latitude"": -35.10849079265241, ""longitude"": 147.37380421671998, ""number_of_plugs"": 1.0, ""number_of_plugs_quality"": ""reported_or_derived_from_connection_quantity"", ""number_of_plugs_semantics"": ""OCM NumberOfPoints or positive connection Quantity"", ""operational_status"": ""operational"", ""operator"": ""NRMA"", ""plug_types"": ""CCS (Type 2); CHAdeMO"", ""power_kw_max"": 50.0, ""power_kw_min"": 50.0, ""power_kw_values"": [50.0], ""station_address"": ""8 Cross Street, Wagga Wagga, NSW"", ""station_name"": ""Cross Street Carpark [NRMA]"", ""status"": ""Operational"", ""usage_cost"": ""$0.66/KWh""}",1,1,,accepted,coordinate_500m,47.27137231048085,0.0,7932870081,,"{""access_condition"": ""Free Access"", ""charger_capacities"": null, ""connector_types_normalized"": ""CCS;CHAdeMO"", ""data_provider"": ""OpenStreetMap"", ""latitude"": -35.1083685116306, ""longitude"": 147.373598555872, ""number_of_plugs"": 2, ""number_of_plugs_quality"": ""valid"", ""number_of_plugs_raw"": 2, ""number_of_plugs_semantics"": ""OSM charge_points_count; values above 100 are withheld as suspicious"", ""opening_hours"": """", ""operator"": ""NRMA"", ""osm_last_updated"": ""2023-03-17"", ""plug_types"": ""CCS|CHAdeMO"", ""power_kw_max"": null, ""power_kw_min"": null, ""power_kw_values"": [], ""station_name"": """"}",1,1,,accepted,coordinate_500m,47.27137231048085,0.0,7932870081,,"{""access_condition"": ""Free Access"", ""charger_capacities"": null, ""connector_types_normalized"": ""CCS;CHAdeMO"", ""data_provider"": ""OpenStreetMap"", ""latitude"": -35.1083685116306, ""longitude"": 147.373598555872, ""number_of_plugs"": 2, ""number_of_plugs_quality"": ""valid"", ""number_of_plugs_raw"": 2, ""number_of_plugs_semantics"": ""OSM charge_points_count; values above 100 are withheld as suspicious"", ""opening_hours"": """", ""operator"": ""NRMA"", ""osm_last_updated"": ""2023-03-17"", ""plug_types"": ""CCS|CHAdeMO"", ""power_kw_max"": null, ""power_kw_min"": null, ""power_kw_values"": [], ""station_name"": """"}",1,1,,unmatched,unmatched,,,,,{},0,0,,unmatched,unmatched,,,,,{},0,0,,accepted,accepted
822,,"Car Park, Little Hoskins Street, Temora NSW 2666",NRMA Electric,2,DC,50 kW,-30.9827002,151.5928644,Temora Shire Council,2354,TfNSW Regional,accepted,coordinate_500m,48.06071019439999,0.4398412698412699,480135,"10W Apsley Street, Walcha, NSW, 2354","{""charger_capacities"": """", ""connector_types_normalized"": ""CCS;CHAdeMO"", ""data_provider"": ""Open Charge Map"", ""general_comments"": """", ""is_operational"": true, ""last_verified"": ""2026-03-15T08:37:00Z"", ""latitude"": -30.983013170871303, ""longitude"": 151.59251668897264, ""number_of_plugs"": 2.0, ""number_of_plugs_quality"": ""reported_or_derived_from_connection_quantity"", ""number_of_plugs_semantics"": ""OCM NumberOfPoints or positive connection Quantity"", ""operational_status"": ""operational"", ""operator"": ""NRMA"", ""plug_types"": ""CCS (Type 2); CHAdeMO"", ""power_kw_max"": null, ""power_kw_min"": null, ""power_kw_values"": [], ""station_address"": ""10W Apsley Street, Walcha, NSW, 2354"", ""station_name"": ""NRMA EV Charger Walcha"", ""status"": ""Operational"", ""usage_cost"": """"}",1,1,,unmatched,unmatched,,,,,{},0,0,,unmatched,unmatched,,,,,{},0,0,,unmatched,unmatched,,,,,{},0,0,,unmatched,unmatched,,,,,{},0,0,,accepted,accepted
824,,"Castlereagh Road, Sydney NSW 2750",Ampol,2,DC,150 kW,-33.74298103,150.69296,Penrith City Council,2750,Existing Fast Chargers,accepted,coordinate_500m,5.861006075066234,0.4088050314465409,274056,"153 Coreen Ave, Penrith, NSW, 2750","{""charger_capacities"": ""180 kW; 100 kW"", ""connector_types_normalized"": ""CCS;CHAdeMO"", ""data_provider"": ""Open Charge Map"", ""general_comments"": """", ""is_operational"": true, ""last_verified"": ""2023-08-31T09:47:00Z"", ""latitude"": -33.7430336465433, ""longitude"": 150.69296375875626, ""number_of_plugs"": 1.0, ""number_of_plugs_quality"": ""reported_or_derived_from_connection_quantity"", ""number_of_plugs_semantics"": ""OCM NumberOfPoints or positive connection Quantity"", ""operational_status"": ""operational"", ""operator"": ""Ampol AmpCharge"", ""plug_types"": ""CCS (Type 2); CHAdeMO"", ""power_kw_max"": 180.0, ""power_kw_min"": 100.0, ""power_kw_values"": [100.0, 180.0], ""station_address"": ""153 Coreen Ave, Penrith, NSW, 2750"", ""station_name"": ""Ampol Foodary Penrith"", ""status"": ""Operational"", ""usage_cost"": ""$0.69/kWh for pay-as-you-go charging.""}",1,1,,accepted,coordinate_500m,1.8142836889794594,0.0,10924895189,,"{""access_condition"": ""Free Access"", ""charger_capacities"": null, ""connector_types_normalized"": ""CCS;CHAdeMO"", ""data_provider"": ""OpenStreetMap"", ""latitude"": -33.742995628153, ""longitude"": 150.692951235609, ""number_of_plugs"": 2, ""number_of_plugs_quality"": ""valid"", ""number_of_plugs_raw"": 2, ""number_of_plugs_semantics"": ""OSM charge_points_count; values above 100 are withheld as suspicious"", ""opening_hours"": """", ""operator"": ""AmpCharge"", ""osm_last_updated"": ""2025-08-23"", ""plug_types"": ""CCS|CHAdeMO"", ""power_kw_max"": null, ""power_kw_min"": null, ""power_kw_values"": [], ""station_name"": """"}",2,2,88.7741566186748,accepted,coordinate_500m,1.8142836889794594,0.0,10924895189,,"{""access_condition"": ""Free Access"", ""charger_capacities"": null, ""connector_types_normalized"": ""CCS;CHAdeMO"", ""data_provider"": ""OpenStreetMap"", ""latitude"": -33.742995628153, ""longitude"": 150.692951235609, ""number_of_plugs"": 2, ""number_of_plugs_quality"": ""valid"", ""number_of_plugs_raw"": 2, ""number_of_plugs_semantics"": ""OSM charge_points_count; values above 100 are withheld as suspicious"", ""opening_hours"": """", ""operator"": ""AmpCharge"", ""osm_last_updated"": ""2025-08-23"", ""plug_types"": ""CCS|CHAdeMO"", ""power_kw_max"": null, ""power_kw_min"": null, ""power_kw_values"": [], ""station_name"": """"}",2,2,88.7741566186748,unmatched,unmatched,,,,,{},0,0,,unmatched,unmatched,,,,,{},0,0,,accepted,accepted
825,,"Central Avenue 2, Sydney NSW 2015",Ampol,6,DC,150 kW,-33.89561066,151.1961411,"Sydney, Council of the City of",2015,Existing Fast Chargers,accepted,coordinate_and_fuzzy_address,30.542197525796073,0.9384615384615385,272614,"2 Central Avenue, Eveleigh, New South Wales, 2015","{""charger_capacities"": ""50 kW; 22 kW"", ""connector_types_normalized"": ""CCS;CHAdeMO;Type2"", ""data_provider"": ""Open Charge Map"", ""general_comments"": """", ""is_operational"": true, ""last_verified"": ""2023-07-15T07:56:00Z"", ""latitude"": -33.8955812, ""longitude"": 151.1958121, ""number_of_plugs"": 4.0, ""number_of_plugs_quality"": ""reported_or_derived_from_connection_quantity"", ""number_of_plugs_semantics"": ""OCM NumberOfPoints or positive connection Quantity"", ""operational_status"": ""operational"", ""operator"": ""Chargefox"", ""plug_types"": ""CCS (Type 2); CHAdeMO; Type 2 (Socket Only)"", ""power_kw_max"": 50.0, ""power_kw_min"": 22.0, ""power_kw_values"": [22.0, 50.0], ""station_address"": ""2 Central Avenue, Eveleigh, New South Wales, 2015"", ""station_name"": ""Mirvac South Eveleigh"", ""status"": ""Operational"", ""usage_cost"": ""Free""}",1,1,,unmatched,unmatched,,,,,{},0,0,,unmatched,unmatched,,,,,{},0,0,,accepted,coordinate_500m,431.45211007150385,0.3857142857142857,ac6d79e9-3d3d-4a6b-a3b2-99a06fe51e25-242,"49 Buckland St, Alexandria, NSW, 2015, City of Sydney, NSW 2015","{""charger_capacities"": 22.0, ""connector_types_normalized"": ""Type2"", ""data_provider"": ""Charge@Large"", ""dc_port_count"": 2, ""latitude"": -33.899251, ""longitude"": 151.197759, ""number_of_plugs"": 2, ""number_of_plugs_quality"": ""reported_from_dc_port_count"", ""number_of_plugs_semantics"": ""Charge@Large DC-indicated port count"", ""operator"": """", ""plug_types"": ""TYPE2"", ""power_kw_max"": 22.0, ""power_kw_min"": 22.0, ""power_kw_values"": [22.0], ""station_address"": ""49 Buckland St, Alexandria, NSW, 2015, City of Sydney, NSW 2015"", ""station_name"": ""49 Buckland St-Alexandria"", ""status_counts"": ""{\""Available\"": 2}"", ""total_port_count"": 2}",1,1,,unmatched,unmatched,,,,,{},0,0,,accepted,accepted
831,,"Cnr Dunheved Road & Henry Lawson Drive, Werrington NSW 2747",Ampol,2,DC,125 kW,-33.7463077,150.7413197,Penrith City Council,2747,ARENA - Driving the Nation,unmatched,unmatched,,,,,{},0,0,,accepted,coordinate_500m,97.43355842635398,0.0,11425340896,,"{""access_condition"": ""Free Access"", ""charger_capacities"": null, ""connector_types_normalized"": ""CCS;CHAdeMO"", ""data_provider"": ""OpenStreetMap"", ""latitude"": -33.7455280525588, ""longitude"": 150.740838724819, ""number_of_plugs"": 2, ""number_of_plugs_quality"": ""valid"", ""number_of_plugs_raw"": 2, ""number_of_plugs_semantics"": ""OSM charge_points_count; values above 100 are withheld as suspicious"", ""opening_hours"": """", ""operator"": ""AmpCharge"", ""osm_last_updated"": ""2025-08-23"", ""plug_types"": ""CCS|CHAdeMO"", ""power_kw_max"": null, ""power_kw_min"": null, ""power_kw_values"": [], ""station_name"": """"}",1,1,,accepted,coordinate_500m,97.43355842635398,0.0,11425340896,,"{""access_condition"": ""Free Access"", ""charger_capacities"": null, ""connector_types_normalized"": ""CCS;CHAdeMO"", ""data_provider"": ""OpenStreetMap"", ""latitude"": -33.7455280525588, ""longitude"": 150.740838724819, ""number_of_plugs"": 2, ""number_of_plugs_quality"": ""valid"", ""number_of_plugs_raw"": 2, ""number_of_plugs_semantics"": ""OSM charge_points_count; values above 100 are withheld as suspicious"", ""opening_hours"": """", ""operator"": ""AmpCharge"", ""osm_last_updated"": ""2025-08-23"", ""plug_types"": ""CCS|CHAdeMO"", ""power_kw_max"": null, ""power_kw_min"": null, ""power_kw_values"": [], ""station_name"": """"}",1,1,,unmatched,unmatched,,,,,{},0,0,,unmatched,unmatched,,,,,{},0,0,,accepted,accepted
832,,"Cnr Elara Bvd &, Northbourne Drive, Sydney NSW 2765",Evie Networks,4,DC,150 kW,-33.69514919,150.8213664,Blacktown City Council,2765,Existing Fast Chargers,unmatched,unmatched,,,,,{},0,0,,unmatched,unmatched,,,,,{},0,0,,unmatched,unmatched,,,,,{},0,0,,unmatched,unmatched,,,,,{},0,0,,unmatched,unmatched,,,,,{},0,0,,unmatched,unmatched
833,,"Cnr Herring & Waterloo Road, North Ryde NSW 2113",Evie Networks,4,DC,50 kW,-33.776893,151.122247,"Ryde, Council of the City of",2113,ARENA - Driving the Nation,accepted,coordinate_and_fuzzy_address,172.6282110806007,0.8588088088088088,272627,"Cnr Herring Rd & Waterloo Rd, North Ryde, NSW, 2113","{""charger_capacities"": ""50 kW"", ""connector_types_normalized"": ""CCS;CHAdeMO"", ""data_provider"": ""Open Charge Map"", ""general_comments"": """", ""is_operational"": true, ""last_verified"": ""2026-03-05T06:26:00Z"", ""latitude"": -33.777565954445315, ""longitude"": 151.12056384466786, ""number_of_plugs"": 2.0, ""number_of_plugs_quality"": ""reported_or_derived_from_connection_quantity"", ""number_of_plugs_semantics"": ""OCM NumberOfPoints or positive connection Quantity"", ""operational_status"": ""operational"", ""operator"": ""Evie"", ""plug_types"": ""CCS (Type 2); CHAdeMO"", ""power_kw_max"": 50.0, ""power_kw_min"": 50.0, ""power_kw_values"": [50.0], ""station_address"": ""Cnr Herring Rd & Waterloo Rd, North Ryde, NSW, 2113"", ""station_name"": ""Macquarie Centre"", ""status"": ""Operational"", ""usage_cost"": """"}",2,2,63.38944557060468,accepted,coordinate_500m,195.01964908785268,0.0,7270664150,,"{""access_condition"": ""Free Access"", ""charger_capacities"": null, ""connector_types_normalized"": """", ""data_provider"": ""OpenStreetMap"", ""latitude"": -33.778152934281, ""longitude"": 151.120779163925, ""number_of_plugs"": 10, ""number_of_plugs_quality"": ""valid"", ""number_of_plugs_raw"": 10, ""number_of_plugs_semantics"": ""OSM charge_points_count; values above 100 are withheld as suspicious"", ""opening_hours"": ""24/7"", ""operator"": ""Tesla"", ""osm_last_updated"": ""2026-03-29"", ""plug_types"": """", ""power_kw_max"": null, ""power_kw_min"": null, ""power_kw_values"": [], ""station_name"": ""Tesla Supercharger""}",2,2,1.9692794367079216,accepted,coordinate_500m,196.9889285245606,0.0,9536966801,,"{""access_condition"": ""Free Access"", ""charger_capacities"": null, ""connector_types_normalized"": ""CCS"", ""data_provider"": ""OpenStreetMap"", ""latitude"": -33.7780797602663, ""longitude"": 151.120664583308, ""number_of_plugs"": 4, ""number_of_plugs_quality"": ""valid"", ""number_of_plugs_raw"": 4, ""number_of_plugs_semantics"": ""OSM charge_points_count; values above 100 are withheld as suspicious"", ""opening_hours"": """", ""operator"": ""Evie Networks"", ""osm_last_updated"": ""2025-07-09"", ""plug_types"": ""CCS"", ""power_kw_max"": null, ""power_kw_min"": null, ""power_kw_values"": [], ""station_name"": """"}",1,1,,accepted,coordinate_500m,171.24610347921188,0.4088235294117647,e01de15b-1ce6-4c05-8f89-81b463696ce1-66f5faa6-420d-48fd-91cd-91314f4494b1,"88 Talavera Rd, Macquarie Park, NSW 2113","{""charger_capacities"": 22.17, ""connector_types_normalized"": ""Type2"", ""data_provider"": ""Charge@Large"", ""dc_port_count"": 3, ""latitude"": -33.775362, ""longitude"": 151.1220464, ""number_of_plugs"": 3, ""number_of_plugs_quality"": ""reported_from_dc_port_count"", ""number_of_plugs_semantics"": ""Charge@Large DC-indicated port count"", ""operator"": """", ""plug_types"": ""TYPE2"", ""power_kw_max"": 22.17, ""power_kw_min"": 22.17, ""power_kw_values"": [22.17], ""station_address"": ""88 Talavera Rd, Macquarie Park, NSW 2113"", ""station_name"": ""Meriton North Ryde"", ""status_counts"": ""{\""Available\"": 3}"", ""total_port_count"": 3}",1,1,,unmatched,unmatched,,,,,{},0,0,,accepted,accepted
834,,"Cnr Herring Road & Waterloo Road, Sydney NSW 2113",Tesla,20,DC,130 kW,-33.77721726,151.1208809,"Ryde, Council of the City of",2113,Existing Fast Chargers,accepted,coordinate_and_fuzzy_address,48.601202404179354,0.9750000000000001,272627,"Cnr Herring Rd & Waterloo Rd, North Ryde, NSW, 2113","{""charger_capacities"": ""50 kW"", ""connector_types_normalized"": ""CCS;CHAdeMO"", ""data_provider"": ""Open Charge Map"", ""general_comments"": """", ""is_operational"": true, ""last_verified"": ""2026-03-05T06:26:00Z"", ""latitude"": -33.777565954445315, ""longitude"": 151.12056384466786, ""number_of_plugs"": 2.0, ""number_of_plugs_quality"": ""reported_or_derived_from_connection_quantity"", ""number_of_plugs_semantics"": ""OCM NumberOfPoints or positive connection Quantity"", ""operational_status"": ""operational"", ""operator"": ""Evie"", ""plug_types"": ""CCS (Type 2); CHAdeMO"", ""power_kw_max"": 50.0, ""power_kw_min"": 50.0, ""power_kw_values"": [50.0], ""station_address"": ""Cnr Herring Rd & Waterloo Rd, North Ryde, NSW, 2113"", ""station_name"": ""Macquarie Centre"", ""status"": ""Operational"", ""usage_cost"": """"}",2,2,135.21071090762553,accepted,coordinate_500m,97.96744659803363,0.0,9536966801,,"{""access_condition"": ""Free Access"", ""charger_capacities"": null, ""connector_types_normalized"": ""CCS"", ""data_provider"": ""OpenStreetMap"", ""latitude"": -33.7780797602663, ""longitude"": 151.120664583308, ""number_of_plugs"": 4, ""number_of_plugs_quality"": ""valid"", ""number_of_plugs_raw"": 4, ""number_of_plugs_semantics"": ""OSM charge_points_count; values above 100 are withheld as suspicious"", ""opening_hours"": """", ""operator"": ""Evie Networks"", ""osm_last_updated"": ""2025-07-09"", ""plug_types"": ""CCS"", ""power_kw_max"": null, ""power_kw_min"": null, ""power_kw_values"": [], ""station_name"": """"}",2,2,6.49882788603297,accepted,coordinate_500m,97.96744659803363,0.0,9536966801,,"{""access_condition"": ""Free Access"", ""charger_capacities"": null, ""connector_types_normalized"": ""CCS"", ""data_provider"": ""OpenStreetMap"", ""latitude"": -33.7780797602663, ""longitude"": 151.120664583308, ""number_of_plugs"": 4, ""number_of_plugs_quality"": ""valid"", ""number_of_plugs_raw"": 4, ""number_of_plugs_semantics"": ""OSM charge_points_count; values above 100 are withheld as suspicious"", ""opening_hours"": """", ""operator"": ""Evie Networks"", ""osm_last_updated"": ""2025-07-09"", ""plug_types"": ""CCS"", ""power_kw_max"": null, ""power_kw_min"": null, ""power_kw_values"": [], ""station_name"": """"}",1,1,,accepted,coordinate_500m,232.72770256971108,0.4297014925373135,e01de15b-1ce6-4c05-8f89-81b463696ce1-66f5faa6-420d-48fd-91cd-91314f4494b1,"88 Talavera Rd, Macquarie Park, NSW 2113","{""charger_capacities"": 22.17, ""connector_types_normalized"": ""Type2"", ""data_provider"": ""Charge@Large"", ""dc_port_count"": 3, ""latitude"": -33.775362, ""longitude"": 151.1220464, ""number_of_plugs"": 3, ""number_of_plugs_quality"": ""reported_from_dc_port_count"", ""number_of_plugs_semantics"": ""Charge@Large DC-indicated port count"", ""operator"": """", ""plug_types"": ""TYPE2"", ""power_kw_max"": 22.17, ""power_kw_min"": 22.17, ""power_kw_values"": [22.17], ""station_address"": ""88 Talavera Rd, Macquarie Park, NSW 2113"", ""station_name"": ""Meriton North Ryde"", ""status_counts"": ""{\""Available\"": 3}"", ""total_port_count"": 3}",1,1,,unmatched,unmatched,,,,,{},0,0,,accepted,accepted
835,,"Cnr Miller & Amherst Street, Cammeray NSW 2062",Evie Networks,4,DC,75 kW,-33.82301829,151.2093468,North Sydney Council,2062,ARENA - Driving the Nation,unmatched,unmatched,,,,,{},0,0,,accepted,coordinate_500m,142.07240979204462,0.0,13428255938,,"{""access_condition"": ""Free Access"", ""charger_capacities"": null, ""connector_types_normalized"": """", ""data_provider"": ""OpenStreetMap"", ""latitude"": -33.8229560507622, ""longitude"": 151.210882946659, ""number_of_plugs"": 4, ""number_of_plugs_quality"": ""valid"", ""number_of_plugs_raw"": 4, ""number_of_plugs_semantics"": ""OSM charge_points_count; values above 100 are withheld as suspicious"", ""opening_hours"": """", ""operator"": ""Evie Networks"", ""osm_last_updated"": ""2026-02-01"", ""plug_types"": """", ""power_kw_max"": null, ""power_kw_min"": null, ""power_kw_values"": [], ""station_name"": """"}",1,1,,unmatched,unmatched,,,,,{},0,0,,unmatched,unmatched,,,,,{},0,0,,unmatched,unmatched,,,,,{},0,0,,accepted,unmatched
836,,"Cnr Trafalgar Street & Pembroke Street, Sydney NSW 2024",Chargefox,2,DC,50 kW,-33.90722527,151.2647708,Waverley Council,2024,Existing Fast Chargers,unmatched,unmatched,,,,,{},0,0,,unmatched,unmatched,,,,,{},0,0,,unmatched,unmatched,,,,,{},0,0,,unmatched,unmatched,,,,,{},0,0,,unmatched,unmatched,,,,,{},0,0,,unmatched,unmatched
838,,"Corner Of Snowy River Avenue And Kalkite Street, Jindabyne NSW 2627",NRMA Electric,4,DC,50 kW,-36.415952,148.6198038,Snowy Monaro Regional Council,2627,Existing Fast Chargers,accepted,coordinate_500m,6.23985170642004,0.7050287356321839,190861,"3 Snowy River Ave, Jindabyne, NSW, 2627","{""charger_capacities"": ""50 kW"", ""connector_types_normalized"": ""CCS;CHAdeMO"", ""data_provider"": ""Open Charge Map"", ""general_comments"": """", ""is_operational"": true, ""last_verified"": ""2026-07-15T01:28:00Z"", ""latitude"": -36.41589877494651, ""longitude"": 148.61978170531108, ""number_of_plugs"": 2.0, ""number_of_plugs_quality"": ""reported_or_derived_from_connection_quantity"", ""number_of_plugs_semantics"": ""OCM NumberOfPoints or positive connection Quantity"", ""operational_status"": ""operational"", ""operator"": ""NRMA"", ""plug_types"": ""CCS (Type 2); CHAdeMO"", ""power_kw_max"": 50.0, ""power_kw_min"": 50.0, ""power_kw_values"": [50.0], ""station_address"": ""3 Snowy River Ave, Jindabyne, NSW, 2627"", ""station_name"": ""Snowy River Ave Car Park"", ""status"": ""Operational"", ""usage_cost"": ""$0.64/kWh""}",1,1,,accepted,coordinate_500m,12.561124823697398,0.0,6460781765,,"{""access_condition"": ""Restricted Access"", ""charger_capacities"": null, ""connector_types_normalized"": ""CCS"", ""data_provider"": ""OpenStreetMap"", ""latitude"": -36.4160634238955, ""longitude"": 148.619780692403, ""number_of_plugs"": 2, ""number_of_plugs_quality"": ""valid"", ""number_of_plugs_raw"": 2, ""number_of_plugs_semantics"": ""OSM charge_points_count; values above 100 are withheld as suspicious"", ""opening_hours"": """", ""operator"": ""NRMA"", ""osm_last_updated"": ""2026-08-19"", ""plug_types"": ""CCS"", ""power_kw_max"": null, ""power_kw_min"": null, ""power_kw_values"": [], ""station_name"": """"}",4,4,198.805719103424,accepted,coordinate_500m,12.561124823697398,0.0,6460781765,,"{""access_condition"": ""Restricted Access"", ""charger_capacities"": null, ""connector_types_normalized"": ""CCS"", ""data_provider"": ""OpenStreetMap"", ""latitude"": -36.4160634238955, ""longitude"": 148.619780692403, ""number_of_plugs"": 2, ""number_of_plugs_quality"": ""valid"", ""number_of_plugs_raw"": 2, ""number_of_plugs_semantics"": ""OSM charge_points_count; values above 100 are withheld as suspicious"", ""opening_hours"": """", ""operator"": ""NRMA"", ""osm_last_updated"": ""2026-08-19"", ""plug_types"": ""CCS"", ""power_kw_max"": null, ""power_kw_min"": null, ""power_kw_values"": [], ""station_name"": """"}",3,3,198.805719103424,accepted,coordinate_500m,391.93339260590636,0.33100686498855836,15d06bf5-6b4a-425d-9312-bae4b17cc22b-2590,"Lake  Hotel, 48 Kosciuszko Rd, Jindabyne, NSW 2627","{""charger_capacities"": 22.0, ""connector_types_normalized"": ""Type2"", ""data_provider"": ""Charge@Large"", ""dc_port_count"": 2, ""latitude"": -36.4145129, ""longitude"": 148.6238021, ""number_of_plugs"": 2, ""number_of_plugs_quality"": ""reported_from_dc_port_count"", ""number_of_plugs_semantics"": ""Charge@Large DC-indicated port count"", ""operator"": """", ""plug_types"": ""TYPE2"", ""power_kw_max"": 22.0, ""power_kw_min"": 22.0, ""power_kw_values"": [22.0], ""station_address"": ""Lake  Hotel, 48 Kosciuszko Rd, Jindabyne, NSW 2627"", ""station_name"": ""Lake Jindabyne Hotel"", ""status_counts"": ""{\""Available\"": 2}"", ""total_port_count"": 2}",1,1,,unmatched,unmatched,,,,,{},0,0,,accepted,accepted
840,,"Cronulla Railway Station, Tonkin Street, Cronulla, New South Wales NSW 2230",JOLT,1,DC,25 kW,-34.05771,151.151975,Sutherland Shire Council,2230,TfNSW Commuter Car Parks,unmatched,unmatched,,,,,{},0,0,,unmatched,unmatched,,,,,{},0,0,,unmatched,unmatched,,,,,{},0,0,,unmatched,unmatched,,,,,{},0,0,,unmatched,unmatched,,,,,{},0,0,,unmatched,unmatched
842,,"Dalton Street, Parkes NSW 2870",NRMA Electric,2,DC,75 kW,-33.13720725,148.1726176,Parkes Shire Council,2870,Existing Fast Chargers,accepted,coordinate_500m,23.08466351051944,0.7393830703012912,191956,"Bogan Street, Parkes, New South Wales, 2870","{""charger_capacities"": ""50 kW"", ""connector_types_normalized"": ""CCS;CHAdeMO"", ""data_provider"": ""Open Charge Map"", ""general_comments"": """", ""is_operational"": true, ""last_verified"": ""2022-03-10T22:21:00Z"", ""latitude"": -33.13740733634146, ""longitude"": 148.1726837200183, ""number_of_plugs"": 1.0, ""number_of_plugs_quality"": ""reported_or_derived_from_connection_quantity"", ""number_of_plugs_semantics"": ""OCM NumberOfPoints or positive connection Quantity"", ""operational_status"": ""operational"", ""operator"": ""NRMA"", ""plug_types"": ""CCS (Type 2); CHAdeMO"", ""power_kw_max"": 50.0, ""power_kw_min"": 50.0, ""power_kw_values"": [50.0], ""station_address"": ""Bogan Street, Parkes, New South Wales, 2870"", ""station_name"": ""NRMA Parkes"", ""status"": ""Operational"", ""usage_cost"": ""FREE""}",1,1,,accepted,coordinate_500m,35.351211444608786,0.0,6460800322,,"{""access_condition"": ""Free Access"", ""charger_capacities"": null, ""connector_types_normalized"": ""CCS;CHAdeMO"", ""data_provider"": ""OpenStreetMap"", ""latitude"": -33.1375197161397, ""longitude"": 148.172687630195, ""number_of_plugs"": 4, ""number_of_plugs_quality"": ""valid"", ""number_of_plugs_raw"": 4, ""number_of_plugs_semantics"": ""OSM charge_points_count; values above 100 are withheld as suspicious"", ""opening_hours"": """", ""operator"": ""NRMA"", ""osm_last_updated"": ""2026-06-11"", ""plug_types"": ""CCS|CHAdeMO"", ""power_kw_max"": null, ""power_kw_min"": null, ""power_kw_values"": [], ""station_name"": """"}",2,2,429.72767410129944,accepted,coordinate_500m,35.351211444608786,0.0,6460800322,,"{""access_condition"": ""Free Access"", ""charger_capacities"": null, ""connector_types_normalized"": ""CCS;CHAdeMO"", ""data_provider"": ""OpenStreetMap"", ""latitude"": -33.1375197161397, ""longitude"": 148.172687630195, ""number_of_plugs"": 4, ""number_of_plugs_quality"": ""valid"", ""number_of_plugs_raw"": 4, ""number_of_plugs_semantics"": ""OSM charge_points_count; values above 100 are withheld as suspicious"", ""opening_hours"": """", ""operator"": ""NRMA"", ""osm_last_updated"": ""2026-06-11"", ""plug_types"": ""CCS|CHAdeMO"", ""power_kw_max"": null, ""power_kw_min"": null, ""power_kw_values"": [], ""station_name"": """"}",2,2,429.72767410129944,accepted,coordinate_500m,170.68452612431184,0.5072649572649572,15d06bf5-6b4a-425d-9312-bae4b17cc22b-1658,"2 Cecile St, Parkes, NSW 2870","{""charger_capacities"": 22.0, ""connector_types_normalized"": ""Type2"", ""data_provider"": ""Charge@Large"", ""dc_port_count"": 4, ""latitude"": -33.1387093, ""longitude"": 148.1729954, ""number_of_plugs"": 4, ""number_of_plugs_quality"": ""reported_from_dc_port_count"", ""number_of_plugs_semantics"": ""Charge@Large DC-indicated port count"", ""operator"": """", ""plug_types"": ""TYPE2"", ""power_kw_max"": 22.0, ""power_kw_min"": 22.0, ""power_kw_values"": [22.0], ""station_address"": ""2 Cecile St, Parkes, NSW 2870"", ""station_name"": ""Parkes Shire Library Carpark"", ""status_counts"": ""{\""Available\"": 4}"", ""total_port_count"": 4}",1,1,,unmatched,unmatched,,,,,{},0,0,,accepted,accepted
849,,"Dorhauer Lane, Sydney NSW 2025",Evie Networks,2,DC,75 kW,-33.88851356,151.2376316,Woollahra Municipal Council,2025,Existing Fast Chargers,accepted,coordinate_and_fuzzy_address,5.468433734309325,0.9387755102040817,272689,"Dorhauer Lane, Woollahra, NSW, 2025","{""charger_capacities"": ""50 kW"", ""connector_types_normalized"": ""CCS;CHAdeMO"", ""data_provider"": ""Open Charge Map"", ""general_comments"": """", ""is_operational"": true, ""last_verified"": ""2023-07-16T22:09:00Z"", ""latitude"": -33.88847179022024, ""longitude"": 151.23760032945688, ""number_of_plugs"": 1.0, ""number_of_plugs_quality"": ""reported_or_derived_from_connection_quantity"", ""number_of_plugs_semantics"": ""OCM NumberOfPoints or positive connection Quantity"", ""operational_status"": ""operational"", ""operator"": ""Evie"", ""plug_types"": ""CCS (Type 2); CHAdeMO"", ""power_kw_max"": 50.0, ""power_kw_min"": 50.0, ""power_kw_values"": [50.0], ""station_address"": ""Dorhauer Lane, Woollahra, NSW, 2025"", ""station_name"": ""Dorhauer Lane"", ""status"": ""Operational"", ""usage_cost"": """"}",1,1,,accepted,coordinate_500m,6.5156547098530675,0.0,11016758544,,"{""access_condition"": ""Free Access"", ""charger_capacities"": null, ""connector_types_normalized"": """", ""data_provider"": ""OpenStreetMap"", ""latitude"": -33.888510328749, ""longitude"": 151.237561119537, ""number_of_plugs"": 2, ""number_of_plugs_quality"": ""valid"", ""number_of_plugs_raw"": 2, ""number_of_plugs_semantics"": ""OSM charge_points_count; values above 100 are withheld as suspicious"", ""opening_hours"": """", ""operator"": ""Evie Networks"", ""osm_last_updated"": ""2023-06-30"", ""plug_types"": """", ""power_kw_max"": null, ""power_kw_min"": null, ""power_kw_values"": [], ""station_name"": """"}",4,4,241.86447219354977,unmatched,unmatched,,,,,{},0,0,,accepted,coordinate_500m,237.95985902326157,0.22214285714285714,ac6d79e9-3d3d-4a6b-a3b2-99a06fe51e25-61,"126 Jersey Rd, Paddington NSW 2021, Australia, Paddington, NSW 2021","{""charger_capacities"": 22.0, ""connector_types_normalized"": ""Type2"", ""data_provider"": ""Charge@Large"", ""dc_port_count"": 2, ""latitude"": -33.88731, ""longitude"": 151.2355, ""number_of_plugs"": 2, ""number_of_plugs_quality"": ""reported_from_dc_port_count"", ""number_of_plugs_semantics"": ""Charge@Large DC-indicated port count"", ""operator"": """", ""plug_types"": ""TYPE2"", ""power_kw_max"": 22.0, ""power_kw_min"": 22.0, ""power_kw_values"": [22.0], ""station_address"": ""126 Jersey Rd, Paddington NSW 2021, Australia, Paddington, NSW 2021"", ""station_name"": ""126 Jersey Rd-Paddington"", ""status_counts"": ""{\""Available\"": 2}"", ""total_port_count"": 2}",9,9,14.811267125708156,unmatched,unmatched,,,,,{},0,0,,accepted,accepted
851,,"Eskbank Street, Lithgow NSW 2790",NRMA Electric,4,DC,180 kW,-33.48123828,150.1588018,"Lithgow Council, City of",2790,Existing Fast Chargers,accepted,coordinate_500m,425.74573986691314,0.5356037151702787,154488,"Tank St, Lithgow, NSW","{""charger_capacities"": ""50 kW"", ""connector_types_normalized"": ""CCS;CHAdeMO"", ""data_provider"": ""Open Charge Map"", ""general_comments"": ""Use the NRMA or the Chargefox app."", ""is_operational"": true, ""last_verified"": ""2024-06-14T12:05:00Z"", ""latitude"": -33.477936640057756, ""longitude"": 150.1611263067623, ""number_of_plugs"": 2.0, ""number_of_plugs_quality"": ""reported_or_derived_from_connection_quantity"", ""number_of_plugs_semantics"": ""OCM NumberOfPoints or positive connection Quantity"", ""operational_status"": ""operational"", ""operator"": ""NRMA"", ""plug_types"": ""CCS (Type 2); CHAdeMO"", ""power_kw_max"": 50.0, ""power_kw_min"": 50.0, ""power_kw_values"": [50.0], ""station_address"": ""Tank St, Lithgow, NSW"", ""station_name"": ""Lithgow Workmen's Club"", ""status"": ""Operational"", ""usage_cost"": ""60c / 54c for members of NRMA""}",1,1,,accepted,coordinate_500m,2.9323182155075713,0.0,12661943299,,"{""access_condition"": ""Free Access"", ""charger_capacities"": null, ""connector_types_normalized"": ""CCS;CHAdeMO"", ""data_provider"": ""OpenStreetMap"", ""latitude"": -33.481262822571, ""longitude"": 150.158790232176, ""number_of_plugs"": 4, ""number_of_plugs_quality"": ""valid"", ""number_of_plugs_raw"": 4, ""number_of_plugs_semantics"": ""OSM charge_points_count; values above 100 are withheld as suspicious"", ""opening_hours"": """", ""operator"": ""NRMA"", ""osm_last_updated"": ""2025-03-22"", ""plug_types"": ""CCS|CHAdeMO"", ""power_kw_max"": null, ""power_kw_min"": null, ""power_kw_values"": [], ""station_name"": ""Eskbank St Car Park""}",3,3,337.35923829176255,accepted,coordinate_500m,2.9323182155075713,0.0,12661943299,,"{""access_condition"": ""Free Access"", ""charger_capacities"": null, ""connector_types_normalized"": ""CCS;CHAdeMO"", ""data_provider"": ""OpenStreetMap"", ""latitude"": -33.481262822571, ""longitude"": 150.158790232176, ""number_of_plugs"": 4, ""number_of_plugs_quality"": ""valid"", ""number_of_plugs_raw"": 4, ""number_of_plugs_semantics"": ""OSM charge_points_count; values above 100 are withheld as suspicious"", ""opening_hours"": """", ""operator"": ""NRMA"", ""osm_last_updated"": ""2025-03-22"", ""plug_types"": ""CCS|CHAdeMO"", ""power_kw_max"": null, ""power_kw_min"": null, ""power_kw_values"": [], ""station_name"": ""Eskbank St Car Park""}",3,3,337.35923829176255,unmatched,unmatched,,,,,{},0,0,,unmatched,unmatched,,,,,{},0,0,,accepted,accepted
852,,"F 419 Hinterland Wy, Knockrow NSW 2479",Tesla,12,DC,130 kW,-28.74953958,153.5347227,Ballina Shire Council,2479,Existing Fast Chargers,accepted,coordinate_and_fuzzy_address,0.09389499670123733,0.993939393939394,79243,"419 Hinterland Way, Knockrow, 2479","{""charger_capacities"": ""120 kW"", ""connector_types_normalized"": ""CCS"", ""data_provider"": ""Open Charge Map"", ""general_comments"": ""Charging6 Superchargers, available 24/7"", ""is_operational"": true, ""last_verified"": ""2023-08-30T06:20:00Z"", ""latitude"": -28.749539, ""longitude"": 153.534722, ""number_of_plugs"": 6.0, ""number_of_plugs_quality"": ""reported_or_derived_from_connection_quantity"", ""number_of_plugs_semantics"": ""OCM NumberOfPoints or positive connection Quantity"", ""operational_status"": ""operational"", ""operator"": ""Tesla (including non-tesla)"", ""plug_types"": ""CCS (Type 2)"", ""power_kw_max"": 120.0, ""power_kw_min"": 120.0, ""power_kw_values"": [120.0], ""station_address"": ""419 Hinterland Way, Knockrow, 2479"", ""station_name"": ""Knockrow Supercharger"", ""status"": ""Operational"", ""usage_cost"": ""AUD 0.42/kWh;other tariffs for older cars""}",1,1,,accepted,coordinate_500m,3.2587822602087515,0.0,6460580922,,"{""access_condition"": ""Free Access"", ""charger_capacities"": null, ""connector_types_normalized"": ""CCS"", ""data_provider"": ""OpenStreetMap"", ""latitude"": -28.7495635652297, ""longitude"": 153.534703491614, ""number_of_plugs"": 6, ""number_of_plugs_quality"": ""valid"", ""number_of_plugs_raw"": 6, ""number_of_plugs_semantics"": ""OSM charge_points_count; values above 100 are withheld as suspicious"", ""opening_hours"": ""24/7"", ""operator"": ""Tesla"", ""osm_last_updated"": ""2026-03-29"", ""plug_types"": ""CCS"", ""power_kw_max"": null, ""power_kw_min"": null, ""power_kw_values"": [], ""station_name"": ""Tesla Supercharger""}",1,1,,accepted,coordinate_500m,3.2587822602087515,0.0,6460580922,,"{""access_condition"": ""Free Access"", ""charger_capacities"": null, ""connector_types_normalized"": ""CCS"", ""data_provider"": ""OpenStreetMap"", ""latitude"": -28.7495635652297, ""longitude"": 153.534703491614, ""number_of_plugs"": 6, ""number_of_plugs_quality"": ""valid"", ""number_of_plugs_raw"": 6, ""number_of_plugs_semantics"": ""OSM charge_points_count; values above 100 are withheld as suspicious"", ""opening_hours"": ""24/7"", ""operator"": ""Tesla"", ""osm_last_updated"": ""2026-03-29"", ""plug_types"": ""CCS"", ""power_kw_max"": null, ""power_kw_min"": null, ""power_kw_values"": [], ""station_name"": ""Tesla Supercharger""}",1,1,,unmatched,unmatched,,,,,{},0,0,,unmatched,unmatched,,,,,{},0,0,,accepted,accepted
855,,"Franklin Street, Sydney NSW 2036",Evie Networks,2,DC,75 kW,-33.96116721,151.2488509,Randwick City Council,2036,Existing Fast Chargers,unmatched,unmatched,,,,,{},0,0,,unmatched,unmatched,,,,,{},0,0,,unmatched,unmatched,,,,,{},0,0,,unmatched,unmatched,,,,,{},0,0,,unmatched,unmatched,,,,,{},0,0,,unmatched,unmatched
857,,"Gardeners Road, Sydney NSW 2020",JOLT,2,DC,25 kW,-33.92049354,151.1907497,"Sydney, Council of the City of",2020,Existing Fast Chargers,unmatched,unmatched,,,,,{},0,0,,accepted,coordinate_500m,36.39240285679664,0.0,10863588015,,"{""access_condition"": ""Free Access"", ""charger_capacities"": null, ""connector_types_normalized"": ""CCS;CHAdeMO"", ""data_provider"": ""OpenStreetMap"", ""latitude"": -33.9205413526314, ""longitude"": 151.191139876648, ""number_of_plugs"": 2, ""number_of_plugs_quality"": ""valid"", ""number_of_plugs_raw"": 2, ""number_of_plugs_semantics"": ""OSM charge_points_count; values above 100 are withheld as suspicious"", ""opening_hours"": """", ""operator"": ""Jolt"", ""osm_last_updated"": ""2026-01-31"", ""plug_types"": ""CCS|CHAdeMO"", ""power_kw_max"": null, ""power_kw_min"": null, ""power_kw_values"": [], ""station_name"": """"}",1,1,,accepted,coordinate_500m,36.39240285679664,0.0,10863588015,,"{""access_condition"": ""Free Access"", ""charger_capacities"": null, ""connector_types_normalized"": ""CCS;CHAdeMO"", ""data_provider"": ""OpenStreetMap"", ""latitude"": -33.9205413526314, ""longitude"": 151.191139876648, ""number_of_plugs"": 2, ""number_of_plugs_quality"": ""valid"", ""number_of_plugs_raw"": 2, ""number_of_plugs_semantics"": ""OSM charge_points_count; values above 100 are withheld as suspicious"", ""opening_hours"": """", ""operator"": ""Jolt"", ""osm_last_updated"": ""2026-01-31"", ""plug_types"": ""CCS|CHAdeMO"", ""power_kw_max"": null, ""power_kw_min"": null, ""power_kw_values"": [], ""station_name"": """"}",1,1,,accepted,coordinate_500m,407.1189270890372,0.3057894736842105,d1cbdd86-205d-4538-b287-34032bf74788-4v295MOjPcSt4hQYMnn1ZjNMgKvOggxRAigC,"3 John St, Mascot, NSW 2020","{""charger_capacities"": 22.0, ""connector_types_normalized"": ""Type2"", ""data_provider"": ""Charge@Large"", ""dc_port_count"": 1, ""latitude"": -33.923982, ""longitude"": 151.18941, ""number_of_plugs"": 1, ""number_of_plugs_quality"": ""reported_from_dc_port_count"", ""number_of_plugs_semantics"": ""Charge@Large DC-indicated port count"", ""operator"": """", ""plug_types"": ""TYPE2"", ""power_kw_max"": 22.0, ""power_kw_min"": 22.0, ""power_kw_values"": [22.0], ""station_address"": ""3 John St, Mascot, NSW 2020"", ""station_name"": ""3 John St Mascot NSW 2020"", ""status_counts"": ""{\""Available\"": 1}"", ""total_port_count"": 1}",1,1,,unmatched,unmatched,,,,,{},0,0,,accepted,accepted
858,,"Gardeners Road, Sydney NSW 2020",JOLT,2,DC,25 kW,-33.92059364,151.1914745,"Sydney, Council of the City of",2020,Existing Fast Chargers,unmatched,unmatched,,,,,{},0,0,,accepted,coordinate_500m,31.418634700963178,0.0,10863588015,,"{""access_condition"": ""Free Access"", ""charger_capacities"": null, ""connector_types_normalized"": ""CCS;CHAdeMO"", ""data_provider"": ""OpenStreetMap"", ""latitude"": -33.9205413526314, ""longitude"": 151.191139876648, ""number_of_plugs"": 2, ""number_of_plugs_quality"": ""valid"", ""number_of_plugs_raw"": 2, ""number_of_plugs_semantics"": ""OSM charge_points_count; values above 100 are withheld as suspicious"", ""opening_hours"": """", ""operator"": ""Jolt"", ""osm_last_updated"": ""2026-01-31"", ""plug_types"": ""CCS|CHAdeMO"", ""power_kw_max"": null, ""power_kw_min"": null, ""power_kw_values"": [], ""station_name"": """"}",1,1,,accepted,coordinate_500m,31.418634700963178,0.0,10863588015,,"{""access_condition"": ""Free Access"", ""charger_capacities"": null, ""connector_types_normalized"": ""CCS;CHAdeMO"", ""data_provider"": ""OpenStreetMap"", ""latitude"": -33.9205413526314, ""longitude"": 151.191139876648, ""number_of_plugs"": 2, ""number_of_plugs_quality"": ""valid"", ""number_of_plugs_raw"": 2, ""number_of_plugs_semantics"": ""OSM charge_points_count; values above 100 are withheld as suspicious"", ""opening_hours"": """", ""operator"": ""Jolt"", ""osm_last_updated"": ""2026-01-31"", ""plug_types"": ""CCS|CHAdeMO"", ""power_kw_max"": null, ""power_kw_min"": null, ""power_kw_values"": [], ""station_name"": """"}",1,1,,accepted,coordinate_500m,422.1855866139177,0.3057894736842105,d1cbdd86-205d-4538-b287-34032bf74788-4v295MOjPcSt4hQYMnn1ZjNMgKvOggxRAigC,"3 John St, Mascot, NSW 2020","{""charger_capacities"": 22.0, ""connector_types_normalized"": ""Type2"", ""data_provider"": ""Charge@Large"", ""dc_port_count"": 1, ""latitude"": -33.923982, ""longitude"": 151.18941, ""number_of_plugs"": 1, ""number_of_plugs_quality"": ""reported_from_dc_port_count"", ""number_of_plugs_semantics"": ""Charge@Large DC-indicated port count"", ""operator"": """", ""plug_types"": ""TYPE2"", ""power_kw_max"": 22.0, ""power_kw_min"": 22.0, ""power_kw_values"": [22.0], ""station_address"": ""3 John St, Mascot, NSW 2020"", ""station_name"": ""3 John St Mascot NSW 2020"", ""status_counts"": ""{\""Available\"": 1}"", ""total_port_count"": 1}",3,3,32.686649926459324,unmatched,unmatched,,,,,{},0,0,,accepted,accepted
860,,"Gipps Street, Bega NSW 2550",NRMA Electric,2,DC,50 kW,-36.67324729,149.843047,Bega Valley Shire Council,2550,Existing Fast Chargers,accepted,coordinate_500m,52.855941080357795,0.2941176470588236,191183,"Church Street Carpark, 81 Gipps Street, Bega, NSW","{""charger_capacities"": ""50 kW"", ""connector_types_normalized"": ""CCS"", ""data_provider"": ""Open Charge Map"", ""general_comments"": """", ""is_operational"": true, ""last_verified"": ""2026-07-15T00:58:00Z"", ""latitude"": -36.672816817377345, ""longitude"": 149.843298364681, ""number_of_plugs"": 1.0, ""number_of_plugs_quality"": ""reported_or_derived_from_connection_quantity"", ""number_of_plugs_semantics"": ""OCM NumberOfPoints or positive connection Quantity"", ""operational_status"": ""operational"", ""operator"": ""NRMA"", ""plug_types"": ""CCS (Type 2)"", ""power_kw_max"": 50.0, ""power_kw_min"": 50.0, ""power_kw_values"": [50.0], ""station_address"": ""Church Street Carpark, 81 Gipps Street, Bega, NSW"", ""station_name"": ""NRMA Bega"", ""status"": ""Operational"", ""usage_cost"": ""$0.74/kWh""}",1,1,,accepted,coordinate_500m,15.963927234076806,0.0,6711862737,,"{""access_condition"": ""Free Access"", ""charger_capacities"": null, ""connector_types_normalized"": ""CCS;CHAdeMO"", ""data_provider"": ""OpenStreetMap"", ""latitude"": -36.6731502243674, ""longitude"": 149.843178888271, ""number_of_plugs"": 2, ""number_of_plugs_quality"": ""valid"", ""number_of_plugs_raw"": 2, ""number_of_plugs_semantics"": ""OSM charge_points_count; values above 100 are withheld as suspicious"", ""opening_hours"": """", ""operator"": ""NRMA"", ""osm_last_updated"": ""2023-03-17"", ""plug_types"": ""CCS|CHAdeMO"", ""power_kw_max"": null, ""power_kw_min"": null, ""power_kw_values"": [], ""station_name"": """"}",1,1,,accepted,coordinate_500m,15.963927234076806,0.0,6711862737,,"{""access_condition"": ""Free Access"", ""charger_capacities"": null, ""connector_types_normalized"": ""CCS;CHAdeMO"", ""data_provider"": ""OpenStreetMap"", ""latitude"": -36.6731502243674, ""longitude"": 149.843178888271, ""number_of_plugs"": 2, ""number_of_plugs_quality"": ""valid"", ""number_of_plugs_raw"": 2, ""number_of_plugs_semantics"": ""OSM charge_points_count; values above 100 are withheld as suspicious"", ""opening_hours"": """", ""operator"": ""NRMA"", ""osm_last_updated"": ""2023-03-17"", ""plug_types"": ""CCS|CHAdeMO"", ""power_kw_max"": null, ""power_kw_min"": null, ""power_kw_values"": [], ""station_name"": """"}",1,1,,unmatched,unmatched,,,,,{},0,0,,unmatched,unmatched,,,,,{},0,0,,accepted,accepted
866,,"Harbour Boulevard, Shell Cove NSW 2529",Chargefox,2,DC,350 kW,-34.58859964,150.8661131,Shellharbour City Council,2529,Existing Fast Chargers,accepted,coordinate_500m,36.61199153270441,0.39603174603174607,171647,"Harbour Boulevarde, Shellharbour, New South Wales, 2529","{""charger_capacities"": ""350 kW; 100 kW"", ""connector_types_normalized"": ""CCS;CHAdeMO"", ""data_provider"": ""Open Charge Map"", ""general_comments"": """", ""is_operational"": true, ""last_verified"": ""2023-07-15T07:37:00Z"", ""latitude"": -34.588308117930936, ""longitude"": 150.86592718102042, ""number_of_plugs"": 2.0, ""number_of_plugs_quality"": ""reported_or_derived_from_connection_quantity"", ""number_of_plugs_semantics"": ""OCM NumberOfPoints or positive connection Quantity"", ""operational_status"": ""operational"", ""operator"": ""Chargefox"", ""plug_types"": ""CCS (Type 2); CHAdeMO"", ""power_kw_max"": 350.0, ""power_kw_min"": 100.0, ""power_kw_values"": [100.0, 350.0], ""station_address"": ""Harbour Boulevarde, Shellharbour, New South Wales, 2529"", ""station_name"": ""Woolworths Shell Cove"", ""status"": ""Temporarily Unavailable"", ""usage_cost"": ""$0.40/kWh ($0.32/kWh for NRMA)""}",1,1,,accepted,coordinate_500m,80.59976184016061,0.0,9366873533,,"{""access_condition"": ""Free Access"", ""charger_capacities"": null, ""connector_types_normalized"": """", ""data_provider"": ""OpenStreetMap"", ""latitude"": -34.5878761291604, ""longitude"": 150.86616661745, ""number_of_plugs"": null, ""number_of_plugs_quality"": ""missing_or_suspicious"", ""number_of_plugs_raw"": null, ""number_of_plugs_semantics"": ""OSM charge_points_count; values above 100 are withheld as suspicious"", ""opening_hours"": """", ""operator"": ""Chargefox"", ""osm_last_updated"": ""2022-12-15"", ""plug_types"": """", ""power_kw_max"": null, ""power_kw_min"": null, ""power_kw_values"": [], ""station_name"": """"}",1,1,,unmatched,unmatched,,,,,{},0,0,,unmatched,unmatched,,,,,{},0,0,,unmatched,unmatched,,,,,{},0,0,,accepted,accepted
867,,"Hassall Street, Sydney NSW 2142",BP,4,DC,150 kW,-33.81961366,151.0213463,"Parramatta, Council of the City of",2142,Existing Fast Chargers,accepted,coordinate_and_fuzzy_address,76.19672279269362,0.9565217391304348,273428,"Hassall Street, Rosehill, New South Wales, 2142","{""charger_capacities"": ""75 kW"", ""connector_types_normalized"": ""CCS"", ""data_provider"": ""Open Charge Map"", ""general_comments"": """", ""is_operational"": true, ""last_verified"": ""2023-08-09T12:02:00Z"", ""latitude"": -33.818996055217895, ""longitude"": 151.02170364175703, ""number_of_plugs"": 2.0, ""number_of_plugs_quality"": ""reported_or_derived_from_connection_quantity"", ""number_of_plugs_semantics"": ""OCM NumberOfPoints or positive connection Quantity"", ""operational_status"": ""operational"", ""operator"": ""BP Pulse (AU)"", ""plug_types"": ""CCS (Type 2)"", ""power_kw_max"": 75.0, ""power_kw_min"": 75.0, ""power_kw_values"": [75.0], ""station_address"": ""Hassall Street, Rosehill, New South Wales, 2142"", ""station_name"": ""bp pulse Rosehill"", ""status"": ""Operational"", ""usage_cost"": ""55c/kWh""}",1,1,,accepted,coordinate_500m,14.253599404184122,0.0,10807470662,,"{""access_condition"": ""Free Access"", ""charger_capacities"": null, ""connector_types_normalized"": ""CCS"", ""data_provider"": ""OpenStreetMap"", ""latitude"": -33.8196728592891, ""longitude"": 151.021209446479, ""number_of_plugs"": 4, ""number_of_plugs_quality"": ""valid"", ""number_of_plugs_raw"": 4, ""number_of_plugs_semantics"": ""OSM charge_points_count; values above 100 are withheld as suspicious"", ""opening_hours"": """", ""operator"": ""bp pulse"", ""osm_last_updated"": ""2025-09-01"", ""plug_types"": ""CCS"", ""power_kw_max"": null, ""power_kw_min"": null, ""power_kw_values"": [], ""station_name"": """"}",1,1,,accepted,coordinate_500m,14.253599404184122,0.0,10807470662,,"{""access_condition"": ""Free Access"", ""charger_capacities"": null, ""connector_types_normalized"": ""CCS"", ""data_provider"": ""OpenStreetMap"", ""latitude"": -33.8196728592891, ""longitude"": 151.021209446479, ""number_of_plugs"": 4, ""number_of_plugs_quality"": ""valid"", ""number_of_plugs_raw"": 4, ""number_of_plugs_semantics"": ""OSM charge_points_count; values above 100 are withheld as suspicious"", ""opening_hours"": """", ""operator"": ""bp pulse"", ""osm_last_updated"": ""2025-09-01"", ""plug_types"": ""CCS"", ""power_kw_max"": null, ""power_kw_min"": null, ""power_kw_values"": [], ""station_name"": """"}",1,1,,unmatched,unmatched,,,,,{},0,0,,unmatched,unmatched,,,,,{},0,0,,accepted,accepted
868,,"Hassall Street & James Rouse Drive, Sydney NSW 2142",BP,4,DC,150 kW,-33.81968873,151.0213023,"Parramatta, Council of the City of",2142,Existing Fast Chargers,accepted,coordinate_and_fuzzy_address,85.48107149018692,0.9311475409836066,273428,"Hassall Street, Rosehill, New South Wales, 2142","{""charger_capacities"": ""75 kW"", ""connector_types_normalized"": ""CCS"", ""data_provider"": ""Open Charge Map"", ""general_comments"": """", ""is_operational"": true, ""last_verified"": ""2023-08-09T12:02:00Z"", ""latitude"": -33.818996055217895, ""longitude"": 151.02170364175703, ""number_of_plugs"": 2.0, ""number_of_plugs_quality"": ""reported_or_derived_from_connection_quantity"", ""number_of_plugs_semantics"": ""OCM NumberOfPoints or positive connection Quantity"", ""operational_status"": ""operational"", ""operator"": ""BP Pulse (AU)"", ""plug_types"": ""CCS (Type 2)"", ""power_kw_max"": 75.0, ""power_kw_min"": 75.0, ""power_kw_values"": [75.0], ""station_address"": ""Hassall Street, Rosehill, New South Wales, 2142"", ""station_name"": ""bp pulse Rosehill"", ""status"": ""Operational"", ""usage_cost"": ""55c/kWh""}",1,1,,accepted,coordinate_500m,8.757460667750133,0.0,10807470662,,"{""access_condition"": ""Free Access"", ""charger_capacities"": null, ""connector_types_normalized"": ""CCS"", ""data_provider"": ""OpenStreetMap"", ""latitude"": -33.8196728592891, ""longitude"": 151.021209446479, ""number_of_plugs"": 4, ""number_of_plugs_quality"": ""valid"", ""number_of_plugs_raw"": 4, ""number_of_plugs_semantics"": ""OSM charge_points_count; values above 100 are withheld as suspicious"", ""opening_hours"": """", ""operator"": ""bp pulse"", ""osm_last_updated"": ""2025-09-01"", ""plug_types"": ""CCS"", ""power_kw_max"": null, ""power_kw_min"": null, ""power_kw_values"": [], ""station_name"": """"}",1,1,,accepted,coordinate_500m,8.757460667750133,0.0,10807470662,,"{""access_condition"": ""Free Access"", ""charger_capacities"": null, ""connector_types_normalized"": ""CCS"", ""data_provider"": ""OpenStreetMap"", ""latitude"": -33.8196728592891, ""longitude"": 151.021209446479, ""number_of_plugs"": 4, ""number_of_plugs_quality"": ""valid"", ""number_of_plugs_raw"": 4, ""number_of_plugs_semantics"": ""OSM charge_points_count; values above 100 are withheld as suspicious"", ""opening_hours"": """", ""operator"": ""bp pulse"", ""osm_last_updated"": ""2025-09-01"", ""plug_types"": ""CCS"", ""power_kw_max"": null, ""power_kw_min"": null, ""power_kw_values"": [], ""station_name"": """"}",1,1,,unmatched,unmatched,,,,,{},0,0,,unmatched,unmatched,,,,,{},0,0,,accepted,accepted
869,,"Hastings Street, Wauchope NSW 2446",NRMA Electric,4,DC,60 kW,-31.4561542,152.7327227,Port Macquarie-Hastings Council,2446,Existing Fast Chargers,unmatched,unmatched,,,,,{},0,0,,unmatched,unmatched,,,,,{},0,0,,unmatched,unmatched,,,,,{},0,0,,unmatched,unmatched,,,,,{},0,0,,unmatched,unmatched,,,,,{},0,0,,unmatched,unmatched
876,,"Holborn Court, Sydney NSW 2557",Exploren,4,DC,150 kW,-34.02030235,150.7634565,Camden Council,2557,Existing Fast Chargers,unmatched,unmatched,,,,,{},0,0,,accepted,coordinate_500m,104.07457204351404,0.0,13135189454,,"{""access_condition"": ""Free Access"", ""charger_capacities"": null, ""connector_types_normalized"": ""CCS"", ""data_provider"": ""OpenStreetMap"", ""latitude"": -34.0203130739435, ""longitude"": 150.762327326166, ""number_of_plugs"": 4, ""number_of_plugs_quality"": ""valid"", ""number_of_plugs_raw"": 4, ""number_of_plugs_semantics"": ""OSM charge_points_count; values above 100 are withheld as suspicious"", ""opening_hours"": """", ""operator"": ""Exploren"", ""osm_last_updated"": ""2025-09-10"", ""plug_types"": ""CCS"", ""power_kw_max"": null, ""power_kw_min"": null, ""power_kw_values"": [], ""station_name"": """"}",1,1,,accepted,coordinate_500m,104.07457204351404,0.0,13135189454,,"{""access_condition"": ""Free Access"", ""charger_capacities"": null, ""connector_types_normalized"": ""CCS"", ""data_provider"": ""OpenStreetMap"", ""latitude"": -34.0203130739435, ""longitude"": 150.762327326166, ""number_of_plugs"": 4, ""number_of_plugs_quality"": ""valid"", ""number_of_plugs_raw"": 4, ""number_of_plugs_semantics"": ""OSM charge_points_count; values above 100 are withheld as suspicious"", ""opening_hours"": """", ""operator"": ""Exploren"", ""osm_last_updated"": ""2025-09-10"", ""plug_types"": ""CCS"", ""power_kw_max"": null, ""power_kw_min"": null, ""power_kw_values"": [], ""station_name"": """"}",1,1,,accepted,coordinate_500m,13.537085248082944,0.1771186440677966,15d06bf5-6b4a-425d-9312-bae4b17cc22b-2133,"1 Gregory Hills Dr, Gledswood Hills, NSW 2557","{""charger_capacities"": 150.0, ""connector_types_normalized"": ""CCS"", ""data_provider"": ""Charge@Large"", ""dc_port_count"": 4, ""latitude"": -34.0203298, ""longitude"": 150.7633134, ""number_of_plugs"": 4, ""number_of_plugs_quality"": ""reported_from_dc_port_count"", ""number_of_plugs_semantics"": ""Charge@Large DC-indicated port count"", ""operator"": """", ""plug_types"": ""CCS2"", ""power_kw_max"": 150.0, ""power_kw_min"": 150.0, ""power_kw_values"": [150.0], ""station_address"": ""1 Gregory Hills Dr, Gledswood Hills, NSW 2557"", ""station_name"": ""Gregory Hills Centre"", ""status_counts"": ""{\""Available\"": 4}"", ""total_port_count"": 4}",1,1,,accepted,coordinate_500m,13.537085248082944,0.1771186440677966,15d06bf5-6b4a-425d-9312-bae4b17cc22b-2133,"1 Gregory Hills Dr, Gledswood Hills, NSW 2557","{""charger_capacities"": 150.0, ""connector_types_normalized"": ""CCS"", ""data_provider"": ""Charge@Large"", ""dc_port_count"": 4, ""latitude"": -34.0203298, ""longitude"": 150.7633134, ""number_of_plugs"": 4, ""number_of_plugs_quality"": ""reported_from_dc_port_count"", ""number_of_plugs_semantics"": ""Charge@Large DC-indicated port count"", ""operator"": """", ""plug_types"": ""CCS2"", ""power_kw_max"": 150.0, ""power_kw_min"": 150.0, ""power_kw_values"": [150.0], ""station_address"": ""1 Gregory Hills Dr, Gledswood Hills, NSW 2557"", ""station_name"": ""Gregory Hills Centre"", ""status_counts"": ""{\""Available\"": 4}"", ""total_port_count"": 4}",1,1,,accepted,accepted
878,,"Innovation Way, Wollongong NSW 2500",Chargefox,3,DC,180 kW,-34.40008513,150.8996306,Wollongong City Council,2500,Existing Fast Chargers,accepted,coordinate_and_fuzzy_address,5.908336795762478,0.9026785714285714,131610,"Off Innovation Way, North Wollongong, New South Wales, 2500","{""charger_capacities"": ""180 kW; 3.45 kW"", ""connector_types_normalized"": ""CCS;Type I (AS 3112)"", ""data_provider"": ""Open Charge Map"", ""general_comments"": ""Will likely be CCS2"", ""is_operational"": true, ""last_verified"": ""2024-07-30T05:30:00Z"", ""latitude"": -34.40010718082921, ""longitude"": 150.8996891900606, ""number_of_plugs"": 2.0, ""number_of_plugs_quality"": ""reported_or_derived_from_connection_quantity"", ""number_of_plugs_semantics"": ""OCM NumberOfPoints or positive connection Quantity"", ""operational_status"": ""operational"", ""operator"": ""Chargefox"", ""plug_types"": ""CCS (Type 2); Type I (AS 3112)"", ""power_kw_max"": 180.0, ""power_kw_min"": 3.45, ""power_kw_values"": [3.45, 180.0], ""station_address"": ""Off Innovation Way, North Wollongong, New South Wales, 2500"", ""station_name"": ""Innovation Campus - University of Wollongong"", ""status"": ""Operational"", ""usage_cost"": ""Free""}",1,1,,unmatched,unmatched,,,,,{},0,0,,unmatched,unmatched,,,,,{},0,0,,unmatched,unmatched,,,,,{},0,0,,unmatched,unmatched,,,,,{},0,0,,accepted,accepted
880,,"Jersey Street, Sydney NSW 2077",BP,2,DC,75 kW,-33.68997402,151.1061692,"Hornsby, The Council of the Shire of",2077,Existing Fast Chargers,unmatched,unmatched,,,,,{},0,0,,accepted,coordinate_500m,3.8343554431715297,0.0,10687053371,,"{""access_condition"": ""Free Access"", ""charger_capacities"": null, ""connector_types_normalized"": ""CCS"", ""data_provider"": ""OpenStreetMap"", ""latitude"": -33.6899794200282, ""longitude"": 151.10612826773, ""number_of_plugs"": 2, ""number_of_plugs_quality"": ""valid"", ""number_of_plugs_raw"": 2, ""number_of_plugs_semantics"": ""OSM charge_points_count; values above 100 are withheld as suspicious"", ""opening_hours"": """", ""operator"": ""bp pulse"", ""osm_last_updated"": ""2025-08-25"", ""plug_types"": ""CCS"", ""power_kw_max"": null, ""power_kw_min"": null, ""power_kw_values"": [], ""station_name"": """"}",1,1,,accepted,coordinate_500m,3.8343554431715297,0.0,10687053371,,"{""access_condition"": ""Free Access"", ""charger_capacities"": null, ""connector_types_normalized"": ""CCS"", ""data_provider"": ""OpenStreetMap"", ""latitude"": -33.6899794200282, ""longitude"": 151.10612826773, ""number_of_plugs"": 2, ""number_of_plugs_quality"": ""valid"", ""number_of_plugs_raw"": 2, ""number_of_plugs_semantics"": ""OSM charge_points_count; values above 100 are withheld as suspicious"", ""opening_hours"": """", ""operator"": ""bp pulse"", ""osm_last_updated"": ""2025-08-25"", ""plug_types"": ""CCS"", ""power_kw_max"": null, ""power_kw_min"": null, ""power_kw_values"": [], ""station_name"": """"}",1,1,,accepted,coordinate_500m,478.6392895567505,0.24691912708600772,15d06bf5-6b4a-425d-9312-bae4b17cc22b-729,"5 Citrus Ave, Hornsby, NSW 2077","{""charger_capacities"": 22.0, ""connector_types_normalized"": ""Type2"", ""data_provider"": ""Charge@Large"", ""dc_port_count"": 1, ""latitude"": -33.6919444, ""longitude"": 151.1015696, ""number_of_plugs"": 1, ""number_of_plugs_quality"": ""reported_from_dc_port_count"", ""number_of_plugs_semantics"": ""Charge@Large DC-indicated port count"", ""operator"": """", ""plug_types"": ""TYPE2"", ""power_kw_max"": 22.0, ""power_kw_min"": 22.0, ""power_kw_values"": [22.0], ""station_address"": ""5 Citrus Ave, Hornsby, NSW 2077"", ""station_name"": ""5 Citrus Ave Hornsby - Energy Trade"", ""status_counts"": ""{\""Missing\"": 1}"", ""total_port_count"": 1}",1,1,,unmatched,unmatched,,,,,{},0,0,,accepted,accepted
882,,"John Renshaw Drive, Beresfield NSW 2322",BP,2,DC,75 kW,-32.81193998,151.6394685,Newcastle City Council,2322,Existing Fast Chargers,unmatched,unmatched,,,,,{},0,0,,accepted,coordinate_500m,5.693434071726768,0.0,11494560491,,"{""access_condition"": ""Free Access"", ""charger_capacities"": null, ""connector_types_normalized"": """", ""data_provider"": ""OpenStreetMap"", ""latitude"": -32.8119859590767, ""longitude"": 151.639441693113, ""number_of_plugs"": null, ""number_of_plugs_quality"": ""missing_or_suspicious"", ""number_of_plugs_raw"": null, ""number_of_plugs_semantics"": ""OSM charge_points_count; values above 100 are withheld as suspicious"", ""opening_hours"": """", ""operator"": ""bp pulse"", ""osm_last_updated"": ""2025-08-24"", ""plug_types"": """", ""power_kw_max"": null, ""power_kw_min"": null, ""power_kw_values"": [], ""station_name"": ""BP Pulse""}",1,1,,unmatched,unmatched,,,,,{},0,0,,unmatched,unmatched,,,,,{},0,0,,unmatched,unmatched,,,,,{},0,0,,accepted,unmatched
883,,"Kable Avenue, Tamworth NSW 2340",NRMA Electric,2,DC,50 kW,-31.0903554,150.9274134,Tamworth Regional Council,2340,Existing Fast Chargers,accepted,coordinate_500m,256.2745900174027,0.4415458937198068,312659,"Cooper Lane, Tamworth, NSW, 2340","{""charger_capacities"": ""300 kW; 22 kW"", ""connector_types_normalized"": ""CCS;Type2"", ""data_provider"": ""Open Charge Map"", ""general_comments"": """", ""is_operational"": true, ""last_verified"": ""2025-05-20T02:24:00Z"", ""latitude"": -31.090167611011005, ""longitude"": 150.93009578041267, ""number_of_plugs"": 1.0, ""number_of_plugs_quality"": ""reported_or_derived_from_connection_quantity"", ""number_of_plugs_semantics"": ""OCM NumberOfPoints or positive connection Quantity"", ""operational_status"": ""operational"", ""operator"": ""Evie"", ""plug_types"": ""CCS (Type 2); Type 2 (Socket Only)"", ""power_kw_max"": 300.0, ""power_kw_min"": 22.0, ""power_kw_values"": [22.0, 300.0], ""station_address"": ""Cooper Lane, Tamworth, NSW, 2340"", ""station_name"": ""Evie 300kW Charger"", ""status"": ""Operational"", ""usage_cost"": ""63c""}",1,1,,unmatched,unmatched,,,,,{},0,0,,unmatched,unmatched,,,,,{},0,0,,accepted,coordinate_500m,237.64770191282784,0.41934782608695653,393dc550-5791-46d3-a359-20e9e5b406b3-670c57177d3ed025b338c362,"52 Brisbane Street, Tamworth, NSW 2340","{""charger_capacities"": 7.0, ""connector_types_normalized"": ""Type2"", ""data_provider"": ""Charge@Large"", ""dc_port_count"": 4, ""latitude"": -31.0894491, ""longitude"": 150.9296736, ""number_of_plugs"": 4, ""number_of_plugs_quality"": ""reported_from_dc_port_count"", ""number_of_plugs_semantics"": ""Charge@Large DC-indicated port count"", ""operator"": """", ""plug_types"": ""TYPE2"", ""power_kw_max"": 7.0, ""power_kw_min"": 7.0, ""power_kw_values"": [7.0], ""station_address"": ""52 Brisbane Street, Tamworth, NSW 2340"", ""station_name"": ""CH Boutique Hotel Tamworth"", ""status_counts"": ""{\""Available\"": 3, \""OutOfService\"": 1}"", ""total_port_count"": 4}",1,1,,unmatched,unmatched,,,,,{},0,0,,accepted,accepted
884,,"Kiewa Street, Albury NSW 2640",NRMA Electric,2,DC,50 kW,-36.08379184,146.9148338,Albury City Council,2640,Existing Fast Chargers,unmatched,unmatched,,,,,{},0,0,,accepted,coordinate_500m,2.947819325598813,0.0,7244697466,,"{""access_condition"": ""Free Access"", ""charger_capacities"": null, ""connector_types_normalized"": ""CCS;CHAdeMO"", ""data_provider"": ""OpenStreetMap"", ""latitude"": -36.0837898623098, ""longitude"": 146.914801087891, ""number_of_plugs"": null, ""number_of_plugs_quality"": ""missing_or_suspicious"", ""number_of_plugs_raw"": null, ""number_of_plugs_semantics"": ""OSM charge_points_count; values above 100 are withheld as suspicious"", ""opening_hours"": """", ""operator"": ""NRMA"", ""osm_last_updated"": ""2023-03-30"", ""plug_types"": ""CCS|CHAdeMO"", ""power_kw_max"": null, ""power_kw_min"": null, ""power_kw_values"": [], ""station_name"": """"}",1,1,,accepted,coordinate_500m,2.947819325598813,0.0,7244697466,,"{""access_condition"": ""Free Access"", ""charger_capacities"": null, ""connector_types_normalized"": ""CCS;CHAdeMO"", ""data_provider"": ""OpenStreetMap"", ""latitude"": -36.0837898623098, ""longitude"": 146.914801087891, ""number_of_plugs"": null, ""number_of_plugs_quality"": ""missing_or_suspicious"", ""number_of_plugs_raw"": null, ""number_of_plugs_semantics"": ""OSM charge_points_count; values above 100 are withheld as suspicious"", ""opening_hours"": """", ""operator"": ""NRMA"", ""osm_last_updated"": ""2023-03-30"", ""plug_types"": ""CCS|CHAdeMO"", ""power_kw_max"": null, ""power_kw_min"": null, ""power_kw_values"": [], ""station_name"": """"}",1,1,,accepted,coordinate_500m,207.43378898791784,0.41000000000000003,15d06bf5-6b4a-425d-9312-bae4b17cc22b-853,"1 AMP Ln, Albury, NSW 2640","{""charger_capacities"": 22.0, ""connector_types_normalized"": ""Type2"", ""data_provider"": ""Charge@Large"", ""dc_port_count"": 4, ""latitude"": -36.0823114, ""longitude"": 146.9162383, ""number_of_plugs"": 4, ""number_of_plugs_quality"": ""reported_from_dc_port_count"", ""number_of_plugs_semantics"": ""Charge@Large DC-indicated port count"", ""operator"": """", ""plug_types"": ""TYPE2"", ""power_kw_max"": 22.0, ""power_kw_min"": 22.0, ""power_kw_values"": [22.0], ""station_address"": ""1 AMP Ln, Albury, NSW 2640"", ""station_name"": ""Albury Council - Lot 102 Volt Lane Car Park"", ""status_counts"": ""{\""Available\"": 4}"", ""total_port_count"": 4}",2,1,,unmatched,unmatched,,,,,{},0,0,,accepted,accepted
886,,"Kintore Headframe Car Park, 51 Bromide Street, Broken Hill NSW 2880",NRMA Electric,2,DC,50 kW,-31.557857,143.3855021,Broken Hill City Council,2836,TfNSW Regional,accepted,coordinate_500m,56.875388234506694,0.5313607370659107,190678,"1-7 Ross St, Wilcannia, New South Wales, 2836","{""charger_capacities"": ""75 kW"", ""connector_types_normalized"": ""CCS;CHAdeMO"", ""data_provider"": ""Open Charge Map"", ""general_comments"": """", ""is_operational"": true, ""last_verified"": ""2022-05-04T03:08:00Z"", ""latitude"": -31.55748024734784, ""longitude"": 143.38590809166777, ""number_of_plugs"": 1.0, ""number_of_plugs_quality"": ""reported_or_derived_from_connection_quantity"", ""number_of_plugs_semantics"": ""OCM NumberOfPoints or positive connection Quantity"", ""operational_status"": ""operational"", ""operator"": ""NRMA"", ""plug_types"": ""CCS (Type 2); CHAdeMO"", ""power_kw_max"": 75.0, ""power_kw_min"": 75.0, ""power_kw_values"": [75.0], ""station_address"": ""1-7 Ross St, Wilcannia, New South Wales, 2836"", ""station_name"": ""Wilcannia [NRMA]"", ""status"": ""Operational"", ""usage_cost"": """"}",1,1,,accepted,coordinate_500m,47.17441175904079,0.0,9470340169,,"{""access_condition"": ""Free Access"", ""charger_capacities"": null, ""connector_types_normalized"": """", ""data_provider"": ""OpenStreetMap"", ""latitude"": -31.5575066604131, ""longitude"": 143.385782895439, ""number_of_plugs"": null, ""number_of_plugs_quality"": ""missing_or_suspicious"", ""number_of_plugs_raw"": null, ""number_of_plugs_semantics"": ""OSM charge_points_count; values above 100 are withheld as suspicious"", ""opening_hours"": """", ""operator"": ""NRMA"", ""osm_last_updated"": ""2022-02-03"", ""plug_types"": """", ""power_kw_max"": null, ""power_kw_min"": null, ""power_kw_values"": [], ""station_name"": """"}",1,1,,unmatched,unmatched,,,,,{},0,0,,unmatched,unmatched,,,,,{},0,0,,unmatched,unmatched,,,,,{},0,0,,accepted,accepted
888,,"Koonya Circuit, Sydney NSW 2229",Exploren,2,DC,50 kW,-34.0278569,151.1217848,Sutherland Shire Council,2229,Existing Fast Chargers,unmatched,unmatched,,,,,{},0,0,,accepted,coordinate_500m,163.08816936833966,0.0,11345075655,,"{""access_condition"": ""Free Access"", ""charger_capacities"": null, ""connector_types_normalized"": """", ""data_provider"": ""OpenStreetMap"", ""latitude"": -34.0293010725355, ""longitude"": 151.122093697799, ""number_of_plugs"": 4, ""number_of_plugs_quality"": ""valid"", ""number_of_plugs_raw"": 4, ""number_of_plugs_semantics"": ""OSM charge_points_count; values above 100 are withheld as suspicious"", ""opening_hours"": """", ""operator"": ""Evie Networks"", ""osm_last_updated"": ""2023-11-12"", ""plug_types"": """", ""power_kw_max"": null, ""power_kw_min"": null, ""power_kw_values"": [], ""station_name"": """"}",2,2,102.2575370988053,unmatched,unmatched,,,,,{},0,0,,accepted,coordinate_500m,70.03290617569859,0.8142857142857144,15d06bf5-6b4a-425d-9312-bae4b17cc22b-174,"Koonya Cct, Caringbah, NSW 2229","{""charger_capacities"": 50.0, ""connector_types_normalized"": ""CCS;CHAdeMO"", ""data_provider"": ""Charge@Large"", ""dc_port_count"": 2, ""latitude"": -34.0279242, ""longitude"": 151.1210292, ""number_of_plugs"": 2, ""number_of_plugs_quality"": ""reported_from_dc_port_count"", ""number_of_plugs_semantics"": ""Charge@Large DC-indicated port count"", ""operator"": """", ""plug_types"": ""CCS2|CHADEMO"", ""power_kw_max"": 50.0, ""power_kw_min"": 50.0, ""power_kw_values"": [50.0], ""station_address"": ""Koonya Cct, Caringbah, NSW 2229"", ""station_name"": ""Bunnings Caringbah"", ""status_counts"": ""{\""OutOfService\"": 2}"", ""total_port_count"": 2}",1,1,,accepted,coordinate_500m,70.03290617569859,0.8142857142857144,15d06bf5-6b4a-425d-9312-bae4b17cc22b-174,"Koonya Cct, Caringbah, NSW 2229","{""charger_capacities"": 50.0, ""connector_types_normalized"": ""CCS;CHAdeMO"", ""data_provider"": ""Charge@Large"", ""dc_port_count"": 2, ""latitude"": -34.0279242, ""longitude"": 151.1210292, ""number_of_plugs"": 2, ""number_of_plugs_quality"": ""reported_from_dc_port_count"", ""number_of_plugs_semantics"": ""Charge@Large DC-indicated port count"", ""operator"": """", ""plug_types"": ""CCS2|CHADEMO"", ""power_kw_max"": 50.0, ""power_kw_min"": 50.0, ""power_kw_values"": [50.0], ""station_address"": ""Koonya Cct, Caringbah, NSW 2229"", ""station_name"": ""Bunnings Caringbah"", ""status_counts"": ""{\""OutOfService\"": 2}"", ""total_port_count"": 2}",1,1,,accepted,accepted
890,,"Lake Haven Drive, Lake Haven NSW 2263",Engie,2,DC,150 kW,-33.2445959,151.498974,Camden Council,2263,ARENA - Driving the Nation,accepted,fuzzy_address_only,580.9281647912452,1.0,272708,"Lake Haven Drive, Lake Haven, New South Wales, 2263","{""charger_capacities"": ""120 kW"", ""connector_types_normalized"": ""CCS"", ""data_provider"": ""Open Charge Map"", ""general_comments"": """", ""is_operational"": true, ""last_verified"": ""2023-07-17T12:19:00Z"", ""latitude"": -33.24078932377033, ""longitude"": 151.50325247968817, ""number_of_plugs"": 2.0, ""number_of_plugs_quality"": ""reported_or_derived_from_connection_quantity"", ""number_of_plugs_semantics"": ""OCM NumberOfPoints or positive connection Quantity"", ""operational_status"": ""operational"", ""operator"": ""Chargefox"", ""plug_types"": ""CCS (Type 2)"", ""power_kw_max"": 120.0, ""power_kw_min"": 120.0, ""power_kw_values"": [120.0], ""station_address"": ""Lake Haven Drive, Lake Haven, New South Wales, 2263"", ""station_name"": ""ENGIE - Lake Haven Centre"", ""status"": ""Operational"", ""usage_cost"": """"}",1,0,,unmatched,unmatched,,,,,{},0,0,,unmatched,unmatched,,,,,{},0,0,,unmatched,unmatched,,,,,{},0,0,,unmatched,unmatched,,,,,{},0,0,,accepted,accepted
893,,"Lauder Street, Tumbarumba NSW 2653",Chargefox,2,DC,100 kW,-35.7735596,148.0094114,Snowy Valleys Council,2653,Existing Fast Chargers,unmatched,unmatched,,,,,{},0,0,,accepted,coordinate_500m,4.56517657056856,0.0,12885318910,,"{""access_condition"": ""Free Access"", ""charger_capacities"": null, ""connector_types_normalized"": ""CCS"", ""data_provider"": ""OpenStreetMap"", ""latitude"": -35.7735198023829, ""longitude"": 148.009423830534, ""number_of_plugs"": 2, ""number_of_plugs_quality"": ""valid"", ""number_of_plugs_raw"": 2, ""number_of_plugs_semantics"": ""OSM charge_points_count; values above 100 are withheld as suspicious"", ""opening_hours"": """", ""operator"": ""Chargefox"", ""osm_last_updated"": ""2025-06-05"", ""plug_types"": ""CCS"", ""power_kw_max"": null, ""power_kw_min"": null, ""power_kw_values"": [], ""station_name"": """"}",2,2,344.09310867404906,accepted,coordinate_500m,4.56517657056856,0.0,12885318910,,"{""access_condition"": ""Free Access"", ""charger_capacities"": null, ""connector_types_normalized"": ""CCS"", ""data_provider"": ""OpenStreetMap"", ""latitude"": -35.7735198023829, ""longitude"": 148.009423830534, ""number_of_plugs"": 2, ""number_of_plugs_quality"": ""valid"", ""number_of_plugs_raw"": 2, ""number_of_plugs_semantics"": ""OSM charge_points_count; values above 100 are withheld as suspicious"", ""opening_hours"": """", ""operator"": ""Chargefox"", ""osm_last_updated"": ""2025-06-05"", ""plug_types"": ""CCS"", ""power_kw_max"": null, ""power_kw_min"": null, ""power_kw_values"": [], ""station_name"": """"}",1,1,,unmatched,unmatched,,,,,{},0,0,,unmatched,unmatched,,,,,{},0,0,,accepted,accepted
898,,"M4 Motorway Westbound, Sydney NSW 2766",Ampol,10,DC,400 kW,-33.80214519,150.8802132,Blacktown City Council,2766,Existing Fast Chargers,unmatched,unmatched,,,,,{},0,0,,accepted,coordinate_500m,81.45578136466452,0.0,13613244882,,"{""access_condition"": ""Free Access"", ""charger_capacities"": null, ""connector_types_normalized"": """", ""data_provider"": ""OpenStreetMap"", ""latitude"": -33.8022938212492, ""longitude"": 150.881076430635, ""number_of_plugs"": null, ""number_of_plugs_quality"": ""missing_or_suspicious"", ""number_of_plugs_raw"": null, ""number_of_plugs_semantics"": ""OSM charge_points_count; values above 100 are withheld as suspicious"", ""opening_hours"": """", ""operator"": ""AmpCharge"", ""osm_last_updated"": ""2026-03-03"", ""plug_types"": """", ""power_kw_max"": null, ""power_kw_min"": null, ""power_kw_values"": [], ""station_name"": """"}",2,2,41.93067059705719,accepted,coordinate_500m,123.3864519617217,0.0,13371885230,,"{""access_condition"": ""Free Access"", ""charger_capacities"": null, ""connector_types_normalized"": ""CCS"", ""data_provider"": ""OpenStreetMap"", ""latitude"": -33.8023470463343, ""longitude"": 150.881526287378, ""number_of_plugs"": 10, ""number_of_plugs_quality"": ""valid"", ""number_of_plugs_raw"": 10, ""number_of_plugs_semantics"": ""OSM charge_points_count; values above 100 are withheld as suspicious"", ""opening_hours"": """", ""operator"": ""AmpCharge"", ""osm_last_updated"": ""2026-05-07"", ""plug_types"": ""CCS"", ""power_kw_max"": null, ""power_kw_min"": null, ""power_kw_values"": [], ""station_name"": """"}",1,1,,unmatched,unmatched,,,,,{},0,0,,unmatched,unmatched,,,,,{},0,0,,accepted,accepted
909,,"Mortimer Street, Mudgee NSW 2850",NRMA Electric,2,DC,50 kW,-32.59368073,149.5862633,Mid-Western Regional Council,2850,Existing Fast Chargers,accepted,coordinate_500m,7.468673622505819,0.6976132190942472,191957,"Perry Street, Mudgee, New South Wales, 2850","{""charger_capacities"": ""50 kW"", ""connector_types_normalized"": ""CCS;CHAdeMO"", ""data_provider"": ""Open Charge Map"", ""general_comments"": ""Use NRMA or Chargefox App"", ""is_operational"": true, ""last_verified"": ""2024-06-14T12:05:00Z"", ""latitude"": -32.59363440480615, ""longitude"": 149.58620557294023, ""number_of_plugs"": 1.0, ""number_of_plugs_quality"": ""reported_or_derived_from_connection_quantity"", ""number_of_plugs_semantics"": ""OCM NumberOfPoints or positive connection Quantity"", ""operational_status"": ""operational"", ""operator"": ""NRMA"", ""plug_types"": ""CCS (Type 2); CHAdeMO"", ""power_kw_max"": 50.0, ""power_kw_min"": 50.0, ""power_kw_values"": [50.0], ""station_address"": ""Perry Street, Mudgee, New South Wales, 2850"", ""station_name"": ""NRMA Mudgee"", ""status"": ""Operational"", ""usage_cost"": ""60c / 54c for NRMA Members""}",2,2,474.21797404670315,accepted,coordinate_500m,5.522719077628842,0.0,8163934715,,"{""access_condition"": ""Free Access"", ""charger_capacities"": null, ""connector_types_normalized"": """", ""data_provider"": ""OpenStreetMap"", ""latitude"": -32.5936690650007, ""longitude"": 149.586205997863, ""number_of_plugs"": null, ""number_of_plugs_quality"": ""missing_or_suspicious"", ""number_of_plugs_raw"": null, ""number_of_plugs_semantics"": ""OSM charge_points_count; values above 100 are withheld as suspicious"", ""opening_hours"": """", ""operator"": ""NRMA"", ""osm_last_updated"": ""2022-12-15"", ""plug_types"": """", ""power_kw_max"": null, ""power_kw_min"": null, ""power_kw_values"": [], ""station_name"": """"}",2,2,443.80305094242533,accepted,coordinate_500m,449.32577002005416,0.0,13341675501,,"{""access_condition"": ""Free Access"", ""charger_capacities"": null, ""connector_types_normalized"": ""CCS;CHAdeMO"", ""data_provider"": ""OpenStreetMap"", ""latitude"": -32.5896509482573, ""longitude"": 149.585908021205, ""number_of_plugs"": null, ""number_of_plugs_quality"": ""missing_or_suspicious"", ""number_of_plugs_raw"": null, ""number_of_plugs_semantics"": ""OSM charge_points_count; values above 100 are withheld as suspicious"", ""opening_hours"": """", ""operator"": ""NRMA"", ""osm_last_updated"": ""2025-11-30"", ""plug_types"": ""CCS|CHAdeMO"", ""power_kw_max"": null, ""power_kw_min"": null, ""power_kw_values"": [], ""station_name"": """"}",1,1,,accepted,coordinate_500m,57.55654085334156,0.5565468549422337,179ada28-f0c6-4431-a1fc-bbb2e5ec26d6-AUCHB28500002,"35 Perry Street, Mudgee, NSW 2850","{""charger_capacities"": 22.0, ""connector_types_normalized"": ""Type2"", ""data_provider"": ""Charge@Large"", ""dc_port_count"": 6, ""latitude"": -32.59411, ""longitude"": 149.58592, ""number_of_plugs"": 6, ""number_of_plugs_quality"": ""reported_from_dc_port_count"", ""number_of_plugs_semantics"": ""Charge@Large DC-indicated port count"", ""operator"": """", ""plug_types"": ""TYPE2"", ""power_kw_max"": 22.0, ""power_kw_min"": 22.0, ""power_kw_values"": [22.0], ""station_address"": ""35 Perry Street, Mudgee, NSW 2850"", ""station_name"": ""Soldiers Motel"", ""status_counts"": ""{\""Available\"": 5, \""Charging\"": 1}"", ""total_port_count"": 6}",1,1,,unmatched,unmatched,,,,,{},0,0,,accepted,accepted
914,,"Murray Rose Avenue, Sydney NSW 2127",NRMA Electric,2,DC,50 kW,-33.84603808,151.0698058,"Parramatta, Council of the City of",2127,Existing Fast Chargers,accepted,coordinate_and_fuzzy_address,4.722748957820136,0.8565217391304348,191394,"9 Murray Rose Ave, Sydney Olympic Park, NSW, 2127","{""charger_capacities"": ""50 kW"", ""connector_types_normalized"": ""CCS;CHAdeMO"", ""data_provider"": ""Open Charge Map"", ""general_comments"": """", ""is_operational"": true, ""last_verified"": ""2022-02-09T13:05:00Z"", ""latitude"": -33.84605079570373, ""longitude"": 151.06985459321334, ""number_of_plugs"": 1.0, ""number_of_plugs_quality"": ""reported_or_derived_from_connection_quantity"", ""number_of_plugs_semantics"": ""OCM NumberOfPoints or positive connection Quantity"", ""operational_status"": ""operational"", ""operator"": ""NRMA"", ""plug_types"": ""CCS (Type 2); CHAdeMO"", ""power_kw_max"": 50.0, ""power_kw_min"": 50.0, ""power_kw_values"": [50.0], ""station_address"": ""9 Murray Rose Ave, Sydney Olympic Park, NSW, 2127"", ""station_name"": ""NRMA Olympic Park"", ""status"": ""Operational"", ""usage_cost"": ""Free""}",1,1,,accepted,coordinate_500m,4.167456190388794,0.0,6595579456,,"{""access_condition"": ""Free Access"", ""charger_capacities"": null, ""connector_types_normalized"": ""CCS"", ""data_provider"": ""OpenStreetMap"", ""latitude"": -33.8460153369448, ""longitude"": 151.069841667787, ""number_of_plugs"": 2, ""number_of_plugs_quality"": ""valid"", ""number_of_plugs_raw"": 2, ""number_of_plugs_semantics"": ""OSM charge_points_count; values above 100 are withheld as suspicious"", ""opening_hours"": """", ""operator"": ""NRMA"", ""osm_last_updated"": ""2026-08-10"", ""plug_types"": ""CCS"", ""power_kw_max"": null, ""power_kw_min"": null, ""power_kw_values"": [], ""station_name"": """"}",1,1,,accepted,coordinate_500m,4.167456190388794,0.0,6595579456,,"{""access_condition"": ""Free Access"", ""charger_capacities"": null, ""connector_types_normalized"": ""CCS"", ""data_provider"": ""OpenStreetMap"", ""latitude"": -33.8460153369448, ""longitude"": 151.069841667787, ""number_of_plugs"": 2, ""number_of_plugs_quality"": ""valid"", ""number_of_plugs_raw"": 2, ""number_of_plugs_semantics"": ""OSM charge_points_count; values above 100 are withheld as suspicious"", ""opening_hours"": """", ""operator"": ""NRMA"", ""osm_last_updated"": ""2026-08-10"", ""plug_types"": ""CCS"", ""power_kw_max"": null, ""power_kw_min"": null, ""power_kw_values"": [], ""station_name"": """"}",1,1,,unmatched,unmatched,,,,,{},0,0,,unmatched,unmatched,,,,,{},0,0,,accepted,accepted
916,,"Narellan Road Cnr Maxwell Place, Sydney NSW 2567",Ampol,4,DC,150 kW,-34.04010015,150.7435405,Camden Council,2567,Existing Fast Chargers,unmatched,unmatched,,,,,{},0,0,,accepted,coordinate_500m,71.59695594745277,0.0,13018467011,,"{""access_condition"": ""Free Access"", ""charger_capacities"": null, ""connector_types_normalized"": ""CCS"", ""data_provider"": ""OpenStreetMap"", ""latitude"": -34.0395363821387, ""longitude"": 150.743165122045, ""number_of_plugs"": 4, ""number_of_plugs_quality"": ""valid"", ""number_of_plugs_raw"": 4, ""number_of_plugs_semantics"": ""OSM charge_points_count; values above 100 are withheld as suspicious"", ""opening_hours"": """", ""operator"": ""AmpCharge"", ""osm_last_updated"": ""2025-07-23"", ""plug_types"": ""CCS"", ""power_kw_max"": null, ""power_kw_min"": null, ""power_kw_values"": [], ""station_name"": """"}",1,1,,accepted,coordinate_500m,71.59695594745277,0.0,13018467011,,"{""access_condition"": ""Free Access"", ""charger_capacities"": null, ""connector_types_normalized"": ""CCS"", ""data_provider"": ""OpenStreetMap"", ""latitude"": -34.0395363821387, ""longitude"": 150.743165122045, ""number_of_plugs"": 4, ""number_of_plugs_quality"": ""valid"", ""number_of_plugs_raw"": 4, ""number_of_plugs_semantics"": ""OSM charge_points_count; values above 100 are withheld as suspicious"", ""opening_hours"": """", ""operator"": ""AmpCharge"", ""osm_last_updated"": ""2025-07-23"", ""plug_types"": ""CCS"", ""power_kw_max"": null, ""power_kw_min"": null, ""power_kw_values"": [], ""station_name"": """"}",1,1,,unmatched,unmatched,,,,,{},0,0,,unmatched,unmatched,,,,,{},0,0,,accepted,accepted
917,,"Newbridge Road 216, Sydney NSW 2170",Ampol,2,DC,150 kW,-33.92932037,150.9551001,Liverpool City Council,2170,Existing Fast Chargers,unmatched,unmatched,,,,,{},0,0,,accepted,coordinate_500m,37.18249035288263,0.0,11957109508,,"{""access_condition"": ""Free Access"", ""charger_capacities"": null, ""connector_types_normalized"": ""CCS"", ""data_provider"": ""OpenStreetMap"", ""latitude"": -33.9296043692568, ""longitude"": 150.955312851567, ""number_of_plugs"": 2, ""number_of_plugs_quality"": ""valid"", ""number_of_plugs_raw"": 2, ""number_of_plugs_semantics"": ""OSM charge_points_count; values above 100 are withheld as suspicious"", ""opening_hours"": """", ""operator"": ""AmpCharge"", ""osm_last_updated"": ""2025-10-09"", ""plug_types"": ""CCS"", ""power_kw_max"": null, ""power_kw_min"": null, ""power_kw_values"": [], ""station_name"": """"}",1,1,,accepted,coordinate_500m,37.18249035288263,0.0,11957109508,,"{""access_condition"": ""Free Access"", ""charger_capacities"": null, ""connector_types_normalized"": ""CCS"", ""data_provider"": ""OpenStreetMap"", ""latitude"": -33.9296043692568, ""longitude"": 150.955312851567, ""number_of_plugs"": 2, ""number_of_plugs_quality"": ""valid"", ""number_of_plugs_raw"": 2, ""number_of_plugs_semantics"": ""OSM charge_points_count; values above 100 are withheld as suspicious"", ""opening_hours"": """", ""operator"": ""AmpCharge"", ""osm_last_updated"": ""2025-10-09"", ""plug_types"": ""CCS"", ""power_kw_max"": null, ""power_kw_min"": null, ""power_kw_values"": [], ""station_name"": """"}",1,1,,unmatched,unmatched,,,,,{},0,0,,unmatched,unmatched,,,,,{},0,0,,accepted,accepted
918,,"North Terrace, Sydney NSW 2200",Chargefox,4,DC,200 kW,-33.91649454,151.0402563,Canterbury Bankstown Council,2200,Existing Fast Chargers,unmatched,unmatched,,,,,{},0,0,,unmatched,unmatched,,,,,{},0,0,,unmatched,unmatched,,,,,{},0,0,,accepted,coordinate_500m,2.8343749534981644,0.5599208764455266,15d06bf5-6b4a-425d-9312-bae4b17cc22b-2520,"Shop ML436/1 North Terrace, Bankstown, NSW 2200","{""charger_capacities"": 160.0, ""connector_types_normalized"": ""CCS"", ""data_provider"": ""Charge@Large"", ""dc_port_count"": 6, ""latitude"": -33.9165199, ""longitude"": 151.0402594, ""number_of_plugs"": 6, ""number_of_plugs_quality"": ""reported_from_dc_port_count"", ""number_of_plugs_semantics"": ""Charge@Large DC-indicated port count"", ""operator"": """", ""plug_types"": ""CCS2"", ""power_kw_max"": 160.0, ""power_kw_min"": 160.0, ""power_kw_values"": [160.0], ""station_address"": ""Shop ML436/1 North Terrace, Bankstown, NSW 2200"", ""station_name"": ""Bankstown Central"", ""status_counts"": ""{\""Available\"": 5, \""Charging\"": 1}"", ""total_port_count"": 6}",1,1,,accepted,coordinate_500m,2.8343749534981644,0.5599208764455266,15d06bf5-6b4a-425d-9312-bae4b17cc22b-2520,"Shop ML436/1 North Terrace, Bankstown, NSW 2200","{""charger_capacities"": 160.0, ""connector_types_normalized"": ""CCS"", ""data_provider"": ""Charge@Large"", ""dc_port_count"": 6, ""latitude"": -33.9165199, ""longitude"": 151.0402594, ""number_of_plugs"": 6, ""number_of_plugs_quality"": ""reported_from_dc_port_count"", ""number_of_plugs_semantics"": ""Charge@Large DC-indicated port count"", ""operator"": """", ""plug_types"": ""CCS2"", ""power_kw_max"": 160.0, ""power_kw_min"": 160.0, ""power_kw_values"": [160.0], ""station_address"": ""Shop ML436/1 North Terrace, Bankstown, NSW 2200"", ""station_name"": ""Bankstown Central"", ""status_counts"": ""{\""Available\"": 5, \""Charging\"": 1}"", ""total_port_count"": 6}",1,1,,accepted,accepted
920,,"Oatley Railway Station, Oatley Parade, Oatley, New South Wales NSW 2223",JOLT,1,DC,25 kW,-33.981453,151.079434,Georges River Council,2223,TfNSW Commuter Car Parks,unmatched,unmatched,,,,,{},0,0,,accepted,coordinate_500m,195.78465444608347,0.0,10196181562,,"{""access_condition"": ""Free Access"", ""charger_capacities"": null, ""connector_types_normalized"": """", ""data_provider"": ""OpenStreetMap"", ""latitude"": -33.9815934589667, ""longitude"": 151.081550599787, ""number_of_plugs"": 1, ""number_of_plugs_quality"": ""valid"", ""number_of_plugs_raw"": 1, ""number_of_plugs_semantics"": ""OSM charge_points_count; values above 100 are withheld as suspicious"", ""opening_hours"": """", ""operator"": ""Jolt"", ""osm_last_updated"": ""2022-11-17"", ""plug_types"": """", ""power_kw_max"": null, ""power_kw_min"": null, ""power_kw_values"": [], ""station_name"": """"}",1,1,,unmatched,unmatched,,,,,{},0,0,,unmatched,unmatched,,,,,{},0,0,,unmatched,unmatched,,,,,{},0,0,,accepted,unmatched
923,,"Orchard Court, Bathurst NSW 2795",Exploren,2,DC,120 kW,-33.42979584,149.560006,Bathurst Regional Council,2795,Existing Fast Chargers,unmatched,unmatched,,,,,{},0,0,,unmatched,unmatched,,,,,{},0,0,,unmatched,unmatched,,,,,{},0,0,,accepted,coordinate_500m,0.13208529133857366,0.16999999999999998,15d06bf5-6b4a-425d-9312-bae4b17cc22b-1469,"1432, Mitchell, NSW 2795","{""charger_capacities"": 120.0, ""connector_types_normalized"": ""CCS"", ""data_provider"": ""Charge@Large"", ""dc_port_count"": 2, ""latitude"": -33.4297947, ""longitude"": 149.5600064, ""number_of_plugs"": 2, ""number_of_plugs_quality"": ""reported_from_dc_port_count"", ""number_of_plugs_semantics"": ""Charge@Large DC-indicated port count"", ""operator"": """", ""plug_types"": ""CCS2"", ""power_kw_max"": 120.0, ""power_kw_min"": 120.0, ""power_kw_values"": [120.0], ""station_address"": ""1432, Mitchell, NSW 2795"", ""station_name"": ""Charles Sturt University - Bathurst Campus"", ""status_counts"": ""{\""Available\"": 2}"", ""total_port_count"": 2}",1,1,,accepted,coordinate_500m,0.13208529133857366,0.16999999999999998,15d06bf5-6b4a-425d-9312-bae4b17cc22b-1469,"1432, Mitchell, NSW 2795","{""charger_capacities"": 120.0, ""connector_types_normalized"": ""CCS"", ""data_provider"": ""Charge@Large"", ""dc_port_count"": 2, ""latitude"": -33.4297947, ""longitude"": 149.5600064, ""number_of_plugs"": 2, ""number_of_plugs_quality"": ""reported_from_dc_port_count"", ""number_of_plugs_semantics"": ""Charge@Large DC-indicated port count"", ""operator"": """", ""plug_types"": ""CCS2"", ""power_kw_max"": 120.0, ""power_kw_min"": 120.0, ""power_kw_values"": [120.0], ""station_address"": ""1432, Mitchell, NSW 2795"", ""station_name"": ""Charles Sturt University - Bathurst Campus"", ""status_counts"": ""{\""Available\"": 2}"", ""total_port_count"": 2}",1,1,,accepted,accepted
925,,"Pacific Highway Cnr, 13-15 Costa Avenue, Charmhaven NSW 2263",Ampol,4,DC,125 kW,-33.2179895,151.5103011,Maitland City Council,2263,ARENA - Driving the Nation,unmatched,unmatched,,,,,{},0,0,,unmatched,unmatched,,,,,{},0,0,,unmatched,unmatched,,,,,{},0,0,,unmatched,unmatched,,,,,{},0,0,,unmatched,unmatched,,,,,{},0,0,,unmatched,unmatched
926,,"Pacific Highway, Boambee NSW 2450",Chargefox,2,DC,270 kW,-30.31793098,153.0897227,Coffs Harbour City Council,2450,Existing Fast Chargers,accepted,coordinate_and_fuzzy_address,15.502419481470575,0.957377049180328,172852,"Pacific Highway, North Boambee Valley, NSW, 2450","{""charger_capacities"": ""350 kW; 100 kW"", ""connector_types_normalized"": ""CCS;CHAdeMO"", ""data_provider"": ""Open Charge Map"", ""general_comments"": """", ""is_operational"": true, ""last_verified"": ""2023-07-13T22:16:00Z"", ""latitude"": -30.31779254465217, ""longitude"": 153.08970357206374, ""number_of_plugs"": 2.0, ""number_of_plugs_quality"": ""reported_or_derived_from_connection_quantity"", ""number_of_plugs_semantics"": ""OCM NumberOfPoints or positive connection Quantity"", ""operational_status"": ""operational"", ""operator"": ""Chargefox"", ""plug_types"": ""CCS (Type 2); CHAdeMO"", ""power_kw_max"": 350.0, ""power_kw_min"": 100.0, ""power_kw_values"": [100.0, 350.0], ""station_address"": ""Pacific Highway, North Boambee Valley, NSW, 2450"", ""station_name"": ""Coffs Harbour [Chargefox]"", ""status"": ""Operational"", ""usage_cost"": ""$0.60/kWh""}",1,1,,accepted,coordinate_500m,27.04440669399339,0.0,10861584624,,"{""access_condition"": ""Free Access"", ""charger_capacities"": null, ""connector_types_normalized"": ""CCS;CHAdeMO"", ""data_provider"": ""OpenStreetMap"", ""latitude"": -30.3177072593294, ""longitude"": 153.089833226308, ""number_of_plugs"": null, ""number_of_plugs_quality"": ""missing_or_suspicious"", ""number_of_plugs_raw"": null, ""number_of_plugs_semantics"": ""OSM charge_points_count; values above 100 are withheld as suspicious"", ""opening_hours"": """", ""operator"": ""Chargefox"", ""osm_last_updated"": ""2023-05-02"", ""plug_types"": ""CCS|CHAdeMO"", ""power_kw_max"": null, ""power_kw_min"": null, ""power_kw_values"": [], ""station_name"": ""Chargefox Coffs Harbour""}",1,1,,accepted,coordinate_500m,27.04440669399339,0.0,10861584624,,"{""access_condition"": ""Free Access"", ""charger_capacities"": null, ""connector_types_normalized"": ""CCS;CHAdeMO"", ""data_provider"": ""OpenStreetMap"", ""latitude"": -30.3177072593294, ""longitude"": 153.089833226308, ""number_of_plugs"": null, ""number_of_plugs_quality"": ""missing_or_suspicious"", ""number_of_plugs_raw"": null, ""number_of_plugs_semantics"": ""OSM charge_points_count; values above 100 are withheld as suspicious"", ""opening_hours"": """", ""operator"": ""Chargefox"", ""osm_last_updated"": ""2023-05-02"", ""plug_types"": ""CCS|CHAdeMO"", ""power_kw_max"": null, ""power_kw_min"": null, ""power_kw_values"": [], ""station_name"": ""Chargefox Coffs Harbour""}",1,1,,unmatched,unmatched,,,,,{},0,0,,unmatched,unmatched,,,,,{},0,0,,accepted,accepted
927,,"Parramatta Road 214, Sydney NSW 2134",Everty,2,DC,60 kW,-33.86979084,151.1106677,Burwood Council,2134,Existing Fast Chargers,unmatched,unmatched,,,,,{},0,0,,accepted,coordinate_500m,272.08977925187384,0.0,10780543260,,"{""access_condition"": ""Free Access"", ""charger_capacities"": null, ""connector_types_normalized"": """", ""data_provider"": ""OpenStreetMap"", ""latitude"": -33.8693840829925, ""longitude"": 151.107761649201, ""number_of_plugs"": null, ""number_of_plugs_quality"": ""missing_or_suspicious"", ""number_of_plugs_raw"": null, ""number_of_plugs_semantics"": ""OSM charge_points_count; values above 100 are withheld as suspicious"", ""opening_hours"": """", ""operator"": ""Jolt"", ""osm_last_updated"": ""2023-04-02"", ""plug_types"": """", ""power_kw_max"": null, ""power_kw_min"": null, ""power_kw_values"": [], ""station_name"": """"}",1,1,,unmatched,unmatched,,,,,{},0,0,,unmatched,unmatched,,,,,{},0,0,,unmatched,unmatched,,,,,{},0,0,,accepted,unmatched
928,,"Penrith Railway Station, Jane Street, Penrith, New South Wales NSW 2750",JOLT,1,DC,25 kW,-33.750304,150.694089,Penrith City Council,2750,TfNSW Commuter Car Parks,unmatched,unmatched,,,,,{},0,0,,unmatched,unmatched,,,,,{},0,0,,unmatched,unmatched,,,,,{},0,0,,unmatched,unmatched,,,,,{},0,0,,unmatched,unmatched,,,,,{},0,0,,unmatched,unmatched
930,,"Pittwater Road, Sydney NSW 2101",JOLT,2,DC,25 kW,-33.71376381,151.2971421,Northern Beaches Council,2101,Existing Fast Chargers,unmatched,unmatched,,,,,{},0,0,,accepted,coordinate_500m,4.736521419078238,0.0,13139855775,,"{""access_condition"": ""Free Access"", ""charger_capacities"": null, ""connector_types_normalized"": """", ""data_provider"": ""OpenStreetMap"", ""latitude"": -33.7137227533288, ""longitude"": 151.297128455544, ""number_of_plugs"": 1, ""number_of_plugs_quality"": ""valid"", ""number_of_plugs_raw"": 1, ""number_of_plugs_semantics"": ""OSM charge_points_count; values above 100 are withheld as suspicious"", ""opening_hours"": """", ""operator"": ""Jolt"", ""osm_last_updated"": ""2026-07-20"", ""plug_types"": """", ""power_kw_max"": null, ""power_kw_min"": null, ""power_kw_values"": [], ""station_name"": """"}",2,2,107.8713839342838,unmatched,unmatched,,,,,{},0,0,,unmatched,unmatched,,,,,{},0,0,,unmatched,unmatched,,,,,{},0,0,,accepted,unmatched
931,,"Pole Lane, Sydney NSW 2065",Evie Networks,4,DC,75 kW,-33.82462167,151.1997668,North Sydney Council,2065,Existing Fast Chargers,accepted,coordinate_500m,418.84848376958564,0.3442222222222222,272632,"88 Christie St, St Leonards, NSW, 2065","{""charger_capacities"": ""50 kW"", ""connector_types_normalized"": ""CCS;CHAdeMO"", ""data_provider"": ""Open Charge Map"", ""general_comments"": """", ""is_operational"": true, ""last_verified"": ""2023-07-15T12:12:00Z"", ""latitude"": -33.823861, ""longitude"": 151.195326, ""number_of_plugs"": 2.0, ""number_of_plugs_quality"": ""reported_or_derived_from_connection_quantity"", ""number_of_plugs_semantics"": ""OCM NumberOfPoints or positive connection Quantity"", ""operational_status"": ""operational"", ""operator"": ""Evie"", ""plug_types"": ""CCS (Type 2); CHAdeMO"", ""power_kw_max"": 50.0, ""power_kw_min"": 50.0, ""power_kw_values"": [50.0], ""station_address"": ""88 Christie St, St Leonards, NSW, 2065"", ""station_name"": ""Civic Plaza 88 Christie"", ""status"": ""Operational"", ""usage_cost"": """"}",1,1,,accepted,coordinate_500m,20.925587158806383,0.0,13059026685,,"{""access_condition"": ""Free Access"", ""charger_capacities"": null, ""connector_types_normalized"": ""CCS"", ""data_provider"": ""OpenStreetMap"", ""latitude"": -33.8245802121401, ""longitude"": 151.199545835884, ""number_of_plugs"": 4, ""number_of_plugs_quality"": ""valid"", ""number_of_plugs_raw"": 4, ""number_of_plugs_semantics"": ""OSM charge_points_count; values above 100 are withheld as suspicious"", ""opening_hours"": """", ""operator"": ""Evie Networks"", ""osm_last_updated"": ""2025-10-10"", ""plug_types"": ""CCS"", ""power_kw_max"": null, ""power_kw_min"": null, ""power_kw_values"": [], ""station_name"": """"}",4,4,326.7207242924941,accepted,coordinate_500m,20.925587158806383,0.0,13059026685,,"{""access_condition"": ""Free Access"", ""charger_capacities"": null, ""connector_types_normalized"": ""CCS"", ""data_provider"": ""OpenStreetMap"", ""latitude"": -33.8245802121401, ""longitude"": 151.199545835884, ""number_of_plugs"": 4, ""number_of_plugs_quality"": ""valid"", ""number_of_plugs_raw"": 4, ""number_of_plugs_semantics"": ""OSM charge_points_count; values above 100 are withheld as suspicious"", ""opening_hours"": """", ""operator"": ""Evie Networks"", ""osm_last_updated"": ""2025-10-10"", ""plug_types"": ""CCS"", ""power_kw_max"": null, ""power_kw_min"": null, ""power_kw_values"": [], ""station_name"": """"}",2,2,326.7207242924941,accepted,coordinate_500m,171.19574737604307,0.5442857142857143,15d06bf5-6b4a-425d-9312-bae4b17cc22b-585,"80 Hume Ln, Crows Nest, NSW 2065","{""charger_capacities"": 22.0, ""connector_types_normalized"": ""Type2"", ""data_provider"": ""Charge@Large"", ""dc_port_count"": 1, ""latitude"": -33.823146, ""longitude"": 151.2002953, ""number_of_plugs"": 1, ""number_of_plugs_quality"": ""reported_from_dc_port_count"", ""number_of_plugs_semantics"": ""Charge@Large DC-indicated port count"", ""operator"": """", ""plug_types"": ""TYPE2"", ""power_kw_max"": 22.0, ""power_kw_min"": 22.0, ""power_kw_values"": [22.0], ""station_address"": ""80 Hume Ln, Crows Nest, NSW 2065"", ""station_name"": ""Rosemont"", ""status_counts"": ""{\""Available\"": 1}"", ""total_port_count"": 1}",8,8,12.43154279259656,accepted,coordinate_500m,460.5354317898104,0.4398989898989899,15d06bf5-6b4a-425d-9312-bae4b17cc22b-1993,"1 Plunkett St, New South Wales, St Leonards, NSW 2065","{""charger_capacities"": 50.0, ""connector_types_normalized"": ""CCS"", ""data_provider"": ""Charge@Large"", ""dc_port_count"": 2, ""latitude"": -33.821558, ""longitude"": 151.196412, ""number_of_plugs"": 2, ""number_of_plugs_quality"": ""reported_from_dc_port_count"", ""number_of_plugs_semantics"": ""Charge@Large DC-indicated port count"", ""operator"": """", ""plug_types"": ""CCS2"", ""power_kw_max"": 50.0, ""power_kw_min"": 50.0, ""power_kw_values"": [50.0], ""station_address"": ""1 Plunkett St, New South Wales, St Leonards, NSW 2065"", ""station_name"": ""Willoughby City Council - Plunkett St"", ""status_counts"": ""{\""Available\"": 2}"", ""total_port_count"": 2}",1,1,,accepted,accepted
933,,"Prince Of Wales Drive, Sydney NSW 2073",Exploren,2,DC,60 kW,-33.76357562,151.1336246,Ku-ring-gai Council,2073,Existing Fast Chargers,unmatched,unmatched,,,,,{},0,0,,unmatched,unmatched,,,,,{},0,0,,unmatched,unmatched,,,,,{},0,0,,accepted,coordinate_500m,0.10877681029660163,0.1989795918367347,15d06bf5-6b4a-425d-9312-bae4b17cc22b-1665,"64PM+J7, West Pymble, NSW 2073","{""charger_capacities"": 60.0, ""connector_types_normalized"": ""CCS"", ""data_provider"": ""Charge@Large"", ""dc_port_count"": 2, ""latitude"": -33.7635747, ""longitude"": 151.1336242, ""number_of_plugs"": 2, ""number_of_plugs_quality"": ""reported_from_dc_port_count"", ""number_of_plugs_semantics"": ""Charge@Large DC-indicated port count"", ""operator"": """", ""plug_types"": ""CCS2"", ""power_kw_max"": 60.0, ""power_kw_min"": 60.0, ""power_kw_values"": [60.0], ""station_address"": ""64PM+J7, West Pymble, NSW 2073"", ""station_name"": ""Ku-ring-gai Fitness & Aquatic Centre"", ""status_counts"": ""{\""OutOfService\"": 2}"", ""total_port_count"": 2}",1,1,,accepted,coordinate_500m,0.10877681029660163,0.1989795918367347,15d06bf5-6b4a-425d-9312-bae4b17cc22b-1665,"64PM+J7, West Pymble, NSW 2073","{""charger_capacities"": 60.0, ""connector_types_normalized"": ""CCS"", ""data_provider"": ""Charge@Large"", ""dc_port_count"": 2, ""latitude"": -33.7635747, ""longitude"": 151.1336242, ""number_of_plugs"": 2, ""number_of_plugs_quality"": ""reported_from_dc_port_count"", ""number_of_plugs_semantics"": ""Charge@Large DC-indicated port count"", ""operator"": """", ""plug_types"": ""CCS2"", ""power_kw_max"": 60.0, ""power_kw_min"": 60.0, ""power_kw_values"": [60.0], ""station_address"": ""64PM+J7, West Pymble, NSW 2073"", ""station_name"": ""Ku-ring-gai Fitness & Aquatic Centre"", ""status_counts"": ""{\""OutOfService\"": 2}"", ""total_port_count"": 2}",1,1,,accepted,accepted
937,,"Prospect Street, Holbrook NSW 2644",NRMA Electric,2,DC,50 kW,-35.7181522,147.316019,Greater Hume Shire Council,2644,Existing Fast Chargers,accepted,coordinate_500m,174.37769186531364,0.6790322580645162,190359,"Submarine Park, 7 Prospect Street, Holbrook, NSW","{""charger_capacities"": ""50 kW"", ""connector_types_normalized"": ""CCS;CHAdeMO"", ""data_provider"": ""Open Charge Map"", ""general_comments"": """", ""is_operational"": true, ""last_verified"": ""2021-12-19T02:24:00Z"", ""latitude"": -35.71746030083052, ""longitude"": 147.31775237395414, ""number_of_plugs"": 1.0, ""number_of_plugs_quality"": ""reported_or_derived_from_connection_quantity"", ""number_of_plugs_semantics"": ""OCM NumberOfPoints or positive connection Quantity"", ""operational_status"": ""operational"", ""operator"": ""NRMA"", ""plug_types"": ""CCS (Type 2); CHAdeMO"", ""power_kw_max"": 50.0, ""power_kw_min"": 50.0, ""power_kw_values"": [50.0], ""station_address"": ""Submarine Park, 7 Prospect Street, Holbrook, NSW"", ""station_name"": ""Holbrook [NRMA]"", ""status"": ""Operational"", ""usage_cost"": """"}",1,1,,accepted,coordinate_500m,171.18446188933527,0.0,6749392356,,"{""access_condition"": ""Free Access"", ""charger_capacities"": null, ""connector_types_normalized"": ""CCS"", ""data_provider"": ""OpenStreetMap"", ""latitude"": -35.7175328801354, ""longitude"": 147.317754964169, ""number_of_plugs"": 4, ""number_of_plugs_quality"": ""valid"", ""number_of_plugs_raw"": 4, ""number_of_plugs_semantics"": ""OSM charge_points_count; values above 100 are withheld as suspicious"", ""opening_hours"": """", ""operator"": ""NRMA"", ""osm_last_updated"": ""2026-08-04"", ""plug_types"": ""CCS"", ""power_kw_max"": null, ""power_kw_min"": null, ""power_kw_values"": [], ""station_name"": """"}",1,1,,accepted,coordinate_500m,171.18446188933527,0.0,6749392356,,"{""access_condition"": ""Free Access"", ""charger_capacities"": null, ""connector_types_normalized"": ""CCS"", ""data_provider"": ""OpenStreetMap"", ""latitude"": -35.7175328801354, ""longitude"": 147.317754964169, ""number_of_plugs"": 4, ""number_of_plugs_quality"": ""valid"", ""number_of_plugs_raw"": 4, ""number_of_plugs_semantics"": ""OSM charge_points_count; values above 100 are withheld as suspicious"", ""opening_hours"": """", ""operator"": ""NRMA"", ""osm_last_updated"": ""2026-08-04"", ""plug_types"": ""CCS"", ""power_kw_max"": null, ""power_kw_min"": null, ""power_kw_values"": [], ""station_name"": """"}",1,1,,unmatched,unmatched,,,,,{},0,0,,unmatched,unmatched,,,,,{},0,0,,accepted,accepted
942,,"Riverside Drive, Jugiong NSW 2726",NRMA Electric,2,DC,50 kW,-34.82342947,148.3257027,Hilltops Council,2726,Existing Fast Chargers,accepted,coordinate_500m,30.200421808827613,0.713265306122449,190358,"319 Riverside Drive, Jugiong, NSW","{""charger_capacities"": ""80 kW"", ""connector_types_normalized"": ""CCS"", ""data_provider"": ""Open Charge Map"", ""general_comments"": """", ""is_operational"": true, ""last_verified"": ""2026-07-15T01:53:00Z"", ""latitude"": -34.82341194348058, ""longitude"": 148.32537254091335, ""number_of_plugs"": 1.0, ""number_of_plugs_quality"": ""reported_or_derived_from_connection_quantity"", ""number_of_plugs_semantics"": ""OCM NumberOfPoints or positive connection Quantity"", ""operational_status"": ""operational"", ""operator"": ""NRMA"", ""plug_types"": ""CCS (Type 2)"", ""power_kw_max"": 80.0, ""power_kw_min"": 80.0, ""power_kw_values"": [80.0], ""station_address"": ""319 Riverside Drive, Jugiong, NSW"", ""station_name"": ""Jugiong [NRMA]"", ""status"": ""Operational"", ""usage_cost"": ""$0.70/kWh""}",1,1,,accepted,coordinate_500m,30.350257991912496,0.0,6749417820,,"{""access_condition"": ""Free Access"", ""charger_capacities"": null, ""connector_types_normalized"": ""CCS"", ""data_provider"": ""OpenStreetMap"", ""latitude"": -34.8234623421639, ""longitude"": 148.325372629861, ""number_of_plugs"": 2, ""number_of_plugs_quality"": ""valid"", ""number_of_plugs_raw"": 2, ""number_of_plugs_semantics"": ""OSM charge_points_count; values above 100 are withheld as suspicious"", ""opening_hours"": """", ""operator"": ""NRMA"", ""osm_last_updated"": ""2025-05-20"", ""plug_types"": ""CCS"", ""power_kw_max"": null, ""power_kw_min"": null, ""power_kw_values"": [], ""station_name"": ""NRMA EV Charging Station""}",1,1,,accepted,coordinate_500m,30.350257991912496,0.0,6749417820,,"{""access_condition"": ""Free Access"", ""charger_capacities"": null, ""connector_types_normalized"": ""CCS"", ""data_provider"": ""OpenStreetMap"", ""latitude"": -34.8234623421639, ""longitude"": 148.325372629861, ""number_of_plugs"": 2, ""number_of_plugs_quality"": ""valid"", ""number_of_plugs_raw"": 2, ""number_of_plugs_semantics"": ""OSM charge_points_count; values above 100 are withheld as suspicious"", ""opening_hours"": """", ""operator"": ""NRMA"", ""osm_last_updated"": ""2025-05-20"", ""plug_types"": ""CCS"", ""power_kw_max"": null, ""power_kw_min"": null, ""power_kw_values"": [], ""station_name"": ""NRMA EV Charging Station""}",1,1,,unmatched,unmatched,,,,,{},0,0,,unmatched,unmatched,,,,,{},0,0,,accepted,accepted
945,,"Rogan Lane, Young NSW 2594",NRMA Electric,2,DC,50 kW,-34.31177382,148.2950991,Hilltops Council,2594,Existing Fast Chargers,accepted,coordinate_500m,10.786477552849533,0.21589825119236886,191958,"88 Lovell Street, Young, New South Wales","{""charger_capacities"": ""50 kW"", ""connector_types_normalized"": ""CCS"", ""data_provider"": ""Open Charge Map"", ""general_comments"": """", ""is_operational"": true, ""last_verified"": ""2026-07-15T02:03:00Z"", ""latitude"": -34.31187081704267, ""longitude"": 148.29509758416702, ""number_of_plugs"": 2.0, ""number_of_plugs_quality"": ""reported_or_derived_from_connection_quantity"", ""number_of_plugs_semantics"": ""OCM NumberOfPoints or positive connection Quantity"", ""operational_status"": ""operational"", ""operator"": ""NRMA"", ""plug_types"": ""CCS (Type 2)"", ""power_kw_max"": 50.0, ""power_kw_min"": 50.0, ""power_kw_values"": [50.0], ""station_address"": ""88 Lovell Street, Young, New South Wales"", ""station_name"": ""NRMA Young"", ""status"": ""Operational"", ""usage_cost"": ""$0.64/kWh""}",1,1,,accepted,coordinate_500m,5.696896110544492,0.0,6460798626,,"{""access_condition"": ""Free Access"", ""charger_capacities"": 50.0, ""connector_types_normalized"": ""CCS;CHAdeMO"", ""data_provider"": ""OpenStreetMap"", ""latitude"": -34.3117299705193, ""longitude"": 148.295067020747, ""number_of_plugs"": 1, ""number_of_plugs_quality"": ""valid"", ""number_of_plugs_raw"": 1, ""number_of_plugs_semantics"": ""OSM charge_points_count; values above 100 are withheld as suspicious"", ""opening_hours"": """", ""operator"": ""NRMA"", ""osm_last_updated"": ""2022-12-15"", ""plug_types"": ""CCS|CHAdeMO"", ""power_kw_max"": 50.0, ""power_kw_min"": 50.0, ""power_kw_values"": [50.0], ""station_name"": """"}",1,1,,accepted,coordinate_500m,5.696896110544492,0.0,6460798626,,"{""access_condition"": ""Free Access"", ""charger_capacities"": 50.0, ""connector_types_normalized"": ""CCS;CHAdeMO"", ""data_provider"": ""OpenStreetMap"", ""latitude"": -34.3117299705193, ""longitude"": 148.295067020747, ""number_of_plugs"": 1, ""number_of_plugs_quality"": ""valid"", ""number_of_plugs_raw"": 1, ""number_of_plugs_semantics"": ""OSM charge_points_count; values above 100 are withheld as suspicious"", ""opening_hours"": """", ""operator"": ""NRMA"", ""osm_last_updated"": ""2022-12-15"", ""plug_types"": ""CCS|CHAdeMO"", ""power_kw_max"": 50.0, ""power_kw_min"": 50.0, ""power_kw_values"": [50.0], ""station_name"": """"}",1,1,,unmatched,unmatched,,,,,{},0,0,,unmatched,unmatched,,,,,{},0,0,,accepted,accepted
946,,"Rosevillle Railway Station, Hill Street, Roseville, New South Wales NSW 2069",JOLT,1,DC,25 kW,-33.782904,151.175213,Ku-ring-gai Council,2069,TfNSW Commuter Car Parks,unmatched,unmatched,,,,,{},0,0,,unmatched,unmatched,,,,,{},0,0,,unmatched,unmatched,,,,,{},0,0,,accepted,coordinate_500m,361.18349434371027,0.1260494537090282,d1cbdd86-205d-4538-b287-34032bf74788-Ys9TgeLwQ2FUBob1JZOn_pF0WsbWlLmMN9hX,"1 Westbourne Rd, Lindfield, NSW 2070","{""charger_capacities"": 22.0, ""connector_types_normalized"": ""Type2"", ""data_provider"": ""Charge@Large"", ""dc_port_count"": 1, ""latitude"": -33.782619, ""longitude"": 151.17132, ""number_of_plugs"": 1, ""number_of_plugs_quality"": ""reported_from_dc_port_count"", ""number_of_plugs_semantics"": ""Charge@Large DC-indicated port count"", ""operator"": """", ""plug_types"": ""TYPE2"", ""power_kw_max"": 22.0, ""power_kw_min"": 22.0, ""power_kw_values"": [22.0], ""station_address"": ""1 Westbourne Rd, Lindfield, NSW 2070"", ""station_name"": ""1 Westbourne Rd Lindfield NSW 2070"", ""status_counts"": ""{\""Available\"": 1}"", ""total_port_count"": 1}",1,1,,unmatched,unmatched,,,,,{},0,0,,accepted,unmatched
951,,"Shire Street, West Wyalong NSW 2671",NRMA Electric,2,DC,50 kW,-33.92382187,147.2033794,Bland Shire Council,2671,Existing Fast Chargers,accepted,coordinate_500m,34.05847393160852,0.8368421052631579,190669,"13-15 Shire St, West Wyalong NSW 2671, West Wyalong, NSW, 2671","{""charger_capacities"": ""180 kW"", ""connector_types_normalized"": ""CCS;CHAdeMO"", ""data_provider"": ""Open Charge Map"", ""general_comments"": """", ""is_operational"": true, ""last_verified"": ""2026-07-15T02:13:00Z"", ""latitude"": -33.92362578966908, ""longitude"": 147.2036629768271, ""number_of_plugs"": 4.0, ""number_of_plugs_quality"": ""reported_or_derived_from_connection_quantity"", ""number_of_plugs_semantics"": ""OCM NumberOfPoints or positive connection Quantity"", ""operational_status"": ""operational"", ""operator"": ""NRMA"", ""plug_types"": ""CCS (Type 2); CHAdeMO"", ""power_kw_max"": 180.0, ""power_kw_min"": 180.0, ""power_kw_values"": [180.0], ""station_address"": ""13-15 Shire St, West Wyalong NSW 2671, West Wyalong, NSW, 2671"", ""station_name"": ""West Wyalong [NRMA]"", ""status"": ""Operational"", ""usage_cost"": ""$0.74/kWh""}",1,1,,accepted,coordinate_500m,29.422718976621603,0.0,6460796546,,"{""access_condition"": ""Free Access"", ""charger_capacities"": null, ""connector_types_normalized"": ""CCS;CHAdeMO"", ""data_provider"": ""OpenStreetMap"", ""latitude"": -33.923722955438, ""longitude"": 147.203675166501, ""number_of_plugs"": 4, ""number_of_plugs_quality"": ""valid"", ""number_of_plugs_raw"": 4, ""number_of_plugs_semantics"": ""OSM charge_points_count; values above 100 are withheld as suspicious"", ""opening_hours"": """", ""operator"": ""NRMA"", ""osm_last_updated"": ""2026-06-11"", ""plug_types"": ""CCS|CHAdeMO"", ""power_kw_max"": null, ""power_kw_min"": null, ""power_kw_values"": [], ""station_name"": """"}",1,1,,accepted,coordinate_500m,29.422718976621603,0.0,6460796546,,"{""access_condition"": ""Free Access"", ""charger_capacities"": null, ""connector_types_normalized"": ""CCS;CHAdeMO"", ""data_provider"": ""OpenStreetMap"", ""latitude"": -33.923722955438, ""longitude"": 147.203675166501, ""number_of_plugs"": 4, ""number_of_plugs_quality"": ""valid"", ""number_of_plugs_raw"": 4, ""number_of_plugs_semantics"": ""OSM charge_points_count; values above 100 are withheld as suspicious"", ""opening_hours"": """", ""operator"": ""NRMA"", ""osm_last_updated"": ""2026-06-11"", ""plug_types"": ""CCS|CHAdeMO"", ""power_kw_max"": null, ""power_kw_min"": null, ""power_kw_values"": [], ""station_name"": """"}",1,1,,unmatched,unmatched,,,,,{},0,0,,unmatched,unmatched,,,,,{},0,0,,accepted,accepted
952,,"Shop 2140, Newcastle NSW 2289",Exploren,4,DC,60 kW,-32.94079384,151.7105495,Newcastle City Council,2289,Existing Fast Chargers,unmatched,unmatched,,,,,{},0,0,,accepted,coordinate_500m,166.09067923874363,0.0,13258032987,,"{""access_condition"": ""Free Access"", ""charger_capacities"": null, ""connector_types_normalized"": """", ""data_provider"": ""OpenStreetMap"", ""latitude"": -32.9411897275542, ""longitude"": 151.712265679541, ""number_of_plugs"": 60, ""number_of_plugs_quality"": ""valid"", ""number_of_plugs_raw"": 60, ""number_of_plugs_semantics"": ""OSM charge_points_count; values above 100 are withheld as suspicious"", ""opening_hours"": """", ""operator"": ""Exploren"", ""osm_last_updated"": ""2025-10-26"", ""plug_types"": """", ""power_kw_max"": null, ""power_kw_min"": null, ""power_kw_values"": [], ""station_name"": """"}",1,1,,unmatched,unmatched,,,,,{},0,0,,accepted,coordinate_500m,0.15679508317684454,0.24142857142857144,15d06bf5-6b4a-425d-9312-bae4b17cc22b-1830,"Shop 2140, Westfield, 2140/1 Northcott Dr, Kotara, NSW 2289","{""charger_capacities"": 60.0, ""connector_types_normalized"": ""CCS"", ""data_provider"": ""Charge@Large"", ""dc_port_count"": 4, ""latitude"": -32.9407926, ""longitude"": 151.7105487, ""number_of_plugs"": 4, ""number_of_plugs_quality"": ""reported_from_dc_port_count"", ""number_of_plugs_semantics"": ""Charge@Large DC-indicated port count"", ""operator"": """", ""plug_types"": ""CCS2"", ""power_kw_max"": 60.0, ""power_kw_min"": 60.0, ""power_kw_values"": [60.0], ""station_address"": ""Shop 2140, Westfield, 2140/1 Northcott Dr, Kotara, NSW 2289"", ""station_name"": ""Westfield Kotara - Scentre Group"", ""status_counts"": ""{\""Available\"": 4}"", ""total_port_count"": 4}",1,1,,accepted,coordinate_500m,0.15679508317684454,0.24142857142857144,15d06bf5-6b4a-425d-9312-bae4b17cc22b-1830,"Shop 2140, Westfield, 2140/1 Northcott Dr, Kotara, NSW 2289","{""charger_capacities"": 60.0, ""connector_types_normalized"": ""CCS"", ""data_provider"": ""Charge@Large"", ""dc_port_count"": 4, ""latitude"": -32.9407926, ""longitude"": 151.7105487, ""number_of_plugs"": 4, ""number_of_plugs_quality"": ""reported_from_dc_port_count"", ""number_of_plugs_semantics"": ""Charge@Large DC-indicated port count"", ""operator"": """", ""plug_types"": ""CCS2"", ""power_kw_max"": 60.0, ""power_kw_min"": 60.0, ""power_kw_values"": [60.0], ""station_address"": ""Shop 2140, Westfield, 2140/1 Northcott Dr, Kotara, NSW 2289"", ""station_name"": ""Westfield Kotara - Scentre Group"", ""status_counts"": ""{\""Available\"": 4}"", ""total_port_count"": 4}",1,1,,accepted,accepted
953,,"Short Street, Mudgee NSW 2850",NRMA Electric,4,DC,125 kW,-32.58960965,149.5857578,Mid-Western Regional Council,2850,Existing Fast Chargers,accepted,coordinate_and_fuzzy_address,75.51777862046582,0.886046511627907,274144,"47 Short Street, Mudgee, New South Wales, 2850","{""charger_capacities"": ""180 kW"", ""connector_types_normalized"": ""CCS;CHAdeMO"", ""data_provider"": ""Open Charge Map"", ""general_comments"": ""Two 180kW dual chargers, use NRMA or Chargefox App"", ""is_operational"": true, ""last_verified"": ""2024-06-14T12:05:00Z"", ""latitude"": -32.58948930999341, ""longitude"": 149.58496449340686, ""number_of_plugs"": 4.0, ""number_of_plugs_quality"": ""reported_or_derived_from_connection_quantity"", ""number_of_plugs_semantics"": ""OCM NumberOfPoints or positive connection Quantity"", ""operational_status"": ""operational"", ""operator"": ""NRMA"", ""plug_types"": ""CCS (Type 2); CHAdeMO"", ""power_kw_max"": 180.0, ""power_kw_min"": 180.0, ""power_kw_values"": [180.0], ""station_address"": ""47 Short Street, Mudgee, New South Wales, 2850"", ""station_name"": ""NRMA Short Street Car Park"", ""status"": ""Operational"", ""usage_cost"": ""60c / 54c for NRMA Members""}",2,2,373.9763260713678,accepted,coordinate_500m,14.804059415201447,0.0,13341675501,,"{""access_condition"": ""Free Access"", ""charger_capacities"": null, ""connector_types_normalized"": ""CCS;CHAdeMO"", ""data_provider"": ""OpenStreetMap"", ""latitude"": -32.5896509482573, ""longitude"": 149.585908021205, ""number_of_plugs"": null, ""number_of_plugs_quality"": ""missing_or_suspicious"", ""number_of_plugs_raw"": null, ""number_of_plugs_semantics"": ""OSM charge_points_count; values above 100 are withheld as suspicious"", ""opening_hours"": """", ""operator"": ""NRMA"", ""osm_last_updated"": ""2025-11-30"", ""plug_types"": ""CCS|CHAdeMO"", ""power_kw_max"": null, ""power_kw_min"": null, ""power_kw_values"": [], ""station_name"": """"}",2,2,438.5310898097506,accepted,coordinate_500m,14.804059415201447,0.0,13341675501,,"{""access_condition"": ""Free Access"", ""charger_capacities"": null, ""connector_types_normalized"": ""CCS;CHAdeMO"", ""data_provider"": ""OpenStreetMap"", ""latitude"": -32.5896509482573, ""longitude"": 149.585908021205, ""number_of_plugs"": null, ""number_of_plugs_quality"": ""missing_or_suspicious"", ""number_of_plugs_raw"": null, ""number_of_plugs_semantics"": ""OSM charge_points_count; values above 100 are withheld as suspicious"", ""opening_hours"": """", ""operator"": ""NRMA"", ""osm_last_updated"": ""2025-11-30"", ""plug_types"": ""CCS|CHAdeMO"", ""power_kw_max"": null, ""power_kw_min"": null, ""power_kw_values"": [], ""station_name"": """"}",1,1,,accepted,coordinate_500m,149.17025632714785,0.39396396396396394,393dc550-5791-46d3-a359-20e9e5b406b3-678dc5d1f4634db78dc78f98,"7a Loy Avenue, Mudgee, NSW 2850","{""charger_capacities"": 22.0, ""connector_types_normalized"": ""Type2"", ""data_provider"": ""Charge@Large"", ""dc_port_count"": 1, ""latitude"": -32.588413, ""longitude"": 149.5864775, ""number_of_plugs"": 1, ""number_of_plugs_quality"": ""reported_from_dc_port_count"", ""number_of_plugs_semantics"": ""Charge@Large DC-indicated port count"", ""operator"": """", ""plug_types"": ""TYPE2"", ""power_kw_max"": 22.0, ""power_kw_min"": 22.0, ""power_kw_values"": [22.0], ""station_address"": ""7a Loy Avenue, Mudgee, NSW 2850"", ""station_name"": ""7a Loy"", ""status_counts"": ""{\""Available\"": 1}"", ""total_port_count"": 1}",1,1,,unmatched,unmatched,,,,,{},0,0,,accepted,accepted
954,,"Skillman'S Lane, Coonamble NSW 2829",NRMA Electric,4,DC,50 kW,-34.8411047,148.912197,Coonamble Shire Council,2582,TfNSW Regional,accepted,coordinate_500m,22.813150617507542,0.488,190005,"81 Meehan Street, Yass, New South Wales, 2582","{""charger_capacities"": ""50 kW"", ""connector_types_normalized"": ""CCS;CHAdeMO"", ""data_provider"": ""Open Charge Map"", ""general_comments"": """", ""is_operational"": true, ""last_verified"": ""2021-12-19T02:14:00Z"", ""latitude"": -34.84109672768463, ""longitude"": 148.9124467852405, ""number_of_plugs"": 1.0, ""number_of_plugs_quality"": ""reported_or_derived_from_connection_quantity"", ""number_of_plugs_semantics"": ""OCM NumberOfPoints or positive connection Quantity"", ""operational_status"": ""operational"", ""operator"": ""NRMA"", ""plug_types"": ""CCS (Type 2); CHAdeMO"", ""power_kw_max"": 50.0, ""power_kw_min"": 50.0, ""power_kw_values"": [50.0], ""station_address"": ""81 Meehan Street, Yass, New South Wales, 2582"", ""station_name"": ""Banjo Paterson Park [NRMA]"", ""status"": ""Operational"", ""usage_cost"": ""FREE""}",2,2,324.0106699675088,accepted,coordinate_500m,23.18395170040723,0.0,7816558586,,"{""access_condition"": ""Free Access"", ""charger_capacities"": 100.0, ""connector_types_normalized"": ""CHAdeMO"", ""data_provider"": ""OpenStreetMap"", ""latitude"": -34.8412265286547, ""longitude"": 148.912403158112, ""number_of_plugs"": 2, ""number_of_plugs_quality"": ""valid"", ""number_of_plugs_raw"": 2, ""number_of_plugs_semantics"": ""OSM charge_points_count; values above 100 are withheld as suspicious"", ""opening_hours"": """", ""operator"": ""NRMA"", ""osm_last_updated"": ""2022-12-15"", ""plug_types"": ""CHAdeMO"", ""power_kw_max"": 100.0, ""power_kw_min"": 100.0, ""power_kw_values"": [100.0], ""station_name"": """"}",4,4,77.6317433546736,accepted,coordinate_500m,23.18395170040723,0.0,7816558586,,"{""access_condition"": ""Free Access"", ""charger_capacities"": 100.0, ""connector_types_normalized"": ""CHAdeMO"", ""data_provider"": ""OpenStreetMap"", ""latitude"": -34.8412265286547, ""longitude"": 148.912403158112, ""number_of_plugs"": 2, ""number_of_plugs_quality"": ""valid"", ""number_of_plugs_raw"": 2, ""number_of_plugs_semantics"": ""OSM charge_points_count; values above 100 are withheld as suspicious"", ""opening_hours"": """", ""operator"": ""NRMA"", ""osm_last_updated"": ""2022-12-15"", ""plug_types"": ""CHAdeMO"", ""power_kw_max"": 100.0, ""power_kw_min"": 100.0, ""power_kw_values"": [100.0], ""station_name"": """"}",3,3,309.1193962402532,unmatched,unmatched,,,,,{},0,0,,unmatched,unmatched,,,,,{},0,0,,accepted,accepted
958,,"Sommerlad Lane, Glen Innes NSW 2370",NRMA Electric,2,DC,50 kW,-29.73846351,151.7363083,Glen Innes Severn Council,2370,Existing Fast Chargers,accepted,coordinate_and_fuzzy_address,0.546321343563787,1.0,266499,"Sommerlad Lane, Glen Innes, New South Wales, 2370","{""charger_capacities"": ""50 kW"", ""connector_types_normalized"": ""CCS;CHAdeMO"", ""data_provider"": ""Open Charge Map"", ""general_comments"": ""Free for now, NRMA membership or payment required at some point in the future."", ""is_operational"": true, ""last_verified"": ""2023-06-08T03:24:00Z"", ""latitude"": -29.738464518791687, ""longitude"": 151.7363027621517, ""number_of_plugs"": 1.0, ""number_of_plugs_quality"": ""reported_or_derived_from_connection_quantity"", ""number_of_plugs_semantics"": ""OCM NumberOfPoints or positive connection Quantity"", ""operational_status"": ""operational"", ""operator"": ""NRMA"", ""plug_types"": ""CCS (Type 2); CHAdeMO"", ""power_kw_max"": 50.0, ""power_kw_min"": 50.0, ""power_kw_values"": [50.0], ""station_address"": ""Sommerlad Lane, Glen Innes, New South Wales, 2370"", ""station_name"": ""NRMA Glen Innes"", ""status"": ""Operational"", ""usage_cost"": ""FREE""}",1,1,,accepted,coordinate_500m,5.597849890574025,0.0,6656200736,,"{""access_condition"": ""Free Access"", ""charger_capacities"": null, ""connector_types_normalized"": """", ""data_provider"": ""OpenStreetMap"", ""latitude"": -29.7384627647547, ""longitude"": 151.736250327834, ""number_of_plugs"": null, ""number_of_plugs_quality"": ""missing_or_suspicious"", ""number_of_plugs_raw"": null, ""number_of_plugs_semantics"": ""OSM charge_points_count; values above 100 are withheld as suspicious"", ""opening_hours"": """", ""operator"": ""NRMA"", ""osm_last_updated"": ""2022-12-15"", ""plug_types"": """", ""power_kw_max"": null, ""power_kw_min"": null, ""power_kw_values"": [], ""station_name"": """"}",1,1,,unmatched,unmatched,,,,,{},0,0,,unmatched,unmatched,,,,,{},0,0,,unmatched,unmatched,,,,,{},0,0,,accepted,accepted
959,,"Stuart Street, Wagga Wagga NSW 2650",Everty,2,DC,25 kW,-35.12347852,147.3992282,Wagga Wagga City Council,2650,Existing Fast Chargers,accepted,coordinate_and_fuzzy_address,18.581413988027208,0.860233918128655,306016,"Stuart Road, East Wagga Wagga, New South Wales, 2650","{""charger_capacities"": ""25 kW"", ""connector_types_normalized"": ""CCS;CHAdeMO"", ""data_provider"": ""Open Charge Map"", ""general_comments"": """", ""is_operational"": true, ""last_verified"": ""2024-12-08T01:54:00Z"", ""latitude"": -35.123640112987474, ""longitude"": 147.3992802491099, ""number_of_plugs"": 1.0, ""number_of_plugs_quality"": ""reported_or_derived_from_connection_quantity"", ""number_of_plugs_semantics"": ""OCM NumberOfPoints or positive connection Quantity"", ""operational_status"": ""operational"", ""operator"": ""Everty"", ""plug_types"": ""CCS (Type 2); CHAdeMO"", ""power_kw_max"": 25.0, ""power_kw_min"": 25.0, ""power_kw_values"": [25.0], ""station_address"": ""Stuart Road, East Wagga Wagga, New South Wales, 2650"", ""station_name"": ""Middy's Wagga East"", ""status"": ""Operational"", ""usage_cost"": ""$0.35/kWh""}",1,1,,unmatched,unmatched,,,,,{},0,0,,unmatched,unmatched,,,,,{},0,0,,unmatched,unmatched,,,,,{},0,0,,unmatched,unmatched,,,,,{},0,0,,accepted,accepted
960,,"Sunset Boulevard, Soldiers Point NSW 2317",Chargefox,2,DC,24 kW,-32.70138843,152.0626466,Port Stephens Council,2317,Existing Fast Chargers,accepted,coordinate_500m,10.747968644053557,0.44672131147540983,273225,"Sunset Blvd, Soldiers Point, New South Wales, 2317","{""charger_capacities"": ""24 kW"", ""connector_types_normalized"": ""CCS;CHAdeMO"", ""data_provider"": ""Open Charge Map"", ""general_comments"": """", ""is_operational"": true, ""last_verified"": ""2023-07-29T10:08:00Z"", ""latitude"": -32.70132961987918, ""longitude"": 152.06273775785866, ""number_of_plugs"": 1.0, ""number_of_plugs_quality"": ""reported_or_derived_from_connection_quantity"", ""number_of_plugs_semantics"": ""OCM NumberOfPoints or positive connection Quantity"", ""operational_status"": ""operational"", ""operator"": ""Chargefox"", ""plug_types"": ""CCS (Type 2); CHAdeMO"", ""power_kw_max"": 24.0, ""power_kw_min"": 24.0, ""power_kw_values"": [24.0], ""station_address"": ""Sunset Blvd, Soldiers Point, New South Wales, 2317"", ""station_name"": ""Soldiers Point Marina"", ""status"": ""Operational"", ""usage_cost"": ""$0.45 per kWh""}",1,1,,accepted,coordinate_500m,6.281341508752101,0.0,10564461448,,"{""access_condition"": ""Free Access"", ""charger_capacities"": null, ""connector_types_normalized"": """", ""data_provider"": ""OpenStreetMap"", ""latitude"": -32.7014330148077, ""longitude"": 152.062687821697, ""number_of_plugs"": 2, ""number_of_plugs_quality"": ""valid"", ""number_of_plugs_raw"": 2, ""number_of_plugs_semantics"": ""OSM charge_points_count; values above 100 are withheld as suspicious"", ""opening_hours"": """", ""operator"": ""Tesla"", ""osm_last_updated"": ""2025-05-26"", ""plug_types"": """", ""power_kw_max"": null, ""power_kw_min"": null, ""power_kw_values"": [], ""station_name"": ""Tesla Destination Charger""}",1,1,,unmatched,unmatched,,,,,{},0,0,,unmatched,unmatched,,,,,{},0,0,,unmatched,unmatched,,,,,{},0,0,,accepted,accepted
967,,"University Of Wollongong, Northfields Avenue, Wollongong NSW 2522",Chargefox,6,DC,175 kW,-34.4079569,150.877135,Wollongong City Council,2522,Fast Charging R2,unmatched,unmatched,,,,,{},0,0,,accepted,coordinate_500m,379.89581385762483,0.0,5047211383,,"{""access_condition"": ""Free Access"", ""charger_capacities"": null, ""connector_types_normalized"": """", ""data_provider"": ""OpenStreetMap"", ""latitude"": -34.4075897738013, ""longitude"": 150.881252031506, ""number_of_plugs"": null, ""number_of_plugs_quality"": ""missing_or_suspicious"", ""number_of_plugs_raw"": null, ""number_of_plugs_semantics"": ""OSM charge_points_count; values above 100 are withheld as suspicious"", ""opening_hours"": """", ""operator"": ""ChargePoint"", ""osm_last_updated"": ""2025-05-29"", ""plug_types"": """", ""power_kw_max"": null, ""power_kw_min"": null, ""power_kw_values"": [], ""station_name"": ""ChargePoint""}",1,1,,unmatched,unmatched,,,,,{},0,0,,unmatched,unmatched,,,,,{},0,0,,unmatched,unmatched,,,,,{},0,0,,accepted,unmatched
968,,"Valder Way, Charles Sturt University NSW 2678",Exploren,2,DC,120 kW,-35.05693398,147.3512593,Wagga Wagga City Council,2678,Existing Fast Chargers,unmatched,unmatched,,,,,{},0,0,,accepted,coordinate_500m,350.7822083012386,0.0,12885058151,,"{""access_condition"": ""Free Access"", ""charger_capacities"": null, ""connector_types_normalized"": ""CCS"", ""data_provider"": ""OpenStreetMap"", ""latitude"": -35.0550616191038, ""longitude"": 147.34815771954, ""number_of_plugs"": null, ""number_of_plugs_quality"": ""missing_or_suspicious"", ""number_of_plugs_raw"": null, ""number_of_plugs_semantics"": ""OSM charge_points_count; values above 100 are withheld as suspicious"", ""opening_hours"": """", ""operator"": ""Exploren"", ""osm_last_updated"": ""2026-03-08"", ""plug_types"": ""CCS"", ""power_kw_max"": null, ""power_kw_min"": null, ""power_kw_values"": [], ""station_name"": """"}",1,1,,accepted,coordinate_500m,350.7822083012386,0.0,12885058151,,"{""access_condition"": ""Free Access"", ""charger_capacities"": null, ""connector_types_normalized"": ""CCS"", ""data_provider"": ""OpenStreetMap"", ""latitude"": -35.0550616191038, ""longitude"": 147.34815771954, ""number_of_plugs"": null, ""number_of_plugs_quality"": ""missing_or_suspicious"", ""number_of_plugs_raw"": null, ""number_of_plugs_semantics"": ""OSM charge_points_count; values above 100 are withheld as suspicious"", ""opening_hours"": """", ""operator"": ""Exploren"", ""osm_last_updated"": ""2026-03-08"", ""plug_types"": ""CCS"", ""power_kw_max"": null, ""power_kw_min"": null, ""power_kw_values"": [], ""station_name"": """"}",1,1,,accepted,coordinate_500m,0.12009052044132051,0.30000000000000004,15d06bf5-6b4a-425d-9312-bae4b17cc22b-891,"Charles Sturt University, NSW 2678","{""charger_capacities"": 7.0, ""connector_types_normalized"": ""Type2"", ""data_provider"": ""Charge@Large"", ""dc_port_count"": 1, ""latitude"": -35.0569329, ""longitude"": 147.3512593, ""number_of_plugs"": 1, ""number_of_plugs_quality"": ""reported_from_dc_port_count"", ""number_of_plugs_semantics"": ""Charge@Large DC-indicated port count"", ""operator"": """", ""plug_types"": ""TYPE2"", ""power_kw_max"": 7.0, ""power_kw_min"": 7.0, ""power_kw_values"": [7.0], ""station_address"": ""Charles Sturt University, NSW 2678"", ""station_name"": ""Charles Sturt University - Wagga Wagga Campus"", ""status_counts"": ""{\""Available\"": 1}"", ""total_port_count"": 1}",1,1,,unmatched,unmatched,,,,,{},0,0,,accepted,accepted
969,,"Vesper Street, Batemans Bay NSW 2536",NRMA Electric,4,DC,75 kW,-35.7095526,150.173983,Eurobodalla Shire Council,2536,Existing Fast Chargers,accepted,coordinate_and_fuzzy_address,100.19010506989315,0.8894736842105264,209950,"12 Vesper Street, Batemans Bay, NSW, 2536","{""charger_capacities"": ""75 kW"", ""connector_types_normalized"": ""CHAdeMO;CCS"", ""data_provider"": ""Open Charge Map"", ""general_comments"": """", ""is_operational"": true, ""last_verified"": ""2022-11-16T10:13:00Z"", ""latitude"": -35.70905218176475, ""longitude"": 150.17306021349532, ""number_of_plugs"": 2.0, ""number_of_plugs_quality"": ""reported_or_derived_from_connection_quantity"", ""number_of_plugs_semantics"": ""OCM NumberOfPoints or positive connection Quantity"", ""operational_status"": ""operational"", ""operator"": ""NRMA"", ""plug_types"": ""CHAdeMO; CCS (Type 2)"", ""power_kw_max"": 75.0, ""power_kw_min"": 75.0, ""power_kw_values"": [75.0], ""station_address"": ""12 Vesper Street, Batemans Bay, NSW, 2536"", ""station_name"": ""Batemans Bay Regional Arts Aquatic & Leisure Centre [NRMA]"", ""status"": ""Operational"", ""usage_cost"": ""FREE""}",3,3,81.71078908499607,accepted,coordinate_500m,15.023399359549684,0.0,10026076729,,"{""access_condition"": ""Free Access"", ""charger_capacities"": null, ""connector_types_normalized"": ""CCS;CHAdeMO"", ""data_provider"": ""OpenStreetMap"", ""latitude"": -35.7096667154641, ""longitude"": 150.173893918781, ""number_of_plugs"": 2, ""number_of_plugs_quality"": ""valid"", ""number_of_plugs_raw"": 2, ""number_of_plugs_semantics"": ""OSM charge_points_count; values above 100 are withheld as suspicious"", ""opening_hours"": """", ""operator"": ""NRMA"", ""osm_last_updated"": ""2024-04-13"", ""plug_types"": ""CCS|CHAdeMO"", ""power_kw_max"": null, ""power_kw_min"": null, ""power_kw_values"": [], ""station_name"": """"}",3,3,148.89785192712995,accepted,coordinate_500m,15.023399359549684,0.0,10026076729,,"{""access_condition"": ""Free Access"", ""charger_capacities"": null, ""connector_types_normalized"": ""CCS;CHAdeMO"", ""data_provider"": ""OpenStreetMap"", ""latitude"": -35.7096667154641, ""longitude"": 150.173893918781, ""number_of_plugs"": 2, ""number_of_plugs_quality"": ""valid"", ""number_of_plugs_raw"": 2, ""number_of_plugs_semantics"": ""OSM charge_points_count; values above 100 are withheld as suspicious"", ""opening_hours"": """", ""operator"": ""NRMA"", ""osm_last_updated"": ""2024-04-13"", ""plug_types"": ""CCS|CHAdeMO"", ""power_kw_max"": null, ""power_kw_min"": null, ""power_kw_values"": [], ""station_name"": """"}",3,3,148.89785192712995,accepted,coordinate_500m,460.3210580625002,0.3947963800904978,15d06bf5-6b4a-425d-9312-bae4b17cc22b-324,"4-6 Beach Rd, Batemans Bay, NSW 2536","{""charger_capacities"": 22.0, ""connector_types_normalized"": ""Type2"", ""data_provider"": ""Charge@Large"", ""dc_port_count"": 2, ""latitude"": -35.7094784, ""longitude"": 150.1790805, ""number_of_plugs"": 2, ""number_of_plugs_quality"": ""reported_from_dc_port_count"", ""number_of_plugs_semantics"": ""Charge@Large DC-indicated port count"", ""operator"": """", ""plug_types"": ""TYPE2"", ""power_kw_max"": 22.0, ""power_kw_min"": 22.0, ""power_kw_values"": [22.0], ""station_address"": ""4-6 Beach Rd, Batemans Bay, NSW 2536"", ""station_name"": ""Batemans Bay Soldiers Club"", ""status_counts"": ""{\""Available\"": 2}"", ""total_port_count"": 2}",1,1,,unmatched,unmatched,,,,,{},0,0,,accepted,accepted
971,,"Waddells Avenue, Singleton NSW 2330",Everty,2,DC,50 kW,-32.57698603,151.1842142,Singleton Council,2330,Existing Fast Chargers,accepted,coordinate_500m,35.121822402913615,0.7549802371541503,272784,"1 waddells lane, Singleton, NSW, 2330","{""charger_capacities"": ""100 kW"", ""connector_types_normalized"": ""CCS"", ""data_provider"": ""Open Charge Map"", ""general_comments"": """", ""is_operational"": true, ""last_verified"": ""2023-08-24T08:47:00Z"", ""latitude"": -32.576825359627556, ""longitude"": 151.18453691259265, ""number_of_plugs"": 2.0, ""number_of_plugs_quality"": ""reported_or_derived_from_connection_quantity"", ""number_of_plugs_semantics"": ""OCM NumberOfPoints or positive connection Quantity"", ""operational_status"": ""operational"", ""operator"": ""Everty"", ""plug_types"": ""CCS (Type 2)"", ""power_kw_max"": 100.0, ""power_kw_min"": 100.0, ""power_kw_values"": [100.0], ""station_address"": ""1 waddells lane, Singleton, NSW, 2330"", ""station_name"": ""Lancaster Motor Group"", ""status"": ""Operational"", ""usage_cost"": "".35""}",1,1,,unmatched,unmatched,,,,,{},0,0,,unmatched,unmatched,,,,,{},0,0,,unmatched,unmatched,,,,,{},0,0,,unmatched,unmatched,,,,,{},0,0,,accepted,accepted
973,,"Walton Lane, Picton NSW 2571",NRMA Electric,2,DC,50 kW,-34.16828833,150.6109429,Wollondilly Shire Council,2571,Existing Fast Chargers,accepted,coordinate_and_fuzzy_address,9.26662202262421,0.890909090909091,161843,"5 Walton Lane, Picton, NSW, 2571","{""charger_capacities"": ""50 kW"", ""connector_types_normalized"": ""CCS;CHAdeMO"", ""data_provider"": ""Open Charge Map"", ""general_comments"": """", ""is_operational"": true, ""last_verified"": ""2021-12-19T02:10:00Z"", ""latitude"": -34.16820562741403, ""longitude"": 150.61093049806357, ""number_of_plugs"": 1.0, ""number_of_plugs_quality"": ""reported_or_derived_from_connection_quantity"", ""number_of_plugs_semantics"": ""OCM NumberOfPoints or positive connection Quantity"", ""operational_status"": ""operational"", ""operator"": ""NRMA"", ""plug_types"": ""CCS (Type 2); CHAdeMO"", ""power_kw_max"": 50.0, ""power_kw_min"": 50.0, ""power_kw_values"": [50.0], ""station_address"": ""5 Walton Lane, Picton, NSW, 2571"", ""station_name"": ""Picton [NRMA]"", ""status"": ""Operational"", ""usage_cost"": ""Currently free but will be fee at some point""}",1,1,,unmatched,unmatched,,,,,{},0,0,,unmatched,unmatched,,,,,{},0,0,,unmatched,unmatched,,,,,{},0,0,,unmatched,unmatched,,,,,{},0,0,,accepted,accepted
974,,"Western Motorway, Sydney NSW 2766",Ampol,15,DC,240 kW,-33.80154859,150.886,Blacktown City Council,2766,Existing Fast Chargers,unmatched,unmatched,,,,,{},0,0,,accepted,coordinate_500m,168.55368362739188,0.0,13036304448,,"{""access_condition"": ""Free Access"", ""charger_capacities"": null, ""connector_types_normalized"": ""CCS;CHAdeMO"", ""data_provider"": ""OpenStreetMap"", ""latitude"": -33.80164363702, ""longitude"": 150.887820593747, ""number_of_plugs"": 10, ""number_of_plugs_quality"": ""valid"", ""number_of_plugs_raw"": 10, ""number_of_plugs_semantics"": ""OSM charge_points_count; values above 100 are withheld as suspicious"", ""opening_hours"": """", ""operator"": ""AmpCharge"", ""osm_last_updated"": ""2026-05-07"", ""plug_types"": ""CCS|CHAdeMO"", ""power_kw_max"": null, ""power_kw_min"": null, ""power_kw_values"": [], ""station_name"": """"}",4,4,18.550544427971516,accepted,coordinate_500m,168.55368362739188,0.0,13036304448,,"{""access_condition"": ""Free Access"", ""charger_capacities"": null, ""connector_types_normalized"": ""CCS;CHAdeMO"", ""data_provider"": ""OpenStreetMap"", ""latitude"": -33.80164363702, ""longitude"": 150.887820593747, ""number_of_plugs"": 10, ""number_of_plugs_quality"": ""valid"", ""number_of_plugs_raw"": 10, ""number_of_plugs_semantics"": ""OSM charge_points_count; values above 100 are withheld as suspicious"", ""opening_hours"": """", ""operator"": ""AmpCharge"", ""osm_last_updated"": ""2026-05-07"", ""plug_types"": ""CCS|CHAdeMO"", ""power_kw_max"": null, ""power_kw_min"": null, ""power_kw_values"": [], ""station_name"": """"}",2,2,254.2407631532813,unmatched,unmatched,,,,,{},0,0,,unmatched,unmatched,,,,,{},0,0,,accepted,accepted
975,,"William Street, Sydney NSW 2046",Evie Networks,2,DC,75 kW,-33.86864269,151.1185836,"Canada Bay Council, City of",2046,Existing Fast Chargers,unmatched,unmatched,,,,,{},0,0,,accepted,coordinate_500m,3.6983707981380562,0.0,13586251301,,"{""access_condition"": ""Free Access"", ""charger_capacities"": null, ""connector_types_normalized"": ""CCS"", ""data_provider"": ""OpenStreetMap"", ""latitude"": -33.8686703639373, ""longitude"": 151.118605820251, ""number_of_plugs"": null, ""number_of_plugs_quality"": ""missing_or_suspicious"", ""number_of_plugs_raw"": null, ""number_of_plugs_semantics"": ""OSM charge_points_count; values above 100 are withheld as suspicious"", ""opening_hours"": ""24/7"", ""operator"": ""Evie Networks"", ""osm_last_updated"": ""2026-07-09"", ""plug_types"": ""CCS"", ""power_kw_max"": null, ""power_kw_min"": null, ""power_kw_values"": [], ""station_name"": """"}",1,1,,accepted,coordinate_500m,3.6983707981380562,0.0,13586251301,,"{""access_condition"": ""Free Access"", ""charger_capacities"": null, ""connector_types_normalized"": ""CCS"", ""data_provider"": ""OpenStreetMap"", ""latitude"": -33.8686703639373, ""longitude"": 151.118605820251, ""number_of_plugs"": null, ""number_of_plugs_quality"": ""missing_or_suspicious"", ""number_of_plugs_raw"": null, ""number_of_plugs_semantics"": ""OSM charge_points_count; values above 100 are withheld as suspicious"", ""opening_hours"": ""24/7"", ""operator"": ""Evie Networks"", ""osm_last_updated"": ""2026-07-09"", ""plug_types"": ""CCS"", ""power_kw_max"": null, ""power_kw_min"": null, ""power_kw_values"": [], ""station_name"": """"}",1,1,,unmatched,unmatched,,,,,{},0,0,,unmatched,unmatched,,,,,{},0,0,,accepted,accepted
976,,"Wingewarra Street, Dubbo NSW 2830",NRMA Electric,2,DC,50 kW,-32.24936341,148.6091872,Dubbo Regional Council,2830,Existing Fast Chargers,accepted,coordinate_and_fuzzy_address,65.22766511706796,0.8882352941176471,121546,"76 Wingewarra Street, Dubbo, 2830","{""charger_capacities"": ""120 kW"", ""connector_types_normalized"": ""CCS"", ""data_provider"": ""Open Charge Map"", ""general_comments"": ""Charging4 Superchargers, available 24/7, up to 120kW"", ""is_operational"": true, ""last_verified"": ""2023-08-30T06:19:00Z"", ""latitude"": -32.24995, ""longitude"": 148.609182, ""number_of_plugs"": 4.0, ""number_of_plugs_quality"": ""reported_or_derived_from_connection_quantity"", ""number_of_plugs_semantics"": ""OCM NumberOfPoints or positive connection Quantity"", ""operational_status"": ""operational"", ""operator"": ""Tesla (including non-tesla)"", ""plug_types"": ""CCS (Type 2)"", ""power_kw_max"": 120.0, ""power_kw_min"": 120.0, ""power_kw_values"": [120.0], ""station_address"": ""76 Wingewarra Street, Dubbo, 2830"", ""station_name"": ""Dubbo Supercharger [Tesla]"", ""status"": ""Operational"", ""usage_cost"": ""$0.52/kWh""}",2,2,49.470529449041535,accepted,coordinate_500m,15.724000827505803,0.0,6759463884,,"{""access_condition"": ""Free Access"", ""charger_capacities"": null, ""connector_types_normalized"": ""CCS"", ""data_provider"": ""OpenStreetMap"", ""latitude"": -32.2493739264264, ""longitude"": 148.609353940131, ""number_of_plugs"": 2, ""number_of_plugs_quality"": ""valid"", ""number_of_plugs_raw"": 2, ""number_of_plugs_semantics"": ""OSM charge_points_count; values above 100 are withheld as suspicious"", ""opening_hours"": """", ""operator"": ""NRMA"", ""osm_last_updated"": ""2026-06-11"", ""plug_types"": ""CCS"", ""power_kw_max"": null, ""power_kw_min"": null, ""power_kw_values"": [], ""station_name"": """"}",2,2,47.05178285827627,accepted,coordinate_500m,15.724000827505803,0.0,6759463884,,"{""access_condition"": ""Free Access"", ""charger_capacities"": null, ""connector_types_normalized"": ""CCS"", ""data_provider"": ""OpenStreetMap"", ""latitude"": -32.2493739264264, ""longitude"": 148.609353940131, ""number_of_plugs"": 2, ""number_of_plugs_quality"": ""valid"", ""number_of_plugs_raw"": 2, ""number_of_plugs_semantics"": ""OSM charge_points_count; values above 100 are withheld as suspicious"", ""opening_hours"": """", ""operator"": ""NRMA"", ""osm_last_updated"": ""2026-06-11"", ""plug_types"": ""CCS"", ""power_kw_max"": null, ""power_kw_min"": null, ""power_kw_values"": [], ""station_name"": """"}",2,2,47.05178285827627,accepted,coordinate_and_fuzzy_address,171.8540199403502,0.8767441860465117,d1cbdd86-205d-4538-b287-34032bf74788-mLm7w23qbPwboEaNKjKEtS3N_wNb7njK5rwN,"Wingewarra St, Dubbo, 2830","{""charger_capacities"": 22.0, ""connector_types_normalized"": ""Type2"", ""data_provider"": ""Charge@Large"", ""dc_port_count"": 1, ""latitude"": -32.249763, ""longitude"": 148.6074219, ""number_of_plugs"": 1, ""number_of_plugs_quality"": ""reported_from_dc_port_count"", ""number_of_plugs_semantics"": ""Charge@Large DC-indicated port count"", ""operator"": """", ""plug_types"": ""TYPE2"", ""power_kw_max"": 22.0, ""power_kw_min"": 22.0, ""power_kw_values"": [22.0], ""station_address"": ""Wingewarra St, Dubbo, 2830"", ""station_name"": ""Wingewarra St Dubbo"", ""status_counts"": ""{\""Available\"": 1}"", ""total_port_count"": 1}",2,2,205.93048990088016,unmatched,unmatched,,,,,{},0,0,,accepted,accepted
979,,"Wyong Road, Central Coast NSW 2261",BP,2,DC,75 kW,-33.36284489,151.4442893,Central Coast Council,2261,Existing Fast Chargers,accepted,coordinate_500m,17.415030438282233,0.546969696969697,266767,"Cnr Mingara Dr & Wyong Rd, Tumbi Umbi, NSW, 2261","{""charger_capacities"": ""75 kW"", ""connector_types_normalized"": ""CHAdeMO;CCS"", ""data_provider"": ""Open Charge Map"", ""general_comments"": """", ""is_operational"": true, ""last_verified"": ""2023-08-09T11:36:00Z"", ""latitude"": -33.36290641211102, ""longitude"": 151.44446174596283, ""number_of_plugs"": 2.0, ""number_of_plugs_quality"": ""reported_or_derived_from_connection_quantity"", ""number_of_plugs_semantics"": ""OCM NumberOfPoints or positive connection Quantity"", ""operational_status"": ""operational"", ""operator"": ""BP Pulse (AU)"", ""plug_types"": ""CHAdeMO; CCS (Type 2)"", ""power_kw_max"": 75.0, ""power_kw_min"": 75.0, ""power_kw_values"": [75.0], ""station_address"": ""Cnr Mingara Dr & Wyong Rd, Tumbi Umbi, NSW, 2261"", ""station_name"": ""BP Pulse"", ""status"": ""Operational"", ""usage_cost"": ""$0.55/kwh""}",1,1,,accepted,coordinate_500m,7.857232886679396,0.0,10232012344,,"{""access_condition"": ""Free Access"", ""charger_capacities"": null, ""connector_types_normalized"": """", ""data_provider"": ""OpenStreetMap"", ""latitude"": -33.3628805101857, ""longitude"": 151.4443623683, ""number_of_plugs"": null, ""number_of_plugs_quality"": ""missing_or_suspicious"", ""number_of_plugs_raw"": null, ""number_of_plugs_semantics"": ""OSM charge_points_count; values above 100 are withheld as suspicious"", ""opening_hours"": """", ""operator"": ""BP Pulse"", ""osm_last_updated"": ""2025-06-17"", ""plug_types"": """", ""power_kw_max"": null, ""power_kw_min"": null, ""power_kw_values"": [], ""station_name"": """"}",1,1,,unmatched,unmatched,,,,,{},0,0,,accepted,coordinate_500m,105.71300507964474,0.45277777777777783,15d06bf5-6b4a-425d-9312-bae4b17cc22b-242,"Mingara Dr, Tumbi Umbi, NSW 2261","{""charger_capacities"": 22.0, ""connector_types_normalized"": ""Type2"", ""data_provider"": ""Charge@Large"", ""dc_port_count"": 5, ""latitude"": -33.3630652, ""longitude"": 151.443182, ""number_of_plugs"": 5, ""number_of_plugs_quality"": ""reported_from_dc_port_count"", ""number_of_plugs_semantics"": ""Charge@Large DC-indicated port count"", ""operator"": """", ""plug_types"": ""TYPE2"", ""power_kw_max"": 22.0, ""power_kw_min"": 22.0, ""power_kw_values"": [22.0], ""station_address"": ""Mingara Dr, Tumbi Umbi, NSW 2261"", ""station_name"": ""Mingara Leisure Group - Tumbi Umbi"", ""status_counts"": ""{\""Available\"": 3, \""OutOfService\"": 2}"", ""total_port_count"": 5}",1,1,,unmatched,unmatched,,,,,{},0,0,,accepted,accepted
1035,Evie Networks,"92 Houston Road, Kingsford NSW 2032",Evie Networks,2,DC,50 kW,-33.9242319,151.2266791,,,,unmatched,unmatched,,,,,{},0,0,,accepted,coordinate_500m,497.9055094934751,0.0,13206142331,,"{""access_condition"": ""Free Access"", ""charger_capacities"": null, ""connector_types_normalized"": ""CCS"", ""data_provider"": ""OpenStreetMap"", ""latitude"": -33.9197629252837, ""longitude"": 151.227017188259, ""number_of_plugs"": 2, ""number_of_plugs_quality"": ""valid"", ""number_of_plugs_raw"": 2, ""number_of_plugs_semantics"": ""OSM charge_points_count; values above 100 are withheld as suspicious"", ""opening_hours"": """", ""operator"": ""bp pulse"", ""osm_last_updated"": ""2025-10-10"", ""plug_types"": ""CCS"", ""power_kw_max"": null, ""power_kw_min"": null, ""power_kw_values"": [], ""station_name"": """"}",1,1,,accepted,coordinate_500m,497.9055094934751,0.0,13206142331,,"{""access_condition"": ""Free Access"", ""charger_capacities"": null, ""connector_types_normalized"": ""CCS"", ""data_provider"": ""OpenStreetMap"", ""latitude"": -33.9197629252837, ""longitude"": 151.227017188259, ""number_of_plugs"": 2, ""number_of_plugs_quality"": ""valid"", ""number_of_plugs_raw"": 2, ""number_of_plugs_semantics"": ""OSM charge_points_count; values above 100 are withheld as suspicious"", ""opening_hours"": """", ""operator"": ""bp pulse"", ""osm_last_updated"": ""2025-10-10"", ""plug_types"": ""CCS"", ""power_kw_max"": null, ""power_kw_min"": null, ""power_kw_values"": [], ""station_name"": """"}",1,1,,accepted,coordinate_500m,231.57331232159547,0.6490196078431373,15d06bf5-6b4a-425d-9312-bae4b17cc22b-872,"45-49 Harbourne Rd, Kingsford, NSW 2032","{""charger_capacities"": 22.0, ""connector_types_normalized"": ""Type2"", ""data_provider"": ""Charge@Large"", ""dc_port_count"": 1, ""latitude"": -33.9231777, ""longitude"": 151.2288436, ""number_of_plugs"": 1, ""number_of_plugs_quality"": ""reported_from_dc_port_count"", ""number_of_plugs_semantics"": ""Charge@Large DC-indicated port count"", ""operator"": """", ""plug_types"": ""TYPE2"", ""power_kw_max"": 22.0, ""power_kw_min"": 22.0, ""power_kw_values"": [22.0], ""station_address"": ""45-49 Harbourne Rd, Kingsford, NSW 2032"", ""station_name"": ""Intellihub - Harbourne Road, Kingsford"", ""status_counts"": ""{\""Available\"": 1}"", ""total_port_count"": 1}",2,2,57.50261217573822,unmatched,unmatched,,,,,{},0,0,,accepted,accepted
1049,,197-215 Condamine Street Balgowlah NSW 2093,Tesla Motors,6,DC,2x350kW & 2x175kW,-33.7929122,151.2645298,,,,unmatched,unmatched,,,,,{},0,0,,accepted,coordinate_500m,36.79095774359801,0.0,12968478808,,"{""access_condition"": ""Free Access"", ""charger_capacities"": null, ""connector_types_normalized"": ""CCS"", ""data_provider"": ""OpenStreetMap"", ""latitude"": -33.7932339059279, ""longitude"": 151.264622848304, ""number_of_plugs"": 8, ""number_of_plugs_quality"": ""valid"", ""number_of_plugs_raw"": 8, ""number_of_plugs_semantics"": ""OSM charge_points_count; values above 100 are withheld as suspicious"", ""opening_hours"": """", ""operator"": ""Tesla"", ""osm_last_updated"": ""2025-07-02"", ""plug_types"": ""CCS"", ""power_kw_max"": null, ""power_kw_min"": null, ""power_kw_values"": [], ""station_name"": ""Tesla Supercharger""}",1,1,,accepted,coordinate_500m,36.79095774359801,0.0,12968478808,,"{""access_condition"": ""Free Access"", ""charger_capacities"": null, ""connector_types_normalized"": ""CCS"", ""data_provider"": ""OpenStreetMap"", ""latitude"": -33.7932339059279, ""longitude"": 151.264622848304, ""number_of_plugs"": 8, ""number_of_plugs_quality"": ""valid"", ""number_of_plugs_raw"": 8, ""number_of_plugs_semantics"": ""OSM charge_points_count; values above 100 are withheld as suspicious"", ""opening_hours"": """", ""operator"": ""Tesla"", ""osm_last_updated"": ""2025-07-02"", ""plug_types"": ""CCS"", ""power_kw_max"": null, ""power_kw_min"": null, ""power_kw_values"": [], ""station_name"": ""Tesla Supercharger""}",1,1,,unmatched,unmatched,,,,,{},0,0,,unmatched,unmatched,,,,,{},0,0,,accepted,accepted
1061,,"University Of Wollongong, Northfields Avenue, Wollongong NSW 2522",University of Wollongong,6,DC,2x350kW & 2x175kW,-34.4079569,150.877135,,,,unmatched,unmatched,,,,,{},0,0,,accepted,coordinate_500m,379.89581385762483,0.0,5047211383,,"{""access_condition"": ""Free Access"", ""charger_capacities"": null, ""connector_types_normalized"": """", ""data_provider"": ""OpenStreetMap"", ""latitude"": -34.4075897738013, ""longitude"": 150.881252031506, ""number_of_plugs"": null, ""number_of_plugs_quality"": ""missing_or_suspicious"", ""number_of_plugs_raw"": null, ""number_of_plugs_semantics"": ""OSM charge_points_count; values above 100 are withheld as suspicious"", ""opening_hours"": """", ""operator"": ""ChargePoint"", ""osm_last_updated"": ""2025-05-29"", ""plug_types"": """", ""power_kw_max"": null, ""power_kw_min"": null, ""power_kw_values"": [], ""station_name"": ""ChargePoint""}",1,1,,unmatched,unmatched,,,,,{},0,0,,unmatched,unmatched,,,,,{},0,0,,unmatched,unmatched,,,,,{},0,0,,accepted,unmatched
1075,,20-22 Camden Road Campbelltown NSW 2560,Tesla Motors,12,DC,2x350kW & 2x175kW,-34.0722029,150.8068155,,,,accepted,coordinate_and_fuzzy_address,88.31631111082866,0.9836065573770493,266501,"20-22 Camden Road, Campbelltown, New South Wales, 2560","{""charger_capacities"": ""250 kW"", ""connector_types_normalized"": ""CCS"", ""data_provider"": ""Open Charge Map"", ""general_comments"": """", ""is_operational"": true, ""last_verified"": ""2023-06-08T03:24:00Z"", ""latitude"": -34.07151792013103, ""longitude"": 150.80730085250025, ""number_of_plugs"": 12.0, ""number_of_plugs_quality"": ""reported_or_derived_from_connection_quantity"", ""number_of_plugs_semantics"": ""OCM NumberOfPoints or positive connection Quantity"", ""operational_status"": ""operational"", ""operator"": ""Tesla (Tesla-only charging)"", ""plug_types"": ""CCS (Type 2)"", ""power_kw_max"": 250.0, ""power_kw_min"": 250.0, ""power_kw_values"": [250.0], ""station_address"": ""20-22 Camden Road, Campbelltown, New South Wales, 2560"", ""station_name"": ""Campbelltown Supercharger"", ""status"": ""Operational"", ""usage_cost"": ""$0.66/kWh""}",2,2,61.85406793994129,accepted,coordinate_500m,90.52758036381749,0.0,10774220953,,"{""access_condition"": ""Free Access"", ""charger_capacities"": null, ""connector_types_normalized"": ""CCS"", ""data_provider"": ""OpenStreetMap"", ""latitude"": -34.0714958245681, ""longitude"": 150.807302690758, ""number_of_plugs"": 12, ""number_of_plugs_quality"": ""valid"", ""number_of_plugs_raw"": 12, ""number_of_plugs_semantics"": ""OSM charge_points_count; values above 100 are withheld as suspicious"", ""opening_hours"": """", ""operator"": ""Tesla"", ""osm_last_updated"": ""2025-10-03"", ""plug_types"": ""CCS"", ""power_kw_max"": null, ""power_kw_min"": null, ""power_kw_values"": [], ""station_name"": ""Tesla Supercharger""}",3,3,18.276823397574674,accepted,coordinate_500m,90.52758036381749,0.0,10774220953,,"{""access_condition"": ""Free Access"", ""charger_capacities"": null, ""connector_types_normalized"": ""CCS"", ""data_provider"": ""OpenStreetMap"", ""latitude"": -34.0714958245681, ""longitude"": 150.807302690758, ""number_of_plugs"": 12, ""number_of_plugs_quality"": ""valid"", ""number_of_plugs_raw"": 12, ""number_of_plugs_semantics"": ""OSM charge_points_count; values above 100 are withheld as suspicious"", ""opening_hours"": """", ""operator"": ""Tesla"", ""osm_last_updated"": ""2025-10-03"", ""plug_types"": ""CCS"", ""power_kw_max"": null, ""power_kw_min"": null, ""power_kw_values"": [], ""station_name"": ""Tesla Supercharger""}",3,3,18.276823397574674,accepted,coordinate_and_fuzzy_address,101.61980034164644,0.8735849056603774,15d06bf5-6b4a-425d-9312-bae4b17cc22b-2578,"38 Camden Rd, Campbelltown, NSW 2560","{""charger_capacities"": 200.0, ""connector_types_normalized"": ""CCS;CHAdeMO"", ""data_provider"": ""Charge@Large"", ""dc_port_count"": 4, ""latitude"": -34.0716105, ""longitude"": 150.8059754, ""number_of_plugs"": 4, ""number_of_plugs_quality"": ""reported_from_dc_port_count"", ""number_of_plugs_semantics"": ""Charge@Large DC-indicated port count"", ""operator"": """", ""plug_types"": ""CCS2|CHADEMO"", ""power_kw_max"": 200.0, ""power_kw_min"": 200.0, ""power_kw_values"": [200.0], ""station_address"": ""38 Camden Rd, Campbelltown, NSW 2560"", ""station_name"": ""Genesis Care Campbelltown"", ""status_counts"": ""{\""Available\"": 4}"", ""total_port_count"": 4}",1,1,,accepted,coordinate_and_fuzzy_address,101.61980034164644,0.8735849056603774,15d06bf5-6b4a-425d-9312-bae4b17cc22b-2578,"38 Camden Rd, Campbelltown, NSW 2560","{""charger_capacities"": 200.0, ""connector_types_normalized"": ""CCS;CHAdeMO"", ""data_provider"": ""Charge@Large"", ""dc_port_count"": 4, ""latitude"": -34.0716105, ""longitude"": 150.8059754, ""number_of_plugs"": 4, ""number_of_plugs_quality"": ""reported_from_dc_port_count"", ""number_of_plugs_semantics"": ""Charge@Large DC-indicated port count"", ""operator"": """", ""plug_types"": ""CCS2|CHADEMO"", ""power_kw_max"": 200.0, ""power_kw_min"": 200.0, ""power_kw_values"": [200.0], ""station_address"": ""38 Camden Rd, Campbelltown, NSW 2560"", ""station_name"": ""Genesis Care Campbelltown"", ""status_counts"": ""{\""Available\"": 4}"", ""total_port_count"": 4}",1,1,,accepted,accepted
1086,,"241 Waterworth Drive, Mount Annan NSW 2567",Viva Energy Australia,4,DC,2x350kW & 2x175kW,-34.0495366,150.7601125,,,,unmatched,unmatched,,,,,{},0,0,,accepted,coordinate_500m,18.649731757976735,0.0,12686156645,,"{""access_condition"": ""Free Access"", ""charger_capacities"": null, ""connector_types_normalized"": ""CCS"", ""data_provider"": ""OpenStreetMap"", ""latitude"": -34.0496546803737, ""longitude"": 150.759968742432, ""number_of_plugs"": null, ""number_of_plugs_quality"": ""missing_or_suspicious"", ""number_of_plugs_raw"": null, ""number_of_plugs_semantics"": ""OSM charge_points_count; values above 100 are withheld as suspicious"", ""opening_hours"": """", ""operator"": ""Shell Recharge Solutions"", ""osm_last_updated"": ""2025-03-21"", ""plug_types"": ""CCS"", ""power_kw_max"": null, ""power_kw_min"": null, ""power_kw_values"": [], ""station_name"": """"}",2,2,58.715956741760735,accepted,coordinate_500m,18.649731757976735,0.0,12686156645,,"{""access_condition"": ""Free Access"", ""charger_capacities"": null, ""connector_types_normalized"": ""CCS"", ""data_provider"": ""OpenStreetMap"", ""latitude"": -34.0496546803737, ""longitude"": 150.759968742432, ""number_of_plugs"": null, ""number_of_plugs_quality"": ""missing_or_suspicious"", ""number_of_plugs_raw"": null, ""number_of_plugs_semantics"": ""OSM charge_points_count; values above 100 are withheld as suspicious"", ""opening_hours"": """", ""operator"": ""Shell Recharge Solutions"", ""osm_last_updated"": ""2025-03-21"", ""plug_types"": ""CCS"", ""power_kw_max"": null, ""power_kw_min"": null, ""power_kw_values"": [], ""station_name"": """"}",1,1,,accepted,coordinate_500m,77.36979052983494,0.37428571428571433,15d06bf5-6b4a-425d-9312-bae4b17cc22b-2087,"11 - 13 Main St, Mount Annan, NSW 2567","{""charger_capacities"": 120.0, ""connector_types_normalized"": ""CCS"", ""data_provider"": ""Charge@Large"", ""dc_port_count"": 4, ""latitude"": -34.0493134, ""longitude"": 150.7593171, ""number_of_plugs"": 4, ""number_of_plugs_quality"": ""reported_from_dc_port_count"", ""number_of_plugs_semantics"": ""Charge@Large DC-indicated port count"", ""operator"": """", ""plug_types"": ""CCS2"", ""power_kw_max"": 120.0, ""power_kw_min"": 120.0, ""power_kw_values"": [120.0], ""station_address"": ""11 - 13 Main St, Mount Annan, NSW 2567"", ""station_name"": ""Mount Annan Marketplace"", ""status_counts"": ""{\""Available\"": 4}"", ""total_port_count"": 4}",1,1,,accepted,coordinate_500m,77.36979052983494,0.37428571428571433,15d06bf5-6b4a-425d-9312-bae4b17cc22b-2087,"11 - 13 Main St, Mount Annan, NSW 2567","{""charger_capacities"": 120.0, ""connector_types_normalized"": ""CCS"", ""data_provider"": ""Charge@Large"", ""dc_port_count"": 4, ""latitude"": -34.0493134, ""longitude"": 150.7593171, ""number_of_plugs"": 4, ""number_of_plugs_quality"": ""reported_from_dc_port_count"", ""number_of_plugs_semantics"": ""Charge@Large DC-indicated port count"", ""operator"": """", ""plug_types"": ""CCS2"", ""power_kw_max"": 120.0, ""power_kw_min"": 120.0, ""power_kw_values"": [120.0], ""station_address"": ""11 - 13 Main St, Mount Annan, NSW 2567"", ""station_name"": ""Mount Annan Marketplace"", ""status_counts"": ""{\""Available\"": 4}"", ""total_port_count"": 4}",1,1,,accepted,accepted
1088,,"19 Princes Highway, Figtree NSW 2525",Tesla Motors,6,DC,2x350kW & 2x175kW,-34.4366153,150.8632982,,,,accepted,coordinate_500m,151.1060032235541,0.43138888888888893,171646,"Figtree Grove Shopping Centre, The Avenue, Figtree, New South Wales, 2525","{""charger_capacities"": ""250 kW"", ""connector_types_normalized"": ""CCS"", ""data_provider"": ""Open Charge Map"", ""general_comments"": """", ""is_operational"": true, ""last_verified"": ""2023-08-30T06:17:00Z"", ""latitude"": -34.43797320339262, ""longitude"": 150.8633622012107, ""number_of_plugs"": 6.0, ""number_of_plugs_quality"": ""reported_or_derived_from_connection_quantity"", ""number_of_plugs_semantics"": ""OCM NumberOfPoints or positive connection Quantity"", ""operational_status"": ""operational"", ""operator"": ""Tesla (including non-tesla)"", ""plug_types"": ""CCS (Type 2)"", ""power_kw_max"": 250.0, ""power_kw_min"": 250.0, ""power_kw_values"": [250.0], ""station_address"": ""Figtree Grove Shopping Centre, The Avenue, Figtree, New South Wales, 2525"", ""station_name"": ""Wollongong Supercharger"", ""status"": ""Operational"", ""usage_cost"": ""$0.69/kWh""}",1,1,,accepted,coordinate_500m,5.023245389456757,0.0,6914659544,,"{""access_condition"": ""Free Access"", ""charger_capacities"": null, ""connector_types_normalized"": """", ""data_provider"": ""OpenStreetMap"", ""latitude"": -34.4365810166788, ""longitude"": 150.863333869454, ""number_of_plugs"": null, ""number_of_plugs_quality"": ""missing_or_suspicious"", ""number_of_plugs_raw"": null, ""number_of_plugs_semantics"": ""OSM charge_points_count; values above 100 are withheld as suspicious"", ""opening_hours"": """", ""operator"": ""Chargefox"", ""osm_last_updated"": ""2022-12-15"", ""plug_types"": """", ""power_kw_max"": null, ""power_kw_min"": null, ""power_kw_values"": [], ""station_name"": """"}",2,2,129.25699935587707,accepted,coordinate_500m,134.28024474533382,0.0,10815562193,,"{""access_condition"": ""Free Access"", ""charger_capacities"": null, ""connector_types_normalized"": ""CCS"", ""data_provider"": ""OpenStreetMap"", ""latitude"": -34.4378190237775, ""longitude"": 150.86341559301, ""number_of_plugs"": 4, ""number_of_plugs_quality"": ""valid"", ""number_of_plugs_raw"": 4, ""number_of_plugs_semantics"": ""OSM charge_points_count; values above 100 are withheld as suspicious"", ""opening_hours"": ""24/7"", ""operator"": ""Tesla"", ""osm_last_updated"": ""2026-03-29"", ""plug_types"": ""CCS"", ""power_kw_max"": null, ""power_kw_min"": null, ""power_kw_values"": [], ""station_name"": ""Wollongong Supercharger""}",1,1,,unmatched,unmatched,,,,,{},0,0,,unmatched,unmatched,,,,,{},0,0,,accepted,accepted
1298,,"173 Canterbury Road, Bankstown NSW 2200",Tesla,6,DC,175 kW,-33.9336017,151.0299345,Canterbury Bankstown Council,2200,Fast Charging R1,accepted,coordinate_500m,137.94298302397812,0.42549019607843136,308738,"Chapel Road, Bankstown, NSW","{""charger_capacities"": ""250 kW"", ""connector_types_normalized"": ""CCS"", ""data_provider"": ""Open Charge Map"", ""general_comments"": """", ""is_operational"": true, ""last_verified"": ""2025-03-04T03:29:00Z"", ""latitude"": -33.933123083981414, ""longitude"": 151.0285550577326, ""number_of_plugs"": 6.0, ""number_of_plugs_quality"": ""reported_or_derived_from_connection_quantity"", ""number_of_plugs_semantics"": ""OCM NumberOfPoints or positive connection Quantity"", ""operational_status"": ""operational"", ""operator"": ""Tesla (including non-tesla)"", ""plug_types"": ""CCS (Type 2)"", ""power_kw_max"": 250.0, ""power_kw_min"": 250.0, ""power_kw_values"": [250.0], ""station_address"": ""Chapel Road, Bankstown, NSW"", ""station_name"": ""Tesla Supercharger Bankstown"", ""status"": ""Operational"", ""usage_cost"": ""$0.69/kWh""}",2,2,39.71048871366378,accepted,coordinate_500m,168.25694041898552,0.0,12560173013,,"{""access_condition"": ""Free Access"", ""charger_capacities"": null, ""connector_types_normalized"": ""CCS"", ""data_provider"": ""OpenStreetMap"", ""latitude"": -33.9327164022671, ""longitude"": 151.028455434134, ""number_of_plugs"": 6, ""number_of_plugs_quality"": ""valid"", ""number_of_plugs_raw"": 6, ""number_of_plugs_semantics"": ""OSM charge_points_count; values above 100 are withheld as suspicious"", ""opening_hours"": ""24/7"", ""operator"": ""Tesla"", ""osm_last_updated"": ""2026-03-29"", ""plug_types"": ""CCS"", ""power_kw_max"": null, ""power_kw_min"": null, ""power_kw_values"": [], ""station_name"": ""Bankstown Supercharger""}",2,2,4.504608864100618,accepted,coordinate_500m,168.25694041898552,0.0,12560173013,,"{""access_condition"": ""Free Access"", ""charger_capacities"": null, ""connector_types_normalized"": ""CCS"", ""data_provider"": ""OpenStreetMap"", ""latitude"": -33.9327164022671, ""longitude"": 151.028455434134, ""number_of_plugs"": 6, ""number_of_plugs_quality"": ""valid"", ""number_of_plugs_raw"": 6, ""number_of_plugs_semantics"": ""OSM charge_points_count; values above 100 are withheld as suspicious"", ""opening_hours"": ""24/7"", ""operator"": ""Tesla"", ""osm_last_updated"": ""2026-03-29"", ""plug_types"": ""CCS"", ""power_kw_max"": null, ""power_kw_min"": null, ""power_kw_values"": [], ""station_name"": ""Bankstown Supercharger""}",2,2,4.504608864100618,accepted,coordinate_500m,430.3341095812931,0.16357670221493026,15d06bf5-6b4a-425d-9312-bae4b17cc22b-2587,"44 Gibson Ave, Padstow, NSW 2211","{""charger_capacities"": 60.0, ""connector_types_normalized"": ""CCS"", ""data_provider"": ""Charge@Large"", ""dc_port_count"": 4, ""latitude"": -33.9368796, ""longitude"": 151.0274547, ""number_of_plugs"": 4, ""number_of_plugs_quality"": ""reported_from_dc_port_count"", ""number_of_plugs_semantics"": ""Charge@Large DC-indicated port count"", ""operator"": """", ""plug_types"": ""CCS2"", ""power_kw_max"": 60.0, ""power_kw_min"": 60.0, ""power_kw_values"": [60.0], ""station_address"": ""44 Gibson Ave, Padstow, NSW 2211"", ""station_name"": ""RideLender Padstow"", ""status_counts"": ""{\""Available\"": 4}"", ""total_port_count"": 4}",1,1,,accepted,coordinate_500m,430.3341095812931,0.16357670221493026,15d06bf5-6b4a-425d-9312-bae4b17cc22b-2587,"44 Gibson Ave, Padstow, NSW 2211","{""charger_capacities"": 60.0, ""connector_types_normalized"": ""CCS"", ""data_provider"": ""Charge@Large"", ""dc_port_count"": 4, ""latitude"": -33.9368796, ""longitude"": 151.0274547, ""number_of_plugs"": 4, ""number_of_plugs_quality"": ""reported_from_dc_port_count"", ""number_of_plugs_semantics"": ""Charge@Large DC-indicated port count"", ""operator"": """", ""plug_types"": ""CCS2"", ""power_kw_max"": 60.0, ""power_kw_min"": 60.0, ""power_kw_values"": [60.0], ""station_address"": ""44 Gibson Ave, Padstow, NSW 2211"", ""station_name"": ""RideLender Padstow"", ""status_counts"": ""{\""Available\"": 4}"", ""total_port_count"": 4}",1,1,,accepted,accepted
1307,,"179-183 Hume Street, Goulburn NSW 2580",Tesla,20,DC,175 kW,-34.7720602,149.6923766,Goulburn Mulwaree Council,2580,Fast Charging R1,accepted,coordinate_500m,39.30092369468364,0.5446725860155384,296038,"Lockyer Street, Goulburn, New South Wales, 2580","{""charger_capacities"": ""75 kW"", ""connector_types_normalized"": ""CCS"", ""data_provider"": ""Open Charge Map"", ""general_comments"": """", ""is_operational"": true, ""last_verified"": ""2025-01-24T09:21:00Z"", ""latitude"": -34.772316512568395, ""longitude"": 149.69267286725506, ""number_of_plugs"": 2.0, ""number_of_plugs_quality"": ""reported_or_derived_from_connection_quantity"", ""number_of_plugs_semantics"": ""OCM NumberOfPoints or positive connection Quantity"", ""operational_status"": ""operational"", ""operator"": ""Chargefox"", ""plug_types"": ""CCS (Type 2)"", ""power_kw_max"": 75.0, ""power_kw_min"": 75.0, ""power_kw_values"": [75.0], ""station_address"": ""Lockyer Street, Goulburn, New South Wales, 2580"", ""station_name"": ""KFC Goulburn"", ""status"": ""Operational"", ""usage_cost"": """"}",2,2,91.1324639437361,accepted,coordinate_500m,42.09229713896242,0.0,10792695777,,"{""access_condition"": ""Free Access"", ""charger_capacities"": null, ""connector_types_normalized"": ""CCS"", ""data_provider"": ""OpenStreetMap"", ""latitude"": -34.7722611513523, ""longitude"": 149.692767144565, ""number_of_plugs"": 2, ""number_of_plugs_quality"": ""valid"", ""number_of_plugs_raw"": 2, ""number_of_plugs_semantics"": ""OSM charge_points_count; values above 100 are withheld as suspicious"", ""opening_hours"": """", ""operator"": ""Chargefox"", ""osm_last_updated"": ""2025-02-25"", ""plug_types"": ""CCS"", ""power_kw_max"": null, ""power_kw_min"": null, ""power_kw_values"": [], ""station_name"": """"}",2,2,57.20582848356395,accepted,coordinate_500m,42.09229713896242,0.0,10792695777,,"{""access_condition"": ""Free Access"", ""charger_capacities"": null, ""connector_types_normalized"": ""CCS"", ""data_provider"": ""OpenStreetMap"", ""latitude"": -34.7722611513523, ""longitude"": 149.692767144565, ""number_of_plugs"": 2, ""number_of_plugs_quality"": ""valid"", ""number_of_plugs_raw"": 2, ""number_of_plugs_semantics"": ""OSM charge_points_count; values above 100 are withheld as suspicious"", ""opening_hours"": """", ""operator"": ""Chargefox"", ""osm_last_updated"": ""2025-02-25"", ""plug_types"": ""CCS"", ""power_kw_max"": null, ""power_kw_min"": null, ""power_kw_values"": [], ""station_name"": """"}",2,2,57.20582848356395,unmatched,unmatched,,,,,{},0,0,,unmatched,unmatched,,,,,{},0,0,,accepted,accepted
1325,,188 Fernleigh Road Glenfield Park NSW 2650,Tesla,6,DC,175 kW,-35.1317745,147.3398455,Wagga Wagga City Council,2650,Fast Charging R1,accepted,coordinate_and_fuzzy_address,81.0820937544837,0.8600000000000001,300153,"Fernleigh Road, Glenfield Park, Wagga Wagga, New South Wales, 2650","{""charger_capacities"": ""250 kW"", ""connector_types_normalized"": ""CCS"", ""data_provider"": ""Open Charge Map"", ""general_comments"": """", ""is_operational"": true, ""last_verified"": ""2024-06-25T11:19:00Z"", ""latitude"": -35.13104690746256, ""longitude"": 147.3397865366278, ""number_of_plugs"": 6.0, ""number_of_plugs_quality"": ""reported_or_derived_from_connection_quantity"", ""number_of_plugs_semantics"": ""OCM NumberOfPoints or positive connection Quantity"", ""operational_status"": ""operational"", ""operator"": ""Tesla (including non-tesla)"", ""plug_types"": ""CCS (Type 2)"", ""power_kw_max"": 250.0, ""power_kw_min"": 250.0, ""power_kw_values"": [250.0], ""station_address"": ""Fernleigh Road, Glenfield Park, Wagga Wagga, New South Wales, 2650"", ""station_name"": ""Tesla Supercharger Wagga Wagga"", ""status"": ""Operational"", ""usage_cost"": ""$0.69/kWh""}",1,1,,accepted,coordinate_500m,87.44595292424516,0.0,11155180657,,"{""access_condition"": ""Free Access"", ""charger_capacities"": null, ""connector_types_normalized"": ""CCS"", ""data_provider"": ""OpenStreetMap"", ""latitude"": -35.1309893404582, ""longitude"": 147.339791071431, ""number_of_plugs"": 6, ""number_of_plugs_quality"": ""valid"", ""number_of_plugs_raw"": 6, ""number_of_plugs_semantics"": ""OSM charge_points_count; values above 100 are withheld as suspicious"", ""opening_hours"": ""24/7"", ""operator"": ""Tesla"", ""osm_last_updated"": ""2026-03-29"", ""plug_types"": ""CCS"", ""power_kw_max"": null, ""power_kw_min"": null, ""power_kw_values"": [], ""station_name"": ""Tesla Supercharger""}",1,1,,accepted,coordinate_500m,87.44595292424516,0.0,11155180657,,"{""access_condition"": ""Free Access"", ""charger_capacities"": null, ""connector_types_normalized"": ""CCS"", ""data_provider"": ""OpenStreetMap"", ""latitude"": -35.1309893404582, ""longitude"": 147.339791071431, ""number_of_plugs"": 6, ""number_of_plugs_quality"": ""valid"", ""number_of_plugs_raw"": 6, ""number_of_plugs_semantics"": ""OSM charge_points_count; values above 100 are withheld as suspicious"", ""opening_hours"": ""24/7"", ""operator"": ""Tesla"", ""osm_last_updated"": ""2026-03-29"", ""plug_types"": ""CCS"", ""power_kw_max"": null, ""power_kw_min"": null, ""power_kw_values"": [], ""station_name"": ""Tesla Supercharger""}",1,1,,unmatched,unmatched,,,,,{},0,0,,unmatched,unmatched,,,,,{},0,0,,accepted,accepted
1343,,2 Bridge Road Griffith NSW 2680,Tesla,6,DC,175 kW,-34.2922641,146.0507015,Griffith City Council,2680,Fast Charging R1,accepted,coordinate_and_fuzzy_address,46.939806465659,1.0,306013,"2 Bridge Road, Griffith, NSW, 2680","{""charger_capacities"": ""250 kW"", ""connector_types_normalized"": ""CCS"", ""data_provider"": ""Open Charge Map"", ""general_comments"": """", ""is_operational"": true, ""last_verified"": ""2024-12-08T01:54:00Z"", ""latitude"": -34.29247666125356, ""longitude"": 146.05114295544826, ""number_of_plugs"": 6.0, ""number_of_plugs_quality"": ""reported_or_derived_from_connection_quantity"", ""number_of_plugs_semantics"": ""OCM NumberOfPoints or positive connection Quantity"", ""operational_status"": ""operational"", ""operator"": ""Tesla (including non-tesla)"", ""plug_types"": ""CCS (Type 2)"", ""power_kw_max"": 250.0, ""power_kw_min"": 250.0, ""power_kw_values"": [250.0], ""station_address"": ""2 Bridge Road, Griffith, NSW, 2680"", ""station_name"": ""Griffith Leagues Club Southside"", ""status"": ""Operational"", ""usage_cost"": ""up to $0.92/kWh""}",1,1,,accepted,coordinate_500m,108.48949105643264,0.0,12024063277,,"{""access_condition"": ""Free Access"", ""charger_capacities"": null, ""connector_types_normalized"": ""CCS"", ""data_provider"": ""OpenStreetMap"", ""latitude"": -34.2921105335801, ""longitude"": 146.051867727648, ""number_of_plugs"": 6, ""number_of_plugs_quality"": ""valid"", ""number_of_plugs_raw"": 6, ""number_of_plugs_semantics"": ""OSM charge_points_count; values above 100 are withheld as suspicious"", ""opening_hours"": """", ""operator"": ""Tesla"", ""osm_last_updated"": ""2025-05-05"", ""plug_types"": ""CCS"", ""power_kw_max"": null, ""power_kw_min"": null, ""power_kw_values"": [], ""station_name"": ""Tesla Supercharger""}",1,1,,accepted,coordinate_500m,108.48949105643264,0.0,12024063277,,"{""access_condition"": ""Free Access"", ""charger_capacities"": null, ""connector_types_normalized"": ""CCS"", ""data_provider"": ""OpenStreetMap"", ""latitude"": -34.2921105335801, ""longitude"": 146.051867727648, ""number_of_plugs"": 6, ""number_of_plugs_quality"": ""valid"", ""number_of_plugs_raw"": 6, ""number_of_plugs_semantics"": ""OSM charge_points_count; values above 100 are withheld as suspicious"", ""opening_hours"": """", ""operator"": ""Tesla"", ""osm_last_updated"": ""2025-05-05"", ""plug_types"": ""CCS"", ""power_kw_max"": null, ""power_kw_min"": null, ""power_kw_values"": [], ""station_name"": ""Tesla Supercharger""}",1,1,,unmatched,unmatched,,,,,{},0,0,,unmatched,unmatched,,,,,{},0,0,,accepted,accepted
1346,,"2 Coast Hospital Road, Little Bay NSW 2036",Evie Networks,2,DC,75 kW,-33.9808158,151.2498636,Randwick City Council,2036,Kerbside Charging R1,unmatched,unmatched,,,,,{},0,0,,unmatched,unmatched,,,,,{},0,0,,unmatched,unmatched,,,,,{},0,0,,unmatched,unmatched,,,,,{},0,0,,unmatched,unmatched,,,,,{},0,0,,unmatched,unmatched
1358,,2 Moonee Beach Road Moonee Beach NSW 2450,Tesla,15,DC,175 kW,-30.204973,153.1501028,Coffs Harbour City Council,2450,Fast Charging R1,accepted,coordinate_and_fuzzy_address,68.13567661017414,1.0,311704,"2 Moonee Beach Rd, Moonee Beach, New South Wales, 2450","{""charger_capacities"": ""250 kW"", ""connector_types_normalized"": ""CCS"", ""data_provider"": ""Open Charge Map"", ""general_comments"": """", ""is_operational"": true, ""last_verified"": ""2025-04-28T11:06:00Z"", ""latitude"": -30.204419650385248, ""longitude"": 153.14979824525767, ""number_of_plugs"": 15.0, ""number_of_plugs_quality"": ""reported_or_derived_from_connection_quantity"", ""number_of_plugs_semantics"": ""OCM NumberOfPoints or positive connection Quantity"", ""operational_status"": ""operational"", ""operator"": ""Tesla (including non-tesla)"", ""plug_types"": ""CCS (Type 2)"", ""power_kw_max"": 250.0, ""power_kw_min"": 250.0, ""power_kw_values"": [250.0], ""station_address"": ""2 Moonee Beach Rd, Moonee Beach, New South Wales, 2450"", ""station_name"": ""Moonee Beach"", ""status"": ""Operational"", ""usage_cost"": ""$0.56/kWh""}",1,1,,accepted,coordinate_500m,69.23227097088233,0.0,12437997269,,"{""access_condition"": ""Free Access"", ""charger_capacities"": null, ""connector_types_normalized"": ""CCS"", ""data_provider"": ""OpenStreetMap"", ""latitude"": -30.2044092417711, ""longitude"": 153.149797026335, ""number_of_plugs"": 15, ""number_of_plugs_quality"": ""valid"", ""number_of_plugs_raw"": 15, ""number_of_plugs_semantics"": ""OSM charge_points_count; values above 100 are withheld as suspicious"", ""opening_hours"": ""24/7"", ""operator"": ""Tesla"", ""osm_last_updated"": ""2026-03-29"", ""plug_types"": ""CCS"", ""power_kw_max"": null, ""power_kw_min"": null, ""power_kw_values"": [], ""station_name"": ""Tesla Supercharger""}",1,1,,accepted,coordinate_500m,69.23227097088233,0.0,12437997269,,"{""access_condition"": ""Free Access"", ""charger_capacities"": null, ""connector_types_normalized"": ""CCS"", ""data_provider"": ""OpenStreetMap"", ""latitude"": -30.2044092417711, ""longitude"": 153.149797026335, ""number_of_plugs"": 15, ""number_of_plugs_quality"": ""valid"", ""number_of_plugs_raw"": 15, ""number_of_plugs_semantics"": ""OSM charge_points_count; values above 100 are withheld as suspicious"", ""opening_hours"": ""24/7"", ""operator"": ""Tesla"", ""osm_last_updated"": ""2026-03-29"", ""plug_types"": ""CCS"", ""power_kw_max"": null, ""power_kw_min"": null, ""power_kw_values"": [], ""station_name"": ""Tesla Supercharger""}",1,1,,unmatched,unmatched,,,,,{},0,0,,unmatched,unmatched,,,,,{},0,0,,accepted,accepted
1388,,"218 Katoomba Street, Katoomba NSW 2780",Zeus Renewables,4,DC,175 kW,-33.7177016,150.3112897,Blue Mountains City Council,2780,Fast Charging R1,unmatched,unmatched,,,,,{},0,0,,unmatched,unmatched,,,,,{},0,0,,unmatched,unmatched,,,,,{},0,0,,unmatched,unmatched,,,,,{},0,0,,unmatched,unmatched,,,,,{},0,0,,unmatched,unmatched
1404,,"234 Miller Street, North Sydney NSW 2060",Evie Networks,4,DC,75 kW,-33.833276,151.2071934,North Sydney Council,2060,Kerbside Charging R1,unmatched,unmatched,,,,,{},0,0,,unmatched,unmatched,,,,,{},0,0,,unmatched,unmatched,,,,,{},0,0,,accepted,coordinate_and_fuzzy_address,469.32670242265016,0.86140350877193,15d06bf5-6b4a-425d-9312-bae4b17cc22b-2142,"155 Miller St, North Sydney, NSW 2060","{""charger_capacities"": 22.0, ""connector_types_normalized"": ""Type2"", ""data_provider"": ""Charge@Large"", ""dc_port_count"": 2, ""latitude"": -33.8374849, ""longitude"": 151.207574, ""number_of_plugs"": 2, ""number_of_plugs_quality"": ""reported_from_dc_port_count"", ""number_of_plugs_semantics"": ""Charge@Large DC-indicated port count"", ""operator"": """", ""plug_types"": ""TYPE2"", ""power_kw_max"": 22.0, ""power_kw_min"": 22.0, ""power_kw_values"": [22.0], ""station_address"": ""155 Miller St, North Sydney, NSW 2060"", ""station_name"": ""Victoria Cross"", ""status_counts"": ""{\""Available\"": 2}"", ""total_port_count"": 2}",4,3,300.2834046986207,unmatched,unmatched,,,,,{},0,0,,accepted,unmatched
1417,,25 Danks Street Waterloo NSW 2017,Tesla,8,DC,175 kW,-33.898174,151.2117721,"Sydney, Council of the City of",2017,Fast Charging R1,unmatched,unmatched,,,,,{},0,0,,accepted,coordinate_500m,175.992231396788,0.0,13167181353,,"{""access_condition"": ""Free Access"", ""charger_capacities"": null, ""connector_types_normalized"": ""CCS"", ""data_provider"": ""OpenStreetMap"", ""latitude"": -33.8977300031447, ""longitude"": 151.213602371325, ""number_of_plugs"": 8, ""number_of_plugs_quality"": ""valid"", ""number_of_plugs_raw"": 8, ""number_of_plugs_semantics"": ""OSM charge_points_count; values above 100 are withheld as suspicious"", ""opening_hours"": ""24/7"", ""operator"": ""Tesla"", ""osm_last_updated"": ""2026-03-29"", ""plug_types"": ""CCS"", ""power_kw_max"": null, ""power_kw_min"": null, ""power_kw_values"": [], ""station_name"": ""Waterloo Supercharger""}",1,1,,accepted,coordinate_500m,175.992231396788,0.0,13167181353,,"{""access_condition"": ""Free Access"", ""charger_capacities"": null, ""connector_types_normalized"": ""CCS"", ""data_provider"": ""OpenStreetMap"", ""latitude"": -33.8977300031447, ""longitude"": 151.213602371325, ""number_of_plugs"": 8, ""number_of_plugs_quality"": ""valid"", ""number_of_plugs_raw"": 8, ""number_of_plugs_semantics"": ""OSM charge_points_count; values above 100 are withheld as suspicious"", ""opening_hours"": ""24/7"", ""operator"": ""Tesla"", ""osm_last_updated"": ""2026-03-29"", ""plug_types"": ""CCS"", ""power_kw_max"": null, ""power_kw_min"": null, ""power_kw_values"": [], ""station_name"": ""Waterloo Supercharger""}",1,1,,accepted,coordinate_and_fuzzy_address,317.07791718111616,0.8600000000000001,e01de15b-1ce6-4c05-8f89-81b463696ce1-05499c79-aa94-4945-b4be-302838998794,"30 Danks St, Waterloo, NSW 2017","{""charger_capacities"": 22.17, ""connector_types_normalized"": ""Type2"", ""data_provider"": ""Charge@Large"", ""dc_port_count"": 1, ""latitude"": -33.898145, ""longitude"": 151.2152074, ""number_of_plugs"": 1, ""number_of_plugs_quality"": ""reported_from_dc_port_count"", ""number_of_plugs_semantics"": ""Charge@Large DC-indicated port count"", ""operator"": """", ""plug_types"": ""TYPE2"", ""power_kw_max"": 22.17, ""power_kw_min"": 22.17, ""power_kw_values"": [22.17], ""station_address"": ""30 Danks St, Waterloo, NSW 2017"", ""station_name"": ""Meriton Suites Dank St Waterloo"", ""status_counts"": ""{\""Available\"": 1}"", ""total_port_count"": 1}",2,2,42.13813343889399,unmatched,unmatched,,,,,{},0,0,,accepted,accepted
1431,,"260 Victoria Avenue, Chatswood NSW 2067",Tesla,8,DC,175 kW,-33.7949453,151.188291,Willoughby City Council,2067,Fast Charging R1,accepted,coordinate_and_fuzzy_address,172.08314753559858,0.8806451612903227,266872,"345 Victoria Avenue, Chatswood, NSW, 2067","{""charger_capacities"": ""120 kW"", ""connector_types_normalized"": ""CCS"", ""data_provider"": ""Open Charge Map"", ""general_comments"": ""While marked as 120kW on both ports this will be split 60/60kW if two cars are plugged in."", ""is_operational"": true, ""last_verified"": ""2023-07-13T08:44:00Z"", ""latitude"": -33.79511781061279, ""longitude"": 151.18644036778977, ""number_of_plugs"": 2.0, ""number_of_plugs_quality"": ""reported_or_derived_from_connection_quantity"", ""number_of_plugs_semantics"": ""OCM NumberOfPoints or positive connection Quantity"", ""operational_status"": ""operational"", ""operator"": ""Chargefox"", ""plug_types"": ""CCS (Type 2)"", ""power_kw_max"": 120.0, ""power_kw_min"": 120.0, ""power_kw_values"": [120.0], ""station_address"": ""345 Victoria Avenue, Chatswood, NSW, 2067"", ""station_name"": ""Chatswood Chase Chargefox"", ""status"": ""Operational"", ""usage_cost"": ""$0.45/kWh""}",1,1,,accepted,coordinate_500m,486.8674059497807,0.0,6753244994,,"{""access_condition"": ""Free Access"", ""charger_capacities"": null, ""connector_types_normalized"": """", ""data_provider"": ""OpenStreetMap"", ""latitude"": -33.796509050774, ""longitude"": 151.183369684768, ""number_of_plugs"": 2, ""number_of_plugs_quality"": ""valid"", ""number_of_plugs_raw"": 2, ""number_of_plugs_semantics"": ""OSM charge_points_count; values above 100 are withheld as suspicious"", ""opening_hours"": """", ""operator"": ""JET Charge"", ""osm_last_updated"": ""2026-06-28"", ""plug_types"": """", ""power_kw_max"": null, ""power_kw_min"": null, ""power_kw_values"": [], ""station_name"": """"}",1,1,,unmatched,unmatched,,,,,{},0,0,,accepted,coordinate_and_fuzzy_address,188.19270240340757,0.86140350877193,15d06bf5-6b4a-425d-9312-bae4b17cc22b-2543,"345 Victoria Ave, Chatswood, NSW 2067","{""charger_capacities"": 180.0, ""connector_types_normalized"": ""CCS;Type2"", ""data_provider"": ""Charge@Large"", ""dc_port_count"": 2, ""latitude"": -33.7940051, ""longitude"": 151.1865976, ""number_of_plugs"": 2, ""number_of_plugs_quality"": ""reported_from_dc_port_count"", ""number_of_plugs_semantics"": ""Charge@Large DC-indicated port count"", ""operator"": """", ""plug_types"": ""CCS2|TYPE2"", ""power_kw_max"": 180.0, ""power_kw_min"": 180.0, ""power_kw_values"": [180.0], ""station_address"": ""345 Victoria Ave, Chatswood, NSW 2067"", ""station_name"": ""Chatswood Chase"", ""status_counts"": ""{\""Available\"": 4}"", ""total_port_count"": 4}",5,5,77.37151851206482,accepted,coordinate_and_fuzzy_address,188.19270240340757,0.86140350877193,15d06bf5-6b4a-425d-9312-bae4b17cc22b-2543,"345 Victoria Ave, Chatswood, NSW 2067","{""charger_capacities"": 180.0, ""connector_types_normalized"": ""CCS;Type2"", ""data_provider"": ""Charge@Large"", ""dc_port_count"": 2, ""latitude"": -33.7940051, ""longitude"": 151.1865976, ""number_of_plugs"": 2, ""number_of_plugs_quality"": ""reported_from_dc_port_count"", ""number_of_plugs_semantics"": ""Charge@Large DC-indicated port count"", ""operator"": """", ""plug_types"": ""CCS2|TYPE2"", ""power_kw_max"": 180.0, ""power_kw_min"": 180.0, ""power_kw_values"": [180.0], ""station_address"": ""345 Victoria Ave, Chatswood, NSW 2067"", ""station_name"": ""Chatswood Chase"", ""status_counts"": ""{\""Available\"": 4}"", ""total_port_count"": 4}",3,3,77.37151851206482,accepted,accepted
1445,,"2-8 Turramurra Avenue, Turramurra NSW 2074",Evie Networks,4,DC,75 kW,-33.732342,151.1304142,Ku-ring-gai Council,2074,Kerbside Charging R1,unmatched,unmatched,,,,,{},0,0,,unmatched,unmatched,,,,,{},0,0,,unmatched,unmatched,,,,,{},0,0,,accepted,coordinate_500m,285.7597084844761,0.39801886792452834,15d06bf5-6b4a-425d-9312-bae4b17cc22b-1309,"5 Ray St, Turramurra, NSW 2074","{""charger_capacities"": 40.0, ""connector_types_normalized"": ""CCS"", ""data_provider"": ""Charge@Large"", ""dc_port_count"": 2, ""latitude"": -33.7320174, ""longitude"": 151.1273488, ""number_of_plugs"": 2, ""number_of_plugs_quality"": ""reported_from_dc_port_count"", ""number_of_plugs_semantics"": ""Charge@Large DC-indicated port count"", ""operator"": """", ""plug_types"": ""CCS2"", ""power_kw_max"": 40.0, ""power_kw_min"": 40.0, ""power_kw_values"": [40.0], ""station_address"": ""5 Ray St, Turramurra, NSW 2074"", ""station_name"": ""Turramurra Library"", ""status_counts"": ""{\""Available\"": 2}"", ""total_port_count"": 2}",1,1,,accepted,coordinate_500m,285.7597084844761,0.39801886792452834,15d06bf5-6b4a-425d-9312-bae4b17cc22b-1309,"5 Ray St, Turramurra, NSW 2074","{""charger_capacities"": 40.0, ""connector_types_normalized"": ""CCS"", ""data_provider"": ""Charge@Large"", ""dc_port_count"": 2, ""latitude"": -33.7320174, ""longitude"": 151.1273488, ""number_of_plugs"": 2, ""number_of_plugs_quality"": ""reported_from_dc_port_count"", ""number_of_plugs_semantics"": ""Charge@Large DC-indicated port count"", ""operator"": """", ""plug_types"": ""CCS2"", ""power_kw_max"": 40.0, ""power_kw_min"": 40.0, ""power_kw_values"": [40.0], ""station_address"": ""5 Ray St, Turramurra, NSW 2074"", ""station_name"": ""Turramurra Library"", ""status_counts"": ""{\""Available\"": 2}"", ""total_port_count"": 2}",1,1,,accepted,accepted
1452,,"29 Perry Street, Euston NSW 2737",NRMA Electric,4,DC,175 kW,-34.5765963,142.7428195,Balranald Shire Council,2737,Fast Charging R1,unmatched,unmatched,,,,,{},0,0,,unmatched,unmatched,,,,,{},0,0,,unmatched,unmatched,,,,,{},0,0,,unmatched,unmatched,,,,,{},0,0,,unmatched,unmatched,,,,,{},0,0,,unmatched,unmatched
1485,,"31 Moate Street, Georgetown NSW 2298",Chargefox,2,DC,60 kW,-32.90876,151.7296847,Newcastle City Council,2298,Kerbside Charging R1,unmatched,unmatched,,,,,{},0,0,,unmatched,unmatched,,,,,{},0,0,,unmatched,unmatched,,,,,{},0,0,,unmatched,unmatched,,,,,{},0,0,,unmatched,unmatched,,,,,{},0,0,,unmatched,unmatched
1518,,"374 Peel Street, Tamworth NSW 2340",Evie Networks,4,DC,175 kW,-31.0900932,150.9304748,Tamworth Regional Council,2340,Fast Charging R1,accepted,coordinate_500m,37.02747547629164,0.4979166666666667,312659,"Cooper Lane, Tamworth, NSW, 2340","{""charger_capacities"": ""300 kW; 22 kW"", ""connector_types_normalized"": ""CCS;Type2"", ""data_provider"": ""Open Charge Map"", ""general_comments"": """", ""is_operational"": true, ""last_verified"": ""2025-05-20T02:24:00Z"", ""latitude"": -31.090167611011005, ""longitude"": 150.93009578041267, ""number_of_plugs"": 1.0, ""number_of_plugs_quality"": ""reported_or_derived_from_connection_quantity"", ""number_of_plugs_semantics"": ""OCM NumberOfPoints or positive connection Quantity"", ""operational_status"": ""operational"", ""operator"": ""Evie"", ""plug_types"": ""CCS (Type 2); Type 2 (Socket Only)"", ""power_kw_max"": 300.0, ""power_kw_min"": 22.0, ""power_kw_values"": [22.0, 300.0], ""station_address"": ""Cooper Lane, Tamworth, NSW, 2340"", ""station_name"": ""Evie 300kW Charger"", ""status"": ""Operational"", ""usage_cost"": ""63c""}",1,1,,unmatched,unmatched,,,,,{},0,0,,unmatched,unmatched,,,,,{},0,0,,accepted,coordinate_500m,104.6425605905588,0.5111111111111112,393dc550-5791-46d3-a359-20e9e5b406b3-670c57177d3ed025b338c362,"52 Brisbane Street, Tamworth, NSW 2340","{""charger_capacities"": 7.0, ""connector_types_normalized"": ""Type2"", ""data_provider"": ""Charge@Large"", ""dc_port_count"": 4, ""latitude"": -31.0894491, ""longitude"": 150.9296736, ""number_of_plugs"": 4, ""number_of_plugs_quality"": ""reported_from_dc_port_count"", ""number_of_plugs_semantics"": ""Charge@Large DC-indicated port count"", ""operator"": """", ""plug_types"": ""TYPE2"", ""power_kw_max"": 7.0, ""power_kw_min"": 7.0, ""power_kw_values"": [7.0], ""station_address"": ""52 Brisbane Street, Tamworth, NSW 2340"", ""station_name"": ""CH Boutique Hotel Tamworth"", ""status_counts"": ""{\""Available\"": 3, \""OutOfService\"": 1}"", ""total_port_count"": 4}",1,1,,unmatched,unmatched,,,,,{},0,0,,accepted,accepted
1523,,"392 Manns Road, West Gosford NSW 2250",Tesla,12,DC,175 kW,-33.4258966,151.3205356,Central Coast Council,2250,Fast Charging R1,unmatched,unmatched,,,,,{},0,0,,accepted,coordinate_500m,105.96286581023912,0.0,12167451932,,"{""access_condition"": ""Free Access"", ""charger_capacities"": null, ""connector_types_normalized"": ""CCS"", ""data_provider"": ""OpenStreetMap"", ""latitude"": -33.4249948551101, ""longitude"": 151.320166367873, ""number_of_plugs"": 12, ""number_of_plugs_quality"": ""valid"", ""number_of_plugs_raw"": 12, ""number_of_plugs_semantics"": ""OSM charge_points_count; values above 100 are withheld as suspicious"", ""opening_hours"": """", ""operator"": ""Tesla"", ""osm_last_updated"": ""2025-10-07"", ""plug_types"": ""CCS"", ""power_kw_max"": null, ""power_kw_min"": null, ""power_kw_values"": [], ""station_name"": ""Tesla Supercharger""}",2,2,92.69224159638975,accepted,coordinate_500m,105.96286581023912,0.0,12167451932,,"{""access_condition"": ""Free Access"", ""charger_capacities"": null, ""connector_types_normalized"": ""CCS"", ""data_provider"": ""OpenStreetMap"", ""latitude"": -33.4249948551101, ""longitude"": 151.320166367873, ""number_of_plugs"": 12, ""number_of_plugs_quality"": ""valid"", ""number_of_plugs_raw"": 12, ""number_of_plugs_semantics"": ""OSM charge_points_count; values above 100 are withheld as suspicious"", ""opening_hours"": """", ""operator"": ""Tesla"", ""osm_last_updated"": ""2025-10-07"", ""plug_types"": ""CCS"", ""power_kw_max"": null, ""power_kw_min"": null, ""power_kw_values"": [], ""station_name"": ""Tesla Supercharger""}",2,2,92.69224159638975,accepted,coordinate_500m,363.57435725029916,0.39628571428571424,15d06bf5-6b4a-425d-9312-bae4b17cc22b-1609,"26 Central Coast Hwy, West Gosford, NSW 2250","{""charger_capacities"": 22.0, ""connector_types_normalized"": ""Type2"", ""data_provider"": ""Charge@Large"", ""dc_port_count"": 4, ""latitude"": -33.4289794, ""longitude"": 151.3218412, ""number_of_plugs"": 4, ""number_of_plugs_quality"": ""reported_from_dc_port_count"", ""number_of_plugs_semantics"": ""Charge@Large DC-indicated port count"", ""operator"": """", ""plug_types"": ""TYPE2"", ""power_kw_max"": 22.0, ""power_kw_min"": 22.0, ""power_kw_values"": [22.0], ""station_address"": ""26 Central Coast Hwy, West Gosford, NSW 2250"", ""station_name"": ""Gosford RSL Club"", ""status_counts"": ""{\""Available\"": 3, \""Charging\"": 1}"", ""total_port_count"": 4}",1,1,,unmatched,unmatched,,,,,{},0,0,,accepted,accepted
1526,,"3A Cowell Street, Gladesville NSW 2111",Evie Networks,2,DC,75 kW,-33.8329216,151.1276887,"Hunters Hill, The Council of the Municipality of",2111,Kerbside Charging R1,unmatched,unmatched,,,,,{},0,0,,accepted,coordinate_500m,30.994900716973856,0.0,13073547942,,"{""access_condition"": ""Free Access"", ""charger_capacities"": null, ""connector_types_normalized"": ""CCS"", ""data_provider"": ""OpenStreetMap"", ""latitude"": -33.8326437706311, ""longitude"": 151.127715859353, ""number_of_plugs"": 2, ""number_of_plugs_quality"": ""valid"", ""number_of_plugs_raw"": 2, ""number_of_plugs_semantics"": ""OSM charge_points_count; values above 100 are withheld as suspicious"", ""opening_hours"": """", ""operator"": ""Evie Networks"", ""osm_last_updated"": ""2025-08-21"", ""plug_types"": ""CCS"", ""power_kw_max"": null, ""power_kw_min"": null, ""power_kw_values"": [], ""station_name"": """"}",1,1,,accepted,coordinate_500m,30.994900716973856,0.0,13073547942,,"{""access_condition"": ""Free Access"", ""charger_capacities"": null, ""connector_types_normalized"": ""CCS"", ""data_provider"": ""OpenStreetMap"", ""latitude"": -33.8326437706311, ""longitude"": 151.127715859353, ""number_of_plugs"": 2, ""number_of_plugs_quality"": ""valid"", ""number_of_plugs_raw"": 2, ""number_of_plugs_semantics"": ""OSM charge_points_count; values above 100 are withheld as suspicious"", ""opening_hours"": """", ""operator"": ""Evie Networks"", ""osm_last_updated"": ""2025-08-21"", ""plug_types"": ""CCS"", ""power_kw_max"": null, ""power_kw_min"": null, ""power_kw_values"": [], ""station_name"": """"}",1,1,,unmatched,unmatched,,,,,{},0,0,,unmatched,unmatched,,,,,{},0,0,,accepted,accepted
1547,,"424 Hoxton Park Road, Prestons NSW 2170",NRMA Electric,4,DC,175 kW,-33.9304674,150.8750193,Liverpool City Council,2170,Fast Charging R1,unmatched,unmatched,,,,,{},0,0,,accepted,coordinate_500m,60.33294372753167,0.0,12434721630,,"{""access_condition"": ""Free Access"", ""charger_capacities"": null, ""connector_types_normalized"": """", ""data_provider"": ""OpenStreetMap"", ""latitude"": -33.9300967222492, ""longitude"": 150.875496849149, ""number_of_plugs"": null, ""number_of_plugs_quality"": ""missing_or_suspicious"", ""number_of_plugs_raw"": null, ""number_of_plugs_semantics"": ""OSM charge_points_count; values above 100 are withheld as suspicious"", ""opening_hours"": """", ""operator"": ""NRMA"", ""osm_last_updated"": ""2024-12-20"", ""plug_types"": """", ""power_kw_max"": null, ""power_kw_min"": null, ""power_kw_values"": [], ""station_name"": """"}",1,1,,unmatched,unmatched,,,,,{},0,0,,accepted,coordinate_and_fuzzy_address,284.4731350331443,0.876271186440678,15d06bf5-6b4a-425d-9312-bae4b17cc22b-214,"402 Hoxton Park Rd, Prestons, NSW 2170","{""charger_capacities"": 40.0, ""connector_types_normalized"": ""CCS"", ""data_provider"": ""Charge@Large"", ""dc_port_count"": 1, ""latitude"": -33.9289188, ""longitude"": 150.8774736, ""number_of_plugs"": 1, ""number_of_plugs_quality"": ""reported_from_dc_port_count"", ""number_of_plugs_semantics"": ""Charge@Large DC-indicated port count"", ""operator"": """", ""plug_types"": ""CCS2"", ""power_kw_max"": 40.0, ""power_kw_min"": 40.0, ""power_kw_values"": [40.0], ""station_address"": ""402 Hoxton Park Rd, Prestons, NSW 2170"", ""station_name"": ""Eagers Automotive - Hoxton Park"", ""status_counts"": ""{\""Missing\"": 1}"", ""total_port_count"": 1}",1,1,,accepted,coordinate_and_fuzzy_address,284.4731350331443,0.876271186440678,15d06bf5-6b4a-425d-9312-bae4b17cc22b-214,"402 Hoxton Park Rd, Prestons, NSW 2170","{""charger_capacities"": 40.0, ""connector_types_normalized"": ""CCS"", ""data_provider"": ""Charge@Large"", ""dc_port_count"": 1, ""latitude"": -33.9289188, ""longitude"": 150.8774736, ""number_of_plugs"": 1, ""number_of_plugs_quality"": ""reported_from_dc_port_count"", ""number_of_plugs_semantics"": ""Charge@Large DC-indicated port count"", ""operator"": """", ""plug_types"": ""CCS2"", ""power_kw_max"": 40.0, ""power_kw_min"": 40.0, ""power_kw_values"": [40.0], ""station_address"": ""402 Hoxton Park Rd, Prestons, NSW 2170"", ""station_name"": ""Eagers Automotive - Hoxton Park"", ""status_counts"": ""{\""Missing\"": 1}"", ""total_port_count"": 1}",1,1,,accepted,accepted
1561,,"46 Wynter Street, Taree NSW 2430",Tesla,12,DC,175 kW,-31.9091185,152.4602815,Mid-Coast Council,2430,Fast Charging R1,accepted,coordinate_and_fuzzy_address,227.0198329803968,0.882608695652174,460625,"37 Wynter Street, Taree, NSW, 2430","{""charger_capacities"": ""250 kW"", ""connector_types_normalized"": ""CCS"", ""data_provider"": ""Open Charge Map"", ""general_comments"": """", ""is_operational"": true, ""last_verified"": ""2026-09-05T11:22:00Z"", ""latitude"": -31.90775175578876, ""longitude"": 152.46206814642426, ""number_of_plugs"": 12.0, ""number_of_plugs_quality"": ""reported_or_derived_from_connection_quantity"", ""number_of_plugs_semantics"": ""OCM NumberOfPoints or positive connection Quantity"", ""operational_status"": ""operational"", ""operator"": ""Tesla (including non-tesla)"", ""plug_types"": ""CCS (Type 2)"", ""power_kw_max"": 250.0, ""power_kw_min"": 250.0, ""power_kw_values"": [250.0], ""station_address"": ""37 Wynter Street, Taree, NSW, 2430"", ""station_name"": ""Tesla Supercharger Taree"", ""status"": ""Operational"", ""usage_cost"": """"}",1,1,,accepted,coordinate_500m,180.52025875529836,0.0,11952634938,,"{""access_condition"": ""Free Access"", ""charger_capacities"": null, ""connector_types_normalized"": ""CCS"", ""data_provider"": ""OpenStreetMap"", ""latitude"": -31.907986637701, ""longitude"": 152.461652498797, ""number_of_plugs"": 12, ""number_of_plugs_quality"": ""valid"", ""number_of_plugs_raw"": 12, ""number_of_plugs_semantics"": ""OSM charge_points_count; values above 100 are withheld as suspicious"", ""opening_hours"": """", ""operator"": ""Tesla"", ""osm_last_updated"": ""2026-06-20"", ""plug_types"": ""CCS"", ""power_kw_max"": null, ""power_kw_min"": null, ""power_kw_values"": [], ""station_name"": ""Tesla Supercharger""}",1,1,,accepted,coordinate_500m,180.52025875529836,0.0,11952634938,,"{""access_condition"": ""Free Access"", ""charger_capacities"": null, ""connector_types_normalized"": ""CCS"", ""data_provider"": ""OpenStreetMap"", ""latitude"": -31.907986637701, ""longitude"": 152.461652498797, ""number_of_plugs"": 12, ""number_of_plugs_quality"": ""valid"", ""number_of_plugs_raw"": 12, ""number_of_plugs_semantics"": ""OSM charge_points_count; values above 100 are withheld as suspicious"", ""opening_hours"": """", ""operator"": ""Tesla"", ""osm_last_updated"": ""2026-06-20"", ""plug_types"": ""CCS"", ""power_kw_max"": null, ""power_kw_min"": null, ""power_kw_values"": [], ""station_name"": ""Tesla Supercharger""}",1,1,,unmatched,unmatched,,,,,{},0,0,,unmatched,unmatched,,,,,{},0,0,,accepted,accepted
1563,,"47-49A Cleary Street, Hamilton NSW 2303",Chargefox,2,DC,60 kW,-32.9212044,151.7479743,Newcastle City Council,2303,Kerbside Charging R1,unmatched,unmatched,,,,,{},0,0,,accepted,coordinate_500m,18.27798765920072,0.0,13258032985,,"{""access_condition"": ""Free Access"", ""charger_capacities"": null, ""connector_types_normalized"": """", ""data_provider"": ""OpenStreetMap"", ""latitude"": -32.9210454158383, ""longitude"": 151.748024051946, ""number_of_plugs"": 60, ""number_of_plugs_quality"": ""valid"", ""number_of_plugs_raw"": 60, ""number_of_plugs_semantics"": ""OSM charge_points_count; values above 100 are withheld as suspicious"", ""opening_hours"": """", ""operator"": ""Chargefox"", ""osm_last_updated"": ""2025-10-26"", ""plug_types"": """", ""power_kw_max"": null, ""power_kw_min"": null, ""power_kw_values"": [], ""station_name"": ""operator""}",1,1,,unmatched,unmatched,,,,,{},0,0,,accepted,coordinate_500m,97.72474558505763,0.6185805422647528,ac6d79e9-3d3d-4a6b-a3b2-99a06fe51e25-114,"59 Lindsay St, Hamilton NSW 2303, Australia, Hamilton, NSW 2303","{""charger_capacities"": 22.0, ""connector_types_normalized"": ""Type2"", ""data_provider"": ""Charge@Large"", ""dc_port_count"": 2, ""latitude"": -32.922059, ""longitude"": 151.74773, ""number_of_plugs"": 2, ""number_of_plugs_quality"": ""reported_from_dc_port_count"", ""number_of_plugs_semantics"": ""Charge@Large DC-indicated port count"", ""operator"": """", ""plug_types"": ""TYPE2"", ""power_kw_max"": 22.0, ""power_kw_min"": 22.0, ""power_kw_values"": [22.0], ""station_address"": ""59 Lindsay St, Hamilton NSW 2303, Australia, Hamilton, NSW 2303"", ""station_name"": ""55 Lindsay Street-Hamilton"", ""status_counts"": ""{\""Available\"": 2}"", ""total_port_count"": 2}",2,2,313.95414218566515,unmatched,unmatched,,,,,{},0,0,,accepted,unmatched
1564,,477 Coolac Road Coolac NSW 2727,Tesla,12,DC,175 kW,-34.9244264,148.1654233,Cootamundra-gundagai Regional Council,2727,Fast Charging R1,accepted,coordinate_and_fuzzy_address,54.350034216739736,1.0,461335,"477 Coolac Road, Coolac, NSW, 2727","{""charger_capacities"": ""300 kW"", ""connector_types_normalized"": ""CCS"", ""data_provider"": ""Open Charge Map"", ""general_comments"": """", ""is_operational"": true, ""last_verified"": ""2025-09-24T02:47:00Z"", ""latitude"": -34.92406429306022, ""longitude"": 148.16582371947493, ""number_of_plugs"": 12.0, ""number_of_plugs_quality"": ""reported_or_derived_from_connection_quantity"", ""number_of_plugs_semantics"": ""OCM NumberOfPoints or positive connection Quantity"", ""operational_status"": ""operational"", ""operator"": ""Tesla (including non-tesla)"", ""plug_types"": ""CCS (Type 2)"", ""power_kw_max"": 300.0, ""power_kw_min"": 300.0, ""power_kw_values"": [300.0], ""station_address"": ""477 Coolac Road, Coolac, NSW, 2727"", ""station_name"": ""Tesla Supercharger Coolac "", ""status"": ""Operational"", ""usage_cost"": """"}",1,1,,accepted,coordinate_500m,73.35595092078687,0.0,13146732524,,"{""access_condition"": ""Free Access"", ""charger_capacities"": null, ""connector_types_normalized"": ""CCS"", ""data_provider"": ""OpenStreetMap"", ""latitude"": -34.9238501333592, ""longitude"": 148.165814972507, ""number_of_plugs"": 12, ""number_of_plugs_quality"": ""valid"", ""number_of_plugs_raw"": 12, ""number_of_plugs_semantics"": ""OSM charge_points_count; values above 100 are withheld as suspicious"", ""opening_hours"": ""24/7"", ""operator"": ""Tesla"", ""osm_last_updated"": ""2026-06-15"", ""plug_types"": ""CCS"", ""power_kw_max"": null, ""power_kw_min"": null, ""power_kw_values"": [], ""station_name"": ""Tesla Supercharger""}",1,1,,accepted,coordinate_500m,73.35595092078687,0.0,13146732524,,"{""access_condition"": ""Free Access"", ""charger_capacities"": null, ""connector_types_normalized"": ""CCS"", ""data_provider"": ""OpenStreetMap"", ""latitude"": -34.9238501333592, ""longitude"": 148.165814972507, ""number_of_plugs"": 12, ""number_of_plugs_quality"": ""valid"", ""number_of_plugs_raw"": 12, ""number_of_plugs_semantics"": ""OSM charge_points_count; values above 100 are withheld as suspicious"", ""opening_hours"": ""24/7"", ""operator"": ""Tesla"", ""osm_last_updated"": ""2026-06-15"", ""plug_types"": ""CCS"", ""power_kw_max"": null, ""power_kw_min"": null, ""power_kw_values"": [], ""station_name"": ""Tesla Supercharger""}",1,1,,unmatched,unmatched,,,,,{},0,0,,unmatched,unmatched,,,,,{},0,0,,accepted,accepted
1567,,"481 Pacific Highway, Wyoming NSW 2250",BP,6,DC,175 kW,-33.4082245,151.3511059,Central Coast Council,2250,Fast Charging R1,accepted,coordinate_and_fuzzy_address,24.1956701259179,0.8846153846153847,508148,"Pacific Highway, Wyoming, New South Wales, 2250","{""charger_capacities"": ""150 kW; 300 kW; 60 kW"", ""connector_types_normalized"": ""CCS;CHAdeMO"", ""data_provider"": ""Open Charge Map"", ""general_comments"": """", ""is_operational"": true, ""last_verified"": ""2026-09-09T01:02:00Z"", ""latitude"": -33.40800720332305, ""longitude"": 151.35111958796483, ""number_of_plugs"": 6.0, ""number_of_plugs_quality"": ""reported_or_derived_from_connection_quantity"", ""number_of_plugs_semantics"": ""OCM NumberOfPoints or positive connection Quantity"", ""operational_status"": ""operational"", ""operator"": ""BP Pulse (AU)"", ""plug_types"": ""CCS (Type 2); CHAdeMO"", ""power_kw_max"": 300.0, ""power_kw_min"": 60.0, ""power_kw_values"": [60.0, 150.0, 300.0], ""station_address"": ""Pacific Highway, Wyoming, New South Wales, 2250"", ""station_name"": ""Pacific Highway"", ""status"": ""Operational"", ""usage_cost"": ""55c/kWh""}",1,1,,unmatched,unmatched,,,,,{},0,0,,unmatched,unmatched,,,,,{},0,0,,accepted,coordinate_and_fuzzy_address,352.33270854239737,0.8647058823529412,32c163d9-84aa-4c71-b092-9aab18f2e771-241000083,"512 Pacific Highway, Wyoming, NSW 2250","{""charger_capacities"": 22.0, ""connector_types_normalized"": ""Type2"", ""data_provider"": ""Charge@Large"", ""dc_port_count"": 2, ""latitude"": -33.40509398, ""longitude"": 151.35051917, ""number_of_plugs"": 2, ""number_of_plugs_quality"": ""reported_from_dc_port_count"", ""number_of_plugs_semantics"": ""Charge@Large DC-indicated port count"", ""operator"": """", ""plug_types"": ""TYPE2"", ""power_kw_max"": 22.0, ""power_kw_min"": 22.0, ""power_kw_values"": [22.0], ""station_address"": ""512 Pacific Highway, Wyoming, NSW 2250"", ""station_name"": ""The Select Inn Gosford"", ""status_counts"": ""{\""Available\"": 2}"", ""total_port_count"": 2}",1,1,,unmatched,unmatched,,,,,{},0,0,,accepted,accepted
1621,,"592 Anzac Parade, Kingsford NSW 2032",Evie Networks,4,DC,75 kW,-33.9260318,151.2312658,Randwick City Council,2032,Kerbside Charging R1,unmatched,unmatched,,,,,{},0,0,,accepted,coordinate_500m,79.00052403396352,0.0,13206176474,,"{""access_condition"": ""Free Access"", ""charger_capacities"": null, ""connector_types_normalized"": ""CCS"", ""data_provider"": ""OpenStreetMap"", ""latitude"": -33.9267328130486, ""longitude"": 151.231405030751, ""number_of_plugs"": 4, ""number_of_plugs_quality"": ""valid"", ""number_of_plugs_raw"": 4, ""number_of_plugs_semantics"": ""OSM charge_points_count; values above 100 are withheld as suspicious"", ""opening_hours"": """", ""operator"": ""Evie Networks"", ""osm_last_updated"": ""2025-10-10"", ""plug_types"": ""CCS"", ""power_kw_max"": null, ""power_kw_min"": null, ""power_kw_values"": [], ""station_name"": """"}",1,1,,accepted,coordinate_500m,79.00052403396352,0.0,13206176474,,"{""access_condition"": ""Free Access"", ""charger_capacities"": null, ""connector_types_normalized"": ""CCS"", ""data_provider"": ""OpenStreetMap"", ""latitude"": -33.9267328130486, ""longitude"": 151.231405030751, ""number_of_plugs"": 4, ""number_of_plugs_quality"": ""valid"", ""number_of_plugs_raw"": 4, ""number_of_plugs_semantics"": ""OSM charge_points_count; values above 100 are withheld as suspicious"", ""opening_hours"": """", ""operator"": ""Evie Networks"", ""osm_last_updated"": ""2025-10-10"", ""plug_types"": ""CCS"", ""power_kw_max"": null, ""power_kw_min"": null, ""power_kw_values"": [], ""station_name"": """"}",1,1,,accepted,coordinate_500m,388.1560863426677,0.4809523809523809,15d06bf5-6b4a-425d-9312-bae4b17cc22b-872,"45-49 Harbourne Rd, Kingsford, NSW 2032","{""charger_capacities"": 22.0, ""connector_types_normalized"": ""Type2"", ""data_provider"": ""Charge@Large"", ""dc_port_count"": 1, ""latitude"": -33.9231777, ""longitude"": 151.2288436, ""number_of_plugs"": 1, ""number_of_plugs_quality"": ""reported_from_dc_port_count"", ""number_of_plugs_semantics"": ""Charge@Large DC-indicated port count"", ""operator"": """", ""plug_types"": ""TYPE2"", ""power_kw_max"": 22.0, ""power_kw_min"": 22.0, ""power_kw_values"": [22.0], ""station_address"": ""45-49 Harbourne Rd, Kingsford, NSW 2032"", ""station_name"": ""Intellihub - Harbourne Road, Kingsford"", ""status_counts"": ""{\""Available\"": 1}"", ""total_port_count"": 1}",2,2,2.9839127637102365,unmatched,unmatched,,,,,{},0,0,,accepted,accepted
1627,,"60-62 Amherst Street, Cammeray NSW 2062",Evie Networks,4,DC,50 kW,-33.8227718,151.2109254,North Sydney Council,2062,Kerbside Charging R1,unmatched,unmatched,,,,,{},0,0,,accepted,coordinate_500m,20.859711937190696,0.0,13428255938,,"{""access_condition"": ""Free Access"", ""charger_capacities"": null, ""connector_types_normalized"": """", ""data_provider"": ""OpenStreetMap"", ""latitude"": -33.8229560507622, ""longitude"": 151.210882946659, ""number_of_plugs"": 4, ""number_of_plugs_quality"": ""valid"", ""number_of_plugs_raw"": 4, ""number_of_plugs_semantics"": ""OSM charge_points_count; values above 100 are withheld as suspicious"", ""opening_hours"": """", ""operator"": ""Evie Networks"", ""osm_last_updated"": ""2026-02-01"", ""plug_types"": """", ""power_kw_max"": null, ""power_kw_min"": null, ""power_kw_values"": [], ""station_name"": """"}",1,1,,unmatched,unmatched,,,,,{},0,0,,unmatched,unmatched,,,,,{},0,0,,unmatched,unmatched,,,,,{},0,0,,accepted,unmatched
1633,,618 Dean Street Albury NSW 2640,Tesla,16,DC,175 kW,-36.0796606,146.9138899,Albury City Council,2640,Fast Charging R1,accepted,coordinate_500m,49.24924778324674,0.6246405228758171,300154,"Stanley Street, Albury, New South Wales, 2640","{""charger_capacities"": ""250 kW"", ""connector_types_normalized"": ""CCS"", ""data_provider"": ""Open Charge Map"", ""general_comments"": """", ""is_operational"": true, ""last_verified"": ""2024-06-25T11:24:00Z"", ""latitude"": -36.07928408317759, ""longitude"": 146.91360130129283, ""number_of_plugs"": 12.0, ""number_of_plugs_quality"": ""reported_or_derived_from_connection_quantity"", ""number_of_plugs_semantics"": ""OCM NumberOfPoints or positive connection Quantity"", ""operational_status"": ""operational"", ""operator"": ""Tesla (including non-tesla)"", ""plug_types"": ""CCS (Type 2)"", ""power_kw_max"": 250.0, ""power_kw_min"": 250.0, ""power_kw_values"": [250.0], ""station_address"": ""Stanley Street, Albury, New South Wales, 2640"", ""station_name"": ""Tesla Supercharger Albury"", ""status"": ""Operational"", ""usage_cost"": ""$0.69/kWh""}",1,1,,accepted,coordinate_500m,51.52727021623118,0.0,11386697708,,"{""access_condition"": ""Free Access"", ""charger_capacities"": null, ""connector_types_normalized"": ""CCS"", ""data_provider"": ""OpenStreetMap"", ""latitude"": -36.0792896184959, ""longitude"": 146.913546316986, ""number_of_plugs"": 16, ""number_of_plugs_quality"": ""valid"", ""number_of_plugs_raw"": 16, ""number_of_plugs_semantics"": ""OSM charge_points_count; values above 100 are withheld as suspicious"", ""opening_hours"": ""24/7"", ""operator"": ""Tesla"", ""osm_last_updated"": ""2026-03-29"", ""plug_types"": ""CCS"", ""power_kw_max"": null, ""power_kw_min"": null, ""power_kw_values"": [], ""station_name"": ""Tesla Supercharger""}",2,2,414.87010161370426,accepted,coordinate_500m,51.52727021623118,0.0,11386697708,,"{""access_condition"": ""Free Access"", ""charger_capacities"": null, ""connector_types_normalized"": ""CCS"", ""data_provider"": ""OpenStreetMap"", ""latitude"": -36.0792896184959, ""longitude"": 146.913546316986, ""number_of_plugs"": 16, ""number_of_plugs_quality"": ""valid"", ""number_of_plugs_raw"": 16, ""number_of_plugs_semantics"": ""OSM charge_points_count; values above 100 are withheld as suspicious"", ""opening_hours"": ""24/7"", ""operator"": ""Tesla"", ""osm_last_updated"": ""2026-03-29"", ""plug_types"": ""CCS"", ""power_kw_max"": null, ""power_kw_min"": null, ""power_kw_values"": [], ""station_name"": ""Tesla Supercharger""}",2,2,414.87010161370426,accepted,coordinate_500m,306.19502169246994,0.6404761904761905,15d06bf5-6b4a-425d-9312-bae4b17cc22b-229,"550 Kiewa St, Albury, NSW 2640","{""charger_capacities"": 22.0, ""connector_types_normalized"": ""Type2"", ""data_provider"": ""Charge@Large"", ""dc_port_count"": 4, ""latitude"": -36.0781605, ""longitude"": 146.9167471, ""number_of_plugs"": 4, ""number_of_plugs_quality"": ""reported_from_dc_port_count"", ""number_of_plugs_semantics"": ""Charge@Large DC-indicated port count"", ""operator"": """", ""plug_types"": ""TYPE2"", ""power_kw_max"": 22.0, ""power_kw_min"": 22.0, ""power_kw_values"": [22.0], ""station_address"": ""550 Kiewa St, Albury, NSW 2640"", ""station_name"": ""Quest Albury"", ""status_counts"": ""{\""Available\"": 3, \""Charging\"": 1}"", ""total_port_count"": 4}",3,2,56.32306020414285,unmatched,unmatched,,,,,{},0,0,,accepted,accepted
1646,,"65 Hume Street, Crows Nest NSW 2065",Evie Networks,4,DC,75 kW,-33.8243185,151.2002301,North Sydney Council,2065,Kerbside Charging R1,accepted,coordinate_500m,455.8647951390425,0.5538011695906433,272632,"88 Christie St, St Leonards, NSW, 2065","{""charger_capacities"": ""50 kW"", ""connector_types_normalized"": ""CCS;CHAdeMO"", ""data_provider"": ""Open Charge Map"", ""general_comments"": """", ""is_operational"": true, ""last_verified"": ""2023-07-15T12:12:00Z"", ""latitude"": -33.823861, ""longitude"": 151.195326, ""number_of_plugs"": 2.0, ""number_of_plugs_quality"": ""reported_or_derived_from_connection_quantity"", ""number_of_plugs_semantics"": ""OCM NumberOfPoints or positive connection Quantity"", ""operational_status"": ""operational"", ""operator"": ""Evie"", ""plug_types"": ""CCS (Type 2); CHAdeMO"", ""power_kw_max"": 50.0, ""power_kw_min"": 50.0, ""power_kw_values"": [50.0], ""station_address"": ""88 Christie St, St Leonards, NSW, 2065"", ""station_name"": ""Civic Plaza 88 Christie"", ""status"": ""Operational"", ""usage_cost"": """"}",1,1,,accepted,coordinate_500m,69.58608944528191,0.0,13059026685,,"{""access_condition"": ""Free Access"", ""charger_capacities"": null, ""connector_types_normalized"": ""CCS"", ""data_provider"": ""OpenStreetMap"", ""latitude"": -33.8245802121401, ""longitude"": 151.199545835884, ""number_of_plugs"": 4, ""number_of_plugs_quality"": ""valid"", ""number_of_plugs_raw"": 4, ""number_of_plugs_semantics"": ""OSM charge_points_count; values above 100 are withheld as suspicious"", ""opening_hours"": """", ""operator"": ""Evie Networks"", ""osm_last_updated"": ""2025-10-10"", ""plug_types"": ""CCS"", ""power_kw_max"": null, ""power_kw_min"": null, ""power_kw_values"": [], ""station_name"": """"}",4,4,288.7685579478915,accepted,coordinate_500m,69.58608944528191,0.0,13059026685,,"{""access_condition"": ""Free Access"", ""charger_capacities"": null, ""connector_types_normalized"": ""CCS"", ""data_provider"": ""OpenStreetMap"", ""latitude"": -33.8245802121401, ""longitude"": 151.199545835884, ""number_of_plugs"": 4, ""number_of_plugs_quality"": ""valid"", ""number_of_plugs_raw"": 4, ""number_of_plugs_semantics"": ""OSM charge_points_count; values above 100 are withheld as suspicious"", ""opening_hours"": """", ""operator"": ""Evie Networks"", ""osm_last_updated"": ""2025-10-10"", ""plug_types"": ""CCS"", ""power_kw_max"": null, ""power_kw_min"": null, ""power_kw_values"": [], ""station_name"": """"}",2,2,288.7685579478915,accepted,coordinate_500m,130.5150949781728,0.6875379939209727,15d06bf5-6b4a-425d-9312-bae4b17cc22b-585,"80 Hume Ln, Crows Nest, NSW 2065","{""charger_capacities"": 22.0, ""connector_types_normalized"": ""Type2"", ""data_provider"": ""Charge@Large"", ""dc_port_count"": 1, ""latitude"": -33.823146, ""longitude"": 151.2002953, ""number_of_plugs"": 1, ""number_of_plugs_quality"": ""reported_from_dc_port_count"", ""number_of_plugs_semantics"": ""Charge@Large DC-indicated port count"", ""operator"": """", ""plug_types"": ""TYPE2"", ""power_kw_max"": 22.0, ""power_kw_min"": 22.0, ""power_kw_values"": [22.0], ""station_address"": ""80 Hume Ln, Crows Nest, NSW 2065"", ""station_name"": ""Rosemont"", ""status_counts"": ""{\""Available\"": 1}"", ""total_port_count"": 1}",8,8,27.34898136136215,accepted,coordinate_500m,467.56782895356633,0.5339869281045752,15d06bf5-6b4a-425d-9312-bae4b17cc22b-1993,"1 Plunkett St, New South Wales, St Leonards, NSW 2065","{""charger_capacities"": 50.0, ""connector_types_normalized"": ""CCS"", ""data_provider"": ""Charge@Large"", ""dc_port_count"": 2, ""latitude"": -33.821558, ""longitude"": 151.196412, ""number_of_plugs"": 2, ""number_of_plugs_quality"": ""reported_from_dc_port_count"", ""number_of_plugs_semantics"": ""Charge@Large DC-indicated port count"", ""operator"": """", ""plug_types"": ""CCS2"", ""power_kw_max"": 50.0, ""power_kw_min"": 50.0, ""power_kw_values"": [50.0], ""station_address"": ""1 Plunkett St, New South Wales, St Leonards, NSW 2065"", ""station_name"": ""Willoughby City Council - Plunkett St"", ""status_counts"": ""{\""Available\"": 2}"", ""total_port_count"": 2}",1,1,,accepted,accepted
1656,,"68 Lead Street, Yass NSW 2582",Tesla,12,DC,175 kW,-34.8436036,148.9142289,Yass Valley Council,2582,Fast Charging R1,accepted,coordinate_and_fuzzy_address,25.08357707553724,0.8837837837837839,296045,"Lead Street, Yass, New South Wales, 2582","{""charger_capacities"": ""250 kW"", ""connector_types_normalized"": ""CCS"", ""data_provider"": ""Open Charge Map"", ""general_comments"": """", ""is_operational"": true, ""last_verified"": ""2024-03-06T09:49:00Z"", ""latitude"": -34.84380365342569, ""longitude"": 148.9141018891671, ""number_of_plugs"": 1.0, ""number_of_plugs_quality"": ""reported_or_derived_from_connection_quantity"", ""number_of_plugs_semantics"": ""OCM NumberOfPoints or positive connection Quantity"", ""operational_status"": ""operational"", ""operator"": ""Tesla (including non-tesla)"", ""plug_types"": ""CCS (Type 2)"", ""power_kw_max"": 250.0, ""power_kw_min"": 250.0, ""power_kw_values"": [250.0], ""station_address"": ""Lead Street, Yass, New South Wales, 2582"", ""station_name"": ""Tesla Superchargers Yass"", ""status"": ""Operational"", ""usage_cost"": ""$0.52/kWh""}",3,3,236.09756833594392,accepted,coordinate_500m,17.10938036201266,0.0,11289934645,,"{""access_condition"": ""Free Access"", ""charger_capacities"": null, ""connector_types_normalized"": ""CCS"", ""data_provider"": ""OpenStreetMap"", ""latitude"": -34.8436719489055, ""longitude"": 148.914060930922, ""number_of_plugs"": 12, ""number_of_plugs_quality"": ""valid"", ""number_of_plugs_raw"": 12, ""number_of_plugs_semantics"": ""OSM charge_points_count; values above 100 are withheld as suspicious"", ""opening_hours"": """", ""operator"": ""Tesla"", ""osm_last_updated"": ""2025-10-02"", ""plug_types"": ""CCS"", ""power_kw_max"": null, ""power_kw_min"": null, ""power_kw_values"": [], ""station_name"": ""Tesla Supercharger""}",5,5,216.22809938352648,accepted,coordinate_500m,17.10938036201266,0.0,11289934645,,"{""access_condition"": ""Free Access"", ""charger_capacities"": null, ""connector_types_normalized"": ""CCS"", ""data_provider"": ""OpenStreetMap"", ""latitude"": -34.8436719489055, ""longitude"": 148.914060930922, ""number_of_plugs"": 12, ""number_of_plugs_quality"": ""valid"", ""number_of_plugs_raw"": 12, ""number_of_plugs_semantics"": ""OSM charge_points_count; values above 100 are withheld as suspicious"", ""opening_hours"": """", ""operator"": ""Tesla"", ""osm_last_updated"": ""2025-10-02"", ""plug_types"": ""CCS"", ""power_kw_max"": null, ""power_kw_min"": null, ""power_kw_values"": [], ""station_name"": ""Tesla Supercharger""}",4,4,220.9590376717562,unmatched,unmatched,,,,,{},0,0,,unmatched,unmatched,,,,,{},0,0,,accepted,accepted
1668,,"7 Northwood Road, Longueville NSW 2066",BP,4,DC,175 kW,-33.8245399,151.172579,Lane Cove Municipal Council,2066,Fast Charging R1,unmatched,unmatched,,,,,{},0,0,,accepted,coordinate_500m,13.902178826947827,0.0,13103099620,,"{""access_condition"": ""Free Access"", ""charger_capacities"": null, ""connector_types_normalized"": ""CCS"", ""data_provider"": ""OpenStreetMap"", ""latitude"": -33.8246315093875, ""longitude"": 151.172681417118, ""number_of_plugs"": null, ""number_of_plugs_quality"": ""missing_or_suspicious"", ""number_of_plugs_raw"": null, ""number_of_plugs_semantics"": ""OSM charge_points_count; values above 100 are withheld as suspicious"", ""opening_hours"": """", ""operator"": ""bp pulse"", ""osm_last_updated"": ""2025-08-28"", ""plug_types"": ""CCS"", ""power_kw_max"": null, ""power_kw_min"": null, ""power_kw_values"": [], ""station_name"": """"}",1,1,,accepted,coordinate_500m,13.902178826947827,0.0,13103099620,,"{""access_condition"": ""Free Access"", ""charger_capacities"": null, ""connector_types_normalized"": ""CCS"", ""data_provider"": ""OpenStreetMap"", ""latitude"": -33.8246315093875, ""longitude"": 151.172681417118, ""number_of_plugs"": null, ""number_of_plugs_quality"": ""missing_or_suspicious"", ""number_of_plugs_raw"": null, ""number_of_plugs_semantics"": ""OSM charge_points_count; values above 100 are withheld as suspicious"", ""opening_hours"": """", ""operator"": ""bp pulse"", ""osm_last_updated"": ""2025-08-28"", ""plug_types"": ""CCS"", ""power_kw_max"": null, ""power_kw_min"": null, ""power_kw_values"": [], ""station_name"": """"}",1,1,,accepted,coordinate_500m,393.8215891481822,0.4405882352941177,32c163d9-84aa-4c71-b092-9aab18f2e771-B24373020166,"180 River Road, Lane Cove, NSW 2066","{""charger_capacities"": 7.4, ""connector_types_normalized"": ""Type2"", ""data_provider"": ""Charge@Large"", ""dc_port_count"": 1, ""latitude"": -33.8249255, ""longitude"": 151.17681697, ""number_of_plugs"": 1, ""number_of_plugs_quality"": ""reported_from_dc_port_count"", ""number_of_plugs_semantics"": ""Charge@Large DC-indicated port count"", ""operator"": """", ""plug_types"": ""TYPE2"", ""power_kw_max"": 7.4, ""power_kw_min"": 7.4, ""power_kw_values"": [7.4], ""station_address"": ""180 River Road, Lane Cove, NSW 2066"", ""station_name"": ""LC 006"", ""status_counts"": ""{\""Available\"": 1}"", ""total_port_count"": 1}",6,6,0.0,unmatched,unmatched,,,,,{},0,0,,accepted,accepted
1677,,72 Lachlan Street Hay NSW 2711,Tesla,6,DC,175 kW,-34.5115082,144.8422816,Hay Shire Council,2711,Fast Charging R1,accepted,coordinate_and_fuzzy_address,319.80884915602167,0.8777777777777779,190670,"134 Lachlan St, Hay, NSW, 2711","{""charger_capacities"": ""50 kW"", ""connector_types_normalized"": ""CCS;CHAdeMO"", ""data_provider"": ""Open Charge Map"", ""general_comments"": """", ""is_operational"": true, ""last_verified"": ""2021-12-17T02:59:00Z"", ""latitude"": -34.50867857950999, ""longitude"": 144.84290661775623, ""number_of_plugs"": 1.0, ""number_of_plugs_quality"": ""reported_or_derived_from_connection_quantity"", ""number_of_plugs_semantics"": ""OCM NumberOfPoints or positive connection Quantity"", ""operational_status"": ""operational"", ""operator"": ""NRMA"", ""plug_types"": ""CCS (Type 2); CHAdeMO"", ""power_kw_max"": 50.0, ""power_kw_min"": 50.0, ""power_kw_values"": [50.0], ""station_address"": ""134 Lachlan St, Hay, NSW, 2711"", ""station_name"": ""Hay [NRMA]"", ""status"": ""Operational"", ""usage_cost"": ""Currently free but will be fee at some point.""}",1,1,,accepted,coordinate_500m,14.056200964183441,0.0,12087095506,,"{""access_condition"": ""Free Access"", ""charger_capacities"": null, ""connector_types_normalized"": ""CCS"", ""data_provider"": ""OpenStreetMap"", ""latitude"": -34.5114833798179, ""longitude"": 144.842432022267, ""number_of_plugs"": 6, ""number_of_plugs_quality"": ""valid"", ""number_of_plugs_raw"": 6, ""number_of_plugs_semantics"": ""OSM charge_points_count; values above 100 are withheld as suspicious"", ""opening_hours"": """", ""operator"": ""Tesla"", ""osm_last_updated"": ""2025-11-30"", ""plug_types"": ""CCS"", ""power_kw_max"": null, ""power_kw_min"": null, ""power_kw_values"": [], ""station_name"": ""Tesla Supercharger""}",2,2,249.26687066317405,accepted,coordinate_500m,14.056200964183441,0.0,12087095506,,"{""access_condition"": ""Free Access"", ""charger_capacities"": null, ""connector_types_normalized"": ""CCS"", ""data_provider"": ""OpenStreetMap"", ""latitude"": -34.5114833798179, ""longitude"": 144.842432022267, ""number_of_plugs"": 6, ""number_of_plugs_quality"": ""valid"", ""number_of_plugs_raw"": 6, ""number_of_plugs_semantics"": ""OSM charge_points_count; values above 100 are withheld as suspicious"", ""opening_hours"": """", ""operator"": ""Tesla"", ""osm_last_updated"": ""2025-11-30"", ""plug_types"": ""CCS"", ""power_kw_max"": null, ""power_kw_min"": null, ""power_kw_values"": [], ""station_name"": ""Tesla Supercharger""}",2,2,249.26687066317405,unmatched,unmatched,,,,,{},0,0,,unmatched,unmatched,,,,,{},0,0,,accepted,accepted
1687,,"76 Glossop Street, North Street Marys NSW 2760",BP,4,DC,175 kW,-33.7601979,150.7816339,Penrith City Council,2760,Fast Charging R1,unmatched,unmatched,,,,,{},0,0,,accepted,coordinate_500m,8.125928477336457,0.0,13346922346,,"{""access_condition"": ""Free Access"", ""charger_capacities"": null, ""connector_types_normalized"": ""CCS;CHAdeMO"", ""data_provider"": ""OpenStreetMap"", ""latitude"": -33.7602342693148, ""longitude"": 150.781710141979, ""number_of_plugs"": 2, ""number_of_plugs_quality"": ""valid"", ""number_of_plugs_raw"": 2, ""number_of_plugs_semantics"": ""OSM charge_points_count; values above 100 are withheld as suspicious"", ""opening_hours"": """", ""operator"": ""bp pulse"", ""osm_last_updated"": ""2025-12-02"", ""plug_types"": ""CCS|CHAdeMO"", ""power_kw_max"": null, ""power_kw_min"": null, ""power_kw_values"": [], ""station_name"": """"}",2,2,3.9863965785807967,accepted,coordinate_500m,8.125928477336457,0.0,13346922346,,"{""access_condition"": ""Free Access"", ""charger_capacities"": null, ""connector_types_normalized"": ""CCS;CHAdeMO"", ""data_provider"": ""OpenStreetMap"", ""latitude"": -33.7602342693148, ""longitude"": 150.781710141979, ""number_of_plugs"": 2, ""number_of_plugs_quality"": ""valid"", ""number_of_plugs_raw"": 2, ""number_of_plugs_semantics"": ""OSM charge_points_count; values above 100 are withheld as suspicious"", ""opening_hours"": """", ""operator"": ""bp pulse"", ""osm_last_updated"": ""2025-12-02"", ""plug_types"": ""CCS|CHAdeMO"", ""power_kw_max"": null, ""power_kw_min"": null, ""power_kw_values"": [], ""station_name"": """"}",2,2,3.9863965785807967,unmatched,unmatched,,,,,{},0,0,,unmatched,unmatched,,,,,{},0,0,,accepted,accepted
1694,,"8 Federation Road, Camperdown NSW 2050",EVE Australia,2,DC,60 kW,-33.8934749,151.178294,Inner West Council,2050,Kerbside Charging R1,unmatched,unmatched,,,,,{},0,0,,unmatched,unmatched,,,,,{},0,0,,unmatched,unmatched,,,,,{},0,0,,accepted,coordinate_and_fuzzy_address,15.46654507599276,0.9481481481481482,15d06bf5-6b4a-425d-9312-bae4b17cc22b-1742,"8 Federation Rd, Newtown, NSW 2050","{""charger_capacities"": 47.0, ""connector_types_normalized"": ""CCS"", ""data_provider"": ""Charge@Large"", ""dc_port_count"": 2, ""latitude"": -33.8936071, ""longitude"": 151.1783461, ""number_of_plugs"": 2, ""number_of_plugs_quality"": ""reported_from_dc_port_count"", ""number_of_plugs_semantics"": ""Charge@Large DC-indicated port count"", ""operator"": """", ""plug_types"": ""CCS2"", ""power_kw_max"": 47.0, ""power_kw_min"": 47.0, ""power_kw_values"": [47.0], ""station_address"": ""8 Federation Rd, Newtown, NSW 2050"", ""station_name"": ""8 Federation Rd, Newtown"", ""status_counts"": ""{\""Available\"": 2}"", ""total_port_count"": 2}",6,6,108.58542220285807,accepted,coordinate_and_fuzzy_address,15.46654507599276,0.9481481481481482,15d06bf5-6b4a-425d-9312-bae4b17cc22b-1742,"8 Federation Rd, Newtown, NSW 2050","{""charger_capacities"": 47.0, ""connector_types_normalized"": ""CCS"", ""data_provider"": ""Charge@Large"", ""dc_port_count"": 2, ""latitude"": -33.8936071, ""longitude"": 151.1783461, ""number_of_plugs"": 2, ""number_of_plugs_quality"": ""reported_from_dc_port_count"", ""number_of_plugs_semantics"": ""Charge@Large DC-indicated port count"", ""operator"": """", ""plug_types"": ""CCS2"", ""power_kw_max"": 47.0, ""power_kw_min"": 47.0, ""power_kw_values"": [47.0], ""station_address"": ""8 Federation Rd, Newtown, NSW 2050"", ""station_name"": ""8 Federation Rd, Newtown"", ""status_counts"": ""{\""Available\"": 2}"", ""total_port_count"": 2}",1,1,,accepted,accepted
1698,,"8 Stanley Street, Bathurst NSW 2795",NRMA Electric,4,DC,175 kW,-33.413357,149.5853256,Bathurst Regional Council,2795,Fast Charging R1,unmatched,unmatched,,,,,{},0,0,,accepted,coordinate_500m,31.73682435750568,0.0,13013484065,,"{""access_condition"": ""Free Access"", ""charger_capacities"": null, ""connector_types_normalized"": ""CCS;CHAdeMO;Type2"", ""data_provider"": ""OpenStreetMap"", ""latitude"": -33.4136362028436, ""longitude"": 149.585396557474, ""number_of_plugs"": 4, ""number_of_plugs_quality"": ""valid"", ""number_of_plugs_raw"": 4, ""number_of_plugs_semantics"": ""OSM charge_points_count; values above 100 are withheld as suspicious"", ""opening_hours"": """", ""operator"": ""NRMA"", ""osm_last_updated"": ""2025-07-20"", ""plug_types"": ""CCS|CHAdeMO|Type2"", ""power_kw_max"": null, ""power_kw_min"": null, ""power_kw_values"": [], ""station_name"": """"}",2,2,166.6951057328384,accepted,coordinate_500m,31.73682435750568,0.0,13013484065,,"{""access_condition"": ""Free Access"", ""charger_capacities"": null, ""connector_types_normalized"": ""CCS;CHAdeMO;Type2"", ""data_provider"": ""OpenStreetMap"", ""latitude"": -33.4136362028436, ""longitude"": 149.585396557474, ""number_of_plugs"": 4, ""number_of_plugs_quality"": ""valid"", ""number_of_plugs_raw"": 4, ""number_of_plugs_semantics"": ""OSM charge_points_count; values above 100 are withheld as suspicious"", ""opening_hours"": """", ""operator"": ""NRMA"", ""osm_last_updated"": ""2025-07-20"", ""plug_types"": ""CCS|CHAdeMO|Type2"", ""power_kw_max"": null, ""power_kw_min"": null, ""power_kw_values"": [], ""station_name"": """"}",2,2,166.6951057328384,unmatched,unmatched,,,,,{},0,0,,unmatched,unmatched,,,,,{},0,0,,accepted,accepted
1701,,"801-899R Bunnerong Road, Chifley NSW 2036",Chargefox,2,DC,50 kW,-33.9729613,151.2365649,Waverley Council,2036,Kerbside Charging R1,accepted,coordinate_and_fuzzy_address,86.90984825108225,0.8714285714285716,272619,"439 Bunnerong Road, Chifley, New South Wales, 2036","{""charger_capacities"": ""25 kW"", ""connector_types_normalized"": ""CCS;CHAdeMO"", ""data_provider"": ""Open Charge Map"", ""general_comments"": """", ""is_operational"": true, ""last_verified"": ""2023-07-15T09:08:00Z"", ""latitude"": -33.97374, ""longitude"": 151.236646, ""number_of_plugs"": 8.0, ""number_of_plugs_quality"": ""reported_or_derived_from_connection_quantity"", ""number_of_plugs_semantics"": ""OCM NumberOfPoints or positive connection Quantity"", ""operational_status"": ""operational"", ""operator"": ""Chargefox"", ""plug_types"": ""CCS (Type 2); CHAdeMO"", ""power_kw_max"": 25.0, ""power_kw_min"": 25.0, ""power_kw_values"": [25.0], ""station_address"": ""439 Bunnerong Road, Chifley, New South Wales, 2036"", ""station_name"": ""The Heffron Centre"", ""status"": ""Operational"", ""usage_cost"": ""Free - $0.42/kWh""}",1,1,,unmatched,unmatched,,,,,{},0,0,,unmatched,unmatched,,,,,{},0,0,,unmatched,unmatched,,,,,{},0,0,,unmatched,unmatched,,,,,{},0,0,,accepted,accepted
1707,,82 Summer Street Orange NSW 2800,Tesla,6,DC,175 kW,-33.2833264,149.0944601,Orange City Council,2800,Fast Charging R1,unmatched,unmatched,,,,,{},0,0,,accepted,coordinate_500m,94.24778506814319,0.0,11749053754,,"{""access_condition"": ""Free Access"", ""charger_capacities"": null, ""connector_types_normalized"": """", ""data_provider"": ""OpenStreetMap"", ""latitude"": -33.2835930705822, ""longitude"": 149.09542251682, ""number_of_plugs"": null, ""number_of_plugs_quality"": ""missing_or_suspicious"", ""number_of_plugs_raw"": null, ""number_of_plugs_semantics"": ""OSM charge_points_count; values above 100 are withheld as suspicious"", ""opening_hours"": """", ""operator"": ""Tesla"", ""osm_last_updated"": ""2025-08-24"", ""plug_types"": """", ""power_kw_max"": null, ""power_kw_min"": null, ""power_kw_values"": [], ""station_name"": ""Tesla Supercharger""}",1,1,,unmatched,unmatched,,,,,{},0,0,,accepted,fuzzy_address_only,1242.312509919763,0.8571428571428572,ac6d79e9-3d3d-4a6b-a3b2-99a06fe51e25-215,"360 Summer St, Orange NSW 2800, Australia, Orange, NSW 2800","{""charger_capacities"": 22.0, ""connector_types_normalized"": ""Type2"", ""data_provider"": ""Charge@Large"", ""dc_port_count"": 2, ""latitude"": -33.284874, ""longitude"": 149.107696, ""number_of_plugs"": 2, ""number_of_plugs_quality"": ""reported_from_dc_port_count"", ""number_of_plugs_semantics"": ""Charge@Large DC-indicated port count"", ""operator"": """", ""plug_types"": ""TYPE2"", ""power_kw_max"": 22.0, ""power_kw_min"": 22.0, ""power_kw_values"": [22.0], ""station_address"": ""360 Summer St, Orange NSW 2800, Australia, Orange, NSW 2800"", ""station_name"": ""360 Summer St-Orange"", ""status_counts"": ""{\""Available\"": 2}"", ""total_port_count"": 2}",1,0,,unmatched,unmatched,,,,,{},0,0,,accepted,unmatched
1709,,"8275 Pacific Highway, New Italy NSW 2472",Tesla,12,DC,175 kW,-30.8015492,152.8689544,Richmond Valley Council,2472,Fast Charging R1,unmatched,unmatched,,,,,{},0,0,,unmatched,unmatched,,,,,{},0,0,,unmatched,unmatched,,,,,{},0,0,,unmatched,unmatched,,,,,{},0,0,,unmatched,unmatched,,,,,{},0,0,,unmatched,unmatched
1717,,"85 South Street, Ulladulla NSW 2539",Evie Networks,4,DC,175 kW,-35.3595567,150.4754013,Shoalhaven City Council,2539,Fast Charging R1,unmatched,unmatched,,,,,{},0,0,,accepted,coordinate_500m,283.15638847846026,0.0,12599800358,,"{""access_condition"": ""Free Access"", ""charger_capacities"": null, ""connector_types_normalized"": ""CCS;CHAdeMO"", ""data_provider"": ""OpenStreetMap"", ""latitude"": -35.357667602045, ""longitude"": 150.47330748626, ""number_of_plugs"": null, ""number_of_plugs_quality"": ""missing_or_suspicious"", ""number_of_plugs_raw"": null, ""number_of_plugs_semantics"": ""OSM charge_points_count; values above 100 are withheld as suspicious"", ""opening_hours"": """", ""operator"": """", ""osm_last_updated"": ""2025-02-19"", ""plug_types"": ""CCS|CHAdeMO"", ""power_kw_max"": null, ""power_kw_min"": null, ""power_kw_values"": [], ""station_name"": """"}",1,1,,accepted,coordinate_500m,283.15638847846026,0.0,12599800358,,"{""access_condition"": ""Free Access"", ""charger_capacities"": null, ""connector_types_normalized"": ""CCS;CHAdeMO"", ""data_provider"": ""OpenStreetMap"", ""latitude"": -35.357667602045, ""longitude"": 150.47330748626, ""number_of_plugs"": null, ""number_of_plugs_quality"": ""missing_or_suspicious"", ""number_of_plugs_raw"": null, ""number_of_plugs_semantics"": ""OSM charge_points_count; values above 100 are withheld as suspicious"", ""opening_hours"": """", ""operator"": """", ""osm_last_updated"": ""2025-02-19"", ""plug_types"": ""CCS|CHAdeMO"", ""power_kw_max"": null, ""power_kw_min"": null, ""power_kw_values"": [], ""station_name"": """"}",1,1,,accepted,coordinate_500m,280.26716811293534,0.36978947368421056,179ada28-f0c6-4431-a1fc-bbb2e5ec26d6-AUCHB25390001,"93 Princes Highway, Ulladulla, NSW 2539","{""charger_capacities"": 25.0, ""connector_types_normalized"": ""CCS;CHAdeMO"", ""data_provider"": ""Charge@Large"", ""dc_port_count"": 4, ""latitude"": -35.35765, ""longitude"": 150.47338, ""number_of_plugs"": 4, ""number_of_plugs_quality"": ""reported_from_dc_port_count"", ""number_of_plugs_semantics"": ""Charge@Large DC-indicated port count"", ""operator"": """", ""plug_types"": ""CCS2|CHADEMO"", ""power_kw_max"": 25.0, ""power_kw_min"": 25.0, ""power_kw_values"": [25.0], ""station_address"": ""93 Princes Highway, Ulladulla, NSW 2539"", ""station_name"": ""Rowans Arcade"", ""status_counts"": ""{\""Available\"": 4}"", ""total_port_count"": 4}",1,1,,accepted,coordinate_500m,280.26716811293534,0.36978947368421056,179ada28-f0c6-4431-a1fc-bbb2e5ec26d6-AUCHB25390001,"93 Princes Highway, Ulladulla, NSW 2539","{""charger_capacities"": 25.0, ""connector_types_normalized"": ""CCS;CHAdeMO"", ""data_provider"": ""Charge@Large"", ""dc_port_count"": 4, ""latitude"": -35.35765, ""longitude"": 150.47338, ""number_of_plugs"": 4, ""number_of_plugs_quality"": ""reported_from_dc_port_count"", ""number_of_plugs_semantics"": ""Charge@Large DC-indicated port count"", ""operator"": """", ""plug_types"": ""CCS2|CHADEMO"", ""power_kw_max"": 25.0, ""power_kw_min"": 25.0, ""power_kw_values"": [25.0], ""station_address"": ""93 Princes Highway, Ulladulla, NSW 2539"", ""station_name"": ""Rowans Arcade"", ""status_counts"": ""{\""Available\"": 4}"", ""total_port_count"": 4}",1,1,,accepted,accepted
1718,,"850 Woodville Road, Villawood 2163 NSW",Evie Networks,4,DC,175 kW,-33.8791212,150.9776442,Canterbury Bankstown Council,2163,Fast Charging R2,unmatched,unmatched,,,,,{},0,0,,accepted,coordinate_500m,61.78568018089509,0.0,13185195202,,"{""access_condition"": ""Free Access"", ""charger_capacities"": null, ""connector_types_normalized"": ""CCS"", ""data_provider"": ""OpenStreetMap"", ""latitude"": -33.8795126071493, ""longitude"": 150.97811925573, ""number_of_plugs"": 4, ""number_of_plugs_quality"": ""valid"", ""number_of_plugs_raw"": 4, ""number_of_plugs_semantics"": ""OSM charge_points_count; values above 100 are withheld as suspicious"", ""opening_hours"": """", ""operator"": ""Evie Networks"", ""osm_last_updated"": ""2025-10-01"", ""plug_types"": ""CCS"", ""power_kw_max"": null, ""power_kw_min"": null, ""power_kw_values"": [], ""station_name"": """"}",1,1,,accepted,coordinate_500m,61.78568018089509,0.0,13185195202,,"{""access_condition"": ""Free Access"", ""charger_capacities"": null, ""connector_types_normalized"": ""CCS"", ""data_provider"": ""OpenStreetMap"", ""latitude"": -33.8795126071493, ""longitude"": 150.97811925573, ""number_of_plugs"": 4, ""number_of_plugs_quality"": ""valid"", ""number_of_plugs_raw"": 4, ""number_of_plugs_semantics"": ""OSM charge_points_count; values above 100 are withheld as suspicious"", ""opening_hours"": """", ""operator"": ""Evie Networks"", ""osm_last_updated"": ""2025-10-01"", ""plug_types"": ""CCS"", ""power_kw_max"": null, ""power_kw_min"": null, ""power_kw_values"": [], ""station_name"": """"}",1,1,,unmatched,unmatched,,,,,{},0,0,,unmatched,unmatched,,,,,{},0,0,,accepted,accepted
1722,,"872 Anzac Parade, Maroubra NSW 2035",Evie Networks,4,DC,75 kW,-33.9406054,151.2395169,Randwick City Council,2035,Kerbside Charging R1,unmatched,unmatched,,,,,{},0,0,,accepted,coordinate_500m,271.39048937920495,0.0,13206154678,,"{""access_condition"": ""Free Access"", ""charger_capacities"": null, ""connector_types_normalized"": ""CCS"", ""data_provider"": ""OpenStreetMap"", ""latitude"": -33.943045840643, ""longitude"": 151.239557521235, ""number_of_plugs"": 2, ""number_of_plugs_quality"": ""valid"", ""number_of_plugs_raw"": 2, ""number_of_plugs_semantics"": ""OSM charge_points_count; values above 100 are withheld as suspicious"", ""opening_hours"": """", ""operator"": ""Evie Networks"", ""osm_last_updated"": ""2025-10-10"", ""plug_types"": ""CCS"", ""power_kw_max"": null, ""power_kw_min"": null, ""power_kw_values"": [], ""station_name"": """"}",3,3,26.551651365879593,accepted,coordinate_500m,271.39048937920495,0.0,13206154678,,"{""access_condition"": ""Free Access"", ""charger_capacities"": null, ""connector_types_normalized"": ""CCS"", ""data_provider"": ""OpenStreetMap"", ""latitude"": -33.943045840643, ""longitude"": 151.239557521235, ""number_of_plugs"": 2, ""number_of_plugs_quality"": ""valid"", ""number_of_plugs_raw"": 2, ""number_of_plugs_semantics"": ""OSM charge_points_count; values above 100 are withheld as suspicious"", ""opening_hours"": """", ""operator"": ""Evie Networks"", ""osm_last_updated"": ""2025-10-10"", ""plug_types"": ""CCS"", ""power_kw_max"": null, ""power_kw_min"": null, ""power_kw_values"": [], ""station_name"": """"}",3,3,26.551651365879593,accepted,coordinate_500m,245.66896561492297,0.30436105476673425,baaffa39-0adb-422e-a7bf-4b391d232b5d-122,"5-17 Robey St, Maroubra, Maroubra, NSW 2035","{""charger_capacities"": 22.0, ""connector_types_normalized"": ""Type2"", ""data_provider"": ""Charge@Large"", ""dc_port_count"": 1, ""latitude"": -33.942371, ""longitude"": 151.237916, ""number_of_plugs"": 1, ""number_of_plugs_quality"": ""reported_from_dc_port_count"", ""number_of_plugs_semantics"": ""Charge@Large DC-indicated port count"", ""operator"": """", ""plug_types"": ""TYPE2"", ""power_kw_max"": 22.0, ""power_kw_min"": 22.0, ""power_kw_values"": [22.0], ""station_address"": ""5-17 Robey St, Maroubra, Maroubra, NSW 2035"", ""station_name"": ""5-17 Robey St Maroubra NSW 2035"", ""status_counts"": ""{\""Available\"": 1}"", ""total_port_count"": 1}",2,2,115.69759252681047,unmatched,unmatched,,,,,{},0,0,,accepted,accepted
1733,,"9 Vickery Avenue, Rose Bay NSW 2029",Evie Networks,4,DC,75 kW,-33.8703543,151.2642569,Woollahra Municipal Council,2029,Kerbside Charging R1,unmatched,unmatched,,,,,{},0,0,,accepted,coordinate_500m,384.91815221200477,0.0,9378951502,,"{""access_condition"": ""Free Access"", ""charger_capacities"": null, ""connector_types_normalized"": ""Type2"", ""data_provider"": ""OpenStreetMap"", ""latitude"": -33.8716950575165, ""longitude"": 151.268100667569, ""number_of_plugs"": 2, ""number_of_plugs_quality"": ""valid"", ""number_of_plugs_raw"": 2, ""number_of_plugs_semantics"": ""OSM charge_points_count; values above 100 are withheld as suspicious"", ""opening_hours"": ""24/7"", ""operator"": ""Chargefox"", ""osm_last_updated"": ""2022-01-13"", ""plug_types"": ""Type2"", ""power_kw_max"": null, ""power_kw_min"": null, ""power_kw_values"": [], ""station_name"": """"}",1,1,,unmatched,unmatched,,,,,{},0,0,,unmatched,unmatched,,,,,{},0,0,,unmatched,unmatched,,,,,{},0,0,,accepted,unmatched
1740,,"9-17 Short Street, Parkes NSW 2870",Tesla,4,DC,175 kW,-33.1413775,148.1740685,Parkes Shire Council,2870,Fast Charging R1,accepted,coordinate_500m,459.9052678671736,0.5672222222222223,191956,"Bogan Street, Parkes, New South Wales, 2870","{""charger_capacities"": ""50 kW"", ""connector_types_normalized"": ""CCS;CHAdeMO"", ""data_provider"": ""Open Charge Map"", ""general_comments"": """", ""is_operational"": true, ""last_verified"": ""2022-03-10T22:21:00Z"", ""latitude"": -33.13740733634146, ""longitude"": 148.1726837200183, ""number_of_plugs"": 1.0, ""number_of_plugs_quality"": ""reported_or_derived_from_connection_quantity"", ""number_of_plugs_semantics"": ""OCM NumberOfPoints or positive connection Quantity"", ""operational_status"": ""operational"", ""operator"": ""NRMA"", ""plug_types"": ""CCS (Type 2); CHAdeMO"", ""power_kw_max"": 50.0, ""power_kw_min"": 50.0, ""power_kw_values"": [50.0], ""station_address"": ""Bogan Street, Parkes, New South Wales, 2870"", ""station_name"": ""NRMA Parkes"", ""status"": ""Operational"", ""usage_cost"": ""FREE""}",1,1,,accepted,coordinate_500m,71.15499158004238,0.0,12221169446,,"{""access_condition"": ""Free Access"", ""charger_capacities"": null, ""connector_types_normalized"": ""CCS"", ""data_provider"": ""OpenStreetMap"", ""latitude"": -33.1410109464495, ""longitude"": 148.174694928367, ""number_of_plugs"": 4, ""number_of_plugs_quality"": ""valid"", ""number_of_plugs_raw"": 4, ""number_of_plugs_semantics"": ""OSM charge_points_count; values above 100 are withheld as suspicious"", ""opening_hours"": ""24/7"", ""operator"": ""Tesla"", ""osm_last_updated"": ""2026-03-29"", ""plug_types"": ""CCS"", ""power_kw_max"": null, ""power_kw_min"": null, ""power_kw_values"": [], ""station_name"": ""Parkes Supercharger""}",2,2,376.66434735478185,accepted,coordinate_500m,71.15499158004238,0.0,12221169446,,"{""access_condition"": ""Free Access"", ""charger_capacities"": null, ""connector_types_normalized"": ""CCS"", ""data_provider"": ""OpenStreetMap"", ""latitude"": -33.1410109464495, ""longitude"": 148.174694928367, ""number_of_plugs"": 4, ""number_of_plugs_quality"": ""valid"", ""number_of_plugs_raw"": 4, ""number_of_plugs_semantics"": ""OSM charge_points_count; values above 100 are withheld as suspicious"", ""opening_hours"": ""24/7"", ""operator"": ""Tesla"", ""osm_last_updated"": ""2026-03-29"", ""plug_types"": ""CCS"", ""power_kw_max"": null, ""power_kw_min"": null, ""power_kw_values"": [], ""station_name"": ""Parkes Supercharger""}",2,2,376.66434735478185,accepted,coordinate_500m,313.0621321679389,0.4464432284541724,15d06bf5-6b4a-425d-9312-bae4b17cc22b-1658,"2 Cecile St, Parkes, NSW 2870","{""charger_capacities"": 22.0, ""connector_types_normalized"": ""Type2"", ""data_provider"": ""Charge@Large"", ""dc_port_count"": 4, ""latitude"": -33.1387093, ""longitude"": 148.1729954, ""number_of_plugs"": 4, ""number_of_plugs_quality"": ""reported_from_dc_port_count"", ""number_of_plugs_semantics"": ""Charge@Large DC-indicated port count"", ""operator"": """", ""plug_types"": ""TYPE2"", ""power_kw_max"": 22.0, ""power_kw_min"": 22.0, ""power_kw_values"": [22.0], ""station_address"": ""2 Cecile St, Parkes, NSW 2870"", ""station_name"": ""Parkes Shire Library Carpark"", ""status_counts"": ""{\""Available\"": 4}"", ""total_port_count"": 4}",1,1,,unmatched,unmatched,,,,,{},0,0,,accepted,accepted
1741,,"924 Anzac Parade, Maroubra NSW 2035",Evie Networks,2,DC,75 kW,-33.9427694,151.2401202,Randwick City Council,2035,Kerbside Charging R1,unmatched,unmatched,,,,,{},0,0,,accepted,coordinate_500m,60.32436240780029,0.0,13206154678,,"{""access_condition"": ""Free Access"", ""charger_capacities"": null, ""connector_types_normalized"": ""CCS"", ""data_provider"": ""OpenStreetMap"", ""latitude"": -33.943045840643, ""longitude"": 151.239557521235, ""number_of_plugs"": 2, ""number_of_plugs_quality"": ""valid"", ""number_of_plugs_raw"": 2, ""number_of_plugs_semantics"": ""OSM charge_points_count; values above 100 are withheld as suspicious"", ""opening_hours"": """", ""operator"": ""Evie Networks"", ""osm_last_updated"": ""2025-10-10"", ""plug_types"": ""CCS"", ""power_kw_max"": null, ""power_kw_min"": null, ""power_kw_values"": [], ""station_name"": """"}",2,2,36.46593709305342,accepted,coordinate_500m,60.32436240780029,0.0,13206154678,,"{""access_condition"": ""Free Access"", ""charger_capacities"": null, ""connector_types_normalized"": ""CCS"", ""data_provider"": ""OpenStreetMap"", ""latitude"": -33.943045840643, ""longitude"": 151.239557521235, ""number_of_plugs"": 2, ""number_of_plugs_quality"": ""valid"", ""number_of_plugs_raw"": 2, ""number_of_plugs_semantics"": ""OSM charge_points_count; values above 100 are withheld as suspicious"", ""opening_hours"": """", ""operator"": ""Evie Networks"", ""osm_last_updated"": ""2025-10-10"", ""plug_types"": ""CCS"", ""power_kw_max"": null, ""power_kw_min"": null, ""power_kw_values"": [], ""station_name"": """"}",2,2,36.46593709305342,accepted,coordinate_500m,208.10086497517378,0.2974645030425963,baaffa39-0adb-422e-a7bf-4b391d232b5d-122,"5-17 Robey St, Maroubra, Maroubra, NSW 2035","{""charger_capacities"": 22.0, ""connector_types_normalized"": ""Type2"", ""data_provider"": ""Charge@Large"", ""dc_port_count"": 1, ""latitude"": -33.942371, ""longitude"": 151.237916, ""number_of_plugs"": 1, ""number_of_plugs_quality"": ""reported_from_dc_port_count"", ""number_of_plugs_semantics"": ""Charge@Large DC-indicated port count"", ""operator"": """", ""plug_types"": ""TYPE2"", ""power_kw_max"": 22.0, ""power_kw_min"": 22.0, ""power_kw_values"": [22.0], ""station_address"": ""5-17 Robey St, Maroubra, Maroubra, NSW 2035"", ""station_name"": ""5-17 Robey St Maroubra NSW 2035"", ""status_counts"": ""{\""Available\"": 1}"", ""total_port_count"": 1}",2,2,57.427857904997296,unmatched,unmatched,,,,,{},0,0,,accepted,accepted
1758,,"Brewer Street, Concord NSW 2137",Evie Networks,4,DC,75 kW,-33.8538342,151.1054057,City Of Canada Bay Council,2137,Kerbside Charging R1,unmatched,unmatched,,,,,{},0,0,,accepted,coordinate_500m,149.84664356889374,0.0,13168689959,,"{""access_condition"": ""Free Access"", ""charger_capacities"": null, ""connector_types_normalized"": ""CCS"", ""data_provider"": ""OpenStreetMap"", ""latitude"": -33.8544347072255, ""longitude"": 151.103952996218, ""number_of_plugs"": 2, ""number_of_plugs_quality"": ""valid"", ""number_of_plugs_raw"": 2, ""number_of_plugs_semantics"": ""OSM charge_points_count; values above 100 are withheld as suspicious"", ""opening_hours"": """", ""operator"": ""Evie Networks"", ""osm_last_updated"": ""2025-09-25"", ""plug_types"": ""CCS"", ""power_kw_max"": null, ""power_kw_min"": null, ""power_kw_values"": [], ""station_name"": """"}",1,1,,accepted,coordinate_500m,149.84664356889374,0.0,13168689959,,"{""access_condition"": ""Free Access"", ""charger_capacities"": null, ""connector_types_normalized"": ""CCS"", ""data_provider"": ""OpenStreetMap"", ""latitude"": -33.8544347072255, ""longitude"": 151.103952996218, ""number_of_plugs"": 2, ""number_of_plugs_quality"": ""valid"", ""number_of_plugs_raw"": 2, ""number_of_plugs_semantics"": ""OSM charge_points_count; values above 100 are withheld as suspicious"", ""opening_hours"": """", ""operator"": ""Evie Networks"", ""osm_last_updated"": ""2025-09-25"", ""plug_types"": ""CCS"", ""power_kw_max"": null, ""power_kw_min"": null, ""power_kw_values"": [], ""station_name"": """"}",1,1,,unmatched,unmatched,,,,,{},0,0,,unmatched,unmatched,,,,,{},0,0,,accepted,accepted
1763,,"Cabarita Beach Bowls And Sports Club, Cabarita Beach NSW 2488",NRMA Electric,4,DC,175 kW,-28.332159,153.5641479,Tweed Shire Council,2488,Fast Charging R1,accepted,coordinate_500m,57.55557476064601,0.23095238095238096,295994,"45 Cabarita Road, Bogangar, New South Wales, 2488","{""charger_capacities"": ""300 kW; 87 kW; 22 kW"", ""connector_types_normalized"": ""CCS;CHAdeMO;Type2"", ""data_provider"": ""Open Charge Map"", ""general_comments"": ""2 Fast Charging stations, 1 AC charging post. DC Charger #1 has two CCS2 cables up to 300kw, DC Charger #2 has a CHAdeMO and a CCS2 port with up to 87kw."", ""is_operational"": true, ""last_verified"": ""2024-03-06T17:53:00Z"", ""latitude"": -28.33164512189506, ""longitude"": 153.56421838432203, ""number_of_plugs"": 4.0, ""number_of_plugs_quality"": ""reported_or_derived_from_connection_quantity"", ""number_of_plugs_semantics"": ""OCM NumberOfPoints or positive connection Quantity"", ""operational_status"": ""operational"", ""operator"": ""NRMA"", ""plug_types"": ""CCS (Type 2); CHAdeMO; Type 2 (Socket Only)"", ""power_kw_max"": 300.0, ""power_kw_min"": 22.0, ""power_kw_values"": [22.0, 87.0, 300.0], ""station_address"": ""45 Cabarita Road, Bogangar, New South Wales, 2488"", ""station_name"": ""NRMA Cabarita Beach"", ""status"": ""Operational"", ""usage_cost"": ""$0.60/kWh""}",1,1,,unmatched,unmatched,,,,,{},0,0,,unmatched,unmatched,,,,,{},0,0,,unmatched,unmatched,,,,,{},0,0,,unmatched,unmatched,,,,,{},0,0,,accepted,accepted
1766,,"Cnr Cumberland Highway & Cabramatta Road W, Cabramatta NSW 2166",BP,4,DC,175 kW,-33.8993725,150.9191077,Fairfield City Council,2166,Fast Charging R1,accepted,coordinate_500m,100.01879146864583,0.2961006735200284,191161,"Hungry Jacks, 401 Cabramatta Road, Cabramatta, NSW","{""charger_capacities"": ""50 kW"", ""connector_types_normalized"": ""CCS;CHAdeMO"", ""data_provider"": ""Open Charge Map"", ""general_comments"": """", ""is_operational"": true, ""last_verified"": ""2023-07-15T14:01:00Z"", ""latitude"": -33.89880022738458, ""longitude"": 150.91994378105392, ""number_of_plugs"": 2.0, ""number_of_plugs_quality"": ""reported_or_derived_from_connection_quantity"", ""number_of_plugs_semantics"": ""OCM NumberOfPoints or positive connection Quantity"", ""operational_status"": ""operational"", ""operator"": ""Evie"", ""plug_types"": ""CCS (Type 2); CHAdeMO"", ""power_kw_max"": 50.0, ""power_kw_min"": 50.0, ""power_kw_values"": [50.0], ""station_address"": ""Hungry Jacks, 401 Cabramatta Road, Cabramatta, NSW"", ""station_name"": ""Evie Cabramatta"", ""status"": ""Operational"", ""usage_cost"": ""$0.40/kWh""}",1,1,,accepted,coordinate_500m,93.99110950689177,0.0,9215252226,,"{""access_condition"": ""Free Access"", ""charger_capacities"": null, ""connector_types_normalized"": ""CCS;CHAdeMO"", ""data_provider"": ""OpenStreetMap"", ""latitude"": -33.8988886336204, ""longitude"": 150.919942728917, ""number_of_plugs"": null, ""number_of_plugs_quality"": ""missing_or_suspicious"", ""number_of_plugs_raw"": null, ""number_of_plugs_semantics"": ""OSM charge_points_count; values above 100 are withheld as suspicious"", ""opening_hours"": """", ""operator"": ""Evie Networks"", ""osm_last_updated"": ""2023-04-03"", ""plug_types"": ""CCS|CHAdeMO"", ""power_kw_max"": null, ""power_kw_min"": null, ""power_kw_values"": [], ""station_name"": """"}",1,1,,accepted,coordinate_500m,93.99110950689177,0.0,9215252226,,"{""access_condition"": ""Free Access"", ""charger_capacities"": null, ""connector_types_normalized"": ""CCS;CHAdeMO"", ""data_provider"": ""OpenStreetMap"", ""latitude"": -33.8988886336204, ""longitude"": 150.919942728917, ""number_of_plugs"": null, ""number_of_plugs_quality"": ""missing_or_suspicious"", ""number_of_plugs_raw"": null, ""number_of_plugs_semantics"": ""OSM charge_points_count; values above 100 are withheld as suspicious"", ""opening_hours"": """", ""operator"": ""Evie Networks"", ""osm_last_updated"": ""2023-04-03"", ""plug_types"": ""CCS|CHAdeMO"", ""power_kw_max"": null, ""power_kw_min"": null, ""power_kw_values"": [], ""station_name"": """"}",1,1,,unmatched,unmatched,,,,,{},0,0,,unmatched,unmatched,,,,,{},0,0,,accepted,accepted
1768,,"Coonabarabran Visitor Cntr, Coonabarabran NSW 2357",NRMA Electric,2,DC,50 kW,-31.27879984,149.2792432,Warrumbungle Shire Council,2357,Existing Fast Chargers,accepted,coordinate_500m,12.895057838023856,0.0927536231884058,191959,"Newell Highway, Coonabarabran, New South Wales","{""charger_capacities"": ""50 kW"", ""connector_types_normalized"": ""CCS;CHAdeMO"", ""data_provider"": ""Open Charge Map"", ""general_comments"": """", ""is_operational"": true, ""last_verified"": ""2022-03-10T22:20:00Z"", ""latitude"": -31.27869905611398, ""longitude"": 149.27917607446443, ""number_of_plugs"": 1.0, ""number_of_plugs_quality"": ""reported_or_derived_from_connection_quantity"", ""number_of_plugs_semantics"": ""OCM NumberOfPoints or positive connection Quantity"", ""operational_status"": ""operational"", ""operator"": ""NRMA"", ""plug_types"": ""CCS (Type 2); CHAdeMO"", ""power_kw_max"": 50.0, ""power_kw_min"": 50.0, ""power_kw_values"": [50.0], ""station_address"": ""Newell Highway, Coonabarabran, New South Wales"", ""station_name"": ""NRMA Coonabarabran"", ""status"": ""Operational"", ""usage_cost"": ""FREE""}",1,1,,accepted,coordinate_500m,8.423337180649204,0.0,7384135909,,"{""access_condition"": ""Free Access"", ""charger_capacities"": null, ""connector_types_normalized"": ""CCS;CHAdeMO"", ""data_provider"": ""OpenStreetMap"", ""latitude"": -31.2787465214483, ""longitude"": 149.279180237379, ""number_of_plugs"": 2, ""number_of_plugs_quality"": ""valid"", ""number_of_plugs_raw"": 2, ""number_of_plugs_semantics"": ""OSM charge_points_count; values above 100 are withheld as suspicious"", ""opening_hours"": """", ""operator"": ""NRMA"", ""osm_last_updated"": ""2026-06-11"", ""plug_types"": ""CCS|CHAdeMO"", ""power_kw_max"": null, ""power_kw_min"": null, ""power_kw_values"": [], ""station_name"": """"}",1,1,,accepted,coordinate_500m,8.423337180649204,0.0,7384135909,,"{""access_condition"": ""Free Access"", ""charger_capacities"": null, ""connector_types_normalized"": ""CCS;CHAdeMO"", ""data_provider"": ""OpenStreetMap"", ""latitude"": -31.2787465214483, ""longitude"": 149.279180237379, ""number_of_plugs"": 2, ""number_of_plugs_quality"": ""valid"", ""number_of_plugs_raw"": 2, ""number_of_plugs_semantics"": ""OSM charge_points_count; values above 100 are withheld as suspicious"", ""opening_hours"": """", ""operator"": ""NRMA"", ""osm_last_updated"": ""2026-06-11"", ""plug_types"": ""CCS|CHAdeMO"", ""power_kw_max"": null, ""power_kw_min"": null, ""power_kw_values"": [], ""station_name"": """"}",1,1,,unmatched,unmatched,,,,,{},0,0,,unmatched,unmatched,,,,,{},0,0,,accepted,accepted
1769,,Corner Sturgeon Street & Glenelg Street Raymond Terrace NSW 2324,Tesla,12,DC,175 kW,-32.7645423,151.7425233,Port Stephens Council,2324,Fast Charging R1,accepted,coordinate_500m,97.2462599895418,0.5943737769080235,297859,"Glenelg Street, Raymond Terrace, New South Wales, 2324","{""charger_capacities"": ""250 kW"", ""connector_types_normalized"": ""CCS"", ""data_provider"": ""Open Charge Map"", ""general_comments"": """", ""is_operational"": true, ""last_verified"": ""2026-03-05T09:39:00Z"", ""latitude"": -32.76374294675019, ""longitude"": 151.742101372786, ""number_of_plugs"": 12.0, ""number_of_plugs_quality"": ""reported_or_derived_from_connection_quantity"", ""number_of_plugs_semantics"": ""OCM NumberOfPoints or positive connection Quantity"", ""operational_status"": ""operational"", ""operator"": ""Tesla (including non-tesla)"", ""plug_types"": ""CCS (Type 2)"", ""power_kw_max"": 250.0, ""power_kw_min"": 250.0, ""power_kw_values"": [250.0], ""station_address"": ""Glenelg Street, Raymond Terrace, New South Wales, 2324"", ""station_name"": ""Terrace Central [Tesla]"", ""status"": ""Operational"", ""usage_cost"": ""$0.68/kWh""}",1,1,,accepted,coordinate_500m,87.86206296117037,0.0,11842613041,,"{""access_condition"": ""Free Access"", ""charger_capacities"": null, ""connector_types_normalized"": """", ""data_provider"": ""OpenStreetMap"", ""latitude"": -32.7638346075539, ""longitude"": 151.742105338658, ""number_of_plugs"": 12, ""number_of_plugs_quality"": ""valid"", ""number_of_plugs_raw"": 12, ""number_of_plugs_semantics"": ""OSM charge_points_count; values above 100 are withheld as suspicious"", ""opening_hours"": """", ""operator"": ""Tesla"", ""osm_last_updated"": ""2025-05-26"", ""plug_types"": """", ""power_kw_max"": null, ""power_kw_min"": null, ""power_kw_values"": [], ""station_name"": ""Tesla Supercharger""}",1,1,,unmatched,unmatched,,,,,{},0,0,,unmatched,unmatched,,,,,{},0,0,,unmatched,unmatched,,,,,{},0,0,,accepted,accepted
1770,,Council Car Park Lot 4 / Dp251076 Between 46 Lowe Street Queanbeyan NSW 2620,NRMA Electric,4,DC,175 kW,-35.3549827,149.2329145,Queanbeyan-Palerang Regional Council,2620,Fast Charging R1,unmatched,unmatched,,,,,{},0,0,,unmatched,unmatched,,,,,{},0,0,,unmatched,unmatched,,,,,{},0,0,,unmatched,unmatched,,,,,{},0,0,,unmatched,unmatched,,,,,{},0,0,,unmatched,unmatched
1778,,"Gasworks Lane, Molong NSW 2866",NRMA Electric,4,DC,175 kW,-33.0912006,148.8706612,Cabonne Council,2866,Fast Charging R1,unmatched,unmatched,,,,,{},0,0,,accepted,coordinate_500m,43.693512595180366,0.0,1550315727,,"{""access_condition"": ""Free Access"", ""charger_capacities"": null, ""connector_types_normalized"": ""CCS;CHAdeMO;Type2"", ""data_provider"": ""OpenStreetMap"", ""latitude"": -33.0908745669759, ""longitude"": 148.870399401023, ""number_of_plugs"": 4, ""number_of_plugs_quality"": ""valid"", ""number_of_plugs_raw"": 4, ""number_of_plugs_semantics"": ""OSM charge_points_count; values above 100 are withheld as suspicious"", ""opening_hours"": ""24/7"", ""operator"": ""NRMA"", ""osm_last_updated"": ""2026-08-17"", ""plug_types"": ""CCS|CHAdeMO|Type2"", ""power_kw_max"": null, ""power_kw_min"": null, ""power_kw_values"": [], ""station_name"": """"}",1,1,,accepted,coordinate_500m,43.693512595180366,0.0,1550315727,,"{""access_condition"": ""Free Access"", ""charger_capacities"": null, ""connector_types_normalized"": ""CCS;CHAdeMO;Type2"", ""data_provider"": ""OpenStreetMap"", ""latitude"": -33.0908745669759, ""longitude"": 148.870399401023, ""number_of_plugs"": 4, ""number_of_plugs_quality"": ""valid"", ""number_of_plugs_raw"": 4, ""number_of_plugs_semantics"": ""OSM charge_points_count; values above 100 are withheld as suspicious"", ""opening_hours"": ""24/7"", ""operator"": ""NRMA"", ""osm_last_updated"": ""2026-08-17"", ""plug_types"": ""CCS|CHAdeMO|Type2"", ""power_kw_max"": null, ""power_kw_min"": null, ""power_kw_values"": [], ""station_name"": """"}",1,1,,unmatched,unmatched,,,,,{},0,0,,unmatched,unmatched,,,,,{},0,0,,accepted,accepted
1782,,"Gouldsbury Street, Mosman NSW 2088",Evie Networks,2,DC,75 kW,-33.8276585,151.2423815,Mosman Municipal Council,2088,Kerbside Charging R1,accepted,coordinate_500m,260.33377803097267,0.17747035573122533,191164,"6 Myahgah Road, Mosman, NSW","{""charger_capacities"": ""50 kW"", ""connector_types_normalized"": ""CHAdeMO;CCS"", ""data_provider"": ""Open Charge Map"", ""general_comments"": """", ""is_operational"": true, ""last_verified"": ""2023-07-16T22:01:00Z"", ""latitude"": -33.82544433087931, ""longitude"": 151.24146564876457, ""number_of_plugs"": 1.0, ""number_of_plugs_quality"": ""reported_or_derived_from_connection_quantity"", ""number_of_plugs_semantics"": ""OCM NumberOfPoints or positive connection Quantity"", ""operational_status"": ""operational"", ""operator"": ""Evie"", ""plug_types"": ""CHAdeMO; CCS (Type 2)"", ""power_kw_max"": 50.0, ""power_kw_min"": 50.0, ""power_kw_values"": [50.0], ""station_address"": ""6 Myahgah Road, Mosman, NSW"", ""station_name"": ""Evie Mosman"", ""status"": ""Operational"", ""usage_cost"": ""$0.40/kWh""}",2,2,153.1672575597949,accepted,coordinate_500m,249.21686059816668,0.0,8241597113,,"{""access_condition"": ""Free Access"", ""charger_capacities"": null, ""connector_types_normalized"": """", ""data_provider"": ""OpenStreetMap"", ""latitude"": -33.8255622359159, ""longitude"": 151.241426853281, ""number_of_plugs"": 2, ""number_of_plugs_quality"": ""valid"", ""number_of_plugs_raw"": 2, ""number_of_plugs_semantics"": ""OSM charge_points_count; values above 100 are withheld as suspicious"", ""opening_hours"": """", ""operator"": ""Evie Networks"", ""osm_last_updated"": ""2025-03-26"", ""plug_types"": """", ""power_kw_max"": null, ""power_kw_min"": null, ""power_kw_values"": [], ""station_name"": """"}",2,2,153.4170038650179,unmatched,unmatched,,,,,{},0,0,,unmatched,unmatched,,,,,{},0,0,,unmatched,unmatched,,,,,{},0,0,,accepted,accepted
1787,,"Hope Street, Blaxland NSW 2774",Tesla,6,DC,175 kW,-33.7452292,150.6101288,Blue Mountains City Council,2774,Fast Charging R1,accepted,coordinate_and_fuzzy_address,12.24012263462227,0.882608695652174,266538,"126 Hope St, Blaxland, NSW, 2774","{""charger_capacities"": ""250 kW"", ""connector_types_normalized"": ""CCS"", ""data_provider"": ""Open Charge Map"", ""general_comments"": """", ""is_operational"": true, ""last_verified"": ""2023-06-08T12:45:00Z"", ""latitude"": -33.74525300296909, ""longitude"": 150.61025805036633, ""number_of_plugs"": 6.0, ""number_of_plugs_quality"": ""reported_or_derived_from_connection_quantity"", ""number_of_plugs_semantics"": ""OCM NumberOfPoints or positive connection Quantity"", ""operational_status"": ""operational"", ""operator"": ""Tesla (Tesla-only charging)"", ""plug_types"": ""CCS (Type 2)"", ""power_kw_max"": 250.0, ""power_kw_min"": 250.0, ""power_kw_values"": [250.0], ""station_address"": ""126 Hope St, Blaxland, NSW, 2774"", ""station_name"": ""Blaxland Supercharger"", ""status"": ""Operational"", ""usage_cost"": ""Supercharger rates""}",1,1,,accepted,coordinate_500m,26.177705695377234,0.0,10861761260,,"{""access_condition"": ""Free Access"", ""charger_capacities"": null, ""connector_types_normalized"": ""CCS"", ""data_provider"": ""OpenStreetMap"", ""latitude"": -33.7452182574175, ""longitude"": 150.610411617574, ""number_of_plugs"": 6, ""number_of_plugs_quality"": ""valid"", ""number_of_plugs_raw"": 6, ""number_of_plugs_semantics"": ""OSM charge_points_count; values above 100 are withheld as suspicious"", ""opening_hours"": ""24/7"", ""operator"": ""Tesla"", ""osm_last_updated"": ""2026-03-29"", ""plug_types"": ""CCS"", ""power_kw_max"": null, ""power_kw_min"": null, ""power_kw_values"": [], ""station_name"": ""Tesla Supercharger""}",1,1,,accepted,coordinate_500m,26.177705695377234,0.0,10861761260,,"{""access_condition"": ""Free Access"", ""charger_capacities"": null, ""connector_types_normalized"": ""CCS"", ""data_provider"": ""OpenStreetMap"", ""latitude"": -33.7452182574175, ""longitude"": 150.610411617574, ""number_of_plugs"": 6, ""number_of_plugs_quality"": ""valid"", ""number_of_plugs_raw"": 6, ""number_of_plugs_semantics"": ""OSM charge_points_count; values above 100 are withheld as suspicious"", ""opening_hours"": ""24/7"", ""operator"": ""Tesla"", ""osm_last_updated"": ""2026-03-29"", ""plug_types"": ""CCS"", ""power_kw_max"": null, ""power_kw_min"": null, ""power_kw_values"": [], ""station_name"": ""Tesla Supercharger""}",1,1,,unmatched,unmatched,,,,,{},0,0,,unmatched,unmatched,,,,,{},0,0,,accepted,accepted
1788,,"Jessie Street, Armidale NSW 2350",Tesla,4,DC,175 kW,-30.5132305,151.6633637,Armidale Regional Council,2350,Fast Charging R1,accepted,coordinate_500m,39.66744782778192,0.7100000000000001,460615,"117 Jessie Street, Armidale, NSW","{""charger_capacities"": ""250 kW"", ""connector_types_normalized"": ""CCS"", ""data_provider"": ""Open Charge Map"", ""general_comments"": """", ""is_operational"": true, ""last_verified"": ""2025-09-01T05:09:00Z"", ""latitude"": -30.51342702073365, ""longitude"": 151.66370928733022, ""number_of_plugs"": 4.0, ""number_of_plugs_quality"": ""reported_or_derived_from_connection_quantity"", ""number_of_plugs_semantics"": ""OCM NumberOfPoints or positive connection Quantity"", ""operational_status"": ""operational"", ""operator"": ""Tesla (including non-tesla)"", ""plug_types"": ""CCS (Type 2)"", ""power_kw_max"": 250.0, ""power_kw_min"": 250.0, ""power_kw_values"": [250.0], ""station_address"": ""117 Jessie Street, Armidale, NSW"", ""station_name"": ""Tesla Supercharger Armidale"", ""status"": ""Operational"", ""usage_cost"": """"}",1,1,,accepted,coordinate_500m,38.0863559023257,0.0,12856495137,,"{""access_condition"": ""Free Access"", ""charger_capacities"": null, ""connector_types_normalized"": ""CCS"", ""data_provider"": ""OpenStreetMap"", ""latitude"": -30.5134175738132, ""longitude"": 151.663696741602, ""number_of_plugs"": 4, ""number_of_plugs_quality"": ""valid"", ""number_of_plugs_raw"": 4, ""number_of_plugs_semantics"": ""OSM charge_points_count; values above 100 are withheld as suspicious"", ""opening_hours"": """", ""operator"": ""Tesla"", ""osm_last_updated"": ""2025-12-05"", ""plug_types"": ""CCS"", ""power_kw_max"": null, ""power_kw_min"": null, ""power_kw_values"": [], ""station_name"": ""Tesla Supercharger""}",1,1,,accepted,coordinate_500m,38.0863559023257,0.0,12856495137,,"{""access_condition"": ""Free Access"", ""charger_capacities"": null, ""connector_types_normalized"": ""CCS"", ""data_provider"": ""OpenStreetMap"", ""latitude"": -30.5134175738132, ""longitude"": 151.663696741602, ""number_of_plugs"": 4, ""number_of_plugs_quality"": ""valid"", ""number_of_plugs_raw"": 4, ""number_of_plugs_semantics"": ""OSM charge_points_count; values above 100 are withheld as suspicious"", ""opening_hours"": """", ""operator"": ""Tesla"", ""osm_last_updated"": ""2025-12-05"", ""plug_types"": ""CCS"", ""power_kw_max"": null, ""power_kw_min"": null, ""power_kw_values"": [], ""station_name"": ""Tesla Supercharger""}",1,1,,accepted,coordinate_500m,260.5494693795439,0.4303508771929825,15d06bf5-6b4a-425d-9312-bae4b17cc22b-2444,"12 Cinders Ln, Armidale, NSW 2350","{""charger_capacities"": 150.0, ""connector_types_normalized"": ""CCS"", ""data_provider"": ""Charge@Large"", ""dc_port_count"": 4, ""latitude"": -30.5141439, ""longitude"": 151.6658684, ""number_of_plugs"": 4, ""number_of_plugs_quality"": ""reported_from_dc_port_count"", ""number_of_plugs_semantics"": ""Charge@Large DC-indicated port count"", ""operator"": """", ""plug_types"": ""CCS2"", ""power_kw_max"": 150.0, ""power_kw_min"": 150.0, ""power_kw_values"": [150.0], ""station_address"": ""12 Cinders Ln, Armidale, NSW 2350"", ""station_name"": ""EV Fast Charger 5 Cinders Ln"", ""status_counts"": ""{\""Available\"": 1, \""OutOfService\"": 3}"", ""total_port_count"": 4}",2,2,133.0137337809109,accepted,coordinate_500m,260.5494693795439,0.4303508771929825,15d06bf5-6b4a-425d-9312-bae4b17cc22b-2444,"12 Cinders Ln, Armidale, NSW 2350","{""charger_capacities"": 150.0, ""connector_types_normalized"": ""CCS"", ""data_provider"": ""Charge@Large"", ""dc_port_count"": 4, ""latitude"": -30.5141439, ""longitude"": 151.6658684, ""number_of_plugs"": 4, ""number_of_plugs_quality"": ""reported_from_dc_port_count"", ""number_of_plugs_semantics"": ""Charge@Large DC-indicated port count"", ""operator"": """", ""plug_types"": ""CCS2"", ""power_kw_max"": 150.0, ""power_kw_min"": 150.0, ""power_kw_values"": [150.0], ""station_address"": ""12 Cinders Ln, Armidale, NSW 2350"", ""station_name"": ""EV Fast Charger 5 Cinders Ln"", ""status_counts"": ""{\""Available\"": 1, \""OutOfService\"": 3}"", ""total_port_count"": 4}",1,1,,accepted,accepted
1795,,"Queens Road, Five Dock NSW 2046",Evie Networks,4,DC,75 kW,-33.8696308,151.1223747,City Of Canada Bay Council,2046,Kerbside Charging R1,unmatched,unmatched,,,,,{},0,0,,accepted,coordinate_500m,363.987304018483,0.0,13586251301,,"{""access_condition"": ""Free Access"", ""charger_capacities"": null, ""connector_types_normalized"": ""CCS"", ""data_provider"": ""OpenStreetMap"", ""latitude"": -33.8686703639373, ""longitude"": 151.118605820251, ""number_of_plugs"": null, ""number_of_plugs_quality"": ""missing_or_suspicious"", ""number_of_plugs_raw"": null, ""number_of_plugs_semantics"": ""OSM charge_points_count; values above 100 are withheld as suspicious"", ""opening_hours"": ""24/7"", ""operator"": ""Evie Networks"", ""osm_last_updated"": ""2026-07-09"", ""plug_types"": ""CCS"", ""power_kw_max"": null, ""power_kw_min"": null, ""power_kw_values"": [], ""station_name"": """"}",1,1,,accepted,coordinate_500m,363.987304018483,0.0,13586251301,,"{""access_condition"": ""Free Access"", ""charger_capacities"": null, ""connector_types_normalized"": ""CCS"", ""data_provider"": ""OpenStreetMap"", ""latitude"": -33.8686703639373, ""longitude"": 151.118605820251, ""number_of_plugs"": null, ""number_of_plugs_quality"": ""missing_or_suspicious"", ""number_of_plugs_raw"": null, ""number_of_plugs_semantics"": ""OSM charge_points_count; values above 100 are withheld as suspicious"", ""opening_hours"": ""24/7"", ""operator"": ""Evie Networks"", ""osm_last_updated"": ""2026-07-09"", ""plug_types"": ""CCS"", ""power_kw_max"": null, ""power_kw_min"": null, ""power_kw_values"": [], ""station_name"": """"}",1,1,,unmatched,unmatched,,,,,{},0,0,,unmatched,unmatched,,,,,{},0,0,,accepted,accepted
1822,,"1 Kendall Avenue, Bathurst NSW 2795",Tesla,12,DC,130 kW,-33.41901006,149.5867568,Bathurst Regional Council,2795,Existing Fast Chargers,accepted,coordinate_500m,15.464999093489684,0.8295918367346939,121552,"1 Kendall Ave, Bathurst","{""charger_capacities"": ""120 kW"", ""connector_types_normalized"": ""CCS"", ""data_provider"": ""Open Charge Map"", ""general_comments"": ""6 Superchargers, available 24/7, up to 120kW - This Supercharger is open to Tesla vehicles and non Tesla vehicles with CCS compatibility."", ""is_operational"": true, ""last_verified"": ""2023-06-06T12:12:00Z"", ""latitude"": -33.41910934956461, ""longitude"": 149.58664011817848, ""number_of_plugs"": 6.0, ""number_of_plugs_quality"": ""reported_or_derived_from_connection_quantity"", ""number_of_plugs_semantics"": ""OCM NumberOfPoints or positive connection Quantity"", ""operational_status"": ""operational"", ""operator"": ""Tesla (including non-tesla)"", ""plug_types"": ""CCS (Type 2)"", ""power_kw_max"": 120.0, ""power_kw_min"": 120.0, ""power_kw_values"": [120.0], ""station_address"": ""1 Kendall Ave, Bathurst"", ""station_name"": ""Bathurst Supercharger"", ""status"": ""Operational"", ""usage_cost"": ""AUD 0.66/kWh;other tariffs for older cars""}",2,2,179.60050760327428,accepted,coordinate_500m,12.123285355904521,0.0,8302152508,,"{""access_condition"": ""Free Access"", ""charger_capacities"": null, ""connector_types_normalized"": """", ""data_provider"": ""OpenStreetMap"", ""latitude"": -33.419049235913, ""longitude"": 149.586634899849, ""number_of_plugs"": 6, ""number_of_plugs_quality"": ""valid"", ""number_of_plugs_raw"": 6, ""number_of_plugs_semantics"": ""OSM charge_points_count; values above 100 are withheld as suspicious"", ""opening_hours"": ""24/7"", ""operator"": ""Tesla"", ""osm_last_updated"": ""2026-03-29"", ""plug_types"": """", ""power_kw_max"": null, ""power_kw_min"": null, ""power_kw_values"": [], ""station_name"": ""Tesla Supercharger""}",3,3,2.5186947253025096,accepted,coordinate_500m,14.64198008120703,0.0,6489744914,,"{""access_condition"": ""Free Access"", ""charger_capacities"": null, ""connector_types_normalized"": ""CCS;CHAdeMO"", ""data_provider"": ""OpenStreetMap"", ""latitude"": -33.4191414368479, ""longitude"": 149.586746127704, ""number_of_plugs"": 1, ""number_of_plugs_quality"": ""valid"", ""number_of_plugs_raw"": 1, ""number_of_plugs_semantics"": ""OSM charge_points_count; values above 100 are withheld as suspicious"", ""opening_hours"": """", ""operator"": ""NRMA"", ""osm_last_updated"": ""2026-03-20"", ""plug_types"": ""CCS|CHAdeMO"", ""power_kw_max"": null, ""power_kw_min"": null, ""power_kw_values"": [], ""station_name"": """"}",1,1,,unmatched,unmatched,,,,,{},0,0,,unmatched,unmatched,,,,,{},0,0,,accepted,accepted
1823,,"1 Kendall Avenue, Bathurst NSW 2795",NRMA Electric,2,DC,50 kW,-33.41910215,149.5867528,Bathurst Regional Council,2795,Existing Fast Chargers,accepted,coordinate_500m,10.488644532410708,0.8295918367346939,121552,"1 Kendall Ave, Bathurst","{""charger_capacities"": ""120 kW"", ""connector_types_normalized"": ""CCS"", ""data_provider"": ""Open Charge Map"", ""general_comments"": ""6 Superchargers, available 24/7, up to 120kW - This Supercharger is open to Tesla vehicles and non Tesla vehicles with CCS compatibility."", ""is_operational"": true, ""last_verified"": ""2023-06-06T12:12:00Z"", ""latitude"": -33.41910934956461, ""longitude"": 149.58664011817848, ""number_of_plugs"": 6.0, ""number_of_plugs_quality"": ""reported_or_derived_from_connection_quantity"", ""number_of_plugs_semantics"": ""OCM NumberOfPoints or positive connection Quantity"", ""operational_status"": ""operational"", ""operator"": ""Tesla (including non-tesla)"", ""plug_types"": ""CCS (Type 2)"", ""power_kw_max"": 120.0, ""power_kw_min"": 120.0, ""power_kw_values"": [120.0], ""station_address"": ""1 Kendall Ave, Bathurst"", ""station_name"": ""Bathurst Supercharger"", ""status"": ""Operational"", ""usage_cost"": ""AUD 0.66/kWh;other tariffs for older cars""}",2,2,186.0901094339702,accepted,coordinate_500m,4.41217150808019,0.0,6489744914,,"{""access_condition"": ""Free Access"", ""charger_capacities"": null, ""connector_types_normalized"": ""CCS;CHAdeMO"", ""data_provider"": ""OpenStreetMap"", ""latitude"": -33.4191414368479, ""longitude"": 149.586746127704, ""number_of_plugs"": 1, ""number_of_plugs_quality"": ""valid"", ""number_of_plugs_raw"": 1, ""number_of_plugs_semantics"": ""OSM charge_points_count; values above 100 are withheld as suspicious"", ""opening_hours"": """", ""operator"": ""NRMA"", ""osm_last_updated"": ""2026-03-20"", ""plug_types"": ""CCS|CHAdeMO"", ""power_kw_max"": null, ""power_kw_min"": null, ""power_kw_values"": [], ""station_name"": """"}",3,3,8.01176714777669,accepted,coordinate_500m,4.41217150808019,0.0,6489744914,,"{""access_condition"": ""Free Access"", ""charger_capacities"": null, ""connector_types_normalized"": ""CCS;CHAdeMO"", ""data_provider"": ""OpenStreetMap"", ""latitude"": -33.4191414368479, ""longitude"": 149.586746127704, ""number_of_plugs"": 1, ""number_of_plugs_quality"": ""valid"", ""number_of_plugs_raw"": 1, ""number_of_plugs_semantics"": ""OSM charge_points_count; values above 100 are withheld as suspicious"", ""opening_hours"": """", ""operator"": ""NRMA"", ""osm_last_updated"": ""2026-03-20"", ""plug_types"": ""CCS|CHAdeMO"", ""power_kw_max"": null, ""power_kw_min"": null, ""power_kw_values"": [], ""station_name"": """"}",1,1,,unmatched,unmatched,,,,,{},0,0,,unmatched,unmatched,,,,,{},0,0,,accepted,accepted
1838,,"1 Tasman Road, Gumly Gumly NSW 2652",BP,6,DC,175 kW,-35.1262128,147.4209242,Wagga Wagga City Council,2652,Fast Charging R1,unmatched,unmatched,,,,,{},0,0,,accepted,coordinate_500m,53.91230406650931,0.0,12884912873,,"{""access_condition"": ""Free Access"", ""charger_capacities"": null, ""connector_types_normalized"": ""CCS"", ""data_provider"": ""OpenStreetMap"", ""latitude"": -35.1257311211404, ""longitude"": 147.420856564154, ""number_of_plugs"": null, ""number_of_plugs_quality"": ""missing_or_suspicious"", ""number_of_plugs_raw"": null, ""number_of_plugs_semantics"": ""OSM charge_points_count; values above 100 are withheld as suspicious"", ""opening_hours"": """", ""operator"": ""bp pulse"", ""osm_last_updated"": ""2026-05-06"", ""plug_types"": ""CCS"", ""power_kw_max"": null, ""power_kw_min"": null, ""power_kw_values"": [], ""station_name"": """"}",1,1,,accepted,coordinate_500m,53.91230406650931,0.0,12884912873,,"{""access_condition"": ""Free Access"", ""charger_capacities"": null, ""connector_types_normalized"": ""CCS"", ""data_provider"": ""OpenStreetMap"", ""latitude"": -35.1257311211404, ""longitude"": 147.420856564154, ""number_of_plugs"": null, ""number_of_plugs_quality"": ""missing_or_suspicious"", ""number_of_plugs_raw"": null, ""number_of_plugs_semantics"": ""OSM charge_points_count; values above 100 are withheld as suspicious"", ""opening_hours"": """", ""operator"": ""bp pulse"", ""osm_last_updated"": ""2026-05-06"", ""plug_types"": ""CCS"", ""power_kw_max"": null, ""power_kw_min"": null, ""power_kw_values"": [], ""station_name"": """"}",1,1,,unmatched,unmatched,,,,,{},0,0,,unmatched,unmatched,,,,,{},0,0,,accepted,accepted
1842,,"1/118 Bourke Road, Alexandria NSW 2015",Tesla,6,DC,175 kW,-33.9132474,151.1935823,"Sydney, Council of the City of",2015,Fast Charging R1,unmatched,unmatched,,,,,{},0,0,,accepted,coordinate_500m,42.02035657282184,0.0,13073638889,,"{""access_condition"": ""Free Access"", ""charger_capacities"": null, ""connector_types_normalized"": ""CCS"", ""data_provider"": ""OpenStreetMap"", ""latitude"": -33.9128695642948, ""longitude"": 151.193590577498, ""number_of_plugs"": 6, ""number_of_plugs_quality"": ""valid"", ""number_of_plugs_raw"": 6, ""number_of_plugs_semantics"": ""OSM charge_points_count; values above 100 are withheld as suspicious"", ""opening_hours"": ""24/7"", ""operator"": ""Tesla"", ""osm_last_updated"": ""2026-03-29"", ""plug_types"": ""CCS"", ""power_kw_max"": null, ""power_kw_min"": null, ""power_kw_values"": [], ""station_name"": ""Alexandria Supercharger""}",1,1,,accepted,coordinate_500m,42.02035657282184,0.0,13073638889,,"{""access_condition"": ""Free Access"", ""charger_capacities"": null, ""connector_types_normalized"": ""CCS"", ""data_provider"": ""OpenStreetMap"", ""latitude"": -33.9128695642948, ""longitude"": 151.193590577498, ""number_of_plugs"": 6, ""number_of_plugs_quality"": ""valid"", ""number_of_plugs_raw"": 6, ""number_of_plugs_semantics"": ""OSM charge_points_count; values above 100 are withheld as suspicious"", ""opening_hours"": ""24/7"", ""operator"": ""Tesla"", ""osm_last_updated"": ""2026-03-29"", ""plug_types"": ""CCS"", ""power_kw_max"": null, ""power_kw_min"": null, ""power_kw_values"": [], ""station_name"": ""Alexandria Supercharger""}",1,1,,accepted,coordinate_and_fuzzy_address,100.51375316196778,0.8521126760563381,ac6d79e9-3d3d-4a6b-a3b2-99a06fe51e25-128,"126 Bourke Rd, Alexandria NSW 2015, Australia, Alexandria, NSW 2015","{""charger_capacities"": 22.0, ""connector_types_normalized"": ""Type2"", ""data_provider"": ""Charge@Large"", ""dc_port_count"": 2, ""latitude"": -33.913631, ""longitude"": 151.192596, ""number_of_plugs"": 2, ""number_of_plugs_quality"": ""reported_from_dc_port_count"", ""number_of_plugs_semantics"": ""Charge@Large DC-indicated port count"", ""operator"": """", ""plug_types"": ""TYPE2"", ""power_kw_max"": 22.0, ""power_kw_min"": 22.0, ""power_kw_values"": [22.0], ""station_address"": ""126 Bourke Rd, Alexandria NSW 2015, Australia, Alexandria, NSW 2015"", ""station_name"": ""126 Bourke Rd-Alexandria"", ""status_counts"": ""{\""Available\"": 1, \""Charging\"": 1}"", ""total_port_count"": 2}",2,2,215.5539227355094,unmatched,unmatched,,,,,{},0,0,,accepted,accepted
1857,,"105-107 Alt Street, Ashfield NSW 2131",EVE Australia,2,DC,25 kW,-33.8803158,151.1299199,Inner West Council,2131,Kerbside Charging R1,unmatched,unmatched,,,,,{},0,0,,accepted,coordinate_500m,169.38835882211637,0.0,13854720801,,"{""access_condition"": ""Free Access"", ""charger_capacities"": null, ""connector_types_normalized"": ""CCS;Type2"", ""data_provider"": ""OpenStreetMap"", ""latitude"": -33.8808278115763, ""longitude"": 151.131648061589, ""number_of_plugs"": null, ""number_of_plugs_quality"": ""missing_or_suspicious"", ""number_of_plugs_raw"": null, ""number_of_plugs_semantics"": ""OSM charge_points_count; values above 100 are withheld as suspicious"", ""opening_hours"": """", ""operator"": ""Chargefox"", ""osm_last_updated"": ""2026-06-12"", ""plug_types"": ""CCS|Type2"", ""power_kw_max"": null, ""power_kw_min"": null, ""power_kw_values"": [], ""station_name"": """"}",1,1,,accepted,coordinate_500m,169.38835882211637,0.0,13854720801,,"{""access_condition"": ""Free Access"", ""charger_capacities"": null, ""connector_types_normalized"": ""CCS;Type2"", ""data_provider"": ""OpenStreetMap"", ""latitude"": -33.8808278115763, ""longitude"": 151.131648061589, ""number_of_plugs"": null, ""number_of_plugs_quality"": ""missing_or_suspicious"", ""number_of_plugs_raw"": null, ""number_of_plugs_semantics"": ""OSM charge_points_count; values above 100 are withheld as suspicious"", ""opening_hours"": """", ""operator"": ""Chargefox"", ""osm_last_updated"": ""2026-06-12"", ""plug_types"": ""CCS|Type2"", ""power_kw_max"": null, ""power_kw_min"": null, ""power_kw_values"": [], ""station_name"": """"}",1,1,,accepted,coordinate_and_fuzzy_address,0.0,0.8617021276595745,15d06bf5-6b4a-425d-9312-bae4b17cc22b-2032,"107 Alt St, Ashfield, NSW 2131","{""charger_capacities"": 22.0, ""connector_types_normalized"": ""Type2"", ""data_provider"": ""Charge@Large"", ""dc_port_count"": 2, ""latitude"": -33.8803158, ""longitude"": 151.1299199, ""number_of_plugs"": 2, ""number_of_plugs_quality"": ""reported_from_dc_port_count"", ""number_of_plugs_semantics"": ""Charge@Large DC-indicated port count"", ""operator"": """", ""plug_types"": ""TYPE2"", ""power_kw_max"": 22.0, ""power_kw_min"": 22.0, ""power_kw_values"": [22.0], ""station_address"": ""107 Alt St, Ashfield, NSW 2131"", ""station_name"": ""107 Alt St, Ashfield"", ""status_counts"": ""{\""Available\"": 2}"", ""total_port_count"": 2}",3,3,316.8803071539012,unmatched,unmatched,,,,,{},0,0,,accepted,accepted
1859,,"106 Parraween Street, Cremorne NSW 2090",Evie Networks,4,DC,75 kW,-33.8272794,151.2301624,North Sydney Council,2090,Kerbside Charging R1,unmatched,unmatched,,,,,{},0,0,,accepted,coordinate_500m,22.760653133710075,0.0,13012980190,,"{""access_condition"": ""Free Access"", ""charger_capacities"": null, ""connector_types_normalized"": """", ""data_provider"": ""OpenStreetMap"", ""latitude"": -33.8273705477066, ""longitude"": 151.230383025297, ""number_of_plugs"": null, ""number_of_plugs_quality"": ""missing_or_suspicious"", ""number_of_plugs_raw"": null, ""number_of_plugs_semantics"": ""OSM charge_points_count; values above 100 are withheld as suspicious"", ""opening_hours"": """", ""operator"": ""Evie Networks"", ""osm_last_updated"": ""2026-04-17"", ""plug_types"": """", ""power_kw_max"": null, ""power_kw_min"": null, ""power_kw_values"": [], ""station_name"": """"}",2,2,1.641351319805672,unmatched,unmatched,,,,,{},0,0,,unmatched,unmatched,,,,,{},0,0,,unmatched,unmatched,,,,,{},0,0,,accepted,unmatched
1884,,117 Tibbereena Street Narrabri NSW 2390,Tesla,4,DC,175 kW,-30.3226373,149.7801888,Narrabri Shire Council,2390,Fast Charging R1,unmatched,unmatched,,,,,{},0,0,,accepted,coordinate_500m,166.74543303606038,0.0,12259891801,,"{""access_condition"": ""Free Access"", ""charger_capacities"": null, ""connector_types_normalized"": ""CCS"", ""data_provider"": ""OpenStreetMap"", ""latitude"": -30.3239348457493, ""longitude"": 149.781059681843, ""number_of_plugs"": 4, ""number_of_plugs_quality"": ""valid"", ""number_of_plugs_raw"": 4, ""number_of_plugs_semantics"": ""OSM charge_points_count; values above 100 are withheld as suspicious"", ""opening_hours"": ""24/7"", ""operator"": ""Tesla"", ""osm_last_updated"": ""2026-03-29"", ""plug_types"": ""CCS"", ""power_kw_max"": null, ""power_kw_min"": null, ""power_kw_values"": [], ""station_name"": ""Tesla Supercharger""}",2,2,273.3326077436119,accepted,coordinate_500m,166.74543303606038,0.0,12259891801,,"{""access_condition"": ""Free Access"", ""charger_capacities"": null, ""connector_types_normalized"": ""CCS"", ""data_provider"": ""OpenStreetMap"", ""latitude"": -30.3239348457493, ""longitude"": 149.781059681843, ""number_of_plugs"": 4, ""number_of_plugs_quality"": ""valid"", ""number_of_plugs_raw"": 4, ""number_of_plugs_semantics"": ""OSM charge_points_count; values above 100 are withheld as suspicious"", ""opening_hours"": ""24/7"", ""operator"": ""Tesla"", ""osm_last_updated"": ""2026-03-29"", ""plug_types"": ""CCS"", ""power_kw_max"": null, ""power_kw_min"": null, ""power_kw_values"": [], ""station_name"": ""Tesla Supercharger""}",2,2,273.3326077436119,accepted,coordinate_500m,170.19476475037612,0.5028030303030303,15d06bf5-6b4a-425d-9312-bae4b17cc22b-1726,"174 Maitland St, Narrabri, NSW 2390","{""charger_capacities"": 22.0, ""connector_types_normalized"": ""Type2"", ""data_provider"": ""Charge@Large"", ""dc_port_count"": 2, ""latitude"": -30.3224988, ""longitude"": 149.7819547, ""number_of_plugs"": 2, ""number_of_plugs_quality"": ""reported_from_dc_port_count"", ""number_of_plugs_semantics"": ""Charge@Large DC-indicated port count"", ""operator"": """", ""plug_types"": ""TYPE2"", ""power_kw_max"": 22.0, ""power_kw_min"": 22.0, ""power_kw_values"": [22.0], ""station_address"": ""174 Maitland St, Narrabri, NSW 2390"", ""station_name"": ""Adelong Motel"", ""status_counts"": ""{\""Available\"": 1, \""OutOfService\"": 1}"", ""total_port_count"": 2}",1,1,,unmatched,unmatched,,,,,{},0,0,,accepted,accepted
1898,,"1215 Anzac Parade, Matraville NSW 2036",Evie Networks,4,DC,75 kW,-33.9626402,151.245869,Randwick City Council,2036,Kerbside Charging R1,unmatched,unmatched,,,,,{},0,0,,unmatched,unmatched,,,,,{},0,0,,unmatched,unmatched,,,,,{},0,0,,unmatched,unmatched,,,,,{},0,0,,unmatched,unmatched,,,,,{},0,0,,unmatched,unmatched
1901,,"1233 Victoria Road, West Ryde NSW 2114",BP,4,DC,175 kW,-33.8067305,151.0708812,"Ryde, Council of the City of",2114,Fast Charging R1,unmatched,unmatched,,,,,{},0,0,,unmatched,unmatched,,,,,{},0,0,,unmatched,unmatched,,,,,{},0,0,,accepted,fuzzy_address_only,2105.1263123907543,0.8642857142857143,15d06bf5-6b4a-425d-9312-bae4b17cc22b-722,"932 Victoria Rd, West Ryde, NSW 2114","{""charger_capacities"": 22.0, ""connector_types_normalized"": ""Type2"", ""data_provider"": ""Charge@Large"", ""dc_port_count"": 1, ""latitude"": -33.8102536, ""longitude"": 151.0932679, ""number_of_plugs"": 1, ""number_of_plugs_quality"": ""reported_from_dc_port_count"", ""number_of_plugs_semantics"": ""Charge@Large DC-indicated port count"", ""operator"": """", ""plug_types"": ""TYPE2"", ""power_kw_max"": 22.0, ""power_kw_min"": 22.0, ""power_kw_values"": [22.0], ""station_address"": ""932 Victoria Rd, West Ryde, NSW 2114"", ""station_name"": ""West Ryde Smash Repairs"", ""status_counts"": ""{\""Available\"": 1}"", ""total_port_count"": 1}",1,0,,unmatched,unmatched,,,,,{},0,0,,accepted,unmatched
1902,,"1234 Princes Highway, Engadine NSW 2233",BP,4,DC,175 kW,-34.0774032,151.0112053,Sutherland Shire Council,2233,Fast Charging R1,unmatched,unmatched,,,,,{},0,0,,accepted,coordinate_500m,27.92023767547981,0.0,12605963234,,"{""access_condition"": ""Free Access"", ""charger_capacities"": null, ""connector_types_normalized"": ""CCS;CHAdeMO"", ""data_provider"": ""OpenStreetMap"", ""latitude"": -34.0771836164236, ""longitude"": 151.011352328347, ""number_of_plugs"": null, ""number_of_plugs_quality"": ""missing_or_suspicious"", ""number_of_plugs_raw"": null, ""number_of_plugs_semantics"": ""OSM charge_points_count; values above 100 are withheld as suspicious"", ""opening_hours"": """", ""operator"": ""bp pulse"", ""osm_last_updated"": ""2026-05-02"", ""plug_types"": ""CCS|CHAdeMO"", ""power_kw_max"": null, ""power_kw_min"": null, ""power_kw_values"": [], ""station_name"": """"}",1,1,,accepted,coordinate_500m,27.92023767547981,0.0,12605963234,,"{""access_condition"": ""Free Access"", ""charger_capacities"": null, ""connector_types_normalized"": ""CCS;CHAdeMO"", ""data_provider"": ""OpenStreetMap"", ""latitude"": -34.0771836164236, ""longitude"": 151.011352328347, ""number_of_plugs"": null, ""number_of_plugs_quality"": ""missing_or_suspicious"", ""number_of_plugs_raw"": null, ""number_of_plugs_semantics"": ""OSM charge_points_count; values above 100 are withheld as suspicious"", ""opening_hours"": """", ""operator"": ""bp pulse"", ""osm_last_updated"": ""2026-05-02"", ""plug_types"": ""CCS|CHAdeMO"", ""power_kw_max"": null, ""power_kw_min"": null, ""power_kw_values"": [], ""station_name"": """"}",1,1,,unmatched,unmatched,,,,,{},0,0,,unmatched,unmatched,,,,,{},0,0,,accepted,accepted
1909,,"13 Southey Street, Jerilderie NSW 2716",BP,6,DC,175 kW,-35.3608978,145.7194667,Murrumbidgee Council,2716,Fast Charging R1,unmatched,unmatched,,,,,{},0,0,,accepted,coordinate_500m,34.47139491117046,0.0,12885318906,,"{""access_condition"": ""Free Access"", ""charger_capacities"": null, ""connector_types_normalized"": ""CCS"", ""data_provider"": ""OpenStreetMap"", ""latitude"": -35.3612063577458, ""longitude"": 145.719429964579, ""number_of_plugs"": 6, ""number_of_plugs_quality"": ""valid"", ""number_of_plugs_raw"": 6, ""number_of_plugs_semantics"": ""OSM charge_points_count; values above 100 are withheld as suspicious"", ""opening_hours"": """", ""operator"": ""BP Pulse"", ""osm_last_updated"": ""2025-06-05"", ""plug_types"": ""CCS"", ""power_kw_max"": null, ""power_kw_min"": null, ""power_kw_values"": [], ""station_name"": """"}",1,1,,accepted,coordinate_500m,34.47139491117046,0.0,12885318906,,"{""access_condition"": ""Free Access"", ""charger_capacities"": null, ""connector_types_normalized"": ""CCS"", ""data_provider"": ""OpenStreetMap"", ""latitude"": -35.3612063577458, ""longitude"": 145.719429964579, ""number_of_plugs"": 6, ""number_of_plugs_quality"": ""valid"", ""number_of_plugs_raw"": 6, ""number_of_plugs_semantics"": ""OSM charge_points_count; values above 100 are withheld as suspicious"", ""opening_hours"": """", ""operator"": ""BP Pulse"", ""osm_last_updated"": ""2025-06-05"", ""plug_types"": ""CCS"", ""power_kw_max"": null, ""power_kw_min"": null, ""power_kw_values"": [], ""station_name"": """"}",1,1,,unmatched,unmatched,,,,,{},0,0,,unmatched,unmatched,,,,,{},0,0,,accepted,accepted
1918,,"144 Bayshore Drive, Byron Bay NSW 2481",Chargefox,2,DC,50 kW,-28.62590795,153.586978,Byron Shire Council,2481,Existing Fast Chargers,unmatched,unmatched,,,,,{},0,0,,unmatched,unmatched,,,,,{},0,0,,unmatched,unmatched,,,,,{},0,0,,accepted,fuzzy_address_only,948.3845187826201,0.862962962962963,15d06bf5-6b4a-425d-9312-bae4b17cc22b-2921,"23 Bayshore Dr, Byron Bay, NSW 2481","{""charger_capacities"": 22.0, ""connector_types_normalized"": ""Type2"", ""data_provider"": ""Charge@Large"", ""dc_port_count"": 2, ""latitude"": -28.6327538, ""longitude"": 153.5811823, ""number_of_plugs"": 2, ""number_of_plugs_quality"": ""reported_from_dc_port_count"", ""number_of_plugs_semantics"": ""Charge@Large DC-indicated port count"", ""operator"": """", ""plug_types"": ""TYPE2"", ""power_kw_max"": 22.0, ""power_kw_min"": 22.0, ""power_kw_values"": [22.0], ""station_address"": ""23 Bayshore Dr, Byron Bay, NSW 2481"", ""station_name"": ""TAFE NSW - Byron"", ""status_counts"": ""{\""Available\"": 2}"", ""total_port_count"": 2}",1,0,,unmatched,unmatched,,,,,{},0,0,,accepted,unmatched
1930,,"154 Beach Road, Batemans Bay NSW 2536",Tesla,6,DC,175 kW,-35.7196933,150.1897432,Eurobodalla Shire Council,2536,Fast Charging R1,accepted,fuzzy_address_only,1787.298421185898,0.8830508474576272,157566,"2A Beach Road, Batemans Bay, NSW, 2536","{""charger_capacities"": ""50 kW"", ""connector_types_normalized"": ""CCS;CHAdeMO"", ""data_provider"": ""Open Charge Map"", ""general_comments"": """", ""is_operational"": true, ""last_verified"": ""2021-12-19T02:29:00Z"", ""latitude"": -35.70850475831435, ""longitude"": 150.175530096314, ""number_of_plugs"": 1.0, ""number_of_plugs_quality"": ""reported_or_derived_from_connection_quantity"", ""number_of_plugs_semantics"": ""OCM NumberOfPoints or positive connection Quantity"", ""operational_status"": ""operational"", ""operator"": ""NRMA"", ""plug_types"": ""CCS (Type 2); CHAdeMO"", ""power_kw_max"": 50.0, ""power_kw_min"": 50.0, ""power_kw_values"": [50.0], ""station_address"": ""2A Beach Road, Batemans Bay, NSW, 2536"", ""station_name"": ""Batemans Bay Visitor Centre [NRMA]"", ""status"": ""Operational"", ""usage_cost"": """"}",1,0,,accepted,coordinate_500m,119.19581732719259,0.0,12854473381,,"{""access_condition"": ""Free Access"", ""charger_capacities"": null, ""connector_types_normalized"": ""CCS"", ""data_provider"": ""OpenStreetMap"", ""latitude"": -35.718659659379, ""longitude"": 150.190093036311, ""number_of_plugs"": 6, ""number_of_plugs_quality"": ""valid"", ""number_of_plugs_raw"": 6, ""number_of_plugs_semantics"": ""OSM charge_points_count; values above 100 are withheld as suspicious"", ""opening_hours"": """", ""operator"": ""Tesla"", ""osm_last_updated"": ""2025-11-01"", ""plug_types"": ""CCS"", ""power_kw_max"": null, ""power_kw_min"": null, ""power_kw_values"": [], ""station_name"": ""Tesla Supercharger""}",1,1,,accepted,coordinate_500m,119.19581732719259,0.0,12854473381,,"{""access_condition"": ""Free Access"", ""charger_capacities"": null, ""connector_types_normalized"": ""CCS"", ""data_provider"": ""OpenStreetMap"", ""latitude"": -35.718659659379, ""longitude"": 150.190093036311, ""number_of_plugs"": 6, ""number_of_plugs_quality"": ""valid"", ""number_of_plugs_raw"": 6, ""number_of_plugs_semantics"": ""OSM charge_points_count; values above 100 are withheld as suspicious"", ""opening_hours"": """", ""operator"": ""Tesla"", ""osm_last_updated"": ""2025-11-01"", ""plug_types"": ""CCS"", ""power_kw_max"": null, ""power_kw_min"": null, ""power_kw_values"": [], ""station_name"": ""Tesla Supercharger""}",1,1,,accepted,fuzzy_address_only,1488.9124459888126,0.8672727272727273,15d06bf5-6b4a-425d-9312-bae4b17cc22b-324,"4-6 Beach Rd, Batemans Bay, NSW 2536","{""charger_capacities"": 22.0, ""connector_types_normalized"": ""Type2"", ""data_provider"": ""Charge@Large"", ""dc_port_count"": 2, ""latitude"": -35.7094784, ""longitude"": 150.1790805, ""number_of_plugs"": 2, ""number_of_plugs_quality"": ""reported_from_dc_port_count"", ""number_of_plugs_semantics"": ""Charge@Large DC-indicated port count"", ""operator"": """", ""plug_types"": ""TYPE2"", ""power_kw_max"": 22.0, ""power_kw_min"": 22.0, ""power_kw_values"": [22.0], ""station_address"": ""4-6 Beach Rd, Batemans Bay, NSW 2536"", ""station_name"": ""Batemans Bay Soldiers Club"", ""status_counts"": ""{\""Available\"": 2}"", ""total_port_count"": 2}",1,0,,unmatched,unmatched,,,,,{},0,0,,accepted,accepted
1943,,"162 Rouse Street, Tenterfield NSW 2372",Tesla,4,DC,175 kW,-29.0565237,152.0181884,Tenterfield Shire Council,2372,Fast Charging R1,accepted,coordinate_500m,78.68867618493232,0.6651785714285715,312274,"1 Crown St, Tenterfield, NSW, 2372","{""charger_capacities"": ""250 kW"", ""connector_types_normalized"": ""CCS"", ""data_provider"": ""Open Charge Map"", ""general_comments"": """", ""is_operational"": true, ""last_verified"": ""2025-05-07T05:24:00Z"", ""latitude"": -29.05609836727929, ""longitude"": 152.0175413889591, ""number_of_plugs"": 3.0, ""number_of_plugs_quality"": ""reported_or_derived_from_connection_quantity"", ""number_of_plugs_semantics"": ""OCM NumberOfPoints or positive connection Quantity"", ""operational_status"": ""operational"", ""operator"": ""Tesla (including non-tesla)"", ""plug_types"": ""CCS (Type 2)"", ""power_kw_max"": 250.0, ""power_kw_min"": 250.0, ""power_kw_values"": [250.0], ""station_address"": ""1 Crown St, Tenterfield, NSW, 2372"", ""station_name"": ""Tesla Supercharger - Coles Tenterfield"", ""status"": ""Operational"", ""usage_cost"": ""$0.69/kWh""}",1,1,,accepted,coordinate_500m,76.8274645674057,0.0,10258355351,,"{""access_condition"": ""Free Access"", ""charger_capacities"": null, ""connector_types_normalized"": ""CCS"", ""data_provider"": ""OpenStreetMap"", ""latitude"": -29.0560795383632, ""longitude"": 152.017582956702, ""number_of_plugs"": 4, ""number_of_plugs_quality"": ""valid"", ""number_of_plugs_raw"": 4, ""number_of_plugs_semantics"": ""OSM charge_points_count; values above 100 are withheld as suspicious"", ""opening_hours"": ""24/7"", ""operator"": ""Tesla"", ""osm_last_updated"": ""2026-03-29"", ""plug_types"": ""CCS"", ""power_kw_max"": null, ""power_kw_min"": null, ""power_kw_values"": [], ""station_name"": ""Tesla Supercharger""}",2,2,38.13210892778038,accepted,coordinate_500m,76.8274645674057,0.0,10258355351,,"{""access_condition"": ""Free Access"", ""charger_capacities"": null, ""connector_types_normalized"": ""CCS"", ""data_provider"": ""OpenStreetMap"", ""latitude"": -29.0560795383632, ""longitude"": 152.017582956702, ""number_of_plugs"": 4, ""number_of_plugs_quality"": ""valid"", ""number_of_plugs_raw"": 4, ""number_of_plugs_semantics"": ""OSM charge_points_count; values above 100 are withheld as suspicious"", ""opening_hours"": ""24/7"", ""operator"": ""Tesla"", ""osm_last_updated"": ""2026-03-29"", ""plug_types"": ""CCS"", ""power_kw_max"": null, ""power_kw_min"": null, ""power_kw_values"": [], ""station_name"": ""Tesla Supercharger""}",1,1,,unmatched,unmatched,,,,,{},0,0,,unmatched,unmatched,,,,,{},0,0,,accepted,accepted
