tfnsw_unique_id,source_index,Station_name,Station_address,Operator,PCODE,matched_source,coordinate_supported_source,matched_external_addresses,minimum_match_distance_m,augmentation_attribute_count,source_match_method_summary,web_query,web_evidence_url,web_search_found,web_page_opened,web_evidence_confidence,web_evidence_confidence_reason,match_identity_decision,web_evidence_excerpt
TFNSW-0013,11,,"1 Dalgal Way, Sydney NSW 2037",Tesla,2037.0,OSM,OSM,,26.33719187131462,5,OSM:coordinate_500m,"""1 Dalgal Way, Sydney NSW 2037"" EV charger",https://www.chargeroute.au/chargers/nsw/tesla-sydney-sydney-3,True,False,medium,"Charging evidence exists, but address/page confirmation is incomplete.",web evidence only; same-station identity not automatically proven,"[search] Tesla — Sydney EV Charger — Sydney NSW | ChargeRoute (https://www.chargeroute.au/chargers/nsw/tesla-sydney-sydney-3)
citeturn297search0 [wordlim: 200] Crawled: 2 weeks ago; Tesla — Sydney Sydney, NSW · 1 Dalgal Way, Sydney, 2037 ACup to 22 kWTeslaScore 24.5 Operational (per source)PLUS ES — Johnston St Annandale Johnston St Annandale, NSW · 270 Johnston St Annandale NSW 2038 Australia ACup to 22 kWPLUS ESScore 22.5 Planned / not confirmed operational PLUS ES — Johnston St Annandale Johnston St Annandale, NSW · 266 Johnston St Annandale NSW 2038 Australia ACup to 22 kWPLUS ESScore 22.5 Planned / not confirmed operational PLUS ES — Johnston St Annandale Johnston St Annandale, NSW · 272 Johnston St Annandale NSW 2038 Australia ACup to 22 kWPLUS ESScore 22.5 Planned / not confirmed operational EVX — Booth St Annandale Booth St Annandale, NSW · 65 Booth St Annandale NSW 2038 Australia ACup to 22 kWEVXScore 24.5 Planned / not confirmed operational EVX — C Taylor St Annandale C Taylor St Annandale, NSW · 34C Taylor St Annandale NSW 2038 Australia ACup to 22 kWEVXScore 24.5 Planned / not confirmed operational PLUS ES — Nelson St Annandale Nelson St Annandale, NSW · 118 Nelson St Annanda
[opened page] Internal Error ()
citeturn298view0 [wordlim: 200] Source: open({""ref_id"":""https://www.chargeroute.au/chargers/nsw/tesla-sydney-sydney-3"",""lineno"":null}); Total lines: 1
L0: URL https://www.chargeroute.au/chargers/nsw/tesla-sydney-sydney-3 is not safe to open (non-retryable error)"
TFNSW-0021,19,,"1 Greenbridge Drive, Wilton NSW 2571",Chargefox,2571.0,OSM,OSM,,2.9235762085473587,4,OSM:coordinate_500m,"""1 Greenbridge Drive, Wilton NSW 2571"" EV charger",https://www.plugroo.com.au/nsw/cordeaux,True,False,medium,"Charging evidence exists, but address/page confirmation is incomplete.",web evidence only; same-station identity not automatically proven,"[search] EV Charging Stations Cordeaux – Find Chargers Near You | Plugroo (https://www.plugroo.com.au/nsw/cordeaux)
citeturn299search0 [wordlim: 200] Crawled: 3 weeks ago;   * 1 Greenbridge Drive, Wilton NSW 2571 CCS 22×160 kW View station details ... Plugroo helps Cordeaux EV drivers avoid stale charger directories by combining operator data with verified community reports, so station status, access rules and pricing are easier to check before you arrive.
  * 5 Oxford Rd, Dapto NSW 2530 Type 11×2 kW View station details
  * 345 Lawrence Hargrave Dr, Thirroul NSW 2515 Type 22×22 kW View station details
  * Cnr Bellambi Ln &, Watts Ln, Bellambi, Russell Vale NSW 2517 CCS 22×120 kW View station details
  * 61 Church St, Wollongong NSW 2500 Type 23×22 kW View station details
  * 2 Robsons Road, Keiraville NSW 2500 Type 24×22 kW View station details
  * 52 Taylor Rd, Albion Park NSW 2527 Type 24×22 kW View station details
  * Princes Highway 251, Wollongong NSW 2516 Type 22×22 kW View station details
  * 1 Greenbridge Drive, Wilton NSW 2571 CCS 22×160 kW View station details
  * P8 Car Park, University of Wollongong, Northfields Avenue, Wollongong, Keiraville NSW 2500 CCS 23×360 kW CHAdeMO1×
[opened page] Internal Error ()
citeturn300view0 [wordlim: 200] Source: open({""ref_id"":""https://www.plugroo.com.au/nsw/cordeaux"",""lineno"":null}); Total lines: 1
L0: Failed to fetch https://www.plugroo.com.au/nsw/cordeaux: Cache miss"
TFNSW-0029,27,,"1 Little Walker Street, Casino NSW 2470",NRMA Electric,2622.0,OSM,OSM,,37.93703118299952,5,OSM:coordinate_500m,"""1 Little Walker Street, Casino NSW 2470"" EV charger",https://www.property.com.au/nsw/casino-2470/little-walker-st/1-pid-11965302/,True,False,low,"Generic, unrelated, or weak address/charging evidence.",web evidence only; same-station identity not automatically proven,"[search] 1 Little Walker Street, Casino NSW 2470 - property.com.au (https://www.property.com.au/nsw/casino-2470/little-walker-st/1-pid-11965302/)
citeturn301search0 [wordlim: 200] Crawled: last month; # 1 Little Walker Street Casino, NSW 2470 ... 1 Little Walker Street, Casino NSW 2470 is within the Richmond Valley local government area.

# 1 Little Walker Street Casino, NSW 2470

House

-

-

-

1681m²

Edit

This is my home

Suburb profile

## About the property

1 Little Walker Street is a house in Casino. It is located within Richmond Valley council, with no bushfire, flood, or heritage overlays detected. It is within the catchment of Casino Public School and Casino High School. It has 5G mobile coverage.

Image: PropTrack logo

## Property boundary

Explore the location and property boundary, including the measurements of fence lines and building area

Map type switcher

[Input]Default

[Input]Satellite

See on Google Map

Measurements are estimates only. Data provided under licence from © Geoscape Australia 2022. Copyright and Disclaimer Notice.

## Property features

The property details of 1 Little Walker St, Casino can help you make the decision if this property is right for you
[opened page] Internal Error ()
citeturn302view0 [wordlim: 200] Source: open({""ref_id"":""https://www.property.com.au/nsw/casino-2470/little-walker-st/1-pid-11965302/"",""lineno"":null}); Total lines: 1
L0: Failed to fetch https://www.property.com.au/nsw/casino-2470/little-walker-st/1-pid-11965302/: Error fetching"
TFNSW-0052,50,,"10 Brookfield Road, Minto NSW 2566",Evie Networks,2566.0,OSM,OSM,,5.603513344119049,4,OSM:coordinate_500m,"""10 Brookfield Road, Minto NSW 2566"" EV charger",https://mintomall.com.au/,True,True,high,Opened page contains an address-level charging signal.,web evidence only; same-station identity not automatically proven,"[search] Shop at Minto Mall | Minto Mall (https://mintomall.com.au/)
citeturn303search0 [wordlim: 200] Published: 4.8 years ago; Crawled: today; Return And Earn Has A New Location At Minto! ... Evie EV Electric Vehicle Charging ... 10 Brookfield Rd Minto NSW 2566
--------------------------------------------------------------------------------
EV Charging Stations Menangle – Find Chargers Near You | Plugroo (https://www.plugroo.com.au/nsw/menangle)
citeturn303search1 [wordlim: 200] Crawled: 3 weeks ago;   * 10 Brookfield Road, Minto NSW 2566 CCS 23×75 kW CHAdeMO1×63 kW View station details ... Plugroo helps Menangle EV drivers avoid stale charger directories by combining operator data with verified community reports, so station status, access rules and pricing are easier to check before you arrive.
--------------------------------------------------------------------------------
EV Charging Stations Kentlyn – Find Chargers Near You | Plugroo (https://www.plugroo.com.au/nsw/kentlyn)
citeturn303search2 [wordlim: 200] Crawled: yesterday;   * 10 Brookfield Road, Minto NSW 2566 CCS 23×75 kW CHAdeMO1×63 kW View station details ... Plugroo helps Kentlyn EV drivers avoid stale charger direct
[opened page] Shop at Minto Mall | Minto Mall (https://mintomall.com.au/)
citeturn304view0 [wordlim: 200] Crawled: today; Content type: text/html; Source: open({""ref_id"":""https://mintomall.com.au/"",""lineno"":null}); Total lines: 167
L0:   * cite0†Stores L1:   * cite1†Centre Info L2:   * cite2†What’s On L3:   * cite3†Contact Us L4: 
L5: Open until
L6: 9am-5:30pm today
L7: 
L8: Woolworths
L9: 
L10: Daily 7am-10pm
L11: 
L12: Kmart
L13: 
L14: Mon-Fri: 8am-10pm
L15: Sat & Sun: 8am-8pm
L16: 
L17: [Input: Search...][Input]
L18: ## What’s On at Minto Mall
L19: 
L20: cite4†Build a Bear Workshops at Minto Mall L21: 
L22: cite5†Torque Town Fun at Minto Mall L23: 
L24: cite6†Shop for Fuel is Back at Minto Mall! L25: 
L26: cite7†Congratulations to Rebecca, Our Winner L27: 
L28: cite8†Mother’s Day High Tea 2026 L29: 
L30: cite9†MRI Now at South West Radiology L31: 
L32: cite10†Australia Post Services L33: 
L34: cite11†Fresh Food Frenzy L35: 
L36: cite12†The Home of Fresh Food L37: 
L38: cite13†Say hello to your new favourite dining destination… FLAVOUR LANE! L39: 
L40: cite14†Direct to Boot Your Minto Mall-Favourites L41: cite15†Return And Earn Has A New Locati"
TFNSW-0055,53,,"10 Elizabeth Street, Bathurst NSW 2795",Evie Networks,2795.0,OSM,OSM,,6.032640566244588,5,OSM:coordinate_500m,"""10 Elizabeth Street, Bathurst NSW 2795"" EV charger",https://plugroo.com.au/location/evie-networks-nsw-bathurst-10-elizabeth-street,True,False,medium,"Charging evidence exists, but address/page confirmation is incomplete.",web evidence only; same-station identity not automatically proven,"[search] Evie Networks EV Charger Bathurst, NSW – 150kW DC | Plugroo (https://plugroo.com.au/location/evie-networks-nsw-bathurst-10-elizabeth-street)
citeturn305search0 [wordlim: 200] Crawled: today; 10 Elizabeth Street, Bathurst NSW 2795

# 10 Elizabeth Street Parking – Bathurst

10 Elizabeth Street, Bathurst NSW 2795

  * Evie Networks
  * ·3× CCS 2 · 1× CHAdeMO
  * ·150 kW
  * ·$0.82

### Live status

Operational Open now

No recent check-ins — let us know how it goes

Confidence
    50/100 · Medium

Last verified
    No check-ins yet

Bays
    ? of 4 available

0 successful and 0 failed check-ins in the last 14 days.

### Key facts

Connectors
    3× CCS 2 · 1× CHAdeMO 4 plugs

Max power
    150 kW

Price
    $0.82

Network
    Evie Networks

Opening hours
    Open 24 hours

### Plug and Cost

Image: CHAdeMO

CHAdeMO

63 kW

$0.82

1 plug

$0.82

4a 4a

Image: CCS 2

CCS 2

150 kW

$0.82

3 plugs

$0.82

4a 4a

### How to find

Hard to find? Help others by editing.

### Recent Check-in & Review

What drivers reported after charging here.

Check in on the map

No check-ins yet. Check in after you charge to help other drivers.

### Open 24 hours

Sunday Open 24 hours

### Is 10 Elizabe
[opened page] Evie Networks EV Charger Bathurst, NSW – 150kW DC | Plugroo (https://plugroo.com.au/location/evie-networks-nsw-bathurst-10-elizabeth-street)
citeturn306view0 [wordlim: 200] Crawled: last month; Content type: text/html; Source: open({""ref_id"":""https://plugroo.com.au/location/evie-networks-nsw-bathurst-10-elizabeth-street"",""lineno"":null}); Total lines: 215
L0: cite0†Open app†apps.apple.com L1: 
L2:   1. cite1†Australia L3:   2. /cite2†NSW L4:   3. /cite3†Bathurst L5:   4. /10 Elizabeth Street Parking – Bathurst
L6: 
L7: # 10 Elizabeth Street Parking – Bathurst
L8: 
L9: 10 Elizabeth Street, Bathurst NSW 2795
L10: 
L11:   * Evie Networks
L12:   * ·3× CCS 2 · 1× CHAdeMO
L13:   * ·150 kW
L14:   * ·$0.82
L15: 
L16: cite4†Open Plugroo map L17: 
L18: cite5†Image: 10 Elizabeth Street Parking – Bathurst†files.plugroo.com.au [Button: 1 photos]
L19: 
L20: © cite6†Mapbox†www.mapbox.com © cite7†OpenStreetMap†www.openstreetmap.org cite8†Improve this map†apps.mapbox.com L21: ### Live status
L22: 
L23: Operational Open now
L24: 
L25: No recent check-ins — let us know how it goes
L26: 
L27: Confidence
L28:     50/100 · Medium
L29: 
L30: Last verified
L31:     No check-in"
TFNSW-0068,66,,"105 Station Road, Sydney NSW 2147",Ampol,2147.0,OSM,OSM,,4.943991220314163,4,OSM:coordinate_500m,"""105 Station Road, Sydney NSW 2147"" EV charger",https://ev-charging-stations.com.au/chargers/ampcharge-105-station-road-sydney-nsw-2147,True,True,high,Opened page contains an address-level charging signal.,web evidence only; same-station identity not automatically proven,"[search] EV Charging Stations Finder (https://ev-charging-stations.com.au/chargers/ampcharge-105-station-road-sydney-nsw-2147)
citeturn307search0 [wordlim: 200] Crawled: last week; 105 Station Road, Sydney, NSW, 2147 ... 105 Station Road, Sydney, NSW, 2147
--------------------------------------------------------------------------------
EV Charging Stations Finder (https://ev-charging-stations.com.au/chargers/nsw/toongabbie)
citeturn307search1 [wordlim: 200] Crawled: 2 days ago; # EV charging in Toongabbie, NSW ... [Button: Nearest][Button: Fastest charger][Button: Most connectors] ... 105 Station Road, Sydney, NSW, 2147
--------------------------------------------------------------------------------
EV Charging Stations Finder (https://ev-charging-stations.com.au/chargers/nsw/seven-hills)
citeturn307search2 [wordlim: 200] Crawled: 4 days ago; # EV charging in Seven Hills, NSW ... [Button: Nearest][Button: Fastest charger][Button: Most connectors] ... 105 Station Road, Sydney, NSW, 2147
--------------------------------------------------------------------------------
EV Charging Stations Finder (https://ev-charging-stations.com.au/chargers/nsw/winston-hills)
citeturn307search3 [wo
[opened page] EV Charging Stations Finder (https://ev-charging-stations.com.au/chargers/ampcharge-105-station-road-sydney-nsw-2147)
citeturn308view0 [wordlim: 200] Crawled: 5 months ago; Content type: text/html; Source: open({""ref_id"":""https://ev-charging-stations.com.au/chargers/ampcharge-105-station-road-sydney-nsw-2147"",""lineno"":null}); Total lines: 99
L0: cite19†Image: EV Charging Stations L1: 
L2: cite0†Find Stations cite1†Journey Planner cite2†Guides cite3†About cite4†Contact L3: 
L4: cite5†Near Me cite6† Sign in  L5: 
L6: AmpCharge
L7: 
L8: # AmpCharge
L9: 
L10: 105 Station Road, Sydney, NSW, 2147 2 connectors  150 kW max
L11: 
L12: cite1† Plan Journey  L13: 
L14: Connectors
L15: 
L16: 2
L17: 
L18: 2 types
L19: 
L20: Fastest charger
L21: 
L22: 150 kW
L23: 
L24: max output
L25: 
L26: Pricing
L27: 
L28: Not listed
L29: 
L30: per kWh when listed
L31: 
L32: ## Connectors at this station
L33: 
L34: Type, max power and pricing where available.
L35: 
L36: 2 types
L37: 
L38: CHAdeMO
L39: 
L40: 1 port 120 kW
L41: 
L42: CCS
L43: 
L44: 1 port 150 kW
L45: 
L46: Sponsored
L47: 
L48: Ad
L49: ## Map & location
L50: 
L51: 105 Station Road, Sydney, NSW, 2147
L52: 
L53: cite"
TFNSW-0137,135,,"13-17 Princes Highway, Albion Park Rail NSW 2527",Evie Networks,2527.0,OSM,OSM,,176.350306990109,5,OSM:coordinate_500m,"""13-17 Princes Highway, Albion Park Rail NSW 2527"" EV charger",https://ev-charging-stations.com.au/chargers/chargefox-13-17-princes-highway-albion-park-rail-nsw-2527,True,True,high,Opened page contains an address-level charging signal.,web evidence only; same-station identity not automatically proven,"[search] EV Charging Stations Finder (https://ev-charging-stations.com.au/chargers/chargefox-13-17-princes-highway-albion-park-rail-nsw-2527)
citeturn309search0 [wordlim: 200] Crawled: 2 months ago; 13-17 Princes Highway, Albion Park Rail, NSW, 2527 ... 13-17 Princes Highway, Albion Park Rail, NSW, 2527

ChargeFox

# Chargefox Charging Station

13-17 Princes Highway, Albion Park Rail, NSW, 2527

Plan Journey Get Directions

Available now

—

Connectors

2

1 type

Max speed

50 kW


## Connectors at this station

Type, max power and live availability

1 type

CCS 2

CCS

50 kW 2 ports Fast DC

## Station info

Access, parking & amenities

Google rating

2.5 ★ (2)

Updated 1591h ago

Sponsored

Ad

## Map & location

13-17 Princes Highway, Albion Park Rail, NSW, 2527

Get directions in Google Maps

Image: ChargeFox logo

ChargeFox

Chargefox Charging Station

Wollongong, NSW

2.5(2 reviews)Google

Save Maps

## Is this information accurate?

Help us keep this listing up to date

Looks correct Report an issue

Do you manage this charger?

Claim to keep details accurate and respond to feedback

Sign in to claim--------------------------------------------------------------------------------

[opened page] EV Charging Stations Finder (https://ev-charging-stations.com.au/chargers/chargefox-13-17-princes-highway-albion-park-rail-nsw-2527)
citeturn310view0 [wordlim: 200] Crawled: 5 months ago; Content type: text/html; Source: open({""ref_id"":""https://ev-charging-stations.com.au/chargers/chargefox-13-17-princes-highway-albion-park-rail-nsw-2527"",""lineno"":null}); Total lines: 95
L0: cite19†Image: EV Charging Stations L1: 
L2: cite0†Find Stations cite1†Journey Planner cite2†Guides cite3†About cite4†Contact L3: 
L4: cite5†Near Me cite6† Sign in  L5: 
L6: ChargeFox
L7: 
L8: # ChargeFox
L9: 
L10: 13-17 Princes Highway, Albion Park Rail, NSW, 2527 2 connectors  50 kW max
L11: 
L12: cite1† Plan Journey  L13: 
L14: Connectors
L15: 
L16: 2
L17: 
L18: 1 type
L19: 
L20: Fastest charger
L21: 
L22: 50 kW
L23: 
L24: max output
L25: 
L26: Pricing
L27: 
L28: Not listed
L29: 
L30: per kWh when listed
L31: 
L32: ## Connectors at this station
L33: 
L34: Type, max power and pricing where available.
L35: 
L36: 1 type
L37: 
L38: CCS
L39: 
L40: 2 ports 50 kW
L41: 
L42: Sponsored
L43: 
L44: Ad
L45: ## Map & location
L46: 
L47: 13-17 Princes Highway, Albion Park Rail, NSW, 2527
L48:"
TFNSW-0155,153,,"140 Denison Street, Sydney NSW 2036",Exploren,2036.0,Charge@Large,Charge@Large,"Charge@Large:140-148 Denison St, Hillsdale, NSW 2036",0.0898879959473817,4,Charge@Large:coordinate_500m,"""140 Denison Street, Sydney NSW 2036"" EV charger",https://ev-charging-stations.com.au/chargers/nsw/eastgardens,True,True,high,Opened page contains an address-level charging signal.,web evidence only; same-station identity not automatically proven,"[search] EV Charging Stations Finder (https://ev-charging-stations.com.au/chargers/nsw/eastgardens)
citeturn311search0 [wordlim: 200] Crawled: last week; # EV charging in Eastgardens, NSW ... [Button: Nearest][Button: Fastest charger][Button: Most connectors] ... 140 Denison Street, Sydney, NSW, 2036

Search Results

# EV charging in Eastgardens, NSW

945 stations found Live availability Showing 1–10 of 945

[Input: Eastgardens, NSW]

Sort

[Button: Nearest][Button: Fastest charger][Button: Most connectors]

All DC Fast · 50+ kW Ultra-fast · 150+ kW Available now

EVUp

## EVUp

Moore St, Sydney, NSW, 2019

0.27 km

Type 2 22 kW

DirectionsView details

Exploren

## Exploren Charging Station

33 Smith Street, Sydney, NSW, 2036

0.29 km

Type 2 22 kW

DirectionsView details

Wevolt

## Wevolt Charging Station

9 Oscar Place, Sydney, NSW, 2036

0.33 km

Type 2 13 kW

DirectionsView details

Sponsored

Ad

Exploren

## Exploren Charging Station

140 Denison Street, Sydney, NSW, 2036

0.35 km

CCS 120 kW

DirectionsView details

ChargeFox

## Chargefox Charging Station

9 Studio Dr, Sydney, NSW, 2036

0.59 km

Type 2 22 kW

DirectionsView details
---------------------------------------------
[opened page] EV Charging Stations Finder (https://ev-charging-stations.com.au/chargers/nsw/eastgardens)
citeturn312view0 [wordlim: 200] Crawled: 3 days ago; Content type: text/html; Source: open({""ref_id"":""https://ev-charging-stations.com.au/chargers/nsw/eastgardens"",""lineno"":null}); Total lines: 197
L0: cite0†iframe†www.googletagmanager.com L1: 
L2: Search Results
L3: 
L4: # EV charging in Eastgardens, NSW
L5: 
L6: 945 stations found Live availability Showing 1–10 of 945
L7: 
L8: [Input: Eastgardens, NSW]
L9: 
L10: Sort
L11: 
L12: [Button: Nearest][Button: Fastest charger][Button: Most connectors]
L13: 
L14: All DC Fast · 50+ kW Ultra-fast · 150+ kW Available now
L15: 
L16: EVUp
L17: 
L18: ## EVUp
L19: 
L20: Moore St, Sydney, NSW, 2019
L21: 
L22: 0.27 km
L23: 
L24: Type 2 22 kW
L25: 
L26: cite1†Directions†www.google.com cite2†View details L27: 
L28: Exploren
L29: ## Exploren Charging Station
L30: 
L31: 33 Smith Street, Sydney, NSW, 2036
L32: 
L33: 0.29 km
L34: 
L35: Type 2 22 kW
L36: 
L37: cite3†Directions†www.google.com cite4†View details L38: 
L39: Wevolt
L40: 
L41: ## Wevolt Charging Station
L42: 
L43: 9 Oscar Place, Sydney, NSW, 2036
L44: 
L45: 0.33 km
L46: 
L47: Type 2 1"
TFNSW-0197,195,,"15C Mitchell Street, Bourke NSW 2840",NRMA Electric,2453.0,OSM,OSM,,29.973408190983168,5,OSM:coordinate_500m,"""15C Mitchell Street, Bourke NSW 2840"" EV charger",https://au.bold.pro/my/kayla-hines85,True,False,medium,"Charging evidence exists, but address/page confirmation is incomplete.",web evidence only; same-station identity not automatically proven,"[search] Kayla Hines - personal care assistant caseworker - Birrang Enterprise - Bold.pro (https://au.bold.pro/my/kayla-hines85)
citeturn313search0 [wordlim: 200] Crawled: last month; 15c mitchell street ,Bourke NSW 2840
  * Fluid Measurement
  * Patient Care and Safety
  * Medical Terminology Knowledge
  * Patient Dressing
  * Collecting Specimens
  * Grooming and Bathing Assistance
  * Bed Transfers
  * Wound Care
  * Quality Patient Care

## Certification

Cert III individual support aged care

manual handling

senior first aid CPR and basic life support

Aboriginal mental health first aider

certification in domestic family violence prevention

NSW full driver license

medication assistant

wound support

## Additional Information

Work References

Alison Brodie

Trainer Assessor royal college of healthcare

Belmont care rothwell

mail- a.brodie59@yahoo.com.au

Ph 0402261531

Keren Barker

program manger Birrang enterprises

12 darling street, Bourke NSW 284

email-bff2@birrang.com.au

PH: 0437477339

Mick Mcdowell

cooee for coffee catholic care

15c mitchell street ,Bourke NSW 2840

email- mmcdowell@ccwf.org.au

ph:(02)68721551

personal recreance

Amanda McGoven

catholic care fam
[opened page] Internal Error ()
citeturn314view0 [wordlim: 200] Source: open({""ref_id"":""https://au.bold.pro/my/kayla-hines85"",""lineno"":null}); Total lines: 1
L0: Failed to fetch https://au.bold.pro/my/kayla-hines85: Cache miss"
TFNSW-0212,210,,"169 Willoughby Road, Sydney NSW 2065",BP,2065.0,Charge@Large,Charge@Large,"Charge@Large:1 Plunkett St, New South Wales, St Leonards, NSW 2065",468.2657578671068,4,Charge@Large:coordinate_500m,"""169 Willoughby Road, Sydney NSW 2065"" EV charger",https://www.chargeroute.au/ev-chargers/nsw/sydney,True,True,medium,"Charging evidence exists, but address/page confirmation is incomplete.",web evidence only; same-station identity not automatically proven,"[search] EV Charging Stations in Sydney NSW | ChargeRoute (https://www.chargeroute.au/ev-chargers/nsw/sydney)
citeturn315search0 [wordlim: 200] Crawled: yesterday; BP — Sydney Sydney, NSW · 01 Wallgrove Road, Sydney, 2766 DCup to 150 kWBPScore 31 Operational (per source)Chargefox — Sydney Sydney, NSW · 1 Balfour St, Sydney, 2070 ACup to 22 kWChargefoxScore 26.5 Operational (per source)Tesla — Sydney Sydney, NSW · 1 Bay St, Sydney, 2037 DCup to 130 kWTeslaScore 31.5 Operational (per source)Chargefox — Sydney Sydney, NSW · 1 Bradleys Head Rd, Sydney, 2088 ACup to 22 kWChargefoxScore 22.5 Operational (per source)Chargefox — Sydney Sydney, NSW · 1 Bradleys Head Rd, Sydney, 2088 ACup to 22 kWChargefoxScore 22.5 Operational (per source)AXCharge — Sydney Sydney, NSW · 1 Cathedral Sq, Sydney, 2000 ACup to 22 kWAXChargeScore 24.5 Operational (per source)Tesla — Sydney Sydney, NSW · 1 Dalgal Way, Sydney, 2037 ACup to 22 kWTeslaScore 24.5 Operational (per source)Tesla — Sydney Sydney, NSW · 1 Dalgal Way, Sydney, 2037 DCup to 250 kWTeslaScore 31 Operational (per source)Everty — Sydney Sydney, NSW · 1 Eels Pl, Sydney, 2150 ACup to 22 kWEvertyScore 24.5 Operational (per source)Tesla — Sydney Sydney, N
[opened page] EV Charging Stations in Sydney NSW | ChargeRoute (https://www.chargeroute.au/ev-chargers/nsw/sydney)
citeturn316view0 [wordlim: 200] Crawled: last week; Content type: text/html; Source: open({""ref_id"":""https://www.chargeroute.au/ev-chargers/nsw/sydney"",""lineno"":null}); Total lines: 40
L0: cite0†CRChargeRoute.au L1: 
L2: cite1†Routes L3: 
L4:   1. cite0†Home L5:   2. /cite2†EV chargers L6:   3. /cite3†New South Wales L7:   4. /Sydney
L8: # EV charging stations in Sydney NSW
L9: 
L10: 398 sites · 398 labelled operational by source · max listed power 400 kW"
TFNSW-0255,253,,197-215 Condamine Street Balgowlah NSW 2093,Tesla,2093.0,OSM,OSM,,49.624834883668235,5,OSM:coordinate_500m,"""197-215 Condamine Street Balgowlah NSW 2093"" EV charger",https://ev-charging-stations.com.au/chargers/tesla-197-215-condamine-street-sydney-nsw-2093-dusoxgyu-lihlhfbgncv-g,True,False,medium,"Charging evidence exists, but address/page confirmation is incomplete.",web evidence only; same-station identity not automatically proven,"[search] EV Charging Stations Finder (https://ev-charging-stations.com.au/chargers/tesla-197-215-condamine-street-sydney-nsw-2093-dusoxgyu-lihlhfbgncv-g)
citeturn317search0 [wordlim: 200] Crawled: today; 197-215 Condamine Street, Sydney, NSW, 2093 ... Balgowlah Village Shopping Centre ... 197-215 Condamine Street, Sydney, NSW, 2093
--------------------------------------------------------------------------------
The Trust Company Limited - Stockland Balgowlah network exemption | Australian Energy Regulator (AER) (https://www.aer.gov.au/industry/registers/network-exemptions/trust-company-limited-stockland-balgowlah-network-exemption)
citeturn317search1 [wordlim: 200] Published: 6.4 years ago; Crawled: last month; 197-215 Condamine StreetBalgowlah NSW 2093Australia
--------------------------------------------------------------------------------
BALGOWLAH SC PTY LTD - BALGOWLAH VILLAGE SHOPPING CENTRE retail exemption | Australian Energy Regulator (AER) (https://www.aer.gov.au/industry/registers/retail-exemptions/balgowlah-sc-pty-ltd-balgowlah-village-shopping-centre-retail-exemption)
citeturn317search2 [wordlim: 200] Published: 10 months ago; Crawled: last month; 197-215 CONDAMINE STR
[opened page] Internal Error ()
citeturn318view0 [wordlim: 200] Source: open({""ref_id"":""https://ev-charging-stations.com.au/chargers/tesla-197-215-condamine-street-sydney-nsw-2093-dusoxgyu-lihlhfbgncv-g"",""lineno"":null}); Total lines: 1
L0: Failed to fetch https://ev-charging-stations.com.au/chargers/tesla-197-215-condamine-street-sydney-nsw-2093-dusoxgyu-lihlhfbgncv-g: Cache miss"
TFNSW-0257,255,,"198 Great Western Highway, Hazelbrook NSW 2779",Ampol,2779.0,OSM,OSM,,23.289967416692576,5,OSM:coordinate_500m,"""198 Great Western Highway, Hazelbrook NSW 2779"" EV charger",https://locations.ampol.com.au/en/ampol-foodary-hazelbrook,True,True,high,Opened page contains an address-level charging signal.,web evidence only; same-station identity not automatically proven,"[search] Ampol Foodary Hazelbrook (https://locations.ampol.com.au/en/ampol-foodary-hazelbrook)
citeturn319search0 [wordlim: 200] Crawled: today; Great Western Highway, 198Hazelbrook Nsw 2779 ... EV Charging (AmpCharge) is available at this location
--------------------------------------------------------------------------------
AmpCharge EV Charger Hazelbrook, NSW – 110kW DC | Plugroo (https://www.plugroo.com.au/location/ampcharge-nsw-hazelbrook-198-great-western-highway)
citeturn319search1 [wordlim: 200] Crawled: 5 days ago; 198 Great Western Highway, Hazelbrook NSW 2779
--------------------------------------------------------------------------------
EV Charging Stations Finder (https://ev-charging-stations.com.au/chargers/ampcharge-198-199-great-western-highway-hazelbrook-nsw-2779)
citeturn319search2 [wordlim: 200] Crawled: 2 months ago; 198-199 Great Western Highway, Hazelbrook, NSW, 2779 ... 198-199 Great Western Highway, Hazelbrook, NSW, 2779
--------------------------------------------------------------------------------
EV Charging Stations The Devils Wilderness – Find Chargers Near You | Plugroo (https://www.plugroo.com.au/nsw/the-devils-wilderness)
citeturn319search3 [w
[opened page] Ampol Foodary Hazelbrook (https://locations.ampol.com.au/en/ampol-foodary-hazelbrook)
citeturn320view0 [wordlim: 200] Crawled: last month; Content type: text/html; Source: open({""ref_id"":""https://locations.ampol.com.au/en/ampol-foodary-hazelbrook"",""lineno"":null}); Total lines: 328
L0: cite0†iframe†www.googletagmanager.com cite1†iframe†www.googletagmanager.com L1: 
L2: cite2†OUR APPS†www.ampol.com.au cite3†SUPPORT†www.ampol.com.au cite4†SUSTAINABILITY†www.ampol.com.au cite5†Search†www.ampol.com.au cite6†FIND SERVICE STATION†www.ampol.com.au cite7†LOGIN†my.ampol.com.au L3: 
L4:   * cite8†Your Vehicle†www.ampol.com.au L5: ### cite8†Your Vehicle†www.ampol.com.au L6:     *       * cite9†Petrols and Diesels†www.ampol.com.au L7:       * cite10†Premium Unleaded†www.ampol.com.au L8:       * cite11†Premium Diesel†www.ampol.com.au L9:       * cite12†Unleaded†www.ampol.com.au L10:       * cite13†Diesel†www.ampol.com.au L11:       * cite14†AdBlue†www.ampol.com.au L12:       * cite15†Additives and Benefits†www.ampol.com.au L13:       * cite16†Case Studies†www.ampol.com.au L14: cite9†Petrols and Diesels†www.ampol.com.au L15:     *"
TFNSW-0266,264,,"2 Corkwood Road, Valla NSW 2448",BP,2448.0,OSM,OSM,,6.193017408252471,5,OSM:coordinate_500m,"""2 Corkwood Road, Valla NSW 2448"" EV charger",https://www.cylex-australia.com/company/bp-pulse-charging-station-24816299.html,True,False,medium,"Charging evidence exists, but address/page confirmation is incomplete.",web evidence only; same-station identity not automatically proven,"[search] ▷ bp pulse Charging Station, Valla, NSW (https://www.cylex-australia.com/company/bp-pulse-charging-station-24816299.html)
citeturn321search0 [wordlim: 200] Published: 3 months ago; Crawled: 3 months ago; 2 Corkwood Road, Valla, NSW 2448 ... Image: Route/map/directions to bp pulse Charging Station, 2448 Valla, NSW, 2 Corkwood Road ... We make EV charging easy at your local Valla bp pulse!

# bp pulse Charging Station, Valla, NSW

Image: bp pulse Charging Station

bp pulse Charging Station

Image: Address: 

2 Corkwood Road, Valla, NSW 2448

Image: Phone

+61 1300 002 738 Image: Phone

Image: website

bppulse.au

## Opening Hours

Image

Open now

Tuesday  | Open 24 Hours
Wednesday  | Open 24 Hours
Thursday  | Open 24 Hours
Friday  | Open 24 Hours
Saturday  | Open 24 Hours
Sunday  | Open 24 Hours
Monday  | Open 24 Hours

updated on 1/6/2026

## Send an e-mail enquiry to bp pulse Charging Station

Oops! Something went wrong! Please refresh the page.
If this message still appears, it's because you are using an unsupported browser.

Image: Route/map/directions to bp pulse Charging Station, 2448 Valla, NSW, 2 Corkwood Road

## Description

We make EV charging easy at your local Valla 
[opened page] Internal Error ()
citeturn322view0 [wordlim: 200] Source: open({""ref_id"":""https://www.cylex-australia.com/company/bp-pulse-charging-station-24816299.html"",""lineno"":null}); Total lines: 1
L0: Failed to fetch https://www.cylex-australia.com/company/bp-pulse-charging-station-24816299.html: Cache miss"
TFNSW-0269,267,,"2 Hannabus Place, Windsor NSW 2756",Exploren,2756.0,Charge@Large,Charge@Large,"Charge@Large:2 Hannabus Pl, Mulgrave, NSW 2756",0.1016100966397112,4,Charge@Large:coordinate_and_fuzzy_address,"""2 Hannabus Place, Windsor NSW 2756"" EV charger",https://www.property.com.au/nsw/mulgrave-2756/hannabus-pl/2-pid-11593072/,True,True,low,"Generic, unrelated, or weak address/charging evidence.",web evidence only; same-station identity not automatically proven,"[search] 2 Hannabus Place, Mulgrave NSW 2756 - property.com.au (https://www.property.com.au/nsw/mulgrave-2756/hannabus-pl/2-pid-11593072/)
citeturn323search0 [wordlim: 200] Crawled: 2 months ago; # 2 Hannabus Place Mulgrave, NSW 2756 ...   * 1/7 Ham Street, South Windsor NSW 2756 Sold$775,000 1 year ago 1/7 Ham Street, South Windsor NSW 2756 3 1 2

# 2 Hannabus Place Mulgrave, NSW 2756

House

-

-

-

1799m²

1127m²

Edit

This is my home

Suburb profile

## About the property

2 Hannabus Place is a house in Mulgrave. It sits on a 1799m² lot. It is located within Hawkesbury council, with no bushfire or heritage overlays detected. We have detected a flood overlay on this property. It is within the catchment of Windsor Public School and Windsor High School. It has 5G mobile coverage.


## Property timeline

View historical data on past sold prices, rent and leased history of this house and if withdrawn from market

2021

### 2021 Sold $1,980,000

Sold

$1,980,000

Sold 22 Sep 2021

2015

### 2015 Sold $770,000

Sold

$770,000

Sold 24 Dec 2015

2007

### 2007 Sold $770,000

Sold

$770,000

Sold 21 Dec 2007


## Property boundary

Explore the location and property boundary, including the m
[opened page] 2 Hannabus Place, Mulgrave NSW 2756 - property.com.au (https://www.property.com.au/nsw/mulgrave-2756/hannabus-pl/2-pid-11593072/)
citeturn324view0 [wordlim: 200] Crawled: 4 weeks ago; Content type: text/html; Source: open({""ref_id"":""https://www.property.com.au/nsw/mulgrave-2756/hannabus-pl/2-pid-11593072/"",""lineno"":null}); Total lines: 807
L0: cite0†Skip to navigation cite1†Skip to main L1: 
L2: cite2†Home cite3†Following cite4†News [Button: Travel time]
L3: 
L4: cite5†Sign in†api.id.realestate.com.au Address, suburb or state
L5: 
L6: cite2†Home Your home for all things property cite3†Following Browse your favourite properties cite4†News Read the latest property trends & insights L7: 
L8: Travel time
L9: 
L10: Find properties based on your usual trips
L11: 
L12: Standard Stuff
L13: 
L14:   * cite6†Privacy Policy†about.realestate.com.au L15:   * cite7†Terms of Use L16:   * cite8†Help†help.property.com.au L17:   1. cite2†Home L18:   2. cite9†NSW L19:   3. cite10†Mulgrave L20:   4. cite11†Hannabus Pl L21:   5. cite12†2 Hannabus Pl L22: 
L23: Off market
L24: 
L25: Follow
L26: 
L27: [Input]
L28: # 2 Hannabus Place Mulgrave, NSW 2756"
TFNSW-0289,287,,"2 Stewart Street, Lithgow NSW 2790",Evie Networks,2790.0,OSM,OSM,,72.20806248845109,4,OSM:coordinate_500m,"""2 Stewart Street, Lithgow NSW 2790"" EV charger",https://ev-charging-stations.com.au/chargers/evie-2-stewart-street-lithgow-nsw-2790,True,True,high,Opened page contains an address-level charging signal.,web evidence only; same-station identity not automatically proven,"[search] EV Charging Stations Finder (https://ev-charging-stations.com.au/chargers/evie-2-stewart-street-lithgow-nsw-2790)
citeturn325search0 [wordlim: 200] Crawled: yesterday; 2 Stewart Street, Lithgow, NSW, 2790

Evie

# Evie Charging Station

2 Stewart Street, Lithgow, NSW, 2790

Available now

—

Connectors

4

2 types

Max speed

150 kW

Ultra-fast DC

Is this information accurate?

Looks correct | Report issue

## Connectors at this station

Type, max power and live availability

2 types

CHADE MO

CHAdeMO

63 kW 2 ports Fast DC

CCS 2

CCS

150 kW 2 ports Ultra-fast DC

## Station info

Access, parking & amenities

Hours · Today

24 / 7

Parking

Free parking lot

Google rating

4.8 ★ (5)

Food nearby

Hungry Jack's Burgers Lithgow

Accessibility

Accessible parking

Visit website Updated 3385h ago

## Map & location

2 Stewart Street, Lithgow, NSW, 2790

Get directions in Google Maps

Evie

Evie Charging Station

Lithgow, NSW

4.8(5 reviews)Google

Navigate here Plan Journey--------------------------------------------------------------------------------
Evie Networks EV Charger Bowenfels, NSW – 150kW DC | Plugroo (https://plugroo.com.au/location/evie-networks-nsw-bowenfels-2-stew
[opened page] EV Charging Stations Finder (https://ev-charging-stations.com.au/chargers/evie-2-stewart-street-lithgow-nsw-2790)
citeturn326view0 [wordlim: 200] Crawled: 4 days ago; Content type: text/html; Source: open({""ref_id"":""https://ev-charging-stations.com.au/chargers/evie-2-stewart-street-lithgow-nsw-2790"",""lineno"":null}); Total lines: 141
L0: cite0†iframe†www.googletagmanager.com L1: 
L2: Evie
L3: 
L4: # Evie Charging Station
L5: 
L6: 2 Stewart Street, Lithgow, NSW, 2790
L7: 
L8: cite1†Plan Journey cite2†Get Directions†www.google.com L9: 
L10: Available now
L11: 
L12: —
L13: 
L14: Connectors
L15: 
L16: 4
L17: 
L18: 2 types
L19: 
L20: Max speed
L21: 
L22: 150 kW
L23: 
L24: Ultra-fast DC
L25: 
L26: Reliability
L27: 
L28: —
L29: 
L30: Is this information accurate?
L31: 
L32: Looks correct | Report issue
L33: 
L34: Thanks for your feedback!
L35: 
L36: ## Connectors at this station
L37: 
L38: Type, max power and live availability
L39: 
L40: 2 types
L41: 
L42: CHADE MO
L43: 
L44: CHAdeMO
L45: 
L46: 63 kW 2 ports Fast DC
L47: 
L48: CCS 2
L49: 
L50: CCS
L51: 
L52: 150 kW 2 ports Ultra-fast DC
L53: ## Station info
L54: 
L55: Access, parking & amenities
L56: 
L57: Hours · Today
L58: 
L"
TFNSW-0311,309,,"205 Old Hume Highway, Mittagong NSW 2575",Evie Networks,2575.0,OSM,OSM,,2.637312663182255,4,OSM:coordinate_500m,"""205 Old Hume Highway, Mittagong NSW 2575"" EV charger",https://ev-charging-stations.com.au/chargers/evie-205-old-hume-highway-mittagong-nsw-2575,True,True,high,Opened page contains an address-level charging signal.,web evidence only; same-station identity not automatically proven,"[search] EV Charging Stations Finder (https://ev-charging-stations.com.au/chargers/evie-205-old-hume-highway-mittagong-nsw-2575)
citeturn327search0 [wordlim: 200] Crawled: 2 days ago; 205 Old Hume Highway, Mittagong, NSW, 2575

Evie

# Evie

205 Old Hume Highway, Mittagong, NSW, 2575

Available now

—

Connectors

2

1 type

Max speed

150 kW

Ultra-fast DC

Reliability

—

Is this information accurate?

Looks correct | Report issue

## Connectors at this station

Type, max power and live availability

1 type

CCS 2

CCS

150 kW 2 ports Ultra-fast DC

## Station info

Access, parking & amenities

Hours · Today

24 / 7

Parking

Free parking lot

Google rating

4.4 ★ (23)

Shopping

Highlands Hub

Food nearby

Subway Mittagong

Accessibility

Accessible parking

Visit website Updated 1051h ago

## Map & location

205 Old Hume Highway, Mittagong, NSW, 2575

Get directions in Google Maps

Evie

Evie

Mittagong, NSW

4.4(23 reviews)Google

Navigate here Plan Journey--------------------------------------------------------------------------------
EV Charging Stations Lakesland – Find Chargers Near You | Plugroo (https://www.plugroo.com.au/nsw/lakesland)
citeturn327search1 [wordlim: 200] Cra
[opened page] EV Charging Stations Finder (https://ev-charging-stations.com.au/chargers/evie-205-old-hume-highway-mittagong-nsw-2575)
citeturn328view0 [wordlim: 200] Crawled: last week; Content type: text/html; Source: open({""ref_id"":""https://ev-charging-stations.com.au/chargers/evie-205-old-hume-highway-mittagong-nsw-2575"",""lineno"":null}); Total lines: 139
L0: cite0†iframe†www.googletagmanager.com L1: 
L2: Evie
L3: 
L4: # Evie
L5: 
L6: 205 Old Hume Highway, Mittagong, NSW, 2575
L7: 
L8: cite1†Plan Journey cite2†Get Directions†www.google.com L9: 
L10: Available now
L11: 
L12: —
L13: 
L14: Connectors
L15: 
L16: 2
L17: 
L18: 1 type
L19: 
L20: Max speed
L21: 
L22: 150 kW
L23: 
L24: Ultra-fast DC
L25: 
L26: Reliability
L27: 
L28: —
L29: 
L30: Is this information accurate?
L31: 
L32: Looks correct | Report issue
L33: 
L34: Thanks for your feedback!
L35: 
L36: ## Connectors at this station
L37: 
L38: Type, max power and live availability
L39: 
L40: 1 type
L41: 
L42: CCS 2
L43: 
L44: CCS
L45: 
L46: 150 kW 2 ports Ultra-fast DC
L47: ## Station info
L48: 
L49: Access, parking & amenities
L50: 
L51: Hours · Today
L52: 
L53: 24 / 7
L54: 
L55: Parking
L56: 
L57: Free parking lot
L58: 
L59: Googl"
TFNSW-0313,311,,"2072 Camden Valley Way, Edmondson Park NSW 2174",Ampol,2174.0,OSM,OSM,,38.530426794150486,4,OSM:coordinate_500m,"""2072 Camden Valley Way, Edmondson Park NSW 2174"" EV charger",https://ev-charging.rollersoft.com.au/station/154,True,False,medium,"Charging evidence exists, but address/page confirmation is incomplete.",web evidence only; same-station identity not automatically proven,"[search] Ampol Foodary Edmondson Park — DC 150kW EV Charging | AU EV Finder | AU EV Charging Finder (https://ev-charging.rollersoft.com.au/station/154)
citeturn329search0 [wordlim: 200] Crawled: 2 days ago; 2072 Camden Valley Way, Edmondson Park NSW 2174, Australia ... Estimate how long and how much it costs to charge your EV at this station ... ℹ️ Station output (150kW) is below your car's max — a faster charger would reduce charge time.
# Ampol Foodary Edmondson Park

2072 Camden Valley Way, Edmondson Park NSW 2174, Australia

Operated by AmpCharge

## ⚡ Station Details

Charger Type DC

Power Rating 150 kW

Stations 1

Plugs 2

Hours Open 24/7

## 🔌 Connectors

CHAdeMO 1×

CCS/SAE 1×

## 📍 Location

Local Government Area LIVERPOOL

Postcode 2174

Coordinates-33.9555, 150.8653

## 🔋 Charge Time & Cost Calculator

Estimate how long and how much it costs to charge your EV at this station

Your EV[Select]

Cost per kWh (A$)[Input]

Current charge 20%[Input]

Target charge 80%[Input]

Charge Time

14 min

@ 150.0 kW

Estimated Cost

$19.80

36.0 kWh

Range Added

+295 km

20% → 80%

ℹ️ Station output (150kW) is below your car's max — a faster charger would reduce charge time.-----------
[opened page] Internal Error ()
citeturn330view0 [wordlim: 200] Source: open({""ref_id"":""https://ev-charging.rollersoft.com.au/station/154"",""lineno"":null}); Total lines: 1
L0: Failed to fetch https://ev-charging.rollersoft.com.au/station/154: Cache miss"
TFNSW-0332,330,,"220 Taren Point Road, Caringbah NSW 2229",Evie Networks,2229.0,OSM;Charge@Large,OSM;Charge@Large,"Charge@Large:Koonya Cct, Caringbah, NSW 2229",178.21078572312183,9,OSM:coordinate_500m;Charge@Large:coordinate_500m,"""220 Taren Point Road, Caringbah NSW 2229"" EV charger",https://ev-charging-stations.com.au/chargers/nsw/caringbah,True,True,high,Opened page contains an address-level charging signal.,web evidence only; same-station identity not automatically proven,"[search] EV Charging Stations Finder (https://ev-charging-stations.com.au/chargers/nsw/caringbah)
citeturn331search0 [wordlim: 200] Crawled: 2 weeks ago; # EV charging in Caringbah, NSW ... 220 Taren Point Road, Sydney, NSW, 2229

Search Results

# EV charging in Caringbah, NSW

966 stations found Live availability Showing 1–10 of 966

[Input: Caringbah, NSW]

Sort

[Button: Nearest][Button: Fastest charger][Button: Most connectors]

All DC Fast · 50+ kW Ultra-fast · 150+ kW Available now

AmpCharge

## AmpCharge

477-481 Port Hacking Road, Sydney, NSW, 2229

0.80 km

CCS 160 kW

DirectionsView details

bp pulse

## bp pulse

Captain Cook Dr, Sydney, NSW, 2229

1.41 km

CCS 50 kW

DirectionsView details

Evie

## Evie

220 Taren Point Road, Sydney, NSW, 2229

1.75 km

CCS 75 kW CHAdeMO 63 kW

DirectionsView details

Sponsored

Ad

Tesla

## Tesla

100-104 Parraweena Road, Sydney, NSW, 2228

2.03 km

CCS 300 kW

DirectionsView details

Tesla

## Tesla

600 Kingsway, Sydney, NSW, 2228

2.40 km

Type 2 22 kW

DirectionsView details

Exploren

## Exploren

25 Bay Road, Sydney, NSW, 2229

2.47 km

Type 2 22 kW

DirectionsView details

ChargeHub

## ChargeHub

680 Kingsway, Sydney, NSW, 2228


[opened page] EV Charging Stations Finder (https://ev-charging-stations.com.au/chargers/nsw/caringbah)
citeturn332view0 [wordlim: 200] Crawled: last week; Content type: text/html; Source: open({""ref_id"":""https://ev-charging-stations.com.au/chargers/nsw/caringbah"",""lineno"":null}); Total lines: 178
L0: cite0†iframe†www.googletagmanager.com L1: 
L2: Search Results
L3: 
L4: # EV charging in Caringbah, NSW
L5: 
L6: 966 stations found Live availability Showing 1–10 of 966
L7: 
L8: [Input: Caringbah, NSW]
L9: 
L10: Sort
L11: 
L12: [Button: Nearest][Button: Fastest charger][Button: Most connectors]
L13: 
L14: All DC Fast · 50+ kW Ultra-fast · 150+ kW Available now
L15: 
L16: AmpCharge
L17: 
L18: ## AmpCharge
L19: 
L20: 477-481 Port Hacking Road, Sydney, NSW, 2229
L21: 
L22: 0.80 km
L23: 
L24: CCS 160 kW
L25: 
L26: cite1†Directions†www.google.com cite2†View details L27: 
L28: bp pulse
L29: ## bp pulse
L30: 
L31: Captain Cook Dr, Sydney, NSW, 2229
L32: 
L33: 1.41 km
L34: 
L35: CCS 50 kW
L36: 
L37: cite3†Directions†www.google.com cite4†View details L38: 
L39: Evie
L40: 
L41: ## Evie
L42: 
L43: 220 Taren Point Road, Sydney, NSW, 2229
L44: 
L45: 1.75 km
L46: 
L47: CCS 75 kW CHAdeMO 63 kW
L4"
TFNSW-0336,334,,"224 Prospect Highway, Seven Hills NSW 2147",Evie Networks,2147.0,OSM,OSM,,7.611890022358916,4,OSM:coordinate_500m,"""224 Prospect Highway, Seven Hills NSW 2147"" EV charger",https://www.sevenhillsplaza.com.au/location-parking,True,True,high,Opened page contains an address-level charging signal.,web evidence only; same-station identity not automatically proven,"[search] Location & parking | Seven Hills Plaza (https://www.sevenhillsplaza.com.au/location-parking)
citeturn333search0 [wordlim: 200] Crawled: today; Seven Hills Plaza is located at 224 Prospect Highway, Seven Hills NSW 2147. ... Our EVIE Electric Undercover Car Charging Stations are located in our lower level carpark, entry via Federal Road.
5.5 - 6 hours  | $25.00
6 - 6.5 hours  | $30.00
6.5 - 7 hours  | $35.00
7+ hours  | $35.00

For further information please contact the Centre Management Office (02) 9621 3144 or via email info@sevenhillsplaza.com.au. Conditions of entry are displayed throughout the carpark. 

Electric Car Charging Stations
Our EVIE Electric Undercover Car Charging Stations are located in our lower level carpark, entry via Federal Road.

View Frequently Asked Questions

##### PUBLIC TRANSPORT

Seven Hills Plaza is located next to the major transport hub of Seven Hills Station, with regular trains and buses servicing the area. Visit Transport NSW to plan your next trip to Seven Hills Plaza.

Trading hours

Some retailers trade outside of standard centre trading hours. Please check with individual stores for specific trading times.

Monday: 9:00 am - 5:30 pm

Tuesday
[opened page] Location & parking | Seven Hills Plaza (https://www.sevenhillsplaza.com.au/location-parking)
citeturn334view0 [wordlim: 200] Crawled: today; Content type: text/html; Source: open({""ref_id"":""https://www.sevenhillsplaza.com.au/location-parking"",""lineno"":null}); Total lines: 112
L0: cite0†iframe†www.googletagmanager.com L1: 
L2: Shop 9:00 am til 9:00 pm today Open now
L3: 
L4: cite1†Facebook†www.facebook.com L5: 
L6: cite2†Twitter†twitter.com L7: 
L8: cite3†Instagram†www.instagram.com L9: 
L10: [Input: Search]
L11: 
L12: [Input]
L13: 
L14: cite4†Visit L15: 
L16: cite4†Trading hours L17: 
L18: cite5†Facilities & services L19: 
L20: cite6†Location & parking L21: 
L22: cite7†Contact us L23: 
L24: cite8†Shop L25: 
L26: cite9†Eat L27: 
L28: [Input: Search]
L29: 
L30: [Input]
L31: 
L32: # Location & parking
L33: 
L34: Seven Hills Plaza is located at cite10†224 Prospect Highway, Seven Hills NSW 2147†goo.gl .
L35: ##### PARKING
L36: 
L37: Undercover shaded parking is located on the ground level Federal Road and rooftop carparks.
L38: 
L39: Enjoy the first three hours of parking for free with number plate recognition technology. Re-enter after 2 hours on"
TFNSW-0340,338,,"2260 Camden Valley Way, Sydney NSW 2170",JOLT,2170.0,OSM,OSM,,7.777506602184011,4,OSM:coordinate_500m,"""2260 Camden Valley Way, Sydney NSW 2170"" EV charger",https://ev-charging-stations.com.au/chargers/jolt-2260-camden-valley-way-sydney-nsw-2170-casula,True,False,medium,"Charging evidence exists, but address/page confirmation is incomplete.",web evidence only; same-station identity not automatically proven,"[search] EV Charging Stations Finder (https://ev-charging-stations.com.au/chargers/jolt-2260-camden-valley-way-sydney-nsw-2170-casula)
citeturn335search0 [wordlim: 200] Crawled: last month; 2260 Camden Valley Way, Sydney, NSW, 2170 (Casula) ... 2260 Camden Valley Way, Sydney, NSW, 2170 (Casula)

JOLT

# JOLT

2260 Camden Valley Way, Sydney, NSW, 2170 (Casula)

Plan Journey Get Directions

Available now

—

Connectors

2

2 types

Max speed

25 kW


## Connectors at this station

Type, max power and live availability

2 types

CHADE MO

CHAdeMO

25 kW 1 port Fast AC

CCS 2

CCS

25 kW 1 port Fast AC

## Station info

Access, parking & amenities

Hours · Today

24 / 7

Google rating

4.3 ★ (7)

Food nearby

Crossroads Hotel

Visit website Updated 739h ago


## Map & location

2260 Camden Valley Way, Sydney, NSW, 2170 (Casula)

Get directions in Google Maps

Image: JOLT logo

JOLT

JOLT

Sydney, NSW

4.3(7 reviews)Google

Navigate here Plan Journey

Save Maps

## Is this information accurate?

Looks correct Report an issue

Do you manage this charger?

Claim to keep details accurate and respond to feedback

Sign in to claim--------------------------------------------------------------------
[opened page] Internal Error ()
citeturn336view0 [wordlim: 200] Source: open({""ref_id"":""https://ev-charging-stations.com.au/chargers/jolt-2260-camden-valley-way-sydney-nsw-2170-casula"",""lineno"":null}); Total lines: 1
L0: Failed to fetch https://ev-charging-stations.com.au/chargers/jolt-2260-camden-valley-way-sydney-nsw-2170-casula: Cache miss"
TFNSW-0341,339,,"2260 Camden Valley Way, Sydney NSW 2170",JOLT,2170.0,OSM,OSM,,19.03298201099214,4,OSM:coordinate_500m,"""2260 Camden Valley Way, Sydney NSW 2170"" EV charger",https://ev-charging-stations.com.au/chargers/jolt-2260-camden-valley-way-sydney-nsw-2170-casula,True,False,medium,"Charging evidence exists, but address/page confirmation is incomplete.",web evidence only; same-station identity not automatically proven,"[search] EV Charging Stations Finder (https://ev-charging-stations.com.au/chargers/jolt-2260-camden-valley-way-sydney-nsw-2170-casula)
citeturn337search0 [wordlim: 200] Crawled: last month; 2260 Camden Valley Way, Sydney, NSW, 2170 (Casula) ... 2260 Camden Valley Way, Sydney, NSW, 2170 (Casula)

JOLT

# JOLT

2260 Camden Valley Way, Sydney, NSW, 2170 (Casula)

Plan Journey Get Directions

Available now

—

Connectors

2

2 types

Max speed

25 kW


## Connectors at this station

Type, max power and live availability

2 types

CHADE MO

CHAdeMO

25 kW 1 port Fast AC

CCS 2

CCS

25 kW 1 port Fast AC

## Station info

Access, parking & amenities

Hours · Today

24 / 7

Google rating

4.3 ★ (7)

Food nearby

Crossroads Hotel

Visit website Updated 739h ago


## Map & location

2260 Camden Valley Way, Sydney, NSW, 2170 (Casula)

Get directions in Google Maps

Image: JOLT logo

JOLT

JOLT

Sydney, NSW

4.3(7 reviews)Google

Navigate here Plan Journey

Save Maps

## Is this information accurate?

Looks correct Report an issue

Do you manage this charger?

Claim to keep details accurate and respond to feedback

Sign in to claim--------------------------------------------------------------------
[opened page] Internal Error ()
citeturn338view0 [wordlim: 200] Source: open({""ref_id"":""https://ev-charging-stations.com.au/chargers/jolt-2260-camden-valley-way-sydney-nsw-2170-casula"",""lineno"":null}); Total lines: 1
L0: Failed to fetch https://ev-charging-stations.com.au/chargers/jolt-2260-camden-valley-way-sydney-nsw-2170-casula: Cache miss"
TFNSW-0361,359,,"241 Waterworth Drive, Mount Annan NSW 2567",Viva Energy Australia,2567.0,OSM;Charge@Large,OSM;Charge@Large,"Charge@Large:11 - 13 Main St, Mount Annan, NSW 2567",42.561734788781095,8,OSM:coordinate_500m;Charge@Large:coordinate_500m,"""241 Waterworth Drive, Mount Annan NSW 2567"" EV charger",https://www.chargeroute.au/chargers/nsw/viva-energy-australia-mount-annan-mount-annan,True,False,medium,"Charging evidence exists, but address/page confirmation is incomplete.",web evidence only; same-station identity not automatically proven,"[search] Viva Energy Australia — Mount Annan EV Charger — Mount Annan NSW | ChargeRoute (https://www.chargeroute.au/chargers/nsw/viva-energy-australia-mount-annan-mount-annan)
citeturn339search0 [wordlim: 200] Crawled: last week; Viva Energy A — Mount Annan Mount Annan, NSW · 241 Waterworth Dr, Mount Annan NSW 2567, Australia DCup to 350 kWViva Energy AScore 32.5 Unknown status Ampol — Sydney Sydney, NSW · NARELLAN RD CNR MAXWELL PL, Sydney, 2567 DCup to 150 kWAmpolScore 31 Operational (per source)Evie — Somerset Ave Somerset Ave, NSW · Camden Valley Way &, Somerset Ave, Narellan NSW 2567 DCup to 150 kWEvieScore 31 Planned / not confirmed operational NRMA Electric — Village Cct Gregory Hills Village Cct Gregory Hills, NSW · 33 Village Cct Gregory Hills NSW 2557 Australia up to 350 kWNRMA ElectricScore 30 Planned / not confirmed operational Exploren — Sydney Sydney, NSW · Holborn Ct, Sydney, 2557 DCup to 150 kWExplorenScore 31 Operational (per source)Tesla — Sydney Sydney, NSW · 200 Gilchrist Drive, Sydney, 2560 ACup to 22 kWTeslaScore 24.5 Operational (per source)Evie — Sydney Sydney, NSW · 4 Tindall St, Sydney, 2560 DCup to 150 kWEvieScore 31 Operational (per source)Chargefox — Sydney S
[opened page] Internal Error ()
citeturn340view0 [wordlim: 200] Source: open({""ref_id"":""https://www.chargeroute.au/chargers/nsw/viva-energy-australia-mount-annan-mount-annan"",""lineno"":null}); Total lines: 1
L0: Failed to fetch https://www.chargeroute.au/chargers/nsw/viva-energy-australia-mount-annan-mount-annan: Cache miss"
TFNSW-0367,365,,"247 Belmore Road, Riverwood NSW 2210",Evie Networks,2210.0,Charge@Large,,"Charge@Large:150 Belmore Rd, Riverwood, NSW 2210",1020.518975191437,4,Charge@Large:fuzzy_address_only,"""247 Belmore Road, Riverwood NSW 2210"" EV charger",https://www.plugroo.com.au/nsw/riverwood,True,False,medium,"Charging evidence exists, but address/page confirmation is incomplete.",web evidence only; same-station identity not automatically proven,"[search] EV Charging Stations Riverwood – Find Chargers Near You | Plugroo (https://www.plugroo.com.au/nsw/riverwood)
citeturn341search0 [wordlim: 200] Crawled: 5 days ago;   * 247 Belmore Rd, Riverwood NSW 2210 CCS 23×75 kW CHAdeMO1×63 kW View station details ...   * Cnr Milperra & The River Rd, Revesby, Sydney NSW 2212 CCS 21×75 kW CHAdeMO1×75 kW View station details ... Plugroo helps Riverwood EV drivers avoid stale charger directories by combining operator data with verified community reports, so station status, access rules and pricing are easier to check before you arrive. ... EV charging stations finder, built for Australia.

# EV Charging Stations Riverwood – Find Chargers Near You | Plugroo

## EV Charging Stations in Riverwood, NSW

Riverwood is an ABS Suburb and Locality covering approximately 3.79 km² with a 2021 Census population of 12,793. Plugroo maps the public electric vehicle charging stations available in this area with live status, pricing and verified plug types.

186

Public chargers in Riverwood

41

DC fast charging stations

1

Free EV charging sites

20

Charging networks covered

## Popular charging stations near Riverwood

Explore the public EV charging statio
[opened page] Internal Error ()
citeturn342view0 [wordlim: 200] Source: open({""ref_id"":""https://www.plugroo.com.au/nsw/riverwood"",""lineno"":null}); Total lines: 1
L0: Failed to fetch https://www.plugroo.com.au/nsw/riverwood: Cache miss"
TFNSW-0379,377,,"26 Bent Street, Sydney NSW 2137",Evie Networks,2137.0,OSM,OSM,,7.4622128159928,5,OSM:coordinate_500m,"""26 Bent Street, Sydney NSW 2137"" EV charger",https://ev-charging-stations.com.au/chargers/evie-26-bent-street-sydney-nsw-2137,True,True,high,Opened page contains an address-level charging signal.,web evidence only; same-station identity not automatically proven,"[search] EV Charging Stations Finder (https://ev-charging-stations.com.au/chargers/evie-26-bent-street-sydney-nsw-2137)
citeturn343search0 [wordlim: 200] Crawled: 3 months ago; 26 Bent Street, Sydney, NSW, 2137 ... 26 Bent Street, Sydney, NSW, 2137

Evie

# Evie Charging Station

26 Bent Street, Sydney, NSW, 2137

Plan Journey Get Directions

Available now

—

Connectors

2

1 type

Max speed

75 kW


## Connectors at this station

Type, max power and live availability

1 type

CCS 2

CCS

75 kW 2 ports Fast DC

## Station info

Access, parking & amenities

Hours · Today

24 / 7

Parking

Free parking lot

Google rating

4 ★ (4)

Food nearby

M.J & Co Concord

Accessibility

Accessible parking

Visit website Updated 766h ago

## Map & location

26 Bent Street, Sydney, NSW, 2137

Get directions in Google Maps

Image: Evie logo

Evie

Evie Charging Station

Sydney, NSW

4(4 reviews)Google

Navigate here Plan Journey

Save Maps

## Is this information accurate?

Help us keep this listing up to date

Looks correct Report an issue

Do you manage this charger?

Claim to keep details accurate and respond to feedback

Sign in to claim
-------------------------------------------------------------
[opened page] EV Charging Stations Finder (https://ev-charging-stations.com.au/chargers/evie-26-bent-street-sydney-nsw-2137)
citeturn344view0 [wordlim: 200] Crawled: 5 months ago; Content type: text/html; Source: open({""ref_id"":""https://ev-charging-stations.com.au/chargers/evie-26-bent-street-sydney-nsw-2137"",""lineno"":null}); Total lines: 95
L0: cite19†Image: EV Charging Stations L1: 
L2: cite0†Find Stations cite1†Journey Planner cite2†Guides cite3†About cite4†Contact L3: 
L4: cite5†Near Me cite6† Sign in  L5: 
L6: Evie
L7: 
L8: # Evie
L9: 
L10: 26 Bent Street, Sydney, NSW, 2137 2 connectors  75 kW max
L11: 
L12: cite1† Plan Journey  L13: 
L14: Connectors
L15: 
L16: 2
L17: 
L18: 1 type
L19: 
L20: Fastest charger
L21: 
L22: 75 kW
L23: 
L24: max output
L25: 
L26: Pricing
L27: 
L28: Not listed
L29: 
L30: per kWh when listed
L31: 
L32: ## Connectors at this station
L33: 
L34: Type, max power and pricing where available.
L35: 
L36: 1 type
L37: 
L38: CCS
L39: 
L40: 2 ports 75 kW
L41: 
L42: Sponsored
L43: 
L44: Ad
L45: ## Map & location
L46: 
L47: 26 Bent Street, Sydney, NSW, 2137
L48: 
L49: cite7†Get Directions †www.google.com L50: 
L51: Is the information on this page"
TFNSW-0399,397,,"2-8 Turramurra Avenue, Sydney NSW 2074",Evie Networks,2074.0,Charge@Large,Charge@Large,"Charge@Large:5 Ray St, Turramurra, NSW 2074",313.0083609082256,4,Charge@Large:coordinate_500m,"""2-8 Turramurra Avenue, Sydney NSW 2074"" EV charger",https://www.nsw.gov.au/sites/default/files/2024-12/historic-vehicle-clubs-list_0.pdf,True,False,low,"Generic, unrelated, or weak address/charging evidence.",web evidence only; same-station identity not automatically proven,"[search] Transport for NSW  Recognised  Clubs of NSW as at 20-12-2024 (https://www.nsw.gov.au/sites/default/files/2024-12/historic-vehicle-clubs-list_0.pdf)
citeturn345search12 [wordlim: 200] Published: 1.7 years ago; |  | GPO Box 794  | SYDNEY  | NSW  | 2001  | Graeme Glover  | 9997 5967  | NO  | ... Historic Classic and Muscle Car Association Incorporated  | INC2201158  | 7 Hamilton Avenue  | EARLWOOD  | NSW  | 2206  | Donato Rulli  | 0411 854 321  | YES  | historic.cmca@gmail.com ... Historic Sports & Racing Car Association of NSW  |  | PO Box 5063  | SOUTH TURRAMURRA  | NSW  | 2074  | Patrick Quinn  | 0417 673 065  | YES  | p.cquinn@outlook.com ... Honda Sports Car Club of Australia Incorporated  | INC1300873  | PO Box 557  | JANNALI  | NSW  | 2232  | Iain Riley  | 0418 860 885  | YES  | iain.riley@yahoo.com
Historic Motor Vehicle Club Inc  | INC1900032  | 118 Glenbrook Rd  | GLENBROOK  | NSW  | 2773  | Bede Norton  | historicmotorvehicleclub@gmail.co
m  | YES  | historicmotorvehicleclub@gmail.com
Historic Motorcycles Dubbo Inc  |  | PO Box 4339  | DUBBO  | NSW  | 2830  | Noel Bensley  | 6882 2711  | YES  | 
Historic Muscle Cars Australia Inc  |  | PO Box 8085  | ORANGE  | NSW  | 280
[opened page] Internal Error ()
citeturn346view0 [wordlim: 200] Source: open({""ref_id"":""https://www.nsw.gov.au/sites/default/files/2024-12/historic-vehicle-clubs-list_0.pdf"",""lineno"":null}); Total lines: 1
L0: URL https://www.nsw.gov.au/sites/default/files/2024-12/historic-vehicle-clubs-list_0.pdf is not safe to open (non-retryable error)"
TFNSW-0422,420,,"3 Corkhill Place, Bega NSW 2550",Chargefox,2550.0,OSM,OSM,,54.91999564224437,4,OSM:coordinate_500m,"""3 Corkhill Place, Bega NSW 2550"" EV charger",https://ev-charging-stations.com.au/chargers/chargefox-3-corkhill-place-bega-nsw-2550,True,True,high,Opened page contains an address-level charging signal.,web evidence only; same-station identity not automatically proven,"[search] EV Charging Stations Finder (https://ev-charging-stations.com.au/chargers/chargefox-3-corkhill-place-bega-nsw-2550)
citeturn347search0 [wordlim: 200] Crawled: 2 months ago; 3 Corkhill Place, Bega, NSW, 2550

ChargeFox

# Chargefox Charging Station

3 Corkhill Place, Bega, NSW, 2550

Plan Journey Get Directions

Available now

—

Connectors

1

1 type

Max speed

42 kW


## Connectors at this station

Type, max power and live availability

1 type

CCS 2

CCS

42 kW 1 port Fast AC

## Station info

Access, parking & amenities

Hours · Today

24 / 7

Google rating

3.8 ★ (8)

Visit website Updated 1942h ago


## Map & location

3 Corkhill Place, Bega, NSW, 2550

Get directions in Google Maps

Image: ChargeFox logo

ChargeFox

Chargefox Charging Station

3.8(8 reviews)Google

Navigate here Plan Journey

Save Maps

## Is this information accurate?--------------------------------------------------------------------------------
EV Charging Stations Finder (https://ev-charging-stations.com.au/chargers/nsw/bega)
citeturn347search1 [wordlim: 200] Crawled: 2 months ago; # EV charging in Bega, NSW ... 3 Corkhill Place, Bega, NSW, 2550

Search Results

# EV charging in Bega, NSW

19 stati
[opened page] EV Charging Stations Finder (https://ev-charging-stations.com.au/chargers/chargefox-3-corkhill-place-bega-nsw-2550)
citeturn348view0 [wordlim: 200] Crawled: 4 months ago; Content type: text/html; Source: open({""ref_id"":""https://ev-charging-stations.com.au/chargers/chargefox-3-corkhill-place-bega-nsw-2550"",""lineno"":null}); Total lines: 126
L0: cite22†Image: EV Charging Stations L1: 
L2: cite0†Find Stations cite1†Journey Planner cite2†Guides cite3†About cite4†Contact L3: 
L4: cite5†Near Me cite6† Sign in  L5: 
L6: ChargeFox
L7: 
L8: # Chargefox Charging Station
L9: 
L10: 3 Corkhill Place, Bega, NSW, 2550
L11: 
L12: cite1† Plan Journey  cite7† Get Directions †www.google.com L13: 
L14: Available now
L15: 
L16: —
L17: 
L18: Connectors
L19: 
L20: 1
L21: 
L22: 1 type
L23: 
L24: Max speed
L25: 
L26: 42 kW
L27: 
L28: Fast AC
L29: 
L30: Reliability
L31: 
L32: —
L33: 
L34: Is this information accurate?
L35: 
L36: Looks correct | Report issue
L37: 
L38: Thanks for your feedback!
L39: ## Connectors at this station
L40: 
L41: Type, max power and live availability
L42: 
L43: 1 type
L44: 
L45: CCS 2
L46: 
L47: CCS
L48: 
L49: 42 kW 1 port Fast AC
L50: 
L51: ## Stati"
TFNSW-0424,422,,"3 George Street, North Strathfield NSW 2137",Evie Networks,2137.0,OSM,OSM,,9.923943142472616,5,OSM:coordinate_500m,"""3 George Street, North Strathfield NSW 2137"" EV charger",https://www.property.com.au/nsw/north-strathfield-2137/george-st/3-pid-9035702/,True,False,low,"Generic, unrelated, or weak address/charging evidence.",web evidence only; same-station identity not automatically proven,"[search] 3 George Street, North Strathfield NSW 2137 - property.com.au (https://www.property.com.au/nsw/north-strathfield-2137/george-st/3-pid-9035702/)
citeturn349search0 [wordlim: 200] Crawled: 2 months ago; # 3 George Street North Strathfield, NSW 2137

# 3 George Street North Strathfield, NSW 2137

House

-

-

-

3.11 ha

2.32 ha

Edit

This is my home

Suburb profile

## About the property

3 George Street is a house in North Strathfield. It sits on a 3.11 ha lot. It is located within Canada Bay council, with no bushfire, flood, or heritage overlays detected. It is within the catchment of Strathfield North Public School, Homebush Boys High School, and 2 other schools. It has reliable NBN Fibre to the Curb and 5G mobile coverage.

Image: PropTrack logo

## Property boundary

Explore the location and property boundary, including the measurements of fence lines and building area

Map type switcher

[Input]Default

[Input]Satellite

See on Google Map

Measurements are estimates only. Data provided under licence from © Geoscape Australia 2022. Copyright and Disclaimer Notice.

## Property features

The property details of 3 George St, North Strathfield can help you make the decision if 
[opened page] Internal Error ()
citeturn350view0 [wordlim: 200] Source: open({""ref_id"":""https://www.property.com.au/nsw/north-strathfield-2137/george-st/3-pid-9035702/"",""lineno"":null}); Total lines: 1
L0: Failed to fetch https://www.property.com.au/nsw/north-strathfield-2137/george-st/3-pid-9035702/: (429) Too Many Requests"
TFNSW-0433,431,,"30 Dowling Street, Sydney NSW 2096",JOLT,2096.0,OSM,OSM,,2.0504349365488177,6,OSM:coordinate_500m,"""30 Dowling Street, Sydney NSW 2096"" EV charger",https://ev-charging-stations.com.au/chargers/nsw/brookvale,True,True,high,Opened page contains an address-level charging signal.,web evidence only; same-station identity not automatically proven,"[search] EV Charging Stations Finder (https://ev-charging-stations.com.au/chargers/nsw/brookvale)
citeturn351search0 [wordlim: 200] Crawled: last week; # EV charging in Brookvale, NSW ... 30 Dowling Street, Sydney, NSW, 2096 ... ## Tesla Supercharger

Search Results

# EV charging in Brookvale, NSW

949 stations found Live availability Showing 1–10 of 949

[Input: Brookvale, NSW]

Sort

[Button: Nearest][Button: Fastest charger][Button: Most connectors]

All DC Fast · 50+ kW Ultra-fast · 150+ kW Available now

EVUp

## EVUp

2 Cross Street, Sydney, NSW, 2100

0.30 km

Type 2 22 kW

DirectionsView details

JOLT

## Jolt Charging Station

87 Winbourne Road, Sydney, NSW, 2100

0.40 km

CCS 25 kW CHAdeMO 25 kW

DirectionsView details

Tesla

## Tesla Destination

145 Old Pittwater Road, Sydney, NSW, 2100

0.57 km

Type 2 22 kW

DirectionsView details

Sponsored

Ad

ChargeFox

## Chargefox Charging Station

9-13 Winbourne Rd, Sydney, NSW, 2100

0.64 km

Type 2 22 kW

DirectionsView details

EVX

## EVX Charging Station

Campbell Pde, Sydney, NSW, 2093

1.77 km

Type 2 22 kW

DirectionsView details

Exploren

## Exploren Charging Station

118 Allambie Road, Sydney, NSW, 2100

1.78 km

Type 2 
[opened page] EV Charging Stations Finder (https://ev-charging-stations.com.au/chargers/nsw/brookvale)
citeturn352view0 [wordlim: 200] Crawled: last week; Content type: text/html; Source: open({""ref_id"":""https://ev-charging-stations.com.au/chargers/nsw/brookvale"",""lineno"":null}); Total lines: 178
L0: cite0†iframe†www.googletagmanager.com L1: 
L2: Search Results
L3: 
L4: # EV charging in Brookvale, NSW
L5: 
L6: 949 stations found Live availability Showing 1–10 of 949
L7: 
L8: [Input: Brookvale, NSW]
L9: 
L10: Sort
L11: 
L12: [Button: Nearest][Button: Fastest charger][Button: Most connectors]
L13: 
L14: All DC Fast · 50+ kW Ultra-fast · 150+ kW Available now
L15: 
L16: EVUp
L17: 
L18: ## EVUp
L19: 
L20: 2 Cross Street, Sydney, NSW, 2100
L21: 
L22: 0.30 km
L23: 
L24: Type 2 22 kW
L25: 
L26: cite1†Directions†www.google.com cite2†View details L27: 
L28: JOLT
L29: ## Jolt Charging Station
L30: 
L31: 87 Winbourne Road, Sydney, NSW, 2100
L32: 
L33: 0.40 km
L34: 
L35: CCS 25 kW CHAdeMO 25 kW
L36: 
L37: cite3†Directions†www.google.com cite4†View details L38: 
L39: Tesla
L40: 
L41: ## Tesla Destination
L42: 
L43: 145 Old Pittwater Road, Sydney, NSW, 2100
L44: 
L45: 0.57 km
L46: 
L47: Type"
TFNSW-0439,437,,"30-36 Sharp Street, Cooma NSW 2630",Tesla,2630.0,OSM,OSM,,5.525968922291167,5,OSM:coordinate_500m,"""30-36 Sharp Street, Cooma NSW 2630"" EV charger",https://ev-charging-stations.com.au/chargers/tesla-30-36-sharp-street-cooma-nsw-2630,True,True,high,Opened page contains an address-level charging signal.,web evidence only; same-station identity not automatically proven,"[search] EV Charging Stations Finder (https://ev-charging-stations.com.au/chargers/tesla-30-36-sharp-street-cooma-nsw-2630)
citeturn353search0 [wordlim: 200] Crawled: today; 30-36 Sharp Street, Cooma, NSW, 2630 ... 30-36 Sharp Street, Cooma, NSW, 2630

Tesla

# Tesla Supercharger

30-36 Sharp Street, Cooma, NSW, 2630

Available now

—

Connectors

10

1 type

Max speed

300 kW

Ultra-fast DC

Reliability

—

## Connectors at this station

Type, max power and live availability

1 type

CCS 2

CCS

300 kW 10 ports Ultra-fast DC

## Station info

Access, parking & amenities

Hours · Today

24 / 7

Google rating

4.4 ★ (11)

Food nearby

KFC Cooma

Visit website Updated 3425h ago

## Map & location

30-36 Sharp Street, Cooma, NSW, 2630

Get directions in Google Maps

Image: Tesla logo

Tesla

Tesla Supercharger

Cooma, NSW

4.4(11 reviews)Google

## Is this information accurate?

Help us keep this listing up to date

Looks correct Report an issue

Do you manage this charger?

Claim to keep details accurate and respond to feedback

Sign in to claim--------------------------------------------------------------------------------
EV Charging Stations Finder (https://ev-charging-stations.com.au/c
[opened page] EV Charging Stations Finder (https://ev-charging-stations.com.au/chargers/tesla-30-36-sharp-street-cooma-nsw-2630)
citeturn354view0 [wordlim: 200] Crawled: 2 weeks ago; Content type: text/html; Source: open({""ref_id"":""https://ev-charging-stations.com.au/chargers/tesla-30-36-sharp-street-cooma-nsw-2630"",""lineno"":null}); Total lines: 128
L0: cite0†iframe†www.googletagmanager.com L1: 
L2: Tesla
L3: 
L4: # Tesla Supercharger
L5: 
L6: 30-36 Sharp Street, Cooma, NSW, 2630
L7: 
L8: cite1†Plan Journey cite2†Get Directions†www.google.com L9: 
L10: Available now
L11: 
L12: —
L13: 
L14: Connectors
L15: 
L16: 10
L17: 
L18: 1 type
L19: 
L20: Max speed
L21: 
L22: 300 kW
L23: 
L24: Ultra-fast DC
L25: 
L26: Reliability
L27: 
L28: —
L29: 
L30: Is this information accurate?
L31: 
L32: Looks correct | Report issue
L33: 
L34: Thanks for your feedback!
L35: 
L36: ## Connectors at this station
L37: 
L38: Type, max power and live availability
L39: 
L40: 1 type
L41: 
L42: CCS 2
L43: 
L44: CCS
L45: 
L46: 300 kW 10 ports Ultra-fast DC
L47: ## Station info
L48: 
L49: Access, parking & amenities
L50: 
L51: Hours · Today
L52: 
L53: 24 / 7
L54: 
L55: Google rating
L56: 
L57: 4.4 ★ (11)
L58: 
L59: Fo"
TFNSW-0441,439,,"30A Richland Street, Sydney NSW 2208",Exploren,2208.0,Charge@Large,Charge@Large,"Charge@Large:30A Richland St, Kingsgrove, NSW 2208",0.042495025850403,4,Charge@Large:coordinate_and_fuzzy_address,"""30A Richland Street, Sydney NSW 2208"" EV charger",https://ev-charging-stations.com.au/chargers/nsw/kingsgrove,True,True,high,Opened page contains an address-level charging signal.,web evidence only; same-station identity not automatically proven,"[search] EV Charging Stations Finder (https://ev-charging-stations.com.au/chargers/nsw/kingsgrove)
citeturn355search0 [wordlim: 200] Crawled: 2 months ago; # EV charging in Kingsgrove, NSW ... 30A Richland Street, Sydney, NSW, 2208

Search Results

# EV charging in Kingsgrove, NSW

950 stations found Live availability Showing 1–10 of 950

[Input: Kingsgrove, NSW]

Sort

[Button: Nearest][Button: Fastest charger][Button: Most connectors]

All DC Fast · 50+ kW Ultra-fast · 150+ kW Available now

Exploren

## Exploren Charging Station

30A Richland Street, Sydney, NSW, 2208

0.31 km

CCS 120 kW

DirectionsView details

EVERTY

## EVERTY Charging Station

Oliver St, Sydney, NSW, 2207

1.00 km

Type 2 22 kW

DirectionsView details

JOLT

## Jolt Charging Station

141 Morgan Street, Sydney, NSW, 2209

2.10 km

CHAdeMO 25 kW CCS 25 kW

DirectionsView details

Sponsored

Ad

Exploren

## Exploren Charging Station

26-62 Bridge Road, Sydney, NSW, 2192

2.41 km

Type 2 22 kW

DirectionsView details

Exploren

## Exploren Charging Station

21 Roseland Avenue, Sydney, NSW, 2196

2.61 km

Type 2 22 kW

DirectionsView details

JOLT

## JOLT Charging Station

44 Broad Arrow Road, Sydney, NSW, 2209

2.8
[opened page] EV Charging Stations Finder (https://ev-charging-stations.com.au/chargers/nsw/kingsgrove)
citeturn356view0 [wordlim: 200] Crawled: last week; Content type: text/html; Source: open({""ref_id"":""https://ev-charging-stations.com.au/chargers/nsw/kingsgrove"",""lineno"":null}); Total lines: 178
L0: cite0†iframe†www.googletagmanager.com L1: 
L2: Search Results
L3: 
L4: # EV charging in Kingsgrove, NSW
L5: 
L6: 960 stations found Live availability Showing 1–10 of 960
L7: 
L8: [Input: Kingsgrove, NSW]
L9: 
L10: Sort
L11: 
L12: [Button: Nearest][Button: Fastest charger][Button: Most connectors]
L13: 
L14: All DC Fast · 50+ kW Ultra-fast · 150+ kW Available now
L15: 
L16: Exploren
L17: 
L18: ## Exploren Charging Station
L19: 
L20: 30A Richland Street, Sydney, NSW, 2208
L21: 
L22: 0.31 km
L23: 
L24: CCS 120 kW
L25: 
L26: cite1†Directions†www.google.com cite2†View details L27: 
L28: EVERTY
L29: ## EVERTY Charging Station
L30: 
L31: Oliver St, Sydney, NSW, 2207
L32: 
L33: 1.00 km
L34: 
L35: Type 2 22 kW
L36: 
L37: cite3†Directions†www.google.com cite4†View details L38: 
L39: JOLT
L40: 
L41: ## Jolt Charging Station
L42: 
L43: 141 Morgan Street, Sydney, NSW, 2209
L44: 
L45: 2.10 km"
TFNSW-0496,494,,"368 Anzac Parade, Sydney NSW 2032",BP,2032.0,OSM,OSM,,9.038161266958763,5,OSM:coordinate_500m,"""368 Anzac Parade, Sydney NSW 2032"" EV charger",https://ev-charging-stations.com.au/chargers/nsw/daceyville,True,False,medium,"Charging evidence exists, but address/page confirmation is incomplete.",web evidence only; same-station identity not automatically proven,"[search] EV Charging Stations Finder (https://ev-charging-stations.com.au/chargers/nsw/daceyville)
citeturn357search0 [wordlim: 200] Crawled: 3 months ago; # EV charging in Daceyville, NSW ... 594-596 Anzac Parade, Sydney, NSW, 2032 ... 368 Anzac Parade, Sydney, NSW, 2032
--------------------------------------------------------------------------------
Providers & Service in Egypt | Cartea (https://egypt.icartea.com/en/car-service/keys)
citeturn357search1 [wordlim: 200] Crawled: 2 months ago; EVX Charging Station ... Tesla Destination Charger ... Alexandria,368 Anzac Parade, Kingsford NSW 2032, Australia ... Alexandria,2 Cathedral St, Sydney NSW 2000, Australia
--------------------------------------------------------------------------------
Providers & Service in Egypt | Cartea (https://egypt.icartea.com/en/car-service/mobil-1-center-hurghada)
citeturn357search2 [wordlim: 200] Crawled: 3 months ago; EVX Charging Station ... Tesla Destination Charger ... Alexandria,368 Anzac Parade, Kingsford NSW 2032, Australia ... Alexandria,2 Cathedral St, Sydney NSW 2000, Australia
--------------------------------------------------------------------------------
وكلاء وخدمة لسيارة في, مصر| كارتي (
[opened page] Internal Error ()
citeturn358view0 [wordlim: 200] Source: open({""ref_id"":""https://ev-charging-stations.com.au/chargers/nsw/daceyville"",""lineno"":null}); Total lines: 1
L0: Failed to fetch https://ev-charging-stations.com.au/chargers/nsw/daceyville: Cache miss"
TFNSW-0501,499,,"375-383 Windsor Road, Sydney NSW 2153",Tesla,2153.0,OSM,OSM,,59.70843832903251,6,OSM:coordinate_500m,"""375-383 Windsor Road, Sydney NSW 2153"" EV charger",https://ev-charging-stations.com.au/chargers/tesla-375-383-windsor-road-sydney-nsw-2153,True,True,high,Opened page contains an address-level charging signal.,web evidence only; same-station identity not automatically proven,"[search] EV Charging Stations Finder (https://ev-charging-stations.com.au/chargers/tesla-375-383-windsor-road-sydney-nsw-2153)
citeturn359search0 [wordlim: 200] Crawled: 4 months ago; 375-383 Windsor Road, Sydney, NSW, 2153 ... 375-383 Windsor Road, Sydney, NSW, 2153
--------------------------------------------------------------------------------
EV Charging Stations Finder (https://ev-charging-stations.com.au/chargers/tesla-375-383-windsor-road-sydney-nsw-2153-rdhizroyhsykax1ob3nhow)
citeturn359search1 [wordlim: 200] Crawled: 3 months ago; 375-383 Windsor Road, Sydney, NSW, 2153 ... 375-383 Windsor Road, Sydney, NSW, 2153
--------------------------------------------------------------------------------
EV Charging Stations Finder (https://ev-charging-stations.com.au/chargers/nsw/baulkham-hills)
citeturn359search2 [wordlim: 200] Crawled: 2 weeks ago; 375-383 Windsor Road, Sydney, NSW, 2153 ... 375-383 Windsor Road, Sydney, NSW, 2153
--------------------------------------------------------------------------------
EV Charging Stations Finder (https://ev-charging-stations.com.au/chargers/nsw/norwest)
citeturn359search3 [wordlim: 200] Crawled: 4 days ago; 375-383 Windsor Road, Sydney
[opened page] EV Charging Stations Finder (https://ev-charging-stations.com.au/chargers/tesla-375-383-windsor-road-sydney-nsw-2153)
citeturn360view0 [wordlim: 200] Crawled: 2 weeks ago; Content type: text/html; Source: open({""ref_id"":""https://ev-charging-stations.com.au/chargers/tesla-375-383-windsor-road-sydney-nsw-2153"",""lineno"":null}); Total lines: 137
L0: cite0†iframe†www.googletagmanager.com L1: 
L2: Tesla
L3: 
L4: # Tesla
L5: 
L6: 375-383 Windsor Road, Sydney, NSW, 2153
L7: 
L8: cite1†Plan Journey cite2†Get Directions†www.google.com L9: 
L10: Available now
L11: 
L12: —
L13: 
L14: Connectors
L15: 
L16: 5
L17: 
L18: 2 types
L19: 
L20: Max speed
L21: 
L22: 250 kW
L23: 
L24: Ultra-fast DC
L25: 
L26: Reliability
L27: 
L28: —
L29: 
L30: Is this information accurate?
L31: 
L32: Looks correct | Report issue
L33: 
L34: Thanks for your feedback!
L35: 
L36: ## Connectors at this station
L37: 
L38: Type, max power and live availability
L39: 
L40: 2 types
L41: 
L42: CCS 2
L43: 
L44: CCS
L45: 
L46: 250 kW 4 ports Ultra-fast DC
L47: 
L48: TYPE 2
L49: 
L50: Type 2
L51: 
L52: 22 kW 1 port Fast AC
L53: ## Station info
L54: 
L55: Access, parking & amenities
L56: 
L57: Hours · Today
L58: 
L59: 24"
TFNSW-0512,510,,"3A Cowell Street, Sydney NSW 2111",Evie Networks,2111.0,OSM,OSM,,20.06767229245546,5,OSM:coordinate_500m,"""3A Cowell Street, Sydney NSW 2111"" EV charger",https://ev-charging-stations.com.au/chargers/nsw/breakfast-point,True,True,high,Opened page contains an address-level charging signal.,web evidence only; same-station identity not automatically proven,"[search] EV Charging Stations Finder (https://ev-charging-stations.com.au/chargers/nsw/breakfast-point)
citeturn361search0 [wordlim: 200] Crawled: last month; # EV charging in Breakfast Point, NSW ... 3A Cowell Street, Sydney, NSW, 2111 ... ## Tesla Destination Charger

Search Results

# EV charging in Breakfast Point, NSW

965 stations found Live availability Showing 1–10 of 965

[Input: Breakfast Point, NSW]

Sort

[Button: Nearest][Button: Fastest charger][Button: Most connectors]

All DC Fast · 50+ kW Ultra-fast · 150+ kW Available now

ChargeFox

## Chargefox Charging Station

143 Sims Street, Esperance, WA, 6450

0.00 km

Type 2 22 kW

DirectionsView details

Evie

## Evie Charging Station

26 Bent Street, Sydney, NSW, 2137

1.42 km

CCS 75 kW

DirectionsView details

Evie

## Evie Charging Station

3A Cowell Street, Sydney, NSW, 2111

1.85 km

CCS 75 kW

DirectionsView details

Sponsored

Ad

EVX

## EVX

286 Morrison Rd, Sydney, NSW, 2112

2.66 km

Type 2 22 kW

DirectionsView details

Exploren

## Exploren

461 Victoria Road, Sydney, NSW, 2111

2.68 km

CCS 120 kW

DirectionsView details

EVERTY

## Everty Charging Station

186 Great North Road, Sydney, NSW, 2046

2.72 km

Type 
[opened page] EV Charging Stations Finder (https://ev-charging-stations.com.au/chargers/nsw/breakfast-point)
citeturn362view0 [wordlim: 200] Crawled: 2 months ago; Content type: text/html; Source: open({""ref_id"":""https://ev-charging-stations.com.au/chargers/nsw/breakfast-point"",""lineno"":null}); Total lines: 180
L0: cite41†Image: EV Charging Stations L1: 
L2: cite0†Find Stations cite1†Journey Planner cite2†Guides cite3†About cite4†Contact L3: 
L4: cite5†Near Me cite6† Sign in  L5: 
L6: Search Results
L7: 
L8: #  EV charging in Breakfast Point, NSW
L9: 
L10: 955 stations found  Live availability  Showing 1–10 of 955
L11: 
L12: Sort
L13: 
L14: Nearest Fastest charger Most connectors
L15: 
L16: All DC Fast · 50+ kW Ultra-fast · 150+ kW Available now
L17: 
L18: ChargeFox
L19: ## Chargefox Charging Station
L20: 
L21: 143 Sims Street, Esperance, WA, 6450
L22: 
L23: 0.00 km
L24: 
L25: Type 2 22 kW
L26: 
L27: cite7†Directions†www.google.com cite8†View details  L28: 
L29: Evie
L30: 
L31: ## Evie Charging Station
L32: 
L33: 26 Bent Street, Sydney, NSW, 2137
L34: 
L35: 1.42 km
L36: 
L37: CCS 75 kW
L38: 
L39: cite9†Directions†www.google.com cite10†View details  L40: 
L4"
TFNSW-0531,529,,"405 Pacific Highway, Sydney NSW 2064",Chargefox,2064.0,Charge@Large,Charge@Large,"Charge@Large:43 Hotham Parade, Artarmon, NSW 2064",291.5537267753507,4,Charge@Large:coordinate_500m,"""405 Pacific Highway, Sydney NSW 2064"" EV charger",https://www.plugroo.com.au/nsw/cammeray,True,False,medium,"Charging evidence exists, but address/page confirmation is incomplete.",web evidence only; same-station identity not automatically proven,"[search] EV Charging Stations Cammeray – Find Chargers Near You | Plugroo (https://www.plugroo.com.au/nsw/cammeray)
citeturn363search0 [wordlim: 200] Crawled: 3 weeks ago;   * Hume Street Car Park, Sydney NSW 2065 Type 22×22 kW View station details ...   * 405 Pacific Highway, Artarmon NSW 2064 CCS 21×50 kW CHAdeMO1×50 kW View station details ... Plugroo helps Cammeray EV drivers avoid stale charger directories by combining operator data with verified community reports, so station status, access rules and pricing are easier to check before you arrive.
  * 405 Pacific Highway, Artarmon NSW 2064 CCS 21×50 kW CHAdeMO1×50 kW View station details
  * Bradleys Head Road, Mosman NSW 2088 Type 21×22 kW View station details
  * 15A Herbert St, Naremburn NSW 2065 Type 28×22 kW View station details

## How to find EV charging stations in Cammeray with Plugroo

Cammeray is an ABS Suburb and Locality covering approximately 1.57 km² with a 2021 Census population of 7,088.

Open the map above to see every EV charging station in Cammeray in real time. Filter by charger speed, plug type, network, price, free charging and 24/7 access.

The 2021 Census profile for Cammeray reports a median age of 40, an av
[opened page] Internal Error ()
citeturn364view0 [wordlim: 200] Source: open({""ref_id"":""https://www.plugroo.com.au/nsw/cammeray"",""lineno"":null}); Total lines: 1
L0: Failed to fetch https://www.plugroo.com.au/nsw/cammeray: Cache miss"
TFNSW-0533,531,,"41 Bruxner Highway, Ballina NSW 2478",BP,2478.0,OSM,OSM,,5.130639521524168,5,OSM:coordinate_500m,"""41 Bruxner Highway, Ballina NSW 2478"" EV charger",https://ev-charging-stations.com.au/chargers/bp-pulse-41-bruxner-highway-ballina-nsw-2478,True,True,high,Opened page contains an address-level charging signal.,web evidence only; same-station identity not automatically proven,"[search] EV Charging Stations Finder (https://ev-charging-stations.com.au/chargers/bp-pulse-41-bruxner-highway-ballina-nsw-2478)
citeturn365search0 [wordlim: 200] Crawled: 3 days ago; 41 Bruxner Highway, Ballina, NSW, 2478

bp pulse

# bp pulse Charging Station

41 Bruxner Highway, Ballina, NSW, 2478

Available now

—

Connectors

2

1 type

Max speed

—

Reliability

—

Is this information accurate?

Looks correct | Report issue

## Connectors at this station

Type, max power and live availability

1 type

CCS 2

CCS

2 ports

## Station info

Access, parking & amenities

Hours · Today

24 / 7

Google rating

2.7 ★ (36)

Food nearby

McDonald's Ballina Travel Centre

Visit website Updated 3335h ago

## Map & location

41 Bruxner Highway, Ballina, NSW, 2478

Get directions in Google Maps

Image: bp pulse logo

bp pulse

bp pulse Charging Station

Ballina, NSW

2.7(36 reviews)Google

Navigate here Plan Journey

Save Maps--------------------------------------------------------------------------------
EV Charging Stations Finder (https://ev-charging-stations.com.au/chargers/nsw/west-ballina)
citeturn365search1 [wordlim: 200] Crawled: last month; # EV charging in West Ballina, NSW ... 41 
[opened page] EV Charging Stations Finder (https://ev-charging-stations.com.au/chargers/bp-pulse-41-bruxner-highway-ballina-nsw-2478)
citeturn366view0 [wordlim: 200] Crawled: 2 months ago; Content type: text/html; Source: open({""ref_id"":""https://ev-charging-stations.com.au/chargers/bp-pulse-41-bruxner-highway-ballina-nsw-2478"",""lineno"":null}); Total lines: 129
L0: cite22†Image: EV Charging Stations L1: 
L2: cite0†Find Stations cite1†Journey Planner cite2†Guides cite3†About cite4†Contact L3: 
L4: cite5†Near Me cite6† Sign in  L5: 
L6: bp pulse
L7: 
L8: # bp pulse Charging Station
L9: 
L10: 41 Bruxner Highway, Ballina, NSW, 2478
L11: 
L12: cite1† Plan Journey  cite7† Get Directions †www.google.com L13: 
L14: Available now
L15: 
L16: —
L17: 
L18: Connectors
L19: 
L20: 2
L21: 
L22: 1 type
L23: 
L24: Max speed
L25: 
L26: —
L27: 
L28: Reliability
L29: 
L30: —
L31: 
L32: Is this information accurate?
L33: 
L34: Looks correct | Report issue
L35: 
L36: Thanks for your feedback!
L37: ## Connectors at this station
L38: 
L39: Type, max power and live availability
L40: 
L41: 1 type
L42: 
L43: CCS 2
L44: 
L45: CCS
L46: 
L47: 2 ports
L48: 
L49: ## Station info
L50: 
L51: Access"
TFNSW-0537,535,,"41 Yobarnie Avenue, Richmond NSW 2754",Exploren,2754.0,Charge@Large,Charge@Large,"Charge@Large:41 Yobarnie Ave, North Richmond, NSW 2754",0.0910890496153746,4,Charge@Large:coordinate_and_fuzzy_address,"""41 Yobarnie Avenue, Richmond NSW 2754"" EV charger",https://www.property.com.au/nsw/north-richmond-2754/yobarnie-ave/41-pid-20879712/,True,True,low,"Generic, unrelated, or weak address/charging evidence.",web evidence only; same-station identity not automatically proven,"[search] 41 Yobarnie Avenue, North Richmond NSW 2754 - property.com.au (https://www.property.com.au/nsw/north-richmond-2754/yobarnie-ave/41-pid-20879712/)
citeturn367search0 [wordlim: 200] Crawled: last month; 41 Yobarnie Avenue, North Richmond NSW 2754 is within the Hawkesbury local government area.

# 41 Yobarnie Avenue North Richmond, NSW 2754

House

-

-

-

1.67 ha

1724m²


## About the property

41 Yobarnie Avenue is a house in North Richmond. It sits on a 1.67 ha lot. It is located within Hawkesbury council, with no bushfire, flood, or heritage overlays detected. It is within the catchment of Richmond North Public School and Colo High School. It has 5G mobile coverage.

Image: PropTrack logo

## Property boundary

## Property features

The property details of 41 Yobarnie Ave, North Richmond can help you make the decision if this property is right for you

### Key features

Last updated in Nov 2025

Land size: 1.67 ha

Mobile coverage: 5G

Type: House

[Button: Request update]

Image: Miele logo imageThe upgrade your kitchen deserves

Learn more

Image: Miele banner image

### Additional features

Detected via satellite or aerial imagery Jun 2025 with 80% confidence

Building cov
[opened page] 41 Yobarnie Avenue, North Richmond NSW 2754 - property.com.au (https://www.property.com.au/nsw/north-richmond-2754/yobarnie-ave/41-pid-20879712/)
citeturn368view0 [wordlim: 200] Crawled: last month; Content type: text/html; Source: open({""ref_id"":""https://www.property.com.au/nsw/north-richmond-2754/yobarnie-ave/41-pid-20879712/"",""lineno"":null}); Total lines: 1028
L0: cite0†Skip to navigation cite1†Skip to main L1: 
L2: cite2†Home cite3†Following cite4†News [Button: Travel time]
L3: 
L4: cite5†Sign in†api.id.realestate.com.au Address, suburb or state
L5: 
L6: cite2†Home Your home for all things property cite3†Following Browse your favourite properties cite4†News Read the latest property trends & insights L7: 
L8: Travel time
L9: 
L10: Find properties based on your usual trips
L11: 
L12: Standard Stuff
L13: 
L14:   * cite6†Privacy Policy†about.realestate.com.au L15:   * cite7†Terms of Use L16:   * cite8†Help†help.property.com.au L17:   1. cite2†Home L18:   2. cite9†NSW L19:   3. cite10†North Richmond L20:   4. cite11†Yobarnie Ave L21:   5. cite12†41 Yobarnie Ave L22: 
L23: Off market
L24: 
L25: Follow
L26: 
L27: [Input]
L28: # 41"
TFNSW-0570,568,,"461 Victoria Road, Sydney NSW 2111",Exploren,2111.0,OSM;Charge@Large,OSM;Charge@Large,"Charge@Large:461 Victoria Rd, Gladesville, NSW 2111",0.1559467507659373,9,OSM:coordinate_500m;Charge@Large:coordinate_and_fuzzy_address,"""461 Victoria Road, Sydney NSW 2111"" EV charger",https://ev-charging-stations.com.au/chargers/exploren-461-victoria-road-sydney-nsw-2111,True,True,high,Opened page contains an address-level charging signal.,web evidence only; same-station identity not automatically proven,"[search] EV Charging Stations Finder (https://ev-charging-stations.com.au/chargers/exploren-461-victoria-road-sydney-nsw-2111)
citeturn369search0 [wordlim: 200] Crawled: last month; 461 Victoria Road, Sydney, NSW, 2111

Exploren

# Exploren

461 Victoria Road, Sydney, NSW, 2111

Available now

—

Connectors

2

1 type

Max speed

120 kW

Fast DC

Reliability

—

## Connectors at this station

Type, max power and live availability

1 type

CCS 2

CCS

120 kW 2 ports Fast DC

## Station info

Access, parking & amenities

Google rating

2.3 ★ (4)

Food nearby

College Street Kitchen

Visit website Updated 2053h ago


## Map & location

461 Victoria Road, Sydney, NSW, 2111

Get directions in Google Maps

Image: Exploren logo

Exploren

Exploren

2.3(4 reviews)Google

Navigate here Plan Journey

Save Maps

## Is this information accurate?--------------------------------------------------------------------------------
EV Charging Stations Finder (https://ev-charging-stations.com.au/chargers/nsw/gladesville)
citeturn369search1 [wordlim: 200] Crawled: last month; # EV charging in Gladesville, NSW ... 461 Victoria Road, Sydney, NSW, 2111

Search Results

# EV charging in Gladesville, NSW

958 
[opened page] EV Charging Stations Finder (https://ev-charging-stations.com.au/chargers/exploren-461-victoria-road-sydney-nsw-2111)
citeturn370view0 [wordlim: 200] Crawled: 3 weeks ago; Content type: text/html; Source: open({""ref_id"":""https://ev-charging-stations.com.au/chargers/exploren-461-victoria-road-sydney-nsw-2111"",""lineno"":null}); Total lines: 124
L0: cite0†iframe†www.googletagmanager.com L1: 
L2: Exploren
L3: 
L4: # Exploren
L5: 
L6: 461 Victoria Road, Sydney, NSW, 2111
L7: 
L8: cite1†Plan Journey cite2†Get Directions†www.google.com L9: 
L10: Available now
L11: 
L12: —
L13: 
L14: Connectors
L15: 
L16: 2
L17: 
L18: 1 type
L19: 
L20: Max speed
L21: 
L22: 120 kW
L23: 
L24: Fast DC
L25: 
L26: Reliability
L27: 
L28: —
L29: 
L30: Is this information accurate?
L31: 
L32: Looks correct | Report issue
L33: 
L34: Thanks for your feedback!
L35: 
L36: ## Connectors at this station
L37: 
L38: Type, max power and live availability
L39: 
L40: 1 type
L41: 
L42: CCS 2
L43: 
L44: CCS
L45: 
L46: 120 kW 2 ports Fast DC
L47: ## Station info
L48: 
L49: Access, parking & amenities
L50: 
L51: Google rating
L52: 
L53: 2.3 ★ (4)
L54: 
L55: Food nearby
L56: 
L57: College Street Kitchen
L58: 
L59: cit"
TFNSW-0589,587,,"5 Ray Street, Sydney NSW 2074",Exploren,2074.0,Charge@Large,Charge@Large,"Charge@Large:5 Ray St, Turramurra, NSW 2074",0.0597260557515398,4,Charge@Large:coordinate_and_fuzzy_address,"""5 Ray Street, Sydney NSW 2074"" EV charger",https://ev-charging-stations.com.au/chargers/exploren-5-ray-street-sydney-nsw-2074,True,False,medium,"Charging evidence exists, but address/page confirmation is incomplete.",web evidence only; same-station identity not automatically proven,"[search] EV Charging Stations Finder (https://ev-charging-stations.com.au/chargers/exploren-5-ray-street-sydney-nsw-2074)
citeturn371search0 [wordlim: 200] Crawled: 4 months ago; 5 Ray Street, Sydney, NSW, 2074

Exploren

# Exploren

5 Ray Street, Sydney, NSW, 2074

Connectors

2

1 type

Max speed

40 kW

## Connectors at this station

Type, max power and live availability

1 type

CCS 2

CCS

40 kW 2 ports Fast AC

## Station info

Access, parking & amenities

Hours · Today

24 / 7

Google rating

3 ★ (2)

Shopping

Coles Turramurra

Food nearby

Kipling's Garage Bar

## Map & location

5 Ray Street, Sydney, NSW, 2074

Get directions in Google Maps

Image: Exploren logo

Exploren


Sydney, NSW

3(2 reviews)Google

Navigate here Plan Journey

Save Maps

## Is this information accurate?

Help us keep this listing up to date--------------------------------------------------------------------------------
EV Charging Stations Finder (https://ev-charging-stations.com.au/chargers/nsw/hornsby-westfield)
citeturn371search1 [wordlim: 200] Crawled: 6 days ago; [Button: Nearest][Button: Fastest charger][Button: Most connectors] ... 5 Ray Street, Sydney, NSW, 2074 ... Hornsby is the main EV char
[opened page] Internal Error ()
citeturn372view0 [wordlim: 200] Source: open({""ref_id"":""https://ev-charging-stations.com.au/chargers/exploren-5-ray-street-sydney-nsw-2074"",""lineno"":null}); Total lines: 1
L0: Failed to fetch https://ev-charging-stations.com.au/chargers/exploren-5-ray-street-sydney-nsw-2074: Cache miss"
TFNSW-0592,590,,"5 Willowdale Drive, Denham Court NSW 2565",Evie Networks,2565.0,OSM,OSM,,3.249887729323813,5,OSM:coordinate_500m,"""5 Willowdale Drive, Denham Court NSW 2565"" EV charger",https://www.plugroo.com.au/nsw/kentlyn,True,False,medium,"Charging evidence exists, but address/page confirmation is incomplete.",web evidence only; same-station identity not automatically proven,"[search] EV Charging Stations Kentlyn – Find Chargers Near You | Plugroo (https://www.plugroo.com.au/nsw/kentlyn)
citeturn373search0 [wordlim: 200] Crawled: yesterday;   * 241 Waterworth Drive, Mount Annan NSW 2567 CCS 24×500 kW View station details ...   * 5 Willowdale Dr, Denham Court NSW 2565 CCS 23×75 kW CHAdeMO1×63 kW View station details ... Plugroo helps Kentlyn EV drivers avoid stale charger directories by combining operator data with verified community reports, so station status, access rules and pricing are easier to check before you arrive.
  * Henderson Rd, Edmondson Park NSW 2174 Type 210×7 kW View station details
  * 38 Camden Rd, Campbelltown NSW 2560 CCS 23×200 kW CHAdeMO1×50 kW View station details
  * MacDonald Rd, Edmondson Park NSW 2174 Type 210×7 kW View station details
  * 5 Willowdale Dr, Denham Court NSW 2565 CCS 23×75 kW CHAdeMO1×63 kW View station details

## How to find EV charging stations in Kentlyn with Plugroo

Kentlyn is an ABS Suburb and Locality covering approximately 11.4 km² with a 2021 Census population of 726.

Open the map above to see every EV charging station in Kentlyn in real time. Filter by charger speed, plug type, network, price, free chargin
[opened page] Internal Error ()
citeturn374view0 [wordlim: 200] Source: open({""ref_id"":""https://www.plugroo.com.au/nsw/kentlyn"",""lineno"":null}); Total lines: 1
L0: Failed to fetch https://www.plugroo.com.au/nsw/kentlyn: Cache miss"
TFNSW-0617,615,,"54 Minjungbal Drive, Tweed Heads NSW 2486",Evie Networks,2486.0,OSM,OSM,,3.867516461809069,5,OSM:coordinate_500m,"""54 Minjungbal Drive, Tweed Heads NSW 2486"" EV charger",https://ev-charging-stations.com.au/chargers/evie-54-minjungbal-drive-tweed-heads-nsw-2486,True,True,high,Opened page contains an address-level charging signal.,web evidence only; same-station identity not automatically proven,"[search] EV Charging Stations Finder (https://ev-charging-stations.com.au/chargers/evie-54-minjungbal-drive-tweed-heads-nsw-2486)
citeturn375search0 [wordlim: 200] Crawled: 2 days ago; 54 Minjungbal Drive, Tweed Heads, NSW, 2486
--------------------------------------------------------------------------------
EV Charging Stations Chinderah – Find Chargers Near You | Plugroo (https://www.plugroo.com.au/nsw/chinderah)
citeturn375search1 [wordlim: 200] Crawled: 3 weeks ago;   * 54 Minjungbal Drive, Tweed Heads NSW 2486 CCS 23×150 kW CHAdeMO1×63 kW View station details ... Plugroo helps Chinderah EV drivers avoid stale charger directories by combining operator data with verified community reports, so station status, access rules and pricing are easier to check before you arrive. ... NSW Cudgen NSW Terranora NSW Banora Point NSW Kingscliff NSW Stotts Creek NSW Kings Forest NSW Duranbah NSW Tweed Heads South NSW Casuarina NSW Bungalora NSW Fingal Head NSW North Tumbulgum NSW Tumbulgum NSW Bilambil Heights NSW Bilambil NSW Duroby NSW Eviron NSW Tweed Heads NSW Tweed Heads West NSW Farrants Hill NSW Bogangar NSW Tanglewood QLD Coolangatta NSW Clothiers Creek
-----------------------------------
[opened page] EV Charging Stations Finder (https://ev-charging-stations.com.au/chargers/evie-54-minjungbal-drive-tweed-heads-nsw-2486)
citeturn376view0 [wordlim: 200] Crawled: 5 months ago; Content type: text/html; Source: open({""ref_id"":""https://ev-charging-stations.com.au/chargers/evie-54-minjungbal-drive-tweed-heads-nsw-2486"",""lineno"":null}); Total lines: 0"
TFNSW-0643,641,,"594 Anzac Parade, Sydney NSW 2032",Evie Networks,2032.0,OSM,OSM,,16.777185865798742,5,OSM:coordinate_500m,"""594 Anzac Parade, Sydney NSW 2032"" EV charger",https://ev-charging-stations.com.au/chargers/nsw/daceyville,True,False,medium,"Charging evidence exists, but address/page confirmation is incomplete.",web evidence only; same-station identity not automatically proven,"[search] EV Charging Stations Finder (https://ev-charging-stations.com.au/chargers/nsw/daceyville)
citeturn377search0 [wordlim: 200] Crawled: 3 months ago; # EV charging in Daceyville, NSW ... 594-596 Anzac Parade, Sydney, NSW, 2032 ... 368 Anzac Parade, Sydney, NSW, 2032

Search Results

# EV charging in Daceyville, NSW

930 stations found Live availability Showing 1–10 of 930

[Input: Daceyville, NSW]

Sort

[Button: Nearest][Button: Fastest charger][Button: Most connectors]

All DC Fast · 50+ kW Ultra-fast · 150+ kW Available now

Evie

## Evie Charging Station

88-90 Houston Road, Sydney, NSW, 2032

0.52 km

CCS 50 kW

DirectionsView details

EVERTY

## AGL Charging Station

23 See Street, Sydney, NSW, 2032

0.66 km

Type 2 22 kW

DirectionsView details

Exploren

## Exploren Charging Station

7 Harbourne Lane, Sydney, NSW, 2032

0.72 km

Type 2 22 kW

DirectionsView details

Sponsored

Ad

Evie

## Evie Charging Station

594-596 Anzac Parade, Sydney, NSW, 2032

0.74 km

CCS 75 kW

DirectionsView details

bp pulse

## bp pulse Charging Station

368 Anzac Parade, Sydney, NSW, 2032

0.96 km

CCS 75 kW

DirectionsView details

EVX

## EVX Charging Station

15 Barker Street, Sydney, NSW,
[opened page] Internal Error ()
citeturn378view0 [wordlim: 200] Source: open({""ref_id"":""https://ev-charging-stations.com.au/chargers/nsw/daceyville"",""lineno"":null}); Total lines: 1
L0: Failed to fetch https://ev-charging-stations.com.au/chargers/nsw/daceyville: Cache miss"
TFNSW-0670,668,,"634-726 Princes Highway, Tempe NSW 2044",Evie Networks,2044.0,OSM,OSM,,14.29126483092027,6,OSM:coordinate_500m,"""634-726 Princes Highway, Tempe NSW 2044"" EV charger",https://www.planningalerts.org.au/applications/3226244,True,True,high,Opened page contains an address-level charging signal.,web evidence only; same-station identity not automatically proven,"[search] 634-726 Princes Highway Tempe NSW 2044 | 18 Nov 2024 | Planning Alerts (https://www.planningalerts.org.au/applications/3226244)
citeturn379search0 [wordlim: 200] Published: 1.8 years ago; Crawled: 7 months ago; # 634-726 Princes Highway Tempe NSW 2044

# 634-726 Princes Highway Tempe NSW 2044

Image: Map of 634-726 Princes Highway Tempe NSW 2044

Description
    Installation of six (6) Electric Vehicle charging stations within the existing carpark servicing IKEA Tempe
Planning Authority
    Inner West Council

View source
Reference number
    

DA/2024/0980

Info i

This was created by Inner West Council to identify this application. You will need this if you talk directly with them or use their website.

Image

Date sourced

    We found this application on the planning authority's website on 18 November 2024, about 1 year ago. The date it was received by them was not recorded.


Notified

    487 people were notified of this application via Planning Alerts email alerts

Image

Comments

    Be the first to comment

Make a comment now

Share this application

Link copied

Save this search as an email alert?

Create an account or sign in.


## Public comments on this application
[opened page] 
    634-726 Princes Highway Tempe NSW 2044 | 18 Nov 2024 | Planning Alerts
 (https://www.planningalerts.org.au/applications/3226244)
citeturn380view0 [wordlim: 200] Crawled: 11 months ago; Content type: text/html; Source: open({""ref_id"":""https://www.planningalerts.org.au/applications/3226244"",""lineno"":null}); Total lines: 119
L0: cite0† An OpenAustralia Foundation service †www.oaf.org.au L1: 
L2: cite1†  L3: 
L4: Menu
L5: 
L6: Close cite18†Image: Planning Alerts L7: 
L8:   * cite1†Home L9:   * cite2†Search L10:   * cite3† Planning Alerts API  L11:   * cite4†Help L12:   * cite5†About L13:   * cite6†Get involved L14:   * cite7†Coverage L15:   * cite8†Source code†github.com L16:   * cite9†Contact us L17:   * cite10†Sign In L18: 
L19: Built and maintained by cite11†OpenAustralia Foundation†www.oaf.org.au L20: 
L21:   * cite1† Home  L22:   * cite2† Search  L23:   * cite3† Planning Alerts API  L24:   * cite4† Help  L25: 
L26:   * cite10† Sign In  L27: 
L28: cite1†  L29: # 634-726 Princes Highway Tempe NSW 2044
L30: 
L31: cite19†Image: Map of 634-726 Princes Highway Tempe NSW 2044†www.planningalerts.org.au L32: 
L33: cite"
TFNSW-0675,673,,"67 Roberts Road, Sydney NSW 2190",Exploren,2190.0,Charge@Large,Charge@Large,"Charge@Large:67 Roberts Rd, Greenacre, NSW 2190",0.0977622416491912,4,Charge@Large:coordinate_and_fuzzy_address,"""67 Roberts Road, Sydney NSW 2190"" EV charger",https://ev-charging-stations.com.au/chargers/nsw/belmore,True,True,high,Opened page contains an address-level charging signal.,web evidence only; same-station identity not automatically proven,"[search] EV Charging Stations Finder (https://ev-charging-stations.com.au/chargers/nsw/belmore)
citeturn381search0 [wordlim: 200] Crawled: 2 months ago; # EV charging in Belmore, NSW ... 67 Roberts Road, Sydney, NSW, 2190

Search Results

# EV charging in Belmore, NSW

952 stations found Live availability Showing 1–10 of 952

[Input: Belmore, NSW]

Sort

[Button: Nearest][Button: Fastest charger][Button: Most connectors]

All DC Fast · 50+ kW Ultra-fast · 150+ kW Available now

Exploren

## Exploren Charging Station

26-62 Bridge Road, Sydney, NSW, 2192

0.33 km

Type 2 22 kW

DirectionsView details

AmpCharge

## AmpCharge Charging Station

Punchbowl Rd cnr Wangee Rd, Sydney, NSW, 2190

1.75 km

CCS 150 kW CHAdeMO 125 kW

DirectionsView details

Exploren

## Exploren Charging Station

30A Richland Street, Sydney, NSW, 2208

2.07 km

CCS 120 kW

DirectionsView details

Sponsored

Ad

bp pulse

## bp pulse Charging Station

42 King Georges Road, Sydney, NSW, 2195

2.22 km

CCS 75 kW

DirectionsView details

Exploren

## Exploren Charging Station

10B Charles Street, Sydney, NSW, 2193

2.54 km

Type 2 6 kW

DirectionsView details

Exploren

## Exploren Charging Station

21 Roseland Avenue,
[opened page] EV Charging Stations Finder (https://ev-charging-stations.com.au/chargers/nsw/belmore)
citeturn382view0 [wordlim: 200] Crawled: 2 weeks ago; Content type: text/html; Source: open({""ref_id"":""https://ev-charging-stations.com.au/chargers/nsw/belmore"",""lineno"":null}); Total lines: 178
L0: cite0†iframe†www.googletagmanager.com L1: 
L2: Search Results
L3: 
L4: # EV charging in Belmore, NSW
L5: 
L6: 962 stations found Live availability Showing 1–10 of 962
L7: 
L8: [Input: Belmore, NSW]
L9: 
L10: Sort
L11: 
L12: [Button: Nearest][Button: Fastest charger][Button: Most connectors]
L13: 
L14: All DC Fast · 50+ kW Ultra-fast · 150+ kW Available now
L15: 
L16: Exploren
L17: 
L18: ## Exploren Charging Station
L19: 
L20: 26-62 Bridge Road, Sydney, NSW, 2192
L21: 
L22: 0.33 km
L23: 
L24: Type 2 22 kW
L25: 
L26: cite1†Directions†www.google.com cite2†View details L27: 
L28: AmpCharge
L29: ## AmpCharge Charging Station
L30: 
L31: Punchbowl Rd cnr Wangee Rd, Sydney, NSW, 2190
L32: 
L33: 1.75 km
L34: 
L35: CCS 150 kW CHAdeMO 125 kW
L36: 
L37: cite3†Directions†www.google.com cite4†View details L38: 
L39: Exploren
L40: 
L41: ## Exploren Charging Station
L42: 
L43: 30A Richland Street, S"
TFNSW-0681,679,,"69-71 Central Coast Highway, Gosford West NSW 2250",Ampol,2250.0,OSM,OSM,,94.41794505422112,4,OSM:coordinate_500m,"""69-71 Central Coast Highway, Gosford West NSW 2250"" EV charger",https://www.plugroo.com.au/nsw/gunderman,True,False,medium,"Charging evidence exists, but address/page confirmation is incomplete.",web evidence only; same-station identity not automatically proven,"[search] EV Charging Stations Gunderman – Find Chargers Near You | Plugroo (https://www.plugroo.com.au/nsw/gunderman)
citeturn383search0 [wordlim: 200] Crawled: 3 weeks ago;   * 69-71 Central Coast Hwy, Gosford West NSW 2250 CCS 21×165 kW CHAdeMO1×125 kW View station details ...   * 69/71 Central Coast Hwy, West Gosford NSW 2250 CCS 21×165 kW CHAdeMO1×125 kW View station details ... The fastest public EV charging tier, including Tesla V3/V4, Evie and Chargefox ultra-rapid highway and metro sites.
--------------------------------------------------------------------------------
EV Charging Stations Calga – Find Chargers Near You | Plugroo (https://www.plugroo.com.au/nsw/calga)
citeturn383search1 [wordlim: 200] Crawled: 3 weeks ago;   * 69-71 Central Coast Hwy, Gosford West NSW 2250 CCS 21×165 kW CHAdeMO1×125 kW View station details ...   * 69/71 Central Coast Hwy, West Gosford NSW 2250 CCS 21×165 kW CHAdeMO1×125 kW View station details ... The fastest public EV charging tier, including Tesla V3/V4, Evie and Chargefox ultra-rapid highway and metro sites.
--------------------------------------------------------------------------------
EV Charging Stations Wyong Creek – Find Chargers Near 
[opened page] Internal Error ()
citeturn384view0 [wordlim: 200] Source: open({""ref_id"":""https://www.plugroo.com.au/nsw/gunderman"",""lineno"":null}); Total lines: 1
L0: Failed to fetch https://www.plugroo.com.au/nsw/gunderman: Cache miss"
TFNSW-0686,684,,"7 Pemell Street, Toronto NSW 2283",Exploren,2283.0,Charge@Large,Charge@Large,"Charge@Large:7 Pemell St, Toronto, NSW 2283",0.0767244994122592,4,Charge@Large:coordinate_and_fuzzy_address,"""7 Pemell Street, Toronto NSW 2283"" EV charger",https://www.chargeroute.au/chargers/nsw/exploren-toronto-toronto,True,False,medium,"Charging evidence exists, but address/page confirmation is incomplete.",web evidence only; same-station identity not automatically proven,"[search] Exploren — Toronto EV Charger — Toronto NSW | ChargeRoute (https://www.chargeroute.au/chargers/nsw/exploren-toronto-toronto)
citeturn385search0 [wordlim: 200] Crawled: 2 days ago; 7 Pemell Street, Toronto, 2283, Toronto, NSW, 2283 ... ChargeRoute Score weights verified maximum power (40%), connector diversity (25%), charger count (20%), and location completeness (15%). ...     EV Charging Locations

# Exploren — Toronto

7 Pemell Street, Toronto, 2283, Toronto, NSW, 2283

Operational (per source)

ChargeRoute Score

25.5

Methodology score — not reliability

Chargers / plugs
    2

Max power
    40 kW

Current
    DC

Connectors
    CCS2

Operator / network
    Exploren

Suburb
    Toronto

## ChargeRoute Score breakdown

ChargeRoute Score weights verified maximum power (40%), connector diversity (25%), charger count (20%), and location completeness (15%). It is not a reliability or availability rating.

  * Power: 5
  * Connectors: 4.5
  * Capacity: 6
  * Location completeness: 10

  * Does not measure historical uptime or live occupancy.
  * Does not include pricing.
  * Based only on fields present in official source data at last ingest.

## Source & provenance

Agency
    Tr
[opened page] Internal Error ()
citeturn386view0 [wordlim: 200] Source: open({""ref_id"":""https://www.chargeroute.au/chargers/nsw/exploren-toronto-toronto"",""lineno"":null}); Total lines: 1
L0: Failed to fetch https://www.chargeroute.au/chargers/nsw/exploren-toronto-toronto: Cache miss"
TFNSW-0711,709,,"772 Anzac Parade, Sydney NSW 2035",Evie Networks,2035.0,OSM,OSM,,7.007039167627354,5,OSM:coordinate_500m,"""772 Anzac Parade, Sydney NSW 2035"" EV charger",https://ev-charging-stations.com.au/chargers/jolt-819-827-anzac-parade-sydney-nsw-2035,True,False,medium,"Charging evidence exists, but address/page confirmation is incomplete.",web evidence only; same-station identity not automatically proven,"[search] EV Charging Stations Finder (https://ev-charging-stations.com.au/chargers/jolt-819-827-anzac-parade-sydney-nsw-2035)
citeturn387search0 [wordlim: 200] Crawled: last month; 819-827 Anzac Parade, Sydney, NSW, 2035 ... 819-827 Anzac Parade, Sydney, NSW, 2035

JOLT

# JOLT Charging Station

819-827 Anzac Parade, Sydney, NSW, 2035

Plan Journey Get Directions

Available now

—

Connectors

2

2 types

Max speed

25 kW

Fast AC

Reliability

—

Is this information accurate?

Looks correct | Report issue

Thanks for your feedback!

## Connectors at this station

Type, max power and live availability

2 types

CHADE MO

CHAdeMO

25 kW 1 port Fast AC

CCS 2

CCS

25 kW 1 port Fast AC

## Station info

Access, parking & amenities

Hours · Today

24 / 7

Shopping

ALDI

Food nearby

Inferno Grill Maroubra

Visit website Updated 2194h ago

## Map & location

819-827 Anzac Parade, Sydney, NSW, 2035

Get directions in Google Maps

Image: JOLT logo

JOLT

JOLT Charging Station

Sydney, NSW

Navigate here Plan Journey

Save Maps

## Is this information accurate?

Help us keep this listing up to date

Looks correct Report an issue

Do you manage this charger?

Claim to keep details accurate and 
[opened page] Internal Error ()
citeturn388view0 [wordlim: 200] Source: open({""ref_id"":""https://ev-charging-stations.com.au/chargers/jolt-819-827-anzac-parade-sydney-nsw-2035"",""lineno"":null}); Total lines: 1
L0: Failed to fetch https://ev-charging-stations.com.au/chargers/jolt-819-827-anzac-parade-sydney-nsw-2035: Cache miss"
TFNSW-0718,716,,"8 Euston Road, Sydney NSW 2015",Exploren,2015.0,OSM;Charge@Large,OSM;Charge@Large,"Charge@Large:8 Euston Rd, Alexandria, NSW 2015",0.1193072411248821,9,OSM:coordinate_500m;Charge@Large:coordinate_and_fuzzy_address,"""8 Euston Road, Sydney NSW 2015"" EV charger",https://www.plugroo.com.au/nsw/paddington,True,False,medium,"Charging evidence exists, but address/page confirmation is incomplete.",web evidence only; same-station identity not automatically proven,"[search] EV Charging Stations Paddington – Find Chargers Near You | Plugroo (https://www.plugroo.com.au/nsw/paddington)
citeturn389search0 [wordlim: 200] Crawled: today;   * 8 Euston Rd, Alexandria NSW 2015 CCS 22×120 kW View station details ...   * 1 Kiaora Road, Double Bay NSW 2028 Type 22×22 kW View station details ...   * 161 Castlereagh St, Sydney NSW 2000 Type 24×22 kW View station details ... Plugroo helps Paddington EV drivers avoid stale charger directories by combining operator data with verified community reports, so station status, access rules and pricing are easier to check before you arrive.

# EV Charging Stations Paddington – Find Chargers Near You | Plugroo

## EV Charging Stations in Paddington, NSW

Paddington is an ABS Suburb and Locality covering approximately 1.51 km² with a 2021 Census population of 12,701. Plugroo maps the public electric vehicle charging stations available in this area with live status, pricing and verified plug types.

831

Public chargers in Paddington

81

DC fast charging stations

14

Free EV charging sites

30

Charging networks covered

## Popular charging stations near Paddington

Explore the public EV charging stations drivers check mos
[opened page] Internal Error ()
citeturn390view0 [wordlim: 200] Source: open({""ref_id"":""https://www.plugroo.com.au/nsw/paddington"",""lineno"":null}); Total lines: 1
L0: Failed to fetch https://www.plugroo.com.au/nsw/paddington: Cache miss"
TFNSW-0719,717,,"8 Federation Road, Sydney NSW 2050",Exploren,2050.0,Charge@Large,Charge@Large,"Charge@Large:8 Federation Rd, Newtown, NSW 2050",0.0638825206037013,4,Charge@Large:coordinate_and_fuzzy_address,"""8 Federation Road, Sydney NSW 2050"" EV charger",https://ev-charging-stations.com.au/chargers/nsw/camperdown,True,True,high,Opened page contains an address-level charging signal.,web evidence only; same-station identity not automatically proven,"[search] EV Charging Stations Finder (https://ev-charging-stations.com.au/chargers/nsw/camperdown)
citeturn391search0 [wordlim: 200] Crawled: 2 months ago; # EV charging in Camperdown, NSW ... 8 Federation Road, Sydney, NSW, 2050

Search Results

# EV charging in Camperdown, NSW

948 stations found Live availability Showing 1–10 of 948

[Input: Camperdown, NSW]

Sort

[Button: Nearest][Button: Fastest charger][Button: Most connectors]

All DC Fast · 50+ kW Ultra-fast · 150+ kW Available now

Exploren

## Exploren Charging Station

11 Fowler Street, Sydney, NSW, 2050

0.09 km

Type 2 22 kW

DirectionsView details

EVERTY

## AGL Charging Station

100 Mallett Street, Sydney, NSW, 2050

0.11 km

Type 2 22 kW

DirectionsView details

EVERTY

## AGL Charging Station

50-56 Mallett Street, Sydney, NSW, 2050

0.22 km

Type 2 22 kW

DirectionsView details

Sponsored

Ad

EVERTY

## AGL Charging Station

28-32 Mallett Street, Sydney, NSW, 2050

0.28 km

Type 2 22 kW

DirectionsView details

Exploren

## Exploren Charging Station

8 Federation Road, Sydney, NSW, 2050

0.44 km

CCS 47 kW

DirectionsView details

EVERTY

## AGL Charging Station

20 Federation Road, Sydney, NSW, 2042

0.46 km

Type 2
[opened page] EV Charging Stations Finder (https://ev-charging-stations.com.au/chargers/nsw/camperdown)
citeturn392view0 [wordlim: 200] Crawled: 3 weeks ago; Content type: text/html; Source: open({""ref_id"":""https://ev-charging-stations.com.au/chargers/nsw/camperdown"",""lineno"":null}); Total lines: 178
L0: cite0†iframe†www.googletagmanager.com L1: 
L2: Search Results
L3: 
L4: # EV charging in Camperdown, NSW
L5: 
L6: 958 stations found Live availability Showing 1–10 of 958
L7: 
L8: [Input: Camperdown, NSW]
L9: 
L10: Sort
L11: 
L12: [Button: Nearest][Button: Fastest charger][Button: Most connectors]
L13: 
L14: All DC Fast · 50+ kW Ultra-fast · 150+ kW Available now
L15: 
L16: Exploren
L17: 
L18: ## Exploren Charging Station
L19: 
L20: 11 Fowler Street, Sydney, NSW, 2050
L21: 
L22: 0.09 km
L23: 
L24: Type 2 22 kW
L25: 
L26: cite1†Directions†www.google.com cite2†View details L27: 
L28: EVERTY
L29: ## AGL Charging Station
L30: 
L31: 100 Mallett Street, Sydney, NSW, 2050
L32: 
L33: 0.11 km
L34: 
L35: Type 2 22 kW
L36: 
L37: cite3†Directions†www.google.com cite4†View details L38: 
L39: EVERTY
L40: 
L41: ## AGL Charging Station
L42: 
L43: 50-56 Mallett Street, Sydney, NSW, 2050
L44: 
L4"
TFNSW-0727,725,,"8/24 Cross Street, Wagga Wagga NSW 2650",NRMA Electric,2827.0,OSM,OSM,,152.66050167103958,5,OSM:coordinate_500m,"""8/24 Cross Street, Wagga Wagga NSW 2650"" EV charger",https://www.plugroo.com.au/nsw/brookdale,True,False,medium,"Charging evidence exists, but address/page confirmation is incomplete.",web evidence only; same-station identity not automatically proven,"[search] EV Charging Stations Brookdale – Find Chargers Near You | Plugroo (https://www.plugroo.com.au/nsw/brookdale)
citeturn393search0 [wordlim: 200] Crawled: 3 weeks ago;   * 48 Morgan Street, Wagga Wagga NSW 2650 Type 21×-- kW View station details ...   * 8/24 Cross St, Wagga Wagga NSW 2650 CCS 22×50 kW View station details ... ## Find every EV charger in Brookdale in one app
  * 93 Hammond Ave, East Wagga Wagga NSW 2650 Type 24×22 kW View station details
  * 60 Wilson St, The Rock NSW 2655 Type 21×22 kW View station details
  * 10 Morrow St, Wagga Wagga NSW 2650 Type 22×22 kW View station details
  * 109 Green St, Lockhart NSW 2656 Type 22×7 kW View station details
  * 8 Cross St, Wagga NSW 2650 CCS 22×50 kW View station details
  * 57 Plumpton Rd, Lake Albert NSW 2650 Type 22×-- kW View station details
  * 181 Tarcutta St, Wagga Wagga NSW 2650 Type 22×22 kW View station details
  * 1 Flinders St, Wagga Wagga NSW 2650 Type 22×22 kW View station details
  * 48 Morgan Street, Wagga Wagga NSW 2650 Type 21×-- kW View station details
  * Charles Sturt University, Wagga Wagga NSW 2678 CCS 22×120 kW View station details
  * 152 Green St W, Lockhart NSW 2656 Type 22×22 kW View station detai
[opened page] Internal Error ()
citeturn394view0 [wordlim: 200] Source: open({""ref_id"":""https://www.plugroo.com.au/nsw/brookdale"",""lineno"":null}); Total lines: 1
L0: Failed to fetch https://www.plugroo.com.au/nsw/brookdale: Cache miss"
TFNSW-0735,733,,"819-827 Anzac Parade, Sydney NSW 2035",JOLT,2035.0,OSM,OSM,,7.840324744055857,4,OSM:coordinate_500m,"""819-827 Anzac Parade, Sydney NSW 2035"" EV charger",https://ev-charging-stations.com.au/chargers/jolt-819-827-anzac-parade-sydney-nsw-2035,True,False,medium,"Charging evidence exists, but address/page confirmation is incomplete.",web evidence only; same-station identity not automatically proven,"[search] EV Charging Stations Finder (https://ev-charging-stations.com.au/chargers/jolt-819-827-anzac-parade-sydney-nsw-2035)
citeturn395search0 [wordlim: 200] Crawled: last month; 819-827 Anzac Parade, Sydney, NSW, 2035 ... 819-827 Anzac Parade, Sydney, NSW, 2035

JOLT

# JOLT Charging Station

819-827 Anzac Parade, Sydney, NSW, 2035

Plan Journey Get Directions

Available now

—

Connectors

2

2 types

Max speed

25 kW

Fast AC

Reliability

—

Is this information accurate?

Looks correct | Report issue

Thanks for your feedback!

## Connectors at this station

Type, max power and live availability

2 types

CHADE MO

CHAdeMO

25 kW 1 port Fast AC

CCS 2

CCS

25 kW 1 port Fast AC

## Station info

Access, parking & amenities

Hours · Today

24 / 7

Shopping

ALDI

Food nearby

Inferno Grill Maroubra

Visit website Updated 2194h ago

## Map & location

819-827 Anzac Parade, Sydney, NSW, 2035

Get directions in Google Maps

Image: JOLT logo

JOLT

JOLT Charging Station

Sydney, NSW

Navigate here Plan Journey

Save Maps

## Is this information accurate?

Help us keep this listing up to date

Looks correct Report an issue

Do you manage this charger?

Claim to keep details accurate and 
[opened page] Internal Error ()
citeturn396view0 [wordlim: 200] Source: open({""ref_id"":""https://ev-charging-stations.com.au/chargers/jolt-819-827-anzac-parade-sydney-nsw-2035"",""lineno"":null}); Total lines: 1
L0: Failed to fetch https://ev-charging-stations.com.au/chargers/jolt-819-827-anzac-parade-sydney-nsw-2035: Cache miss"
TFNSW-0747,745,,"872 Anzac Parade, Sydney NSW 2035",Evie Networks,2035.0,OSM,OSM,,14.03721535211583,5,OSM:coordinate_500m,"""872 Anzac Parade, Sydney NSW 2035"" EV charger",https://ev-charging-stations.com.au/chargers/nsw/maroubra,True,True,high,Opened page contains an address-level charging signal.,web evidence only; same-station identity not automatically proven,"[search] EV Charging Stations Finder (https://ev-charging-stations.com.au/chargers/nsw/maroubra)
citeturn397search0 [wordlim: 200] Crawled: 3 weeks ago; # EV charging in Maroubra, NSW ... 819-827 Anzac Parade, Sydney, NSW, 2035 ... 872 Anzac Parade, Sydney, NSW, 2035
--------------------------------------------------------------------------------
Priceline Master  |  |  |  |  |  |  |  |  |  |  | (https://impact.packcentre.com.au/docs/packcentre_priceline.pdf)
citeturn397search12 [wordlim: 200] Published: 2.1 years ago; 219  | Priceline  | PARRAMATTA P  | Non Pharmacy  | SHOP 1116 WESTFIELD SHP/TOWN  | CHURCH ST  | PARRAMATTA  | NSW  | 2150  | NSW  | 02 9687 5359  | PRL219 ... 292  | Priceline  | *NORTH SYDNEY Rx  | Pharmacy  | SHOP 9A BERRY SQ 77 BERRY ST  |  | NORTH SYDNEY  | NSW  | 2060  | NSW  | 02 9955 1452  | PRL292 ... 872  | Priceline  | *KURRI KURRI Rx  | Pharmacy  | SHOP 8 KINGSWAY PLAZA  | 178 LANG STREET  | KURRI KURRI  | NSW  | 2327  | NSW  | 02 4937 1162  | PRL872 ... 881  | Priceline  | *MAROUBRA Rx  | Pharmacy  | SHOP 13 - 15 ANZAC PARADE  | PACIFIC SQUARE S/CENTRE  | MAROUBRA  | NSW  | 2035  | NSW  | 02 9349 4168  | PRL881882  | Priceline  | CARLINGFORD COURT P  | Non 
[opened page] EV Charging Stations Finder (https://ev-charging-stations.com.au/chargers/nsw/maroubra)
citeturn398view0 [wordlim: 200] Crawled: today; Content type: text/html; Source: open({""ref_id"":""https://ev-charging-stations.com.au/chargers/nsw/maroubra"",""lineno"":null}); Total lines: 178
L0: cite0†iframe†www.googletagmanager.com L1: 
L2: Search Results
L3: 
L4: # EV charging in Maroubra, NSW
L5: 
L6: 942 stations found Live availability Showing 1–10 of 942
L7: 
L8: [Input: Maroubra, NSW]
L9: 
L10: Sort
L11: 
L12: [Button: Nearest][Button: Fastest charger][Button: Most connectors]
L13: 
L14: All DC Fast · 50+ kW Ultra-fast · 150+ kW Available now
L15: 
L16: ChargeFox
L17: 
L18: ## Chargefox Charging Station
L19: 
L20: Robey St, Sydney, NSW, 2035
L21: 
L22: 0.49 km
L23: 
L24: Type 2 7 kW
L25: 
L26: cite1†Directions†www.google.com cite2†View details L27: 
L28: EVERTY
L29: ## AGL Charging Station
L30: 
L31: 61 Broome Street, Sydney, NSW, 2035
L32: 
L33: 0.73 km
L34: 
L35: Type 2 22 kW
L36: 
L37: cite3†Directions†www.google.com cite4†View details L38: 
L39: JOLT
L40: 
L41: ## JOLT Charging Station
L42: 
L43: 819-827 Anzac Parade, Sydney, NSW, 2035
L44: 
L45: 0.76 km
L46: 
L47: CH"
TFNSW-0748,746,,"875 Richmond Road, Marsden Park NSW 2765",Ampol,2765.0,OSM,OSM,,47.959121828767856,5,OSM:coordinate_500m,"""875 Richmond Road, Marsden Park NSW 2765"" EV charger",https://www.plugroo.com.au/nsw/hebersham,True,False,medium,"Charging evidence exists, but address/page confirmation is incomplete.",web evidence only; same-station identity not automatically proven,"[search] EV Charging Stations Hebersham – Find Chargers Near You | Plugroo (https://www.plugroo.com.au/nsw/hebersham)
citeturn399search0 [wordlim: 200] Crawled: last week;   * 875 Richmond Rd, Marsden Park NSW 2765 CCS 21×165 kW CHAdeMO1×125 kW View station details ...   * 1 Hollinsworth Road, Marsden Park NSW 2765 Type 24×22 kW View station details ... Plugroo helps Hebersham EV drivers avoid stale charger directories by combining operator data with verified community reports, so station status, access rules and pricing are easier to check before you arrive.
  * Cnr Elara Bvd &, Northbourne Dr, Marsden Park NSW 2765 CCS 26×150 kW View station details
  * 11 John Hines Ave, Minchinbury NSW 2770 CCS 24×150 kW View station details
  * 260 Jersey Rd, Plumpton NSW 2761 CCS 23×75 kW CHAdeMO1×63 kW View station details
  * 20 Owen Street, Blacktown NSW 2761 CCS 22×47 kW View station details
  * 875 Richmond Rd, Marsden Park NSW 2765 CCS 21×165 kW CHAdeMO1×125 kW View station details
  * 449 Great Western Hwy, St Marys NSW 2760 Type 22×22 kW View station details
  * 1 Station Street, Rooty Hill NSW 2766 Type 26×7 kW View station details
  * 670 Richmond Rd, Glendenning NSW 2761 CCS 21×25 kW CHA
[opened page] Internal Error ()
citeturn400view0 [wordlim: 200] Source: open({""ref_id"":""https://www.plugroo.com.au/nsw/hebersham"",""lineno"":null}); Total lines: 1
L0: Failed to fetch https://www.plugroo.com.au/nsw/hebersham: Cache miss"
TFNSW-0749,747,,"87-91 Roberts Road Cnr Moondo Street, Greenacre NSW 2190",Ampol,2190.0,Charge@Large,Charge@Large,"Charge@Large:67 Roberts Rd, Greenacre, NSW 2190",311.20001899336705,4,Charge@Large:coordinate_500m,"""87-91 Roberts Road Cnr Moondo Street, Greenacre NSW 2190"" EV charger",https://www.ampol.com.au/convenience/foodary-crave-n-save,True,True,high,Opened page contains an address-level charging signal.,web evidence only; same-station identity not automatically proven,"[search] Crave 'n Save - Participating Sites | Ampol (https://www.ampol.com.au/convenience/foodary-crave-n-save)
citeturn401search0 [wordlim: 200] Crawled: yesterday; AMPOL FOODARY FORSTER  | 16 – 18 Lake Street Cnr McIntosh Street, Forster, NSW 2428 ... AMPOL FOODARY GREENACRE  | 87-91 Roberts Rd Cnr Moondo St, Greenacre, NSW 2190
--------------------------------------------------------------------------------
Petrol stations near you in Australia | EVChargePoint (https://evchargepoint.au/fuel-stations)
citeturn401search1 [wordlim: 200] Crawled: today; Find petrol stations near you by browsing active locations from EVChargePoint Fuel Intelligence. ... Corner Pacific Hwy and Halls Road Coffs Harbour NSW 2450 ... 7-Eleven - GREENACRE 2190 ... 87-91 ROBERTS RD ... Lot 3-4 Parramatta Road & Harbord Street ... 51 Roberts Road (Cnr Amarina St)

[opened page] Crave 'n Save - Participating Sites | Ampol (https://www.ampol.com.au/convenience/foodary-crave-n-save)
citeturn402view0 [wordlim: 200] Crawled: today; Content type: text/html; Source: open({""ref_id"":""https://www.ampol.com.au/convenience/foodary-crave-n-save"",""lineno"":null}); Total lines: 612
L0: cite0†Our App L1: 
L2: |
L3: 
L4: cite1†Support L5: 
L6: |
L7: 
L8: cite2†Sustainability L9: 
L10: |
L11: 
L12: Search
L13: 
L14: |
L15: 
L16: cite3†Find Service Station L17: 
L18: |
L19: 
L20: cite4†Login†my.ampol.com.au L21: 
L22:   * cite5†Your Vehicle L23: 
L24:   * cite6†Your Business L25: 
L26:   * cite7†Convenience L27: 
L28:   * cite8†About Ampol L29: # Crave ‘n Save
L30: 
L31: The Crave ‘n Save offer is available from 02/09/26 to 29/09/26 at participating Ampol Foodary stores only. Product availability and range may vary by store.
L32: 
L33: Participating food items include:
L34: 
L35:   * Four ‘N Twenty King Size Sausage Roll 180g range
L36: 
L37:   * Herbert Adams Cream Cheese and Spinach Roll 190g range
L38: 
L39:   * Foodary Devil’s Wings 2 pieces (available at selected sites)
L40: 
L41: Participating drinks include:
L42: 
L43:   * Coca-Cola, Spri"
TFNSW-0755,753,,"88-90 Houston Road, Sydney NSW 2032",Evie Networks,2032.0,OSM,OSM,,480.08361704972543,5,OSM:coordinate_500m,"""88-90 Houston Road, Sydney NSW 2032"" EV charger",https://ev-charging-stations.com.au/chargers/nsw/daceyville,True,False,medium,"Charging evidence exists, but address/page confirmation is incomplete.",web evidence only; same-station identity not automatically proven,"[search] EV Charging Stations Finder (https://ev-charging-stations.com.au/chargers/nsw/daceyville)
citeturn403search0 [wordlim: 200] Crawled: 3 months ago; # EV charging in Daceyville, NSW ... 88-90 Houston Road, Sydney, NSW, 2032 ... ## Tesla Supercharger

Search Results

# EV charging in Daceyville, NSW

930 stations found Live availability Showing 1–10 of 930

[Input: Daceyville, NSW]

Sort

[Button: Nearest][Button: Fastest charger][Button: Most connectors]

All DC Fast · 50+ kW Ultra-fast · 150+ kW Available now

Evie

## Evie Charging Station

88-90 Houston Road, Sydney, NSW, 2032

0.52 km

CCS 50 kW

DirectionsView details

EVERTY

## AGL Charging Station

23 See Street, Sydney, NSW, 2032

0.66 km

Type 2 22 kW

DirectionsView details

Exploren

## Exploren Charging Station

7 Harbourne Lane, Sydney, NSW, 2032

0.72 km

Type 2 22 kW

DirectionsView details

Sponsored

Ad

Evie

## Evie Charging Station

594-596 Anzac Parade, Sydney, NSW, 2032

0.74 km

CCS 75 kW

DirectionsView details

bp pulse

## bp pulse Charging Station

368 Anzac Parade, Sydney, NSW, 2032

0.96 km

CCS 75 kW

DirectionsView details

EVX

## EVX Charging Station

15 Barker Street, Sydney, NSW, 2033

0.96 km


[opened page] Internal Error ()
citeturn404view0 [wordlim: 200] Source: open({""ref_id"":""https://ev-charging-stations.com.au/chargers/nsw/daceyville"",""lineno"":null}); Total lines: 1
L0: Failed to fetch https://ev-charging-stations.com.au/chargers/nsw/daceyville: Cache miss"
TFNSW-0775,773,,"917-923 Old Northern Road, Dural NSW 2158",Ampol,2158.0,OSM,OSM,,14.647866862088629,5,OSM:coordinate_500m,"""917-923 Old Northern Road, Dural NSW 2158"" EV charger",https://www.plugroo.com.au/nsw/maraylya,True,False,medium,"Charging evidence exists, but address/page confirmation is incomplete.",web evidence only; same-station identity not automatically proven,"[search] EV Charging Stations Maraylya – Find Chargers Near You | Plugroo (https://www.plugroo.com.au/nsw/maraylya)
citeturn405search0 [wordlim: 200] Crawled: 3 weeks ago;   * 917-923 Old Northern Rd, Dural NSW 2158 CCS 21×120 kW CHAdeMO1×120 kW View station details ...   * 930 Old Northern Road, Glenorie NSW 2157 CCS 23×75 kW CHAdeMO1×63 kW View station details ... Plugroo helps Maraylya EV drivers avoid stale charger directories by combining operator data with verified community reports, so station status, access rules and pricing are easier to check before you arrive.
  * 917-923 Old Northern Rd, Dural NSW 2158 CCS 21×120 kW CHAdeMO1×120 kW View station details
  * 42-84 Nelson Rd, Box Hill NSW 2765 Type 23×22 kW View station details
  * Conferta Ave 2, Tallawong NSW 2762 Type 238×7.4 kW View station details
  * 930 Old Northern Road, Glenorie NSW 2157 CCS 23×75 kW CHAdeMO1×63 kW View station details
  * 29 Windsor Rd, Kellyville, Sydney NSW 2155 CCS 21×25 kW CHAdeMO1×25 kW View station details
  * 662A Old Northern Rd, Dural NSW 2158 Type 22×22 kW View station details
  * 90 Wrights Road, Kellyville NSW 2155 CCS 28×120 kW View station details
  * Cnr George Street &, Blacktown Rd, So
[opened page] Internal Error ()
citeturn406view0 [wordlim: 200] Source: open({""ref_id"":""https://www.plugroo.com.au/nsw/maraylya"",""lineno"":null}); Total lines: 1
L0: Failed to fetch https://www.plugroo.com.au/nsw/maraylya: Cache miss"
TFNSW-0776,774,,"92 Houston Road, Kingsford NSW 2032",Evie Networks,2032.0,OSM,OSM,,497.9055094934751,5,OSM:coordinate_500m,"""92 Houston Road, Kingsford NSW 2032"" EV charger",https://www.realestate.com.au/property/92-houston-rd-kingsford-nsw-2032,True,True,low,"Generic, unrelated, or weak address/charging evidence.",web evidence only; same-station identity not automatically proven,"[search] 92 Houston Road, Kingsford, NSW 2032 - realestate.com.au (https://www.realestate.com.au/property/92-houston-rd-kingsford-nsw-2032)
citeturn407search0 [wordlim: 200] Published: 4.5 years ago; Crawled: 4 months ago; 92 Houston Road, Kingsford, NSW 2032 It is a house with 2 bedrooms, 1 bathroom.

Image: 92 Houston Road, Kingsford, NSW 2032

26

1

Off market

# 92 Houston Road Kingsford, NSW 2032

## Property value

See the estimated property value for 92 Houston Road based on our available property data.

Image

realEstimate™

Last updated 30 March, 2026

$_ , _ _ _ , _ _ _

Sign in to see realEstimate™

Powered by Image: Powered by PropTrack

## Rental income

The estimated rental income of 92 Houston Road is $875 based on our available property data.

Estimated income

Last updated 20 April, 2026

$750

Low range

$875

$1k

High range

Medium Confidence

Estimated rental yield

1.2%

Kingsford average rental yield

2.0%

Powered by Image: Powered by PropTrack

## Property features

Bedrooms:

2

Car spaces:

-

Bathrooms:

1

Land size:

-

Floor area:

-

Property type:

House

Year built:

-


## Property history

2022

Sold

#### $3,700,000

Sold March 8, 2022 by NGFarah

Im
[opened page] 92 Houston Road, Kingsford, NSW 2032 - realestate.com.au (https://www.realestate.com.au/property/92-houston-rd-kingsford-nsw-2032)
citeturn408view0 [wordlim: 200] Crawled: 1.1 years ago; Content type: text/html; Source: open({""ref_id"":""https://www.realestate.com.au/property/92-houston-rd-kingsford-nsw-2032"",""lineno"":null}); Redirected to URL: https://www.realestate.com.au/property/92-houston-rd-kingsford-nsw-2032/; Total lines: 383
L0: bedroomsbathroomscar spacesland sizedwelling sizestudy
L1: 
L2: Menu
L3: 
L4: cite0†Buy cite1†Rent cite2†Sold cite3†Share cite4†New homes cite5†Find agents cite6†Home loans cite7†News L5: 
L6: * * *
L7: 
L8: cite8†Commercial†www.realcommercial.com.au L9: 
L10:   1. cite9†Property Value L11:   2. cite10†NSW L12:   3. cite11†Kingsford L13:   4. cite12†Houston Road L14:   5. cite13†92 Houston Road L15: 
L16: cite67†Image: 92 Houston Road, Kingsford, NSW 2032†www.realestate.com.au L17: 
L18: 26
L19: 
L20: 1
L21: 
L22: Off market
L23: # 92 Houston Road
L24: 
L25: Kingsford, NSW 2032
L26: 
L27: 2
L28: 
L29: 1
L30: 
L31: -
L32: 
L33: |
L34: 
L35: House
L36: 
L37: Own this property?
L38: 
L39: Get access to vie"
TFNSW-0779,777,,"93 Princes Highway, Ulladulla NSW 2539",ChargeHub,2539.0,OSM;Charge@Large,OSM;Charge@Large,"Charge@Large:93 Princes Highway, Ulladulla, NSW 2539",0.0858739485963002,7,OSM:coordinate_500m;Charge@Large:coordinate_and_fuzzy_address,"""93 Princes Highway, Ulladulla NSW 2539"" EV charger",https://ev-charging-stations.com.au/chargers/nsw/ulladulla,True,True,high,Opened page contains an address-level charging signal.,web evidence only; same-station identity not automatically proven,"[search] EV Charging Stations Finder (https://ev-charging-stations.com.au/chargers/nsw/ulladulla)
citeturn409search0 [wordlim: 200] Crawled: 3 weeks ago; # EV charging in Ulladulla, NSW ... 93 Princes Highway, Ulladulla, NSW, 2539

Search Results

# EV charging in Ulladulla, NSW

31 stations found Live availability Showing 1–10 of 31

[Input: Ulladulla, NSW]

Sort

[Button: Nearest][Button: Fastest charger][Button: Most connectors]

All DC Fast · 50+ kW Ultra-fast · 150+ kW Available now

Tesla

## Tesla Destination

72 South Street, Ulladulla, NSW, 2539

1.09 km

Type 2 22 kW

DirectionsView details

ChargeHub

## ChargeHub Charging Station

93 Princes Highway, Ulladulla, NSW, 2539

1.09 km

CHAdeMO 25 kW CCS 25 kW

DirectionsView details

Evie

## Evie Charging Station

85 South Street, Ulladulla, NSW, 2539

1.26 km

CCS 300 kW

DirectionsView details

Sponsored

Ad

Tesla

## Tesla Destination

24 Princes Hwy, Ulladulla, NSW, 2539

1.47 km

Type 2 17 kW

DirectionsView details

Exploren

## Exploren Charging Station

212-222 Princes Highway, Ulladulla, NSW, 2539

1.50 km

Type 2 22 kW
--------------------------------------------------------------------------------
EV Charging Stations
[opened page] EV Charging Stations Finder (https://ev-charging-stations.com.au/chargers/nsw/ulladulla)
citeturn410view0 [wordlim: 200] Crawled: last month; Content type: text/html; Source: open({""ref_id"":""https://ev-charging-stations.com.au/chargers/nsw/ulladulla"",""lineno"":null}); Total lines: 178
L0: cite0†iframe†www.googletagmanager.com L1: 
L2: Search Results
L3: 
L4: # EV charging in Ulladulla, NSW
L5: 
L6: 31 stations found Live availability Showing 1–10 of 31
L7: 
L8: [Input: Ulladulla, NSW]
L9: 
L10: Sort
L11: 
L12: [Button: Nearest][Button: Fastest charger][Button: Most connectors]
L13: 
L14: All DC Fast · 50+ kW Ultra-fast · 150+ kW Available now
L15: 
L16: Tesla
L17: 
L18: ## Tesla Destination
L19: 
L20: 72 South Street, Ulladulla, NSW, 2539
L21: 
L22: 1.09 km
L23: 
L24: Type 2 22 kW
L25: 
L26: cite1†Directions†www.google.com cite2†View details L27: 
L28: ChargeHub
L29: ## ChargeHub Charging Station
L30: 
L31: 93 Princes Highway, Ulladulla, NSW, 2539
L32: 
L33: 1.09 km
L34: 
L35: CHAdeMO 25 kW CCS 25 kW
L36: 
L37: cite3†Directions†www.google.com cite4†View details L38: 
L39: Evie
L40: 
L41: ## Evie Charging Station
L42: 
L43: 85 South Street, Ulladulla, NSW, 2539
L44:"
TFNSW-0793,791,,"98-100 Windsor Road Cnr Lombard Road, Northmead NSW 2152",Ampol,2152.0,OSM,OSM,,13.09271242107275,4,OSM:coordinate_500m,"""98-100 Windsor Road Cnr Lombard Road, Northmead NSW 2152"" EV charger",https://www.ampol.com.au/convenience/foodary-crave-n-save,True,True,high,Opened page contains an address-level charging signal.,web evidence only; same-station identity not automatically proven,"[search] Crave 'n Save - Participating Sites | Ampol (https://www.ampol.com.au/convenience/foodary-crave-n-save)
citeturn411search0 [wordlim: 200] Crawled: yesterday; AMPOL FOODARY NORTHMEAD  | 98-100 Windsor Rd Cnr Lombard Rd, Northmead, NSW 2152
--------------------------------------------------------------------------------
Ampol Woolworths Northmead | Northmead 2152 NSW | fuel-map.com (https://fuel-map.com/station/ampol-woolworths-northmead-northmead-nsw)
citeturn411search1 [wordlim: 200] Crawled: 4 days ago; 98-100 Windsor Road Cnr Lombard Road, Northmead, NSW 2152

[opened page] Crave 'n Save - Participating Sites | Ampol (https://www.ampol.com.au/convenience/foodary-crave-n-save)
citeturn412view0 [wordlim: 200] Crawled: today; Content type: text/html; Source: open({""ref_id"":""https://www.ampol.com.au/convenience/foodary-crave-n-save"",""lineno"":null}); Total lines: 612
L0: cite0†Our App L1: 
L2: |
L3: 
L4: cite1†Support L5: 
L6: |
L7: 
L8: cite2†Sustainability L9: 
L10: |
L11: 
L12: Search
L13: 
L14: |
L15: 
L16: cite3†Find Service Station L17: 
L18: |
L19: 
L20: cite4†Login†my.ampol.com.au L21: 
L22:   * cite5†Your Vehicle L23: 
L24:   * cite6†Your Business L25: 
L26:   * cite7†Convenience L27: 
L28:   * cite8†About Ampol L29: # Crave ‘n Save
L30: 
L31: The Crave ‘n Save offer is available from 02/09/26 to 29/09/26 at participating Ampol Foodary stores only. Product availability and range may vary by store.
L32: 
L33: Participating food items include:
L34: 
L35:   * Four ‘N Twenty King Size Sausage Roll 180g range
L36: 
L37:   * Herbert Adams Cream Cheese and Spinach Roll 190g range
L38: 
L39:   * Foodary Devil’s Wings 2 pieces (available at selected sites)
L40: 
L41: Participating drinks include:
L42: 
L43:   * Coca-Cola, Spri"
TFNSW-0811,809,,"Bellambi Lane, Wollongong NSW 2518",Exploren,2518.0,Charge@Large,Charge@Large,"Charge@Large:Ln & Watts Ln, Bellambi, NSW 2518",0.1463596431353243,4,Charge@Large:coordinate_500m,"""Bellambi Lane, Wollongong NSW 2518"" EV charger",https://www.cppower.com.au/,True,True,high,Opened page contains an address-level charging signal.,web evidence only; same-station identity not automatically proven,"[search] Clean Portable Power (https://www.cppower.com.au/)
citeturn413search0 [wordlim: 200] Crawled: today; Please note that our new address is 38/6 Bellambi Lane Bellambi 2518 effective from 14/05/2026 ... Get your call answered from Wollongong or Perth locally ... 38/6 Bellambi Lane Bellambi NSW 2518
Please note that our new address is 38/6 Bellambi Lane Bellambi 2518 effective from 14/05/2026

Free shipping on orders above $999

## Off-Grid, On-Demand

About Us

Clean Portable Power is an Australian owned and operated reseller of high performance lithium based versatile energy storage products suitable for Aussie's off-grid power needs. We offer everything from lithium deep cycle batteries for Caravan & 4WD to Australia's one of the safest and high capacity portable power stations, and Solar power products for reliable off-grid power generation. Know our story from about us section.

## Categories

All products124 Check out all our products

Smart Lithium Batteries15 Amptron BluEdge Range

Portable Power Stations21 Off-grid, On-Demand

Solar Power16 Flexible, Portable & Glass

Lithium Battery Chargers15 Smart LiFePO4 battery chargers with wakeup features & more..

Power Cables16 Pre
[opened page] Clean Portable Power (https://www.cppower.com.au/)
citeturn414view0 [wordlim: 200] Crawled: today; Content type: text/html; Source: open({""ref_id"":""https://www.cppower.com.au/"",""lineno"":null}); Total lines: 309
L0: Please note that our new address is 38/6 Bellambi Lane Bellambi 2518 effective from 14/05/2026
L1: 
L2: Free shipping on orders above $999
L3: 
L4: A question? Visit our contact page
L5: 
L6: Login
L7: 
L8:   *   * cite0†Search Site navigation
L9: # cite1†Clean Portable Power L10: 
L11: cite0†Search cite2†Cart0 Site navigation
L12: 
L13:   * Cart 0
L14:   * Recently viewed
L15: 
L16: Cart
L17: 
L18: Your cart is currently empty.
L19: 
L20: Not sure where to start?
L21: Try these collections:
L22: 
L23:   * cite3†All Products L24: 
L25: Order note Shipping Discount
L26: 
L27: Order special instructions
L28: 
L29: Order note
L30: 
L31: Apply
L32: 
L33: Estimate shipping
L34: 
L35: Discount
L36: 
L37: [Input:  ] Discount code
L38: 
L39: Apply
L40: 
L41: Tax included. cite4†Shipping calculated at checkout.
L42: 
L43: Subtotal
L44: 
L45: $0.00 AUD
L46: 
L47: Check out cite2†View cart L48: 
L49: Recently viewed
L50: 
L51: Search
L52: 
L53: [Input] Searc"
TFNSW-0820,818,,"Camden Valley Way &, Somerset Avenue, Narellan NSW 2567",Evie Networks,2022.0,OSM,OSM,,363.00083949899454,4,OSM:coordinate_500m,"""Camden Valley Way &, Somerset Avenue, Narellan NSW 2567"" EV charger",https://www.plugroo.com.au/nsw/lakesland,True,False,medium,"Charging evidence exists, but address/page confirmation is incomplete.",web evidence only; same-station identity not automatically proven,"[search] EV Charging Stations Lakesland – Find Chargers Near You | Plugroo (https://www.plugroo.com.au/nsw/lakesland)
citeturn415search0 [wordlim: 200] Crawled: 3 weeks ago;   * Camden Valley Way & Somerset Avenue, Narellan NSW 2567 CCS 24×150 kW View station details ... Plugroo helps Lakesland EV drivers avoid stale charger directories by combining operator data with verified community reports, so station status, access rules and pricing are easier to check before you arrive.
  * 1 Greenbridge Drive, Wilton NSW 2571 CCS 22×160 kW View station details
  * Lots 1 & 2 Hume Hwy, Pheasants Nest NSW 2574 CCS 26×160 kW CHAdeMO3×120 kW View station details
  * 2/143 Argyle St, Picton NSW 2571 CCS 22×40 kW View station details
  * Lot 12 Hume Hwy, Pheasants Nest NSW 2574 CCS 26×160 kW CHAdeMO3×160 kW View station details
  * 40 Oxley St, Camden NSW 2570 Type 22×22 kW View station details
  * Corner Queen &, Elyard St, Narellan NSW 2567 Type 22×22 kW View station details
  * Camden Valley Way & Somerset Avenue, Narellan NSW 2567 CCS 24×150 kW View station details
  * Mittagong RSL, Cnr Hume Highway & Bessemer Street, Mittagong NSW 2575 CCS 22×160 kW View station details
  * Mittagong RSL, Cnr Hum
[opened page] Internal Error ()
citeturn416view0 [wordlim: 200] Source: open({""ref_id"":""https://www.plugroo.com.au/nsw/lakesland"",""lineno"":null}); Total lines: 1
L0: Failed to fetch https://www.plugroo.com.au/nsw/lakesland: Cache miss"
TFNSW-0833,831,,"Cnr Dunheved Road & Henry Lawson Drive, Werrington NSW 2747",Ampol,2747.0,OSM,OSM,,97.43355842635398,5,OSM:coordinate_500m,"""Cnr Dunheved Road & Henry Lawson Drive, Werrington NSW 2747"" EV charger",https://petrolmate.ai/fuel/e10/city/sydney,True,True,high,Opened page contains an address-level charging signal.,web evidence only; same-station identity not automatically proven,"[search] Ethanol 10% Prices in Sydney NSW | Petrolmate (https://petrolmate.ai/fuel/e10/city/sydney)
citeturn417search0 [wordlim: 200] Crawled: 6 days ago; Metco Merimbula  | Independent  | Cnr of Arthur Kaine Drive and Dunns Lane... ... Ampol Foodary Werrington  | Ampol Foodary  | Dunheved Road, Werrington NSW 2747... ... Freedom Fuels Terranora  | Freedom Fuels  | 2-14 Henry Lawson Drive...
| 197.9c
Pearl Energy Colyton  | Pearl Energy  | 86 Great Western Hwy, Colyton NSW 2760...  | 198.3c
Metro Werrington  | Metro  | 569 Great Western Hwy, Werrington NSW 27...  | 198.3c
Metro St Marys  | Metro  | 516-526 Great Western Hwy, St Marys NSW ...  | 198.3c
Speedway North St Marys  | Speedway  | 91 Glossop St, North St Marys NSW 2760...  | 198.3c
Tanwar Petroleum  | Independent  | 281 New Canterbury Rd, Lewisham NSW 2049...  | 198.6c
Metro Bonnyrigg  | Metro  | 709 Cabramatta Road, Bonnyrigg NSW 2177...  | 198.7c
Costco Auburn (Members Only)  | Costco  | Costco 17-21 Parramatta Rd, Lidcombe NSW...  | 198.7c
Costco Casula (Members Only)  | Costco  | 20 Parkersfarm Place, Casula NSW 2170...  | 198.7c
Costco Marsden Park (Members Only)  | Costco  | 10 Langford Drive, Marsden Park NSW 2765...  | 1
[opened page] Ethanol 10% Prices in Sydney NSW | Petrolmate (https://petrolmate.ai/fuel/e10/city/sydney)
citeturn418view0 [wordlim: 200] Crawled: 4 weeks ago; Content type: text/html; Source: open({""ref_id"":""https://petrolmate.ai/fuel/e10/city/sydney"",""lineno"":null}); Total lines: 1504
L0: cite0†Pm. Petrolmate. Don't get pumped. L1: 
L2: 100% free
L3: 
L4: cite1†Download on theApp Store 100% free cite1†Get it onGoogle Play 100% free L5: 
L6: [Button: Sign In]
L7: 
L8: cite2†Fuel Prices L9: 
L10: Browse
L11: 
L12: #### By Country
L13: 
L14: cite3†🇦🇺 Australia cite4†🇳🇿 New Zealand L15: 
L16: #### By State
L17: 
L18: cite5†NSW cite6†VIC cite7†QLD cite8†WA cite9†SA cite10†TAS cite11†ACT cite12†NT L19: #### Major Cities
L20: 
L21: cite13†Sydney cite14†Melbourne cite15†Brisbane cite16†Perth cite17†Adelaide cite18†Hobart L22: 
L23: cite19†Brands L24: 
L25: cite19†All Brands L26: 
L27: cite20†7-Eleven cite21†Ampol cite22†Astron cite23†BP cite24†Budget cite25†Caltex cite26†Coles Express cite27†Costco cite28†EG Australia cite29†Liberty cite30†Metro cite31†Mobil cite32†OTR cite33†Puma cite34"
TFNSW-0859,857,,"Gardeners Road, Sydney NSW 2020",JOLT,2020.0,OSM,OSM,,36.39240285679664,5,OSM:coordinate_500m,"""Gardeners Road, Sydney NSW 2020"" EV charger",https://ev-charging-stations.com.au/chargers/nsw/eastlakes,True,True,high,Opened page contains an address-level charging signal.,web evidence only; same-station identity not automatically proven,"[search] EV Charging Stations Finder (https://ev-charging-stations.com.au/chargers/nsw/eastlakes)
citeturn419search0 [wordlim: 200] Crawled: 6 days ago; # EV charging in Eastlakes, NSW ... ## Tesla Supercharger ... 94-104 Epsom Road, Sydney, NSW, 2017
--------------------------------------------------------------------------------
EV Charging Stations Finder (https://ev-charging-stations.com.au/chargers/nsw/mascot)
citeturn419search1 [wordlim: 200] Crawled: 5 days ago; # EV charging in Mascot, NSW ... [Button: Nearest][Button: Fastest charger][Button: Most connectors] ... 19 Bourke Road, Sydney, NSW, 2020
--------------------------------------------------------------------------------
Allens (https://www.parliament.nsw.gov.au/tp/files/187812/Tabling%20Version%20AusGrid%20Sale%20and%20Purchase%20Agreement%2020%20October%202016.pdf)
citeturn419search12 [wordlim: 200] Published: 2.8 years ago; <td>Sydney Steel Road MARRICKVILLE NSW 2204</td> ... <td>Gardeners Road MASCOT NSW 2020</td>
--------------------------------------------------------------------------------
EQUINIX INTERNATIONAL BUSINESS EXCHANGE™ (https://sustainability.equinix.com/wp-content/uploads/2020/11/GU_IBX-Sustainabil
[opened page] EV Charging Stations Finder (https://ev-charging-stations.com.au/chargers/nsw/eastlakes)
citeturn420view0 [wordlim: 200] Crawled: 5 months ago; Content type: text/html; Source: open({""ref_id"":""https://ev-charging-stations.com.au/chargers/nsw/eastlakes"",""lineno"":null}); Total lines: 179
L0: cite40†Image: EV Charging Stations L1: 
L2: cite0†Find Stations cite1†Journey Planner cite2†Guides cite3†About cite4†Contact L3: 
L4: cite5†Near Me cite6† Sign in  L5: 
L6: Search Results
L7: 
L8: #  EV charging in Eastlakes, NSW
L9: 
L10: 821 stations found  Live availability  Showing 1–10 of 821
L11: 
L12: Sort
L13: 
L14: Nearest Fastest charger Most connectors
L15: 
L16: All DC Fast · 50+ kW Ultra-fast · 150+ kW Available now
L17: 
L18: Tesla
L19: 
L20: ## Tesla Supercharger
L21: 
L22: 16D Evans Avenue, Sydney, NSW, 2018
L23: 
L24: 0.50 km
L25: 
L26: CCS 300 kW
L27: 
L28: cite7†Directions†www.google.com cite8†View details  L29: 
L30: Exploren
L31: ## Exploren
L32: 
L33: 115-133 Dunning Avenue, Sydney, NSW, 2018
L34: 
L35: 0.63 km
L36: 
L37: Type 2 22 kW
L38: 
L39: cite9†Directions†www.google.com cite10†View details  L40: 
L41: EVX
L42: 
L43: ## EVX
L44:"
TFNSW-0860,858,,"Gardeners Road, Sydney NSW 2020",JOLT,2020.0,OSM,OSM,,31.418634700963175,5,OSM:coordinate_500m,"""Gardeners Road, Sydney NSW 2020"" EV charger",https://ev-charging-stations.com.au/chargers/nsw/eastlakes,True,True,high,Opened page contains an address-level charging signal.,web evidence only; same-station identity not automatically proven,"[search] EV Charging Stations Finder (https://ev-charging-stations.com.au/chargers/nsw/eastlakes)
citeturn421search0 [wordlim: 200] Crawled: 6 days ago; # EV charging in Eastlakes, NSW ... ## Tesla Supercharger ... 94-104 Epsom Road, Sydney, NSW, 2017
--------------------------------------------------------------------------------
EV Charging Stations Finder (https://ev-charging-stations.com.au/chargers/nsw/mascot)
citeturn421search1 [wordlim: 200] Crawled: 5 days ago; # EV charging in Mascot, NSW ... [Button: Nearest][Button: Fastest charger][Button: Most connectors] ... 19 Bourke Road, Sydney, NSW, 2020
--------------------------------------------------------------------------------
Allens (https://www.parliament.nsw.gov.au/tp/files/187812/Tabling%20Version%20AusGrid%20Sale%20and%20Purchase%20Agreement%2020%20October%202016.pdf)
citeturn421search12 [wordlim: 200] Published: 2.8 years ago; <td>Sydney Steel Road MARRICKVILLE NSW 2204</td> ... <td>Gardeners Road MASCOT NSW 2020</td>
--------------------------------------------------------------------------------
EQUINIX INTERNATIONAL BUSINESS EXCHANGE™ (https://sustainability.equinix.com/wp-content/uploads/2020/11/GU_IBX-Sustainabil
[opened page] EV Charging Stations Finder (https://ev-charging-stations.com.au/chargers/nsw/eastlakes)
citeturn422view0 [wordlim: 200] Crawled: 5 months ago; Content type: text/html; Source: open({""ref_id"":""https://ev-charging-stations.com.au/chargers/nsw/eastlakes"",""lineno"":null}); Total lines: 179
L0: cite40†Image: EV Charging Stations L1: 
L2: cite0†Find Stations cite1†Journey Planner cite2†Guides cite3†About cite4†Contact L3: 
L4: cite5†Near Me cite6† Sign in  L5: 
L6: Search Results
L7: 
L8: #  EV charging in Eastlakes, NSW
L9: 
L10: 821 stations found  Live availability  Showing 1–10 of 821
L11: 
L12: Sort
L13: 
L14: Nearest Fastest charger Most connectors
L15: 
L16: All DC Fast · 50+ kW Ultra-fast · 150+ kW Available now
L17: 
L18: Tesla
L19: 
L20: ## Tesla Supercharger
L21: 
L22: 16D Evans Avenue, Sydney, NSW, 2018
L23: 
L24: 0.50 km
L25: 
L26: CCS 300 kW
L27: 
L28: cite7†Directions†www.google.com cite8†View details  L29: 
L30: Exploren
L31: ## Exploren
L32: 
L33: 115-133 Dunning Avenue, Sydney, NSW, 2018
L34: 
L35: 0.63 km
L36: 
L37: Type 2 22 kW
L38: 
L39: cite9†Directions†www.google.com cite10†View details  L40: 
L41: EVX
L42: 
L43: ## EVX
L44:"
TFNSW-0878,876,,"Holborn Court, Sydney NSW 2557",Exploren,2557.0,OSM;Charge@Large,OSM;Charge@Large,"Charge@Large:1 Gregory Hills Dr, Gledswood Hills, NSW 2557",13.537085248082944,9,OSM:coordinate_500m;Charge@Large:coordinate_500m,"""Holborn Court, Sydney NSW 2557"" EV charger",https://www.fresha.com/lp/en/bt/barbershops/in/au-sydney,True,True,high,Opened page contains an address-level charging signal.,web evidence only; same-station identity not automatically proven,"[search] Best Barbers near me in Sydney | Fresha (https://www.fresha.com/lp/en/bt/barbershops/in/au-sydney)
citeturn423search0 [wordlim: 200] Crawled: today; Quakers Court Shopping Centre, 3/76 Falmouth Rd, Quakers Hill NSW 2763, Australia ... MACQUARIE HOUSE, Shop 1/167 Macquarie St, Sydney NSW 2000, Australia ... Jul 3, 2025 Royal Blends - Gregory Hills 18 Holborn Circuit, Shop 2, Gledswood Hills, 2557, New South Wales 5.0 803 reviews See all services

# Best Barbers near me in Sydney

Choose from 200 Barbers and 50+ Professionals near you in Sydney. See map

BarberMen's HaircutBeard TrimHead ShaveHot Towel Shave

Browse and book Sydney barbers on Fresha. Compare 200 verified barbers across Sydney and Maroubra and the wider Sydney area. Average rating 4.0/5 across 106,868 reviews. Services include Barber and Men's Haircut. Prices from AUD 5. Instant online booking, with same-day appointments available at most venues.

Featured Truefitt and Hill - QVB, Sydney 4.9 Sydney, New South Wales Barber•1,429 reviews The Royal Cut$90 30 min Traditional Hot Towel Wet Shave$90 30 min Beard / Moustache / Goatee Trim$45 15 min See all 21 services

Featured Snow Bear Hair Salon – Macquarie Centre 4.9 
[opened page] Best Barbers near me in Sydney | Fresha (https://www.fresha.com/lp/en/bt/barbershops/in/au-sydney)
citeturn424view0 [wordlim: 200] Crawled: last week; Content type: text/html; Source: open({""ref_id"":""https://www.fresha.com/lp/en/bt/barbershops/in/au-sydney"",""lineno"":null}); Total lines: 2348
L0: cite0†Google Tag Manager for GA4†www.googletagmanager.com L1: 
L2: cite1†Barber cite1†Sydney, Australia cite1†Any time L3: 
L4: Search
L5: 
L6: cite1†Barber cite1†Sydney, Australia cite1†Search L7: 
L8: For customers
L9: 
L10:   * cite2†Log in or sign up L11:   * cite3†Send a gift card L12:   * cite4†Download the app L13:   * Explore
L14: 
L15:     * [Input]
L16: 
L17: cite5†Beauty Salons in Sydney L18:       * cite6†Facial in Sydney L19:       * cite7†Arm Waxing in Sydney L20:       * cite8†Makeup Service in Sydney L21:       * cite9†Chemical Peel in Sydney L22:       * cite10†Skin Care Consultation in Sydney L23:       * cite11†Cellulite Treatment in Sydney L24:       * cite12†Threading in Sydney L25:       * cite13†Microdermabrasion in Sydney L26:       * cite14†Acne Treatment in Sydney L27:       * cite15†Acne Facial in Sy"
TFNSW-0882,880,,"Jersey Street, Sydney NSW 2077",BP,2077.0,OSM,OSM,,3.8343554431715297,5,OSM:coordinate_500m,"""Jersey Street, Sydney NSW 2077"" EV charger",https://ev-charging-stations.com.au/chargers/nsw/hornsby-westfield,True,True,high,Opened page contains an address-level charging signal.,web evidence only; same-station identity not automatically proven,"[search] EV Charging Stations Finder (https://ev-charging-stations.com.au/chargers/nsw/hornsby-westfield)
citeturn425search0 [wordlim: 200] Crawled: 6 days ago; 13 Dural Street, Sydney, NSW, 2077 ... Jersey St, Sydney, NSW, 2077 ... The main charging location in Hornsby is Westfield Hornsby, which has NRMA EV and Chargefox DC fast chargers in the car park.

# EV charging in Hornsby Westfield, NSW

975 stations found Live availability Showing 1–10 of 975

[Input: Hornsby Westfield, NSW]

Sort

[Button: Nearest][Button: Fastest charger][Button: Most connectors]

All DC Fast · 50+ kW Ultra-fast · 150+ kW Available now

Evie

## Evie

13 Dural Street, Sydney, NSW, 2077

0.46 km

CHAdeMO 50 kW CCS 50 kW

DirectionsView details

JOLT

## JOLT

11-37 Alexandria Parade, Sydney, NSW, 2077

0.66 km

CHAdeMO 25 kW CCS 25 kW

DirectionsView details

AmpCharge

## AmpCharge

59 Pacific Highway, Sydney, NSW, 2077

0.70 km

CCS 150 kW CHAdeMO 125 kW

DirectionsView details

bp pulse

## bp pulse

Jersey St, Sydney, NSW, 2077

1.69 km

CCS 75 kW

DirectionsView details

Exploren

## Exploren

9 Chilvers Road, Sydney, NSW, 2120

2.71 km

Type 2 22 kW

DirectionsView details

Exploren

## Exploren
-------
[opened page] EV Charging Stations Finder (https://ev-charging-stations.com.au/chargers/nsw/hornsby-westfield)
citeturn426view0 [wordlim: 200] Crawled: 3 days ago; Content type: text/html; Source: open({""ref_id"":""https://ev-charging-stations.com.au/chargers/nsw/hornsby-westfield"",""lineno"":null}); Total lines: 197
L0: cite0†iframe†www.googletagmanager.com L1: 
L2: Search Results
L3: 
L4: # EV charging in Hornsby Westfield, NSW
L5: 
L6: 975 stations found Live availability Showing 1–10 of 975
L7: 
L8: [Input: Hornsby Westfield, NSW]
L9: 
L10: Sort
L11: 
L12: [Button: Nearest][Button: Fastest charger][Button: Most connectors]
L13: 
L14: All DC Fast · 50+ kW Ultra-fast · 150+ kW Available now
L15: 
L16: Evie
L17: 
L18: ## Evie
L19: 
L20: 13 Dural Street, Sydney, NSW, 2077
L21: 
L22: 0.46 km
L23: 
L24: CHAdeMO 50 kW CCS 50 kW
L25: 
L26: cite1†Directions†www.google.com cite2†View details L27: 
L28: JOLT
L29: ## JOLT
L30: 
L31: 11-37 Alexandria Parade, Sydney, NSW, 2077
L32: 
L33: 0.66 km
L34: 
L35: CHAdeMO 25 kW CCS 25 kW
L36: 
L37: cite3†Directions†www.google.com cite4†View details L38: 
L39: AmpCharge
L40: 
L41: ## AmpCharge
L42: 
L43: 59 Pacific Highway, Sydney, NSW, 2077
L44: 
L4"
TFNSW-0886,884,,"Kiewa Street, Albury NSW 2640",NRMA Electric,2640.0,OSM,OSM,,2.947819325598813,4,OSM:coordinate_500m,"""Kiewa Street, Albury NSW 2640"" EV charger",https://www.chargeroute.au/chargers/nsw/exploren-albury-albury-3,True,False,medium,"Charging evidence exists, but address/page confirmation is incomplete.",web evidence only; same-station identity not automatically proven,"[search] Exploren — Albury EV Charger — Albury NSW | ChargeRoute (https://www.chargeroute.au/chargers/nsw/exploren-albury-albury-3)
citeturn427search0 [wordlim: 200] Crawled: last week; 550 Kiewa Street, Albury, 2640, Albury, NSW, 2640 ... CIRCA 1928 Art Hotel Dean St Albury, NSW · 588 Dean St Albury NSW 2640 Australia ACup to 22 kWNon-networkedScore 22.5 Planned / not confirmed operational Tesla — Dean St Albury Dean St Albury, NSW · 618 Dean St Albury NSW 2640 Australia DCup to 175 kWTeslaScore 33 Planned / not confirmed operational Exploren — Albury Albury, NSW · 102 Volt Lane, Albury, 2640 ACup to 22 kWExplorenScore 26.5 Operational (per source)Albury City Council Albury, NSW · 526 Smollett St, Albury NSW 2640, Australia ACup to 7 kWExplorenScore 23 Unknown status Mantra Albury Hotel Smollett St Albury, NSW · 524 Smollett St Albury NSW 2640 Australia ACup to 22 kWChargefoxScore 26.5 Planned / not confirmed operational The Albury Regent Motel Dean St Albury, NSW · 666 Dean St Albury NSW 2640 Australia ACup to 22 kWNon-networkedScore 24.5 Planned / not confirmed operational Albury City Council Albury, NSW · 520 David St, Albury NSW 2640, Australia ACup to 7 kWExplorenScore 23 Unknown s
[opened page] Internal Error ()
citeturn428view0 [wordlim: 200] Source: open({""ref_id"":""https://www.chargeroute.au/chargers/nsw/exploren-albury-albury-3"",""lineno"":null}); Total lines: 1
L0: Failed to fetch https://www.chargeroute.au/chargers/nsw/exploren-albury-albury-3: Cache miss"
TFNSW-0890,888,,"Koonya Circuit, Sydney NSW 2229",Exploren,2229.0,Charge@Large,Charge@Large,"Charge@Large:Koonya Cct, Caringbah, NSW 2229",70.03290617569859,4,Charge@Large:coordinate_500m,"""Koonya Circuit, Sydney NSW 2229"" EV charger",https://www.tilling.com.au/find-a-reseller/,True,True,low,"Generic, unrelated, or weak address/charging evidence.",web evidence only; same-station identity not automatically proven,"[search] Find A Reseller - SmartFrame by Tilling | A Claymark Company (https://www.tilling.com.au/find-a-reseller/)
citeturn429search0 [wordlim: 200] Crawled: 2 days ago; Koonya Crt.Taren Point, Caringbah 2229 ... 9-27 Saltwater Circuit, Narangba 4504 ... 205/207 Barham Road, Deniliquin NSW 2710 ... 02 4323 2221
Bunnings Caloundra

54-56 Caloundra Road, Little Mountain 4551

07 5490 5000

View on map

Bunnings Cameron Park TC

325 Stenhouse Drive, Cameron Park 2285

02 4903 4600

View on map

Bunnings Cannington

27 Liege St, Cannington 6107

08 6350 5600

View on map

Bunnings Cannon Hill

1881 Creek Road, Cannon Hill 4170

07 3906 5000

View on map

Bunnings Capalaba

Cnr MT Cotton & Pittwin Nth Rd, Capalaba 4157

07 3362 6100

View on map

Bunnings Caringbah

Koonya Crt. Taren Point, Caringbah 2229

02 9710 8100

View on map

Bunnings Carseldine

1925 Gympie Road, Carseldine 4034

07 3017 0200

View on map

Bunnings Castle Hill Warehouse

14 Victoria Avenue, Castle Hill 2154

02 8846 4500

View on map

Bunnings Cessnock

249 - 255 Vincent Street, Cessnock 2325
--------------------------------------------------------------------------------
Bunnings Warehouse - Caringbah, Sydney - Open
[opened page] Find A Reseller - SmartFrame by Tilling | A Claymark Company (https://www.tilling.com.au/find-a-reseller/)
citeturn430view0 [wordlim: 200] Crawled: today; Content type: text/html; Source: open({""ref_id"":""https://www.tilling.com.au/find-a-reseller/"",""lineno"":null}); Total lines: 96
L0: A Claymark Company - cite0†Learn more L1: 
L2: cite1†Find A Reseller L3: 
L4: [Input: What are you looking for?]
L5:   * cite2†About L6:     * cite2†About Us L7:     * cite3†News & Media L8:     * cite4†Chain Of Custody L9:     * cite5†Origin Verified L10:     * cite6†Privacy Policy L11:     * cite7†Terms Of Use L12:   * cite8†Products L13:     * cite9†SmartJoist L14:       * cite10†SmartJoist L15:       * cite11†SmartJoist Set-Down L16:     * cite12†SmartLVL L17:       * cite13†Smart10 L18:       * cite14†Red Alert 12 L19:       * cite15†SmartLVL13 L20:       * cite16†SmartLVL14 L21:       * cite17†SmartLVL15 L22:       * cite18†SmartChord14 L23:       * cite19†SmartChord16 L24:     * cite20†SmartLam L25:       * cite21†SmartLam GL13 L26:       * cite22†SmartLam GL15 L27:       * cite23†SmartLam GL17 L28:       * cite24†S"
TFNSW-0895,893,,"Lauder Street, Tumbarumba NSW 2653",Chargefox,2653.0,OSM,OSM,,4.56517657056856,5,OSM:coordinate_500m,"""Lauder Street, Tumbarumba NSW 2653"" EV charger",https://www.snowyvalleys.nsw.gov.au/files/assets/public/v/1/general-documents/da-determinations-september-october-november-2017-svc.pdf,True,False,medium,"Charging evidence exists, but address/page confirmation is incomplete.",web evidence only; same-station identity not automatically proven,"[search] DEVELOPMENT CONSENTS GRANTED DURING THE MONTHS OF SEPTEMBER, (https://www.snowyvalleys.nsw.gov.au/files/assets/public/v/1/general-documents/da-determinations-september-october-november-2017-svc.pdf)
citeturn431search12 [wordlim: 200] Published: 10 months ago; NSW 2653  | Construction of ... Lauder Street, TUMBARUMBA
45 Whitty Street, TALBINGO
NSW 2720  | Extension to caravan
annex Van No 6  | Lot 24 DP830440  | DA2017/0124
45 Whitty Street, TALBINGO
NSW 2720  | Extensions to existing
cabin Site 9  | Lot 24 DP830440  | DA2017/0125
4 Bundara Crescent, TUMUT
NSW 2720  | Gazebo  | Lot 11 DP 1014291  | DA2017/0129
358 Morgans Reserve Rd,
MUNDONGO NSW 2720  | Two Awnings  | Lot 21 DP 870778  | DA2017/0130
58 Boonderoo Road, TUMUT
NSW 2720  | Modification of DA
2016/0071 – Move
Location of Shed  | Lot 31 DP 1210989  | MA2017/0017
146 Batlow Road, TUMBARUMBA
NSW 2653  | Construction of
Insulated Patio over
Deck  | Lot 9 DP22935  | DA35/17
1362 Alpine Way, KHANCOBAN
NSW 2642  | Modification of DA –
Cartaker residence
changed from dual
occupancy to single
dwelling with Shop  | Lots 1 & 2 DP850930  | DA04/16-02
Lauder Street, TUMBARUMBA
NSW 2642  | Re-development of the
Tumbarumba Creek
Ca
[opened page] Internal Error ()
citeturn432view0 [wordlim: 200] Source: open({""ref_id"":""https://www.snowyvalleys.nsw.gov.au/files/assets/public/v/1/general-documents/da-determinations-september-october-november-2017-svc.pdf"",""lineno"":null}); Total lines: 1
L0: Failed to fetch https://www.snowyvalleys.nsw.gov.au/files/assets/public/v/1/general-documents/da-determinations-september-october-november-2017-svc.pdf: (403) Forbidden"
TFNSW-0900,898,,"M4 Motorway Westbound, Sydney NSW 2766",Ampol,2766.0,OSM,OSM,,123.3864519617217,5,OSM:coordinate_500m,"""M4 Motorway Westbound, Sydney NSW 2766"" EV charger",https://www.chargeroute.au/chargers/nsw/ampol-sydney-sydney-7,True,False,medium,"Charging evidence exists, but address/page confirmation is incomplete.",web evidence only; same-station identity not automatically proven,"[search] Ampol — Sydney EV Charger — Sydney NSW | ChargeRoute (https://www.chargeroute.au/chargers/nsw/ampol-sydney-sydney-7)
citeturn433search0 [wordlim: 200] Crawled: last week; M4 Motorway Westbound, Sydney, 2766, Sydney, NSW, 2766 ... Ampol — Sydney Sydney, NSW · Western Motorway, Sydney, 2766 DCup to 240 kWAmpolScore 33 Operational (per source)Tesla — Sydney Sydney, NSW · 1 Ferrers Rd, Sydney, 2766 ACup to 22 kWTeslaScore 24.5 Operational (per source)EVX — Holbeche Rd Arndell Park Holbeche Rd Arndell Park, NSW · 18 Holbeche Rd Arndell Park NSW 2148 Australia ACup to 22 kWEVXScore 24.5 Planned / not confirmed operational Tesla — Sydney Sydney, NSW · 32 Cricketers Arms Rd, Sydney, 2148 ACup to 22 kWTeslaScore 22.5 Operational (per source)BP — Sydney Sydney, NSW · 01 Wallgrove Road, Sydney, 2766 DCup to 150 kWBPScore 31 Operational (per source)Eastern Creek Quarter XL 181 Rooty Hill Rd S, NSW · 181 Rooty Hill Rd S, Eastern Creek NSW 2766 ACup to 22 kWNon-networkedScore 24.5 Operational (per source)Chargefox — Sydney Sydney, NSW · Cnr Beggs Road & Rooty Hill Road, Sydney, 2766 ACup to 6 kWChargefoxScore 23.5 Operational (per source)Exploren — Sydney Sydney, NSW · 81 Eastern Rd, Sydney, 
[opened page] Internal Error ()
citeturn434view0 [wordlim: 200] Source: open({""ref_id"":""https://www.chargeroute.au/chargers/nsw/ampol-sydney-sydney-7"",""lineno"":null}); Total lines: 1
L0: Failed to fetch https://www.chargeroute.au/chargers/nsw/ampol-sydney-sydney-7: Cache miss"
TFNSW-0918,916,,"Narellan Road Cnr Maxwell Place, Sydney NSW 2567",Ampol,2567.0,OSM,OSM,,71.59695594745277,5,OSM:coordinate_500m,"""Narellan Road Cnr Maxwell Place, Sydney NSW 2567"" EV charger",https://www.jetro.go.jp/agriportal/supporter/list.html?_previewDate_=null&_tmpCssPreview_=0%2F%2F%2Fevents%2F%2Fevents%2F%2F%2F%2Fbiznews%2F%2F%2F%2Fbiznews%2F%2F%2F%2F&revision=0&viewForce=1,True,False,medium,"Charging evidence exists, but address/page confirmation is incomplete.",web evidence only; same-station identity not automatically proven,"[search] 日本産食材認定サポーター店一覧 | 海外における日本産食材サポーター店認定制度 - 農林水産物・食品の輸出支援ポータル - ジェトロ (https://www.jetro.go.jp/agriportal/supporter/list.html?_previewDate_=null&_tmpCssPreview_=0%2F%2F%2Fevents%2F%2Fevents%2F%2F%2F%2Fbiznews%2F%2F%2F%2Fbiznews%2F%2F%2F%2F&revision=0&viewForce=1)
citeturn435search0 [wordlim: 200] Published: 4 months ago; Crawled: 4 months ago; Dan Murphy's Narellan  | 小売店  | オーストラリア  | ニューサウスウェールズ  | Cnr The Northern &, The Old Northern Rd, Narellan NSW 2567 ... Dan Murphy's Penrith  | 小売店  | オーストラリア  | ニューサウスウェールズ  | Cnr Maxwell Street, The Northern Rd, Penrith NSW 2750
Dan Murphy's Manly Vale  | 小売店  | オーストラリア  | ニューサウスウェールズ  | 279-283 Condamine St, Manly Vale NSW 2093
Dan Murphy's Menai  | 小売店  | オーストラリア  | ニューサウスウェールズ  | Central, Building C, Cnr Old Illawarra &, Menai Rd, Menai NSW 2234
Dan Murphy's Mittagong  | 小売店  | オーストラリア  | ニューサウスウェールズ  | Cnr Bowral Road &, Pioneer St, Mittagong NSW 2575
Dan Murphy's Mona Vale  | 小売店  | オーストラリア  | ニューサウスウェールズ  | 25/29 Park St, Mona Vale NSW 2103
Dan Murphy's Mosman  | 小売店  | オーストラリア  | ニューサウスウェールズ  | 718-728 Military Rd, Mosman NSW 2088
Dan Murphy's Narellan  | 小売店  | オーストラリア  | ニューサウスウェールズ  | Cnr The Northern &, The Old Northern Rd, Nare
[opened page] Internal Error ()
citeturn436view0 [wordlim: 200] Source: open({""ref_id"":""https://www.jetro.go.jp/agriportal/supporter/list.html?_previewDate_=null&_tmpCssPreview_=0%2F%2F%2Fevents%2F%2Fevents%2F%2F%2F%2Fbiznews%2F%2F%2F%2Fbiznews%2F%2F%2F%2F&revision=0&viewForce=1"",""lineno"":null}); Total lines: 1
L0: Failed to fetch https://www.jetro.go.jp/agriportal/supporter/list.html?_previewDate_=null&_tmpCssPreview_=0%2F%2F%2Fevents%2F%2Fevents%2F%2F%2F%2Fbiznews%2F%2F%2F%2Fbiznews%2F%2F%2F%2F&revision=0&viewForce=1: (403) Forbidden"
TFNSW-0919,917,,"Newbridge Road 216, Sydney NSW 2170",Ampol,2170.0,OSM,OSM,,37.18249035288263,5,OSM:coordinate_500m,"""Newbridge Road 216, Sydney NSW 2170"" EV charger",https://www.chargeroute.au/chargers/nsw/ampol-sydney-sydney-9,True,False,medium,"Charging evidence exists, but address/page confirmation is incomplete.",web evidence only; same-station identity not automatically proven,"[search] Ampol — Sydney EV Charger — Sydney NSW | ChargeRoute (https://www.chargeroute.au/chargers/nsw/ampol-sydney-sydney-9)
citeturn437search0 [wordlim: 200] Published: 3 weeks ago; Crawled: last week; Newbridge Road 216, Sydney, 2170, Sydney, NSW, 2170 ... BP Australia — 226/228 Newbridge Rd 226/228 Newbridge Rd, NSW · Bp Moorebank, 226/228 Newbridge Rd, Moorebank NSW 2170 up to 350 kWBP AustraliaScore 30 Planned / not confirmed operational Tesla — Sydney Sydney, NSW · 155 Governor Macquarie Dr, Sydney, 2170 ACup to 22 kWTeslaScore 24.5 Operational (per source)Chargefox — Sydney Sydney, NSW · 49 Tower Rd, Sydney, 2200 ACup to 22 kWChargefoxScore 26.5 Operational (per source)JOLT — Sydney Sydney, NSW · 11 Scott St, Sydney, 2170 DCup to 25 kWJOLTScore 25.5 Operational (per source)Chargefox — Sydney Sydney, NSW · 361 Milperra Rd, Sydney, 2200 ACup to 22 kWChargefoxScore 26.5 Operational (per source)Chargefox — Sydney Sydney, NSW · 6 Airport Ave, Sydney, 2200 ACup to 22 kWChargefoxScore 26.5 Operational (per source)Chargefox — Sydney Sydney, NSW · 430 Marion St, Sydney, 2200 ACup to 22 kWChargefoxScore 26.5 Operational (per source)Tesla — Sydney Sydney, NSW · 224 Railway Pde, Sydney, 2166
[opened page] Internal Error ()
citeturn438view0 [wordlim: 200] Source: open({""ref_id"":""https://www.chargeroute.au/chargers/nsw/ampol-sydney-sydney-9"",""lineno"":null}); Total lines: 1
L0: Failed to fetch https://www.chargeroute.au/chargers/nsw/ampol-sydney-sydney-9: Cache miss"
TFNSW-0920,918,,"North Terrace, Sydney NSW 2200",Chargefox,2200.0,Charge@Large,Charge@Large,"Charge@Large:Shop ML436/1 North Terrace, Bankstown, NSW 2200",2.8343749534981644,4,Charge@Large:coordinate_500m,"""North Terrace, Sydney NSW 2200"" EV charger",https://ev-charging-stations.com.au/chargers/nsw/yagoona,True,True,high,Opened page contains an address-level charging signal.,web evidence only; same-station identity not automatically proven,"[search] EV Charging Stations Finder (https://ev-charging-stations.com.au/chargers/nsw/yagoona)
citeturn439search0 [wordlim: 200] Crawled: 2 months ago; # EV charging in Yagoona, NSW ... [Button: Nearest][Button: Fastest charger][Button: Most connectors] ... 1 North Terrace, Sydney, NSW, 2200

Search Results

# EV charging in Yagoona, NSW

955 stations found Live availability Showing 1–10 of 955

[Input: Yagoona, NSW]

Sort

[Button: Nearest][Button: Fastest charger][Button: Most connectors]

All DC Fast · 50+ kW Ultra-fast · 150+ kW Available now

Tesla

## Tesla

462 Chapel Road, Sydney, NSW, 2200

1.47 km

Type 2 22 kW

DirectionsView details

Tesla

## Tesla

34 Greenfield Parade, Sydney, NSW, 2200

2.00 km

Type 2 6 kW

DirectionsView details

Exploren

## Exploren

8 Greenfield Parade, Sydney, NSW, 2200

2.04 km Intermittent

Type 2 22 kW

DirectionsView details

Sponsored

Ad

bp pulse

## bp pulse

157 Rookwood Road, Sydney, NSW, 2199

2.14 km Intermittent

CCS 300 kW CHAdeMO 125 kW

DirectionsView details

ChargeFox

## ChargeFox

North Ter, Sydney, NSW, 2200

2.19 km

CCS 200 kW

DirectionsView details

Exploren

## Exploren

1 North Terrace, Sydney, NSW, 2200

2.19 km Reliable
[opened page] EV Charging Stations Finder (https://ev-charging-stations.com.au/chargers/nsw/yagoona)
citeturn440view0 [wordlim: 200] Crawled: last week; Content type: text/html; Source: open({""ref_id"":""https://ev-charging-stations.com.au/chargers/nsw/yagoona"",""lineno"":null}); Total lines: 178
L0: cite0†iframe†www.googletagmanager.com L1: 
L2: Search Results
L3: 
L4: # EV charging in Yagoona, NSW
L5: 
L6: 965 stations found Live availability Showing 1–10 of 965
L7: 
L8: [Input: Yagoona, NSW]
L9: 
L10: Sort
L11: 
L12: [Button: Nearest][Button: Fastest charger][Button: Most connectors]
L13: 
L14: All DC Fast · 50+ kW Ultra-fast · 150+ kW Available now
L15: 
L16: Tesla
L17: 
L18: ## Tesla
L19: 
L20: 462 Chapel Road, Sydney, NSW, 2200
L21: 
L22: 1.47 km
L23: 
L24: Type 2 22 kW
L25: 
L26: cite1†Directions†www.google.com cite2†View details L27: 
L28: Exploren
L29: ## Exploren
L30: 
L31: 40 Marion St, Sydney, NSW, 2200
L32: 
L33: 1.71 km
L34: 
L35: Type 2 22 kW
L36: 
L37: cite3†Directions†www.google.com cite4†View details L38: 
L39: Tesla
L40: 
L41: ## Tesla
L42: 
L43: 34 Greenfield Parade, Sydney, NSW, 2200
L44: 
L45: 2.00 km
L46: 
L47: Type 2 6 kW
L48: 
L49: cite5†Directions†www.go"
TFNSW-0925,923,,"Orchard Court, Bathurst NSW 2795",Exploren,2795.0,Charge@Large,Charge@Large,"Charge@Large:1432, Mitchell, NSW 2795",0.1320852913385736,4,Charge@Large:coordinate_500m,"""Orchard Court, Bathurst NSW 2795"" EV charger",https://gazette.nsw.gov.au/gazette/2016/1/2016-3.pdf,True,True,high,Opened page contains an address-level charging signal.,web evidence only; same-station identity not automatically proven,"[search] Government Gazette (https://gazette.nsw.gov.au/gazette/2016/1/2016-3.pdf)
citeturn441search9 [wordlim: 200] Published: 5 months ago; Orchard Court ... Council, Private Mail Bag 17, Bathurst NSW 2795
 
 
Name 
Locality 
Ordnance Road 
Mitchell 
Description 
Running in a south-easterly direction between Research 
Station Drive and Village Drive within Lot 236, 242 and 251, 
DP 750357. Intersects with Research Station Drive and 
Village Drive. 
 
 
 
 
 
Dedication of Land as a Public Road  
 
 
 
 
 
 
Notice is hereby given that in accordance with section 10 
of the Roads Act 1993, the land described in the Schedule 
below is dedicated as Public Roads. 
 
 
 
 
 
 
Name 
Locality 
Orchard Court 
Mitchell 
Description 
Running in a south-easterly direction off Research Station 
Drive within Lot 236, DP 750357. Intersects with Research 
Station Drive. 
 
 
 
DAVID SHERLEY, General Manager, Bathurst Regional 
Council, Private Mail Bag 17, Bathurst NSW 2795 
 
 
 
 
 
 
 
 
 
 
 
 
Name 
Locality 
Mitchell Drive 
Mitchell 
Description 
Running in a westerly direction off Panaroma Avenue within 
Lot 236, DP 750357. Intersects with Guradyi Drive, Village 
Drive and Wiradjuri Road. 
 
 
[opened page] Government Gazette No 3 of 15 January 2016 (https://gazette.nsw.gov.au/gazette/2016/1/2016-3.pdf)
citeturn442view0 [wordlim: 200] Crawled: 1.1 years ago; Content type: application/pdf; Number of pages: 25; Source: open({""ref_id"":""https://gazette.nsw.gov.au/gazette/2016/1/2016-3.pdf"",""lineno"":null}); Total lines: 2332
L0@P0: 29 NSW Government Gazette No 3 of 15 January 2016
L1@P0: 
L2@P0: 
L3@P0: 
L4@P0: 
L5@P0: Government Gazette
L6@P0:  of the State of
L7@P0: 
L8@P0: New South Wales
L9@P0: 
L10@P0: Number 3
L11@P0: 
L12@P0: Friday, 15 January 2016
L13@P0: 
L14@P0: The New South Wales Government Gazette is the permanent public record of official notices issued
L15@P0: by the New South Wales Government. It also contains local council and other notices and private
L16@P0: advertisements.
L17@P0: The Gazette is compiled by the Parliamentary Counsel’s Office and published on the NSW legislation
L18@P0: website (www.legislation.nsw.gov.au) under the authority of the NSW Government. The website
L19@P0: contains a permanent archive of past Gazettes.
L20@P0-1: To submit a notice for gazettal – see Gazette Information. Government Notices
L21@P1: 
L22@P1: 
L23@P1: 
L24@P1: 
L25@P1: 
L26@P"
TFNSW-0935,933,,"Prince Of Wales Drive, Sydney NSW 2073",Exploren,2073.0,Charge@Large,Charge@Large,"Charge@Large:64PM+J7, West Pymble, NSW 2073",0.1087768102966016,4,Charge@Large:coordinate_500m,"""Prince Of Wales Drive, Sydney NSW 2073"" EV charger",https://www.activeactivities.com.au/directory/location/nsw/sydney-region/upper-north-shore/west-pymble/most-popular/2025/,True,False,medium,"Charging evidence exists, but address/page confirmation is incomplete.",web evidence only; same-station identity not automatically proven,"[search] Most Popular Kids Activities in West Pymble (2073) in 2025 - ActiveActivities (https://www.activeactivities.com.au/directory/location/nsw/sydney-region/upper-north-shore/west-pymble/most-popular/2025/)
citeturn443search0 [wordlim: 200] Crawled: 4 months ago;   * Prince of Wales Drive, West Pymble, NSW 2073 ... Our Sports programs are underway in numerous childcare centres across Sydney.
#### FREE trial lesson

FREE trial lesson for all new customers. Book now as places are limited. Subject to coach availability.

Claim this offer Request more details

12

Latorre Sports Aus

  * North Ryde Public School, North Ryde, NSW 2113

 Quote  Booking

 Contact me  Email  www

  * Description

Latorre Sports Australia was founded by Master Diana Latorre who was born in Bogota, Colombia and moved to Australia in 2005. Master Diana has completed a Physical Education degree from the National Pedagogical University in Bogota, holds black belts in World Taekwondo (WT) and Kickboxing and teaches both taekwondo classes for children and kickboxing classes for adults. In the near future, combined classes for adults and children will be available, so that families can learn taekwondo together in...
[opened page] Internal Error ()
citeturn444view0 [wordlim: 200] Source: open({""ref_id"":""https://www.activeactivities.com.au/directory/location/nsw/sydney-region/upper-north-shore/west-pymble/most-popular/2025/"",""lineno"":null}); Total lines: 1
L0: Failed to fetch https://www.activeactivities.com.au/directory/location/nsw/sydney-region/upper-north-shore/west-pymble/most-popular/2025/: Cache miss"
TFNSW-0954,952,,"Shop 2140, Newcastle NSW 2289",Exploren,2289.0,Charge@Large,Charge@Large,"Charge@Large:Shop 2140, Westfield, 2140/1 Northcott Dr, Kotara, NSW 2289",0.1567950831768445,4,Charge@Large:coordinate_500m,"""Shop 2140, Newcastle NSW 2289"" EV charger",https://www.chargeroute.au/chargers/nsw/exploren-newcastle-newcastle-3,True,False,medium,"Charging evidence exists, but address/page confirmation is incomplete.",web evidence only; same-station identity not automatically proven,"[search] Exploren — Newcastle EV Charger — Newcastle NSW | ChargeRoute (https://www.chargeroute.au/chargers/nsw/exploren-newcastle-newcastle-3)
citeturn445search0 [wordlim: 200] Crawled: 5 days ago; Shop 2140, Newcastle, 2289, Newcastle, NSW, 2289 ... ChargeRoute Score weights verified maximum power (40%), connector diversity (25%), charger count (20%), and location completeness (15%). ...     EV Charging Locations

# Exploren — Newcastle

Shop 2140, Newcastle, 2289, Newcastle, NSW, 2289

Operational (per source)

ChargeRoute Score

29.5

Methodology score — not reliability

Chargers / plugs
    4

Max power
    60 kW

Current
    DC

Connectors
    CCS2

Operator / network
    Exploren

Suburb
    Newcastle

## ChargeRoute Score breakdown

ChargeRoute Score weights verified maximum power (40%), connector diversity (25%), charger count (20%), and location completeness (15%). It is not a reliability or availability rating.

  * Power: 7
  * Connectors: 4.5
  * Capacity: 8
  * Location completeness: 10

  * Does not measure historical uptime or live occupancy.
  * Does not include pricing.
  * Based only on fields present in official source data at last ingest.

## Source & provenance

Age
[opened page] Internal Error ()
citeturn446view0 [wordlim: 200] Source: open({""ref_id"":""https://www.chargeroute.au/chargers/nsw/exploren-newcastle-newcastle-3"",""lineno"":null}); Total lines: 1
L0: Failed to fetch https://www.chargeroute.au/chargers/nsw/exploren-newcastle-newcastle-3: Cache miss"
TFNSW-0970,968,,"Valder Way, Charles Sturt University NSW 2678",Exploren,2678.0,OSM,OSM,,350.7822083012386,4,OSM:coordinate_500m,"""Valder Way, Charles Sturt University NSW 2678"" EV charger",https://ev-charging-stations.com.au/chargers/nsw/rannock,True,True,high,Opened page contains an address-level charging signal.,web evidence only; same-station identity not automatically proven,"[search] EV Charging Stations Finder (https://ev-charging-stations.com.au/chargers/nsw/rannock)
citeturn447search0 [wordlim: 200] Crawled: 5 months ago; # EV charging in Rannock, NSW ... Valder Way, Charles Sturt University, NSW, 2678

Search Results

# EV charging in Rannock, NSW

4 stations found Live availability Showing 1–4 of 4

[Input: Rannock, NSW]

Sort

[Button: Nearest][Button: Fastest charger][Button: Most connectors]

All DC Fast · 50+ kW Ultra-fast · 150+ kW Available now

NRMA

## NRMA

Little Hoskins St, Temora, NSW, 2666

34.05 km

CHAdeMO 50 kW CCS 50 kW

DirectionsView details

Elanga

## Elanga

19 Tom Moon Avenue, Temora, NSW, 2666

34.30 km

Type 2 22 kW

DirectionsView details

Tesla

## Tesla Destination

39 Seignior Street, Junee, NSW, 2663

38.80 km

Type 2 22 kW

DirectionsView details

Sponsored

Ad

Exploren

## Exploren

Valder Way, Charles Sturt University, NSW, 2678

46.25 km

CCS

DirectionsView details--------------------------------------------------------------------------------
EV Charging Stations Finder (https://ev-charging-stations.com.au/chargers/nsw/boorooma)
citeturn447search1 [wordlim: 200] Crawled: last month; # EV charging in Boorooma, NSW 
[opened page] EV Charging Stations Finder (https://ev-charging-stations.com.au/chargers/nsw/rannock)
citeturn448view0 [wordlim: 200] Crawled: 5 months ago; Content type: text/html; Source: open({""ref_id"":""https://ev-charging-stations.com.au/chargers/nsw/rannock"",""lineno"":null}); Total lines: 99
L0: cite29†Image: EV Charging Stations L1: 
L2: cite0†Find Stations cite1†Journey Planner cite2†Guides cite3†About cite4†Contact L3: 
L4: cite5†Near Me cite6† Sign in  L5: 
L6: Search Results
L7: 
L8: #  EV charging in Rannock, NSW
L9: 
L10: 4 stations found  Live availability  Showing 1–4 of 4
L11: 
L12: Sort
L13: 
L14: Nearest Fastest charger Most connectors
L15: 
L16: All DC Fast · 50+ kW Ultra-fast · 150+ kW Available now
L17: 
L18: NRMA
L19: 
L20: ## NRMA
L21: 
L22: Little Hoskins St, Temora, NSW, 2666
L23: 
L24: 34.05 km
L25: 
L26: CHAdeMO 50 kW CCS 50 kW
L27: 
L28: cite7†Directions†www.google.com cite8†View details  L29: 
L30: Elanga
L31: ## Elanga
L32: 
L33: 19 Tom Moon Avenue, Temora, NSW, 2666
L34: 
L35: 34.30 km
L36: 
L37: Type 2 22 kW
L38: 
L39: cite9†Directions†www.google.com cite10†View details  L40: 
L41: Tesla
L42: 
L43: ## Tesla Destination
L44: 
L45"
TFNSW-0976,974,,"Western Motorway, Sydney NSW 2766",Ampol,2766.0,OSM,OSM,,168.55368362739188,5,OSM:coordinate_500m,"""Western Motorway, Sydney NSW 2766"" EV charger",https://www.chargeroute.au/chargers/nsw/ampol-sydney-sydney-10,True,False,medium,"Charging evidence exists, but address/page confirmation is incomplete.",web evidence only; same-station identity not automatically proven,"[search] Ampol — Sydney EV Charger — Sydney NSW | ChargeRoute (https://www.chargeroute.au/chargers/nsw/ampol-sydney-sydney-10)
citeturn449search0 [wordlim: 200] Crawled: 5 days ago; Western Motorway, Sydney, 2766, Sydney, NSW, 2766 ... ChargeRoute Score weights verified maximum power (40%), connector diversity (25%), charger count (20%), and location completeness (15%). ...     EV Charging Locations

# Ampol — Sydney

Western Motorway, Sydney, 2766, Sydney, NSW, 2766

Operational (per source)

ChargeRoute Score

33

Methodology score — not reliability

Chargers / plugs
    15

Max power
    240 kW

Current
    DC

Connectors
    CCS2

Operator / network
    Ampol

Suburb
    Sydney

## ChargeRoute Score breakdown

ChargeRoute Score weights verified maximum power (40%), connector diversity (25%), charger count (20%), and location completeness (15%). It is not a reliability or availability rating.

  * Power: 8.5
  * Connectors: 4.5
  * Capacity: 10
  * Location completeness: 10

  * Does not measure historical uptime or live occupancy.
  * Does not include pricing.
  * Based only on fields present in official source data at last ingest.

## Source & provenance

Agency
    Transport for NS
[opened page] Internal Error ()
citeturn450view0 [wordlim: 200] Source: open({""ref_id"":""https://www.chargeroute.au/chargers/nsw/ampol-sydney-sydney-10"",""lineno"":null}); Total lines: 1
L0: Failed to fetch https://www.chargeroute.au/chargers/nsw/ampol-sydney-sydney-10: Cache miss"
TFNSW-0977,975,,"William Street, Sydney NSW 2046",Evie Networks,2046.0,OSM,OSM,,3.698370798138056,5,OSM:coordinate_500m,"""William Street, Sydney NSW 2046"" EV charger",https://pericles.ipaustralia.gov.au/ols/epublish/content/journals/trademarks/tm2049p20061221.pdf,True,False,medium,"Charging evidence exists, but address/page confirmation is incomplete.",web evidence only; same-station identity not automatically proven,"[search] Vol: 20 , No. 49 (https://pericles.ipaustralia.gov.au/ols/epublish/content/journals/trademarks/tm2049p20061221.pdf)
citeturn451search12 [wordlim: 200] Published: 1.6 years ago; NSW 2046, AUSTRALIA (AU). ... Towers 100 William Street SYDNEY NSW 2011
AUSTRALIAN OFFICIAL JOURNAL OF TRADE MARKS
21 December 2006
Just A Little Luck
(220)
21 August 2006
(730)
Rittavorn, Doungporn of PO Box 693 FIVE DOCK
NSW 2046, AUSTRALIA (AU).
(750)
Blueprint Law Pty Ltd Suite 602 Level 6 Westfield
Towers 100 William Street SYDNEY NSW 2011
(511)(510)
Cl. 3
Essential oils; aromatherapy products; beauty
masks, facial packs; massage preparations;
oils, creams and lotions for the skin; cosmetics;
perfumery, toilet water, aftershave, cologne;
bath
and
shower
preparations;
soaps;
deodorants for personal use, anti-perspirants;
preparations for the care of the scalp and hair;
shampoos and conditioners; hair colourants;
hair
styling
products;
non-medicated
toilet
preparations; skin care preparations;
shaving
preparations;
pre-shave
and
after-shave
preparations;
depilatory
preparations; sun-tanning and sun protection
preparations; make-up and make-up removing
preparations;
petroleum
jelly;
lip
care
preparation
[opened page] Internal Error ()
citeturn452view0 [wordlim: 200] Source: open({""ref_id"":""https://pericles.ipaustralia.gov.au/ols/epublish/content/journals/trademarks/tm2049p20061221.pdf"",""lineno"":null}); Total lines: 1
L0: Failed to fetch https://pericles.ipaustralia.gov.au/ols/epublish/content/journals/trademarks/tm2049p20061221.pdf: (400) Content length is too large: 11088555"
TFNSW-1037,1035,Evie Networks,"92 Houston Road, Kingsford NSW 2032",Evie Networks,,OSM,OSM,,497.9055094934751,5,OSM:coordinate_500m,"""92 Houston Road, Kingsford NSW 2032"" EV charger",https://www.realestate.com.au/property/92-houston-rd-kingsford-nsw-2032,True,True,low,"Generic, unrelated, or weak address/charging evidence.",web evidence only; same-station identity not automatically proven,"[search] 92 Houston Road, Kingsford, NSW 2032 - realestate.com.au (https://www.realestate.com.au/property/92-houston-rd-kingsford-nsw-2032)
citeturn453search0 [wordlim: 200] Published: 4.5 years ago; Crawled: 4 months ago; 92 Houston Road, Kingsford, NSW 2032 It is a house with 2 bedrooms, 1 bathroom.

Image: 92 Houston Road, Kingsford, NSW 2032

26

1

Off market

# 92 Houston Road Kingsford, NSW 2032

## Property value

See the estimated property value for 92 Houston Road based on our available property data.

Image

realEstimate™

Last updated 30 March, 2026

$_ , _ _ _ , _ _ _

Sign in to see realEstimate™

Powered by Image: Powered by PropTrack

## Rental income

The estimated rental income of 92 Houston Road is $875 based on our available property data.

Estimated income

Last updated 20 April, 2026

$750

Low range

$875

$1k

High range

Medium Confidence

Estimated rental yield

1.2%

Kingsford average rental yield

2.0%

Powered by Image: Powered by PropTrack

## Property features

Bedrooms:

2

Car spaces:

-

Bathrooms:

1

Land size:

-

Floor area:

-

Property type:

House

Year built:

-


## Property history

2022

Sold

#### $3,700,000

Sold March 8, 2022 by NGFarah

Im
[opened page] 92 Houston Road, Kingsford, NSW 2032 - realestate.com.au (https://www.realestate.com.au/property/92-houston-rd-kingsford-nsw-2032)
citeturn454view0 [wordlim: 200] Crawled: 1.1 years ago; Content type: text/html; Source: open({""ref_id"":""https://www.realestate.com.au/property/92-houston-rd-kingsford-nsw-2032"",""lineno"":null}); Redirected to URL: https://www.realestate.com.au/property/92-houston-rd-kingsford-nsw-2032/; Total lines: 383
L0: bedroomsbathroomscar spacesland sizedwelling sizestudy
L1: 
L2: Menu
L3: 
L4: cite0†Buy cite1†Rent cite2†Sold cite3†Share cite4†New homes cite5†Find agents cite6†Home loans cite7†News L5: 
L6: * * *
L7: 
L8: cite8†Commercial†www.realcommercial.com.au L9: 
L10:   1. cite9†Property Value L11:   2. cite10†NSW L12:   3. cite11†Kingsford L13:   4. cite12†Houston Road L14:   5. cite13†92 Houston Road L15: 
L16: cite67†Image: 92 Houston Road, Kingsford, NSW 2032†www.realestate.com.au L17: 
L18: 26
L19: 
L20: 1
L21: 
L22: Off market
L23: # 92 Houston Road
L24: 
L25: Kingsford, NSW 2032
L26: 
L27: 2
L28: 
L29: 1
L30: 
L31: -
L32: 
L33: |
L34: 
L35: House
L36: 
L37: Own this property?
L38: 
L39: Get access to vie"
TFNSW-1051,1049,,197-215 Condamine Street Balgowlah NSW 2093,Tesla Motors,,OSM,OSM,,36.79095774359801,5,OSM:coordinate_500m,"""197-215 Condamine Street Balgowlah NSW 2093"" EV charger",https://ev-charging-stations.com.au/chargers/tesla-197-215-condamine-street-sydney-nsw-2093-dusoxgyu-lihlhfbgncv-g,True,False,medium,"Charging evidence exists, but address/page confirmation is incomplete.",web evidence only; same-station identity not automatically proven,"[search] EV Charging Stations Finder (https://ev-charging-stations.com.au/chargers/tesla-197-215-condamine-street-sydney-nsw-2093-dusoxgyu-lihlhfbgncv-g)
citeturn455search0 [wordlim: 200] Crawled: today; 197-215 Condamine Street, Sydney, NSW, 2093 ... Balgowlah Village Shopping Centre ... 197-215 Condamine Street, Sydney, NSW, 2093
--------------------------------------------------------------------------------
The Trust Company Limited - Stockland Balgowlah network exemption | Australian Energy Regulator (AER) (https://www.aer.gov.au/industry/registers/network-exemptions/trust-company-limited-stockland-balgowlah-network-exemption)
citeturn455search1 [wordlim: 200] Published: 6.4 years ago; Crawled: last month; 197-215 Condamine StreetBalgowlah NSW 2093Australia
--------------------------------------------------------------------------------
BALGOWLAH SC PTY LTD - BALGOWLAH VILLAGE SHOPPING CENTRE retail exemption | Australian Energy Regulator (AER) (https://www.aer.gov.au/industry/registers/retail-exemptions/balgowlah-sc-pty-ltd-balgowlah-village-shopping-centre-retail-exemption)
citeturn455search2 [wordlim: 200] Published: 10 months ago; Crawled: last month; 197-215 CONDAMINE STR
[opened page] Internal Error ()
citeturn456view0 [wordlim: 200] Source: open({""ref_id"":""https://ev-charging-stations.com.au/chargers/tesla-197-215-condamine-street-sydney-nsw-2093-dusoxgyu-lihlhfbgncv-g"",""lineno"":null}); Total lines: 1
L0: Failed to fetch https://ev-charging-stations.com.au/chargers/tesla-197-215-condamine-street-sydney-nsw-2093-dusoxgyu-lihlhfbgncv-g: Cache miss"
TFNSW-1088,1086,,"241 Waterworth Drive, Mount Annan NSW 2567",Viva Energy Australia,,OSM;Charge@Large,OSM;Charge@Large,"Charge@Large:11 - 13 Main St, Mount Annan, NSW 2567",18.649731757976735,8,OSM:coordinate_500m;Charge@Large:coordinate_500m,"""241 Waterworth Drive, Mount Annan NSW 2567"" EV charger",https://www.chargeroute.au/chargers/nsw/viva-energy-australia-mount-annan-mount-annan,True,False,medium,"Charging evidence exists, but address/page confirmation is incomplete.",web evidence only; same-station identity not automatically proven,"[search] Viva Energy Australia — Mount Annan EV Charger — Mount Annan NSW | ChargeRoute (https://www.chargeroute.au/chargers/nsw/viva-energy-australia-mount-annan-mount-annan)
citeturn457search0 [wordlim: 200] Crawled: last week; Viva Energy A — Mount Annan Mount Annan, NSW · 241 Waterworth Dr, Mount Annan NSW 2567, Australia DCup to 350 kWViva Energy AScore 32.5 Unknown status Ampol — Sydney Sydney, NSW · NARELLAN RD CNR MAXWELL PL, Sydney, 2567 DCup to 150 kWAmpolScore 31 Operational (per source)Evie — Somerset Ave Somerset Ave, NSW · Camden Valley Way &, Somerset Ave, Narellan NSW 2567 DCup to 150 kWEvieScore 31 Planned / not confirmed operational NRMA Electric — Village Cct Gregory Hills Village Cct Gregory Hills, NSW · 33 Village Cct Gregory Hills NSW 2557 Australia up to 350 kWNRMA ElectricScore 30 Planned / not confirmed operational Exploren — Sydney Sydney, NSW · Holborn Ct, Sydney, 2557 DCup to 150 kWExplorenScore 31 Operational (per source)Tesla — Sydney Sydney, NSW · 200 Gilchrist Drive, Sydney, 2560 ACup to 22 kWTeslaScore 24.5 Operational (per source)Evie — Sydney Sydney, NSW · 4 Tindall St, Sydney, 2560 DCup to 150 kWEvieScore 31 Operational (per source)Chargefox — Sydney S
[opened page] Internal Error ()
citeturn458view0 [wordlim: 200] Source: open({""ref_id"":""https://www.chargeroute.au/chargers/nsw/viva-energy-australia-mount-annan-mount-annan"",""lineno"":null}); Total lines: 1
L0: Failed to fetch https://www.chargeroute.au/chargers/nsw/viva-energy-australia-mount-annan-mount-annan: Cache miss"
TFNSW-1419,1417,,25 Danks Street Waterloo NSW 2017,Tesla,2017.0,OSM,OSM,,175.992231396788,6,OSM:coordinate_500m,"""25 Danks Street Waterloo NSW 2017"" EV charger",https://eplanning.cityofsydney.nsw.gov.au/Common/Integration/FileDownload.ashx?ext=PDF&filesize=136259&id=%21%21tKKaj6VVtpSOun9l%2F1ODcynvqK%2FqCAluQQ727A%3D%3DvZehleitmA%3D%3D&modified=2014-01-06T00%3A37%3A56Z,True,False,low,"Generic, unrelated, or weak address/charging evidence.",web evidence only; same-station identity not automatically proven,"[search] 6/01/2014
Property Selection Report
Total Number o (https://eplanning.cityofsydney.nsw.gov.au/Common/Integration/FileDownload.ashx?ext=PDF&filesize=136259&id=%21%21tKKaj6VVtpSOun9l%2F1ODcynvqK%2FqCAluQQ727A%3D%3DvZehleitmA%3D%3D&modified=2014-01-06T00%3A37%3A56Z)
citeturn459search12 [wordlim: 200] Published: 5 months ago; 21-25 Danks Street WATERLOO  NSW  2017
Unit 50/22 Crystal Street WATERLOO  NSW  2017
Unit 49/22 Crystal Street WATERLOO  NSW  2017
Unit 50/22 Crystal Street WATERLOO  NSW  2017
Unit 51/22 Crystal Street WATERLOO  NSW  2017
21-25 Danks Street WATERLOO  NSW  2017
Unit 51/22 Crystal Street WATERLOO  NSW  2017
21-25 Danks Street WATERLOO  NSW  2017
Shop 1/1 Gadigal Avenue WATERLOO  NSW  2017
Shop 2/3 Gadigal Avenue WATERLOO  NSW  2017
Shop 1/1 Gadigal Avenue WATERLOO  NSW  2017
Shop 2/3 Gadigal Avenue WATERLOO  NSW  2017
Shop 3/3 Gadigal Avenue WATERLOO  NSW  2017
Unit 120/2-4 Lachlan Street WATERLOO  NSW  2017
Shop 3/3 Gadigal Avenue WATERLOO  NSW  2017
Unit 120/2-4 Lachlan Street WATERLOO  NSW  2017
Unit 320/2-4 Lachlan Street WATERLOO  NSW  2017
Unit 321/2-4 Lachlan Street WATERLOO  NSW  2017
Unit 320/2-4 Lachlan Street WATERLOO  NSW  2017
Unit 321/2-4 Lachlan S
[opened page] Internal Error ()
citeturn460view0 [wordlim: 200] Source: open({""ref_id"":""https://eplanning.cityofsydney.nsw.gov.au/Common/Integration/FileDownload.ashx?ext=PDF&filesize=136259&id=%21%21tKKaj6VVtpSOun9l%2F1ODcynvqK%2FqCAluQQ727A%3D%3DvZehleitmA%3D%3D&modified=2014-01-06T00%3A37%3A56Z"",""lineno"":null}); Total lines: 1
L0: Failed to fetch https://eplanning.cityofsydney.nsw.gov.au/Common/Integration/FileDownload.ashx?ext=PDF&filesize=136259&id=%21%21tKKaj6VVtpSOun9l%2F1ODcynvqK%2FqCAluQQ727A%3D%3DvZehleitmA%3D%3D&modified=2014-01-06T00%3A37%3A56Z: Cache miss"
TFNSW-1447,1445,,"2-8 Turramurra Avenue, Turramurra NSW 2074",Evie Networks,2074.0,Charge@Large,Charge@Large,"Charge@Large:5 Ray St, Turramurra, NSW 2074",285.7597084844761,4,Charge@Large:coordinate_500m,"""2-8 Turramurra Avenue, Turramurra NSW 2074"" EV charger",https://www.realestate.com.au/property/2-8-turramurra-ave-turramurra-nsw-2074/,True,True,high,Opened page contains an address-level charging signal.,web evidence only; same-station identity not automatically proven,"[search] 2-8 Turramurra Avenue, Turramurra, NSW 2074 - realestate.com.au (https://www.realestate.com.au/property/2-8-turramurra-ave-turramurra-nsw-2074/)
citeturn461search0 [wordlim: 200] Published: 5 months ago; Crawled: 5 months ago; Image: 2-8 Turramurra Avenue, Turramurra, NSW 2074
--------------------------------------------------------------------------------
2 Turramurra Avenue, Turramurra, NSW 2074 - realestate.com.au (https://www.realestate.com.au/property/2-turramurra-ave-turramurra-nsw-2074/)
citeturn461search1 [wordlim: 200] Published: last month; Crawled: last month; Image: 2 Turramurra Avenue, Turramurra, NSW 2074 ... Auction Sat 8th August 73 Mimosa Road, Turramurra Open Sat 8 Aug 2:00 pm Auction Sat 8 Aug 3 2 2 942.2 m²House
--------------------------------------------------------------------------------
EV Charging Stations Hornsby Heights – Find Chargers Near You | Plugroo (https://www.plugroo.com.au/nsw/hornsby-heights)
citeturn461search2 [wordlim: 200] Crawled: 3 weeks ago;   * Huon Park 381 Bobbin Head Road, North Turramurra NSW 2074 Type 21×-- kW View station details ...   * 2-8 Bruce Ave, Killara NSW 2071 Type 21×22 kW View station details ...   * 18 Victoria
[opened page] 2-8 Turramurra Avenue, Turramurra, NSW 2074 - realestate.com.au (https://www.realestate.com.au/property/2-8-turramurra-ave-turramurra-nsw-2074/)
citeturn462view0 [wordlim: 200] Crawled: 4 weeks ago; Content type: text/html; Source: open({""ref_id"":""https://www.realestate.com.au/property/2-8-turramurra-ave-turramurra-nsw-2074/"",""lineno"":null}); Total lines: 425
L0: Menu
L1: 
L2: cite0†Buy cite1†Rent cite2†Sold cite3†Share cite4†New homes cite5†Find agents cite6†Home loans cite7†News L3: 
L4: * * *
L5: 
L6: cite8†Commercial†www.realcommercial.com.au L7: 
L8:   1. cite9†Property Value L9:   2. cite10†NSW L10:   3. cite11†Turramurra L11:   4. cite12†Turramurra Avenue L12:   5. cite13†2-8 Turramurra Avenue L13: 
L14: cite14†Image: 2-8 Turramurra Avenue, Turramurra, NSW 2074†maps.googleapis.com L15: 
L16: Off market
L17: 
L18: # 2-8 Turramurra Avenue Turramurra, NSW 2074
L19: 
L20: -
L21: 
L22: -
L23: 
L24: -
L25: 
L26: |
L27: 
L28: House
L29: 
L30: Own this property?
L31: 
L32: Get access to view owner data and insights.
L33: 
L34: [Button: Track property]
L35: ## Property value
L36: 
L37: See the estimated property value for 2-8 Turramurra"
TFNSW-1525,1523,,"392 Manns Road, West Gosford NSW 2250",Tesla,2250.0,OSM,OSM,,105.96286581023912,5,OSM:coordinate_500m,"""392 Manns Road, West Gosford NSW 2250"" EV charger",https://www.binglee.com.au/stores/west-gosford,True,True,high,Opened page contains an address-level charging signal.,web evidence only; same-station identity not automatically proven,"[search] West Gosford - Bing Lee Store Locator - Bing Lee (https://www.binglee.com.au/stores/west-gosford)
citeturn463search0 [wordlim: 200] Crawled: today; You’ll find Bing Lee West Gosford at Shop T03, 392-398 Manns Road, West Gosford NSW 2250, conveniently located near Manns Road and Central Coast Highway, just a short walk from Riverside Home & More, KFC, Dan Murphy’s, and Riverside GP Super Clinic. ... Additional facilities include a parents’ room, disabled toilets, parents’ pram parking, EV charging bays, and a toddler soft play area.

# West Gosford

Shop in-store

Click and collect

## Address

Shop T03, 392-398 Manns Road
West Gosford , NSW 2250Directions(02) 9781 3162

## Trading Hours

Monday (14/09)  | 9:00am – 5:30pm
Tuesday (15/09)  | 9:00am – 5:30pm
Wednesday (16/09)  | 9:00am – 5:30pm
Thursday (17/09)  | 9:00am – 6:00pm
Friday (18/09)  | 9:00am – 5:30pm
Saturday (19/09)  | 9:00am – 5:00pm
Sunday (20/09)  | 10:00am – 5:00pm

## About this store

Welcome to Bing Lee West Gosford, your local destination for trusted home appliances and electronics. As the only Bing Lee store on the Central Coast, we’ve been serving the community with a wide range of products including cooking
[opened page] West Gosford - Bing Lee Store Locator - Bing Lee (https://www.binglee.com.au/stores/west-gosford)
citeturn464view0 [wordlim: 200] Crawled: yesterday; Content type: text/html; Source: open({""ref_id"":""https://www.binglee.com.au/stores/west-gosford"",""lineno"":null}); Total lines: 177
L0:   *   * 0
L1: 
L2: # West Gosford
L3: 
L4: Shop in-store
L5: 
L6: Click and collect
L7: 
L8: ## Address
L9: 
L10: Shop T03, 392-398 Manns Road
L11: West Gosford , NSW 2250cite0†Directions†www.google.com (02) 9781 3162
L12: 
L13: ## Trading Hours
L14: 
L15: Monday (14/09)  | 9:00am – 5:30pm
L16: Tuesday (15/09)  | 9:00am – 5:30pm
L17: Wednesday (16/09)  | 9:00am – 5:30pm
L18: Thursday (17/09)  | 9:00am – 6:00pm
L19: Friday (18/09)  | 9:00am – 5:30pm
L20: Saturday (19/09)  | 9:00am – 5:00pm
L21: Sunday (20/09)  | 10:00am – 5:00pm
L22: ## About this store
L23: 
L24: Welcome to Bing Lee West Gosford, your local destination for trusted home appliances and electronics. As the only Bing Lee store on the Central Coast, we’ve been serving the community with a wide range of products including cooking appliances, white goods, TVs, vacuums, heating and cooling, small appliances, and coffee machines.
L25: Our"
TFNSW-1528,1526,,"3A Cowell Street, Gladesville NSW 2111",Evie Networks,2111.0,OSM,OSM,,30.994900716973856,5,OSM:coordinate_500m,"""3A Cowell Street, Gladesville NSW 2111"" EV charger",https://www.plugroo.com.au/nsw/huntleys-point,True,False,medium,"Charging evidence exists, but address/page confirmation is incomplete.",web evidence only; same-station identity not automatically proven,"[search] EV Charging Stations Huntleys Point – Find Chargers Near You | Plugroo (https://www.plugroo.com.au/nsw/huntleys-point)
citeturn465search0 [wordlim: 200] Crawled: 3 weeks ago;   * 3A Cowell Street, Gladesville NSW 2111 CCS 22×75 kW View station details ... Plugroo helps Huntleys Point EV drivers avoid stale charger directories by combining operator data with verified community reports, so station status, access rules and pricing are easier to check before you arrive.
  * 3A Cowell Street, Gladesville NSW 2111 CCS 22×75 kW View station details

## How to find EV charging stations in Huntleys Point with Plugroo

Huntleys Point is an ABS Suburb and Locality covering approximately 0.17 km² with a 2021 Census population of 142.

Open the map above to see every EV charging station in Huntleys Point in real time. Filter by charger speed, plug type, network, price, free charging and 24/7 access.

The 2021 Census profile for Huntleys Point reports a median age of 57, an average household size of 2.6 people and a median weekly household income of $3,999. These figures describe this SAL rather than a wider metropolitan area.

Plugroo helps Huntleys Point EV drivers avoid stale charger direc
[opened page] Internal Error ()
citeturn466view0 [wordlim: 200] Source: open({""ref_id"":""https://www.plugroo.com.au/nsw/huntleys-point"",""lineno"":null}); Total lines: 1
L0: Failed to fetch https://www.plugroo.com.au/nsw/huntleys-point: Cache miss"
TFNSW-1549,1547,,"424 Hoxton Park Road, Prestons NSW 2170",NRMA Electric,2170.0,Charge@Large,Charge@Large,"Charge@Large:402 Hoxton Park Rd, Prestons, NSW 2170",284.4731350331443,4,Charge@Large:coordinate_and_fuzzy_address,"""424 Hoxton Park Road, Prestons NSW 2170"" EV charger",https://apps.planningportal.nsw.gov.au/prweb/PRRestService/DocMgmt/v1/PublicDocuments/DATA-WORKATTACH-FILE%20PEC-DPE-EP-WORK%20PPS-2016SYW204%2120190614T224635.967%20GMT,True,False,medium,"Charging evidence exists, but address/page confirmation is incomplete.",web evidence only; same-station identity not automatically proven,"[search] Microsoft Word - Attachment 1 - Recommended  Conditions of Consent - 424-458 Hoxton Park Road Prestons - DA-9352016.DOCX (https://apps.planningportal.nsw.gov.au/prweb/PRRestService/DocMgmt/v1/PublicDocuments/DATA-WORKATTACH-FILE%20PEC-DPE-EP-WORK%20PPS-2016SYW204%2120190614T224635.967%20GMT)
citeturn467search12 [wordlim: 200] Published: 9.0 years ago; I refer to Council’s letter of 25 November 2016 regarding Development Application DA-935/2016 at LIVERPOOL CATHOLIC CLUB, 424-458 HOXTON PARK ROAD, PRESTONS NSW 2170 (LOT 1 DP 1077341) for ‘Demolition of the existing single storey restaurant and back of house area.
DA-935/2016  
Page 16 of 30

# ATTACHMENT 3: GENERAL TERMS OF APPROVAL – ENDEAVOUR ENERGY

I refer to Council’s letter of 25 November 2016 regarding Development Application DA-935/2016 at LIVERPOOL CATHOLIC CLUB, 424-458 HOXTON PARK ROAD, PRESTONS NSW 2170 (LOT 1 DP 1077341) for ‘Demolition of the existing single storey restaurant and back of house area. Construction of a two storey multi-restaurant facility and back of house area including internal refurbishment of the two storey existing function rooms, bistro and lounge area’. Submissions need to be made to Council by
[opened page] Internal Error ()
citeturn468view0 [wordlim: 200] Source: open({""ref_id"":""https://apps.planningportal.nsw.gov.au/prweb/PRRestService/DocMgmt/v1/PublicDocuments/DATA-WORKATTACH-FILE%20PEC-DPE-EP-WORK%20PPS-2016SYW204%2120190614T224635.967%20GMT"",""lineno"":null}); Total lines: 1
L0: Failed to fetch https://apps.planningportal.nsw.gov.au/prweb/PRRestService/DocMgmt/v1/PublicDocuments/DATA-WORKATTACH-FILE%20PEC-DPE-EP-WORK%20PPS-2016SYW204%2120190614T224635.967%20GMT: Cache miss"
TFNSW-1623,1621,,"592 Anzac Parade, Kingsford NSW 2032",Evie Networks,2032.0,OSM,OSM,,79.00052403396352,5,OSM:coordinate_500m,"""592 Anzac Parade, Kingsford NSW 2032"" EV charger",https://apps.planningportal.nsw.gov.au/prweb/PRRestService/DocMgmt/v1/PublicDocuments/DATA-WORKATTACH-FILE%20PEC-DPE-EP-WORK%20P5-2024-61%2120240507T013115.785%20GMT,True,False,medium,"Charging evidence exists, but address/page confirmation is incomplete.",web evidence only; same-station identity not automatically proven,"[search] PLANNING CERTIFICATE (https://apps.planningportal.nsw.gov.au/prweb/PRRestService/DocMgmt/v1/PublicDocuments/DATA-WORKATTACH-FILE%20PEC-DPE-EP-WORK%20P5-2024-61%2120240507T013115.785%20GMT)
citeturn469search12 [wordlim: 200] Published: 4 months ago; DP 954209 & SP 65941), 582-584 Anzac Parade KINGSFORD NSW 2032 (Lot 1 DP 516025), 586-592
DP 954209 & SP 65941), 582-584 Anzac Parade KINGSFORD NSW 2032 (Lot 1 DP 516025), 586-592 
Anzac Parade KINGSFORD NSW 2033 (Lot 1 DP 942606, Pt Lot 1 DP 949009), 63 Harbourne Road, 
KINGSFORD NSW 2032 (SP 39850) and 12,14,16 & 18 Rainbow Street KINGSFORD NSW 2032 (Lot 
13 DP 6134, SP 45197, Lot 15 DP 6134 & Lot 16 DP 6134).

Randwick LEP 2012 (Amendment No 9) – Gazetted 18 August 2023
Amends and applies key changes including revisions to Minimum Lot Size for Subdivision, new and 
expanded Heritage Conservation Areas (HCAs) and Heritage Items, new medium density housing 
areas, numerous Zone alignments along with LEP changes comprising Open Space and Recreation 
Environmental Resilience and Housekeeping changes:
o
New planning controls (zoning, height of building and FSR) in five identified Housing 
Investigation Areas (HIAs) proximate to the lig
[opened page] Internal Error ()
citeturn470view0 [wordlim: 200] Source: open({""ref_id"":""https://apps.planningportal.nsw.gov.au/prweb/PRRestService/DocMgmt/v1/PublicDocuments/DATA-WORKATTACH-FILE%20PEC-DPE-EP-WORK%20P5-2024-61%2120240507T013115.785%20GMT"",""lineno"":null}); Total lines: 1
L0: Failed to fetch https://apps.planningportal.nsw.gov.au/prweb/PRRestService/DocMgmt/v1/PublicDocuments/DATA-WORKATTACH-FILE%20PEC-DPE-EP-WORK%20P5-2024-61%2120240507T013115.785%20GMT: Cache miss"
TFNSW-1670,1668,,"7 Northwood Road, Longueville NSW 2066",BP,2066.0,OSM,OSM,,13.902178826947829,4,OSM:coordinate_500m,"""7 Northwood Road, Longueville NSW 2066"" EV charger",https://www.energy.nsw.gov.au/households/transport/electric-vehicles/fast-charging,True,True,high,Opened page contains an address-level charging signal.,web evidence only; same-station identity not automatically proven,"[search] Electric vehicle fast charging stations | NSW Climate and Energy Action (https://www.energy.nsw.gov.au/households/transport/electric-vehicles/fast-charging)
citeturn471search0 [wordlim: 200] Crawled: today; We’re working to make NSW the easiest place to buy and use an electric vehicle (EV) in Australia, with a $149 million investment to develop a world-class charging network across the state. ... BP Australia PTY LTD   | 7 Northwood Rd, Longueville NSW 2066, Australia ... EV chargers are categorised according to power level, and input voltage into the charger.
BP Australia PTY LTD   | 13 Southey St, Jerilderie NSW 2716, Australia 
BP Australia PTY LTD   | Cnr Cumberland Hwy & Cabramatta Rd W, Cabramatta NSW 2166, Australia 
BP Australia PTY LTD   | 1 Tasman Rd, Gumly Gumly NSW 2652, Australia 
BP Australia PTY LTD   | 444 West Botany St, Rockdale NSW 2216, Australia 
BP Australia PTY LTD   | 712 Pennant Hills Rd, Carlingford NSW 2118, Australia 
BP Australia PTY LTD   | 422 Pacific Hwy, Artarmon NSW 2064, Australia 
BP Australia PTY LTD   | 1234 Princes Hwy, Engadine NSW 2233, Australia 
BP Australia PTY LTD   | 149 Great Western Hwy, Mays Hill NSW 2145, Australia 
BP Australia 
[opened page] Electric vehicle fast charging stations | NSW Climate and Energy Action (https://www.energy.nsw.gov.au/households/transport/electric-vehicles/fast-charging)
citeturn472view0 [wordlim: 200] Crawled: today; Content type: text/html; Source: open({""ref_id"":""https://www.energy.nsw.gov.au/households/transport/electric-vehicles/fast-charging"",""lineno"":null}); Total lines: 1234
L0: cite0†iframe†www.googletagmanager.com L1: 
L2: cite1†Skip to navigation cite2†Skip to content L3: 
L4: cite3†NSW Government L5: 
L6: NSW Climate and Energy Action
L7: 
L8: menu Open Menu
L9: 
L10: search Show Search
L11: 
L12: Search site for: [Input] search Search
L13: 
L14: close Close search
L15: 
L16: Menu
L17: 
L18: close Close Menu
L19: 
L20:   * cite4†For households keyboard_arrow_right L21: 
L22: keyboard_arrow_left Back to previous menu close Close Menu
L23: 
L24: cite4†For households east L25: 
L26:     * cite5†Financial support: rebates, grants and incentives keyboard_arrow_right L27: keyboard_arrow_left Back to previous menu close Close Menu
L28: 
L29: cite5†Financial support: rebates, grants and incentives east L30: 
L31:       * cite6†Home Energy Saver L32:       * ci"
TFNSW-1689,1687,,"76 Glossop Street, North Street Marys NSW 2760",BP,2760.0,OSM,OSM,,8.125928477336457,5,OSM:coordinate_500m,"""76 Glossop Street, North Street Marys NSW 2760"" EV charger",https://evchargepoint.au/fuel-stations,True,False,medium,"Charging evidence exists, but address/page confirmation is incomplete.",web evidence only; same-station identity not automatically proven,"[search] Petrol stations near you in Australia | EVChargePoint (https://evchargepoint.au/fuel-stations)
citeturn473search0 [wordlim: 200] Crawled: today; Speedway - North St Marys 2760 ... Independent EV - North Sydney 2060 ... 76 Glossop Street ...   * BP St Peters (NSW)

275 Lane Cove Rd

  * Shell Reddy Express North Ryde Wicks

Reddy Express - North Ryde 2113

96 Wicks Road

  * The Trustee - Thomas Holt Dr

Exploren - North Ryde 2113

3 Thomas Holt Dr

  * Speedway North St Marys

Speedway - North St Marys 2760

91 Glossop St

  * Budget Petrol

Budget - North Strathfield 2137

143 Concord Rd

  * Greenwood Plaza

Tesla - North Sydney 2060

36 Blue St

  * Greenwood Plaza

Chargefox - North Sydney 2060

36 Blue St

  * Ridge St Carpark

Independent EV - North Sydney 2060

1 James Pl

  * North Turramurra Recreation Area

Exploren - North Turramurra 2074

361A Bobbin Head Rd

  * Innovation Campus - SBRC (Building 237)

ChargePoint - North Wollongong 2500

Innovation Way

  * United Petroleum North Wyong

United - North Wyong 2259

359 Pacific Highway

  * 7-Eleven Northmead

7-Eleven - Northmead 2152

56 Windsor Road & Northmead Avenue

  * 7-Eleven Northmead

7-Eleven - Northmead 2
[opened page] Internal Error ()
citeturn474view0 [wordlim: 200] Source: open({""ref_id"":""https://evchargepoint.au/fuel-stations"",""lineno"":null}); Total lines: 1
L0: Failed to fetch https://evchargepoint.au/fuel-stations: (400) Content length is too large: 4194305+"
TFNSW-1696,1694,,"8 Federation Road, Camperdown NSW 2050",EVE Australia,2050.0,Charge@Large,Charge@Large,"Charge@Large:8 Federation Rd, Newtown, NSW 2050",15.46654507599276,4,Charge@Large:coordinate_and_fuzzy_address,"""8 Federation Road, Camperdown NSW 2050"" EV charger",https://ev-charging-stations.com.au/chargers/nsw/camperdown,True,True,high,Opened page contains an address-level charging signal.,web evidence only; same-station identity not automatically proven,"[search] EV Charging Stations Finder (https://ev-charging-stations.com.au/chargers/nsw/camperdown)
citeturn475search0 [wordlim: 200] Crawled: 2 months ago; # EV charging in Camperdown, NSW ... 8 Federation Road, Sydney, NSW, 2050

Search Results

# EV charging in Camperdown, NSW

948 stations found Live availability Showing 1–10 of 948

[Input: Camperdown, NSW]

Sort

[Button: Nearest][Button: Fastest charger][Button: Most connectors]

All DC Fast · 50+ kW Ultra-fast · 150+ kW Available now

Exploren

## Exploren Charging Station

11 Fowler Street, Sydney, NSW, 2050

0.09 km

Type 2 22 kW

DirectionsView details

EVERTY

## AGL Charging Station

100 Mallett Street, Sydney, NSW, 2050

0.11 km

Type 2 22 kW

DirectionsView details

EVERTY

## AGL Charging Station

50-56 Mallett Street, Sydney, NSW, 2050

0.22 km

Type 2 22 kW

DirectionsView details

Sponsored

Ad

EVERTY

## AGL Charging Station

28-32 Mallett Street, Sydney, NSW, 2050

0.28 km

Type 2 22 kW

DirectionsView details

Exploren

## Exploren Charging Station

8 Federation Road, Sydney, NSW, 2050

0.44 km

CCS 47 kW

DirectionsView details

EVERTY

## AGL Charging Station

20 Federation Road, Sydney, NSW, 2042

0.46 km

Type 2
[opened page] EV Charging Stations Finder (https://ev-charging-stations.com.au/chargers/nsw/camperdown)
citeturn476view0 [wordlim: 200] Crawled: 3 weeks ago; Content type: text/html; Source: open({""ref_id"":""https://ev-charging-stations.com.au/chargers/nsw/camperdown"",""lineno"":null}); Total lines: 178
L0: cite0†iframe†www.googletagmanager.com L1: 
L2: Search Results
L3: 
L4: # EV charging in Camperdown, NSW
L5: 
L6: 958 stations found Live availability Showing 1–10 of 958
L7: 
L8: [Input: Camperdown, NSW]
L9: 
L10: Sort
L11: 
L12: [Button: Nearest][Button: Fastest charger][Button: Most connectors]
L13: 
L14: All DC Fast · 50+ kW Ultra-fast · 150+ kW Available now
L15: 
L16: Exploren
L17: 
L18: ## Exploren Charging Station
L19: 
L20: 11 Fowler Street, Sydney, NSW, 2050
L21: 
L22: 0.09 km
L23: 
L24: Type 2 22 kW
L25: 
L26: cite1†Directions†www.google.com cite2†View details L27: 
L28: EVERTY
L29: ## AGL Charging Station
L30: 
L31: 100 Mallett Street, Sydney, NSW, 2050
L32: 
L33: 0.11 km
L34: 
L35: Type 2 22 kW
L36: 
L37: cite3†Directions†www.google.com cite4†View details L38: 
L39: EVERTY
L40: 
L41: ## AGL Charging Station
L42: 
L43: 50-56 Mallett Street, Sydney, NSW, 2050
L44: 
L4"
TFNSW-1700,1698,,"8 Stanley Street, Bathurst NSW 2795",NRMA Electric,2795.0,OSM,OSM,,31.73682435750568,5,OSM:coordinate_500m,"""8 Stanley Street, Bathurst NSW 2795"" EV charger",https://www.plugroo.com.au/nsw/brewongle,True,False,medium,"Charging evidence exists, but address/page confirmation is incomplete.",web evidence only; same-station identity not automatically proven,"[search] EV Charging Stations Brewongle – Find Chargers Near You | Plugroo (https://www.plugroo.com.au/nsw/brewongle)
citeturn477search0 [wordlim: 200] Crawled: 3 weeks ago;   * Stanley Street, Bathurst NSW 2795 CCS 22×360 kW View station details ...   * 8 Stanley St, Bathurst NSW 2795 CCS 23×360 kW CHAdeMO1×180 kW Type 21×22 kW View station details ... Plugroo helps Brewongle EV drivers avoid stale charger directories by combining operator data with verified community reports, so station status, access rules and pricing are easier to check before you arrive.
  * 400 Panorama Ave, Bathurst NSW 2795 Type 22×20 kW View station details
  * 8 Stanley St, Bathurst NSW 2795 CCS 23×360 kW CHAdeMO1×180 kW Type 21×22 kW View station details

## How to find EV charging stations in Brewongle with Plugroo

Brewongle is an ABS Suburb and Locality covering approximately 43.6 km² with a 2021 Census population of 151.

Open the map above to see every EV charging station in Brewongle in real time. Filter by charger speed, plug type, network, price, free charging and 24/7 access.

The 2021 Census profile for Brewongle reports a median age of 38, an average household size of 2.9 people and a median weekly 
[opened page] Internal Error ()
citeturn478view0 [wordlim: 200] Source: open({""ref_id"":""https://www.plugroo.com.au/nsw/brewongle"",""lineno"":null}); Total lines: 1
L0: Failed to fetch https://www.plugroo.com.au/nsw/brewongle: Cache miss"
TFNSW-1719,1717,,"85 South Street, Ulladulla NSW 2539",Evie Networks,2539.0,OSM;Charge@Large,OSM;Charge@Large,"Charge@Large:93 Princes Highway, Ulladulla, NSW 2539",280.26716811293534,7,OSM:coordinate_500m;Charge@Large:coordinate_500m,"""85 South Street, Ulladulla NSW 2539"" EV charger",https://ev-charging-stations.com.au/chargers/evie-85-south-street-ulladulla-nsw-2539,True,True,high,Opened page contains an address-level charging signal.,web evidence only; same-station identity not automatically proven,"[search] EV Charging Stations Finder (https://ev-charging-stations.com.au/chargers/evie-85-south-street-ulladulla-nsw-2539)
citeturn479search0 [wordlim: 200] Crawled: 4 days ago; 85 South Street, Ulladulla, NSW, 2539

Evie

# Evie Charging Station

85 South Street, Ulladulla, NSW, 2539

Available now

—

Connectors

4

1 type

Max speed

300 kW

Ultra-fast DC

Reliability

—

Is this information accurate?

Looks correct | Report issue

## Connectors at this station

Type, max power and live availability

1 type

CCS 2

CCS

300 kW 4 ports Ultra-fast DC

## Station info

Access, parking & amenities

Hours · Today

24 / 7

Parking

Free parking lot

Google rating

4.5 ★ (12)

Shopping

Ulladulla Shopping Centre

Food nearby

Tonys Pizza House

Accessibility

Accessible parking

Visit website Updated 3323h ago

## Map & location

85 South Street, Ulladulla, NSW, 2539

Get directions in Google Maps

Evie

Evie Charging Station

Ulladulla, NSW

4.5(12 reviews)Google

Navigate here Plan Journey--------------------------------------------------------------------------------
FAQs – Allure On Ocean Motel (https://mollymookallure.com.au/faqs/)
citeturn479search1 [wordlim: 200] Crawled: today; F
[opened page] EV Charging Stations Finder (https://ev-charging-stations.com.au/chargers/evie-85-south-street-ulladulla-nsw-2539)
citeturn480view0 [wordlim: 200] Crawled: last week; Content type: text/html; Source: open({""ref_id"":""https://ev-charging-stations.com.au/chargers/evie-85-south-street-ulladulla-nsw-2539"",""lineno"":null}); Total lines: 139
L0: cite0†iframe†www.googletagmanager.com L1: 
L2: Evie
L3: 
L4: # Evie Charging Station
L5: 
L6: 85 South Street, Ulladulla, NSW, 2539
L7: 
L8: cite1†Plan Journey cite2†Get Directions†www.google.com L9: 
L10: Available now
L11: 
L12: —
L13: 
L14: Connectors
L15: 
L16: 4
L17: 
L18: 1 type
L19: 
L20: Max speed
L21: 
L22: 300 kW
L23: 
L24: Ultra-fast DC
L25: 
L26: Reliability
L27: 
L28: —
L29: 
L30: Is this information accurate?
L31: 
L32: Looks correct | Report issue
L33: 
L34: Thanks for your feedback!
L35: 
L36: ## Connectors at this station
L37: 
L38: Type, max power and live availability
L39: 
L40: 1 type
L41: 
L42: CCS 2
L43: 
L44: CCS
L45: 
L46: 300 kW 4 ports Ultra-fast DC
L47: ## Station info
L48: 
L49: Access, parking & amenities
L50: 
L51: Hours · Today
L52: 
L53: 24 / 7
L54: 
L55: Parking
L56: 
L57: Free parking lot
L58: 
L59: Goo"
TFNSW-1720,1718,,"850 Woodville Road, Villawood 2163 NSW",Evie Networks,2163.0,OSM,OSM,,61.78568018089509,5,OSM:coordinate_500m,"""850 Woodville Road, Villawood 2163 NSW"" EV charger",https://www.elevateclimbing.com.au/,True,True,high,Opened page contains an address-level charging signal.,web evidence only; same-station identity not automatically proven,"[search] Elevate Climbing Gym Villawood | World-class rock climbing and bouldering in Sydney (https://www.elevateclimbing.com.au/)
citeturn481search0 [wordlim: 200] Crawled: today; Unit 5, 850 Woodville RoadVillawood NSW 2163

Book Now

Image: 1W8A4058.jpg

# Climb. Belong. Elevate.
All ages. All abilities. One Community

Pricing

First time

### IT'S TIME TO ELEVATE

##### 250 ROUTES

World-class routes, including 70 lead routes to test your limits

##### 400M²

Bouldering walls with over 100 boulder problems

##### 6-16M HIGH

Walls for everyone, with route lengths up to 25m high

##### 2200M²

Climbing walls filled with steep faces, aretes, roofs, and corners

# CLIMB

Image: Woman rock climbing in a sydney gym

Test your limits and reach new heights

Image: DSC06185-3.jpg

Scale up a wall — no strings (or ropes) attached

# BOULDER

# CONNECT

Image: _DSF2068-3.jpg

Come for the climb,

stay for the community

##### Follow us on Instagram @elevateclimbingvillawood

Image: Elevate Climbing Gym Villawood Logo

Opening hours:

Weekdays: 10:30 am - 10 pm​

Weekends: 9:30 am - 9 pm​

Public holidays: 10 am - 7pm

Contact us:

villawood@elevateclimbing.com.au

02 9728 2825

Instagram | Fac
[opened page] Elevate Climbing Gym Villawood | World-class rock climbing and bouldering in Sydney (https://www.elevateclimbing.com.au/)
citeturn482view0 [wordlim: 200] Crawled: today; Content type: text/html; Source: open({""ref_id"":""https://www.elevateclimbing.com.au/"",""lineno"":null}); Total lines: 188
L0: top of page
L1: 
L2:   * VISIT
L3: 
L4:     * cite0†FIRST TIME L5:     * cite1†GROUPS L6:   * cite1†PRICING L7:     * cite2†VOUCHERS†fareharbor.com L8:   * cite3†ABOUT L9:   * cite4†GROUPS L10:     * cite5†PARTIES L11:     * cite6†GROUPS L12:   * cite7†LEARN L13:   * cite8†EVENTS L14:   * cite9†CONTACT L15:     * cite10†FAQs L16:   * More
L17: 
L18: Use tab to navigate through the menu items.
L19: 
L20: cite11†Book Now†fareharbor.com L21: 
L22: cite12†Image: 1W8A4058.jpg†static.wixstatic.com L23: 
L24: # Climb. Belong. Elevate.
L25: All ages. All abilities. One Community
L26: 
L27: cite1†Pricing L28: 
L29: cite0†First time L30: 
L31: ### IT'S TIME TO ELEVATE
L32: ##### 250 ROUTES
L33: 
L34: World-class routes, including 70 lead routes to test your limits
L35: 
L36: ##### 400M²
L37: 
L38: Bouldering walls with over 100 boulder problems
L39: 
L4"
TFNSW-1724,1722,,"872 Anzac Parade, Maroubra NSW 2035",Evie Networks,2035.0,OSM,OSM,,271.39048937920495,5,OSM:coordinate_500m,"""872 Anzac Parade, Maroubra NSW 2035"" EV charger",https://www.plugroo.com.au/nsw/chifley,True,False,medium,"Charging evidence exists, but address/page confirmation is incomplete.",web evidence only; same-station identity not automatically proven,"[search] EV Charging Stations Chifley – Find Chargers Near You | Plugroo (https://www.plugroo.com.au/nsw/chifley)
citeturn483search0 [wordlim: 200] Crawled: 3 weeks ago;   * 872 Anzac Parade, Maroubra NSW 2035 CCS 22×75 kW View station details
--------------------------------------------------------------------------------
EV Charging Stations Finder (https://ev-charging-stations.com.au/chargers/nsw/maroubra)
citeturn483search1 [wordlim: 200] Crawled: 3 weeks ago; # EV charging in Maroubra, NSW ... 872 Anzac Parade, Sydney, NSW, 2035
--------------------------------------------------------------------------------
872 Anzac Parade, Maroubra NSW 2035 - property.com.au (https://www.property.com.au/nsw/maroubra-2035/anzac-pde/872-pid-2408053/)
citeturn483search2 [wordlim: 200] Crawled: 2 months ago; Image: Property at 872 Anzac Parade, Maroubra NSW 2035 ... 872 Anzac Parade, Maroubra NSW 2035 is within the Randwick local government area.
--------------------------------------------------------------------------------
Maroubra Charcoal Chicken (https://maroubracharcoalchicken.com.au/)
citeturn483search3 [wordlim: 200] Crawled: 3 weeks ago;  872 Anzac Parade, Maroubra NSW 2035
-------
[opened page] Internal Error ()
citeturn484view0 [wordlim: 200] Source: open({""ref_id"":""https://www.plugroo.com.au/nsw/chifley"",""lineno"":null}); Total lines: 1
L0: Failed to fetch https://www.plugroo.com.au/nsw/chifley: Cache miss"
TFNSW-1743,1741,,"924 Anzac Parade, Maroubra NSW 2035",Evie Networks,2035.0,OSM,OSM,,60.32436240780029,5,OSM:coordinate_500m,"""924 Anzac Parade, Maroubra NSW 2035"" EV charger",https://www.property.com.au/nsw/maroubra-2035/anzac-pde/924-pid-2178719/,True,False,low,"Generic, unrelated, or weak address/charging evidence.",web evidence only; same-station identity not automatically proven,"[search] 924 Anzac Parade, Maroubra NSW 2035 - property.com.au (https://www.property.com.au/nsw/maroubra-2035/anzac-pde/924-pid-2178719/)
citeturn485search0 [wordlim: 200] Published: 7.3 years ago; Crawled: last month; 924 Anzac Parade, Maroubra NSW 2035 is within the Randwick local government area. ... 203 Maroubra Rd, Maroubra 177m DA/799/2026 - Randwick City Council Alterations and additions to existing mixed use building including construction of new shopfront entry and illuminated business identification signage for food and drink premises (Wingstop).15 Byng St, Maroubra 254m DA/713/2026 - Randwick City Council Alterations and additions to existing dwelling house including construction of a new carport roof within existing hardstand in the front setback, provision of a new extension to the rear, addition of fire-rated cladding to the boundary wall of existing outbuilding and to the outside of the rear balcony privacy screen, and addition of a balustrade to an existing balcony at the rear of the outbuilding.3 Hinkler St, Maroubra 776m DA/726/2026 - Randwick City Council Demolition of existing building/structures, construction of a 2-storey attached dual occupancy, installation of in-
[opened page] Internal Error ()
citeturn486view0 [wordlim: 200] Source: open({""ref_id"":""https://www.property.com.au/nsw/maroubra-2035/anzac-pde/924-pid-2178719/"",""lineno"":null}); Total lines: 1
L0: Failed to fetch https://www.property.com.au/nsw/maroubra-2035/anzac-pde/924-pid-2178719/: Error fetching https://www.property.com.au/nsw/maroubra-2035/anzac-pde/924-pid-2178719/"
TFNSW-1760,1758,,"Brewer Street, Concord NSW 2137",Evie Networks,2137.0,OSM,OSM,,149.84664356889374,5,OSM:coordinate_500m,"""Brewer Street, Concord NSW 2137"" EV charger",https://www.canadabay.nsw.gov.au/sites/default/files/Mayoral%20Notification%20-%20Edwards%20Park%20Bus%20Shelter%20Upgrade%20-%20October%202025.pdf,True,True,high,Opened page contains an address-level charging signal.,web evidence only; same-station identity not automatically proven,"[search] 7 October 2025 (https://www.canadabay.nsw.gov.au/sites/default/files/Mayoral%20Notification%20-%20Edwards%20Park%20Bus%20Shelter%20Upgrade%20-%20October%202025.pdf)
citeturn487search12 [wordlim: 200] Published: 7 months ago; CONCORD NSW 2137 ... Edwards Park Bus Shelter on Brewer Street, Concord:
7 October 2025
The Resident,
CONCORD NSW 2137
Edwards Park Bus Shelter Upgrade
As part of Council’s commitment to improving public infrastructure, I am 
pleased to advise that Council will be undertaking the following works at the 
Edwards Park Bus Shelter on Brewer Street, Concord:  
•
The construction of new bus shelter, blister islands, kerb and gutter, 
and associated civil works.
•
Construction of new parking bays. 
A site plan showing the location of the works is attached for your reference.
These works are scheduled to commence at the end of October 2025, with 
completion expected by the end of November 2025, weather permitting.
Works will be carried out between Monday and Friday from 7am to 5pm. 
There may however be instances that will require work to be undertaken 
outside of these hours.  Your patience and cooperation during this time is 
appreciated. 
Should you require furt
[opened page] ECM_8684511_v8_Resident Notification Letter - Brewer Street,Edwards Park (https://www.canadabay.nsw.gov.au/sites/default/files/Mayoral%20Notification%20-%20Edwards%20Park%20Bus%20Shelter%20Upgrade%20-%20October%202025.pdf)
citeturn488view0 [wordlim: 200] Crawled: last month; Content type: application/pdf; Number of pages: 2; Source: open({""ref_id"":""https://www.canadabay.nsw.gov.au/sites/default/files/Mayoral%20Notification%20-%20Edwards%20Park%20Bus%20Shelter%20Upgrade%20-%20October%202025.pdf"",""lineno"":null}); Total lines: 23
L0@P0: 7 October 2025
L1@P0: The Resident,
L2@P0: CONCORD NSW 2137
L3@P0: Edwards Park Bus Shelter Upgrade
L4@P0: As part of Council’s commitment to improving public infrastructure, I am
L5@P0: pleased to advise that Council will be undertaking the following works at the
L6@P0: Edwards Park Bus Shelter on Brewer Street, Concord:
L7@P0: • The construction of new bus shelter, blister islands, kerb and gutter,
L8@P0: and associated civil works.
L9@P0: • Construction of new parking bays.
L10@P0: A site plan showing the location of the works is attached for your reference.
L11@P0: These works are scheduled to commence at the end of October 2025, with
L12@P0: co"
TFNSW-1780,1778,,"Gasworks Lane, Molong NSW 2866",NRMA Electric,2866.0,OSM,OSM,,43.693512595180366,6,OSM:coordinate_500m,"""Gasworks Lane, Molong NSW 2866"" EV charger",https://www.cabonne.nsw.gov.au/files/sharedassets/public/v/1/planning-and-development/developments-on-exhibition/2026/east-molong/lucra-east-molong_-final-tf-25-06-24.pdf,True,False,medium,"Charging evidence exists, but address/page confirmation is incomplete.",web evidence only; same-station identity not automatically proven,"[search] Land Use Conflict Risk (https://www.cabonne.nsw.gov.au/files/sharedassets/public/v/1/planning-and-development/developments-on-exhibition/2026/east-molong/lucra-east-molong_-final-tf-25-06-24.pdf)
citeturn489search8 [wordlim: 200] Published: 4 months ago; 92 & 168 Euchareena Road, Molong, NSW 2866 ... Map Id 12 | Location Gasworks Lane, Molong | Council Cabonne Shire Council | Further Info Contact council | Location Confidence Premise Match | Distance 419m | Direction West --- | --- | --- | --- | --- | --- | ---Former Gasworks Data Source:  Environment Protection Authority
Contaminated Land
92 & 168 Euchareena Road, Molong, NSW 2866
Contaminated Land: Records of Notice
Record of Notices within the dataset buffer:
Map Id 213 | Name Former Gasworks | Address Hill Street | Suburb Molong | Notices 1 current and 4 former | Area No 3290 | Location Confidence Premise Match | Distance 409m | Direction West --- | --- | --- | --- | --- | --- | --- | --- | --- Map Id 212 | Name Cabonne BP Service Station | Address 2 Gidley Street | Suburb Molong | Notices 5 current | Area No 3315 | Location Confidence Premise Match | Distance 490m | Direction WestContaminated Land Records of Notice Data Sou
[opened page] Internal Error ()
citeturn490view0 [wordlim: 200] Source: open({""ref_id"":""https://www.cabonne.nsw.gov.au/files/sharedassets/public/v/1/planning-and-development/developments-on-exhibition/2026/east-molong/lucra-east-molong_-final-tf-25-06-24.pdf"",""lineno"":null}); Total lines: 1
L0: Failed to fetch https://www.cabonne.nsw.gov.au/files/sharedassets/public/v/1/planning-and-development/developments-on-exhibition/2026/east-molong/lucra-east-molong_-final-tf-25-06-24.pdf: (403) Forbidden"
TFNSW-1797,1795,,"Queens Road, Five Dock NSW 2046",Evie Networks,2046.0,OSM,OSM,,363.987304018483,5,OSM:coordinate_500m,"""Queens Road, Five Dock NSW 2046"" EV charger",https://samsautomotive.com.au/,True,False,medium,"Charging evidence exists, but address/page confirmation is incomplete.",web evidence only; same-station identity not automatically proven,"[search] Sams Automotive - Five Dock - Canada Bay - Inner West Sydney (https://samsautomotive.com.au/)
citeturn491search0 [wordlim: 200] Crawled: today; Image: Mechanic in Sydney Book your car service online or call. ... ## Sam's Automotive Five Dock ... 3/126 Queens Road Five Dock NSW 2046

### Registration Inspection

  * Authorised safety checks and inspection station
  * Pink Slip inspections
  * Blue Slip
  * All required repairs carried out
  * Pre-purchase inspection
  * Defect notice clearance

### Tyre Services and Repair

  * New tyres fitted
  * FWheel allignemnt and balancing
  * Puncture repairs
  * Tyre inspection and rotations

### Auto Electrical Repairs

  * New batteries
  * Alternators and starter motors
  * Driving lights
  * Immobilisers
  * LED lighting conversions
  * Work Lamps
  * 4WD lighting and accessories
  * HID light kits installed
  * Trailer rewiring power drains and shorts repaired
  * ABS repairs
  * SRS repairs

Call US 9745 4222

Email us

License Number: MVRL55101

3/126 Queens Road Five Dock NSW 2046

Phone: (02) 9745 4222

 Mobile: 0410 898 428

Trading hours

Monday-Friday: 8:00 am – 6:00 pm

Saturday: 8:00 am – 1:00 pm

Sunday: Closed

Book Onlin
[opened page] Internal Error ()
citeturn492view0 [wordlim: 200] Source: open({""ref_id"":""https://samsautomotive.com.au/"",""lineno"":null}); Total lines: 1
L0: Failed to fetch https://samsautomotive.com.au/: (400) Timeout fetching"
TFNSW-1840,1838,,"1 Tasman Road, Gumly Gumly NSW 2652",BP,2652.0,OSM,OSM,,53.91230406650931,4,OSM:coordinate_500m,"""1 Tasman Road, Gumly Gumly NSW 2652"" EV charger",https://www.energy.nsw.gov.au/households/transport/electric-vehicles/fast-charging,True,True,high,Opened page contains an address-level charging signal.,web evidence only; same-station identity not automatically proven,"[search] Electric vehicle fast charging stations | NSW Climate and Energy Action (https://www.energy.nsw.gov.au/households/transport/electric-vehicles/fast-charging)
citeturn493search0 [wordlim: 200] Crawled: today; Powered by 100% renewable electricity, these new EV fast charging stations ensure widespread, accessible, world-class public EV charging coverage right across NSW. ...   * location of major cabling across NSW ... Ampol Australia Energy Pty Ltd   | Cnr Pacific Highway & Stadium Road, Coffs Harbour, 2450) ... BP Australia PTY LTD   | 1 Tasman Rd, Gumly Gumly NSW 2652, Australia ... EV chargers are categorised according to power level, and input voltage into the charger.
BP Australia PTY LTD   | 13 Southey St, Jerilderie NSW 2716, Australia 
BP Australia PTY LTD   | Cnr Cumberland Hwy & Cabramatta Rd W, Cabramatta NSW 2166, Australia 
BP Australia PTY LTD   | 1 Tasman Rd, Gumly Gumly NSW 2652, Australia 
BP Australia PTY LTD   | 444 West Botany St, Rockdale NSW 2216, Australia 
BP Australia PTY LTD   | 712 Pennant Hills Rd, Carlingford NSW 2118, Australia 
BP Australia PTY LTD   | 422 Pacific Hwy, Artarmon NSW 2064, Australia 
BP Australia PTY LTD   | 1234 Princes Hwy, Engadine 
[opened page] Electric vehicle fast charging stations | NSW Climate and Energy Action (https://www.energy.nsw.gov.au/households/transport/electric-vehicles/fast-charging)
citeturn494view0 [wordlim: 200] Crawled: today; Content type: text/html; Source: open({""ref_id"":""https://www.energy.nsw.gov.au/households/transport/electric-vehicles/fast-charging"",""lineno"":null}); Total lines: 1234
L0: cite0†iframe†www.googletagmanager.com L1: 
L2: cite1†Skip to navigation cite2†Skip to content L3: 
L4: cite3†NSW Government L5: 
L6: NSW Climate and Energy Action
L7: 
L8: menu Open Menu
L9: 
L10: search Show Search
L11: 
L12: Search site for: [Input] search Search
L13: 
L14: close Close search
L15: 
L16: Menu
L17: 
L18: close Close Menu
L19: 
L20:   * cite4†For households keyboard_arrow_right L21: 
L22: keyboard_arrow_left Back to previous menu close Close Menu
L23: 
L24: cite4†For households east L25: 
L26:     * cite5†Financial support: rebates, grants and incentives keyboard_arrow_right L27: keyboard_arrow_left Back to previous menu close Close Menu
L28: 
L29: cite5†Financial support: rebates, grants and incentives east L30: 
L31:       * cite6†Home Energy Saver L32:       * ci"
TFNSW-1844,1842,,"1/118 Bourke Road, Alexandria NSW 2015",Tesla,2015.0,OSM,OSM,,42.02035657282184,6,OSM:coordinate_500m,"""1/118 Bourke Road, Alexandria NSW 2015"" EV charger",https://www.hdlevel2electriciansydney.com.au/resources/nsw-tesla-supercharger-map-finder,True,True,high,Opened page contains an address-level charging signal.,web evidence only; same-station identity not automatically proven,"[search] Tesla Supercharger Locations in NSW: Map & Finder (https://www.hdlevel2electriciansydney.com.au/resources/nsw-tesla-supercharger-map-finder)
citeturn495search0 [wordlim: 200] Crawled: yesterday; Search your suburb or postcode below, or filter by region, to see the nearest public Tesla Supercharger sites across NSW.NSW EV charging ... 1/118 Bourke Road, Alexandria, NSW 2015
No. Public per kWh rates sit above most home electricity rates, and well above off peak rates.
  * Do I need a Level 2 electrician to install a home charger? Only if the job needs a supply upgrade or a notification to your distributor. A straightforward install on an existing circuit is standard licensed electrical work.
  * What if there is no Supercharger near me? That is exactly the gap a home charger closes, since it means you are not relying on the public network for everyday charging at all.

## Find a Supercharger Near You

Search your suburb or postcode below, or filter by region, to see the nearest public Tesla Supercharger sites across NSW.

NSW EV charging

## Find a Tesla Supercharger near you

There are 60 public Tesla Supercharger sites across New South Wales. Search your suburb below — if there 
[opened page] Tesla Supercharger Locations in NSW: Map & Finder (https://www.hdlevel2electriciansydney.com.au/resources/nsw-tesla-supercharger-map-finder)
citeturn496view0 [wordlim: 200] Crawled: today; Content type: text/html; Source: open({""ref_id"":""https://www.hdlevel2electriciansydney.com.au/resources/nsw-tesla-supercharger-map-finder"",""lineno"":null}); Total lines: 183
L0: We're available
L1: 
L2: 0402 559 777
L3: 
L4: [Input: Search services…]
L5: 
L6: Emergency & Repairs
L7: 
L8: cite0†24/7 Emergency Electrician cite1†Emergency Make Safe cite2†Electrical Storm Damage cite3†UV Electrical Damage cite4†Defect Notice Rectification cite5†Fault Finding & Diagnosis cite6†Electrical Repairs L9: 
L10: Power Supply & Mains (Level 2)
L11: cite7†Level 2 Electrician cite8†Power Supply Upgrades cite9†Single to Three Phase Upgrade cite10†Three Phase for Ducted Air-Con cite11†Three Phase for Workshops & Sheds cite12†200A Overhead Supply Upgrades cite13†200A Underground Supply Upgrades cite14†400A Underground Supply Upgrades cite15†400A Electrical Supply Specialists cite16†Overhead Service Mains cite17†Underground Service Mains cite18†Consumer Main"
TFNSW-1859,1857,,"105-107 Alt Street, Ashfield NSW 2131",EVE Australia,2131.0,OSM,OSM,,169.38835882211637,4,OSM:coordinate_500m,"""105-107 Alt Street, Ashfield NSW 2131"" EV charger",https://www.property.com.au/nsw/ashfield-2131/alt-st/7-105-107-pid-43363/,True,True,low,"Generic, unrelated, or weak address/charging evidence.",web evidence only; same-station identity not automatically proven,"[search] 7/105-107 Alt Street, Ashfield NSW 2131 - property.com.au (https://www.property.com.au/nsw/ashfield-2131/alt-st/7-105-107-pid-43363/)
citeturn497search0 [wordlim: 200] Crawled: 2 months ago; # 7/105-107 Alt Street Ashfield, NSW 2131 ... 7/105-107 Alt Street, Ashfield NSW 2131 is within the Inner West local government area.
## Government planning overlays

All overlays last updated 30 Jun 2026

7/105-107 Alt Street, Ashfield NSW 2131 is within the Inner West local government area. The current land use for this property (Lot 7 SP7090) is residential.

Bushfire overlay

Not found

Image: Bushfire_Greyscale icon

Flood overlay

Not found

Image: Flood_Greyscale icon

Heritage overlay

Not found

Image: Heritage_Greyscale icon

For information about local area overlays that may impact this property please speak to your local council or visit NSW ePlanning Spatial Viewer.

## Internet availability

7/105-107 Alt St, Ashfield has an HFC NBN connection, updated Aug 2024

### Current NBN connection

HFC

This property is connected to NBN Hybrid Fibre Coaxial which can support download speeds up to 1000Mbps and 50Mbps upload with a corresponding internet plan.
----------------------------
[opened page] 7/105-107 Alt Street, Ashfield NSW 2131 - property.com.au (https://www.property.com.au/nsw/ashfield-2131/alt-st/7-105-107-pid-43363/)
citeturn498view0 [wordlim: 200] Crawled: 3 months ago; Content type: text/html; Source: open({""ref_id"":""https://www.property.com.au/nsw/ashfield-2131/alt-st/7-105-107-pid-43363/"",""lineno"":null}); Total lines: 1248
L0: Skip to navigationSkip to main
L1: 
L2: cite0†Property - Site Logo Property - Site Logo L3: 
L4: cite0†Home cite1†Following cite2†News Travel time
L5: 
L6: cite3†Sign in†api.id.realestate.com.au Address, suburb or state Search Icon Menu
L7: 
L8: Cross
L9: 
L10: cite0†Home Your home for all things property cite1†Following Browse your favourite properties cite2†News Read the latest property trends & insights L11: 
L12: Travel time
L13: 
L14: Find properties based on your usual trips
L15: 
L16: Standard Stuff
L17:   * cite4†Privacy Policy†about.realestate.com.au L18:   * cite5†Terms of Use L19:   * cite6†Help†help.property.com.au L20: 
L21:   1. cite0†Home L22:   2. cite7†NSW L23:   3. cite8†Ashfield L24:   4. cite9†Alt St L25:   5. cite10†7/105-107 Alt St L26: 
L27: Off market
L28: 
L29:"
TFNSW-1886,1884,,117 Tibbereena Street Narrabri NSW 2390,Tesla,2390.0,OSM,OSM,,166.74543303606038,6,OSM:coordinate_500m,"""117 Tibbereena Street Narrabri NSW 2390"" EV charger",https://www.solarcitizens.org.au/recharging_narrabri,True,True,high,Opened page contains an address-level charging signal.,web evidence only; same-station identity not automatically proven,"[search] Recharging Narrabri - Solar Citizens (https://www.solarcitizens.org.au/recharging_narrabri)
citeturn499search0 [wordlim: 200] Published: 3.3 years ago; Crawled: 3 months ago; Fimer has donated an EV charging station to the community which will be officially launched at 64 Barwan Street at 11am. ... 117 Tibbereena StNarrabri, NSW 2390Australia

## Recharging Narrabri

We’re partnering with Fimer and Geni Energy to deliver a power-packed event on the future of EVs in the regions. Join this free event to learn more about how this technology is shaping the future of the regions and learn about the unique benefits electric vehicles.

A fun-filled morning on the banks of the Namoi River talking all things utes and electrification! Starting with an official launch of the community EV charging station at 64 Barwan St and moving to behind the Crossing Theatre for the Electric Ute Roadshow, free BBQ and other displays!

Fimer has donated an EV charging station to the community which will be officially launched at 64 Barwan Street at 11am. Presenters include Ben Lever and Ajaya Haikerwal from Solar Citizens, as well as speakers Farmers for Climate Action. We'll also be finishing up with a 
[opened page] Recharging Narrabri - Solar Citizens (https://www.solarcitizens.org.au/recharging_narrabri)
citeturn500view0 [wordlim: 200] Crawled: last year; Content type: text/html; Source: open({""ref_id"":""https://www.solarcitizens.org.au/recharging_narrabri"",""lineno"":null}); Total lines: 108
L0: cite0†Skip navigation L1: 
L2: cite1†  L3: 
L4: cite1†  L5: 
L6: cite2† †www.instagram.com cite3† †www.facebook.com cite4† †www.youtube.com L7: 
L8:   * cite5†Donate L9:   * cite6†Get Updates L10: 
L11:   * cite7† Campaigns  cite7† Show submenu for Campaigns (current)  L12: cite8†Sun Day - Unlock Solar for Renters  cite9†Minimum Energy Standards needed now  cite10†NSW Net Zero Commission 2025 Consultation  cite11†Solar Savings for All  cite12†The Home Battery Revolution in Australia  cite13†Electrify Wolli Creek  cite14†Powering Communities Western Sydney  cite15†Our Campaign Wins  cite16†Yellow Book Queensland  cite7†+ View all Campaigns L13: 
L14:   * cite17† About  cite17† Show submenu for About  L15: 
L16: cite18†Meet the Team  cite19†Climate Justice Statement  cite20†Contact  cite21†Privacy  L17:   * cite22† Campaig"
TFNSW-1904,1902,,"1234 Princes Highway, Engadine NSW 2233",BP,2233.0,OSM,OSM,,27.92023767547981,4,OSM:coordinate_500m,"""1234 Princes Highway, Engadine NSW 2233"" EV charger",https://www.energy.nsw.gov.au/households/transport/electric-vehicles/fast-charging,True,True,high,Opened page contains an address-level charging signal.,web evidence only; same-station identity not automatically proven,"[search] Electric vehicle fast charging stations | NSW Climate and Energy Action (https://www.energy.nsw.gov.au/households/transport/electric-vehicles/fast-charging)
citeturn501search0 [wordlim: 200] Crawled: today; Powered by 100% renewable electricity, these new EV fast charging stations ensure widespread, accessible, world-class public EV charging coverage right across NSW. ... Ampol Australia Energy Pty Ltd   | Cnr Pacific Highway & Stadium Road, Coffs Harbour, 2450) ... BP Australia PTY LTD   | 1233 Victoria Rd, West Ryde NSW 2114, Australia ... BP Australia PTY LTD   | 1234 Princes Hwy, Engadine NSW 2233, Australia ... EV chargers are categorised according to power level, and input voltage into the charger.
BP Australia PTY LTD   | 13 Southey St, Jerilderie NSW 2716, Australia 
BP Australia PTY LTD   | Cnr Cumberland Hwy & Cabramatta Rd W, Cabramatta NSW 2166, Australia 
BP Australia PTY LTD   | 1 Tasman Rd, Gumly Gumly NSW 2652, Australia 
BP Australia PTY LTD   | 444 West Botany St, Rockdale NSW 2216, Australia 
BP Australia PTY LTD   | 712 Pennant Hills Rd, Carlingford NSW 2118, Australia 
BP Australia PTY LTD   | 422 Pacific Hwy, Artarmon NSW 2064, Australia 
BP Australia PTY L
[opened page] Electric vehicle fast charging stations | NSW Climate and Energy Action (https://www.energy.nsw.gov.au/households/transport/electric-vehicles/fast-charging)
citeturn502view0 [wordlim: 200] Crawled: today; Content type: text/html; Source: open({""ref_id"":""https://www.energy.nsw.gov.au/households/transport/electric-vehicles/fast-charging"",""lineno"":null}); Total lines: 1234
L0: cite0†iframe†www.googletagmanager.com L1: 
L2: cite1†Skip to navigation cite2†Skip to content L3: 
L4: cite3†NSW Government L5: 
L6: NSW Climate and Energy Action
L7: 
L8: menu Open Menu
L9: 
L10: search Show Search
L11: 
L12: Search site for: [Input] search Search
L13: 
L14: close Close search
L15: 
L16: Menu
L17: 
L18: close Close Menu
L19: 
L20:   * cite4†For households keyboard_arrow_right L21: 
L22: keyboard_arrow_left Back to previous menu close Close Menu
L23: 
L24: cite4†For households east L25: 
L26:     * cite5†Financial support: rebates, grants and incentives keyboard_arrow_right L27: keyboard_arrow_left Back to previous menu close Close Menu
L28: 
L29: cite5†Financial support: rebates, grants and incentives east L30: 
L31:       * cite6†Home Energy Saver L32:       * ci"
TFNSW-1911,1909,,"13 Southey Street, Jerilderie NSW 2716",BP,2716.0,OSM,OSM,,34.47139491117046,5,OSM:coordinate_500m,"""13 Southey Street, Jerilderie NSW 2716"" EV charger",https://www.plugroo.com.au/nsw/oaklands,True,False,medium,"Charging evidence exists, but address/page confirmation is incomplete.",web evidence only; same-station identity not automatically proven,"[search] EV Charging Stations Oaklands – Find Chargers Near You | Plugroo (https://www.plugroo.com.au/nsw/oaklands)
citeturn503search0 [wordlim: 200] Crawled: 3 weeks ago;   * 13 Southey St Jerilderie, Murrumbidgee NSW 2716 CCS 26×300 kW CHAdeMO1×63 kW View station details ...   * Edward Street 25, Corowa NSW 2646 Type 24×22 kW View station details ... ## Find every EV charger in Oaklands in one app
  * 13 Southey St Jerilderie, Murrumbidgee NSW 2716 CCS 26×300 kW CHAdeMO1×63 kW View station details
  * Golf Club Road, Mulwala NSW 2647 Type 24×7 kW View station details
  * 40 Silverwoods Boulevard, Yarrawonga VIC 3730 CCS 21×50 kW CHAdeMO1×50 kW View station details
  * 90-94 Main Street, Rutherglen VIC 3685 Type 21×22 kW View station details
  * 63 Commercial St, Walla Walla NSW 2659 Type 21×-- kW View station details
  * 154 Campbell Road, Cobram VIC 3644 CCS 22×50 kW Type 23×22 kW View station details
  * 6-12 Hovell Street, Yarrawonga VIC 3730 CCS 21×50 kW CHAdeMO1×50 kW View station details
  * 10 Burkinshaw St, Barooga NSW 3644 Type 22×22 kW View station details
  * 64 Punt Rd, Cobram VIC 3644 CCS 22×50 kW View station details
  * 25 Edward St, Corowa NSW 2646 Type 24×-- kW View st
[opened page] Internal Error ()
citeturn504view0 [wordlim: 200] Source: open({""ref_id"":""https://www.plugroo.com.au/nsw/oaklands"",""lineno"":null}); Total lines: 1
L0: Failed to fetch https://www.plugroo.com.au/nsw/oaklands: Cache miss"
