source_index,OBJECTID,Station_name,Station_address,Operator,Number_of_plugs,Charger_Type,Charger_rating,Latitude,Longitude,LGANAME,PCODE,Source,Charger_rating.100kW,Charger_rating.11kW,Charger_rating.120kW,Charger_rating.125kW,Charger_rating.130kW,Charger_rating.13kW,Charger_rating.14kW,Charger_rating.150kW,Charger_rating.160kW,Charger_rating.165kW,Charger_rating.175kW,Charger_rating.17kW,Charger_rating.180kW,Charger_rating.185kW,Charger_rating.19kW,Charger_rating.200kW,Charger_rating.20kW,Charger_rating.22kW,Charger_rating.23kW,Charger_rating.240kW,Charger_rating.24kW,Charger_rating.250kW,Charger_rating.25kW,Charger_rating.270kW,Charger_rating.30kW,Charger_rating.350kW,Charger_rating.3kW,Charger_rating.400kW,Charger_rating.40kW,Charger_rating.42kW,Charger_rating.47kW,Charger_rating.50kW,Charger_rating.5kW,Charger_rating.60kW,Charger_rating.6kW,Charger_rating.75kW,Charger_rating.7kW,Charger_rating.80kW,Charger_rating.8kW,Charger_rating.9kW,SA4_NAME26,SA4_CODE26,PCODE_ORIGINAL,ocm_status,ocm_method,ocm_distance_m,ocm_address_score,ocm_id,ocm_address,ocm_station_name,ocm_operator,ocm_attributes,ocm_fast_dc_indicator,ocm_candidate_count,ocm_coordinate_candidate_count,ocm_nearest_coordinate_gap_m,ocm_review_reason,ocm_quality_flags,ocm_source_postcode_conflict,osm_fast_dc_status,osm_fast_dc_method,osm_fast_dc_distance_m,osm_fast_dc_address_score,osm_fast_dc_id,osm_fast_dc_address,osm_fast_dc_station_name,osm_fast_dc_operator,osm_fast_dc_attributes,osm_fast_dc_fast_dc_indicator,osm_fast_dc_candidate_count,osm_fast_dc_coordinate_candidate_count,osm_fast_dc_nearest_coordinate_gap_m,osm_fast_dc_review_reason,osm_fast_dc_quality_flags,osm_fast_dc_source_postcode_conflict,chargelarge_fast_dc_status,chargelarge_fast_dc_method,chargelarge_fast_dc_distance_m,chargelarge_fast_dc_address_score,chargelarge_fast_dc_id,chargelarge_fast_dc_address,chargelarge_fast_dc_station_name,chargelarge_fast_dc_operator,chargelarge_fast_dc_attributes,chargelarge_fast_dc_fast_dc_indicator,chargelarge_fast_dc_candidate_count,chargelarge_fast_dc_coordinate_candidate_count,chargelarge_fast_dc_nearest_coordinate_gap_m,chargelarge_fast_dc_review_reason,chargelarge_fast_dc_quality_flags,chargelarge_fast_dc_source_postcode_conflict,combined_dc_indicated_status,final_audit_status,matched_source,matched_external_ids,review_candidate_source,manual_review_reason,quality_review_reason,quality_review_required,augmentation_conflict_flags,accepted_source_attributes,augmented_attributes,new_attribute_count,historical_web_evidence
2,,,"1 - 7 Ross Street, Wilcannia NSW 2836",NRMA Electric,4,DC,50 kW,-30.5118739,151.669395,Central Darling Shire Council,2836,TfNSW Regional,0,0,0,0,0,0,0,0,0,0,0,0,0,0,0,0,0,0,0,0,0,0,0,0,0,0,0,0,0,0,0,4,0,0,0,0,0,0,0,0,New England and North West,110,2350,review,coordinate_only,29.225432400791746,0.4544715447154472,170824,"82 Marsh Street, Armidale, New South Wales, 2350",Armidale Visitors Centre,NRMA,"{""charger_capacities"": ""50 kW"", ""charging_point_count"": 1.0, ""connector_types_normalized"": ""CCS;CHAdeMO"", ""data_provider"": ""Open Charge Map"", ""is_operational"": true, ""last_verified"": ""2020-12-11T13:42:00Z"", ""number_of_plugs"": null, ""operator"": ""NRMA"", ""plug_types"": ""CCS (Type 2); CHAdeMO"", ""power_kw_max"": 50.0, ""power_kw_min"": 50.0, ""power_kw_values"": [50.0], ""power_scope"": ""dc_indicated_connection_ratings"", ""status"": ""Operational"", ""usage_cost"": ""Currently free but will be fee at some point.""}",True,2,1,,source address and original postcode conflict; external postcode conflicts with source; house numbers conflict; address evidence is inconsistent; candidate does not pass the automatic identity gate,,True,unmatched,unmatched,,,,,,,{},,0,0,,,,True,review,coordinate_only,421.715462774147,0.26853625170998635,15d06bf5-6b4a-425d-9312-bae4b17cc22b-2444,"12 Cinders Ln, Armidale, NSW 2350",EV Fast Charger 5 Cinders Ln,,"{""connector_types_normalized"": ""CCS"", ""data_provider"": ""Charge@Large"", ""dc_port_count"": 4, ""number_of_plugs"": null, ""power_kw_max"": 150.0, ""power_kw_min"": 150.0, ""power_kw_values"": [150.0], ""power_scope"": ""dc_indicated_ports"", ""site_power_range_raw"": ""150"", ""status_counts"": {""Available"": 3, ""Charging"": 1}, ""status_observed_at"": null, ""total_port_count"": 4}",True,1,1,,source address and original postcode conflict; external postcode conflicts with source; house numbers conflict; address evidence is inconsistent; candidate does not pass the automatic identity gate,,True,review,review,,,OCM;Charge@Large,OCM: source address and original postcode conflict; external postcode conflicts with source; house numbers conflict; address evidence is inconsistent; candidate does not pass the automatic identity gate; Charge@Large: source address and original postcode conflict; external postcode conflicts with source; house numbers conflict; address evidence is inconsistent; candidate does not pass the automatic identity gate,,no,,{},{},0,"[{""binding"": ""same source address and OCM ID; search evidence only"", ""conclusion"": ""web_evidence_found_not_identity_proof"", ""file"": ""data/reference/web_review/task3_ocm_125_web_confidence.csv"", ""page_opened"": false, ""reported_confidence"": ""medium"", ""url"": ""https://www.plugroo.com.au/nsw/wilcannia""}]"
5,,,"1 Bay Street, Sydney NSW 2037",Tesla,16,DC,130 kW,-33.88350355,151.1944334,"Sydney, Council of the City of",2037,Existing Fast Chargers,0,0,0,0,16,0,0,0,0,0,0,0,0,0,0,0,0,0,0,0,0,0,0,0,0,0,0,0,0,0,0,0,0,0,0,0,0,0,0,0,Sydney - City and Inner South,117,2037,review,coordinate_only,19.442848781978107,0.775,311308,"1 Bay Street, Broadway, NSW, 2007",Tesla Destination Charger,Tesla (including non-tesla),"{""charger_capacities"": ""22 kW"", ""charging_point_count"": 3.0, ""connector_types_normalized"": ""CCS"", ""data_provider"": ""Open Charge Map"", ""is_operational"": true, ""last_verified"": ""2025-03-29T03:34:00Z"", ""number_of_plugs"": null, ""operator"": ""Tesla (including non-tesla)"", ""plug_types"": ""CCS (Type 2)"", ""power_kw_max"": 22.0, ""power_kw_min"": 22.0, ""power_kw_values"": [22.0], ""power_scope"": ""dc_indicated_connection_ratings"", ""status"": ""Operational"", ""usage_cost"": ""0""}",True,2,2,37.874801818931246,external postcode conflicts with source; address evidence is inconsistent; candidate does not pass the automatic identity gate,,False,unmatched,unmatched,,,,,,,{},,0,0,,,,False,unmatched,unmatched,,,,,,,{},,0,0,,,,False,review,review,,,OCM,OCM: external postcode conflicts with source; address evidence is inconsistent; candidate does not pass the automatic identity gate,,no,,{},{},0,"[{""binding"": ""same source address and OCM ID; search evidence only"", ""conclusion"": ""web_evidence_found_not_identity_proof"", ""file"": ""data/reference/web_review/task3_ocm_125_web_confidence.csv"", ""page_opened"": true, ""reported_confidence"": ""high"", ""url"": ""https://ev-charging-stations.com.au/chargers/nsw/glebe""}]"
16,,,"1 Frederick Street, Sydney NSW 2064",Evie Networks,6,DC,150 kW,-33.81707912,151.1889369,Willoughby City Council,2064,Existing Fast Chargers,0,0,0,0,0,0,0,6,0,0,0,0,0,0,0,0,0,0,0,0,0,0,0,0,0,0,0,0,0,0,0,0,0,0,0,0,0,0,0,0,Sydney - North Sydney and Hornsby,121,2064,review,coordinate_only,157.01557144384634,0.33695652173913043,272613,"65 Reserve Road, St Leonards, New South Wales, 2065",TLE Electrical Artarmon,Chargefox,"{""charger_capacities"": ""22 kW"", ""charging_point_count"": 1.0, ""connector_types_normalized"": ""CCS;CHAdeMO"", ""data_provider"": ""Open Charge Map"", ""is_operational"": true, ""last_verified"": ""2023-07-15T07:52:00Z"", ""number_of_plugs"": null, ""operator"": ""Chargefox"", ""plug_types"": ""CCS (Type 2); CHAdeMO"", ""power_kw_max"": 22.0, ""power_kw_min"": 22.0, ""power_kw_values"": [22.0], ""power_scope"": ""dc_indicated_connection_ratings"", ""status"": ""Operational"", ""usage_cost"": ""$0.30/kWh""}",True,1,1,,external postcode conflicts with source; house numbers conflict; address evidence is inconsistent; candidate does not pass the automatic identity gate,,False,unmatched,unmatched,,,,,,,{},,0,0,,,,False,review,coordinate_only,480.3922950434002,0.33163265306122447,393dc550-5791-46d3-a359-20e9e5b406b3-6788b95616c263b357a1ec99,"18/39 Herbert Street, St Leonards, NSW 2065",Delta HQ,,"{""connector_types_normalized"": ""CCS;CHAdeMO"", ""data_provider"": ""Charge@Large"", ""dc_port_count"": 2, ""number_of_plugs"": null, ""power_kw_max"": 25.0, ""power_kw_min"": 25.0, ""power_kw_values"": [25.0], ""power_scope"": ""dc_indicated_ports"", ""site_power_range_raw"": ""25"", ""status_counts"": {""Available"": 2}, ""status_observed_at"": null, ""total_port_count"": 2}",True,1,1,,external postcode conflicts with source; house numbers conflict; address evidence is inconsistent; candidate does not pass the automatic identity gate,,False,review,review,,,OCM;Charge@Large,OCM: external postcode conflicts with source; house numbers conflict; address evidence is inconsistent; candidate does not pass the automatic identity gate; Charge@Large: external postcode conflicts with source; house numbers conflict; address evidence is inconsistent; candidate does not pass the automatic identity gate,,no,,{},{},0,"[{""binding"": ""same source address and OCM ID; search evidence only"", ""conclusion"": ""web_evidence_found_not_identity_proof"", ""file"": ""data/reference/web_review/task3_ocm_125_web_confidence.csv"", ""page_opened"": true, ""reported_confidence"": ""high"", ""url"": ""https://www.chargeroute.au/ev-chargers/nsw/sydney""}]"
27,,,"1 Little Walker Street, Casino NSW 2470",NRMA Electric,4,DC,50 kW,-35.442745,149.7913305,Richmond Valley Council,2470,TfNSW Regional,0,0,0,0,0,0,0,0,0,0,0,0,0,0,0,0,0,0,0,0,0,0,0,0,0,0,0,0,0,0,0,4,0,0,0,0,0,0,0,0,Capital Region,101,2622,review,fuzzy_address_only,792872.5121487663,0.8560975609756099,260392,"Little Walker Street, New South Wales, 2470",Little Walker Street,NRMA,"{""charger_capacities"": ""50 kW"", ""charging_point_count"": 2.0, ""connector_types_normalized"": ""CCS;CHAdeMO"", ""data_provider"": ""Open Charge Map"", ""is_operational"": true, ""last_verified"": ""2023-04-23T10:48:00Z"", ""number_of_plugs"": null, ""operator"": ""NRMA"", ""plug_types"": ""CCS (Type 2); CHAdeMO"", ""power_kw_max"": 50.0, ""power_kw_min"": 50.0, ""power_kw_values"": [50.0], ""power_scope"": ""dc_indicated_connection_ratings"", ""status"": ""Operational"", ""usage_cost"": """"}",True,1,0,,source address and original postcode conflict; address evidence is street-level only; address-only match; coordinates exceed 500 m,,True,review,coordinate_only,37.93703118309776,0.0,https://www.openstreetmap.org/node/12644131941,,,NRMA,"{""access_condition"": ""Free Access"", ""allows_card_payment"": false, ""allows_reservation"": false, ""charging_point_count"": 2, ""charging_point_count_raw"": 2, ""connector_types_normalized"": ""CCS;CHAdeMO"", ""data_provider"": ""OpenStreetMap"", ""is_free"": false, ""network"": """", ""number_of_plugs"": null, ""opening_hours"": """", ""power_kw_max"": null, ""power_kw_min"": null, ""power_scope"": ""station_reported_maximum"", ""pricing_info"": """"}",True,1,1,,source address and original postcode conflict; candidate does not pass the automatic identity gate,,True,unmatched,unmatched,,,,,,,{},,0,0,,,,True,review,review,,,OCM;OSM,OCM: source address and original postcode conflict; address evidence is street-level only; address-only match; coordinates exceed 500 m; OSM: source address and original postcode conflict; candidate does not pass the automatic identity gate,,no,,{},{},0,"[{""binding"": ""source_address_only; external identity not verified"", ""conclusion"": """", ""file"": ""data/reference/web_review/task3_104_non_ocm_web_verified.csv"", ""page_opened"": false, ""reported_confidence"": ""low"", ""url"": ""https://www.property.com.au/nsw/casino-2470/little-walker-st/1-pid-11965302/""}]"
36,,,"1 Perry Street, Batemans Bay NSW 2536",Evie Networks,4,DC,75 kW,-35.70737242,150.1761672,Eurobodalla Shire Council,2536,Existing Fast Chargers,0,0,0,0,0,0,0,0,0,0,0,0,0,0,0,0,0,0,0,0,0,0,0,0,0,0,0,0,0,0,0,0,0,0,0,4,0,0,0,0,Capital Region,101,2536,review,coordinate_only,138.42854106496608,0.4236702127659575,157566,"2A Beach Road, Batemans Bay, NSW, 2536",Batemans Bay Visitor Centre [NRMA],NRMA,"{""charger_capacities"": ""50 kW"", ""charging_point_count"": 1.0, ""connector_types_normalized"": ""CCS;CHAdeMO"", ""data_provider"": ""Open Charge Map"", ""is_operational"": true, ""last_verified"": ""2021-12-19T02:29:00Z"", ""number_of_plugs"": null, ""operator"": ""NRMA"", ""plug_types"": ""CCS (Type 2); CHAdeMO"", ""power_kw_max"": 50.0, ""power_kw_min"": 50.0, ""power_kw_values"": [50.0], ""power_scope"": ""dc_indicated_connection_ratings"", ""status"": ""Operational"", ""usage_cost"": """"}",True,3,3,179.54486260578992,house numbers conflict; address evidence is inconsistent; candidate does not pass the automatic identity gate,,False,review,coordinate_only,149.62063319237546,0.0,https://www.openstreetmap.org/node/6512442081,,,NRMA,"{""access_condition"": ""Free Access"", ""allows_card_payment"": false, ""allows_reservation"": false, ""charging_point_count"": 1, ""charging_point_count_raw"": 1, ""connector_types_normalized"": ""CCS;CHAdeMO"", ""data_provider"": ""OpenStreetMap"", ""is_free"": true, ""network"": """", ""number_of_plugs"": null, ""opening_hours"": """", ""power_kw_max"": 50.0, ""power_kw_min"": null, ""power_scope"": ""station_reported_maximum"", ""pricing_info"": """"}",True,3,3,154.5363704601117,candidate does not pass the automatic identity gate,,False,unmatched,unmatched,,,,,,,{},,0,0,,,,False,review,review,,,OCM;OSM,OCM: house numbers conflict; address evidence is inconsistent; candidate does not pass the automatic identity gate; OSM: candidate does not pass the automatic identity gate,,no,,{},{},0,"[{""binding"": ""same source address and OCM ID; search evidence only"", ""conclusion"": ""web_evidence_found_not_identity_proof"", ""file"": ""data/reference/web_review/task3_ocm_125_web_confidence.csv"", ""page_opened"": true, ""reported_confidence"": ""high"", ""url"": ""https://ev-charging-stations.com.au/chargers/evie-1-perry-street-batemans-bay-nsw-2536""}]"
76,,,"10W Apsley Street, Walcha NSW 2354",NRMA Electric,4,DC,50 kW,-29.960127,146.8578887,Walcha Council,2354,TfNSW Regional,0,0,0,0,0,0,0,0,0,0,0,0,0,0,0,0,0,0,0,0,0,0,0,0,0,0,0,0,0,0,0,4,0,0,0,0,0,0,0,0,Far West and Orana,105,2839,review,fuzzy_address_only,467745.52422729146,1.0,480135,"10W Apsley Street, Walcha, NSW, 2354",NRMA EV Charger Walcha,NRMA,"{""charger_capacities"": """", ""charging_point_count"": 2.0, ""connector_types_normalized"": ""CCS;CHAdeMO"", ""data_provider"": ""Open Charge Map"", ""is_operational"": true, ""last_verified"": ""2026-03-15T08:37:00Z"", ""number_of_plugs"": null, ""operator"": ""NRMA"", ""plug_types"": ""CCS (Type 2); CHAdeMO"", ""power_kw_max"": null, ""power_kw_min"": null, ""power_kw_values"": [], ""power_scope"": ""dc_indicated_connection_ratings"", ""status"": ""Operational"", ""usage_cost"": """"}",True,1,0,,source address and original postcode conflict; address-only match; coordinates exceed 500 m,,True,unmatched,unmatched,,,,,,,{},,0,0,,,,True,unmatched,unmatched,,,,,,,{},,0,0,,,,True,review,review,,,OCM,OCM: source address and original postcode conflict; address-only match; coordinates exceed 500 m,,no,,{},{},0,[]
94,,,"116 Liverpool Street, Scone NSW 2337",NRMA Electric,2,DC,50 kW,-31.9598511,141.4601038,Upper Hunter Shire Council,2337,TfNSW Regional,0,0,0,0,0,0,0,0,0,0,0,0,0,0,0,0,0,0,0,0,0,0,0,0,0,0,0,0,0,0,0,2,0,0,0,0,0,0,0,0,Far West and Orana,105,2880,review,coordinate_only,47.316385278655176,0.3351063829787234,190677,"51 Bromide St, Broken Hill, New South Wales, 2880",Broken Hill [NRMA],NRMA,"{""charger_capacities"": ""50 kW"", ""charging_point_count"": 1.0, ""connector_types_normalized"": ""CCS;CHAdeMO"", ""data_provider"": ""Open Charge Map"", ""is_operational"": true, ""last_verified"": ""2021-12-17T03:14:00Z"", ""number_of_plugs"": null, ""operator"": ""NRMA"", ""plug_types"": ""CCS (Type 2); CHAdeMO"", ""power_kw_max"": 50.0, ""power_kw_min"": 50.0, ""power_kw_values"": [50.0], ""power_scope"": ""dc_indicated_connection_ratings"", ""status"": ""Operational"", ""usage_cost"": """"}",True,2,1,,source address and original postcode conflict; external postcode conflicts with source; house numbers conflict; address evidence is inconsistent; candidate does not pass the automatic identity gate,,True,unmatched,unmatched,,,,,,,{},,0,0,,,,True,unmatched,unmatched,,,,,,,{},,0,0,,,,True,review,review,,,OCM,OCM: source address and original postcode conflict; external postcode conflicts with source; house numbers conflict; address evidence is inconsistent; candidate does not pass the automatic identity gate,,no,,{},{},0,"[{""binding"": ""same source address and OCM ID; search evidence only"", ""conclusion"": ""web_evidence_found_not_identity_proof"", ""file"": ""data/reference/web_review/task3_ocm_125_web_confidence.csv"", ""page_opened"": true, ""reported_confidence"": ""high"", ""url"": ""https://openchargemap.org/poi?CountryIds=18&OperatorIds=3388""}]"
124,,,"127 Conadilly Street, Gunnedah NSW 2380",Chargefox,4,DC,47 kW,-30.97681086,150.2501652,Gunnedah Shire Council,2380,Existing Fast Chargers,0,0,0,0,0,0,0,0,0,0,0,0,0,0,0,0,0,0,0,0,0,0,0,0,0,0,0,0,0,0,4,0,0,0,0,0,0,0,0,0,New England and North West,110,2380,review,coordinate_only,196.9329083094799,0.4029175050301811,274452,"Kepreotes Carpark, 73 Little Barber Street, Gunnedah, NSW, 2380",NRMA Fast Charger Gunnedah,(Unknown Operator),"{""charger_capacities"": ""50 kW"", ""charging_point_count"": 1.0, ""connector_types_normalized"": ""CCS;CHAdeMO"", ""data_provider"": ""Open Charge Map"", ""is_operational"": true, ""last_verified"": ""2023-09-18T01:27:00Z"", ""number_of_plugs"": null, ""operator"": ""(Unknown Operator)"", ""plug_types"": ""CCS (Type 2); CHAdeMO"", ""power_kw_max"": 50.0, ""power_kw_min"": 50.0, ""power_kw_values"": [50.0], ""power_scope"": ""dc_indicated_connection_ratings"", ""status"": ""Operational"", ""usage_cost"": ""$0, but payment will be required Oct-Dec 2023""}",True,1,1,,house numbers conflict; address evidence is inconsistent; candidate does not pass the automatic identity gate,,False,unmatched,unmatched,,,,,,,{},,0,0,,,,False,unmatched,unmatched,,,,,,,{},,0,0,,,,False,review,review,,,OCM,OCM: house numbers conflict; address evidence is inconsistent; candidate does not pass the automatic identity gate,,no,,{},{},0,"[{""binding"": ""same source address and OCM ID; search evidence only"", ""conclusion"": ""web_evidence_found_not_identity_proof"", ""file"": ""data/reference/web_review/task3_ocm_125_web_confidence.csv"", ""page_opened"": false, ""reported_confidence"": ""medium"", ""url"": ""https://www.plugroo.com.au/nsw/piallaway""}]"
135,,,"13-17 Princes Highway, Albion Park Rail NSW 2527",Evie Networks,2,DC,50 kW,-34.5504346,150.7877814,Shellharbour City Council,2527,ARENA - Driving the Nation,0,0,0,0,0,0,0,0,0,0,0,0,0,0,0,0,0,0,0,0,0,0,0,0,0,0,0,0,0,0,0,2,0,0,0,0,0,0,0,0,Illawarra,107,2527,unmatched,unmatched,,,,,,,{},,0,0,,,,False,review,coordinate_only,176.35030699004847,0.0,https://www.openstreetmap.org/node/13309552143,,,AmpCharge,"{""access_condition"": ""Free Access"", ""allows_card_payment"": false, ""allows_reservation"": false, ""charging_point_count"": 2, ""charging_point_count_raw"": 2, ""connector_types_normalized"": ""CCS"", ""data_provider"": ""OpenStreetMap"", ""is_free"": false, ""network"": """", ""number_of_plugs"": null, ""opening_hours"": """", ""power_kw_max"": null, ""power_kw_min"": null, ""power_scope"": ""station_reported_maximum"", ""pricing_info"": """"}",True,1,1,,candidate does not pass the automatic identity gate,,False,unmatched,unmatched,,,,,,,{},,0,0,,,,False,review,review,,,OSM,OSM: candidate does not pass the automatic identity gate,,no,,{},{},0,"[{""binding"": ""source_address_only; external identity not verified"", ""conclusion"": """", ""file"": ""data/reference/web_review/task3_104_non_ocm_web_verified.csv"", ""page_opened"": true, ""reported_confidence"": ""high"", ""url"": ""https://ev-charging-stations.com.au/chargers/chargefox-13-17-princes-highway-albion-park-rail-nsw-2527""}]"
143,,,"134-136 Grafton Street, Coffs Harbour NSW 2450",BP,2,DC,75 kW,-30.29156861,153.1183714,Coffs Harbour City Council,2450,Existing Fast Chargers,0,0,0,0,0,0,0,0,0,0,0,0,0,0,0,0,0,0,0,0,0,0,0,0,0,0,0,0,0,0,0,0,0,0,0,2,0,0,0,0,Coffs Harbour - Grafton,104,2450,review,coordinate_only,15.600606738978888,0.444847775175644,273433,"136 Pacific Highway, Coffs Harbour, New South Wales, 2450",Coffs Harbour [bp pulse],BP Pulse (AU),"{""charger_capacities"": ""75 kW"", ""charging_point_count"": 1.0, ""connector_types_normalized"": ""CCS;CHAdeMO"", ""data_provider"": ""Open Charge Map"", ""is_operational"": true, ""last_verified"": ""2023-08-09T12:33:00Z"", ""number_of_plugs"": null, ""operator"": ""BP Pulse (AU)"", ""plug_types"": ""CCS (Type 2); CHAdeMO"", ""power_kw_max"": 75.0, ""power_kw_min"": 75.0, ""power_kw_values"": [75.0], ""power_scope"": ""dc_indicated_connection_ratings"", ""status"": ""Operational"", ""usage_cost"": ""$0.55/kWh""}",True,1,1,,house numbers conflict; address evidence is inconsistent; candidate does not pass the automatic identity gate,,False,unmatched,unmatched,,,,,,,{},,0,0,,,,False,unmatched,unmatched,,,,,,,{},,0,0,,,,False,review,review,,,OCM,OCM: house numbers conflict; address evidence is inconsistent; candidate does not pass the automatic identity gate,,no,,{},{},0,"[{""binding"": ""same source address and OCM ID; search evidence only"", ""conclusion"": ""web_evidence_found_not_identity_proof"", ""file"": ""data/reference/web_review/task3_ocm_125_web_confidence.csv"", ""page_opened"": false, ""reported_confidence"": ""low"", ""url"": ""https://www.realestate.com.au/property/134-136-grafton-st-coffs-harbour-nsw-2450/""}]"
153,,,"140 Denison Street, Sydney NSW 2036",Exploren,2,DC,120 kW,-33.94916821,151.2247958,Bayside Council,2036,Existing Fast Chargers,0,0,2,0,0,0,0,0,0,0,0,0,0,0,0,0,0,0,0,0,0,0,0,0,0,0,0,0,0,0,0,0,0,0,0,0,0,0,0,0,Sydney - City and Inner South,117,2036,unmatched,unmatched,,,,,,,{},,0,0,,,,False,unmatched,unmatched,,,,,,,{},,0,0,,,,False,review,coordinate_only,0.0898879958040246,0.8469387755102041,15d06bf5-6b4a-425d-9312-bae4b17cc22b-1879,"140-148 Denison St, Hillsdale, NSW 2036",Bunnings Eastgardens,,"{""connector_types_normalized"": ""CCS"", ""data_provider"": ""Charge@Large"", ""dc_port_count"": 2, ""number_of_plugs"": null, ""power_kw_max"": 120.0, ""power_kw_min"": 120.0, ""power_kw_values"": [120.0], ""power_scope"": ""dc_indicated_ports"", ""site_power_range_raw"": ""120"", ""status_counts"": {""Available"": 2}, ""status_observed_at"": null, ""total_port_count"": 2}",True,1,1,,house numbers conflict; address evidence is inconsistent; candidate does not pass the automatic identity gate,,False,review,review,,,Charge@Large,Charge@Large: house numbers conflict; address evidence is inconsistent; candidate does not pass the automatic identity gate,,no,,{},{},0,"[{""binding"": ""source_address_only; external identity not verified"", ""conclusion"": """", ""file"": ""data/reference/web_review/task3_104_non_ocm_web_verified.csv"", ""page_opened"": true, ""reported_confidence"": ""high"", ""url"": ""https://ev-charging-stations.com.au/chargers/nsw/eastgardens""}]"
166,,,"149 Alison Road, Sydney NSW 2031",JOLT,2,DC,50 kW,-33.91307612,151.2387948,Randwick City Council,2031,Existing Fast Chargers,0,0,0,0,0,0,0,0,0,0,0,0,0,0,0,0,0,0,0,0,0,0,0,0,0,0,0,0,0,0,0,2,0,0,0,0,0,0,0,0,Sydney - Eastern Suburbs,118,2031,review,coordinate_only,308.9609042279953,0.5156641604010025,272630,"73 Belmore Road, Randwick, NSW, 2031",Royal Randwick,Evie,"{""charger_capacities"": ""50 kW"", ""charging_point_count"": 2.0, ""connector_types_normalized"": ""CCS;CHAdeMO"", ""data_provider"": ""Open Charge Map"", ""is_operational"": true, ""last_verified"": ""2023-07-15T12:06:00Z"", ""number_of_plugs"": null, ""operator"": ""Evie"", ""plug_types"": ""CCS (Type 2); CHAdeMO"", ""power_kw_max"": 50.0, ""power_kw_min"": 50.0, ""power_kw_values"": [50.0], ""power_scope"": ""dc_indicated_connection_ratings"", ""status"": ""Operational"", ""usage_cost"": """"}",True,1,1,,house numbers conflict; address evidence is inconsistent; candidate does not pass the automatic identity gate,,False,review,coordinate_only,86.42938762412163,0.0,https://www.openstreetmap.org/node/6965143040,,,Chargefox,"{""access_condition"": ""Free Access"", ""allows_card_payment"": false, ""allows_reservation"": false, ""charging_point_count"": 2, ""charging_point_count_raw"": 2, ""connector_types_normalized"": ""CCS"", ""data_provider"": ""OpenStreetMap"", ""is_free"": true, ""network"": """", ""number_of_plugs"": null, ""opening_hours"": """", ""power_kw_max"": null, ""power_kw_min"": null, ""power_scope"": ""station_reported_maximum"", ""pricing_info"": """"}",True,1,1,,external ID https://www.openstreetmap.org/node/6965143040 is shared by distinct source sites,,False,unmatched,unmatched,,,,,,,{},,0,0,,,,False,review,review,,,OCM;OSM,OCM: house numbers conflict; address evidence is inconsistent; candidate does not pass the automatic identity gate; OSM: external ID https://www.openstreetmap.org/node/6965143040 is shared by distinct source sites,,no,,{},{},0,"[{""binding"": ""same source address and OCM ID; search evidence only"", ""conclusion"": ""web_evidence_found_not_identity_proof"", ""file"": ""data/reference/web_review/task3_ocm_125_web_confidence.csv"", ""page_opened"": true, ""reported_confidence"": ""high"", ""url"": ""https://ev-charging-stations.com.au/chargers/nsw/randwick""}]"
179,,,"15 Victory Street, Braidwood NSW 2622",NRMA Electric,4,DC,50 kW,-31.4988197,145.8375768,Queanbeyan-Palerang Regional Council,2622,TfNSW Regional,0,0,0,0,0,0,0,0,0,0,0,0,0,0,0,0,0,0,0,0,0,0,0,0,0,0,0,0,0,0,0,4,0,0,0,0,0,0,0,0,Far West and Orana,105,2835,review,coordinate_only,1.613311992061809,0.2640316205533597,190679,"3 Broomfield Street, Cobar, New South Wales, 2835",Cobar [NRMA],NRMA,"{""charger_capacities"": ""50 kW"", ""charging_point_count"": 1.0, ""connector_types_normalized"": ""CCS;CHAdeMO"", ""data_provider"": ""Open Charge Map"", ""is_operational"": true, ""last_verified"": ""2022-01-08T10:59:00Z"", ""number_of_plugs"": null, ""operator"": ""NRMA"", ""plug_types"": ""CCS (Type 2); CHAdeMO"", ""power_kw_max"": 50.0, ""power_kw_min"": 50.0, ""power_kw_values"": [50.0], ""power_scope"": ""dc_indicated_connection_ratings"", ""status"": ""Operational"", ""usage_cost"": ""FREE""}",True,1,1,,source address and original postcode conflict; external postcode conflicts with source; house numbers conflict; address evidence is inconsistent; candidate does not pass the automatic identity gate,,True,unmatched,unmatched,,,,,,,{},,0,0,,,,True,unmatched,unmatched,,,,,,,{},,0,0,,,,True,review,review,,,OCM,OCM: source address and original postcode conflict; external postcode conflicts with source; house numbers conflict; address evidence is inconsistent; candidate does not pass the automatic identity gate,,no,,{},{},0,"[{""binding"": ""same source address and OCM ID; search evidence only"", ""conclusion"": ""web_evidence_found_not_identity_proof"", ""file"": ""data/reference/web_review/task3_ocm_125_web_confidence.csv"", ""page_opened"": true, ""reported_confidence"": ""high"", ""url"": ""https://www.queanbeyanpalerang.com.au/taste/braidwood-servicemens-club/""}]"
185,,,"152 Pacific Highway, 36 Josephson Street, Swansea NSW 2281",Evie Networks,4,DC,50 kW,-33.088721,151.637587,Lake Macquarie City Council,2281,ARENA - Driving the Nation,0,0,0,0,0,0,0,0,0,0,0,0,0,0,0,0,0,0,0,0,0,0,0,0,0,0,0,0,0,0,0,4,0,0,0,0,0,0,0,0,Newcastle and Lake Macquarie,111,2281,review,fuzzy_address_only,723.0986751645333,0.9483870967741936,272675,"152 Pacific Hwy, Swansea, New South Wales, 2281",Swansea,Evie,"{""charger_capacities"": ""50 kW"", ""charging_point_count"": 2.0, ""connector_types_normalized"": ""CCS;CHAdeMO"", ""data_provider"": ""Open Charge Map"", ""is_operational"": true, ""last_verified"": ""2023-07-16T12:52:00Z"", ""number_of_plugs"": null, ""operator"": ""Evie"", ""plug_types"": ""CCS (Type 2); CHAdeMO"", ""power_kw_max"": 50.0, ""power_kw_min"": 50.0, ""power_kw_values"": [50.0], ""power_scope"": ""dc_indicated_connection_ratings"", ""status"": ""Operational"", ""usage_cost"": """"}",True,1,0,,address-only match; coordinates exceed 500 m,,False,unmatched,unmatched,,,,,,,{},,0,0,,,,False,unmatched,unmatched,,,,,,,{},,0,0,,,,False,review,review,,,OCM,OCM: address-only match; coordinates exceed 500 m,,no,,{},{},0,"[{""binding"": ""same source address and OCM ID; search evidence only"", ""conclusion"": ""likely_same_station_address_coordinate_review"", ""file"": ""data/reference/web_review/task3_ocm_125_web_confidence.csv"", ""page_opened"": false, ""reported_confidence"": ""low"", ""url"": ""https://ev-charging-stations.com.au/chargers/nsw/swansea""}]"
193,,,"157 Rouse Street, Tenterfield NSW 2372",NRMA Electric,2,DC,50 kW,-31.5645996,147.1969355,Tenterfield Shire Council,2372,TfNSW Regional,0,0,0,0,0,0,0,0,0,0,0,0,0,0,0,0,0,0,0,0,0,0,0,0,0,0,0,0,0,0,0,2,0,0,0,0,0,0,0,0,Far West and Orana,105,2825,review,coordinate_only,3.491842523935569,0.3511904761904762,190680,"18 Cobar Street, Nyngan, New South Wales, 2825",Nyngan [NRMA],NRMA,"{""charger_capacities"": ""50 kW"", ""charging_point_count"": 1.0, ""connector_types_normalized"": ""CCS;CHAdeMO"", ""data_provider"": ""Open Charge Map"", ""is_operational"": true, ""last_verified"": ""2022-12-23T23:20:00Z"", ""number_of_plugs"": null, ""operator"": ""NRMA"", ""plug_types"": ""CCS (Type 2); CHAdeMO"", ""power_kw_max"": 50.0, ""power_kw_min"": 50.0, ""power_kw_values"": [50.0], ""power_scope"": ""dc_indicated_connection_ratings"", ""status"": ""Operational"", ""usage_cost"": ""Currently free but will be fee at some point for non NRMA Members""}",True,1,1,,source address and original postcode conflict; external postcode conflicts with source; house numbers conflict; address evidence is inconsistent; candidate does not pass the automatic identity gate,,True,unmatched,unmatched,,,,,,,{},,0,0,,,,True,unmatched,unmatched,,,,,,,{},,0,0,,,,True,review,review,,,OCM,OCM: source address and original postcode conflict; external postcode conflicts with source; house numbers conflict; address evidence is inconsistent; candidate does not pass the automatic identity gate,,no,,{},{},0,"[{""binding"": ""same source address and OCM ID; search evidence only"", ""conclusion"": ""web_evidence_found_not_identity_proof"", ""file"": ""data/reference/web_review/task3_ocm_125_web_confidence.csv"", ""page_opened"": false, ""reported_confidence"": ""medium"", ""url"": ""https://www.tenterfield.nsw.gov.au/content/uploads/2020/02/Agenda-_-Feb-26-2020.pdf""}]"
195,,,"15C Mitchell Street, Bourke NSW 2840",NRMA Electric,4,DC,75 kW,-30.3383734,152.7125414,Bourke Shire Council,2840,TfNSW Regional,0,0,0,0,0,0,0,0,0,0,0,0,0,0,0,0,0,0,0,0,0,0,0,0,0,0,0,0,0,0,0,0,0,0,0,4,0,0,0,0,Coffs Harbour - Grafton,104,2453,unmatched,unmatched,,,,,,,{},,0,0,,,,True,review,coordinate_only,29.97340819101068,0.0,https://www.openstreetmap.org/node/13928568814,,,NRMA,"{""access_condition"": ""Free Access"", ""allows_card_payment"": false, ""allows_reservation"": false, ""charging_point_count"": 2, ""charging_point_count_raw"": 2, ""connector_types_normalized"": ""CCS;CHAdeMO"", ""data_provider"": ""OpenStreetMap"", ""is_free"": false, ""network"": """", ""number_of_plugs"": null, ""opening_hours"": """", ""power_kw_max"": null, ""power_kw_min"": null, ""power_scope"": ""station_reported_maximum"", ""pricing_info"": """"}",True,1,1,,source address and original postcode conflict; candidate does not pass the automatic identity gate,,True,unmatched,unmatched,,,,,,,{},,0,0,,,,True,review,review,,,OSM,OSM: source address and original postcode conflict; candidate does not pass the automatic identity gate,,no,,{},{},0,"[{""binding"": ""source_address_only; external identity not verified"", ""conclusion"": """", ""file"": ""data/reference/web_review/task3_104_non_ocm_web_verified.csv"", ""page_opened"": false, ""reported_confidence"": ""medium"", ""url"": ""https://au.bold.pro/my/kayla-hines85""}]"
201,,,"16 Oaks Avenue, Sydney NSW 2099",JOLT,2,DC,25 kW,-33.75370175,151.287,Northern Beaches Council,2099,Existing Fast Chargers,0,0,0,0,0,0,0,0,0,0,0,0,0,0,0,0,0,0,0,0,0,0,2,0,0,0,0,0,0,0,0,0,0,0,0,0,0,0,0,0,Sydney - Northern Beaches,122,2099,unmatched,unmatched,,,,,,,{},,0,0,,,,False,review,coordinate_only,3.515379040054551,0.0,https://www.openstreetmap.org/node/9491233549,,,Jolt,"{""access_condition"": ""Free Access"", ""allows_card_payment"": false, ""allows_reservation"": false, ""charging_point_count"": 1, ""charging_point_count_raw"": 1, ""connector_types_normalized"": ""CHAdeMO"", ""data_provider"": ""OpenStreetMap"", ""is_free"": false, ""network"": ""JOLT"", ""number_of_plugs"": null, ""opening_hours"": ""24/7"", ""power_kw_max"": null, ""power_kw_min"": null, ""power_scope"": ""station_reported_maximum"", ""pricing_info"": """"}",True,1,1,,external ID https://www.openstreetmap.org/node/9491233549 is shared by distinct source sites,,False,unmatched,unmatched,,,,,,,{},,0,0,,,,False,review,review,,,OSM,OSM: external ID https://www.openstreetmap.org/node/9491233549 is shared by distinct source sites,,no,,{},{},0,[]
210,,,"169 Willoughby Road, Sydney NSW 2065",BP,2,DC,75 kW,-33.8201522,151.2011902,Willoughby City Council,2065,Existing Fast Chargers,0,0,0,0,0,0,0,0,0,0,0,0,0,0,0,0,0,0,0,0,0,0,0,0,0,0,0,0,0,0,0,0,0,0,0,2,0,0,0,0,Sydney - North Sydney and Hornsby,121,2065,unmatched,unmatched,,,,,,,{},,0,0,,,,False,unmatched,unmatched,,,,,,,{},,0,0,,,,False,review,coordinate_only,468.2657578672348,0.3528061224489796,15d06bf5-6b4a-425d-9312-bae4b17cc22b-1993,"1 Plunkett St, New South Wales, St Leonards, NSW 2065",Willoughby City Council - Plunkett St,,"{""connector_types_normalized"": ""CCS"", ""data_provider"": ""Charge@Large"", ""dc_port_count"": 2, ""number_of_plugs"": null, ""power_kw_max"": 50.0, ""power_kw_min"": 50.0, ""power_kw_values"": [50.0], ""power_scope"": ""dc_indicated_ports"", ""site_power_range_raw"": ""50"", ""status_counts"": {""Available"": 2}, ""status_observed_at"": null, ""total_port_count"": 2}",True,1,1,,house numbers conflict; address evidence is inconsistent; candidate does not pass the automatic identity gate,,False,review,review,,,Charge@Large,Charge@Large: house numbers conflict; address evidence is inconsistent; candidate does not pass the automatic identity gate,,no,,{},{},0,"[{""binding"": ""source_address_only; external identity not verified"", ""conclusion"": """", ""file"": ""data/reference/web_review/task3_104_non_ocm_web_verified.csv"", ""page_opened"": true, ""reported_confidence"": ""medium"", ""url"": ""https://www.chargeroute.au/ev-chargers/nsw/sydney""}]"
214,,,"17 Stanley Street, Sydney NSW 2210",JOLT,2,DC,25 kW,-33.96212217,151.0635736,Georges River Council,2210,Existing Fast Chargers,0,0,0,0,0,0,0,0,0,0,0,0,0,0,0,0,0,0,0,0,0,0,2,0,0,0,0,0,0,0,0,0,0,0,0,0,0,0,0,0,Sydney - Inner South West,119,2210,review,coordinate_only,236.6455732386289,0.8304347826086957,192687,"17-25 Stanley St, Peakhurst, Nsw, 2210",Stanley St Peakhurst NSW,Jolt,"{""charger_capacities"": ""25 kW"", ""charging_point_count"": 2.0, ""connector_types_normalized"": ""CCS;CHAdeMO"", ""data_provider"": ""Open Charge Map"", ""is_operational"": true, ""last_verified"": ""2023-06-06T12:14:00Z"", ""number_of_plugs"": null, ""operator"": ""Jolt"", ""plug_types"": ""CCS (Type 2); CHAdeMO"", ""power_kw_max"": 25.0, ""power_kw_min"": 25.0, ""power_kw_values"": [25.0], ""power_scope"": ""dc_indicated_connection_ratings"", ""status"": ""Operational"", ""usage_cost"": ""0.40""}",True,1,1,,house numbers conflict; address evidence is inconsistent; candidate does not pass the automatic identity gate,,False,unmatched,unmatched,,,,,,,{},,0,0,,,,False,unmatched,unmatched,,,,,,,{},,0,0,,,,False,review,review,,,OCM,OCM: house numbers conflict; address evidence is inconsistent; candidate does not pass the automatic identity gate,,no,,{},{},0,"[{""binding"": ""same source address and OCM ID; search evidence only"", ""conclusion"": ""web_evidence_found_not_identity_proof"", ""file"": ""data/reference/web_review/task3_ocm_125_web_confidence.csv"", ""page_opened"": true, ""reported_confidence"": ""high"", ""url"": ""https://ev-charging-stations.com.au/chargers/nsw/penshurst""}]"
215,,,"17 Stewart Street, Wollongong NSW 2500",NRMA Electric,4,DC,75 kW,-29.7756503,151.1151033,Wollongong City Council,2500,TfNSW Regional,0,0,0,0,0,0,0,0,0,0,0,0,0,0,0,0,0,0,0,0,0,0,0,0,0,0,0,0,0,0,0,0,0,0,0,4,0,0,0,0,New England and North West,110,2453,review,coordinate_only,119.78221368935911,0.3171717171717172,266480,"59 Evans Street, Inverell, NSW, 2360",NRMA Inverell,NRMA,"{""charger_capacities"": ""50 kW; 70 kW"", ""charging_point_count"": 1.0, ""connector_types_normalized"": ""CCS;CHAdeMO"", ""data_provider"": ""Open Charge Map"", ""is_operational"": true, ""last_verified"": ""2023-06-06T12:14:00Z"", ""number_of_plugs"": null, ""operator"": ""NRMA"", ""plug_types"": ""CCS (Type 2); CHAdeMO"", ""power_kw_max"": 70.0, ""power_kw_min"": 50.0, ""power_kw_values"": [50.0, 70.0], ""power_scope"": ""dc_indicated_connection_ratings"", ""status"": ""Operational"", ""usage_cost"": ""FREE""}",True,2,1,,source address and original postcode conflict; external postcode conflicts with source; house numbers conflict; address evidence is inconsistent; candidate does not pass the automatic identity gate,,True,unmatched,unmatched,,,,,,,{},,0,0,,,,True,unmatched,unmatched,,,,,,,{},,0,0,,,,True,review,review,,,OCM,OCM: source address and original postcode conflict; external postcode conflicts with source; house numbers conflict; address evidence is inconsistent; candidate does not pass the automatic identity gate,,no,,{},{},0,"[{""binding"": ""same source address and OCM ID; search evidence only"", ""conclusion"": ""web_evidence_found_not_identity_proof"", ""file"": ""data/reference/web_review/task3_ocm_125_web_confidence.csv"", ""page_opened"": true, ""reported_confidence"": ""high"", ""url"": ""https://ev-charging-stations.com.au/chargers/nrma-17-stewart-street-wollongong-nsw-2500""}]"
217,,,"173 The Vineyards Road, Lake George NSW 2581",Exploren,2,DC,60 kW,-34.99682987,149.3848398,Yass Valley Council,2581,Existing Fast Chargers,0,0,0,0,0,0,0,0,0,0,0,0,0,0,0,0,0,0,0,0,0,0,0,0,0,0,0,0,0,0,0,0,0,2,0,0,0,0,0,0,Capital Region,101,2581,review,fuzzy_address_only,1284.074495115933,1.0,489555,"173 The Vineyards Road, Lake George, New South Wales, 2581",Lake George Winery,Exploren,"{""charger_capacities"": ""60 kW"", ""charging_point_count"": 1.0, ""connector_types_normalized"": ""CCS"", ""data_provider"": ""Open Charge Map"", ""is_operational"": true, ""last_verified"": ""2026-05-18T12:30:00Z"", ""number_of_plugs"": null, ""operator"": ""Exploren"", ""plug_types"": ""CCS (Type 2)"", ""power_kw_max"": 60.0, ""power_kw_min"": 60.0, ""power_kw_values"": [60.0], ""power_scope"": ""dc_indicated_connection_ratings"", ""status"": ""Operational"", ""usage_cost"": ""$0.58/kWh""}",True,1,0,,address-only match; coordinates exceed 500 m,,False,unmatched,unmatched,,,,,,,{},,0,0,,,,False,unmatched,unmatched,,,,,,,{},,0,0,,,,False,review,review,,,OCM,OCM: address-only match; coordinates exceed 500 m,,no,,{},{},0,"[{""binding"": ""same source address and OCM ID; search evidence only"", ""conclusion"": ""likely_same_station_address_supported"", ""file"": ""data/reference/web_review/task3_ocm_125_web_confidence.csv"", ""page_opened"": true, ""reported_confidence"": ""high"", ""url"": ""https://ev-charging-stations.com.au/chargers/nsw/merrill; https://www.yassvalley.com.au/electricvehiclechargingstationsyass/""}]"
224,,,"18 Dandaloo Street, Nyngan NSW 2825",NRMA Electric,4,DC,75 kW,-32.0506213,150.8667598,Bogan Shire Council,2825,TfNSW Regional,0,0,0,0,0,0,0,0,0,0,0,0,0,0,0,0,0,0,0,0,0,0,0,0,0,0,0,0,0,0,0,0,0,0,0,4,0,0,0,0,Hunter Valley exc Newcastle,106,2360,review,coordinate_only,26.575072069064042,0.37997977755308393,266500,"116 Liverpool Street, Scone, NSW, 2337",NRMA Scone,NRMA,"{""charger_capacities"": ""50 kW"", ""charging_point_count"": 1.0, ""connector_types_normalized"": ""CCS;CHAdeMO"", ""data_provider"": ""Open Charge Map"", ""is_operational"": true, ""last_verified"": ""2023-06-08T03:24:00Z"", ""number_of_plugs"": null, ""operator"": ""NRMA"", ""plug_types"": ""CCS (Type 2); CHAdeMO"", ""power_kw_max"": 50.0, ""power_kw_min"": 50.0, ""power_kw_values"": [50.0], ""power_scope"": ""dc_indicated_connection_ratings"", ""status"": ""Operational"", ""usage_cost"": ""FREE""}",True,1,1,,source address and original postcode conflict; external postcode conflicts with source; house numbers conflict; address evidence is inconsistent; candidate does not pass the automatic identity gate,,True,unmatched,unmatched,,,,,,,{},,0,0,,,,True,unmatched,unmatched,,,,,,,{},,0,0,,,,True,review,review,,,OCM,OCM: source address and original postcode conflict; external postcode conflicts with source; house numbers conflict; address evidence is inconsistent; candidate does not pass the automatic identity gate,,no,,{},{},0,"[{""binding"": ""same source address and OCM ID; search evidence only"", ""conclusion"": ""web_evidence_found_not_identity_proof"", ""file"": ""data/reference/web_review/task3_ocm_125_web_confidence.csv"", ""page_opened"": false, ""reported_confidence"": ""medium"", ""url"": ""https://www.plugroo.com.au/nsw/wilcannia""}]"
226,,,"18 Silver Street, Sydney NSW 2031",Chargefox,2,DC,42 kW,-33.91374579,151.2390611,Randwick City Council,2031,Existing Fast Chargers,0,0,0,0,0,0,0,0,0,0,0,0,0,0,0,0,0,0,0,0,0,0,0,0,0,0,0,0,0,2,0,0,0,0,0,0,0,0,0,0,Sydney - Eastern Suburbs,118,2031,review,coordinate_only,238.27524174784776,0.34319640564826703,272630,"73 Belmore Road, Randwick, NSW, 2031",Royal Randwick,Evie,"{""charger_capacities"": ""50 kW"", ""charging_point_count"": 2.0, ""connector_types_normalized"": ""CCS;CHAdeMO"", ""data_provider"": ""Open Charge Map"", ""is_operational"": true, ""last_verified"": ""2023-07-15T12:06:00Z"", ""number_of_plugs"": null, ""operator"": ""Evie"", ""plug_types"": ""CCS (Type 2); CHAdeMO"", ""power_kw_max"": 50.0, ""power_kw_min"": 50.0, ""power_kw_values"": [50.0], ""power_scope"": ""dc_indicated_connection_ratings"", ""status"": ""Operational"", ""usage_cost"": """"}",True,1,1,,house numbers conflict; address evidence is inconsistent; candidate does not pass the automatic identity gate,,False,review,coordinate_only,8.46977700145334,0.0,https://www.openstreetmap.org/node/6965143040,,,Chargefox,"{""access_condition"": ""Free Access"", ""allows_card_payment"": false, ""allows_reservation"": false, ""charging_point_count"": 2, ""charging_point_count_raw"": 2, ""connector_types_normalized"": ""CCS"", ""data_provider"": ""OpenStreetMap"", ""is_free"": true, ""network"": """", ""number_of_plugs"": null, ""opening_hours"": """", ""power_kw_max"": null, ""power_kw_min"": null, ""power_scope"": ""station_reported_maximum"", ""pricing_info"": """"}",True,1,1,,external ID https://www.openstreetmap.org/node/6965143040 is shared by distinct source sites,,False,unmatched,unmatched,,,,,,,{},,0,0,,,,False,review,review,,,OCM;OSM,OCM: house numbers conflict; address evidence is inconsistent; candidate does not pass the automatic identity gate; OSM: external ID https://www.openstreetmap.org/node/6965143040 is shared by distinct source sites,,no,,{},{},0,"[{""binding"": ""same source address and OCM ID; search evidence only"", ""conclusion"": ""web_evidence_found_not_identity_proof"", ""file"": ""data/reference/web_review/task3_ocm_125_web_confidence.csv"", ""page_opened"": true, ""reported_confidence"": ""high"", ""url"": ""https://ev-charging-stations.com.au/chargers/nsw/randwick""}]"
245,,,"19 Princes Highway, Figtree NSW 2525",Tesla,6,DC,175 kW,-34.4366153,150.8632982,Wollongong City Council,2525,Fast Charging R1,0,0,0,0,0,0,0,0,0,0,6,0,0,0,0,0,0,0,0,0,0,0,0,0,0,0,0,0,0,0,0,0,0,0,0,0,0,0,0,0,Illawarra,107,,review,coordinate_only,151.10600322364604,0.36774461028192373,171646,"Figtree Grove Shopping Centre, The Avenue, Figtree, New South Wales, 2525",Wollongong Supercharger,Tesla (including non-tesla),"{""charger_capacities"": ""250 kW"", ""charging_point_count"": 6.0, ""connector_types_normalized"": ""CCS"", ""data_provider"": ""Open Charge Map"", ""is_operational"": true, ""last_verified"": ""2023-08-30T06:17:00Z"", ""number_of_plugs"": null, ""operator"": ""Tesla (including non-tesla)"", ""plug_types"": ""CCS (Type 2)"", ""power_kw_max"": 250.0, ""power_kw_min"": 250.0, ""power_kw_values"": [250.0], ""power_scope"": ""dc_indicated_connection_ratings"", ""status"": ""Operational"", ""usage_cost"": ""$0.69/kWh""}",True,1,1,,address evidence is inconsistent; candidate does not pass the automatic identity gate,,False,review,coordinate_only,134.28024474513145,0.0,https://www.openstreetmap.org/node/10815562193,,Wollongong Supercharger,Tesla,"{""access_condition"": ""Free Access"", ""allows_card_payment"": false, ""allows_reservation"": false, ""charging_point_count"": 4, ""charging_point_count_raw"": 4, ""connector_types_normalized"": ""CCS"", ""data_provider"": ""OpenStreetMap"", ""is_free"": false, ""network"": ""Supercharger"", ""number_of_plugs"": null, ""opening_hours"": ""24/7"", ""power_kw_max"": null, ""power_kw_min"": null, ""power_scope"": ""station_reported_maximum"", ""pricing_info"": """"}",True,1,1,,candidate does not pass the automatic identity gate,,False,unmatched,unmatched,,,,,,,{},,0,0,,,,False,review,review,,,OCM;OSM,OCM: address evidence is inconsistent; candidate does not pass the automatic identity gate; OSM: candidate does not pass the automatic identity gate,,no,,{},{},0,[]
297,,,"20 Smidmore Street, Marrickville NSW 2204",Evie Networks,4,DC,50 kW,-33.907982,151.170899,Inner West Council,2204,ARENA - Driving the Nation,0,0,0,0,0,0,0,0,0,0,0,0,0,0,0,0,0,0,0,0,0,0,0,0,0,0,0,0,0,0,0,4,0,0,0,0,0,0,0,0,Sydney - City and Inner South,117,2204,review,coordinate_only,28.55296262072268,0.6655555555555556,193048,"Smidmore Street, Sydney, New South Wales, 2044",Marrickville Metro,Evie,"{""charger_capacities"": ""50 kW"", ""charging_point_count"": 2.0, ""connector_types_normalized"": ""CCS;CHAdeMO"", ""data_provider"": ""Open Charge Map"", ""is_operational"": true, ""last_verified"": ""2023-07-16T13:40:00Z"", ""number_of_plugs"": null, ""operator"": ""Evie"", ""plug_types"": ""CCS (Type 2); CHAdeMO"", ""power_kw_max"": 50.0, ""power_kw_min"": 50.0, ""power_kw_values"": [50.0], ""power_scope"": ""dc_indicated_connection_ratings"", ""status"": ""Operational"", ""usage_cost"": """"}",True,1,1,,external postcode conflicts with source; address evidence is inconsistent; candidate does not pass the automatic identity gate,,False,unmatched,unmatched,,,,,,,{},,0,0,,,,False,unmatched,unmatched,,,,,,,{},,0,0,,,,False,review,review,,,OCM,OCM: external postcode conflicts with source; address evidence is inconsistent; candidate does not pass the automatic identity gate,,no,,{},{},0,"[{""binding"": ""same source address and OCM ID; search evidence only"", ""conclusion"": ""web_evidence_found_not_identity_proof"", ""file"": ""data/reference/web_review/task3_ocm_125_web_confidence.csv"", ""page_opened"": true, ""reported_confidence"": ""high"", ""url"": ""https://www.marrickvillemetro.com.au/centre-info/centre-services""}]"
322,,,"211 Lake Entrance Road, Shellharbour City Centre NSW 2529",Ampol,10,DC,150 kW,-34.56639944,150.8394074,Shellharbour City Council,2529,Existing Fast Chargers,0,0,0,0,0,0,0,10,0,0,0,0,0,0,0,0,0,0,0,0,0,0,0,0,0,0,0,0,0,0,0,0,0,0,0,0,0,0,0,0,Illawarra,107,2529,review,coordinate_and_fuzzy_address,401.7187611068338,0.8906976744186047,479816,"Lake Entrance Road, Shellharbour City Centre, New South Wales, 2529",Shellharbour Ampcharge,Ampol AmpCharge,"{""charger_capacities"": ""180 kW"", ""charging_point_count"": 10.0, ""connector_types_normalized"": ""CCS"", ""data_provider"": ""Open Charge Map"", ""is_operational"": true, ""last_verified"": ""2026-03-09T04:11:00Z"", ""number_of_plugs"": null, ""operator"": ""Ampol AmpCharge"", ""plug_types"": ""CCS (Type 2)"", ""power_kw_max"": 180.0, ""power_kw_min"": 180.0, ""power_kw_values"": [180.0], ""power_scope"": ""dc_indicated_connection_ratings"", ""status"": ""Operational"", ""usage_cost"": ""$0.60/kWh for pay-as-you-go charging.""}",True,1,1,,address evidence is street-level only; candidate does not pass the automatic identity gate,,False,review,coordinate_only,441.01226418710235,0.0,https://www.openstreetmap.org/node/12963857532,,,AmpCharge,"{""access_condition"": ""Free Access"", ""allows_card_payment"": false, ""allows_reservation"": false, ""charging_point_count"": 10, ""charging_point_count_raw"": 10, ""connector_types_normalized"": ""CCS"", ""data_provider"": ""OpenStreetMap"", ""is_free"": false, ""network"": """", ""number_of_plugs"": null, ""opening_hours"": """", ""power_kw_max"": null, ""power_kw_min"": null, ""power_scope"": ""station_reported_maximum"", ""pricing_info"": """"}",True,1,1,,candidate does not pass the automatic identity gate,,False,unmatched,unmatched,,,,,,,{},,0,0,,,,False,review,review,,,OCM;OSM,OCM: address evidence is street-level only; candidate does not pass the automatic identity gate; OSM: candidate does not pass the automatic identity gate,,no,,{},{},0,[]
330,,,"220 Taren Point Road, Caringbah NSW 2229",Evie Networks,4,DC,75 kW,-34.02927306,151.1220736,Sutherland Shire Council,2229,ARENA - Driving the Nation,0,0,0,0,0,0,0,0,0,0,0,0,0,0,0,0,0,0,0,0,0,0,0,0,0,0,0,0,0,0,0,0,0,0,0,4,0,0,0,0,Sydney - Sutherland,128,2229,unmatched,unmatched,,,,,,,{},,0,0,,,,False,review,coordinate_only,476.84071997862276,0.0,https://www.openstreetmap.org/node/13103102258,,,bp pulse,"{""access_condition"": ""Free Access"", ""allows_card_payment"": false, ""allows_reservation"": false, ""charging_point_count"": 4, ""charging_point_count_raw"": 4, ""connector_types_normalized"": ""CCS"", ""data_provider"": ""OpenStreetMap"", ""is_free"": false, ""network"": ""bp pulse"", ""number_of_plugs"": null, ""opening_hours"": """", ""power_kw_max"": null, ""power_kw_min"": null, ""power_scope"": ""station_reported_maximum"", ""pricing_info"": """"}",True,1,1,,candidate does not pass the automatic identity gate,,False,review,coordinate_only,178.21078572321835,0.29583333333333334,15d06bf5-6b4a-425d-9312-bae4b17cc22b-174,"Koonya Cct, Caringbah, NSW 2229",Bunnings Caringbah,,"{""connector_types_normalized"": ""CCS;CHAdeMO"", ""data_provider"": ""Charge@Large"", ""dc_port_count"": 2, ""number_of_plugs"": null, ""power_kw_max"": 50.0, ""power_kw_min"": 50.0, ""power_kw_values"": [50.0], ""power_scope"": ""dc_indicated_ports"", ""site_power_range_raw"": ""50"", ""status_counts"": {""OutOfService"": 2}, ""status_observed_at"": null, ""total_port_count"": 2}",True,1,1,,address evidence is inconsistent; candidate does not pass the automatic identity gate,,False,review,review,,,OSM;Charge@Large,OSM: candidate does not pass the automatic identity gate; Charge@Large: address evidence is inconsistent; candidate does not pass the automatic identity gate,,no,,{},{},0,"[{""binding"": ""source_address_only; external identity not verified"", ""conclusion"": """", ""file"": ""data/reference/web_review/task3_104_non_ocm_web_verified.csv"", ""page_opened"": true, ""reported_confidence"": ""high"", ""url"": ""https://ev-charging-stations.com.au/chargers/nsw/caringbah""}]"
331,,,"221 Wolseley Street, Jamisontown NSW 2750",Evie Networks,4,DC,350 kW,-33.770295,150.673823,Penrith City Council,2750,ARENA - Driving the Nation,0,0,0,0,0,0,0,0,0,0,0,0,0,0,0,0,0,0,0,0,0,0,0,0,0,4,0,0,0,0,0,0,0,0,0,0,0,0,0,0,Sydney - Outer West and Blue Mountains,124,2614,review,coordinate_and_fuzzy_address,13.439288316696443,1.0,272693,"221 Wolseley Street, Jamisontown, New South Wales, 2750",Jamisontown,Evie,"{""charger_capacities"": ""50 kW; 350 kW"", ""charging_point_count"": 2.0, ""connector_types_normalized"": ""CCS;CHAdeMO"", ""data_provider"": ""Open Charge Map"", ""is_operational"": true, ""last_verified"": ""2023-07-16T23:05:00Z"", ""number_of_plugs"": null, ""operator"": ""Evie"", ""plug_types"": ""CCS (Type 2); CHAdeMO"", ""power_kw_max"": 350.0, ""power_kw_min"": 50.0, ""power_kw_values"": [50.0, 350.0], ""power_scope"": ""dc_indicated_connection_ratings"", ""status"": ""Operational"", ""usage_cost"": """"}",True,1,1,,source address and original postcode conflict; candidate does not pass the automatic identity gate,,True,unmatched,unmatched,,,,,,,{},,0,0,,,,True,unmatched,unmatched,,,,,,,{},,0,0,,,,True,review,review,,,OCM,OCM: source address and original postcode conflict; candidate does not pass the automatic identity gate,,no,,{},{},0,[]
376,,,"26 Aspect Drive, Coffs Harbour NSW 2450",Tesla,4,DC,60 kW,-30.27522227,153.1319389,Coffs Harbour City Council,2450,Existing Fast Chargers,0,0,0,0,0,0,0,0,0,0,0,0,0,0,0,0,0,0,0,0,0,0,0,0,0,0,0,0,0,0,0,0,0,4,0,0,0,0,0,0,Coffs Harbour - Grafton,104,2450,review,coordinate_only,136.24668971129958,0.4459090909090909,474459,"351 Pacific Highway, Coffs Harbour, New South Wales, 2450",Big Banana Tesla Supercharger,(Unknown Operator),"{""charger_capacities"": ""300 kW"", ""charging_point_count"": 16.0, ""connector_types_normalized"": ""CCS"", ""data_provider"": ""Open Charge Map"", ""is_operational"": true, ""last_verified"": ""2026-09-12T22:44:00Z"", ""number_of_plugs"": null, ""operator"": ""(Unknown Operator)"", ""plug_types"": ""CCS (Type 2)"", ""power_kw_max"": 300.0, ""power_kw_min"": 300.0, ""power_kw_values"": [300.0], ""power_scope"": ""dc_indicated_connection_ratings"", ""status"": ""Operational"", ""usage_cost"": """"}",True,1,1,,house numbers conflict; address evidence is inconsistent; candidate does not pass the automatic identity gate,,False,review,coordinate_only,156.41350838917677,0.0,https://www.openstreetmap.org/way/1459249999,,Tesla Supercharger,Tesla,"{""access_condition"": ""Free Access"", ""allows_card_payment"": false, ""allows_reservation"": false, ""charging_point_count"": 16, ""charging_point_count_raw"": 16, ""connector_types_normalized"": ""CCS"", ""data_provider"": ""OpenStreetMap"", ""is_free"": false, ""network"": ""Supercharger"", ""number_of_plugs"": null, ""opening_hours"": ""24/7"", ""power_kw_max"": null, ""power_kw_min"": null, ""power_scope"": ""station_reported_maximum"", ""pricing_info"": """"}",True,1,1,,candidate does not pass the automatic identity gate,,False,unmatched,unmatched,,,,,,,{},,0,0,,,,False,review,review,,,OCM;OSM,OCM: house numbers conflict; address evidence is inconsistent; candidate does not pass the automatic identity gate; OSM: candidate does not pass the automatic identity gate,,no,,{},{},0,"[{""binding"": ""same source address and OCM ID; search evidence only"", ""conclusion"": ""web_evidence_found_not_identity_proof"", ""file"": ""data/reference/web_review/task3_ocm_125_web_confidence.csv"", ""page_opened"": true, ""reported_confidence"": ""low"", ""url"": ""https://www.realestate.com.au/nsw/coffs-harbour-2450/aspect-dr/""}]"
378,,,"26 Neilly Street, Walgett NSW 2832",NRMA Electric,2,DC,75 kW,-28.8659158,153.0485564,Walgett Shire Council,2832,TfNSW Regional,0,0,0,0,0,0,0,0,0,0,0,0,0,0,0,0,0,0,0,0,0,0,0,0,0,0,0,0,0,0,0,0,0,0,0,2,0,0,0,0,Richmond - Tweed,112,2337,review,coordinate_only,29.415466331250112,0.2977777777777778,260392,"Little Walker Street, New South Wales, 2470",Little Walker Street,NRMA,"{""charger_capacities"": ""50 kW"", ""charging_point_count"": 2.0, ""connector_types_normalized"": ""CCS;CHAdeMO"", ""data_provider"": ""Open Charge Map"", ""is_operational"": true, ""last_verified"": ""2023-04-23T10:48:00Z"", ""number_of_plugs"": null, ""operator"": ""NRMA"", ""plug_types"": ""CCS (Type 2); CHAdeMO"", ""power_kw_max"": 50.0, ""power_kw_min"": 50.0, ""power_kw_values"": [50.0], ""power_scope"": ""dc_indicated_connection_ratings"", ""status"": ""Operational"", ""usage_cost"": """"}",True,2,1,,source address and original postcode conflict; external postcode conflicts with source; address evidence is inconsistent; candidate does not pass the automatic identity gate,,True,unmatched,unmatched,,,,,,,{},,0,0,,,,True,unmatched,unmatched,,,,,,,{},,0,0,,,,True,review,review,,,OCM,OCM: source address and original postcode conflict; external postcode conflicts with source; address evidence is inconsistent; candidate does not pass the automatic identity gate,,no,,{},{},0,"[{""binding"": ""same source address and OCM ID; search evidence only"", ""conclusion"": ""web_evidence_found_not_identity_proof"", ""file"": ""data/reference/web_review/task3_ocm_125_web_confidence.csv"", ""page_opened"": false, ""reported_confidence"": ""low"", ""url"": ""https://www.property.com.au/nsw/walgett-2832/neilly-st/26-pid-1206728/""}]"
391,,,"27-33 Oaks Avenue, Dee Why NSW 2099",Evie Networks,4,DC,150 kW,-33.75442135,151.2873331,Northern Beaches Council,2099,ARENA - Driving the Nation,0,0,0,0,0,0,0,4,0,0,0,0,0,0,0,0,0,0,0,0,0,0,0,0,0,0,0,0,0,0,0,0,0,0,0,0,0,0,0,0,Sydney - Northern Beaches,122,2099,unmatched,unmatched,,,,,,,{},,0,0,,,,False,review,coordinate_only,82.75841320769793,0.0,https://www.openstreetmap.org/node/9491233549,,,Jolt,"{""access_condition"": ""Free Access"", ""allows_card_payment"": false, ""allows_reservation"": false, ""charging_point_count"": 1, ""charging_point_count_raw"": 1, ""connector_types_normalized"": ""CHAdeMO"", ""data_provider"": ""OpenStreetMap"", ""is_free"": false, ""network"": ""JOLT"", ""number_of_plugs"": null, ""opening_hours"": ""24/7"", ""power_kw_max"": null, ""power_kw_min"": null, ""power_scope"": ""station_reported_maximum"", ""pricing_info"": """"}",True,1,1,,external ID https://www.openstreetmap.org/node/9491233549 is shared by distinct source sites,,False,unmatched,unmatched,,,,,,,{},,0,0,,,,False,review,review,,,OSM,OSM: external ID https://www.openstreetmap.org/node/9491233549 is shared by distinct source sites,,no,,{},{},0,[]
393,,,"28 Auburn Street, Moree NSW 2400",NRMA Electric,2,DC,50 kW,-35.3548636,145.725081,Moree Plains Shire Council,2400,TfNSW Regional,0,0,0,0,0,0,0,0,0,0,0,0,0,0,0,0,0,0,0,0,0,0,0,0,0,0,0,0,0,0,0,2,0,0,0,0,0,0,0,0,Murray,109,2716,review,coordinate_only,41.576127894040205,0.25701754385964914,190915,"Powell Street, Jerilderie, New South Wales, 2716",NRMA Jerilderie,NRMA,"{""charger_capacities"": ""50 kW"", ""charging_point_count"": 1.0, ""connector_types_normalized"": ""CCS;CHAdeMO"", ""data_provider"": ""Open Charge Map"", ""is_operational"": true, ""last_verified"": ""2022-01-04T11:52:00Z"", ""number_of_plugs"": null, ""operator"": ""NRMA"", ""plug_types"": ""CCS (Type 2); CHAdeMO"", ""power_kw_max"": 50.0, ""power_kw_min"": 50.0, ""power_kw_values"": [50.0], ""power_scope"": ""dc_indicated_connection_ratings"", ""status"": ""Operational"", ""usage_cost"": ""FREE""}",True,1,1,,source address and original postcode conflict; external postcode conflicts with source; address evidence is inconsistent; candidate does not pass the automatic identity gate,,True,review,coordinate_only,124.85995228127848,0.0,https://www.openstreetmap.org/node/8317195266,,,NRMA,"{""access_condition"": ""Free Access"", ""allows_card_payment"": false, ""allows_reservation"": false, ""charging_point_count"": 6, ""charging_point_count_raw"": 6, ""connector_types_normalized"": ""CCS"", ""data_provider"": ""OpenStreetMap"", ""is_free"": false, ""network"": """", ""number_of_plugs"": null, ""opening_hours"": """", ""power_kw_max"": null, ""power_kw_min"": null, ""power_scope"": ""station_reported_maximum"", ""pricing_info"": """"}",True,1,1,,source address and original postcode conflict; candidate does not pass the automatic identity gate,,True,unmatched,unmatched,,,,,,,{},,0,0,,,,True,review,review,,,OCM;OSM,OCM: source address and original postcode conflict; external postcode conflicts with source; address evidence is inconsistent; candidate does not pass the automatic identity gate; OSM: source address and original postcode conflict; candidate does not pass the automatic identity gate,,no,,{},{},0,"[{""binding"": ""same source address and OCM ID; search evidence only"", ""conclusion"": ""web_evidence_found_not_identity_proof"", ""file"": ""data/reference/web_review/task3_ocm_125_web_confidence.csv"", ""page_opened"": false, ""reported_confidence"": ""medium"", ""url"": ""https://www.plugroo.com.au/nsw/walgett""}]"
397,,,"2-8 Turramurra Avenue, Sydney NSW 2074",Evie Networks,4,DC,75 kW,-33.7323514,151.1307097,Ku-ring-gai Council,2074,Existing Fast Chargers,0,0,0,0,0,0,0,0,0,0,0,0,0,0,0,0,0,0,0,0,0,0,0,0,0,0,0,0,0,0,0,0,0,0,0,4,0,0,0,0,Sydney - North Sydney and Hornsby,121,2074,unmatched,unmatched,,,,,,,{},,0,0,,,,False,unmatched,unmatched,,,,,,,{},,0,0,,,,False,review,coordinate_only,313.00836090824686,0.41500000000000004,15d06bf5-6b4a-425d-9312-bae4b17cc22b-1309,"5 Ray St, Turramurra, NSW 2074",Turramurra Library,,"{""connector_types_normalized"": ""CCS"", ""data_provider"": ""Charge@Large"", ""dc_port_count"": 2, ""number_of_plugs"": null, ""power_kw_max"": 40.0, ""power_kw_min"": 40.0, ""power_kw_values"": [40.0], ""power_scope"": ""dc_indicated_ports"", ""site_power_range_raw"": ""40"", ""status_counts"": {""Available"": 1, ""Charging"": 1}, ""status_observed_at"": null, ""total_port_count"": 2}",True,1,1,,house numbers conflict; address evidence is inconsistent; candidate does not pass the automatic identity gate,,False,review,review,,,Charge@Large,Charge@Large: house numbers conflict; address evidence is inconsistent; candidate does not pass the automatic identity gate,,no,,{},{},0,"[{""binding"": ""source_address_only; external identity not verified"", ""conclusion"": """", ""file"": ""data/reference/web_review/task3_104_non_ocm_web_verified.csv"", ""page_opened"": false, ""reported_confidence"": ""low"", ""url"": ""https://www.nsw.gov.au/sites/default/files/2024-12/historic-vehicle-clubs-list_0.pdf""}]"
408,,,"29-55 Twynam Street, Narrandera NSW 2700",NRMA Electric,2,DC,50 kW,-34.74651756,146.548011,Narrandera Shire Council,2700,Existing Fast Chargers,0,0,0,0,0,0,0,0,0,0,0,0,0,0,0,0,0,0,0,0,0,0,0,0,0,0,0,0,0,0,0,2,0,0,0,0,0,0,0,0,Riverina,113,2700,review,coordinate_only,203.66989536876733,0.8714285714285716,126130,"31 Twynam Street, Narrandera, NSW, 2700",Narrandera Marie Bashir Park [NRMA],NRMA,"{""charger_capacities"": ""50 kW"", ""charging_point_count"": 1.0, ""connector_types_normalized"": ""CCS;CHAdeMO"", ""data_provider"": ""Open Charge Map"", ""is_operational"": true, ""last_verified"": ""2024-11-12T12:09:00Z"", ""number_of_plugs"": null, ""operator"": ""NRMA"", ""plug_types"": ""CCS (Type 2); CHAdeMO"", ""power_kw_max"": 50.0, ""power_kw_min"": 50.0, ""power_kw_values"": [50.0], ""power_scope"": ""dc_indicated_connection_ratings"", ""status"": ""Operational"", ""usage_cost"": ""$0.66/kWh""}",True,1,1,,house numbers conflict; address evidence is inconsistent; candidate does not pass the automatic identity gate,,False,review,coordinate_only,172.07828917633566,0.0,https://www.openstreetmap.org/node/10159370719,,,NRMA,"{""access_condition"": ""Free Access"", ""allows_card_payment"": false, ""allows_reservation"": false, ""charging_point_count"": 4, ""charging_point_count_raw"": 4, ""connector_types_normalized"": ""CCS;CHAdeMO"", ""data_provider"": ""OpenStreetMap"", ""is_free"": false, ""network"": """", ""number_of_plugs"": null, ""opening_hours"": """", ""power_kw_max"": null, ""power_kw_min"": null, ""power_scope"": ""station_reported_maximum"", ""pricing_info"": """"}",True,1,1,,candidate does not pass the automatic identity gate,,False,unmatched,unmatched,,,,,,,{},,0,0,,,,False,review,review,,,OCM;OSM,OCM: house numbers conflict; address evidence is inconsistent; candidate does not pass the automatic identity gate; OSM: candidate does not pass the automatic identity gate,,no,,{},{},0,[]
415,,,"3 Broomfield Street, Cobar NSW 2835",NRMA Electric,2,DC,50 kW,-30.08825,145.9351051,Cobar Shire Council,2835,TfNSW Regional,0,0,0,0,0,0,0,0,0,0,0,0,0,0,0,0,0,0,0,0,0,0,0,0,0,0,0,0,0,0,0,2,0,0,0,0,0,0,0,0,Far West and Orana,105,2840,review,fuzzy_address_only,157126.08368159545,1.0,190679,"3 Broomfield Street, Cobar, New South Wales, 2835",Cobar [NRMA],NRMA,"{""charger_capacities"": ""50 kW"", ""charging_point_count"": 1.0, ""connector_types_normalized"": ""CCS;CHAdeMO"", ""data_provider"": ""Open Charge Map"", ""is_operational"": true, ""last_verified"": ""2022-01-08T10:59:00Z"", ""number_of_plugs"": null, ""operator"": ""NRMA"", ""plug_types"": ""CCS (Type 2); CHAdeMO"", ""power_kw_max"": 50.0, ""power_kw_min"": 50.0, ""power_kw_values"": [50.0], ""power_scope"": ""dc_indicated_connection_ratings"", ""status"": ""Operational"", ""usage_cost"": ""FREE""}",True,1,0,,source address and original postcode conflict; address-only match; coordinates exceed 500 m,,True,unmatched,unmatched,,,,,,,{},,0,0,,,,True,unmatched,unmatched,,,,,,,{},,0,0,,,,True,review,review,,,OCM,OCM: source address and original postcode conflict; address-only match; coordinates exceed 500 m,,no,,{},{},0,[]
434,,,"303 Henry Parry Drive, Central Coast NSW 2250",Chargefox,2,DC,60 kW,-33.40941346,151.3507447,Central Coast Council,2250,Existing Fast Chargers,0,0,0,0,0,0,0,0,0,0,0,0,0,0,0,0,0,0,0,0,0,0,0,0,0,0,0,0,0,0,0,0,0,2,0,0,0,0,0,0,Central Coast,102,2250,review,coordinate_only,160.19369525117267,0.32905882352941174,508148,"Pacific Highway, Wyoming, New South Wales, 2250",Pacific Highway,BP Pulse (AU),"{""charger_capacities"": ""60 kW; 150 kW; 300 kW"", ""charging_point_count"": 6.0, ""connector_types_normalized"": ""CCS;CHAdeMO"", ""data_provider"": ""Open Charge Map"", ""is_operational"": true, ""last_verified"": ""2026-09-09T01:02:00Z"", ""number_of_plugs"": null, ""operator"": ""BP Pulse (AU)"", ""plug_types"": ""CCS (Type 2); CHAdeMO"", ""power_kw_max"": 300.0, ""power_kw_min"": 60.0, ""power_kw_values"": [60.0, 150.0, 300.0], ""power_scope"": ""dc_indicated_connection_ratings"", ""status"": ""Operational"", ""usage_cost"": ""55c/kWh""}",True,1,1,,address evidence is inconsistent; candidate does not pass the automatic identity gate,,False,unmatched,unmatched,,,,,,,{},,0,0,,,,False,unmatched,unmatched,,,,,,,{},,0,0,,,,False,review,review,,,OCM,OCM: address evidence is inconsistent; candidate does not pass the automatic identity gate,,no,,{},{},0,"[{""binding"": ""same source address and OCM ID; search evidence only"", ""conclusion"": ""web_evidence_found_not_identity_proof"", ""file"": ""data/reference/web_review/task3_ocm_125_web_confidence.csv"", ""page_opened"": true, ""reported_confidence"": ""high"", ""url"": ""https://ev-charging-stations.com.au/chargers/chargefox-303-henry-parry-drive-central-coast-nsw-2250""}]"
501,,,"38 Flora Street, Sydney NSW 2232",Chargefox,4,DC,47 kW,-34.03434039,151.0726517,Sutherland Shire Council,2232,Existing Fast Chargers,0,0,0,0,0,0,0,0,0,0,0,0,0,0,0,0,0,0,0,0,0,0,0,0,0,0,0,0,0,0,4,0,0,0,0,0,0,0,0,0,Sydney - Sutherland,128,2232,review,coordinate_only,181.72073244145068,0.3078947368421052,191280,"Princes Highway, Kirrawee, NSW, 2232",Tesla Supercharger South Village,Tesla (Tesla-only charging),"{""charger_capacities"": ""250 kW"", ""charging_point_count"": 6.0, ""connector_types_normalized"": ""CCS"", ""data_provider"": ""Open Charge Map"", ""is_operational"": true, ""last_verified"": ""2022-02-02T13:08:00Z"", ""number_of_plugs"": null, ""operator"": ""Tesla (Tesla-only charging)"", ""plug_types"": ""CCS (Type 2)"", ""power_kw_max"": 250.0, ""power_kw_min"": 250.0, ""power_kw_values"": [250.0], ""power_scope"": ""dc_indicated_connection_ratings"", ""status"": ""Operational"", ""usage_cost"": ""$0.52/kWh""}",True,1,1,,address evidence is inconsistent; candidate does not pass the automatic identity gate,,False,unmatched,unmatched,,,,,,,{},,0,0,,,,False,unmatched,unmatched,,,,,,,{},,0,0,,,,False,review,review,,,OCM,OCM: address evidence is inconsistent; candidate does not pass the automatic identity gate,,no,,{},{},0,[]
518,,,"40 Gouldsbury Street, Sydney NSW 2088",Evie Networks,2,DC,75 kW,-33.82807512,151.2434454,Mosman Municipal Council,2088,Existing Fast Chargers,0,0,0,0,0,0,0,0,0,0,0,0,0,0,0,0,0,0,0,0,0,0,0,0,0,0,0,0,0,0,0,0,0,0,0,2,0,0,0,0,Sydney - North Sydney and Hornsby,121,2088,review,coordinate_only,344.988466367611,0.1432712215320911,191164,"6 Myahgah Road, Mosman, NSW",Evie Mosman,Evie,"{""charger_capacities"": ""50 kW"", ""charging_point_count"": 1.0, ""connector_types_normalized"": ""CCS;CHAdeMO"", ""data_provider"": ""Open Charge Map"", ""is_operational"": true, ""last_verified"": ""2023-07-16T22:01:00Z"", ""number_of_plugs"": null, ""operator"": ""Evie"", ""plug_types"": ""CCS (Type 2); CHAdeMO"", ""power_kw_max"": 50.0, ""power_kw_min"": 50.0, ""power_kw_values"": [50.0], ""power_scope"": ""dc_indicated_connection_ratings"", ""status"": ""Operational"", ""usage_cost"": ""$0.40/kWh""}",True,2,2,5.0674719071013214,house numbers conflict; address evidence is inconsistent; another coordinate candidate is similarly close; multiple candidates have similar evidence; candidate does not pass the automatic identity gate,,False,unmatched,unmatched,,,,,,,{},,0,0,,,,False,unmatched,unmatched,,,,,,,{},,0,0,,,,False,review,review,,,OCM,OCM: house numbers conflict; address evidence is inconsistent; another coordinate candidate is similarly close; multiple candidates have similar evidence; candidate does not pass the automatic identity gate,,no,,{},{},0,"[{""binding"": ""same source address and OCM ID; search evidence only"", ""conclusion"": ""web_evidence_found_not_identity_proof"", ""file"": ""data/reference/web_review/task3_ocm_125_web_confidence.csv"", ""page_opened"": true, ""reported_confidence"": ""high"", ""url"": ""https://ev-charging-stations.com.au/chargers/nsw/mosman""}]"
591,,,"50 Bathurst Street, Brewarrina NSW 2839",NRMA Electric,4,DC,75 kW,-30.3247856,149.784033,Brewarrina Shire Council,2839,TfNSW Regional,0,0,0,0,0,0,0,0,0,0,0,0,0,0,0,0,0,0,0,0,0,0,0,0,0,0,0,0,0,0,0,0,0,0,0,4,0,0,0,0,New England and North West,110,2390,unmatched,unmatched,,,,,,,{},,0,0,,,,True,review,coordinate_only,32.23044425593709,0.0,https://www.openstreetmap.org/node/12583296437,,,NRMA,"{""access_condition"": ""Free Access"", ""allows_card_payment"": false, ""allows_reservation"": false, ""charging_point_count"": 4, ""charging_point_count_raw"": 4, ""connector_types_normalized"": ""CCS;CHAdeMO"", ""data_provider"": ""OpenStreetMap"", ""is_free"": false, ""network"": """", ""number_of_plugs"": null, ""opening_hours"": """", ""power_kw_max"": null, ""power_kw_min"": null, ""power_scope"": ""station_reported_maximum"", ""pricing_info"": """"}",True,2,2,268.4231344776801,source address and original postcode conflict; candidate does not pass the automatic identity gate,,True,unmatched,unmatched,,,,,,,{},,0,0,,,,True,review,review,,,OSM,OSM: source address and original postcode conflict; candidate does not pass the automatic identity gate,,no,,{},{},0,[]
641,,,"594 Anzac Parade, Sydney NSW 2032",Evie Networks,4,DC,75 kW,-33.92659564,151.2313293,Randwick City Council,2032,Existing Fast Chargers,0,0,0,0,0,0,0,0,0,0,0,0,0,0,0,0,0,0,0,0,0,0,0,0,0,0,0,0,0,0,0,0,0,0,0,4,0,0,0,0,Sydney - Eastern Suburbs,118,2032,unmatched,unmatched,,,,,,,{},,0,0,,,,False,review,coordinate_only,16.777185865776122,0.0,https://www.openstreetmap.org/node/13206176474,,,Evie Networks,"{""access_condition"": ""Free Access"", ""allows_card_payment"": false, ""allows_reservation"": false, ""charging_point_count"": 4, ""charging_point_count_raw"": 4, ""connector_types_normalized"": ""CCS"", ""data_provider"": ""OpenStreetMap"", ""is_free"": false, ""network"": """", ""number_of_plugs"": null, ""opening_hours"": """", ""power_kw_max"": null, ""power_kw_min"": null, ""power_scope"": ""station_reported_maximum"", ""pricing_info"": """"}",True,1,1,,external ID https://www.openstreetmap.org/node/13206176474 is shared by distinct source sites,,False,unmatched,unmatched,,,,,,,{},,0,0,,,,False,review,review,,,OSM,OSM: external ID https://www.openstreetmap.org/node/13206176474 is shared by distinct source sites,,no,,{},{},0,"[{""binding"": ""source_address_only; external identity not verified"", ""conclusion"": """", ""file"": ""data/reference/web_review/task3_104_non_ocm_web_verified.csv"", ""page_opened"": false, ""reported_confidence"": ""medium"", ""url"": ""https://ev-charging-stations.com.au/chargers/nsw/daceyville""}]"
648,,,6 Castlereagh Street Gilgandra NSW 2827,NRMA Electric,4,DC,75 kW,-30.0205758,148.1181013,Gilgandra Shire Council,2827,TfNSW Regional,0,0,0,0,0,0,0,0,0,0,0,0,0,0,0,0,0,0,0,0,0,0,0,0,0,0,0,0,0,0,0,0,0,0,0,4,0,0,0,0,Far West and Orana,105,2832,review,coordinate_only,202.6075058093174,0.26956521739130435,190683,"26 Neilly Street, Walgett, New South Wales, 2832",Walgett [NRMA],NRMA,"{""charger_capacities"": ""50 kW"", ""charging_point_count"": 1.0, ""connector_types_normalized"": ""CCS;CHAdeMO"", ""data_provider"": ""Open Charge Map"", ""is_operational"": true, ""last_verified"": ""2021-12-17T04:13:00Z"", ""number_of_plugs"": null, ""operator"": ""NRMA"", ""plug_types"": ""CCS (Type 2); CHAdeMO"", ""power_kw_max"": 50.0, ""power_kw_min"": 50.0, ""power_kw_values"": [50.0], ""power_scope"": ""dc_indicated_connection_ratings"", ""status"": ""Operational"", ""usage_cost"": ""FREE""}",True,1,1,,source address and original postcode conflict; external postcode conflicts with source; house numbers conflict; address evidence is inconsistent; candidate does not pass the automatic identity gate,,True,review,coordinate_only,35.449123136180084,0.0,https://www.openstreetmap.org/node/9278741544,,,NRMA,"{""access_condition"": ""Free Access"", ""allows_card_payment"": false, ""allows_reservation"": false, ""charging_point_count"": 1, ""charging_point_count_raw"": 1, ""connector_types_normalized"": ""CCS;CHAdeMO"", ""data_provider"": ""OpenStreetMap"", ""is_free"": false, ""network"": """", ""number_of_plugs"": null, ""opening_hours"": """", ""power_kw_max"": null, ""power_kw_min"": null, ""power_scope"": ""station_reported_maximum"", ""pricing_info"": """"}",True,1,1,,source address and original postcode conflict; candidate does not pass the automatic identity gate,,True,unmatched,unmatched,,,,,,,{},,0,0,,,,True,review,review,,,OCM;OSM,OCM: source address and original postcode conflict; external postcode conflicts with source; house numbers conflict; address evidence is inconsistent; candidate does not pass the automatic identity gate; OSM: source address and original postcode conflict; candidate does not pass the automatic identity gate,,no,,{},{},0,"[{""binding"": ""same source address and OCM ID; search evidence only"", ""conclusion"": ""web_evidence_found_not_identity_proof"", ""file"": ""data/reference/web_review/task3_ocm_125_web_confidence.csv"", ""page_opened"": false, ""reported_confidence"": ""medium"", ""url"": ""https://www.plugroo.com.au/nsw/mendooran""}]"
695,,,"725 Pittwater Road, Sydney NSW 2099",JOLT,2,DC,25 kW,-33.7523594,151.2865606,Northern Beaches Council,2099,Existing Fast Chargers,0,0,0,0,0,0,0,0,0,0,0,0,0,0,0,0,0,0,0,0,0,0,2,0,0,0,0,0,0,0,0,0,0,0,0,0,0,0,0,0,Sydney - Northern Beaches,122,2099,unmatched,unmatched,,,,,,,{},,0,0,,,,False,review,coordinate_only,157.86899402222622,0.0,https://www.openstreetmap.org/node/9491233549,,,Jolt,"{""access_condition"": ""Free Access"", ""allows_card_payment"": false, ""allows_reservation"": false, ""charging_point_count"": 1, ""charging_point_count_raw"": 1, ""connector_types_normalized"": ""CHAdeMO"", ""data_provider"": ""OpenStreetMap"", ""is_free"": false, ""network"": ""JOLT"", ""number_of_plugs"": null, ""opening_hours"": ""24/7"", ""power_kw_max"": null, ""power_kw_min"": null, ""power_scope"": ""station_reported_maximum"", ""pricing_info"": """"}",True,1,1,,candidate does not pass the automatic identity gate,,False,unmatched,unmatched,,,,,,,{},,0,0,,,,False,review,review,,,OSM,OSM: candidate does not pass the automatic identity gate,,no,,{},{},0,[]
698,,,"731-741 Military Road, Sydney NSW 2088",Chargefox,2,DC,47 kW,-33.82852457,151.2439029,Mosman Municipal Council,2088,Existing Fast Chargers,0,0,0,0,0,0,0,0,0,0,0,0,0,0,0,0,0,0,0,0,0,0,0,0,0,0,0,0,0,0,2,0,0,0,0,0,0,0,0,0,Sydney - North Sydney and Hornsby,121,2088,review,coordinate_only,300.1081111703142,0.3034782608695652,272686,"188 Raglan St, Mosman, New South Wales, 2088",Raglan Street West,Evie,"{""charger_capacities"": ""50 kW"", ""charging_point_count"": 1.0, ""connector_types_normalized"": ""CCS;CHAdeMO"", ""data_provider"": ""Open Charge Map"", ""is_operational"": true, ""last_verified"": ""2023-07-16T22:00:00Z"", ""number_of_plugs"": null, ""operator"": ""Evie"", ""plug_types"": ""CCS (Type 2); CHAdeMO"", ""power_kw_max"": 50.0, ""power_kw_min"": 50.0, ""power_kw_values"": [50.0], ""power_scope"": ""dc_indicated_connection_ratings"", ""status"": ""Operational"", ""usage_cost"": """"}",True,2,2,109.7654789011562,house numbers conflict; address evidence is inconsistent; candidate does not pass the automatic identity gate,,False,unmatched,unmatched,,,,,,,{},,0,0,,,,False,unmatched,unmatched,,,,,,,{},,0,0,,,,False,review,review,,,OCM,OCM: house numbers conflict; address evidence is inconsistent; candidate does not pass the automatic identity gate,,no,,{},{},0,"[{""binding"": ""same source address and OCM ID; search evidence only"", ""conclusion"": ""web_evidence_found_not_identity_proof"", ""file"": ""data/reference/web_review/task3_ocm_125_web_confidence.csv"", ""page_opened"": false, ""reported_confidence"": ""medium"", ""url"": ""https://www.chargeroute.au/chargers/nsw/chargefox-sydney-sydney-3""}]"
720,,,"8 Kosciuszko Road, Jindabyne NSW 2627",BP,4,DC,75 kW,-36.4147548,148.6177838,Snowy Monaro Regional Council,2627,Existing Fast Chargers,0,0,0,0,0,0,0,0,0,0,0,0,0,0,0,0,0,0,0,0,0,0,0,0,0,0,0,0,0,0,0,0,0,0,0,4,0,0,0,0,Capital Region,101,2627,review,coordinate_only,219.41352219609772,0.37554945054945055,190861,"3 Snowy River Ave, Jindabyne, NSW, 2627",Snowy River Ave Car Park,NRMA,"{""charger_capacities"": ""50 kW"", ""charging_point_count"": 2.0, ""connector_types_normalized"": ""CCS;CHAdeMO"", ""data_provider"": ""Open Charge Map"", ""is_operational"": true, ""last_verified"": ""2026-07-15T01:28:00Z"", ""number_of_plugs"": null, ""operator"": ""NRMA"", ""plug_types"": ""CCS (Type 2); CHAdeMO"", ""power_kw_max"": 50.0, ""power_kw_min"": 50.0, ""power_kw_values"": [50.0], ""power_scope"": ""dc_indicated_connection_ratings"", ""status"": ""Operational"", ""usage_cost"": ""$0.64/kWh""}",True,1,1,,house numbers conflict; address evidence is inconsistent; candidate does not pass the automatic identity gate,,False,review,coordinate_only,15.614648190869158,0.0,https://www.openstreetmap.org/node/12398804433,,,bp pulse,"{""access_condition"": ""Restricted Access"", ""allows_card_payment"": false, ""allows_reservation"": false, ""charging_point_count"": null, ""charging_point_count_raw"": null, ""connector_types_normalized"": ""CCS;CHAdeMO"", ""data_provider"": ""OpenStreetMap"", ""is_free"": false, ""network"": ""bp pulse"", ""number_of_plugs"": null, ""opening_hours"": """", ""power_kw_max"": null, ""power_kw_min"": null, ""power_scope"": ""station_reported_maximum"", ""pricing_info"": """"}",True,3,3,2.393844623389711,another coordinate candidate is similarly close; multiple candidates have similar evidence; candidate does not pass the automatic identity gate,,False,unmatched,unmatched,,,,,,,{},,0,0,,,,False,review,review,,,OCM;OSM,OCM: house numbers conflict; address evidence is inconsistent; candidate does not pass the automatic identity gate; OSM: another coordinate candidate is similarly close; multiple candidates have similar evidence; candidate does not pass the automatic identity gate,,no,,{},{},0,"[{""binding"": ""same source address and OCM ID; search evidence only"", ""conclusion"": ""web_evidence_found_not_identity_proof"", ""file"": ""data/reference/web_review/task3_ocm_125_web_confidence.csv"", ""page_opened"": false, ""reported_confidence"": ""medium"", ""url"": ""https://www.cylex-australia.com/company/bp-pulse-charging-station-25137942.html""}]"
725,,,"8/24 Cross Street, Wagga Wagga NSW 2650",NRMA Electric,2,DC,50 kW,-31.7223908,148.6571378,Wagga Wagga City Council,2650,TfNSW Regional,0,0,0,0,0,0,0,0,0,0,0,0,0,0,0,0,0,0,0,0,0,0,0,0,0,0,0,0,0,0,0,2,0,0,0,0,0,0,0,0,Far West and Orana,105,2827,unmatched,unmatched,,,,,,,{},,0,0,,,,True,review,coordinate_only,152.66050167079814,0.0,https://www.openstreetmap.org/way/1513958639,,,NRMA,"{""access_condition"": ""Free Access"", ""allows_card_payment"": false, ""allows_reservation"": false, ""charging_point_count"": 2, ""charging_point_count_raw"": 2, ""connector_types_normalized"": ""CCS;CHAdeMO"", ""data_provider"": ""OpenStreetMap"", ""is_free"": false, ""network"": """", ""number_of_plugs"": null, ""opening_hours"": """", ""power_kw_max"": null, ""power_kw_min"": null, ""power_scope"": ""station_reported_maximum"", ""pricing_info"": """"}",True,1,1,,source address and original postcode conflict; candidate does not pass the automatic identity gate,,True,unmatched,unmatched,,,,,,,{},,0,0,,,,True,review,review,,,OSM,OSM: source address and original postcode conflict; candidate does not pass the automatic identity gate,,no,,{},{},0,"[{""binding"": ""source_address_only; external identity not verified"", ""conclusion"": """", ""file"": ""data/reference/web_review/task3_104_non_ocm_web_verified.csv"", ""page_opened"": false, ""reported_confidence"": ""medium"", ""url"": ""https://www.plugroo.com.au/nsw/brookdale""}]"
726,,,"80 Little Barber Street, Gunnedah NSW 2380",NRMA Electric,2,DC,50 kW,-30.97803908,150.2508509,Gunnedah Shire Council,2380,Existing Fast Chargers,0,0,0,0,0,0,0,0,0,0,0,0,0,0,0,0,0,0,0,0,0,0,0,0,0,0,0,0,0,0,0,2,0,0,0,0,0,0,0,0,New England and North West,110,2380,review,coordinate_only,50.729854935837615,0.8405405405405406,274452,"Kepreotes Carpark, 73 Little Barber Street, Gunnedah, NSW, 2380",NRMA Fast Charger Gunnedah,(Unknown Operator),"{""charger_capacities"": ""50 kW"", ""charging_point_count"": 1.0, ""connector_types_normalized"": ""CCS;CHAdeMO"", ""data_provider"": ""Open Charge Map"", ""is_operational"": true, ""last_verified"": ""2023-09-18T01:27:00Z"", ""number_of_plugs"": null, ""operator"": ""(Unknown Operator)"", ""plug_types"": ""CCS (Type 2); CHAdeMO"", ""power_kw_max"": 50.0, ""power_kw_min"": 50.0, ""power_kw_values"": [50.0], ""power_scope"": ""dc_indicated_connection_ratings"", ""status"": ""Operational"", ""usage_cost"": ""$0, but payment will be required Oct-Dec 2023""}",True,1,1,,house numbers conflict; address evidence is inconsistent; candidate does not pass the automatic identity gate,,False,unmatched,unmatched,,,,,,,{},,0,0,,,,False,unmatched,unmatched,,,,,,,{},,0,0,,,,False,review,review,,,OCM,OCM: house numbers conflict; address evidence is inconsistent; candidate does not pass the automatic identity gate,,no,,{},{},0,"[{""binding"": ""same source address and OCM ID; search evidence only"", ""conclusion"": ""web_evidence_found_not_identity_proof"", ""file"": ""data/reference/web_review/task3_ocm_125_web_confidence.csv"", ""page_opened"": true, ""reported_confidence"": ""low"", ""url"": ""https://www.realestate.com.au/nsw/gunnedah-2380/little-barber-st/""}]"
729,,,"81 Meehan Street, Yass NSW 2582",NRMA Electric,2,DC,50 kW,-34.428348,150.9001506,Yass Valley Council,2582,TfNSW Regional,0,0,0,0,0,0,0,0,0,0,0,0,0,0,0,0,0,0,0,0,0,0,0,0,0,0,0,0,0,0,0,2,0,0,0,0,0,0,0,0,Illawarra,107,2500,review,coordinate_only,8.324538406986585,0.3675224646983312,191177,"17 Stewart Street, Wollongong, NSW, 2500",Stewart Street Carpark [NRMA],NRMA,"{""charger_capacities"": ""50 kW; 75 kW; 150 kW"", ""charging_point_count"": 2.0, ""connector_types_normalized"": ""CCS;CHAdeMO"", ""data_provider"": ""Open Charge Map"", ""is_operational"": true, ""last_verified"": ""2023-02-20T17:51:00Z"", ""number_of_plugs"": null, ""operator"": ""NRMA"", ""plug_types"": ""CCS (Type 2); CHAdeMO"", ""power_kw_max"": 150.0, ""power_kw_min"": 50.0, ""power_kw_values"": [50.0, 75.0, 150.0], ""power_scope"": ""dc_indicated_connection_ratings"", ""status"": ""Operational"", ""usage_cost"": ""FREE""}",True,2,1,,source address and original postcode conflict; external postcode conflicts with source; house numbers conflict; address evidence is inconsistent; candidate does not pass the automatic identity gate,,True,unmatched,unmatched,,,,,,,{},,0,0,,,,True,unmatched,unmatched,,,,,,,{},,0,0,,,,True,review,review,,,OCM,OCM: source address and original postcode conflict; external postcode conflicts with source; house numbers conflict; address evidence is inconsistent; candidate does not pass the automatic identity gate,,no,,{},{},0,"[{""binding"": ""same source address and OCM ID; search evidence only"", ""conclusion"": ""web_evidence_found_not_identity_proof"", ""file"": ""data/reference/web_review/task3_ocm_125_web_confidence.csv"", ""page_opened"": false, ""reported_confidence"": ""medium"", ""url"": ""https://www.plugroo.com.au/location/nrma-nsw-yass-81-meehan-street""}]"
734,,,"82 Marsh Street, Armidale NSW 2350",NRMA Electric,2,DC,50 kW,-34.4476103,147.5348555,Armidale Regional Council,2350,TfNSW Regional,0,0,0,0,0,0,0,0,0,0,0,0,0,0,0,0,0,0,0,0,0,0,0,0,0,0,0,0,0,0,0,2,0,0,0,0,0,0,0,0,Riverina,113,2666,review,coordinate_only,180.96852803711653,0.23963636363636365,190668,"Little Hoskins Street, Temora, New South Wales, 2666",Temora Council Chambers,NRMA,"{""charger_capacities"": ""50 kW"", ""charging_point_count"": 2.0, ""connector_types_normalized"": ""CCS"", ""data_provider"": ""Open Charge Map"", ""is_operational"": true, ""last_verified"": ""2026-07-15T02:08:00Z"", ""number_of_plugs"": null, ""operator"": ""NRMA"", ""plug_types"": ""CCS (Type 2)"", ""power_kw_max"": 50.0, ""power_kw_min"": 50.0, ""power_kw_values"": [50.0], ""power_scope"": ""dc_indicated_connection_ratings"", ""status"": ""Operational"", ""usage_cost"": ""$0.74/kWh""}",True,2,1,,source address and original postcode conflict; external postcode conflicts with source; address evidence is inconsistent; candidate does not pass the automatic identity gate,,True,review,coordinate_only,149.77939536962992,0.0,https://www.openstreetmap.org/node/10772401236,,,NRMA,"{""access_condition"": ""Free Access"", ""allows_card_payment"": false, ""allows_reservation"": false, ""charging_point_count"": 2, ""charging_point_count_raw"": 2, ""connector_types_normalized"": ""CCS"", ""data_provider"": ""OpenStreetMap"", ""is_free"": false, ""network"": """", ""number_of_plugs"": null, ""opening_hours"": """", ""power_kw_max"": null, ""power_kw_min"": null, ""power_scope"": ""station_reported_maximum"", ""pricing_info"": """"}",True,1,1,,source address and original postcode conflict; candidate does not pass the automatic identity gate,,True,unmatched,unmatched,,,,,,,{},,0,0,,,,True,review,review,,,OCM;OSM,OCM: source address and original postcode conflict; external postcode conflicts with source; address evidence is inconsistent; candidate does not pass the automatic identity gate; OSM: source address and original postcode conflict; candidate does not pass the automatic identity gate,,no,,{},{},0,"[{""binding"": ""same source address and OCM ID; search evidence only"", ""conclusion"": ""web_evidence_found_not_identity_proof"", ""file"": ""data/reference/web_review/task3_ocm_125_web_confidence.csv"", ""page_opened"": true, ""reported_confidence"": ""high"", ""url"": ""https://www.nsw.gov.au/visiting-and-exploring-nsw/locations-and-attractions/armidale-heritage-tours""}]"
738,,,"85/91 Commissioner Street, Cooma NSW 2630",Tesla,8,DC,150 kW,-36.23552257,149.1267948,Snowy Monaro Regional Council,2630,Existing Fast Chargers,0,0,0,0,0,0,0,8,0,0,0,0,0,0,0,0,0,0,0,0,0,0,0,0,0,0,0,0,0,0,0,0,0,0,0,0,0,0,0,0,Capital Region,101,2630,review,coordinate_only,0.09573619008955835,0.8925925925925927,90199,"85-91 Commissioner Street, Cooma, NSW 2630",Cooma Supercharger,Tesla (Tesla-only charging),"{""charger_capacities"": ""120 kW"", ""charging_point_count"": 4.0, ""connector_types_normalized"": ""CCS"", ""data_provider"": ""Open Charge Map"", ""is_operational"": true, ""last_verified"": ""2019-03-22T18:03:00Z"", ""number_of_plugs"": null, ""operator"": ""Tesla (Tesla-only charging)"", ""plug_types"": ""CCS (Type 2)"", ""power_kw_max"": 120.0, ""power_kw_min"": 120.0, ""power_kw_values"": [120.0], ""power_scope"": ""dc_indicated_connection_ratings"", ""status"": ""Operational"", ""usage_cost"": ""AUD 0.42/kWh;other tariffs for older cars""}",True,1,1,,house numbers conflict; address evidence is inconsistent; candidate does not pass the automatic identity gate,,False,unmatched,unmatched,,,,,,,{},,0,0,,,,False,unmatched,unmatched,,,,,,,{},,0,0,,,,False,review,review,,,OCM,OCM: house numbers conflict; address evidence is inconsistent; candidate does not pass the automatic identity gate,,no,,{},{},0,[]
745,,,"872 Anzac Parade, Sydney NSW 2035",Evie Networks,2,DC,75 kW,-33.94314819,151.2396466,Randwick City Council,2035,Existing Fast Chargers,0,0,0,0,0,0,0,0,0,0,0,0,0,0,0,0,0,0,0,0,0,0,0,0,0,0,0,0,0,0,0,0,0,0,0,2,0,0,0,0,Sydney - Eastern Suburbs,118,2035,unmatched,unmatched,,,,,,,{},,0,0,,,,False,review,coordinate_only,14.037215351642969,0.0,https://www.openstreetmap.org/node/13206154678,,,Evie Networks,"{""access_condition"": ""Free Access"", ""allows_card_payment"": false, ""allows_reservation"": false, ""charging_point_count"": 2, ""charging_point_count_raw"": 2, ""connector_types_normalized"": ""CCS"", ""data_provider"": ""OpenStreetMap"", ""is_free"": false, ""network"": """", ""number_of_plugs"": null, ""opening_hours"": """", ""power_kw_max"": null, ""power_kw_min"": null, ""power_scope"": ""station_reported_maximum"", ""pricing_info"": """"}",True,2,2,32.55615590684878,external ID https://www.openstreetmap.org/node/13206154678 is shared by distinct source sites,,False,unmatched,unmatched,,,,,,,{},,0,0,,,,False,review,review,,,OSM,OSM: external ID https://www.openstreetmap.org/node/13206154678 is shared by distinct source sites,,no,,{},{},0,"[{""binding"": ""source_address_only; external identity not verified"", ""conclusion"": """", ""file"": ""data/reference/web_review/task3_104_non_ocm_web_verified.csv"", ""page_opened"": true, ""reported_confidence"": ""high"", ""url"": ""https://ev-charging-stations.com.au/chargers/nsw/maroubra""}]"
747,,,"87-91 Roberts Road Cnr Moondo Street, Greenacre NSW 2190",Ampol,2,DC,125 kW,-33.9047231,151.0645884,Strathfield Municipal Council,2190,ARENA - Driving the Nation,0,0,0,2,0,0,0,0,0,0,0,0,0,0,0,0,0,0,0,0,0,0,0,0,0,0,0,0,0,0,0,0,0,0,0,0,0,0,0,0,Sydney - Inner South West,119,2190,unmatched,unmatched,,,,,,,{},,0,0,,,,False,unmatched,unmatched,,,,,,,{},,0,0,,,,False,review,coordinate_only,311.2000189931982,0.8396825396825397,15d06bf5-6b4a-425d-9312-bae4b17cc22b-1862,"67 Roberts Rd, Greenacre, NSW 2190",Bunnings Greenacre,,"{""connector_types_normalized"": ""CCS"", ""data_provider"": ""Charge@Large"", ""dc_port_count"": 2, ""number_of_plugs"": null, ""power_kw_max"": 120.0, ""power_kw_min"": 120.0, ""power_kw_values"": [120.0], ""power_scope"": ""dc_indicated_ports"", ""site_power_range_raw"": ""120"", ""status_counts"": {""Available"": 2}, ""status_observed_at"": null, ""total_port_count"": 2}",True,1,1,,house numbers conflict; address evidence is inconsistent; candidate does not pass the automatic identity gate,,False,review,review,,,Charge@Large,Charge@Large: house numbers conflict; address evidence is inconsistent; candidate does not pass the automatic identity gate,,no,,{},{},0,"[{""binding"": ""source_address_only; external identity not verified"", ""conclusion"": """", ""file"": ""data/reference/web_review/task3_104_non_ocm_web_verified.csv"", ""page_opened"": true, ""reported_confidence"": ""high"", ""url"": ""https://www.ampol.com.au/convenience/foodary-crave-n-save""}]"
752,,,"888 Pittwater Road, Sydney NSW 2099",Tesla,4,DC,250 kW,-33.75321026,151.2873604,Northern Beaches Council,2099,Existing Fast Chargers,0,0,0,0,0,0,0,0,0,0,0,0,0,0,0,0,0,0,0,0,0,4,0,0,0,0,0,0,0,0,0,0,0,0,0,0,0,0,0,0,Sydney - Northern Beaches,122,2099,unmatched,unmatched,,,,,,,{},,0,0,,,,False,review,coordinate_only,67.30148312813105,0.0,https://www.openstreetmap.org/node/9491233549,,,Jolt,"{""access_condition"": ""Free Access"", ""allows_card_payment"": false, ""allows_reservation"": false, ""charging_point_count"": 1, ""charging_point_count_raw"": 1, ""connector_types_normalized"": ""CHAdeMO"", ""data_provider"": ""OpenStreetMap"", ""is_free"": false, ""network"": ""JOLT"", ""number_of_plugs"": null, ""opening_hours"": ""24/7"", ""power_kw_max"": null, ""power_kw_min"": null, ""power_scope"": ""station_reported_maximum"", ""pricing_info"": """"}",True,1,1,,external ID https://www.openstreetmap.org/node/9491233549 is shared by distinct source sites,,False,unmatched,unmatched,,,,,,,{},,0,0,,,,False,review,review,,,OSM,OSM: external ID https://www.openstreetmap.org/node/9491233549 is shared by distinct source sites,,no,,{},{},0,[]
753,,,"88-90 Houston Road, Sydney NSW 2032",Evie Networks,2,DC,50 kW,-33.92407212,151.2266947,Randwick City Council,2032,Existing Fast Chargers,0,0,0,0,0,0,0,0,0,0,0,0,0,0,0,0,0,0,0,0,0,0,0,0,0,0,0,0,0,0,0,2,0,0,0,0,0,0,0,0,Sydney - Eastern Suburbs,118,2032,unmatched,unmatched,,,,,,,{},,0,0,,,,False,review,coordinate_only,480.08361704932844,0.0,https://www.openstreetmap.org/node/13206142331,,,bp pulse,"{""access_condition"": ""Free Access"", ""allows_card_payment"": false, ""allows_reservation"": false, ""charging_point_count"": 2, ""charging_point_count_raw"": 2, ""connector_types_normalized"": ""CCS"", ""data_provider"": ""OpenStreetMap"", ""is_free"": false, ""network"": ""bp pulse"", ""number_of_plugs"": null, ""opening_hours"": """", ""power_kw_max"": null, ""power_kw_min"": null, ""power_scope"": ""station_reported_maximum"", ""pricing_info"": """"}",True,1,1,,candidate does not pass the automatic identity gate,,False,unmatched,unmatched,,,,,,,{},,0,0,,,,False,review,review,,,OSM,OSM: candidate does not pass the automatic identity gate,,no,,{},{},0,"[{""binding"": ""source_address_only; external identity not verified"", ""conclusion"": """", ""file"": ""data/reference/web_review/task3_104_non_ocm_web_verified.csv"", ""page_opened"": false, ""reported_confidence"": ""medium"", ""url"": ""https://ev-charging-stations.com.au/chargers/nsw/daceyville""}]"
754,,,"89 Barwan Street, Narrabri NSW 2390",NRMA Electric,4,DC,50 kW,-29.0572067,152.0186837,Narrabri Shire Council,2390,TfNSW Regional,0,0,0,0,0,0,0,0,0,0,0,0,0,0,0,0,0,0,0,0,0,0,0,0,0,0,0,0,0,0,0,4,0,0,0,0,0,0,0,0,New England and North West,110,2372,review,coordinate_only,165.88117518922394,0.490560875512996,312274,"1 Crown St, Tenterfield, NSW, 2372",Tesla Supercharger - Coles Tenterfield,Tesla (including non-tesla),"{""charger_capacities"": ""250 kW"", ""charging_point_count"": 3.0, ""connector_types_normalized"": ""CCS"", ""data_provider"": ""Open Charge Map"", ""is_operational"": true, ""last_verified"": ""2025-05-07T05:24:00Z"", ""number_of_plugs"": null, ""operator"": ""Tesla (including non-tesla)"", ""plug_types"": ""CCS (Type 2)"", ""power_kw_max"": 250.0, ""power_kw_min"": 250.0, ""power_kw_values"": [250.0], ""power_scope"": ""dc_indicated_connection_ratings"", ""status"": ""Operational"", ""usage_cost"": ""$0.69/kWh""}",True,1,1,,source address and original postcode conflict; external postcode conflicts with source; house numbers conflict; address evidence is inconsistent; candidate does not pass the automatic identity gate,,True,review,coordinate_only,164.7910834836061,0.0,https://www.openstreetmap.org/node/10258355351,,Tesla Supercharger,Tesla,"{""access_condition"": ""Free Access"", ""allows_card_payment"": false, ""allows_reservation"": false, ""charging_point_count"": 4, ""charging_point_count_raw"": 4, ""connector_types_normalized"": ""CCS"", ""data_provider"": ""OpenStreetMap"", ""is_free"": false, ""network"": ""Supercharger"", ""number_of_plugs"": null, ""opening_hours"": ""24/7"", ""power_kw_max"": null, ""power_kw_min"": null, ""power_scope"": ""station_reported_maximum"", ""pricing_info"": """"}",True,1,1,,source address and original postcode conflict; candidate does not pass the automatic identity gate,,True,unmatched,unmatched,,,,,,,{},,0,0,,,,True,review,review,,,OCM;OSM,OCM: source address and original postcode conflict; external postcode conflicts with source; house numbers conflict; address evidence is inconsistent; candidate does not pass the automatic identity gate; OSM: source address and original postcode conflict; candidate does not pass the automatic identity gate,,no,,{},{},0,"[{""binding"": ""same source address and OCM ID; search evidence only"", ""conclusion"": ""web_evidence_found_not_identity_proof"", ""file"": ""data/reference/web_review/task3_ocm_125_web_confidence.csv"", ""page_opened"": true, ""reported_confidence"": ""high"", ""url"": ""https://apps.planningportal.nsw.gov.au/prweb/PRRestService/DocMgmt/v1/PublicDocuments/DATA-WORKATTACH-FILE%20PEC-DPE-EP-WORK%20PAN-378965%2120231017T043350.514%20GMT""}]"
774,,,"92 Houston Road, Kingsford NSW 2032",Evie Networks,2,DC,50 kW,-33.9242319,151.2266791,Randwick City Council,2032,Kerbside Charging R1,0,0,0,0,0,0,0,0,0,0,0,0,0,0,0,0,0,0,0,0,0,0,0,0,0,0,0,0,0,0,0,2,0,0,0,0,0,0,0,0,Sydney - Eastern Suburbs,118,,unmatched,unmatched,,,,,,,{},,0,0,,,,False,review,coordinate_only,497.90550949317947,0.0,https://www.openstreetmap.org/node/13206142331,,,bp pulse,"{""access_condition"": ""Free Access"", ""allows_card_payment"": false, ""allows_reservation"": false, ""charging_point_count"": 2, ""charging_point_count_raw"": 2, ""connector_types_normalized"": ""CCS"", ""data_provider"": ""OpenStreetMap"", ""is_free"": false, ""network"": ""bp pulse"", ""number_of_plugs"": null, ""opening_hours"": """", ""power_kw_max"": null, ""power_kw_min"": null, ""power_scope"": ""station_reported_maximum"", ""pricing_info"": """"}",True,1,1,,candidate does not pass the automatic identity gate,,False,unmatched,unmatched,,,,,,,{},,0,0,,,,False,review,review,,,OSM,OSM: candidate does not pass the automatic identity gate,,no,,{},{},0,"[{""binding"": ""source_address_only; external identity not verified"", ""conclusion"": """", ""file"": ""data/reference/web_review/task3_104_non_ocm_web_verified.csv"", ""page_opened"": true, ""reported_confidence"": ""low"", ""url"": ""https://www.realestate.com.au/property/92-houston-rd-kingsford-nsw-2032""}]"
810,,,"Berowra Railway Station, Pacific Highway, Berowra, Pacific Highway, New South Wales NSW 2081",JOLT,1,DC,25 kW,-33.623906,151.151802,"Hornsby, The Council of the Shire of",2081,TfNSW Commuter Car Parks,0,0,0,0,0,0,0,0,0,0,0,0,0,0,0,0,0,0,0,0,0,0,1,0,0,0,0,0,0,0,0,0,0,0,0,0,0,0,0,0,Sydney - North Sydney and Hornsby,121,2081,review,coordinate_only,355.62727833992915,0.3236842105263158,272620,"6 Boundary Street, Berowra, New South Wales, 2081",Berowra Tennis Centre,Chargefox,"{""charger_capacities"": ""75 kW"", ""charging_point_count"": 2.0, ""connector_types_normalized"": ""CCS"", ""data_provider"": ""Open Charge Map"", ""is_operational"": true, ""last_verified"": ""2023-07-15T09:11:00Z"", ""number_of_plugs"": null, ""operator"": ""Chargefox"", ""plug_types"": ""CCS (Type 2)"", ""power_kw_max"": 75.0, ""power_kw_min"": 75.0, ""power_kw_values"": [75.0], ""power_scope"": ""dc_indicated_connection_ratings"", ""status"": ""Operational"", ""usage_cost"": ""$0.60/kWh""}",True,1,1,,address evidence is inconsistent; candidate does not pass the automatic identity gate,,False,review,coordinate_only,351.8952368422161,0.0,https://www.openstreetmap.org/node/12167440484,,,Chargefox,"{""access_condition"": ""Free Access"", ""allows_card_payment"": false, ""allows_reservation"": false, ""charging_point_count"": null, ""charging_point_count_raw"": null, ""connector_types_normalized"": ""CCS"", ""data_provider"": ""OpenStreetMap"", ""is_free"": false, ""network"": """", ""number_of_plugs"": null, ""opening_hours"": """", ""power_kw_max"": null, ""power_kw_min"": null, ""power_scope"": ""station_reported_maximum"", ""pricing_info"": """"}",True,1,1,,candidate does not pass the automatic identity gate,,False,unmatched,unmatched,,,,,,,{},,0,0,,,,False,review,review,,,OCM;OSM,OCM: address evidence is inconsistent; candidate does not pass the automatic identity gate; OSM: candidate does not pass the automatic identity gate,,no,,{},{},0,[]
814,,,"Bryant Drive, Central Coast NSW 2259",Tesla,12,DC,130 kW,-33.31010015,151.4206827,Central Coast Council,2259,Existing Fast Chargers,0,0,0,0,12,0,0,0,0,0,0,0,0,0,0,0,0,0,0,0,0,0,0,0,0,0,0,0,0,0,0,0,0,0,0,0,0,0,0,0,Central Coast,102,2259,review,coordinate_only,127.2510121614661,0.654,128371,"Bryant Drive & Wyong Road, Tuggerah",Central Coast Supercharger [Tesla],Tesla (Tesla-only charging),"{""charger_capacities"": ""120 kW"", ""charging_point_count"": 6.0, ""connector_types_normalized"": ""CCS"", ""data_provider"": ""Open Charge Map"", ""is_operational"": true, ""last_verified"": ""2021-12-19T02:09:00Z"", ""number_of_plugs"": null, ""operator"": ""Tesla (Tesla-only charging)"", ""plug_types"": ""CCS (Type 2)"", ""power_kw_max"": 120.0, ""power_kw_min"": 120.0, ""power_kw_values"": [120.0], ""power_scope"": ""dc_indicated_connection_ratings"", ""status"": ""Operational"", ""usage_cost"": ""$0.52/kWh""}",True,1,1,,address evidence is inconsistent; candidate does not pass the automatic identity gate,,False,unmatched,unmatched,,,,,,,{},,0,0,,,,False,unmatched,unmatched,,,,,,,{},,0,0,,,,False,review,review,,,OCM,OCM: address evidence is inconsistent; candidate does not pass the automatic identity gate,,no,,{},{},0,"[{""binding"": ""same source address and OCM ID; search evidence only"", ""conclusion"": ""web_evidence_found_not_identity_proof"", ""file"": ""data/reference/web_review/task3_ocm_125_web_confidence.csv"", ""page_opened"": false, ""reported_confidence"": ""medium"", ""url"": ""https://www.tesla.com/findus/location/supercharger/centralcoastsupercharger""}]"
818,,,"Camden Valley Way &, Somerset Avenue, Narellan NSW 2567",Evie Networks,4,DC,150 kW,-34.0397301,150.7385139,Camden Council,2567,ARENA - Driving the Nation,0,0,0,0,0,0,0,4,0,0,0,0,0,0,0,0,0,0,0,0,0,0,0,0,0,0,0,0,0,0,0,0,0,0,0,0,0,0,0,0,Sydney - Outer South West,123,2022,unmatched,unmatched,,,,,,,{},,0,0,,,,True,review,coordinate_only,363.00083949899283,0.0,https://www.openstreetmap.org/node/11695236309,,,Evie Networks,"{""access_condition"": ""Free Access"", ""allows_card_payment"": false, ""allows_reservation"": false, ""charging_point_count"": null, ""charging_point_count_raw"": null, ""connector_types_normalized"": ""CCS;CHAdeMO"", ""data_provider"": ""OpenStreetMap"", ""is_free"": false, ""network"": """", ""number_of_plugs"": null, ""opening_hours"": """", ""power_kw_max"": null, ""power_kw_min"": null, ""power_scope"": ""station_reported_maximum"", ""pricing_info"": """"}",True,2,2,66.11182709638416,source address and original postcode conflict; candidate does not pass the automatic identity gate,,True,unmatched,unmatched,,,,,,,{},,0,0,,,,True,review,review,,,OSM,OSM: source address and original postcode conflict; candidate does not pass the automatic identity gate,,no,,{},{},0,"[{""binding"": ""source_address_only; external identity not verified"", ""conclusion"": """", ""file"": ""data/reference/web_review/task3_104_non_ocm_web_verified.csv"", ""page_opened"": false, ""reported_confidence"": ""medium"", ""url"": ""https://www.plugroo.com.au/nsw/lakesland""}]"
821,,,"Car Park, 51 Evans Street (Victoria Park), Inverell NSW 2360",NRMA Electric,2,DC,75 kW,-35.1086448,147.3732036,Inverell Shire Council,2360,TfNSW Regional,0,0,0,0,0,0,0,0,0,0,0,0,0,0,0,0,0,0,0,0,0,0,0,0,0,0,0,0,0,0,0,0,0,0,0,2,0,0,0,0,Riverina,113,2650,review,coordinate_only,57.255774185141654,0.33653846153846156,190500,"8 Cross Street, Wagga Wagga, NSW",Cross Street Carpark [NRMA],NRMA,"{""charger_capacities"": ""50 kW"", ""charging_point_count"": 1.0, ""connector_types_normalized"": ""CCS;CHAdeMO"", ""data_provider"": ""Open Charge Map"", ""is_operational"": true, ""last_verified"": ""2024-11-12T12:09:00Z"", ""number_of_plugs"": null, ""operator"": ""NRMA"", ""plug_types"": ""CCS (Type 2); CHAdeMO"", ""power_kw_max"": 50.0, ""power_kw_min"": 50.0, ""power_kw_values"": [50.0], ""power_scope"": ""dc_indicated_connection_ratings"", ""status"": ""Operational"", ""usage_cost"": ""$0.66/KWh""}",True,1,1,,source address and original postcode conflict; external postcode conflicts with source; house numbers conflict; address evidence is inconsistent; candidate does not pass the automatic identity gate,,True,review,coordinate_only,47.2713723102401,0.0,https://www.openstreetmap.org/node/7932870081,,,NRMA,"{""access_condition"": ""Free Access"", ""allows_card_payment"": false, ""allows_reservation"": false, ""charging_point_count"": 2, ""charging_point_count_raw"": 2, ""connector_types_normalized"": ""CCS;CHAdeMO"", ""data_provider"": ""OpenStreetMap"", ""is_free"": false, ""network"": """", ""number_of_plugs"": null, ""opening_hours"": """", ""power_kw_max"": null, ""power_kw_min"": null, ""power_scope"": ""station_reported_maximum"", ""pricing_info"": """"}",True,1,1,,source address and original postcode conflict; candidate does not pass the automatic identity gate,,True,unmatched,unmatched,,,,,,,{},,0,0,,,,True,review,review,,,OCM;OSM,OCM: source address and original postcode conflict; external postcode conflicts with source; house numbers conflict; address evidence is inconsistent; candidate does not pass the automatic identity gate; OSM: source address and original postcode conflict; candidate does not pass the automatic identity gate,,no,,{},{},0,"[{""binding"": ""same source address and OCM ID; search evidence only"", ""conclusion"": ""web_evidence_found_not_identity_proof"", ""file"": ""data/reference/web_review/task3_ocm_125_web_confidence.csv"", ""page_opened"": false, ""reported_confidence"": ""medium"", ""url"": ""https://inverell.nsw.gov.au/wp-content/uploads/2022/03/OrdinaryBusinessPaper_23March2022.pdf""}]"
822,,,"Car Park, Little Hoskins Street, Temora NSW 2666",NRMA Electric,2,DC,50 kW,-30.9827002,151.5928644,Temora Shire Council,2666,TfNSW Regional,0,0,0,0,0,0,0,0,0,0,0,0,0,0,0,0,0,0,0,0,0,0,0,0,0,0,0,0,0,0,0,2,0,0,0,0,0,0,0,0,New England and North West,110,2354,review,coordinate_only,48.060710194755565,0.27946298984034834,480135,"10W Apsley Street, Walcha, NSW, 2354",NRMA EV Charger Walcha,NRMA,"{""charger_capacities"": """", ""charging_point_count"": 2.0, ""connector_types_normalized"": ""CCS;CHAdeMO"", ""data_provider"": ""Open Charge Map"", ""is_operational"": true, ""last_verified"": ""2026-03-15T08:37:00Z"", ""number_of_plugs"": null, ""operator"": ""NRMA"", ""plug_types"": ""CCS (Type 2); CHAdeMO"", ""power_kw_max"": null, ""power_kw_min"": null, ""power_kw_values"": [], ""power_scope"": ""dc_indicated_connection_ratings"", ""status"": ""Operational"", ""usage_cost"": """"}",True,2,1,,source address and original postcode conflict; external postcode conflicts with source; address evidence is inconsistent; candidate does not pass the automatic identity gate,,True,unmatched,unmatched,,,,,,,{},,0,0,,,,True,unmatched,unmatched,,,,,,,{},,0,0,,,,True,review,review,,,OCM,OCM: source address and original postcode conflict; external postcode conflicts with source; address evidence is inconsistent; candidate does not pass the automatic identity gate,,no,,{},{},0,"[{""binding"": ""same source address and OCM ID; search evidence only"", ""conclusion"": ""web_evidence_found_not_identity_proof"", ""file"": ""data/reference/web_review/task3_ocm_125_web_confidence.csv"", ""page_opened"": false, ""reported_confidence"": ""low"", ""url"": ""https://ev-charging.rollersoft.com.au/state/act""}]"
833,,,"Cnr Herring & Waterloo Road, North Ryde NSW 2113",Evie Networks,4,DC,50 kW,-33.776893,151.122247,"Ryde, Council of the City of",2113,ARENA - Driving the Nation,0,0,0,0,0,0,0,0,0,0,0,0,0,0,0,0,0,0,0,0,0,0,0,0,0,0,0,0,0,0,0,4,0,0,0,0,0,0,0,0,Sydney - Ryde,126,2113,review,coordinate_only,109.2387655096549,0.2142857142857143,150032,"Macquarie Supercharger, 2113",Macquarie Supercharger,Tesla (Tesla-only charging),"{""charger_capacities"": ""150 kW"", ""charging_point_count"": 10.0, ""connector_types_normalized"": ""CCS"", ""data_provider"": ""Open Charge Map"", ""is_operational"": true, ""last_verified"": ""2021-11-16T10:07:00Z"", ""number_of_plugs"": null, ""operator"": ""Tesla (Tesla-only charging)"", ""plug_types"": ""CCS (Type 2)"", ""power_kw_max"": 150.0, ""power_kw_min"": 150.0, ""power_kw_values"": [150.0], ""power_scope"": ""dc_indicated_connection_ratings"", ""status"": ""Operational"", ""usage_cost"": ""AUD 0.42/kWh;other tariffs for older cars""}",True,2,2,63.38944557085462,address evidence is inconsistent; candidate does not pass the automatic identity gate,,False,review,coordinate_only,196.98892852457445,0.0,https://www.openstreetmap.org/node/9536966801,,,Evie Networks,"{""access_condition"": ""Free Access"", ""allows_card_payment"": false, ""allows_reservation"": false, ""charging_point_count"": 4, ""charging_point_count_raw"": 4, ""connector_types_normalized"": ""CCS"", ""data_provider"": ""OpenStreetMap"", ""is_free"": false, ""network"": """", ""number_of_plugs"": null, ""opening_hours"": """", ""power_kw_max"": null, ""power_kw_min"": null, ""power_scope"": ""station_reported_maximum"", ""pricing_info"": """"}",True,1,1,,candidate does not pass the automatic identity gate,,False,unmatched,unmatched,,,,,,,{},,0,0,,,,False,review,review,,,OCM;OSM,OCM: address evidence is inconsistent; candidate does not pass the automatic identity gate; OSM: candidate does not pass the automatic identity gate,,no,,{},{},0,[]
857,,,"Gardeners Road, Sydney NSW 2020",JOLT,2,DC,25 kW,-33.92049354,151.1907497,"Sydney, Council of the City of",2020,Existing Fast Chargers,0,0,0,0,0,0,0,0,0,0,0,0,0,0,0,0,0,0,0,0,0,0,2,0,0,0,0,0,0,0,0,0,0,0,0,0,0,0,0,0,Sydney - City and Inner South,117,2020,unmatched,unmatched,,,,,,,{},,0,0,,,,False,review,coordinate_only,36.39240285675308,0.0,https://www.openstreetmap.org/node/10863588015,,,Jolt,"{""access_condition"": ""Free Access"", ""allows_card_payment"": false, ""allows_reservation"": false, ""charging_point_count"": 2, ""charging_point_count_raw"": 2, ""connector_types_normalized"": ""CCS;CHAdeMO"", ""data_provider"": ""OpenStreetMap"", ""is_free"": false, ""network"": """", ""number_of_plugs"": null, ""opening_hours"": """", ""power_kw_max"": null, ""power_kw_min"": null, ""power_scope"": ""station_reported_maximum"", ""pricing_info"": """"}",True,1,1,,external ID https://www.openstreetmap.org/node/10863588015 is shared by distinct source sites,,False,unmatched,unmatched,,,,,,,{},,0,0,,,,False,review,review,,,OSM,OSM: external ID https://www.openstreetmap.org/node/10863588015 is shared by distinct source sites,,no,,{},{},0,"[{""binding"": ""source_address_only; external identity not verified"", ""conclusion"": """", ""file"": ""data/reference/web_review/task3_104_non_ocm_web_verified.csv"", ""page_opened"": true, ""reported_confidence"": ""high"", ""url"": ""https://ev-charging-stations.com.au/chargers/nsw/eastlakes""}]"
858,,,"Gardeners Road, Sydney NSW 2020",JOLT,2,DC,25 kW,-33.92059364,151.1914745,"Sydney, Council of the City of",2020,Existing Fast Chargers,0,0,0,0,0,0,0,0,0,0,0,0,0,0,0,0,0,0,0,0,0,0,2,0,0,0,0,0,0,0,0,0,0,0,0,0,0,0,0,0,Sydney - City and Inner South,117,2020,unmatched,unmatched,,,,,,,{},,0,0,,,,False,review,coordinate_only,31.418634701048816,0.0,https://www.openstreetmap.org/node/10863588015,,,Jolt,"{""access_condition"": ""Free Access"", ""allows_card_payment"": false, ""allows_reservation"": false, ""charging_point_count"": 2, ""charging_point_count_raw"": 2, ""connector_types_normalized"": ""CCS;CHAdeMO"", ""data_provider"": ""OpenStreetMap"", ""is_free"": false, ""network"": """", ""number_of_plugs"": null, ""opening_hours"": """", ""power_kw_max"": null, ""power_kw_min"": null, ""power_scope"": ""station_reported_maximum"", ""pricing_info"": """"}",True,1,1,,external ID https://www.openstreetmap.org/node/10863588015 is shared by distinct source sites,,False,unmatched,unmatched,,,,,,,{},,0,0,,,,False,review,review,,,OSM,OSM: external ID https://www.openstreetmap.org/node/10863588015 is shared by distinct source sites,,no,,{},{},0,"[{""binding"": ""source_address_only; external identity not verified"", ""conclusion"": """", ""file"": ""data/reference/web_review/task3_104_non_ocm_web_verified.csv"", ""page_opened"": true, ""reported_confidence"": ""high"", ""url"": ""https://ev-charging-stations.com.au/chargers/nsw/eastlakes""}]"
883,,,"Kable Avenue, Tamworth NSW 2340",NRMA Electric,2,DC,50 kW,-31.0903554,150.9274134,Tamworth Regional Council,2340,Existing Fast Chargers,0,0,0,0,0,0,0,0,0,0,0,0,0,0,0,0,0,0,0,0,0,0,0,0,0,0,0,0,0,0,0,2,0,0,0,0,0,0,0,0,New England and North West,110,2340,review,coordinate_only,256.27459001743915,0.3222222222222222,312659,"Cooper Lane, Tamworth, NSW, 2340",Evie 300kW Charger,Evie,"{""charger_capacities"": ""22 kW; 300 kW"", ""charging_point_count"": 1.0, ""connector_types_normalized"": ""CCS;Type2"", ""data_provider"": ""Open Charge Map"", ""is_operational"": true, ""last_verified"": ""2025-05-20T02:24:00Z"", ""number_of_plugs"": null, ""operator"": ""Evie"", ""plug_types"": ""CCS (Type 2); Type 2 (Socket Only)"", ""power_kw_max"": 300.0, ""power_kw_min"": 300.0, ""power_kw_values"": [300.0], ""power_scope"": ""dc_indicated_connection_ratings"", ""status"": ""Operational"", ""usage_cost"": ""63c""}",True,1,1,,address evidence is inconsistent; candidate does not pass the automatic identity gate,,False,unmatched,unmatched,,,,,,,{},,0,0,,,,False,unmatched,unmatched,,,,,,,{},,0,0,,,,False,review,review,,,OCM,OCM: address evidence is inconsistent; candidate does not pass the automatic identity gate,,no,,{},{},0,"[{""binding"": ""same source address and OCM ID; search evidence only"", ""conclusion"": ""web_evidence_found_not_identity_proof"", ""file"": ""data/reference/web_review/task3_ocm_125_web_confidence.csv"", ""page_opened"": true, ""reported_confidence"": ""high"", ""url"": ""https://geelytamworth.com.au/""}]"
886,,,"Kintore Headframe Car Park, 51 Bromide Street, Broken Hill NSW 2880",NRMA Electric,2,DC,50 kW,-31.557857,143.3855021,Broken Hill City Council,2880,TfNSW Regional,0,0,0,0,0,0,0,0,0,0,0,0,0,0,0,0,0,0,0,0,0,0,0,0,0,0,0,0,0,0,0,2,0,0,0,0,0,0,0,0,Far West and Orana,105,2836,review,coordinate_only,56.87538823495001,0.3728444802578566,190678,"1-7 Ross St, Wilcannia, New South Wales, 2836",Wilcannia [NRMA],NRMA,"{""charger_capacities"": ""75 kW"", ""charging_point_count"": 1.0, ""connector_types_normalized"": ""CCS;CHAdeMO"", ""data_provider"": ""Open Charge Map"", ""is_operational"": true, ""last_verified"": ""2022-05-04T03:08:00Z"", ""number_of_plugs"": null, ""operator"": ""NRMA"", ""plug_types"": ""CCS (Type 2); CHAdeMO"", ""power_kw_max"": 75.0, ""power_kw_min"": 75.0, ""power_kw_values"": [75.0], ""power_scope"": ""dc_indicated_connection_ratings"", ""status"": ""Operational"", ""usage_cost"": """"}",True,2,1,,source address and original postcode conflict; external postcode conflicts with source; house numbers conflict; address evidence is inconsistent; candidate does not pass the automatic identity gate,,True,unmatched,unmatched,,,,,,,{},,0,0,,,,True,unmatched,unmatched,,,,,,,{},,0,0,,,,True,review,review,,,OCM,OCM: source address and original postcode conflict; external postcode conflicts with source; house numbers conflict; address evidence is inconsistent; candidate does not pass the automatic identity gate,,no,,{},{},0,"[{""binding"": ""same source address and OCM ID; search evidence only"", ""conclusion"": ""not_verified"", ""file"": ""data/reference/web_review/task3_ocm_125_web_confidence.csv"", ""page_opened"": false, ""reported_confidence"": ""low"", ""url"": """"}]"
890,,,"Lake Haven Drive, Lake Haven NSW 2263",Engie,2,DC,150 kW,-33.2445959,151.498974,Camden Council,2263,ARENA - Driving the Nation,0,0,0,0,0,0,0,2,0,0,0,0,0,0,0,0,0,0,0,0,0,0,0,0,0,0,0,0,0,0,0,0,0,0,0,0,0,0,0,0,Central Coast,102,2263,review,fuzzy_address_only,580.9281647912666,0.9,272708,"Lake Haven Drive, Lake Haven, New South Wales, 2263",ENGIE - Lake Haven Centre,Chargefox,"{""charger_capacities"": ""120 kW"", ""charging_point_count"": 2.0, ""connector_types_normalized"": ""CCS"", ""data_provider"": ""Open Charge Map"", ""is_operational"": true, ""last_verified"": ""2023-07-17T12:19:00Z"", ""number_of_plugs"": null, ""operator"": ""Chargefox"", ""plug_types"": ""CCS (Type 2)"", ""power_kw_max"": 120.0, ""power_kw_min"": 120.0, ""power_kw_values"": [120.0], ""power_scope"": ""dc_indicated_connection_ratings"", ""status"": ""Operational"", ""usage_cost"": """"}",True,1,0,,address evidence is street-level only; address-only match; coordinates exceed 500 m,,False,unmatched,unmatched,,,,,,,{},,0,0,,,,False,unmatched,unmatched,,,,,,,{},,0,0,,,,False,review,review,,,OCM,OCM: address evidence is street-level only; address-only match; coordinates exceed 500 m,,no,,{},{},0,"[{""binding"": ""same source address and OCM ID; search evidence only"", ""conclusion"": ""address_supported_manual_review"", ""file"": ""data/reference/web_review/task3_ocm_125_web_confidence.csv"", ""page_opened"": false, ""reported_confidence"": ""medium"", ""url"": ""https://www.mtcfutureready.org.au/wp-content/uploads/2026/04/MTC-SEE-Referrer-Guide-for-WFA-IEA-TTW-and-Parent-Pathways-Providers.pdf; https://www.lakehavencentre.com.au/directions/parkings""}]"
898,,,"M4 Motorway Westbound, Sydney NSW 2766",Ampol,10,DC,400 kW,-33.80214519,150.8802132,Blacktown City Council,2766,Existing Fast Chargers,0,0,0,0,0,0,0,0,0,0,0,0,0,0,0,0,0,0,0,0,0,0,0,0,0,0,0,10,0,0,0,0,0,0,0,0,0,0,0,0,Sydney - Blacktown,116,2766,unmatched,unmatched,,,,,,,{},,0,0,,,,False,review,coordinate_only,123.38645196167494,0.0,https://www.openstreetmap.org/node/13371885230,,,AmpCharge,"{""access_condition"": ""Free Access"", ""allows_card_payment"": false, ""allows_reservation"": false, ""charging_point_count"": 10, ""charging_point_count_raw"": 10, ""connector_types_normalized"": ""CCS"", ""data_provider"": ""OpenStreetMap"", ""is_free"": false, ""network"": """", ""number_of_plugs"": null, ""opening_hours"": """", ""power_kw_max"": null, ""power_kw_min"": null, ""power_scope"": ""station_reported_maximum"", ""pricing_info"": """"}",True,1,1,,candidate does not pass the automatic identity gate,,False,unmatched,unmatched,,,,,,,{},,0,0,,,,False,review,review,,,OSM,OSM: candidate does not pass the automatic identity gate,,no,,{},{},0,"[{""binding"": ""source_address_only; external identity not verified"", ""conclusion"": """", ""file"": ""data/reference/web_review/task3_104_non_ocm_web_verified.csv"", ""page_opened"": false, ""reported_confidence"": ""medium"", ""url"": ""https://www.chargeroute.au/chargers/nsw/ampol-sydney-sydney-7""}]"
931,,,"Pole Lane, Sydney NSW 2065",Evie Networks,4,DC,75 kW,-33.82462167,151.1997668,North Sydney Council,2065,Existing Fast Chargers,0,0,0,0,0,0,0,0,0,0,0,0,0,0,0,0,0,0,0,0,0,0,0,0,0,0,0,0,0,0,0,0,0,0,0,4,0,0,0,0,Sydney - North Sydney and Hornsby,121,2065,review,coordinate_only,418.84848376956006,0.31222222222222223,272632,"88 Christie St, St Leonards, NSW, 2065",Civic Plaza 88 Christie,Evie,"{""charger_capacities"": ""50 kW"", ""charging_point_count"": 2.0, ""connector_types_normalized"": ""CCS;CHAdeMO"", ""data_provider"": ""Open Charge Map"", ""is_operational"": true, ""last_verified"": ""2023-07-15T12:12:00Z"", ""number_of_plugs"": null, ""operator"": ""Evie"", ""plug_types"": ""CCS (Type 2); CHAdeMO"", ""power_kw_max"": 50.0, ""power_kw_min"": 50.0, ""power_kw_values"": [50.0], ""power_scope"": ""dc_indicated_connection_ratings"", ""status"": ""Operational"", ""usage_cost"": """"}",True,1,1,,address evidence is inconsistent; candidate does not pass the automatic identity gate,,False,review,coordinate_only,20.925587158815887,0.0,https://www.openstreetmap.org/node/13059026685,,,Evie Networks,"{""access_condition"": ""Free Access"", ""allows_card_payment"": false, ""allows_reservation"": false, ""charging_point_count"": 4, ""charging_point_count_raw"": 4, ""connector_types_normalized"": ""CCS"", ""data_provider"": ""OpenStreetMap"", ""is_free"": false, ""network"": """", ""number_of_plugs"": null, ""opening_hours"": """", ""power_kw_max"": null, ""power_kw_min"": null, ""power_scope"": ""station_reported_maximum"", ""pricing_info"": """"}",True,2,2,326.7207242925149,external ID https://www.openstreetmap.org/node/13059026685 is shared by distinct source sites,,False,review,coordinate_only,460.5354317896542,0.4457264957264957,15d06bf5-6b4a-425d-9312-bae4b17cc22b-1993,"1 Plunkett St, New South Wales, St Leonards, NSW 2065",Willoughby City Council - Plunkett St,,"{""connector_types_normalized"": ""CCS"", ""data_provider"": ""Charge@Large"", ""dc_port_count"": 2, ""number_of_plugs"": null, ""power_kw_max"": 50.0, ""power_kw_min"": 50.0, ""power_kw_values"": [50.0], ""power_scope"": ""dc_indicated_ports"", ""site_power_range_raw"": ""50"", ""status_counts"": {""Available"": 2}, ""status_observed_at"": null, ""total_port_count"": 2}",True,1,1,,address evidence is inconsistent; candidate does not pass the automatic identity gate,,False,review,review,,,OCM;OSM;Charge@Large,OCM: address evidence is inconsistent; candidate does not pass the automatic identity gate; OSM: external ID https://www.openstreetmap.org/node/13059026685 is shared by distinct source sites; Charge@Large: address evidence is inconsistent; candidate does not pass the automatic identity gate,,no,,{},{},0,"[{""binding"": ""same source address and OCM ID; search evidence only"", ""conclusion"": ""web_evidence_found_not_identity_proof"", ""file"": ""data/reference/web_review/task3_ocm_125_web_confidence.csv"", ""page_opened"": true, ""reported_confidence"": ""high"", ""url"": ""https://www.plugroo.com.au/nsw/north-sydney""}]"
937,,,"Prospect Street, Holbrook NSW 2644",NRMA Electric,2,DC,50 kW,-35.7181522,147.316019,Greater Hume Shire Council,2644,Existing Fast Chargers,0,0,0,0,0,0,0,0,0,0,0,0,0,0,0,0,0,0,0,0,0,0,0,0,0,0,0,0,0,0,0,2,0,0,0,0,0,0,0,0,Murray,109,2644,review,coordinate_only,174.37769186541783,0.6903508771929825,190359,"Submarine Park, 7 Prospect Street, Holbrook, NSW",Holbrook [NRMA],NRMA,"{""charger_capacities"": ""50 kW"", ""charging_point_count"": 1.0, ""connector_types_normalized"": ""CCS;CHAdeMO"", ""data_provider"": ""Open Charge Map"", ""is_operational"": true, ""last_verified"": ""2021-12-19T02:24:00Z"", ""number_of_plugs"": null, ""operator"": ""NRMA"", ""plug_types"": ""CCS (Type 2); CHAdeMO"", ""power_kw_max"": 50.0, ""power_kw_min"": 50.0, ""power_kw_values"": [50.0], ""power_scope"": ""dc_indicated_connection_ratings"", ""status"": ""Operational"", ""usage_cost"": """"}",True,1,1,,address evidence is inconsistent; candidate does not pass the automatic identity gate,,False,review,coordinate_only,171.18446188936008,0.0,https://www.openstreetmap.org/node/6749392356,,,NRMA,"{""access_condition"": ""Free Access"", ""allows_card_payment"": false, ""allows_reservation"": false, ""charging_point_count"": 4, ""charging_point_count_raw"": 4, ""connector_types_normalized"": ""CCS"", ""data_provider"": ""OpenStreetMap"", ""is_free"": false, ""network"": """", ""number_of_plugs"": null, ""opening_hours"": """", ""power_kw_max"": null, ""power_kw_min"": null, ""power_scope"": ""station_reported_maximum"", ""pricing_info"": """"}",True,1,1,,candidate does not pass the automatic identity gate,,False,unmatched,unmatched,,,,,,,{},,0,0,,,,False,review,review,,,OCM;OSM,OCM: address evidence is inconsistent; candidate does not pass the automatic identity gate; OSM: candidate does not pass the automatic identity gate,,no,,{},{},0,"[{""binding"": ""same source address and OCM ID; search evidence only"", ""conclusion"": ""web_evidence_found_not_identity_proof"", ""file"": ""data/reference/web_review/task3_ocm_125_web_confidence.csv"", ""page_opened"": true, ""reported_confidence"": ""high"", ""url"": ""https://ev-charging-stations.com.au/chargers/nsw/holbrook""}]"
954,,,"Skillman'S Lane, Coonamble NSW 2829",NRMA Electric,4,DC,50 kW,-34.8411047,148.912197,Coonamble Shire Council,2829,TfNSW Regional,0,0,0,0,0,0,0,0,0,0,0,0,0,0,0,0,0,0,0,0,0,0,0,0,0,0,0,0,0,0,0,4,0,0,0,0,0,0,0,0,Capital Region,101,2582,review,coordinate_only,22.813150617495857,0.32,190005,"81 Meehan Street, Yass, New South Wales, 2582",Banjo Paterson Park [NRMA],NRMA,"{""charger_capacities"": ""50 kW"", ""charging_point_count"": 1.0, ""connector_types_normalized"": ""CCS;CHAdeMO"", ""data_provider"": ""Open Charge Map"", ""is_operational"": true, ""last_verified"": ""2021-12-19T02:14:00Z"", ""number_of_plugs"": null, ""operator"": ""NRMA"", ""plug_types"": ""CCS (Type 2); CHAdeMO"", ""power_kw_max"": 50.0, ""power_kw_min"": 50.0, ""power_kw_values"": [50.0], ""power_scope"": ""dc_indicated_connection_ratings"", ""status"": ""Operational"", ""usage_cost"": ""FREE""}",True,2,2,324.01066996749915,source address and original postcode conflict; external postcode conflicts with source; address evidence is inconsistent; candidate does not pass the automatic identity gate,,True,review,coordinate_only,23.18395170060744,0.0,https://www.openstreetmap.org/node/7816558586,,,NRMA,"{""access_condition"": ""Free Access"", ""allows_card_payment"": false, ""allows_reservation"": false, ""charging_point_count"": 2, ""charging_point_count_raw"": 2, ""connector_types_normalized"": ""CHAdeMO"", ""data_provider"": ""OpenStreetMap"", ""is_free"": true, ""network"": """", ""number_of_plugs"": null, ""opening_hours"": """", ""power_kw_max"": 100.0, ""power_kw_min"": null, ""power_scope"": ""station_reported_maximum"", ""pricing_info"": """"}",True,3,3,309.1193962400524,source address and original postcode conflict; candidate does not pass the automatic identity gate,,True,unmatched,unmatched,,,,,,,{},,0,0,,,,True,review,review,,,OCM;OSM,OCM: source address and original postcode conflict; external postcode conflicts with source; address evidence is inconsistent; candidate does not pass the automatic identity gate; OSM: source address and original postcode conflict; candidate does not pass the automatic identity gate,,no,,{},{},0,"[{""binding"": ""same source address and OCM ID; search evidence only"", ""conclusion"": ""web_evidence_found_not_identity_proof"", ""file"": ""data/reference/web_review/task3_ocm_125_web_confidence.csv"", ""page_opened"": false, ""reported_confidence"": ""medium"", ""url"": ""https://www.chargeroute.au/chargers/nsw/evie-murrumbateman-murrumbateman""}]"
968,,,"Valder Way, Pine Gully Road, Charles Sturt University NSW 2678",Exploren,2,DC,120 kW,-35.05693398,147.3512593,Wagga Wagga City Council,2678,Existing Fast Chargers,0,0,2,0,0,0,0,0,0,0,0,0,0,0,0,0,0,0,0,0,0,0,0,0,0,0,0,0,0,0,0,0,0,0,0,0,0,0,0,0,Riverina,113,2678,unmatched,unmatched,,,,,,,{},,0,0,,,,False,review,coordinate_only,350.7822083013445,0.0,https://www.openstreetmap.org/node/12885058151,,,Exploren,"{""access_condition"": ""Free Access"", ""allows_card_payment"": false, ""allows_reservation"": false, ""charging_point_count"": null, ""charging_point_count_raw"": null, ""connector_types_normalized"": ""CCS"", ""data_provider"": ""OpenStreetMap"", ""is_free"": false, ""network"": """", ""number_of_plugs"": null, ""opening_hours"": """", ""power_kw_max"": null, ""power_kw_min"": null, ""power_scope"": ""station_reported_maximum"", ""pricing_info"": """"}",True,1,1,,candidate does not pass the automatic identity gate,,False,unmatched,unmatched,,,,,,,{},,0,0,,,,False,review,review,,,OSM,OSM: candidate does not pass the automatic identity gate,,no,,{},{},0,[]
974,,,"Western Motorway, Sydney NSW 2766",Ampol,15,DC,240 kW,-33.80154859,150.886,Blacktown City Council,2766,Existing Fast Chargers,0,0,0,0,0,0,0,0,0,0,0,0,0,0,0,0,0,0,0,15,0,0,0,0,0,0,0,0,0,0,0,0,0,0,0,0,0,0,0,0,Sydney - Blacktown,116,2766,unmatched,unmatched,,,,,,,{},,0,0,,,,False,review,coordinate_only,168.55368362739804,0.0,https://www.openstreetmap.org/node/13036304448,,,AmpCharge,"{""access_condition"": ""Free Access"", ""allows_card_payment"": false, ""allows_reservation"": false, ""charging_point_count"": 10, ""charging_point_count_raw"": 10, ""connector_types_normalized"": ""CCS;CHAdeMO"", ""data_provider"": ""OpenStreetMap"", ""is_free"": false, ""network"": """", ""number_of_plugs"": null, ""opening_hours"": """", ""power_kw_max"": null, ""power_kw_min"": null, ""power_scope"": ""station_reported_maximum"", ""pricing_info"": """"}",True,2,2,254.2407631532689,candidate does not pass the automatic identity gate,,False,unmatched,unmatched,,,,,,,{},,0,0,,,,False,review,review,,,OSM,OSM: candidate does not pass the automatic identity gate,,no,,{},{},0,"[{""binding"": ""source_address_only; external identity not verified"", ""conclusion"": """", ""file"": ""data/reference/web_review/task3_104_non_ocm_web_verified.csv"", ""page_opened"": false, ""reported_confidence"": ""medium"", ""url"": ""https://www.chargeroute.au/chargers/nsw/ampol-sydney-sydney-10""}]"
1035,411.0,Evie Networks,"92 Houston Road, Kingsford NSW 2032",Evie Networks,2,DC,50 kW,-33.9242319,151.2266791,,2032,,0,0,0,0,0,0,0,0,0,0,0,0,0,0,0,0,0,0,0,0,0,0,0,0,0,0,0,0,0,0,0,2,0,0,0,0,0,0,0,0,Sydney - Eastern Suburbs,118,,unmatched,unmatched,,,,,,,{},,0,0,,,,False,review,coordinate_only,497.90550949317947,0.0,https://www.openstreetmap.org/node/13206142331,,,bp pulse,"{""access_condition"": ""Free Access"", ""allows_card_payment"": false, ""allows_reservation"": false, ""charging_point_count"": 2, ""charging_point_count_raw"": 2, ""connector_types_normalized"": ""CCS"", ""data_provider"": ""OpenStreetMap"", ""is_free"": false, ""network"": ""bp pulse"", ""number_of_plugs"": null, ""opening_hours"": """", ""power_kw_max"": null, ""power_kw_min"": null, ""power_scope"": ""station_reported_maximum"", ""pricing_info"": """"}",True,1,1,,candidate does not pass the automatic identity gate,,False,unmatched,unmatched,,,,,,,{},,0,0,,,,False,review,review,,,OSM,OSM: candidate does not pass the automatic identity gate,,no,,{},{},0,"[{""binding"": ""source_address_only; external identity not verified"", ""conclusion"": """", ""file"": ""data/reference/web_review/task3_104_non_ocm_web_verified.csv"", ""page_opened"": true, ""reported_confidence"": ""low"", ""url"": ""https://www.realestate.com.au/property/92-houston-rd-kingsford-nsw-2032""}]"
1088,706.0,,"19 Princes Highway, Figtree NSW 2525",Tesla Motors,6,DC,2x350kW & 2x175kW,-34.4366153,150.8632982,,2525,,0,0,0,0,0,0,0,0,0,0,2,0,0,0,0,0,0,0,0,0,0,0,0,0,0,2,0,0,0,0,0,0,0,0,0,0,0,0,0,0,Illawarra,107,,review,coordinate_only,151.10600322364604,0.36774461028192373,171646,"Figtree Grove Shopping Centre, The Avenue, Figtree, New South Wales, 2525",Wollongong Supercharger,Tesla (including non-tesla),"{""charger_capacities"": ""250 kW"", ""charging_point_count"": 6.0, ""connector_types_normalized"": ""CCS"", ""data_provider"": ""Open Charge Map"", ""is_operational"": true, ""last_verified"": ""2023-08-30T06:17:00Z"", ""number_of_plugs"": null, ""operator"": ""Tesla (including non-tesla)"", ""plug_types"": ""CCS (Type 2)"", ""power_kw_max"": 250.0, ""power_kw_min"": 250.0, ""power_kw_values"": [250.0], ""power_scope"": ""dc_indicated_connection_ratings"", ""status"": ""Operational"", ""usage_cost"": ""$0.69/kWh""}",True,1,1,,address evidence is inconsistent; candidate does not pass the automatic identity gate,,False,review,coordinate_only,134.28024474513145,0.0,https://www.openstreetmap.org/node/10815562193,,Wollongong Supercharger,Tesla,"{""access_condition"": ""Free Access"", ""allows_card_payment"": false, ""allows_reservation"": false, ""charging_point_count"": 4, ""charging_point_count_raw"": 4, ""connector_types_normalized"": ""CCS"", ""data_provider"": ""OpenStreetMap"", ""is_free"": false, ""network"": ""Supercharger"", ""number_of_plugs"": null, ""opening_hours"": ""24/7"", ""power_kw_max"": null, ""power_kw_min"": null, ""power_scope"": ""station_reported_maximum"", ""pricing_info"": """"}",True,1,1,,candidate does not pass the automatic identity gate,,False,unmatched,unmatched,,,,,,,{},,0,0,,,,False,review,review,,,OCM;OSM,OCM: address evidence is inconsistent; candidate does not pass the automatic identity gate; OSM: candidate does not pass the automatic identity gate,,no,,{},{},0,[]
1298,,,"173 Canterbury Road, Bankstown NSW 2200",Tesla,6,DC,175 kW,-33.9336017,151.0299345,Canterbury Bankstown Council,2200,Fast Charging R1,0,0,0,0,0,0,0,0,0,0,6,0,0,0,0,0,0,0,0,0,0,0,0,0,0,0,0,0,0,0,0,0,0,0,0,0,0,0,0,0,Sydney - Inner South West,119,2200,review,coordinate_only,137.94298302376296,0.4391304347826087,308738,"Chapel Road, Bankstown, NSW",Tesla Supercharger Bankstown,Tesla (including non-tesla),"{""charger_capacities"": ""250 kW"", ""charging_point_count"": 6.0, ""connector_types_normalized"": ""CCS"", ""data_provider"": ""Open Charge Map"", ""is_operational"": true, ""last_verified"": ""2025-03-04T03:29:00Z"", ""number_of_plugs"": null, ""operator"": ""Tesla (including non-tesla)"", ""plug_types"": ""CCS (Type 2)"", ""power_kw_max"": 250.0, ""power_kw_min"": 250.0, ""power_kw_values"": [250.0], ""power_scope"": ""dc_indicated_connection_ratings"", ""status"": ""Operational"", ""usage_cost"": ""$0.69/kWh""}",True,2,2,39.71048871388646,address evidence is inconsistent; candidate does not pass the automatic identity gate,,False,review,coordinate_only,168.2569404186566,0.0,https://www.openstreetmap.org/node/12560173013,,Bankstown Supercharger,Tesla,"{""access_condition"": ""Free Access"", ""allows_card_payment"": false, ""allows_reservation"": false, ""charging_point_count"": 6, ""charging_point_count_raw"": 6, ""connector_types_normalized"": ""CCS"", ""data_provider"": ""OpenStreetMap"", ""is_free"": false, ""network"": ""Supercharger"", ""number_of_plugs"": null, ""opening_hours"": ""24/7"", ""power_kw_max"": null, ""power_kw_min"": null, ""power_scope"": ""station_reported_maximum"", ""pricing_info"": """"}",True,2,2,4.504608864160275,another coordinate candidate is similarly close; multiple candidates have similar evidence; candidate does not pass the automatic identity gate,,False,review,coordinate_only,430.3341095817915,0.1706521739130435,15d06bf5-6b4a-425d-9312-bae4b17cc22b-2587,"44 Gibson Ave, Padstow, NSW 2211",RideLender Padstow,,"{""connector_types_normalized"": ""CCS"", ""data_provider"": ""Charge@Large"", ""dc_port_count"": 4, ""number_of_plugs"": null, ""power_kw_max"": 60.0, ""power_kw_min"": 60.0, ""power_kw_values"": [60.0], ""power_scope"": ""dc_indicated_ports"", ""site_power_range_raw"": ""60"", ""status_counts"": {""Available"": 4}, ""status_observed_at"": null, ""total_port_count"": 4}",True,1,1,,external postcode conflicts with source; house numbers conflict; address evidence is inconsistent; candidate does not pass the automatic identity gate,,False,review,review,,,OCM;OSM;Charge@Large,OCM: address evidence is inconsistent; candidate does not pass the automatic identity gate; OSM: another coordinate candidate is similarly close; multiple candidates have similar evidence; candidate does not pass the automatic identity gate; Charge@Large: external postcode conflicts with source; house numbers conflict; address evidence is inconsistent; candidate does not pass the automatic identity gate,,no,,{},{},0,"[{""binding"": ""same source address and OCM ID; search evidence only"", ""conclusion"": ""web_evidence_found_not_identity_proof"", ""file"": ""data/reference/web_review/task3_ocm_125_web_confidence.csv"", ""page_opened"": false, ""reported_confidence"": ""medium"", ""url"": ""https://plugroo.com.au/location/supercharger-nsw-bankstown-173-canterbury-road""}]"
1417,,,25 Danks Street Waterloo NSW 2017,Tesla,8,DC,175 kW,-33.898174,151.2117721,"Sydney, Council of the City of",2017,Fast Charging R1,0,0,0,0,0,0,0,0,0,0,8,0,0,0,0,0,0,0,0,0,0,0,0,0,0,0,0,0,0,0,0,0,0,0,0,0,0,0,0,0,Sydney - City and Inner South,117,2017,unmatched,unmatched,,,,,,,{},,0,0,,,,False,review,coordinate_only,175.99223139680686,0.0,https://www.openstreetmap.org/node/13167181353,,Waterloo Supercharger,Tesla,"{""access_condition"": ""Free Access"", ""allows_card_payment"": false, ""allows_reservation"": false, ""charging_point_count"": 8, ""charging_point_count_raw"": 8, ""connector_types_normalized"": ""CCS"", ""data_provider"": ""OpenStreetMap"", ""is_free"": false, ""network"": ""Supercharger"", ""number_of_plugs"": null, ""opening_hours"": ""24/7"", ""power_kw_max"": null, ""power_kw_min"": null, ""power_scope"": ""station_reported_maximum"", ""pricing_info"": """"}",True,1,1,,candidate does not pass the automatic identity gate,,False,unmatched,unmatched,,,,,,,{},,0,0,,,,False,review,review,,,OSM,OSM: candidate does not pass the automatic identity gate,,no,,{},{},0,"[{""binding"": ""source_address_only; external identity not verified"", ""conclusion"": """", ""file"": ""data/reference/web_review/task3_104_non_ocm_web_verified.csv"", ""page_opened"": false, ""reported_confidence"": ""low"", ""url"": ""https://eplanning.cityofsydney.nsw.gov.au/Common/Integration/FileDownload.ashx?ext=PDF&filesize=136259&id=%21%21tKKaj6VVtpSOun9l%2F1ODcynvqK%2FqCAluQQ727A%3D%3DvZehleitmA%3D%3D&modified=2014-01-06T00%3A37%3A56Z""}]"
1431,,,"260 Victoria Avenue, Chatswood NSW 2067",Tesla,8,DC,175 kW,-33.7949453,151.188291,Willoughby City Council,2067,Fast Charging R1,0,0,0,0,0,0,0,0,0,0,8,0,0,0,0,0,0,0,0,0,0,0,0,0,0,0,0,0,0,0,0,0,0,0,0,0,0,0,0,0,Sydney - North Sydney and Hornsby,121,2067,review,coordinate_only,172.0831475356262,0.876923076923077,266872,"345 Victoria Avenue, Chatswood, NSW, 2067",Chatswood Chase Chargefox,Chargefox,"{""charger_capacities"": ""120 kW"", ""charging_point_count"": 2.0, ""connector_types_normalized"": ""CCS"", ""data_provider"": ""Open Charge Map"", ""is_operational"": true, ""last_verified"": ""2023-07-13T08:44:00Z"", ""number_of_plugs"": null, ""operator"": ""Chargefox"", ""plug_types"": ""CCS (Type 2)"", ""power_kw_max"": 120.0, ""power_kw_min"": 120.0, ""power_kw_values"": [120.0], ""power_scope"": ""dc_indicated_connection_ratings"", ""status"": ""Operational"", ""usage_cost"": ""$0.45/kWh""}",True,1,1,,house numbers conflict; address evidence is inconsistent; candidate does not pass the automatic identity gate,,False,unmatched,unmatched,,,,,,,{},,0,0,,,,False,review,coordinate_only,188.19270240351014,0.876923076923077,15d06bf5-6b4a-425d-9312-bae4b17cc22b-2543,"345 Victoria Ave, Chatswood, NSW 2067",Chatswood Chase,,"{""connector_types_normalized"": ""CCS"", ""data_provider"": ""Charge@Large"", ""dc_port_count"": 2, ""number_of_plugs"": null, ""power_kw_max"": 180.0, ""power_kw_min"": 180.0, ""power_kw_values"": [180.0], ""power_scope"": ""dc_indicated_ports"", ""site_power_range_raw"": ""7 - 180"", ""status_counts"": {""Available"": 1, ""Charging"": 1}, ""status_observed_at"": null, ""total_port_count"": 4}",True,3,3,77.37151851172322,house numbers conflict; address evidence is inconsistent; candidate does not pass the automatic identity gate,,False,review,review,,,OCM;Charge@Large,OCM: house numbers conflict; address evidence is inconsistent; candidate does not pass the automatic identity gate; Charge@Large: house numbers conflict; address evidence is inconsistent; candidate does not pass the automatic identity gate,,no,,{},{},0,[]
1445,,,"2-8 Turramurra Avenue, Turramurra NSW 2074",Evie Networks,4,DC,75 kW,-33.732342,151.1304142,Ku-ring-gai Council,2074,Kerbside Charging R1,0,0,0,0,0,0,0,0,0,0,0,0,0,0,0,0,0,0,0,0,0,0,0,0,0,0,0,0,0,0,0,0,0,0,0,4,0,0,0,0,Sydney - North Sydney and Hornsby,121,2074,unmatched,unmatched,,,,,,,{},,0,0,,,,False,unmatched,unmatched,,,,,,,{},,0,0,,,,False,review,coordinate_only,285.75970848451243,0.40666666666666673,15d06bf5-6b4a-425d-9312-bae4b17cc22b-1309,"5 Ray St, Turramurra, NSW 2074",Turramurra Library,,"{""connector_types_normalized"": ""CCS"", ""data_provider"": ""Charge@Large"", ""dc_port_count"": 2, ""number_of_plugs"": null, ""power_kw_max"": 40.0, ""power_kw_min"": 40.0, ""power_kw_values"": [40.0], ""power_scope"": ""dc_indicated_ports"", ""site_power_range_raw"": ""40"", ""status_counts"": {""Available"": 1, ""Charging"": 1}, ""status_observed_at"": null, ""total_port_count"": 2}",True,1,1,,house numbers conflict; address evidence is inconsistent; candidate does not pass the automatic identity gate,,False,review,review,,,Charge@Large,Charge@Large: house numbers conflict; address evidence is inconsistent; candidate does not pass the automatic identity gate,,no,,{},{},0,"[{""binding"": ""source_address_only; external identity not verified"", ""conclusion"": """", ""file"": ""data/reference/web_review/task3_104_non_ocm_web_verified.csv"", ""page_opened"": true, ""reported_confidence"": ""high"", ""url"": ""https://www.realestate.com.au/property/2-8-turramurra-ave-turramurra-nsw-2074/""}]"
1523,,,"392 Manns Road, West Gosford NSW 2250",Tesla,12,DC,175 kW,-33.4258966,151.3205356,Central Coast Council,2250,Fast Charging R1,0,0,0,0,0,0,0,0,0,0,12,0,0,0,0,0,0,0,0,0,0,0,0,0,0,0,0,0,0,0,0,0,0,0,0,0,0,0,0,0,Central Coast,102,2250,unmatched,unmatched,,,,,,,{},,0,0,,,,False,review,coordinate_only,105.96286581023199,0.0,https://www.openstreetmap.org/node/12167451932,,Tesla Supercharger,Tesla,"{""access_condition"": ""Free Access"", ""allows_card_payment"": false, ""allows_reservation"": false, ""charging_point_count"": 12, ""charging_point_count_raw"": 12, ""connector_types_normalized"": ""CCS"", ""data_provider"": ""OpenStreetMap"", ""is_free"": false, ""network"": ""Tesla Supercharger"", ""number_of_plugs"": null, ""opening_hours"": """", ""power_kw_max"": null, ""power_kw_min"": null, ""power_scope"": ""station_reported_maximum"", ""pricing_info"": """"}",True,2,2,92.6922415966732,candidate does not pass the automatic identity gate,,False,unmatched,unmatched,,,,,,,{},,0,0,,,,False,review,review,,,OSM,OSM: candidate does not pass the automatic identity gate,,no,,{},{},0,"[{""binding"": ""source_address_only; external identity not verified"", ""conclusion"": """", ""file"": ""data/reference/web_review/task3_104_non_ocm_web_verified.csv"", ""page_opened"": true, ""reported_confidence"": ""high"", ""url"": ""https://www.binglee.com.au/stores/west-gosford""}]"
1547,,,"424 Hoxton Park Road, Prestons NSW 2170",NRMA Electric,4,DC,175 kW,-33.9304674,150.8750193,Liverpool City Council,2170,Fast Charging R1,0,0,0,0,0,0,0,0,0,0,4,0,0,0,0,0,0,0,0,0,0,0,0,0,0,0,0,0,0,0,0,0,0,0,0,0,0,0,0,0,Sydney - South West,127,2170,unmatched,unmatched,,,,,,,{},,0,0,,,,False,unmatched,unmatched,,,,,,,{},,0,0,,,,False,review,coordinate_only,284.4731350332567,0.8925925925925927,15d06bf5-6b4a-425d-9312-bae4b17cc22b-214,"402 Hoxton Park Rd, Prestons, NSW 2170",Eagers Automotive - Hoxton Park,,"{""connector_types_normalized"": ""CCS"", ""data_provider"": ""Charge@Large"", ""dc_port_count"": 1, ""number_of_plugs"": null, ""power_kw_max"": 40.0, ""power_kw_min"": 40.0, ""power_kw_values"": [40.0], ""power_scope"": ""dc_indicated_ports"", ""site_power_range_raw"": ""40"", ""status_counts"": {""Missing"": 1}, ""status_observed_at"": null, ""total_port_count"": 1}",True,1,1,,house numbers conflict; address evidence is inconsistent; candidate does not pass the automatic identity gate,,False,review,review,,,Charge@Large,Charge@Large: house numbers conflict; address evidence is inconsistent; candidate does not pass the automatic identity gate,,no,,{},{},0,"[{""binding"": ""source_address_only; external identity not verified"", ""conclusion"": """", ""file"": ""data/reference/web_review/task3_104_non_ocm_web_verified.csv"", ""page_opened"": false, ""reported_confidence"": ""medium"", ""url"": ""https://apps.planningportal.nsw.gov.au/prweb/PRRestService/DocMgmt/v1/PublicDocuments/DATA-WORKATTACH-FILE%20PEC-DPE-EP-WORK%20PPS-2016SYW204%2120190614T224635.967%20GMT""}]"
1561,,,"46 Wynter Street, Taree NSW 2430",Tesla,12,DC,175 kW,-31.9091185,152.4602815,Mid-Coast Council,2430,Fast Charging R1,0,0,0,0,0,0,0,0,0,0,12,0,0,0,0,0,0,0,0,0,0,0,0,0,0,0,0,0,0,0,0,0,0,0,0,0,0,0,0,0,Mid North Coast,108,2430,review,coordinate_only,227.01983298028762,0.8777777777777779,460625,"37 Wynter Street, Taree, NSW, 2430",Tesla Supercharger Taree,Tesla (including non-tesla),"{""charger_capacities"": ""250 kW"", ""charging_point_count"": 12.0, ""connector_types_normalized"": ""CCS"", ""data_provider"": ""Open Charge Map"", ""is_operational"": true, ""last_verified"": ""2026-09-05T11:22:00Z"", ""number_of_plugs"": null, ""operator"": ""Tesla (including non-tesla)"", ""plug_types"": ""CCS (Type 2)"", ""power_kw_max"": 250.0, ""power_kw_min"": 250.0, ""power_kw_values"": [250.0], ""power_scope"": ""dc_indicated_connection_ratings"", ""status"": ""Operational"", ""usage_cost"": """"}",True,1,1,,house numbers conflict; address evidence is inconsistent; candidate does not pass the automatic identity gate,,False,review,coordinate_only,180.52025875490187,0.0,https://www.openstreetmap.org/node/11952634938,,Tesla Supercharger,Tesla,"{""access_condition"": ""Free Access"", ""allows_card_payment"": true, ""allows_reservation"": false, ""charging_point_count"": 12, ""charging_point_count_raw"": 12, ""connector_types_normalized"": ""CCS"", ""data_provider"": ""OpenStreetMap"", ""is_free"": false, ""network"": ""Tesla Supercharger"", ""number_of_plugs"": null, ""opening_hours"": """", ""power_kw_max"": null, ""power_kw_min"": null, ""power_scope"": ""station_reported_maximum"", ""pricing_info"": """"}",True,1,1,,candidate does not pass the automatic identity gate,,False,unmatched,unmatched,,,,,,,{},,0,0,,,,False,review,review,,,OCM;OSM,OCM: house numbers conflict; address evidence is inconsistent; candidate does not pass the automatic identity gate; OSM: candidate does not pass the automatic identity gate,,no,,{},{},0,[]
1621,,,"592 Anzac Parade, Kingsford NSW 2032",Evie Networks,4,DC,75 kW,-33.9260318,151.2312658,Randwick City Council,2032,Kerbside Charging R1,0,0,0,0,0,0,0,0,0,0,0,0,0,0,0,0,0,0,0,0,0,0,0,0,0,0,0,0,0,0,0,0,0,0,0,4,0,0,0,0,Sydney - Eastern Suburbs,118,2032,unmatched,unmatched,,,,,,,{},,0,0,,,,False,review,coordinate_only,79.0005240340087,0.0,https://www.openstreetmap.org/node/13206176474,,,Evie Networks,"{""access_condition"": ""Free Access"", ""allows_card_payment"": false, ""allows_reservation"": false, ""charging_point_count"": 4, ""charging_point_count_raw"": 4, ""connector_types_normalized"": ""CCS"", ""data_provider"": ""OpenStreetMap"", ""is_free"": false, ""network"": """", ""number_of_plugs"": null, ""opening_hours"": """", ""power_kw_max"": null, ""power_kw_min"": null, ""power_scope"": ""station_reported_maximum"", ""pricing_info"": """"}",True,1,1,,external ID https://www.openstreetmap.org/node/13206176474 is shared by distinct source sites,,False,unmatched,unmatched,,,,,,,{},,0,0,,,,False,review,review,,,OSM,OSM: external ID https://www.openstreetmap.org/node/13206176474 is shared by distinct source sites,,no,,{},{},0,"[{""binding"": ""source_address_only; external identity not verified"", ""conclusion"": """", ""file"": ""data/reference/web_review/task3_104_non_ocm_web_verified.csv"", ""page_opened"": false, ""reported_confidence"": ""medium"", ""url"": ""https://apps.planningportal.nsw.gov.au/prweb/PRRestService/DocMgmt/v1/PublicDocuments/DATA-WORKATTACH-FILE%20PEC-DPE-EP-WORK%20P5-2024-61%2120240507T013115.785%20GMT""}]"
1646,,,"65 Hume Street, Crows Nest NSW 2065",Evie Networks,4,DC,75 kW,-33.8243185,151.2002301,North Sydney Council,2065,Kerbside Charging R1,0,0,0,0,0,0,0,0,0,0,0,0,0,0,0,0,0,0,0,0,0,0,0,0,0,0,0,0,0,0,0,0,0,0,0,4,0,0,0,0,Sydney - North Sydney and Hornsby,121,2065,review,coordinate_only,455.864795139043,0.5321513002364067,272632,"88 Christie St, St Leonards, NSW, 2065",Civic Plaza 88 Christie,Evie,"{""charger_capacities"": ""50 kW"", ""charging_point_count"": 2.0, ""connector_types_normalized"": ""CCS;CHAdeMO"", ""data_provider"": ""Open Charge Map"", ""is_operational"": true, ""last_verified"": ""2023-07-15T12:12:00Z"", ""number_of_plugs"": null, ""operator"": ""Evie"", ""plug_types"": ""CCS (Type 2); CHAdeMO"", ""power_kw_max"": 50.0, ""power_kw_min"": 50.0, ""power_kw_values"": [50.0], ""power_scope"": ""dc_indicated_connection_ratings"", ""status"": ""Operational"", ""usage_cost"": """"}",True,1,1,,house numbers conflict; address evidence is inconsistent; candidate does not pass the automatic identity gate,,False,review,coordinate_only,69.58608944520927,0.0,https://www.openstreetmap.org/node/13059026685,,,Evie Networks,"{""access_condition"": ""Free Access"", ""allows_card_payment"": false, ""allows_reservation"": false, ""charging_point_count"": 4, ""charging_point_count_raw"": 4, ""connector_types_normalized"": ""CCS"", ""data_provider"": ""OpenStreetMap"", ""is_free"": false, ""network"": """", ""number_of_plugs"": null, ""opening_hours"": """", ""power_kw_max"": null, ""power_kw_min"": null, ""power_scope"": ""station_reported_maximum"", ""pricing_info"": """"}",True,2,2,288.7685579478764,external ID https://www.openstreetmap.org/node/13059026685 is shared by distinct source sites,,False,review,coordinate_only,467.5678289535134,0.533816425120773,15d06bf5-6b4a-425d-9312-bae4b17cc22b-1993,"1 Plunkett St, New South Wales, St Leonards, NSW 2065",Willoughby City Council - Plunkett St,,"{""connector_types_normalized"": ""CCS"", ""data_provider"": ""Charge@Large"", ""dc_port_count"": 2, ""number_of_plugs"": null, ""power_kw_max"": 50.0, ""power_kw_min"": 50.0, ""power_kw_values"": [50.0], ""power_scope"": ""dc_indicated_ports"", ""site_power_range_raw"": ""50"", ""status_counts"": {""Available"": 2}, ""status_observed_at"": null, ""total_port_count"": 2}",True,1,1,,house numbers conflict; address evidence is inconsistent; candidate does not pass the automatic identity gate,,False,review,review,,,OCM;OSM;Charge@Large,OCM: house numbers conflict; address evidence is inconsistent; candidate does not pass the automatic identity gate; OSM: external ID https://www.openstreetmap.org/node/13059026685 is shared by distinct source sites; Charge@Large: house numbers conflict; address evidence is inconsistent; candidate does not pass the automatic identity gate,,no,,{},{},0,"[{""binding"": ""same source address and OCM ID; search evidence only"", ""conclusion"": ""web_evidence_found_not_identity_proof"", ""file"": ""data/reference/web_review/task3_ocm_125_web_confidence.csv"", ""page_opened"": true, ""reported_confidence"": ""high"", ""url"": ""https://contourclinics.com.au/contact-us/""}]"
1687,,,"76 Glossop Street, North Street Marys NSW 2760",BP,4,DC,175 kW,-33.7601979,150.7816339,Penrith City Council,2760,Fast Charging R1,0,0,0,0,0,0,0,0,0,0,4,0,0,0,0,0,0,0,0,0,0,0,0,0,0,0,0,0,0,0,0,0,0,0,0,0,0,0,0,0,Sydney - Outer West and Blue Mountains,124,2760,unmatched,unmatched,,,,,,,{},,0,0,,,,False,review,coordinate_only,8.12592847725266,0.0,https://www.openstreetmap.org/node/13346922346,,,bp pulse,"{""access_condition"": ""Free Access"", ""allows_card_payment"": false, ""allows_reservation"": false, ""charging_point_count"": 2, ""charging_point_count_raw"": 2, ""connector_types_normalized"": ""CCS;CHAdeMO"", ""data_provider"": ""OpenStreetMap"", ""is_free"": false, ""network"": ""bp pulse"", ""number_of_plugs"": null, ""opening_hours"": """", ""power_kw_max"": null, ""power_kw_min"": null, ""power_scope"": ""station_reported_maximum"", ""pricing_info"": """"}",True,2,2,3.986396578844607,another coordinate candidate is similarly close; multiple candidates have similar evidence; candidate does not pass the automatic identity gate,,False,unmatched,unmatched,,,,,,,{},,0,0,,,,False,review,review,,,OSM,OSM: another coordinate candidate is similarly close; multiple candidates have similar evidence; candidate does not pass the automatic identity gate,,no,,{},{},0,"[{""binding"": ""source_address_only; external identity not verified"", ""conclusion"": """", ""file"": ""data/reference/web_review/task3_104_non_ocm_web_verified.csv"", ""page_opened"": false, ""reported_confidence"": ""medium"", ""url"": ""https://evchargepoint.au/fuel-stations""}]"
1701,,,"801-899R Bunnerong Road, Chifley NSW 2036",Chargefox,2,DC,50 kW,-33.9729613,151.2365649,Waverley Council,2036,Kerbside Charging R1,0,0,0,0,0,0,0,0,0,0,0,0,0,0,0,0,0,0,0,0,0,0,0,0,0,0,0,0,0,0,0,2,0,0,0,0,0,0,0,0,Sydney - Eastern Suburbs,118,2036,review,coordinate_only,86.90984825077263,0.8660377358490566,272619,"439 Bunnerong Road, Chifley, New South Wales, 2036",The Heffron Centre,Chargefox,"{""charger_capacities"": ""25 kW"", ""charging_point_count"": 8.0, ""connector_types_normalized"": ""CCS;CHAdeMO"", ""data_provider"": ""Open Charge Map"", ""is_operational"": true, ""last_verified"": ""2023-07-15T09:08:00Z"", ""number_of_plugs"": null, ""operator"": ""Chargefox"", ""plug_types"": ""CCS (Type 2); CHAdeMO"", ""power_kw_max"": 25.0, ""power_kw_min"": 25.0, ""power_kw_values"": [25.0], ""power_scope"": ""dc_indicated_connection_ratings"", ""status"": ""Operational"", ""usage_cost"": ""Free - $0.42/kWh""}",True,1,1,,house numbers conflict; address evidence is inconsistent; candidate does not pass the automatic identity gate,,False,unmatched,unmatched,,,,,,,{},,0,0,,,,False,unmatched,unmatched,,,,,,,{},,0,0,,,,False,review,review,,,OCM,OCM: house numbers conflict; address evidence is inconsistent; candidate does not pass the automatic identity gate,,no,,{},{},0,[]
1717,,,"85 South Street, Ulladulla NSW 2539",Evie Networks,4,DC,175 kW,-35.3595567,150.4754013,Shoalhaven City Council,2539,Fast Charging R1,0,0,0,0,0,0,0,0,0,0,4,0,0,0,0,0,0,0,0,0,0,0,0,0,0,0,0,0,0,0,0,0,0,0,0,0,0,0,0,0,Southern Highlands and Shoalhaven,114,2539,unmatched,unmatched,,,,,,,{},,0,0,,,,False,review,coordinate_only,283.1563884782104,0.0,https://www.openstreetmap.org/node/12599800358,,,,"{""access_condition"": ""Free Access"", ""allows_card_payment"": false, ""allows_reservation"": false, ""charging_point_count"": null, ""charging_point_count_raw"": null, ""connector_types_normalized"": ""CCS;CHAdeMO"", ""data_provider"": ""OpenStreetMap"", ""is_free"": false, ""network"": """", ""number_of_plugs"": null, ""opening_hours"": """", ""power_kw_max"": null, ""power_kw_min"": null, ""power_scope"": ""station_reported_maximum"", ""pricing_info"": """"}",True,1,1,,candidate does not pass the automatic identity gate,,False,review,coordinate_only,280.26716811266897,0.3813450292397661,179ada28-f0c6-4431-a1fc-bbb2e5ec26d6-AUCHB25390001,"93 Princes Highway, Ulladulla, NSW 2539",Rowans Arcade,,"{""connector_types_normalized"": ""CCS;CHAdeMO"", ""data_provider"": ""Charge@Large"", ""dc_port_count"": 4, ""number_of_plugs"": null, ""power_kw_max"": 25.0, ""power_kw_min"": 25.0, ""power_kw_values"": [25.0], ""power_scope"": ""dc_indicated_ports"", ""site_power_range_raw"": ""25"", ""status_counts"": {""Available"": 4}, ""status_observed_at"": null, ""total_port_count"": 4}",True,1,1,,house numbers conflict; address evidence is inconsistent; candidate does not pass the automatic identity gate,,False,review,review,,,OSM;Charge@Large,OSM: candidate does not pass the automatic identity gate; Charge@Large: house numbers conflict; address evidence is inconsistent; candidate does not pass the automatic identity gate,,no,,{},{},0,"[{""binding"": ""source_address_only; external identity not verified"", ""conclusion"": """", ""file"": ""data/reference/web_review/task3_104_non_ocm_web_verified.csv"", ""page_opened"": true, ""reported_confidence"": ""high"", ""url"": ""https://ev-charging-stations.com.au/chargers/evie-85-south-street-ulladulla-nsw-2539""}]"
1722,,,"872 Anzac Parade, Maroubra NSW 2035",Evie Networks,4,DC,75 kW,-33.9406054,151.2395169,Randwick City Council,2035,Kerbside Charging R1,0,0,0,0,0,0,0,0,0,0,0,0,0,0,0,0,0,0,0,0,0,0,0,0,0,0,0,0,0,0,0,0,0,0,0,4,0,0,0,0,Sydney - Eastern Suburbs,118,2035,unmatched,unmatched,,,,,,,{},,0,0,,,,False,review,coordinate_only,271.3904893792669,0.0,https://www.openstreetmap.org/node/13206154678,,,Evie Networks,"{""access_condition"": ""Free Access"", ""allows_card_payment"": false, ""allows_reservation"": false, ""charging_point_count"": 2, ""charging_point_count_raw"": 2, ""connector_types_normalized"": ""CCS"", ""data_provider"": ""OpenStreetMap"", ""is_free"": false, ""network"": """", ""number_of_plugs"": null, ""opening_hours"": """", ""power_kw_max"": null, ""power_kw_min"": null, ""power_scope"": ""station_reported_maximum"", ""pricing_info"": """"}",True,3,3,26.551651366271926,candidate does not pass the automatic identity gate,,False,unmatched,unmatched,,,,,,,{},,0,0,,,,False,review,review,,,OSM,OSM: candidate does not pass the automatic identity gate,,no,,{},{},0,"[{""binding"": ""source_address_only; external identity not verified"", ""conclusion"": """", ""file"": ""data/reference/web_review/task3_104_non_ocm_web_verified.csv"", ""page_opened"": false, ""reported_confidence"": ""medium"", ""url"": ""https://www.plugroo.com.au/nsw/chifley""}]"
1741,,,"924 Anzac Parade, Maroubra NSW 2035",Evie Networks,2,DC,75 kW,-33.9427694,151.2401202,Randwick City Council,2035,Kerbside Charging R1,0,0,0,0,0,0,0,0,0,0,0,0,0,0,0,0,0,0,0,0,0,0,0,0,0,0,0,0,0,0,0,0,0,0,0,2,0,0,0,0,Sydney - Eastern Suburbs,118,2035,unmatched,unmatched,,,,,,,{},,0,0,,,,False,review,coordinate_only,60.32436240781645,0.0,https://www.openstreetmap.org/node/13206154678,,,Evie Networks,"{""access_condition"": ""Free Access"", ""allows_card_payment"": false, ""allows_reservation"": false, ""charging_point_count"": 2, ""charging_point_count_raw"": 2, ""connector_types_normalized"": ""CCS"", ""data_provider"": ""OpenStreetMap"", ""is_free"": false, ""network"": """", ""number_of_plugs"": null, ""opening_hours"": """", ""power_kw_max"": null, ""power_kw_min"": null, ""power_scope"": ""station_reported_maximum"", ""pricing_info"": """"}",True,2,2,36.46593709265605,external ID https://www.openstreetmap.org/node/13206154678 is shared by distinct source sites,,False,unmatched,unmatched,,,,,,,{},,0,0,,,,False,review,review,,,OSM,OSM: external ID https://www.openstreetmap.org/node/13206154678 is shared by distinct source sites,,no,,{},{},0,"[{""binding"": ""source_address_only; external identity not verified"", ""conclusion"": """", ""file"": ""data/reference/web_review/task3_104_non_ocm_web_verified.csv"", ""page_opened"": false, ""reported_confidence"": ""low"", ""url"": ""https://www.property.com.au/nsw/maroubra-2035/anzac-pde/924-pid-2178719/""}]"
1758,,,"Brewer Street, Concord NSW 2137",Evie Networks,4,DC,75 kW,-33.8538342,151.1054057,City Of Canada Bay Council,2137,Kerbside Charging R1,0,0,0,0,0,0,0,0,0,0,0,0,0,0,0,0,0,0,0,0,0,0,0,0,0,0,0,0,0,0,0,0,0,0,0,4,0,0,0,0,Sydney - Inner West,120,2137,unmatched,unmatched,,,,,,,{},,0,0,,,,False,review,coordinate_only,149.84664356876698,0.0,https://www.openstreetmap.org/node/13168689959,,,Evie Networks,"{""access_condition"": ""Free Access"", ""allows_card_payment"": false, ""allows_reservation"": false, ""charging_point_count"": 2, ""charging_point_count_raw"": 2, ""connector_types_normalized"": ""CCS"", ""data_provider"": ""OpenStreetMap"", ""is_free"": false, ""network"": """", ""number_of_plugs"": null, ""opening_hours"": """", ""power_kw_max"": null, ""power_kw_min"": null, ""power_scope"": ""station_reported_maximum"", ""pricing_info"": """"}",True,1,1,,candidate does not pass the automatic identity gate,,False,unmatched,unmatched,,,,,,,{},,0,0,,,,False,review,review,,,OSM,OSM: candidate does not pass the automatic identity gate,,no,,{},{},0,"[{""binding"": ""source_address_only; external identity not verified"", ""conclusion"": """", ""file"": ""data/reference/web_review/task3_104_non_ocm_web_verified.csv"", ""page_opened"": true, ""reported_confidence"": ""high"", ""url"": ""https://www.canadabay.nsw.gov.au/sites/default/files/Mayoral%20Notification%20-%20Edwards%20Park%20Bus%20Shelter%20Upgrade%20-%20October%202025.pdf""}]"
1766,,,"Cnr Cumberland Highway & Cabramatta Road W, Cabramatta NSW 2166",BP,4,DC,175 kW,-33.8993725,150.9191077,Fairfield City Council,2166,Fast Charging R1,0,0,0,0,0,0,0,0,0,0,4,0,0,0,0,0,0,0,0,0,0,0,0,0,0,0,0,0,0,0,0,0,0,0,0,0,0,0,0,0,Sydney - South West,127,2166,review,coordinate_only,100.01879146860568,0.3030007501875469,191161,"Hungry Jacks, 401 Cabramatta Road, Cabramatta, NSW",Evie Cabramatta,Evie,"{""charger_capacities"": ""50 kW"", ""charging_point_count"": 2.0, ""connector_types_normalized"": ""CCS;CHAdeMO"", ""data_provider"": ""Open Charge Map"", ""is_operational"": true, ""last_verified"": ""2023-07-15T14:01:00Z"", ""number_of_plugs"": null, ""operator"": ""Evie"", ""plug_types"": ""CCS (Type 2); CHAdeMO"", ""power_kw_max"": 50.0, ""power_kw_min"": 50.0, ""power_kw_values"": [50.0], ""power_scope"": ""dc_indicated_connection_ratings"", ""status"": ""Operational"", ""usage_cost"": ""$0.40/kWh""}",True,1,1,,address evidence is inconsistent; candidate does not pass the automatic identity gate,,False,review,coordinate_only,93.9911095065856,0.0,https://www.openstreetmap.org/node/9215252226,,,Evie Networks,"{""access_condition"": ""Free Access"", ""allows_card_payment"": false, ""allows_reservation"": false, ""charging_point_count"": null, ""charging_point_count_raw"": null, ""connector_types_normalized"": ""CCS;CHAdeMO"", ""data_provider"": ""OpenStreetMap"", ""is_free"": false, ""network"": """", ""number_of_plugs"": null, ""opening_hours"": """", ""power_kw_max"": null, ""power_kw_min"": null, ""power_scope"": ""station_reported_maximum"", ""pricing_info"": """"}",True,1,1,,external ID https://www.openstreetmap.org/node/9215252226 is shared by distinct source sites,,False,unmatched,unmatched,,,,,,,{},,0,0,,,,False,review,review,,,OCM;OSM,OCM: address evidence is inconsistent; candidate does not pass the automatic identity gate; OSM: external ID https://www.openstreetmap.org/node/9215252226 is shared by distinct source sites,,no,,{},{},0,"[{""binding"": ""same source address and OCM ID; search evidence only"", ""conclusion"": ""web_evidence_found_not_identity_proof"", ""file"": ""data/reference/web_review/task3_ocm_125_web_confidence.csv"", ""page_opened"": true, ""reported_confidence"": ""high"", ""url"": ""https://www.energy.nsw.gov.au/households/transport/electric-vehicles/fast-charging""}]"
1782,,,"Gouldsbury Street, Mosman NSW 2088",Evie Networks,2,DC,75 kW,-33.8276585,151.2423815,Mosman Municipal Council,2088,Kerbside Charging R1,0,0,0,0,0,0,0,0,0,0,0,0,0,0,0,0,0,0,0,0,0,0,0,0,0,0,0,0,0,0,0,0,0,0,0,2,0,0,0,0,Sydney - North Sydney and Hornsby,121,2088,review,coordinate_only,260.3337780309865,0.1879598662207358,191164,"6 Myahgah Road, Mosman, NSW",Evie Mosman,Evie,"{""charger_capacities"": ""50 kW"", ""charging_point_count"": 1.0, ""connector_types_normalized"": ""CCS;CHAdeMO"", ""data_provider"": ""Open Charge Map"", ""is_operational"": true, ""last_verified"": ""2023-07-16T22:01:00Z"", ""number_of_plugs"": null, ""operator"": ""Evie"", ""plug_types"": ""CCS (Type 2); CHAdeMO"", ""power_kw_max"": 50.0, ""power_kw_min"": 50.0, ""power_kw_values"": [50.0], ""power_scope"": ""dc_indicated_connection_ratings"", ""status"": ""Operational"", ""usage_cost"": ""$0.40/kWh""}",True,2,2,153.1672575599805,address evidence is inconsistent; candidate does not pass the automatic identity gate,,False,unmatched,unmatched,,,,,,,{},,0,0,,,,False,unmatched,unmatched,,,,,,,{},,0,0,,,,False,review,review,,,OCM,OCM: address evidence is inconsistent; candidate does not pass the automatic identity gate,,no,,{},{},0,"[{""binding"": ""same source address and OCM ID; search evidence only"", ""conclusion"": ""web_evidence_found_not_identity_proof"", ""file"": ""data/reference/web_review/task3_ocm_125_web_confidence.csv"", ""page_opened"": false, ""reported_confidence"": ""medium"", ""url"": ""https://www.plugroo.com.au/nsw/clontarf""}]"
1795,,,"Queens Road, Five Dock NSW 2046",Evie Networks,4,DC,75 kW,-33.8696308,151.1223747,City Of Canada Bay Council,2046,Kerbside Charging R1,0,0,0,0,0,0,0,0,0,0,0,0,0,0,0,0,0,0,0,0,0,0,0,0,0,0,0,0,0,0,0,0,0,0,0,4,0,0,0,0,Sydney - Inner West,120,2046,unmatched,unmatched,,,,,,,{},,0,0,,,,False,review,coordinate_only,363.98730401839924,0.0,https://www.openstreetmap.org/node/13586251301,,,Evie Networks,"{""access_condition"": ""Free Access"", ""allows_card_payment"": false, ""allows_reservation"": false, ""charging_point_count"": null, ""charging_point_count_raw"": null, ""connector_types_normalized"": ""CCS"", ""data_provider"": ""OpenStreetMap"", ""is_free"": false, ""network"": """", ""number_of_plugs"": null, ""opening_hours"": ""24/7"", ""power_kw_max"": null, ""power_kw_min"": null, ""power_scope"": ""station_reported_maximum"", ""pricing_info"": """"}",True,1,1,,candidate does not pass the automatic identity gate,,False,unmatched,unmatched,,,,,,,{},,0,0,,,,False,review,review,,,OSM,OSM: candidate does not pass the automatic identity gate,,no,,{},{},0,"[{""binding"": ""source_address_only; external identity not verified"", ""conclusion"": """", ""file"": ""data/reference/web_review/task3_104_non_ocm_web_verified.csv"", ""page_opened"": false, ""reported_confidence"": ""medium"", ""url"": ""https://samsautomotive.com.au/""}]"
1857,,,"105-107 Alt Street, Ashfield NSW 2131",EVE Australia,2,DC,25 kW,-33.8803158,151.1299199,Inner West Council,2131,Kerbside Charging R1,0,0,0,0,0,0,0,0,0,0,0,0,0,0,0,0,0,0,0,0,0,0,2,0,0,0,0,0,0,0,0,0,0,0,0,0,0,0,0,0,Sydney - Inner West,120,2131,unmatched,unmatched,,,,,,,{},,0,0,,,,False,review,coordinate_only,169.38835882210836,0.0,https://www.openstreetmap.org/node/13854720801,,,Chargefox,"{""access_condition"": ""Free Access"", ""allows_card_payment"": false, ""allows_reservation"": false, ""charging_point_count"": null, ""charging_point_count_raw"": null, ""connector_types_normalized"": ""CCS;Type2"", ""data_provider"": ""OpenStreetMap"", ""is_free"": false, ""network"": """", ""number_of_plugs"": null, ""opening_hours"": """", ""power_kw_max"": null, ""power_kw_min"": null, ""power_scope"": ""station_reported_maximum"", ""pricing_info"": """"}",True,1,1,,candidate does not pass the automatic identity gate,,False,unmatched,unmatched,,,,,,,{},,0,0,,,,False,review,review,,,OSM,OSM: candidate does not pass the automatic identity gate,,no,,{},{},0,"[{""binding"": ""source_address_only; external identity not verified"", ""conclusion"": """", ""file"": ""data/reference/web_review/task3_104_non_ocm_web_verified.csv"", ""page_opened"": true, ""reported_confidence"": ""low"", ""url"": ""https://www.property.com.au/nsw/ashfield-2131/alt-st/7-105-107-pid-43363/""}]"
1884,,,117 Tibbereena Street Narrabri NSW 2390,Tesla,4,DC,175 kW,-30.3226373,149.7801888,Narrabri Shire Council,2390,Fast Charging R1,0,0,0,0,0,0,0,0,0,0,4,0,0,0,0,0,0,0,0,0,0,0,0,0,0,0,0,0,0,0,0,0,0,0,0,0,0,0,0,0,New England and North West,110,2390,unmatched,unmatched,,,,,,,{},,0,0,,,,False,review,coordinate_only,166.74543303665396,0.0,https://www.openstreetmap.org/node/12259891801,,Tesla Supercharger,Tesla,"{""access_condition"": ""Free Access"", ""allows_card_payment"": false, ""allows_reservation"": false, ""charging_point_count"": 4, ""charging_point_count_raw"": 4, ""connector_types_normalized"": ""CCS"", ""data_provider"": ""OpenStreetMap"", ""is_free"": false, ""network"": ""Supercharger"", ""number_of_plugs"": null, ""opening_hours"": ""24/7"", ""power_kw_max"": null, ""power_kw_min"": null, ""power_scope"": ""station_reported_maximum"", ""pricing_info"": """"}",True,2,2,273.3326077433177,candidate does not pass the automatic identity gate,,False,unmatched,unmatched,,,,,,,{},,0,0,,,,False,review,review,,,OSM,OSM: candidate does not pass the automatic identity gate,,no,,{},{},0,"[{""binding"": ""source_address_only; external identity not verified"", ""conclusion"": """", ""file"": ""data/reference/web_review/task3_104_non_ocm_web_verified.csv"", ""page_opened"": true, ""reported_confidence"": ""high"", ""url"": ""https://www.solarcitizens.org.au/recharging_narrabri""}]"
1930,,,"154 Beach Road, Batemans Bay NSW 2536",Tesla,6,DC,175 kW,-35.7196933,150.1897432,Eurobodalla Shire Council,2536,Fast Charging R1,0,0,0,0,0,0,0,0,0,0,6,0,0,0,0,0,0,0,0,0,0,0,0,0,0,0,0,0,0,0,0,0,0,0,0,0,0,0,0,0,Capital Region,101,2536,unmatched,unmatched,,,,,,,{},,0,0,,,,False,review,coordinate_only,119.19581732773281,0.0,https://www.openstreetmap.org/node/12854473381,,Tesla Supercharger,Tesla,"{""access_condition"": ""Free Access"", ""allows_card_payment"": false, ""allows_reservation"": false, ""charging_point_count"": 6, ""charging_point_count_raw"": 6, ""connector_types_normalized"": ""CCS"", ""data_provider"": ""OpenStreetMap"", ""is_free"": false, ""network"": ""Tesla Supercharger"", ""number_of_plugs"": null, ""opening_hours"": """", ""power_kw_max"": null, ""power_kw_min"": null, ""power_scope"": ""station_reported_maximum"", ""pricing_info"": """"}",True,1,1,,candidate does not pass the automatic identity gate,,False,unmatched,unmatched,,,,,,,{},,0,0,,,,False,review,review,,,OSM,OSM: candidate does not pass the automatic identity gate,,no,,{},{},0,[]
