source_index,OBJECTID,Station_name,Station_address,Operator,Number_of_plugs,Charger_Type,Charger_rating,Latitude,Longitude,LGANAME,PCODE,Source,Charger_rating.100kW,Charger_rating.11kW,Charger_rating.120kW,Charger_rating.125kW,Charger_rating.130kW,Charger_rating.13kW,Charger_rating.14kW,Charger_rating.150kW,Charger_rating.160kW,Charger_rating.165kW,Charger_rating.175kW,Charger_rating.17kW,Charger_rating.180kW,Charger_rating.185kW,Charger_rating.19kW,Charger_rating.200kW,Charger_rating.20kW,Charger_rating.22kW,Charger_rating.23kW,Charger_rating.240kW,Charger_rating.24kW,Charger_rating.250kW,Charger_rating.25kW,Charger_rating.270kW,Charger_rating.30kW,Charger_rating.350kW,Charger_rating.3kW,Charger_rating.400kW,Charger_rating.40kW,Charger_rating.42kW,Charger_rating.47kW,Charger_rating.50kW,Charger_rating.5kW,Charger_rating.60kW,Charger_rating.6kW,Charger_rating.75kW,Charger_rating.7kW,Charger_rating.80kW,Charger_rating.8kW,Charger_rating.9kW,SA4_NAME26,SA4_CODE26,PCODE_ORIGINAL,ocm_status,ocm_method,ocm_distance_m,ocm_address_score,ocm_id,ocm_address,ocm_station_name,ocm_operator,ocm_attributes,ocm_fast_dc_indicator,ocm_candidate_count,ocm_coordinate_candidate_count,ocm_nearest_coordinate_gap_m,ocm_review_reason,ocm_quality_flags,ocm_source_postcode_conflict,osm_fast_dc_status,osm_fast_dc_method,osm_fast_dc_distance_m,osm_fast_dc_address_score,osm_fast_dc_id,osm_fast_dc_address,osm_fast_dc_station_name,osm_fast_dc_operator,osm_fast_dc_attributes,osm_fast_dc_fast_dc_indicator,osm_fast_dc_candidate_count,osm_fast_dc_coordinate_candidate_count,osm_fast_dc_nearest_coordinate_gap_m,osm_fast_dc_review_reason,osm_fast_dc_quality_flags,osm_fast_dc_source_postcode_conflict,chargelarge_fast_dc_status,chargelarge_fast_dc_method,chargelarge_fast_dc_distance_m,chargelarge_fast_dc_address_score,chargelarge_fast_dc_id,chargelarge_fast_dc_address,chargelarge_fast_dc_station_name,chargelarge_fast_dc_operator,chargelarge_fast_dc_attributes,chargelarge_fast_dc_fast_dc_indicator,chargelarge_fast_dc_candidate_count,chargelarge_fast_dc_coordinate_candidate_count,chargelarge_fast_dc_nearest_coordinate_gap_m,chargelarge_fast_dc_review_reason,chargelarge_fast_dc_quality_flags,chargelarge_fast_dc_source_postcode_conflict,combined_dc_indicated_status,final_audit_status,matched_source,matched_external_ids,review_candidate_source,manual_review_reason,quality_review_reason,quality_review_required,augmentation_conflict_flags,accepted_source_attributes,augmented_attributes,new_attribute_count,historical_web_evidence
1,,,"01 Wallgrove Road, Sydney NSW 2766",BP,4,DC,150 kW,-33.81100405,150.8495966,Blacktown City Council,2766,Existing Fast Chargers,0,0,0,0,0,0,0,4,0,0,0,0,0,0,0,0,0,0,0,0,0,0,0,0,0,0,0,0,0,0,0,0,0,0,0,0,0,0,0,0,Sydney - Blacktown,116,2766,accepted,coordinate_only,65.13844654951181,0.7871794871794873,272521,"BP Truckstop, Wallgrove Road & Old Wallgrove Road, Eastern Creek, New South Wales, 2766",BP Pulse Eastern Creek,BP Pulse (AU),"{""charger_capacities"": ""75 kW"", ""charging_point_count"": 2.0, ""connector_types_normalized"": ""CCS"", ""data_provider"": ""Open Charge Map"", ""is_operational"": true, ""last_verified"": ""2023-08-09T12:21:00Z"", ""number_of_plugs"": null, ""operator"": ""BP Pulse (AU)"", ""plug_types"": ""CCS (Type 2)"", ""power_kw_max"": 75.0, ""power_kw_min"": 75.0, ""power_kw_values"": [75.0], ""power_scope"": ""dc_indicated_connection_ratings"", ""status"": ""Operational"", ""usage_cost"": ""$0.55/kWh""}",True,1,1,,,address evidence is inconsistent,False,accepted,coordinate_only,65.79817314323974,0.0,https://www.openstreetmap.org/node/10590006365,,,bp pulse,"{""access_condition"": ""Free Access"", ""allows_card_payment"": false, ""allows_reservation"": false, ""charging_point_count"": 2, ""charging_point_count_raw"": 2, ""connector_types_normalized"": ""CCS"", ""data_provider"": ""OpenStreetMap"", ""is_free"": false, ""network"": ""bp pulse"", ""number_of_plugs"": null, ""opening_hours"": """", ""power_kw_max"": null, ""power_kw_min"": null, ""power_scope"": ""station_reported_maximum"", ""pricing_info"": """"}",True,1,1,,,,False,unmatched,unmatched,,,,,,,{},,0,0,,,,False,accepted,accepted,OCM;OSM,OCM:272521;OSM:https://www.openstreetmap.org/node/10590006365,,,OCM: address evidence is inconsistent,yes,,"{""OCM::charger_capacities"": ""75 kW"", ""OCM::charging_point_count"": 2.0, ""OCM::connector_types_normalized"": ""CCS"", ""OCM::data_provider"": ""Open Charge Map"", ""OCM::is_operational"": true, ""OCM::last_verified"": ""2023-08-09T12:21:00Z"", ""OCM::operator"": ""BP Pulse (AU)"", ""OCM::plug_types"": ""CCS (Type 2)"", ""OCM::power_kw_max"": 75.0, ""OCM::power_kw_min"": 75.0, ""OCM::power_kw_values"": [75.0], ""OCM::power_scope"": ""dc_indicated_connection_ratings"", ""OCM::status"": ""Operational"", ""OCM::usage_cost"": ""$0.55/kWh"", ""OSM::access_condition"": ""Free Access"", ""OSM::allows_card_payment"": false, ""OSM::allows_reservation"": false, ""OSM::charging_point_count"": 2, ""OSM::charging_point_count_raw"": 2, ""OSM::connector_types_normalized"": ""CCS"", ""OSM::data_provider"": ""OpenStreetMap"", ""OSM::is_free"": false, ""OSM::network"": ""bp pulse"", ""OSM::power_scope"": ""station_reported_maximum""}","{""OCM::connector_types_normalized"": ""CCS"", ""OCM::is_operational"": true, ""OCM::operator"": ""BP Pulse (AU)"", ""OCM::plug_types"": ""CCS (Type 2)"", ""OCM::power_kw_max"": 75.0, ""OCM::power_kw_min"": 75.0, ""OCM::power_scope"": ""dc_indicated_connection_ratings"", ""OCM::status"": ""Operational"", ""OCM::usage_cost"": ""$0.55/kWh"", ""OSM::access_condition"": ""Free Access"", ""OSM::allows_card_payment"": false, ""OSM::allows_reservation"": false, ""OSM::connector_types_normalized"": ""CCS"", ""OSM::is_free"": false, ""OSM::network"": ""bp pulse"", ""OSM::power_scope"": ""station_reported_maximum""}",10,"[{""binding"": ""same source address and OCM ID; search evidence only"", ""conclusion"": ""web_evidence_found_not_identity_proof"", ""file"": ""data/reference/web_review/task3_ocm_125_web_confidence.csv"", ""page_opened"": false, ""reported_confidence"": ""medium"", ""url"": ""https://www.chargeroute.au/chargers/nsw/bp-sydney-sydney""}]"
2,,,"1 - 7 Ross Street, Wilcannia NSW 2836",NRMA Electric,4,DC,50 kW,-30.5118739,151.669395,Central Darling Shire Council,2836,TfNSW Regional,0,0,0,0,0,0,0,0,0,0,0,0,0,0,0,0,0,0,0,0,0,0,0,0,0,0,0,0,0,0,0,4,0,0,0,0,0,0,0,0,New England and North West,110,2350,review,coordinate_only,29.225432400791746,0.4544715447154472,170824,"82 Marsh Street, Armidale, New South Wales, 2350",Armidale Visitors Centre,NRMA,"{""charger_capacities"": ""50 kW"", ""charging_point_count"": 1.0, ""connector_types_normalized"": ""CCS;CHAdeMO"", ""data_provider"": ""Open Charge Map"", ""is_operational"": true, ""last_verified"": ""2020-12-11T13:42:00Z"", ""number_of_plugs"": null, ""operator"": ""NRMA"", ""plug_types"": ""CCS (Type 2); CHAdeMO"", ""power_kw_max"": 50.0, ""power_kw_min"": 50.0, ""power_kw_values"": [50.0], ""power_scope"": ""dc_indicated_connection_ratings"", ""status"": ""Operational"", ""usage_cost"": ""Currently free but will be fee at some point.""}",True,2,1,,source address and original postcode conflict; external postcode conflicts with source; house numbers conflict; address evidence is inconsistent; candidate does not pass the automatic identity gate,,True,unmatched,unmatched,,,,,,,{},,0,0,,,,True,review,coordinate_only,421.715462774147,0.26853625170998635,15d06bf5-6b4a-425d-9312-bae4b17cc22b-2444,"12 Cinders Ln, Armidale, NSW 2350",EV Fast Charger 5 Cinders Ln,,"{""connector_types_normalized"": ""CCS"", ""data_provider"": ""Charge@Large"", ""dc_port_count"": 4, ""number_of_plugs"": null, ""power_kw_max"": 150.0, ""power_kw_min"": 150.0, ""power_kw_values"": [150.0], ""power_scope"": ""dc_indicated_ports"", ""site_power_range_raw"": ""150"", ""status_counts"": {""Available"": 3, ""Charging"": 1}, ""status_observed_at"": null, ""total_port_count"": 4}",True,1,1,,source address and original postcode conflict; external postcode conflicts with source; house numbers conflict; address evidence is inconsistent; candidate does not pass the automatic identity gate,,True,review,review,,,OCM;Charge@Large,OCM: source address and original postcode conflict; external postcode conflicts with source; house numbers conflict; address evidence is inconsistent; candidate does not pass the automatic identity gate; Charge@Large: source address and original postcode conflict; external postcode conflicts with source; house numbers conflict; address evidence is inconsistent; candidate does not pass the automatic identity gate,,no,,{},{},0,"[{""binding"": ""same source address and OCM ID; search evidence only"", ""conclusion"": ""web_evidence_found_not_identity_proof"", ""file"": ""data/reference/web_review/task3_ocm_125_web_confidence.csv"", ""page_opened"": false, ""reported_confidence"": ""medium"", ""url"": ""https://www.plugroo.com.au/nsw/wilcannia""}]"
5,,,"1 Bay Street, Sydney NSW 2037",Tesla,16,DC,130 kW,-33.88350355,151.1944334,"Sydney, Council of the City of",2037,Existing Fast Chargers,0,0,0,0,16,0,0,0,0,0,0,0,0,0,0,0,0,0,0,0,0,0,0,0,0,0,0,0,0,0,0,0,0,0,0,0,0,0,0,0,Sydney - City and Inner South,117,2037,review,coordinate_only,19.442848781978107,0.775,311308,"1 Bay Street, Broadway, NSW, 2007",Tesla Destination Charger,Tesla (including non-tesla),"{""charger_capacities"": ""22 kW"", ""charging_point_count"": 3.0, ""connector_types_normalized"": ""CCS"", ""data_provider"": ""Open Charge Map"", ""is_operational"": true, ""last_verified"": ""2025-03-29T03:34:00Z"", ""number_of_plugs"": null, ""operator"": ""Tesla (including non-tesla)"", ""plug_types"": ""CCS (Type 2)"", ""power_kw_max"": 22.0, ""power_kw_min"": 22.0, ""power_kw_values"": [22.0], ""power_scope"": ""dc_indicated_connection_ratings"", ""status"": ""Operational"", ""usage_cost"": ""0""}",True,2,2,37.874801818931246,external postcode conflicts with source; address evidence is inconsistent; candidate does not pass the automatic identity gate,,False,unmatched,unmatched,,,,,,,{},,0,0,,,,False,unmatched,unmatched,,,,,,,{},,0,0,,,,False,review,review,,,OCM,OCM: external postcode conflicts with source; address evidence is inconsistent; candidate does not pass the automatic identity gate,,no,,{},{},0,"[{""binding"": ""same source address and OCM ID; search evidence only"", ""conclusion"": ""web_evidence_found_not_identity_proof"", ""file"": ""data/reference/web_review/task3_ocm_125_web_confidence.csv"", ""page_opened"": true, ""reported_confidence"": ""high"", ""url"": ""https://ev-charging-stations.com.au/chargers/nsw/glebe""}]"
6,,,"1 Bells Boulevard, Kingscliff NSW 2487",Evie Networks,4,DC,75 kW,-28.27690295,153.5770781,Tweed Shire Council,2487,Existing Fast Chargers,0,0,0,0,0,0,0,0,0,0,0,0,0,0,0,0,0,0,0,0,0,0,0,0,0,0,0,0,0,0,0,0,0,0,0,4,0,0,0,0,Richmond - Tweed,112,2487,unmatched,unmatched,,,,,,,{},,0,0,,,,False,unmatched,unmatched,,,,,,,{},,0,0,,,,False,unmatched,unmatched,,,,,,,{},,0,0,,,,False,unmatched,unmatched,,,,,,no,,{},{},0,[]
11,,,"1 Dalgal Way, Sydney NSW 2037",Tesla,4,DC,250 kW,-33.87650055,151.178,"Sydney, Council of the City of",2037,Existing Fast Chargers,0,0,0,0,0,0,0,0,0,0,0,0,0,0,0,0,0,0,0,0,0,4,0,0,0,0,0,0,0,0,0,0,0,0,0,0,0,0,0,0,Sydney - City and Inner South,117,2037,unmatched,unmatched,,,,,,,{},,0,0,,,,False,accepted,coordinate_only,26.337191871127892,0.0,https://www.openstreetmap.org/node/6965052432,,Tesla Supercharger,Tesla,"{""access_condition"": ""Free Access"", ""allows_card_payment"": false, ""allows_reservation"": false, ""charging_point_count"": 4, ""charging_point_count_raw"": 4, ""connector_types_normalized"": ""CCS"", ""data_provider"": ""OpenStreetMap"", ""is_free"": true, ""network"": ""Tesla Supercharger"", ""number_of_plugs"": null, ""opening_hours"": """", ""power_kw_max"": null, ""power_kw_min"": null, ""power_scope"": ""station_reported_maximum"", ""pricing_info"": """"}",True,1,1,,,,False,unmatched,unmatched,,,,,,,{},,0,0,,,,False,accepted,accepted,OSM,OSM:https://www.openstreetmap.org/node/6965052432,,,,no,,"{""OSM::access_condition"": ""Free Access"", ""OSM::allows_card_payment"": false, ""OSM::allows_reservation"": false, ""OSM::charging_point_count"": 4, ""OSM::charging_point_count_raw"": 4, ""OSM::connector_types_normalized"": ""CCS"", ""OSM::data_provider"": ""OpenStreetMap"", ""OSM::is_free"": true, ""OSM::network"": ""Tesla Supercharger"", ""OSM::power_scope"": ""station_reported_maximum""}","{""OSM::access_condition"": ""Free Access"", ""OSM::allows_card_payment"": false, ""OSM::allows_reservation"": false, ""OSM::connector_types_normalized"": ""CCS"", ""OSM::is_free"": true, ""OSM::network"": ""Tesla Supercharger"", ""OSM::power_scope"": ""station_reported_maximum""}",6,"[{""binding"": ""source_address_only; external identity not verified"", ""conclusion"": """", ""file"": ""data/reference/web_review/task3_104_non_ocm_web_verified.csv"", ""page_opened"": false, ""reported_confidence"": ""medium"", ""url"": ""https://www.chargeroute.au/chargers/nsw/tesla-sydney-sydney-3""}]"
16,,,"1 Frederick Street, Sydney NSW 2064",Evie Networks,6,DC,150 kW,-33.81707912,151.1889369,Willoughby City Council,2064,Existing Fast Chargers,0,0,0,0,0,0,0,6,0,0,0,0,0,0,0,0,0,0,0,0,0,0,0,0,0,0,0,0,0,0,0,0,0,0,0,0,0,0,0,0,Sydney - North Sydney and Hornsby,121,2064,review,coordinate_only,157.01557144384634,0.33695652173913043,272613,"65 Reserve Road, St Leonards, New South Wales, 2065",TLE Electrical Artarmon,Chargefox,"{""charger_capacities"": ""22 kW"", ""charging_point_count"": 1.0, ""connector_types_normalized"": ""CCS;CHAdeMO"", ""data_provider"": ""Open Charge Map"", ""is_operational"": true, ""last_verified"": ""2023-07-15T07:52:00Z"", ""number_of_plugs"": null, ""operator"": ""Chargefox"", ""plug_types"": ""CCS (Type 2); CHAdeMO"", ""power_kw_max"": 22.0, ""power_kw_min"": 22.0, ""power_kw_values"": [22.0], ""power_scope"": ""dc_indicated_connection_ratings"", ""status"": ""Operational"", ""usage_cost"": ""$0.30/kWh""}",True,1,1,,external postcode conflicts with source; house numbers conflict; address evidence is inconsistent; candidate does not pass the automatic identity gate,,False,unmatched,unmatched,,,,,,,{},,0,0,,,,False,review,coordinate_only,480.3922950434002,0.33163265306122447,393dc550-5791-46d3-a359-20e9e5b406b3-6788b95616c263b357a1ec99,"18/39 Herbert Street, St Leonards, NSW 2065",Delta HQ,,"{""connector_types_normalized"": ""CCS;CHAdeMO"", ""data_provider"": ""Charge@Large"", ""dc_port_count"": 2, ""number_of_plugs"": null, ""power_kw_max"": 25.0, ""power_kw_min"": 25.0, ""power_kw_values"": [25.0], ""power_scope"": ""dc_indicated_ports"", ""site_power_range_raw"": ""25"", ""status_counts"": {""Available"": 2}, ""status_observed_at"": null, ""total_port_count"": 2}",True,1,1,,external postcode conflicts with source; house numbers conflict; address evidence is inconsistent; candidate does not pass the automatic identity gate,,False,review,review,,,OCM;Charge@Large,OCM: external postcode conflicts with source; house numbers conflict; address evidence is inconsistent; candidate does not pass the automatic identity gate; Charge@Large: external postcode conflicts with source; house numbers conflict; address evidence is inconsistent; candidate does not pass the automatic identity gate,,no,,{},{},0,"[{""binding"": ""same source address and OCM ID; search evidence only"", ""conclusion"": ""web_evidence_found_not_identity_proof"", ""file"": ""data/reference/web_review/task3_ocm_125_web_confidence.csv"", ""page_opened"": true, ""reported_confidence"": ""high"", ""url"": ""https://www.chargeroute.au/ev-chargers/nsw/sydney""}]"
19,,,"1 Greenbridge Drive, Wilton NSW 2571",Chargefox,2,DC,160 kW,-34.22847652,150.6841562,Wollondilly Shire Council,2571,Existing Fast Chargers,0,0,0,0,0,0,0,0,2,0,0,0,0,0,0,0,0,0,0,0,0,0,0,0,0,0,0,0,0,0,0,0,0,0,0,0,0,0,0,0,Sydney - Outer South West,123,2571,unmatched,unmatched,,,,,,,{},,0,0,,,,False,accepted,coordinate_only,2.923576208797703,0.0,https://www.openstreetmap.org/node/12624993541,,,Chargefox,"{""access_condition"": ""Free Access"", ""allows_card_payment"": false, ""allows_reservation"": false, ""charging_point_count"": null, ""charging_point_count_raw"": null, ""connector_types_normalized"": ""CCS"", ""data_provider"": ""OpenStreetMap"", ""is_free"": false, ""network"": """", ""number_of_plugs"": null, ""opening_hours"": """", ""power_kw_max"": null, ""power_kw_min"": null, ""power_scope"": ""station_reported_maximum"", ""pricing_info"": """"}",True,1,1,,,,False,unmatched,unmatched,,,,,,,{},,0,0,,,,False,accepted,accepted,OSM,OSM:https://www.openstreetmap.org/node/12624993541,,,,no,,"{""OSM::access_condition"": ""Free Access"", ""OSM::allows_card_payment"": false, ""OSM::allows_reservation"": false, ""OSM::connector_types_normalized"": ""CCS"", ""OSM::data_provider"": ""OpenStreetMap"", ""OSM::is_free"": false, ""OSM::power_scope"": ""station_reported_maximum""}","{""OSM::access_condition"": ""Free Access"", ""OSM::allows_card_payment"": false, ""OSM::allows_reservation"": false, ""OSM::connector_types_normalized"": ""CCS"", ""OSM::is_free"": false, ""OSM::power_scope"": ""station_reported_maximum""}",5,"[{""binding"": ""source_address_only; external identity not verified"", ""conclusion"": """", ""file"": ""data/reference/web_review/task3_104_non_ocm_web_verified.csv"", ""page_opened"": false, ""reported_confidence"": ""medium"", ""url"": ""https://www.plugroo.com.au/nsw/cordeaux""}]"
23,,,"1 Ingham Drive, Casula NSW 2170",Evie Networks,4,DC,50 kW,-33.948829,150.90027,Liverpool City Council,2170,ARENA - Driving the Nation,0,0,0,0,0,0,0,0,0,0,0,0,0,0,0,0,0,0,0,0,0,0,0,0,0,0,0,0,0,0,0,4,0,0,0,0,0,0,0,0,Sydney - South West,127,2170,accepted,coordinate_and_fuzzy_address,125.52341782426228,1.0,272688,"1 Ingham Dr, Casula, New South Wales, 2170",Casula Mall,Evie,"{""charger_capacities"": ""50 kW"", ""charging_point_count"": 2.0, ""connector_types_normalized"": ""CCS;CHAdeMO"", ""data_provider"": ""Open Charge Map"", ""is_operational"": true, ""last_verified"": ""2023-07-16T22:04:00Z"", ""number_of_plugs"": null, ""operator"": ""Evie"", ""plug_types"": ""CCS (Type 2); CHAdeMO"", ""power_kw_max"": 50.0, ""power_kw_min"": 50.0, ""power_kw_values"": [50.0], ""power_scope"": ""dc_indicated_connection_ratings"", ""status"": ""Operational"", ""usage_cost"": """"}",True,1,1,,,,False,accepted,coordinate_only,0.9333057450103917,0.0,https://www.openstreetmap.org/node/9863034303,,,Evie Networks,"{""access_condition"": ""Free Access"", ""allows_card_payment"": false, ""allows_reservation"": false, ""charging_point_count"": 2, ""charging_point_count_raw"": 2, ""connector_types_normalized"": ""CCS;CHAdeMO"", ""data_provider"": ""OpenStreetMap"", ""is_free"": false, ""network"": """", ""number_of_plugs"": null, ""opening_hours"": """", ""power_kw_max"": null, ""power_kw_min"": null, ""power_scope"": ""station_reported_maximum"", ""pricing_info"": """"}",True,1,1,,,,False,unmatched,unmatched,,,,,,,{},,0,0,,,,False,accepted,accepted,OCM;OSM,OCM:272688;OSM:https://www.openstreetmap.org/node/9863034303,,,,no,,"{""OCM::charger_capacities"": ""50 kW"", ""OCM::charging_point_count"": 2.0, ""OCM::connector_types_normalized"": ""CCS;CHAdeMO"", ""OCM::data_provider"": ""Open Charge Map"", ""OCM::is_operational"": true, ""OCM::last_verified"": ""2023-07-16T22:04:00Z"", ""OCM::operator"": ""Evie"", ""OCM::plug_types"": ""CCS (Type 2); CHAdeMO"", ""OCM::power_kw_max"": 50.0, ""OCM::power_kw_min"": 50.0, ""OCM::power_kw_values"": [50.0], ""OCM::power_scope"": ""dc_indicated_connection_ratings"", ""OCM::status"": ""Operational"", ""OSM::access_condition"": ""Free Access"", ""OSM::allows_card_payment"": false, ""OSM::allows_reservation"": false, ""OSM::charging_point_count"": 2, ""OSM::charging_point_count_raw"": 2, ""OSM::connector_types_normalized"": ""CCS;CHAdeMO"", ""OSM::data_provider"": ""OpenStreetMap"", ""OSM::is_free"": false, ""OSM::power_scope"": ""station_reported_maximum""}","{""OCM::connector_types_normalized"": ""CCS;CHAdeMO"", ""OCM::is_operational"": true, ""OCM::operator"": ""Evie"", ""OCM::plug_types"": ""CCS (Type 2); CHAdeMO"", ""OCM::power_kw_max"": 50.0, ""OCM::power_kw_min"": 50.0, ""OCM::power_scope"": ""dc_indicated_connection_ratings"", ""OCM::status"": ""Operational"", ""OSM::access_condition"": ""Free Access"", ""OSM::allows_card_payment"": false, ""OSM::allows_reservation"": false, ""OSM::connector_types_normalized"": ""CCS;CHAdeMO"", ""OSM::is_free"": false, ""OSM::power_scope"": ""station_reported_maximum""}",8,[]
27,,,"1 Little Walker Street, Casino NSW 2470",NRMA Electric,4,DC,50 kW,-35.442745,149.7913305,Richmond Valley Council,2470,TfNSW Regional,0,0,0,0,0,0,0,0,0,0,0,0,0,0,0,0,0,0,0,0,0,0,0,0,0,0,0,0,0,0,0,4,0,0,0,0,0,0,0,0,Capital Region,101,2622,review,fuzzy_address_only,792872.5121487663,0.8560975609756099,260392,"Little Walker Street, New South Wales, 2470",Little Walker Street,NRMA,"{""charger_capacities"": ""50 kW"", ""charging_point_count"": 2.0, ""connector_types_normalized"": ""CCS;CHAdeMO"", ""data_provider"": ""Open Charge Map"", ""is_operational"": true, ""last_verified"": ""2023-04-23T10:48:00Z"", ""number_of_plugs"": null, ""operator"": ""NRMA"", ""plug_types"": ""CCS (Type 2); CHAdeMO"", ""power_kw_max"": 50.0, ""power_kw_min"": 50.0, ""power_kw_values"": [50.0], ""power_scope"": ""dc_indicated_connection_ratings"", ""status"": ""Operational"", ""usage_cost"": """"}",True,1,0,,source address and original postcode conflict; address evidence is street-level only; address-only match; coordinates exceed 500 m,,True,review,coordinate_only,37.93703118309776,0.0,https://www.openstreetmap.org/node/12644131941,,,NRMA,"{""access_condition"": ""Free Access"", ""allows_card_payment"": false, ""allows_reservation"": false, ""charging_point_count"": 2, ""charging_point_count_raw"": 2, ""connector_types_normalized"": ""CCS;CHAdeMO"", ""data_provider"": ""OpenStreetMap"", ""is_free"": false, ""network"": """", ""number_of_plugs"": null, ""opening_hours"": """", ""power_kw_max"": null, ""power_kw_min"": null, ""power_scope"": ""station_reported_maximum"", ""pricing_info"": """"}",True,1,1,,source address and original postcode conflict; candidate does not pass the automatic identity gate,,True,unmatched,unmatched,,,,,,,{},,0,0,,,,True,review,review,,,OCM;OSM,OCM: source address and original postcode conflict; address evidence is street-level only; address-only match; coordinates exceed 500 m; OSM: source address and original postcode conflict; candidate does not pass the automatic identity gate,,no,,{},{},0,"[{""binding"": ""source_address_only; external identity not verified"", ""conclusion"": """", ""file"": ""data/reference/web_review/task3_104_non_ocm_web_verified.csv"", ""page_opened"": false, ""reported_confidence"": ""low"", ""url"": ""https://www.property.com.au/nsw/casino-2470/little-walker-st/1-pid-11965302/""}]"
35,,,"1 Park Street, Sydney NSW 2103",JOLT,2,DC,25 kW,-33.67613618,151.3039429,Northern Beaches Council,2103,Existing Fast Chargers,0,0,0,0,0,0,0,0,0,0,0,0,0,0,0,0,0,0,0,0,0,0,2,0,0,0,0,0,0,0,0,0,0,0,0,0,0,0,0,0,Sydney - Northern Beaches,122,2103,accepted,coordinate_and_fuzzy_address,5.722596534549362,0.9371428571428572,192929,"1 Park St, Mona Vale, NSW, 2103",Mona Vale library carpark [JOLT],Jolt,"{""charger_capacities"": ""25 kW"", ""charging_point_count"": 1.0, ""connector_types_normalized"": ""CCS;CHAdeMO"", ""data_provider"": ""Open Charge Map"", ""is_operational"": true, ""last_verified"": ""2023-02-11T08:43:00Z"", ""number_of_plugs"": null, ""operator"": ""Jolt"", ""plug_types"": ""CCS (Type 2); CHAdeMO"", ""power_kw_max"": 25.0, ""power_kw_min"": 25.0, ""power_kw_values"": [25.0], ""power_scope"": ""dc_indicated_connection_ratings"", ""status"": ""Operational"", ""usage_cost"": ""First 7kWh free, then $0.46 per kWh thereafter. $5/hr idle time""}",True,2,2,58.20922237203358,,,False,accepted,coordinate_only,15.388839462112136,0.0,https://www.openstreetmap.org/node/9704706490,,,Jolt,"{""access_condition"": ""Free Access"", ""allows_card_payment"": false, ""allows_reservation"": false, ""charging_point_count"": 1, ""charging_point_count_raw"": 1, ""connector_types_normalized"": ""CHAdeMO"", ""data_provider"": ""OpenStreetMap"", ""is_free"": false, ""network"": ""JOLT"", ""number_of_plugs"": null, ""opening_hours"": ""24/7"", ""power_kw_max"": null, ""power_kw_min"": null, ""power_scope"": ""station_reported_maximum"", ""pricing_info"": """"}",True,2,2,61.68753183782767,,,False,unmatched,unmatched,,,,,,,{},,0,0,,,,False,accepted,accepted,OCM;OSM,OCM:192929;OSM:https://www.openstreetmap.org/node/9704706490,,,,no,,"{""OCM::charger_capacities"": ""25 kW"", ""OCM::charging_point_count"": 1.0, ""OCM::connector_types_normalized"": ""CCS;CHAdeMO"", ""OCM::data_provider"": ""Open Charge Map"", ""OCM::is_operational"": true, ""OCM::last_verified"": ""2023-02-11T08:43:00Z"", ""OCM::operator"": ""Jolt"", ""OCM::plug_types"": ""CCS (Type 2); CHAdeMO"", ""OCM::power_kw_max"": 25.0, ""OCM::power_kw_min"": 25.0, ""OCM::power_kw_values"": [25.0], ""OCM::power_scope"": ""dc_indicated_connection_ratings"", ""OCM::status"": ""Operational"", ""OCM::usage_cost"": ""First 7kWh free, then $0.46 per kWh thereafter. $5/hr idle time"", ""OSM::access_condition"": ""Free Access"", ""OSM::allows_card_payment"": false, ""OSM::allows_reservation"": false, ""OSM::charging_point_count"": 1, ""OSM::charging_point_count_raw"": 1, ""OSM::connector_types_normalized"": ""CHAdeMO"", ""OSM::data_provider"": ""OpenStreetMap"", ""OSM::is_free"": false, ""OSM::network"": ""JOLT"", ""OSM::opening_hours"": ""24/7"", ""OSM::power_scope"": ""station_reported_maximum""}","{""OCM::connector_types_normalized"": ""CCS;CHAdeMO"", ""OCM::is_operational"": true, ""OCM::operator"": ""Jolt"", ""OCM::plug_types"": ""CCS (Type 2); CHAdeMO"", ""OCM::power_kw_max"": 25.0, ""OCM::power_kw_min"": 25.0, ""OCM::power_scope"": ""dc_indicated_connection_ratings"", ""OCM::status"": ""Operational"", ""OCM::usage_cost"": ""First 7kWh free, then $0.46 per kWh thereafter. $5/hr idle time"", ""OSM::access_condition"": ""Free Access"", ""OSM::allows_card_payment"": false, ""OSM::allows_reservation"": false, ""OSM::connector_types_normalized"": ""CHAdeMO"", ""OSM::is_free"": false, ""OSM::network"": ""JOLT"", ""OSM::opening_hours"": ""24/7"", ""OSM::power_scope"": ""station_reported_maximum""}",11,[]
36,,,"1 Perry Street, Batemans Bay NSW 2536",Evie Networks,4,DC,75 kW,-35.70737242,150.1761672,Eurobodalla Shire Council,2536,Existing Fast Chargers,0,0,0,0,0,0,0,0,0,0,0,0,0,0,0,0,0,0,0,0,0,0,0,0,0,0,0,0,0,0,0,0,0,0,0,4,0,0,0,0,Capital Region,101,2536,review,coordinate_only,138.42854106496608,0.4236702127659575,157566,"2A Beach Road, Batemans Bay, NSW, 2536",Batemans Bay Visitor Centre [NRMA],NRMA,"{""charger_capacities"": ""50 kW"", ""charging_point_count"": 1.0, ""connector_types_normalized"": ""CCS;CHAdeMO"", ""data_provider"": ""Open Charge Map"", ""is_operational"": true, ""last_verified"": ""2021-12-19T02:29:00Z"", ""number_of_plugs"": null, ""operator"": ""NRMA"", ""plug_types"": ""CCS (Type 2); CHAdeMO"", ""power_kw_max"": 50.0, ""power_kw_min"": 50.0, ""power_kw_values"": [50.0], ""power_scope"": ""dc_indicated_connection_ratings"", ""status"": ""Operational"", ""usage_cost"": """"}",True,3,3,179.54486260578992,house numbers conflict; address evidence is inconsistent; candidate does not pass the automatic identity gate,,False,review,coordinate_only,149.62063319237546,0.0,https://www.openstreetmap.org/node/6512442081,,,NRMA,"{""access_condition"": ""Free Access"", ""allows_card_payment"": false, ""allows_reservation"": false, ""charging_point_count"": 1, ""charging_point_count_raw"": 1, ""connector_types_normalized"": ""CCS;CHAdeMO"", ""data_provider"": ""OpenStreetMap"", ""is_free"": true, ""network"": """", ""number_of_plugs"": null, ""opening_hours"": """", ""power_kw_max"": 50.0, ""power_kw_min"": null, ""power_scope"": ""station_reported_maximum"", ""pricing_info"": """"}",True,3,3,154.5363704601117,candidate does not pass the automatic identity gate,,False,unmatched,unmatched,,,,,,,{},,0,0,,,,False,review,review,,,OCM;OSM,OCM: house numbers conflict; address evidence is inconsistent; candidate does not pass the automatic identity gate; OSM: candidate does not pass the automatic identity gate,,no,,{},{},0,"[{""binding"": ""same source address and OCM ID; search evidence only"", ""conclusion"": ""web_evidence_found_not_identity_proof"", ""file"": ""data/reference/web_review/task3_ocm_125_web_confidence.csv"", ""page_opened"": true, ""reported_confidence"": ""high"", ""url"": ""https://ev-charging-stations.com.au/chargers/evie-1-perry-street-batemans-bay-nsw-2536""}]"
37,,,"1 Plunkett Street, Sydney NSW 2065",Exploren,2,DC,50 kW,-33.8215586,151.1964124,Willoughby City Council,2065,Existing Fast Chargers,0,0,0,0,0,0,0,0,0,0,0,0,0,0,0,0,0,0,0,0,0,0,0,0,0,0,0,0,0,0,0,2,0,0,0,0,0,0,0,0,Sydney - North Sydney and Hornsby,121,2065,review,coordinate_only,274.9827753415204,0.41956521739130437,272632,"88 Christie St, St Leonards, NSW, 2065",Civic Plaza 88 Christie,Evie,"{""charger_capacities"": ""50 kW"", ""charging_point_count"": 2.0, ""connector_types_normalized"": ""CCS;CHAdeMO"", ""data_provider"": ""Open Charge Map"", ""is_operational"": true, ""last_verified"": ""2023-07-15T12:12:00Z"", ""number_of_plugs"": null, ""operator"": ""Evie"", ""plug_types"": ""CCS (Type 2); CHAdeMO"", ""power_kw_max"": 50.0, ""power_kw_min"": 50.0, ""power_kw_values"": [50.0], ""power_scope"": ""dc_indicated_connection_ratings"", ""status"": ""Operational"", ""usage_cost"": """"}",True,1,1,,house numbers conflict; address evidence is inconsistent; candidate does not pass the automatic identity gate,,False,review,coordinate_only,443.4775028156703,0.0,https://www.openstreetmap.org/node/13059026685,,,Evie Networks,"{""access_condition"": ""Free Access"", ""allows_card_payment"": false, ""allows_reservation"": false, ""charging_point_count"": 4, ""charging_point_count_raw"": 4, ""connector_types_normalized"": ""CCS"", ""data_provider"": ""OpenStreetMap"", ""is_free"": false, ""network"": """", ""number_of_plugs"": null, ""opening_hours"": """", ""power_kw_max"": null, ""power_kw_min"": null, ""power_scope"": ""station_reported_maximum"", ""pricing_info"": """"}",True,1,1,,candidate does not pass the automatic identity gate,,False,accepted,coordinate_and_fuzzy_address,0.076266261977211,0.9422222222222223,15d06bf5-6b4a-425d-9312-bae4b17cc22b-1993,"1 Plunkett St, New South Wales, St Leonards, NSW 2065",Willoughby City Council - Plunkett St,,"{""connector_types_normalized"": ""CCS"", ""data_provider"": ""Charge@Large"", ""dc_port_count"": 2, ""number_of_plugs"": null, ""power_kw_max"": 50.0, ""power_kw_min"": 50.0, ""power_kw_values"": [50.0], ""power_scope"": ""dc_indicated_ports"", ""site_power_range_raw"": ""50"", ""status_counts"": {""Available"": 2}, ""status_observed_at"": null, ""total_port_count"": 2}",True,2,2,371.8439687766168,,,False,accepted,accepted,Charge@Large,Charge@Large:15d06bf5-6b4a-425d-9312-bae4b17cc22b-1993,OCM;OSM,OCM: house numbers conflict; address evidence is inconsistent; candidate does not pass the automatic identity gate; OSM: candidate does not pass the automatic identity gate,,no,,"{""Charge@Large::connector_types_normalized"": ""CCS"", ""Charge@Large::data_provider"": ""Charge@Large"", ""Charge@Large::dc_port_count"": 2, ""Charge@Large::power_kw_max"": 50.0, ""Charge@Large::power_kw_min"": 50.0, ""Charge@Large::power_kw_values"": [50.0], ""Charge@Large::power_scope"": ""dc_indicated_ports"", ""Charge@Large::site_power_range_raw"": ""50"", ""Charge@Large::status_counts"": {""Available"": 2}, ""Charge@Large::total_port_count"": 2}","{""Charge@Large::connector_types_normalized"": ""CCS"", ""Charge@Large::dc_port_count"": 2, ""Charge@Large::power_kw_max"": 50.0, ""Charge@Large::power_kw_min"": 50.0, ""Charge@Large::power_scope"": ""dc_indicated_ports"", ""Charge@Large::status_counts"": {""Available"": 2}, ""Charge@Large::total_port_count"": 2}",2,"[{""binding"": ""same source address and OCM ID; search evidence only"", ""conclusion"": ""web_evidence_found_not_identity_proof"", ""file"": ""data/reference/web_review/task3_ocm_125_web_confidence.csv"", ""page_opened"": true, ""reported_confidence"": ""high"", ""url"": ""https://ev-charging-stations.com.au/chargers/nsw/royal-north-shore-hospital""}]"
47,,,"1 Wharf Street, Tweed Heads NSW 2485",Tesla,6,DC,250 kW,-28.17378983,153.5445165,Tweed Shire Council,2485,Existing Fast Chargers,0,0,0,0,0,0,0,0,0,0,0,0,0,0,0,0,0,0,0,0,0,6,0,0,0,0,0,0,0,0,0,0,0,0,0,0,0,0,0,0,Richmond - Tweed,112,2485,unmatched,unmatched,,,,,,,{},,0,0,,,,False,unmatched,unmatched,,,,,,,{},,0,0,,,,False,unmatched,unmatched,,,,,,,{},,0,0,,,,False,unmatched,unmatched,,,,,,no,,{},{},0,[]
49,,,"1/9 Railway Parade, Kogarah NSW 2217",Evie Networks,4,DC,150 kW,-33.9624686,151.1324696,Georges River Council,2217,ARENA - Driving the Nation,0,0,0,0,0,0,0,4,0,0,0,0,0,0,0,0,0,0,0,0,0,0,0,0,0,0,0,0,0,0,0,0,0,0,0,0,0,0,0,0,Sydney - Inner South West,119,2217,unmatched,unmatched,,,,,,,{},,0,0,,,,False,unmatched,unmatched,,,,,,,{},,0,0,,,,False,unmatched,unmatched,,,,,,,{},,0,0,,,,False,unmatched,unmatched,,,,,,no,,{},{},0,[]
50,,,"10 Brookfield Road, Minto NSW 2566",Evie Networks,4,DC,75 kW,-34.03094307,150.8490285,Campbelltown City Council,2566,ARENA - Driving the Nation,0,0,0,0,0,0,0,0,0,0,0,0,0,0,0,0,0,0,0,0,0,0,0,0,0,0,0,0,0,0,0,0,0,0,0,4,0,0,0,0,Sydney - Outer South West,123,2566,unmatched,unmatched,,,,,,,{},,0,0,,,,False,accepted,coordinate_only,5.60351334411773,0.0,https://www.openstreetmap.org/node/12015862929,,,Evie Networks,"{""access_condition"": ""Free Access"", ""allows_card_payment"": false, ""allows_reservation"": false, ""charging_point_count"": null, ""charging_point_count_raw"": null, ""connector_types_normalized"": ""CCS;CHAdeMO"", ""data_provider"": ""OpenStreetMap"", ""is_free"": false, ""network"": """", ""number_of_plugs"": null, ""opening_hours"": """", ""power_kw_max"": null, ""power_kw_min"": null, ""power_scope"": ""station_reported_maximum"", ""pricing_info"": """"}",True,1,1,,,,False,unmatched,unmatched,,,,,,,{},,0,0,,,,False,accepted,accepted,OSM,OSM:https://www.openstreetmap.org/node/12015862929,,,,no,,"{""OSM::access_condition"": ""Free Access"", ""OSM::allows_card_payment"": false, ""OSM::allows_reservation"": false, ""OSM::connector_types_normalized"": ""CCS;CHAdeMO"", ""OSM::data_provider"": ""OpenStreetMap"", ""OSM::is_free"": false, ""OSM::power_scope"": ""station_reported_maximum""}","{""OSM::access_condition"": ""Free Access"", ""OSM::allows_card_payment"": false, ""OSM::allows_reservation"": false, ""OSM::connector_types_normalized"": ""CCS;CHAdeMO"", ""OSM::is_free"": false, ""OSM::power_scope"": ""station_reported_maximum""}",5,"[{""binding"": ""source_address_only; external identity not verified"", ""conclusion"": """", ""file"": ""data/reference/web_review/task3_104_non_ocm_web_verified.csv"", ""page_opened"": true, ""reported_confidence"": ""high"", ""url"": ""https://mintomall.com.au/""}]"
53,,,"10 Elizabeth Street, Bathurst NSW 2795",Evie Networks,4,DC,150 kW,-33.41417222,149.5833564,Bathurst Regional Council,2795,Existing Fast Chargers,0,0,0,0,0,0,0,4,0,0,0,0,0,0,0,0,0,0,0,0,0,0,0,0,0,0,0,0,0,0,0,0,0,0,0,0,0,0,0,0,Central West,103,2795,unmatched,unmatched,,,,,,,{},,0,0,,,,False,accepted,coordinate_only,6.032640566244375,0.0,https://www.openstreetmap.org/node/12481649796,,,Evie Networks,"{""access_condition"": ""Free Access"", ""allows_card_payment"": false, ""allows_reservation"": false, ""charging_point_count"": 4, ""charging_point_count_raw"": 4, ""connector_types_normalized"": ""CCS;CHAdeMO"", ""data_provider"": ""OpenStreetMap"", ""is_free"": false, ""network"": """", ""number_of_plugs"": null, ""opening_hours"": """", ""power_kw_max"": null, ""power_kw_min"": null, ""power_scope"": ""station_reported_maximum"", ""pricing_info"": """"}",True,2,2,192.48528001230468,,,False,unmatched,unmatched,,,,,,,{},,0,0,,,,False,accepted,accepted,OSM,OSM:https://www.openstreetmap.org/node/12481649796,,,,no,,"{""OSM::access_condition"": ""Free Access"", ""OSM::allows_card_payment"": false, ""OSM::allows_reservation"": false, ""OSM::charging_point_count"": 4, ""OSM::charging_point_count_raw"": 4, ""OSM::connector_types_normalized"": ""CCS;CHAdeMO"", ""OSM::data_provider"": ""OpenStreetMap"", ""OSM::is_free"": false, ""OSM::power_scope"": ""station_reported_maximum""}","{""OSM::access_condition"": ""Free Access"", ""OSM::allows_card_payment"": false, ""OSM::allows_reservation"": false, ""OSM::connector_types_normalized"": ""CCS;CHAdeMO"", ""OSM::is_free"": false, ""OSM::power_scope"": ""station_reported_maximum""}",5,"[{""binding"": ""source_address_only; external identity not verified"", ""conclusion"": """", ""file"": ""data/reference/web_review/task3_104_non_ocm_web_verified.csv"", ""page_opened"": false, ""reported_confidence"": ""medium"", ""url"": ""https://plugroo.com.au/location/evie-networks-nsw-bathurst-10-elizabeth-street""}]"
59,,,"10 Winery Drive, Port Macquarie NSW 2444",Tesla,12,DC,130 kW,-31.43610015,152.8235826,Port Macquarie-Hastings Council,2444,Existing Fast Chargers,0,0,0,0,12,0,0,0,0,0,0,0,0,0,0,0,0,0,0,0,0,0,0,0,0,0,0,0,0,0,0,0,0,0,0,0,0,0,0,0,Mid North Coast,108,2444,review,coordinate_only,0.05931765651885544,0.3863157894736842,79311,"764 Pacific Highway, Port Macquarie, NSW, 2444",Port Macquarie Supercharger [Tesla],Tesla (Tesla-only charging),"{""charger_capacities"": ""120 kW"", ""charging_point_count"": 6.0, ""connector_types_normalized"": ""CCS"", ""data_provider"": ""Open Charge Map"", ""is_operational"": true, ""last_verified"": ""2021-12-19T01:54:00Z"", ""number_of_plugs"": null, ""operator"": ""Tesla (Tesla-only charging)"", ""plug_types"": ""CCS (Type 2)"", ""power_kw_max"": 120.0, ""power_kw_min"": 120.0, ""power_kw_values"": [120.0], ""power_scope"": ""dc_indicated_connection_ratings"", ""status"": ""Operational"", ""usage_cost"": ""AUD 0.52/kWh""}",True,1,1,,house numbers conflict; address evidence is inconsistent; candidate does not pass the automatic identity gate,,False,accepted,coordinate_only,9.835200171456648,0.0,https://www.openstreetmap.org/node/6460587589,,Tesla Supercharger,Tesla,"{""access_condition"": ""Free Access"", ""allows_card_payment"": false, ""allows_reservation"": false, ""charging_point_count"": 6, ""charging_point_count_raw"": 6, ""connector_types_normalized"": ""CCS"", ""data_provider"": ""OpenStreetMap"", ""is_free"": false, ""network"": ""Supercharger"", ""number_of_plugs"": null, ""opening_hours"": ""24/7"", ""power_kw_max"": null, ""power_kw_min"": null, ""power_scope"": ""station_reported_maximum"", ""pricing_info"": """"}",True,1,1,,,,False,unmatched,unmatched,,,,,,,{},,0,0,,,,False,accepted,accepted,OSM,OSM:https://www.openstreetmap.org/node/6460587589,OCM,OCM: house numbers conflict; address evidence is inconsistent; candidate does not pass the automatic identity gate,,no,,"{""OSM::access_condition"": ""Free Access"", ""OSM::allows_card_payment"": false, ""OSM::allows_reservation"": false, ""OSM::charging_point_count"": 6, ""OSM::charging_point_count_raw"": 6, ""OSM::connector_types_normalized"": ""CCS"", ""OSM::data_provider"": ""OpenStreetMap"", ""OSM::is_free"": false, ""OSM::network"": ""Supercharger"", ""OSM::opening_hours"": ""24/7"", ""OSM::power_scope"": ""station_reported_maximum""}","{""OSM::access_condition"": ""Free Access"", ""OSM::allows_card_payment"": false, ""OSM::allows_reservation"": false, ""OSM::connector_types_normalized"": ""CCS"", ""OSM::is_free"": false, ""OSM::network"": ""Supercharger"", ""OSM::opening_hours"": ""24/7"", ""OSM::power_scope"": ""station_reported_maximum""}",7,"[{""binding"": ""same source address and OCM ID; search evidence only"", ""conclusion"": ""web_evidence_found_not_identity_proof"", ""file"": ""data/reference/web_review/task3_ocm_125_web_confidence.csv"", ""page_opened"": false, ""reported_confidence"": ""medium"", ""url"": ""https://plugroo.com.au/location/supercharger-nsw-port-macquarie-10-winery-drive""}]"
66,,,"105 Station Road, Sydney NSW 2147",Ampol,2,DC,150 kW,-33.77436041,150.9448809,Blacktown City Council,2147,Existing Fast Chargers,0,0,0,0,0,0,0,2,0,0,0,0,0,0,0,0,0,0,0,0,0,0,0,0,0,0,0,0,0,0,0,0,0,0,0,0,0,0,0,0,Sydney - Blacktown,116,2147,unmatched,unmatched,,,,,,,{},,0,0,,,,False,accepted,coordinate_only,4.943991220409585,0.0,https://www.openstreetmap.org/node/13036266779,,,AmpCharge,"{""access_condition"": ""Free Access"", ""allows_card_payment"": false, ""allows_reservation"": false, ""charging_point_count"": null, ""charging_point_count_raw"": null, ""connector_types_normalized"": ""CCS;CHAdeMO"", ""data_provider"": ""OpenStreetMap"", ""is_free"": false, ""network"": """", ""number_of_plugs"": null, ""opening_hours"": """", ""power_kw_max"": null, ""power_kw_min"": null, ""power_scope"": ""station_reported_maximum"", ""pricing_info"": """"}",True,1,1,,,,False,unmatched,unmatched,,,,,,,{},,0,0,,,,False,accepted,accepted,OSM,OSM:https://www.openstreetmap.org/node/13036266779,,,,no,,"{""OSM::access_condition"": ""Free Access"", ""OSM::allows_card_payment"": false, ""OSM::allows_reservation"": false, ""OSM::connector_types_normalized"": ""CCS;CHAdeMO"", ""OSM::data_provider"": ""OpenStreetMap"", ""OSM::is_free"": false, ""OSM::power_scope"": ""station_reported_maximum""}","{""OSM::access_condition"": ""Free Access"", ""OSM::allows_card_payment"": false, ""OSM::allows_reservation"": false, ""OSM::connector_types_normalized"": ""CCS;CHAdeMO"", ""OSM::is_free"": false, ""OSM::power_scope"": ""station_reported_maximum""}",5,"[{""binding"": ""source_address_only; external identity not verified"", ""conclusion"": """", ""file"": ""data/reference/web_review/task3_104_non_ocm_web_verified.csv"", ""page_opened"": true, ""reported_confidence"": ""high"", ""url"": ""https://ev-charging-stations.com.au/chargers/ampcharge-105-station-road-sydney-nsw-2147""}]"
67,,,"106 Parraween Street, Sydney NSW 2090",Evie Networks,4,DC,75 kW,-33.8273504,151.2303373,North Sydney Council,2090,Existing Fast Chargers,0,0,0,0,0,0,0,0,0,0,0,0,0,0,0,0,0,0,0,0,0,0,0,0,0,0,0,0,0,0,0,0,0,0,0,4,0,0,0,0,Sydney - North Sydney and Hornsby,121,2090,unmatched,unmatched,,,,,,,{},,0,0,,,,False,unmatched,unmatched,,,,,,,{},,0,0,,,,False,unmatched,unmatched,,,,,,,{},,0,0,,,,False,unmatched,unmatched,,,,,,no,,{},{},0,[]
68,,,"1067 Oxley Highway, Thrumster NSW 2444",Chargefox,4,DC,180 kW,-31.46394199,152.8219499,Port Macquarie-Hastings Council,2444,Existing Fast Chargers,0,0,0,0,0,0,0,0,0,0,0,0,4,0,0,0,0,0,0,0,0,0,0,0,0,0,0,0,0,0,0,0,0,0,0,0,0,0,0,0,Mid North Coast,108,2444,review,coordinate_only,29.912686348093626,0.8916666666666667,172921,"1063 Oxley Highway, Thrumster, NSW, 2444",Port Macquarie Service Centre [Chargefox],Chargefox,"{""charger_capacities"": ""100 kW; 350 kW"", ""charging_point_count"": 2.0, ""connector_types_normalized"": ""CCS;CHAdeMO"", ""data_provider"": ""Open Charge Map"", ""is_operational"": true, ""last_verified"": ""2026-09-01T11:39:00Z"", ""number_of_plugs"": null, ""operator"": ""Chargefox"", ""plug_types"": ""CCS (Type 2); CHAdeMO"", ""power_kw_max"": 350.0, ""power_kw_min"": 100.0, ""power_kw_values"": [100.0, 350.0], ""power_scope"": ""dc_indicated_connection_ratings"", ""status"": ""Operational"", ""usage_cost"": ""$0.60/kWh, 20% discount for NRMA members""}",True,1,1,,house numbers conflict; address evidence is inconsistent; candidate does not pass the automatic identity gate,,False,accepted,coordinate_only,26.23447759446264,0.0,https://www.openstreetmap.org/node/8390250930,,,NRMA,"{""access_condition"": ""Free Access"", ""allows_card_payment"": false, ""allows_reservation"": false, ""charging_point_count"": 4, ""charging_point_count_raw"": 4, ""connector_types_normalized"": ""CCS;CHAdeMO"", ""data_provider"": ""OpenStreetMap"", ""is_free"": false, ""network"": """", ""number_of_plugs"": null, ""opening_hours"": """", ""power_kw_max"": null, ""power_kw_min"": null, ""power_scope"": ""station_reported_maximum"", ""pricing_info"": """"}",True,1,1,,,,False,unmatched,unmatched,,,,,,,{},,0,0,,,,False,accepted,accepted,OSM,OSM:https://www.openstreetmap.org/node/8390250930,OCM,OCM: house numbers conflict; address evidence is inconsistent; candidate does not pass the automatic identity gate,,no,,"{""OSM::access_condition"": ""Free Access"", ""OSM::allows_card_payment"": false, ""OSM::allows_reservation"": false, ""OSM::charging_point_count"": 4, ""OSM::charging_point_count_raw"": 4, ""OSM::connector_types_normalized"": ""CCS;CHAdeMO"", ""OSM::data_provider"": ""OpenStreetMap"", ""OSM::is_free"": false, ""OSM::power_scope"": ""station_reported_maximum""}","{""OSM::access_condition"": ""Free Access"", ""OSM::allows_card_payment"": false, ""OSM::allows_reservation"": false, ""OSM::connector_types_normalized"": ""CCS;CHAdeMO"", ""OSM::is_free"": false, ""OSM::power_scope"": ""station_reported_maximum""}",5,[]
69,,,"1068 Pittwater Road, Sydney NSW 2097",JOLT,2,DC,25 kW,-33.73111016,151.301011,Northern Beaches Council,2097,Existing Fast Chargers,0,0,0,0,0,0,0,0,0,0,0,0,0,0,0,0,0,0,0,0,0,0,2,0,0,0,0,0,0,0,0,0,0,0,0,0,0,0,0,0,Sydney - Northern Beaches,122,2097,unmatched,unmatched,,,,,,,{},,0,0,,,,False,unmatched,unmatched,,,,,,,{},,0,0,,,,False,unmatched,unmatched,,,,,,,{},,0,0,,,,False,unmatched,unmatched,,,,,,no,,{},{},0,[]
72,,,"109 Beecroft Road, Sydney NSW 2119",JOLT,2,DC,25 kW,-33.75051656,151.0650831,"Hornsby, The Council of the Shire of",2119,Existing Fast Chargers,0,0,0,0,0,0,0,0,0,0,0,0,0,0,0,0,0,0,0,0,0,0,2,0,0,0,0,0,0,0,0,0,0,0,0,0,0,0,0,0,Sydney - Ryde,126,2119,unmatched,unmatched,,,,,,,{},,0,0,,,,False,unmatched,unmatched,,,,,,,{},,0,0,,,,False,unmatched,unmatched,,,,,,,{},,0,0,,,,False,unmatched,unmatched,,,,,,no,,{},{},0,[]
76,,,"10W Apsley Street, Walcha NSW 2354",NRMA Electric,4,DC,50 kW,-29.960127,146.8578887,Walcha Council,2354,TfNSW Regional,0,0,0,0,0,0,0,0,0,0,0,0,0,0,0,0,0,0,0,0,0,0,0,0,0,0,0,0,0,0,0,4,0,0,0,0,0,0,0,0,Far West and Orana,105,2839,review,fuzzy_address_only,467745.52422729146,1.0,480135,"10W Apsley Street, Walcha, NSW, 2354",NRMA EV Charger Walcha,NRMA,"{""charger_capacities"": """", ""charging_point_count"": 2.0, ""connector_types_normalized"": ""CCS;CHAdeMO"", ""data_provider"": ""Open Charge Map"", ""is_operational"": true, ""last_verified"": ""2026-03-15T08:37:00Z"", ""number_of_plugs"": null, ""operator"": ""NRMA"", ""plug_types"": ""CCS (Type 2); CHAdeMO"", ""power_kw_max"": null, ""power_kw_min"": null, ""power_kw_values"": [], ""power_scope"": ""dc_indicated_connection_ratings"", ""status"": ""Operational"", ""usage_cost"": """"}",True,1,0,,source address and original postcode conflict; address-only match; coordinates exceed 500 m,,True,unmatched,unmatched,,,,,,,{},,0,0,,,,True,unmatched,unmatched,,,,,,,{},,0,0,,,,True,review,review,,,OCM,OCM: source address and original postcode conflict; address-only match; coordinates exceed 500 m,,no,,{},{},0,[]
79,,,"11 Ewingsdale Road, Ewingsdale NSW 2481",NRMA Electric,4,DC,75 kW,-28.63612817,153.5534605,Byron Shire Council,2481,Existing Fast Chargers,0,0,0,0,0,0,0,0,0,0,0,0,0,0,0,0,0,0,0,0,0,0,0,0,0,0,0,0,0,0,0,0,0,0,0,4,0,0,0,0,Richmond - Tweed,112,2481,accepted,coordinate_only,48.03506884492707,0.7382352941176471,190394,"Ewingsdale Road, Ewingsdale, New South Wales",The Farm Byron Bay [NRMA],NRMA,"{""charger_capacities"": ""50 kW"", ""charging_point_count"": 1.0, ""connector_types_normalized"": ""CCS;CHAdeMO"", ""data_provider"": ""Open Charge Map"", ""is_operational"": true, ""last_verified"": ""2025-10-06T09:29:00Z"", ""number_of_plugs"": null, ""operator"": ""NRMA"", ""plug_types"": ""CCS (Type 2); CHAdeMO"", ""power_kw_max"": 50.0, ""power_kw_min"": 50.0, ""power_kw_values"": [50.0], ""power_scope"": ""dc_indicated_connection_ratings"", ""status"": ""Operational"", ""usage_cost"": """"}",True,1,1,,,address evidence is inconsistent,False,accepted,coordinate_only,21.336579513032603,0.0,https://www.openstreetmap.org/node/6695968988,,,NRMA,"{""access_condition"": ""Free Access"", ""allows_card_payment"": false, ""allows_reservation"": false, ""charging_point_count"": 2, ""charging_point_count_raw"": 2, ""connector_types_normalized"": ""CCS;CHAdeMO"", ""data_provider"": ""OpenStreetMap"", ""is_free"": true, ""network"": """", ""number_of_plugs"": null, ""opening_hours"": """", ""power_kw_max"": null, ""power_kw_min"": null, ""power_scope"": ""station_reported_maximum"", ""pricing_info"": """"}",True,1,1,,,,False,unmatched,unmatched,,,,,,,{},,0,0,,,,False,accepted,accepted,OCM;OSM,OCM:190394;OSM:https://www.openstreetmap.org/node/6695968988,,,OCM: address evidence is inconsistent,yes,,"{""OCM::charger_capacities"": ""50 kW"", ""OCM::charging_point_count"": 1.0, ""OCM::connector_types_normalized"": ""CCS;CHAdeMO"", ""OCM::data_provider"": ""Open Charge Map"", ""OCM::is_operational"": true, ""OCM::last_verified"": ""2025-10-06T09:29:00Z"", ""OCM::operator"": ""NRMA"", ""OCM::plug_types"": ""CCS (Type 2); CHAdeMO"", ""OCM::power_kw_max"": 50.0, ""OCM::power_kw_min"": 50.0, ""OCM::power_kw_values"": [50.0], ""OCM::power_scope"": ""dc_indicated_connection_ratings"", ""OCM::status"": ""Operational"", ""OSM::access_condition"": ""Free Access"", ""OSM::allows_card_payment"": false, ""OSM::allows_reservation"": false, ""OSM::charging_point_count"": 2, ""OSM::charging_point_count_raw"": 2, ""OSM::connector_types_normalized"": ""CCS;CHAdeMO"", ""OSM::data_provider"": ""OpenStreetMap"", ""OSM::is_free"": true, ""OSM::power_scope"": ""station_reported_maximum""}","{""OCM::connector_types_normalized"": ""CCS;CHAdeMO"", ""OCM::is_operational"": true, ""OCM::operator"": ""NRMA"", ""OCM::plug_types"": ""CCS (Type 2); CHAdeMO"", ""OCM::power_kw_max"": 50.0, ""OCM::power_kw_min"": 50.0, ""OCM::power_scope"": ""dc_indicated_connection_ratings"", ""OCM::status"": ""Operational"", ""OSM::access_condition"": ""Free Access"", ""OSM::allows_card_payment"": false, ""OSM::allows_reservation"": false, ""OSM::connector_types_normalized"": ""CCS;CHAdeMO"", ""OSM::is_free"": true, ""OSM::power_scope"": ""station_reported_maximum""}",8,"[{""binding"": ""same source address and OCM ID; search evidence only"", ""conclusion"": ""web_evidence_found_not_identity_proof"", ""file"": ""data/reference/web_review/task3_ocm_125_web_confidence.csv"", ""page_opened"": true, ""reported_confidence"": ""high"", ""url"": ""https://ev-charging-stations.com.au/chargers/nrma-11-ewingsdale-road-ewingsdale-nsw-2481""}]"
83,,,"11 Scott Street, Sydney NSW 2170",JOLT,2,DC,25 kW,-33.92522427,150.9265836,Liverpool City Council,2170,Existing Fast Chargers,0,0,0,0,0,0,0,0,0,0,0,0,0,0,0,0,0,0,0,0,0,0,2,0,0,0,0,0,0,0,0,0,0,0,0,0,0,0,0,0,Sydney - South West,127,2170,unmatched,unmatched,,,,,,,{},,0,0,,,,False,unmatched,unmatched,,,,,,,{},,0,0,,,,False,unmatched,unmatched,,,,,,,{},,0,0,,,,False,unmatched,unmatched,,,,,,no,,{},{},0,[]
86,,,"110 Anzac Parade, Sydney NSW 2033",JOLT,2,DC,25 kW,-33.90717322,151.2239409,Randwick City Council,2033,Existing Fast Chargers,0,0,0,0,0,0,0,0,0,0,0,0,0,0,0,0,0,0,0,0,0,0,2,0,0,0,0,0,0,0,0,0,0,0,0,0,0,0,0,0,Sydney - Eastern Suburbs,118,2033,accepted,coordinate_and_fuzzy_address,17.962502237332153,0.9454545454545455,190875,"110 Anzac Pde, Kensington, New South Wales, 2033",Kensington [Jolt],Jolt,"{""charger_capacities"": ""25 kW"", ""charging_point_count"": 1.0, ""connector_types_normalized"": ""CCS;CHAdeMO"", ""data_provider"": ""Open Charge Map"", ""is_operational"": true, ""last_verified"": ""2023-07-13T10:53:00Z"", ""number_of_plugs"": null, ""operator"": ""Jolt"", ""plug_types"": ""CCS (Type 2); CHAdeMO"", ""power_kw_max"": 25.0, ""power_kw_min"": 25.0, ""power_kw_values"": [25.0], ""power_scope"": ""dc_indicated_connection_ratings"", ""status"": ""Operational"", ""usage_cost"": ""$0.00/kWh up to 7 kWh then $0.40/kWh""}",True,1,1,,,,False,unmatched,unmatched,,,,,,,{},,0,0,,,,False,unmatched,unmatched,,,,,,,{},,0,0,,,,False,accepted,accepted,OCM,OCM:190875,,,,no,,"{""OCM::charger_capacities"": ""25 kW"", ""OCM::charging_point_count"": 1.0, ""OCM::connector_types_normalized"": ""CCS;CHAdeMO"", ""OCM::data_provider"": ""Open Charge Map"", ""OCM::is_operational"": true, ""OCM::last_verified"": ""2023-07-13T10:53:00Z"", ""OCM::operator"": ""Jolt"", ""OCM::plug_types"": ""CCS (Type 2); CHAdeMO"", ""OCM::power_kw_max"": 25.0, ""OCM::power_kw_min"": 25.0, ""OCM::power_kw_values"": [25.0], ""OCM::power_scope"": ""dc_indicated_connection_ratings"", ""OCM::status"": ""Operational"", ""OCM::usage_cost"": ""$0.00/kWh up to 7 kWh then $0.40/kWh""}","{""OCM::connector_types_normalized"": ""CCS;CHAdeMO"", ""OCM::is_operational"": true, ""OCM::operator"": ""Jolt"", ""OCM::plug_types"": ""CCS (Type 2); CHAdeMO"", ""OCM::power_kw_max"": 25.0, ""OCM::power_kw_min"": 25.0, ""OCM::power_scope"": ""dc_indicated_connection_ratings"", ""OCM::status"": ""Operational"", ""OCM::usage_cost"": ""$0.00/kWh up to 7 kWh then $0.40/kWh""}",5,[]
87,,,"1106 Barrenjoey Road, Sydney NSW 2108",JOLT,2,DC,25 kW,-33.59707712,151.320022,Northern Beaches Council,2108,Existing Fast Chargers,0,0,0,0,0,0,0,0,0,0,0,0,0,0,0,0,0,0,0,0,0,0,2,0,0,0,0,0,0,0,0,0,0,0,0,0,0,0,0,0,Sydney - Northern Beaches,122,2108,accepted,coordinate_only,23.475096297895192,0.8224489795918368,295979,"Barrenjoey Road, Palm Beach, New South Wales, 2108",Barrenjoey Road,Jolt,"{""charger_capacities"": ""25 kW"", ""charging_point_count"": 1.0, ""connector_types_normalized"": ""CCS;CHAdeMO"", ""data_provider"": ""Open Charge Map"", ""is_operational"": true, ""last_verified"": ""2024-03-03T23:09:00Z"", ""number_of_plugs"": null, ""operator"": ""Jolt"", ""plug_types"": ""CCS (Type 2); CHAdeMO"", ""power_kw_max"": 25.0, ""power_kw_min"": 25.0, ""power_kw_values"": [25.0], ""power_scope"": ""dc_indicated_connection_ratings"", ""status"": ""Operational"", ""usage_cost"": ""First 7kWh free, then $0.49 per kWh thereafter. $5/hr idle time""}",True,1,1,,,address evidence is inconsistent,False,unmatched,unmatched,,,,,,,{},,0,0,,,,False,unmatched,unmatched,,,,,,,{},,0,0,,,,False,accepted,accepted,OCM,OCM:295979,,,OCM: address evidence is inconsistent,yes,,"{""OCM::charger_capacities"": ""25 kW"", ""OCM::charging_point_count"": 1.0, ""OCM::connector_types_normalized"": ""CCS;CHAdeMO"", ""OCM::data_provider"": ""Open Charge Map"", ""OCM::is_operational"": true, ""OCM::last_verified"": ""2024-03-03T23:09:00Z"", ""OCM::operator"": ""Jolt"", ""OCM::plug_types"": ""CCS (Type 2); CHAdeMO"", ""OCM::power_kw_max"": 25.0, ""OCM::power_kw_min"": 25.0, ""OCM::power_kw_values"": [25.0], ""OCM::power_scope"": ""dc_indicated_connection_ratings"", ""OCM::status"": ""Operational"", ""OCM::usage_cost"": ""First 7kWh free, then $0.49 per kWh thereafter. $5/hr idle time""}","{""OCM::connector_types_normalized"": ""CCS;CHAdeMO"", ""OCM::is_operational"": true, ""OCM::operator"": ""Jolt"", ""OCM::plug_types"": ""CCS (Type 2); CHAdeMO"", ""OCM::power_kw_max"": 25.0, ""OCM::power_kw_min"": 25.0, ""OCM::power_scope"": ""dc_indicated_connection_ratings"", ""OCM::status"": ""Operational"", ""OCM::usage_cost"": ""First 7kWh free, then $0.49 per kWh thereafter. $5/hr idle time""}",5,"[{""binding"": ""same source address and OCM ID; search evidence only"", ""conclusion"": ""web_evidence_found_not_identity_proof"", ""file"": ""data/reference/web_review/task3_ocm_125_web_confidence.csv"", ""page_opened"": true, ""reported_confidence"": ""high"", ""url"": ""https://www.chargeroute.au/chargers/nsw/jolt-sydney-sydney-6""}]"
91,,,"11-37 Alexandria Parade, Sydney NSW 2077",JOLT,2,DC,25 kW,-33.70973178,151.1045866,"Hornsby, The Council of the Shire of",2077,Existing Fast Chargers,0,0,0,0,0,0,0,0,0,0,0,0,0,0,0,0,0,0,0,0,0,0,2,0,0,0,0,0,0,0,0,0,0,0,0,0,0,0,0,0,Sydney - North Sydney and Hornsby,121,2077,unmatched,unmatched,,,,,,,{},,0,0,,,,False,unmatched,unmatched,,,,,,,{},,0,0,,,,False,unmatched,unmatched,,,,,,,{},,0,0,,,,False,unmatched,unmatched,,,,,,no,,{},{},0,[]
94,,,"116 Liverpool Street, Scone NSW 2337",NRMA Electric,2,DC,50 kW,-31.9598511,141.4601038,Upper Hunter Shire Council,2337,TfNSW Regional,0,0,0,0,0,0,0,0,0,0,0,0,0,0,0,0,0,0,0,0,0,0,0,0,0,0,0,0,0,0,0,2,0,0,0,0,0,0,0,0,Far West and Orana,105,2880,review,coordinate_only,47.316385278655176,0.3351063829787234,190677,"51 Bromide St, Broken Hill, New South Wales, 2880",Broken Hill [NRMA],NRMA,"{""charger_capacities"": ""50 kW"", ""charging_point_count"": 1.0, ""connector_types_normalized"": ""CCS;CHAdeMO"", ""data_provider"": ""Open Charge Map"", ""is_operational"": true, ""last_verified"": ""2021-12-17T03:14:00Z"", ""number_of_plugs"": null, ""operator"": ""NRMA"", ""plug_types"": ""CCS (Type 2); CHAdeMO"", ""power_kw_max"": 50.0, ""power_kw_min"": 50.0, ""power_kw_values"": [50.0], ""power_scope"": ""dc_indicated_connection_ratings"", ""status"": ""Operational"", ""usage_cost"": """"}",True,2,1,,source address and original postcode conflict; external postcode conflicts with source; house numbers conflict; address evidence is inconsistent; candidate does not pass the automatic identity gate,,True,unmatched,unmatched,,,,,,,{},,0,0,,,,True,unmatched,unmatched,,,,,,,{},,0,0,,,,True,review,review,,,OCM,OCM: source address and original postcode conflict; external postcode conflicts with source; house numbers conflict; address evidence is inconsistent; candidate does not pass the automatic identity gate,,no,,{},{},0,"[{""binding"": ""same source address and OCM ID; search evidence only"", ""conclusion"": ""web_evidence_found_not_identity_proof"", ""file"": ""data/reference/web_review/task3_ocm_125_web_confidence.csv"", ""page_opened"": true, ""reported_confidence"": ""high"", ""url"": ""https://openchargemap.org/poi?CountryIds=18&OperatorIds=3388""}]"
98,,,"1183-1187 The Horsley Drive, Sydney NSW 2164",Chargefox,2,DC,150 kW,-33.84986891,150.8978248,Fairfield City Council,2164,Existing Fast Chargers,0,0,0,0,0,0,0,2,0,0,0,0,0,0,0,0,0,0,0,0,0,0,0,0,0,0,0,0,0,0,0,0,0,0,0,0,0,0,0,0,Sydney - South West,127,2164,accepted,coordinate_and_fuzzy_address,79.77280383391329,0.9485714285714286,272624,"1183-1187 The Horsley Drive, Wetherill Park, New South Wales, 2164",ENGIE - Greenway Wetherill Park,Chargefox,"{""charger_capacities"": ""120 kW"", ""charging_point_count"": 2.0, ""connector_types_normalized"": ""CCS"", ""data_provider"": ""Open Charge Map"", ""is_operational"": true, ""last_verified"": ""2023-07-15T09:24:00Z"", ""number_of_plugs"": null, ""operator"": ""Chargefox"", ""plug_types"": ""CCS (Type 2)"", ""power_kw_max"": 120.0, ""power_kw_min"": 120.0, ""power_kw_values"": [120.0], ""power_scope"": ""dc_indicated_connection_ratings"", ""status"": ""Operational"", ""usage_cost"": ""$0.55/kWh""}",True,1,1,,,,False,accepted,coordinate_only,80.52999581173148,0.0,https://www.openstreetmap.org/node/11048936553,,,,"{""access_condition"": ""Free Access"", ""allows_card_payment"": false, ""allows_reservation"": false, ""charging_point_count"": 2, ""charging_point_count_raw"": 2, ""connector_types_normalized"": ""CCS"", ""data_provider"": ""OpenStreetMap"", ""is_free"": false, ""network"": ""Engie"", ""number_of_plugs"": null, ""opening_hours"": """", ""power_kw_max"": null, ""power_kw_min"": null, ""power_scope"": ""station_reported_maximum"", ""pricing_info"": """"}",True,1,1,,,,False,review,coordinate_and_fuzzy_address,79.80245069504616,0.9485714285714286,15d06bf5-6b4a-425d-9312-bae4b17cc22b-2204,"1183-1187 The Horsley Dr, Wetherill Park, NSW 2164",Greenway Wetherill Park - Central Carpark,,"{""connector_types_normalized"": ""CCS"", ""data_provider"": ""Charge@Large"", ""dc_port_count"": 2, ""number_of_plugs"": null, ""power_kw_max"": 150.0, ""power_kw_min"": 150.0, ""power_kw_values"": [150.0], ""power_scope"": ""dc_indicated_ports"", ""site_power_range_raw"": ""150"", ""status_counts"": {""Available"": 2}, ""status_observed_at"": null, ""total_port_count"": 2}",True,2,2,77.12010885182795,selected candidate is not the nearest location; candidate does not pass the automatic identity gate,,False,accepted,accepted,OCM;OSM,OCM:272624;OSM:https://www.openstreetmap.org/node/11048936553,Charge@Large,Charge@Large: selected candidate is not the nearest location; candidate does not pass the automatic identity gate,OCM:272624 is linked to multiple TfNSW rows; OSM:https://www.openstreetmap.org/node/11048936553 is linked to multiple TfNSW rows,yes,,"{""OCM::charger_capacities"": ""120 kW"", ""OCM::charging_point_count"": 2.0, ""OCM::connector_types_normalized"": ""CCS"", ""OCM::data_provider"": ""Open Charge Map"", ""OCM::is_operational"": true, ""OCM::last_verified"": ""2023-07-15T09:24:00Z"", ""OCM::operator"": ""Chargefox"", ""OCM::plug_types"": ""CCS (Type 2)"", ""OCM::power_kw_max"": 120.0, ""OCM::power_kw_min"": 120.0, ""OCM::power_kw_values"": [120.0], ""OCM::power_scope"": ""dc_indicated_connection_ratings"", ""OCM::status"": ""Operational"", ""OCM::usage_cost"": ""$0.55/kWh"", ""OSM::access_condition"": ""Free Access"", ""OSM::allows_card_payment"": false, ""OSM::allows_reservation"": false, ""OSM::charging_point_count"": 2, ""OSM::charging_point_count_raw"": 2, ""OSM::connector_types_normalized"": ""CCS"", ""OSM::data_provider"": ""OpenStreetMap"", ""OSM::is_free"": false, ""OSM::network"": ""Engie"", ""OSM::power_scope"": ""station_reported_maximum""}","{""OCM::connector_types_normalized"": ""CCS"", ""OCM::is_operational"": true, ""OCM::operator"": ""Chargefox"", ""OCM::plug_types"": ""CCS (Type 2)"", ""OCM::power_kw_max"": 120.0, ""OCM::power_kw_min"": 120.0, ""OCM::power_scope"": ""dc_indicated_connection_ratings"", ""OCM::status"": ""Operational"", ""OCM::usage_cost"": ""$0.55/kWh"", ""OSM::access_condition"": ""Free Access"", ""OSM::allows_card_payment"": false, ""OSM::allows_reservation"": false, ""OSM::connector_types_normalized"": ""CCS"", ""OSM::is_free"": false, ""OSM::network"": ""Engie"", ""OSM::power_scope"": ""station_reported_maximum""}",10,[]
99,,,"1183-1187 The Horsley Drive, Wetherill Park NSW 2164",Engie,2,DC,150 kW,-33.8505352,150.8988605,Fairfield City Council,2164,ARENA - Driving the Nation,0,0,0,0,0,0,0,2,0,0,0,0,0,0,0,0,0,0,0,0,0,0,0,0,0,0,0,0,0,0,0,0,0,0,0,0,0,0,0,0,Sydney - South West,127,2164,accepted,coordinate_and_fuzzy_address,44.85942773335239,1.0,272624,"1183-1187 The Horsley Drive, Wetherill Park, New South Wales, 2164",ENGIE - Greenway Wetherill Park,Chargefox,"{""charger_capacities"": ""120 kW"", ""charging_point_count"": 2.0, ""connector_types_normalized"": ""CCS"", ""data_provider"": ""Open Charge Map"", ""is_operational"": true, ""last_verified"": ""2023-07-15T09:24:00Z"", ""number_of_plugs"": null, ""operator"": ""Chargefox"", ""plug_types"": ""CCS (Type 2)"", ""power_kw_max"": 120.0, ""power_kw_min"": 120.0, ""power_kw_values"": [120.0], ""power_scope"": ""dc_indicated_connection_ratings"", ""status"": ""Operational"", ""usage_cost"": ""$0.55/kWh""}",True,1,1,,,,False,accepted,coordinate_only,45.48623557295285,0.0,https://www.openstreetmap.org/node/11048936553,,,,"{""access_condition"": ""Free Access"", ""allows_card_payment"": false, ""allows_reservation"": false, ""charging_point_count"": 2, ""charging_point_count_raw"": 2, ""connector_types_normalized"": ""CCS"", ""data_provider"": ""OpenStreetMap"", ""is_free"": false, ""network"": ""Engie"", ""number_of_plugs"": null, ""opening_hours"": """", ""power_kw_max"": null, ""power_kw_min"": null, ""power_scope"": ""station_reported_maximum"", ""pricing_info"": """"}",True,1,1,,,,False,accepted,coordinate_and_fuzzy_address,46.36753712985338,1.0,15d06bf5-6b4a-425d-9312-bae4b17cc22b-2204,"1183-1187 The Horsley Dr, Wetherill Park, NSW 2164",Greenway Wetherill Park - Central Carpark,,"{""connector_types_normalized"": ""CCS"", ""data_provider"": ""Charge@Large"", ""dc_port_count"": 2, ""number_of_plugs"": null, ""power_kw_max"": 150.0, ""power_kw_min"": 150.0, ""power_kw_values"": [150.0], ""power_scope"": ""dc_indicated_ports"", ""site_power_range_raw"": ""150"", ""status_counts"": {""Available"": 2}, ""status_observed_at"": null, ""total_port_count"": 2}",True,2,2,72.15423694629604,,,False,accepted,accepted,OCM;OSM;Charge@Large,OCM:272624;OSM:https://www.openstreetmap.org/node/11048936553;Charge@Large:15d06bf5-6b4a-425d-9312-bae4b17cc22b-2204,,,"External numeric values disagree: power_kw_min, power_kw_max; OCM:272624 is linked to multiple TfNSW rows; OSM:https://www.openstreetmap.org/node/11048936553 is linked to multiple TfNSW rows",yes,power_kw_min;power_kw_max,"{""Charge@Large::connector_types_normalized"": ""CCS"", ""Charge@Large::data_provider"": ""Charge@Large"", ""Charge@Large::dc_port_count"": 2, ""Charge@Large::power_kw_max"": 150.0, ""Charge@Large::power_kw_min"": 150.0, ""Charge@Large::power_kw_values"": [150.0], ""Charge@Large::power_scope"": ""dc_indicated_ports"", ""Charge@Large::site_power_range_raw"": ""150"", ""Charge@Large::status_counts"": {""Available"": 2}, ""Charge@Large::total_port_count"": 2, ""OCM::charger_capacities"": ""120 kW"", ""OCM::charging_point_count"": 2.0, ""OCM::connector_types_normalized"": ""CCS"", ""OCM::data_provider"": ""Open Charge Map"", ""OCM::is_operational"": true, ""OCM::last_verified"": ""2023-07-15T09:24:00Z"", ""OCM::operator"": ""Chargefox"", ""OCM::plug_types"": ""CCS (Type 2)"", ""OCM::power_kw_max"": 120.0, ""OCM::power_kw_min"": 120.0, ""OCM::power_kw_values"": [120.0], ""OCM::power_scope"": ""dc_indicated_connection_ratings"", ""OCM::status"": ""Operational"", ""OCM::usage_cost"": ""$0.55/kWh"", ""OSM::access_condition"": ""Free Access"", ""OSM::allows_card_payment"": false, ""OSM::allows_reservation"": false, ""OSM::charging_point_count"": 2, ""OSM::charging_point_count_raw"": 2, ""OSM::connector_types_normalized"": ""CCS"", ""OSM::data_provider"": ""OpenStreetMap"", ""OSM::is_free"": false, ""OSM::network"": ""Engie"", ""OSM::power_scope"": ""station_reported_maximum""}","{""Charge@Large::connector_types_normalized"": ""CCS"", ""Charge@Large::dc_port_count"": 2, ""Charge@Large::power_scope"": ""dc_indicated_ports"", ""Charge@Large::status_counts"": {""Available"": 2}, ""Charge@Large::total_port_count"": 2, ""OCM::connector_types_normalized"": ""CCS"", ""OCM::is_operational"": true, ""OCM::operator"": ""Chargefox"", ""OCM::plug_types"": ""CCS (Type 2)"", ""OCM::power_scope"": ""dc_indicated_connection_ratings"", ""OCM::status"": ""Operational"", ""OCM::usage_cost"": ""$0.55/kWh"", ""OSM::access_condition"": ""Free Access"", ""OSM::allows_card_payment"": false, ""OSM::allows_reservation"": false, ""OSM::connector_types_normalized"": ""CCS"", ""OSM::is_free"": false, ""OSM::network"": ""Engie"", ""OSM::power_scope"": ""station_reported_maximum""}",11,[]
102,,,"119 Stenhouse Drive, Cameron Park NSW 2285",Evie Networks,8,DC,350 kW,-32.89647352,151.5977107,Lake Macquarie City Council,2285,Existing Fast Chargers,0,0,0,0,0,0,0,0,0,0,0,0,0,0,0,0,0,0,0,0,0,0,0,0,0,8,0,0,0,0,0,0,0,0,0,0,0,0,0,0,Newcastle and Lake Macquarie,111,2285,accepted,coordinate_and_fuzzy_address,12.598625621374698,1.0,266586,"119 Stenhouse Drive, Cameron Park, New South Wales, 2285",EVIE Cameron Park,Evie,"{""charger_capacities"": ""350 kW"", ""charging_point_count"": 2.0, ""connector_types_normalized"": ""CCS;CHAdeMO"", ""data_provider"": ""Open Charge Map"", ""is_operational"": true, ""last_verified"": ""2023-09-18T17:57:00Z"", ""number_of_plugs"": null, ""operator"": ""Evie"", ""plug_types"": ""CCS (Type 2); CHAdeMO"", ""power_kw_max"": 350.0, ""power_kw_min"": 350.0, ""power_kw_values"": [350.0], ""power_scope"": ""dc_indicated_connection_ratings"", ""status"": ""Operational"", ""usage_cost"": ""0.60c per kWh""}",True,1,1,,,,False,accepted,coordinate_only,9.22773828909483,0.0,https://www.openstreetmap.org/node/13389664015,,,AmpCharge,"{""access_condition"": ""Free Access"", ""allows_card_payment"": false, ""allows_reservation"": false, ""charging_point_count"": 6, ""charging_point_count_raw"": 6, ""connector_types_normalized"": ""CCS"", ""data_provider"": ""OpenStreetMap"", ""is_free"": false, ""network"": """", ""number_of_plugs"": null, ""opening_hours"": """", ""power_kw_max"": null, ""power_kw_min"": null, ""power_scope"": ""station_reported_maximum"", ""pricing_info"": """"}",True,1,1,,,,False,unmatched,unmatched,,,,,,,{},,0,0,,,,False,accepted,accepted,OCM;OSM,OCM:266586;OSM:https://www.openstreetmap.org/node/13389664015,,,,no,,"{""OCM::charger_capacities"": ""350 kW"", ""OCM::charging_point_count"": 2.0, ""OCM::connector_types_normalized"": ""CCS;CHAdeMO"", ""OCM::data_provider"": ""Open Charge Map"", ""OCM::is_operational"": true, ""OCM::last_verified"": ""2023-09-18T17:57:00Z"", ""OCM::operator"": ""Evie"", ""OCM::plug_types"": ""CCS (Type 2); CHAdeMO"", ""OCM::power_kw_max"": 350.0, ""OCM::power_kw_min"": 350.0, ""OCM::power_kw_values"": [350.0], ""OCM::power_scope"": ""dc_indicated_connection_ratings"", ""OCM::status"": ""Operational"", ""OCM::usage_cost"": ""0.60c per kWh"", ""OSM::access_condition"": ""Free Access"", ""OSM::allows_card_payment"": false, ""OSM::allows_reservation"": false, ""OSM::charging_point_count"": 6, ""OSM::charging_point_count_raw"": 6, ""OSM::connector_types_normalized"": ""CCS"", ""OSM::data_provider"": ""OpenStreetMap"", ""OSM::is_free"": false, ""OSM::power_scope"": ""station_reported_maximum""}","{""OCM::connector_types_normalized"": ""CCS;CHAdeMO"", ""OCM::is_operational"": true, ""OCM::operator"": ""Evie"", ""OCM::plug_types"": ""CCS (Type 2); CHAdeMO"", ""OCM::power_kw_max"": 350.0, ""OCM::power_kw_min"": 350.0, ""OCM::power_scope"": ""dc_indicated_connection_ratings"", ""OCM::status"": ""Operational"", ""OCM::usage_cost"": ""0.60c per kWh"", ""OSM::access_condition"": ""Free Access"", ""OSM::allows_card_payment"": false, ""OSM::allows_reservation"": false, ""OSM::connector_types_normalized"": ""CCS"", ""OSM::is_free"": false, ""OSM::power_scope"": ""station_reported_maximum""}",9,[]
106,,,"12 Hume Highway, Pheasants Nest NSW 2574",Ampol,9,DC,150 kW,-34.28138543,150.640016,Wollondilly Shire Council,2574,Existing Fast Chargers,0,0,0,0,0,0,0,9,0,0,0,0,0,0,0,0,0,0,0,0,0,0,0,0,0,0,0,0,0,0,0,0,0,0,0,0,0,0,0,0,Illawarra,107,2574,accepted,coordinate_and_fuzzy_address,236.15700467064062,0.9857142857142858,279180,"Lot 12 Hume Hwy, Pheasants Nest, New South Wales, 2574",Ampol Foodary Pheasants Nest Southbound,Ampol AmpCharge,"{""charger_capacities"": ""50 kW; 150 kW"", ""charging_point_count"": 6.0, ""connector_types_normalized"": ""CCS;CHAdeMO"", ""data_provider"": ""Open Charge Map"", ""is_operational"": true, ""last_verified"": ""2023-10-29T11:00:00Z"", ""number_of_plugs"": null, ""operator"": ""Ampol AmpCharge"", ""plug_types"": ""CCS (Type 2); CHAdeMO"", ""power_kw_max"": 150.0, ""power_kw_min"": 50.0, ""power_kw_values"": [50.0, 150.0], ""power_scope"": ""dc_indicated_connection_ratings"", ""status"": ""Operational"", ""usage_cost"": ""AUD 0.69/kWh""}",True,2,2,109.99868253677568,,,False,accepted,coordinate_only,47.337827949056944,0.0,https://www.openstreetmap.org/node/11137421689,,,AmpCharge,"{""access_condition"": ""Free Access"", ""allows_card_payment"": false, ""allows_reservation"": false, ""charging_point_count"": 6, ""charging_point_count_raw"": 6, ""connector_types_normalized"": ""CCS;CHAdeMO"", ""data_provider"": ""OpenStreetMap"", ""is_free"": false, ""network"": """", ""number_of_plugs"": null, ""opening_hours"": """", ""power_kw_max"": null, ""power_kw_min"": null, ""power_scope"": ""station_reported_maximum"", ""pricing_info"": """"}",True,2,2,289.06090335385323,,,False,unmatched,unmatched,,,,,,,{},,0,0,,,,False,accepted,accepted,OCM;OSM,OCM:279180;OSM:https://www.openstreetmap.org/node/11137421689,,,,no,,"{""OCM::charger_capacities"": ""50 kW; 150 kW"", ""OCM::charging_point_count"": 6.0, ""OCM::connector_types_normalized"": ""CCS;CHAdeMO"", ""OCM::data_provider"": ""Open Charge Map"", ""OCM::is_operational"": true, ""OCM::last_verified"": ""2023-10-29T11:00:00Z"", ""OCM::operator"": ""Ampol AmpCharge"", ""OCM::plug_types"": ""CCS (Type 2); CHAdeMO"", ""OCM::power_kw_max"": 150.0, ""OCM::power_kw_min"": 50.0, ""OCM::power_kw_values"": [50.0, 150.0], ""OCM::power_scope"": ""dc_indicated_connection_ratings"", ""OCM::status"": ""Operational"", ""OCM::usage_cost"": ""AUD 0.69/kWh"", ""OSM::access_condition"": ""Free Access"", ""OSM::allows_card_payment"": false, ""OSM::allows_reservation"": false, ""OSM::charging_point_count"": 6, ""OSM::charging_point_count_raw"": 6, ""OSM::connector_types_normalized"": ""CCS;CHAdeMO"", ""OSM::data_provider"": ""OpenStreetMap"", ""OSM::is_free"": false, ""OSM::power_scope"": ""station_reported_maximum""}","{""OCM::connector_types_normalized"": ""CCS;CHAdeMO"", ""OCM::is_operational"": true, ""OCM::operator"": ""Ampol AmpCharge"", ""OCM::plug_types"": ""CCS (Type 2); CHAdeMO"", ""OCM::power_kw_max"": 150.0, ""OCM::power_kw_min"": 50.0, ""OCM::power_scope"": ""dc_indicated_connection_ratings"", ""OCM::status"": ""Operational"", ""OCM::usage_cost"": ""AUD 0.69/kWh"", ""OSM::access_condition"": ""Free Access"", ""OSM::allows_card_payment"": false, ""OSM::allows_reservation"": false, ""OSM::connector_types_normalized"": ""CCS;CHAdeMO"", ""OSM::is_free"": false, ""OSM::power_scope"": ""station_reported_maximum""}",9,[]
107,,,"12 Hume Highway, Pheasants Nest NSW 2574",Ampol,9,DC,150 kW,-34.28222427,150.6366026,Wollondilly Shire Council,2574,Existing Fast Chargers,0,0,0,0,0,0,0,9,0,0,0,0,0,0,0,0,0,0,0,0,0,0,0,0,0,0,0,0,0,0,0,0,0,0,0,0,0,0,0,0,Sydney - Outer South West,123,2574,review,coordinate_and_fuzzy_address,290.476199006583,0.9857142857142858,279180,"Lot 12 Hume Hwy, Pheasants Nest, New South Wales, 2574",Ampol Foodary Pheasants Nest Southbound,Ampol AmpCharge,"{""charger_capacities"": ""50 kW; 150 kW"", ""charging_point_count"": 6.0, ""connector_types_normalized"": ""CCS;CHAdeMO"", ""data_provider"": ""Open Charge Map"", ""is_operational"": true, ""last_verified"": ""2023-10-29T11:00:00Z"", ""number_of_plugs"": null, ""operator"": ""Ampol AmpCharge"", ""plug_types"": ""CCS (Type 2); CHAdeMO"", ""power_kw_max"": 150.0, ""power_kw_min"": 50.0, ""power_kw_values"": [50.0, 150.0], ""power_scope"": ""dc_indicated_connection_ratings"", ""status"": ""Operational"", ""usage_cost"": ""AUD 0.69/kWh""}",True,2,2,202.74570048984233,selected candidate is not the nearest location; candidate does not pass the automatic identity gate,,False,accepted,coordinate_only,10.55983265032233,0.0,https://www.openstreetmap.org/node/11137421690,,,AmpCharge,"{""access_condition"": ""Free Access"", ""allows_card_payment"": false, ""allows_reservation"": false, ""charging_point_count"": 6, ""charging_point_count_raw"": 6, ""connector_types_normalized"": ""CCS;CHAdeMO"", ""data_provider"": ""OpenStreetMap"", ""is_free"": false, ""network"": """", ""number_of_plugs"": null, ""opening_hours"": """", ""power_kw_max"": null, ""power_kw_min"": null, ""power_scope"": ""station_reported_maximum"", ""pricing_info"": """"}",True,2,2,298.7220339043092,,,False,unmatched,unmatched,,,,,,,{},,0,0,,,,False,accepted,accepted,OSM,OSM:https://www.openstreetmap.org/node/11137421690,OCM,OCM: selected candidate is not the nearest location; candidate does not pass the automatic identity gate,,no,,"{""OSM::access_condition"": ""Free Access"", ""OSM::allows_card_payment"": false, ""OSM::allows_reservation"": false, ""OSM::charging_point_count"": 6, ""OSM::charging_point_count_raw"": 6, ""OSM::connector_types_normalized"": ""CCS;CHAdeMO"", ""OSM::data_provider"": ""OpenStreetMap"", ""OSM::is_free"": false, ""OSM::power_scope"": ""station_reported_maximum""}","{""OSM::access_condition"": ""Free Access"", ""OSM::allows_card_payment"": false, ""OSM::allows_reservation"": false, ""OSM::connector_types_normalized"": ""CCS;CHAdeMO"", ""OSM::is_free"": false, ""OSM::power_scope"": ""station_reported_maximum""}",5,[]
109,,,"12 Jacksons Road, Warriewood NSW 2102",Engie,2,DC,150 kW,-33.6971741,151.2956935,Northern Beaches Council,2102,ARENA - Driving the Nation,0,0,0,0,0,0,0,2,0,0,0,0,0,0,0,0,0,0,0,0,0,0,0,0,0,0,0,0,0,0,0,0,0,0,0,0,0,0,0,0,Sydney - Northern Beaches,122,2102,review,coordinate_only,183.25181388189247,0.85,272615,"12 Jacksons Road, Warriewood, New South Wales, 2101",ENGIE - Warriewood Square,Chargefox,"{""charger_capacities"": ""120 kW"", ""charging_point_count"": 2.0, ""connector_types_normalized"": ""CCS"", ""data_provider"": ""Open Charge Map"", ""is_operational"": true, ""last_verified"": ""2023-07-15T07:59:00Z"", ""number_of_plugs"": null, ""operator"": ""Chargefox"", ""plug_types"": ""CCS (Type 2)"", ""power_kw_max"": 120.0, ""power_kw_min"": 120.0, ""power_kw_values"": [120.0], ""power_scope"": ""dc_indicated_connection_ratings"", ""status"": ""Operational"", ""usage_cost"": ""$0.45/kWh""}",True,1,1,,external postcode conflicts with source; address evidence is inconsistent; candidate does not pass the automatic identity gate,,False,unmatched,unmatched,,,,,,,{},,0,0,,,,False,accepted,coordinate_and_fuzzy_address,191.97793541724934,0.9754385964912281,15d06bf5-6b4a-425d-9312-bae4b17cc22b-2518,"Square, 12 Jacksons Rd, Warriewood, NSW 2102",Warriewood Square,,"{""connector_types_normalized"": ""CCS"", ""data_provider"": ""Charge@Large"", ""dc_port_count"": 2, ""number_of_plugs"": null, ""power_kw_max"": 150.0, ""power_kw_min"": 150.0, ""power_kw_values"": [150.0], ""power_scope"": ""dc_indicated_ports"", ""site_power_range_raw"": ""22 - 150"", ""status_counts"": {""Available"": 2}, ""status_observed_at"": null, ""total_port_count"": 4}",True,1,1,,,,False,accepted,accepted,Charge@Large,Charge@Large:15d06bf5-6b4a-425d-9312-bae4b17cc22b-2518,OCM,OCM: external postcode conflicts with source; address evidence is inconsistent; candidate does not pass the automatic identity gate,,no,,"{""Charge@Large::connector_types_normalized"": ""CCS"", ""Charge@Large::data_provider"": ""Charge@Large"", ""Charge@Large::dc_port_count"": 2, ""Charge@Large::power_kw_max"": 150.0, ""Charge@Large::power_kw_min"": 150.0, ""Charge@Large::power_kw_values"": [150.0], ""Charge@Large::power_scope"": ""dc_indicated_ports"", ""Charge@Large::site_power_range_raw"": ""22 - 150"", ""Charge@Large::status_counts"": {""Available"": 2}, ""Charge@Large::total_port_count"": 4}","{""Charge@Large::connector_types_normalized"": ""CCS"", ""Charge@Large::dc_port_count"": 2, ""Charge@Large::power_kw_max"": 150.0, ""Charge@Large::power_kw_min"": 150.0, ""Charge@Large::power_scope"": ""dc_indicated_ports"", ""Charge@Large::status_counts"": {""Available"": 2}, ""Charge@Large::total_port_count"": 4}",2,"[{""binding"": ""same source address and OCM ID; search evidence only"", ""conclusion"": ""web_evidence_found_not_identity_proof"", ""file"": ""data/reference/web_review/task3_ocm_125_web_confidence.csv"", ""page_opened"": false, ""reported_confidence"": ""low"", ""url"": ""https://www.chargeroute.au/ev-chargers/150kw""}]"
110,,,"12 Lord Street, Botany NSW 2019",Evie Networks,4,DC,75 kW,-33.939429,151.1970375,Bayside Council,2019,ARENA - Driving the Nation,0,0,0,0,0,0,0,0,0,0,0,0,0,0,0,0,0,0,0,0,0,0,0,0,0,0,0,0,0,0,0,0,0,0,0,4,0,0,0,0,Sydney - City and Inner South,117,2019,unmatched,unmatched,,,,,,,{},,0,0,,,,False,unmatched,unmatched,,,,,,,{},,0,0,,,,False,unmatched,unmatched,,,,,,,{},,0,0,,,,False,unmatched,unmatched,,,,,,no,,{},{},0,[]
117,,,"121 Princes Highway, Wollongong NSW 2519",Exploren,2,DC,60 kW,-34.40192697,150.8906517,Wollongong City Council,2519,Existing Fast Chargers,0,0,0,0,0,0,0,0,0,0,0,0,0,0,0,0,0,0,0,0,0,0,0,0,0,0,0,0,0,0,0,0,0,2,0,0,0,0,0,0,Illawarra,107,2519,review,coordinate_only,146.3918989583324,0.8111111111111112,273425,"224 Princes Hwy, Fairy Meadow, New South Wales, 2519",Fairy Meadow [bp pulse],BP Pulse (AU),"{""charger_capacities"": ""75 kW"", ""charging_point_count"": 2.0, ""connector_types_normalized"": ""CCS"", ""data_provider"": ""Open Charge Map"", ""is_operational"": true, ""last_verified"": ""2023-08-09T11:24:00Z"", ""number_of_plugs"": null, ""operator"": ""BP Pulse (AU)"", ""plug_types"": ""CCS (Type 2)"", ""power_kw_max"": 75.0, ""power_kw_min"": 75.0, ""power_kw_values"": [75.0], ""power_scope"": ""dc_indicated_connection_ratings"", ""status"": ""Operational"", ""usage_cost"": ""55c/kWh""}",True,1,1,,house numbers conflict; address evidence is inconsistent; candidate does not pass the automatic identity gate,,False,review,coordinate_only,171.3070991357931,0.0,https://www.openstreetmap.org/node/10783513810,,,bp pulse,"{""access_condition"": ""Free Access"", ""allows_card_payment"": false, ""allows_reservation"": false, ""charging_point_count"": null, ""charging_point_count_raw"": null, ""connector_types_normalized"": ""CCS"", ""data_provider"": ""OpenStreetMap"", ""is_free"": false, ""network"": ""bp pulse"", ""number_of_plugs"": null, ""opening_hours"": """", ""power_kw_max"": null, ""power_kw_min"": null, ""power_scope"": ""station_reported_maximum"", ""pricing_info"": """"}",True,1,1,,candidate does not pass the automatic identity gate,,False,accepted,coordinate_and_fuzzy_address,0.16840364033124622,0.925925925925926,15d06bf5-6b4a-425d-9312-bae4b17cc22b-962,"121 Princes Hwy, Fairy Meadow, NSW 2519",Gateway KIA - Wollongong,,"{""connector_types_normalized"": ""CCS"", ""data_provider"": ""Charge@Large"", ""dc_port_count"": 2, ""number_of_plugs"": null, ""power_kw_max"": 60.0, ""power_kw_min"": 60.0, ""power_kw_values"": [60.0], ""power_scope"": ""dc_indicated_ports"", ""site_power_range_raw"": ""60"", ""status_counts"": {""Available"": 2}, ""status_observed_at"": null, ""total_port_count"": 2}",True,1,1,,,,False,accepted,accepted,Charge@Large,Charge@Large:15d06bf5-6b4a-425d-9312-bae4b17cc22b-962,OCM;OSM,OCM: house numbers conflict; address evidence is inconsistent; candidate does not pass the automatic identity gate; OSM: candidate does not pass the automatic identity gate,,no,,"{""Charge@Large::connector_types_normalized"": ""CCS"", ""Charge@Large::data_provider"": ""Charge@Large"", ""Charge@Large::dc_port_count"": 2, ""Charge@Large::power_kw_max"": 60.0, ""Charge@Large::power_kw_min"": 60.0, ""Charge@Large::power_kw_values"": [60.0], ""Charge@Large::power_scope"": ""dc_indicated_ports"", ""Charge@Large::site_power_range_raw"": ""60"", ""Charge@Large::status_counts"": {""Available"": 2}, ""Charge@Large::total_port_count"": 2}","{""Charge@Large::connector_types_normalized"": ""CCS"", ""Charge@Large::dc_port_count"": 2, ""Charge@Large::power_kw_max"": 60.0, ""Charge@Large::power_kw_min"": 60.0, ""Charge@Large::power_scope"": ""dc_indicated_ports"", ""Charge@Large::status_counts"": {""Available"": 2}, ""Charge@Large::total_port_count"": 2}",2,"[{""binding"": ""same source address and OCM ID; search evidence only"", ""conclusion"": ""web_evidence_found_not_identity_proof"", ""file"": ""data/reference/web_review/task3_ocm_125_web_confidence.csv"", ""page_opened"": true, ""reported_confidence"": ""high"", ""url"": ""https://ev-charging-stations.com.au/chargers/nsw/north-wollongong""}]"
123,,,"126 Mackay Avenue, Yoogali NSW 2680",Chargefox,1,DC,24 kW,-34.30172777,146.0826426,Griffith City Council,2680,Existing Fast Chargers,0,0,0,0,0,0,0,0,0,0,0,0,0,0,0,0,0,0,0,0,1,0,0,0,0,0,0,0,0,0,0,0,0,0,0,0,0,0,0,0,Riverina,113,2680,accepted,coordinate_only,55.2849612952081,0.5100606673407483,306015,"Kurrajong Avenue, Yoogali, New South Wales, 2680",Griffith City Volkswagen,Chargefox,"{""charger_capacities"": ""24 kW"", ""charging_point_count"": 1.0, ""connector_types_normalized"": ""CCS"", ""data_provider"": ""Open Charge Map"", ""is_operational"": true, ""last_verified"": ""2024-12-08T01:54:00Z"", ""number_of_plugs"": null, ""operator"": ""Chargefox"", ""plug_types"": ""CCS (Type 2)"", ""power_kw_max"": 24.0, ""power_kw_min"": 24.0, ""power_kw_values"": [24.0], ""power_scope"": ""dc_indicated_connection_ratings"", ""status"": ""Operational"", ""usage_cost"": ""$0.40/kWh""}",True,2,2,405.02919878214146,,address evidence is inconsistent,False,review,coordinate_only,485.83027982472646,0.0,https://www.openstreetmap.org/node/11963693701,,,Chargefox,"{""access_condition"": ""Free Access"", ""allows_card_payment"": false, ""allows_reservation"": false, ""charging_point_count"": null, ""charging_point_count_raw"": null, ""connector_types_normalized"": ""CCS"", ""data_provider"": ""OpenStreetMap"", ""is_free"": false, ""network"": """", ""number_of_plugs"": null, ""opening_hours"": """", ""power_kw_max"": null, ""power_kw_min"": null, ""power_scope"": ""station_reported_maximum"", ""pricing_info"": """"}",True,1,1,,candidate does not pass the automatic identity gate,,False,unmatched,unmatched,,,,,,,{},,0,0,,,,False,accepted,accepted,OCM,OCM:306015,OSM,OSM: candidate does not pass the automatic identity gate,OCM: address evidence is inconsistent,yes,,"{""OCM::charger_capacities"": ""24 kW"", ""OCM::charging_point_count"": 1.0, ""OCM::connector_types_normalized"": ""CCS"", ""OCM::data_provider"": ""Open Charge Map"", ""OCM::is_operational"": true, ""OCM::last_verified"": ""2024-12-08T01:54:00Z"", ""OCM::operator"": ""Chargefox"", ""OCM::plug_types"": ""CCS (Type 2)"", ""OCM::power_kw_max"": 24.0, ""OCM::power_kw_min"": 24.0, ""OCM::power_kw_values"": [24.0], ""OCM::power_scope"": ""dc_indicated_connection_ratings"", ""OCM::status"": ""Operational"", ""OCM::usage_cost"": ""$0.40/kWh""}","{""OCM::connector_types_normalized"": ""CCS"", ""OCM::is_operational"": true, ""OCM::operator"": ""Chargefox"", ""OCM::plug_types"": ""CCS (Type 2)"", ""OCM::power_kw_max"": 24.0, ""OCM::power_kw_min"": 24.0, ""OCM::power_scope"": ""dc_indicated_connection_ratings"", ""OCM::status"": ""Operational"", ""OCM::usage_cost"": ""$0.40/kWh""}",5,"[{""binding"": ""same source address and OCM ID; search evidence only"", ""conclusion"": ""web_evidence_found_not_identity_proof"", ""file"": ""data/reference/web_review/task3_ocm_125_web_confidence.csv"", ""page_opened"": true, ""reported_confidence"": ""high"", ""url"": ""https://ev-charging-stations.com.au/chargers/chargefox-126-mackay-avenue-yoogali-nsw-2680""}]"
124,,,"127 Conadilly Street, Gunnedah NSW 2380",Chargefox,4,DC,47 kW,-30.97681086,150.2501652,Gunnedah Shire Council,2380,Existing Fast Chargers,0,0,0,0,0,0,0,0,0,0,0,0,0,0,0,0,0,0,0,0,0,0,0,0,0,0,0,0,0,0,4,0,0,0,0,0,0,0,0,0,New England and North West,110,2380,review,coordinate_only,196.9329083094799,0.4029175050301811,274452,"Kepreotes Carpark, 73 Little Barber Street, Gunnedah, NSW, 2380",NRMA Fast Charger Gunnedah,(Unknown Operator),"{""charger_capacities"": ""50 kW"", ""charging_point_count"": 1.0, ""connector_types_normalized"": ""CCS;CHAdeMO"", ""data_provider"": ""Open Charge Map"", ""is_operational"": true, ""last_verified"": ""2023-09-18T01:27:00Z"", ""number_of_plugs"": null, ""operator"": ""(Unknown Operator)"", ""plug_types"": ""CCS (Type 2); CHAdeMO"", ""power_kw_max"": 50.0, ""power_kw_min"": 50.0, ""power_kw_values"": [50.0], ""power_scope"": ""dc_indicated_connection_ratings"", ""status"": ""Operational"", ""usage_cost"": ""$0, but payment will be required Oct-Dec 2023""}",True,1,1,,house numbers conflict; address evidence is inconsistent; candidate does not pass the automatic identity gate,,False,unmatched,unmatched,,,,,,,{},,0,0,,,,False,unmatched,unmatched,,,,,,,{},,0,0,,,,False,review,review,,,OCM,OCM: house numbers conflict; address evidence is inconsistent; candidate does not pass the automatic identity gate,,no,,{},{},0,"[{""binding"": ""same source address and OCM ID; search evidence only"", ""conclusion"": ""web_evidence_found_not_identity_proof"", ""file"": ""data/reference/web_review/task3_ocm_125_web_confidence.csv"", ""page_opened"": false, ""reported_confidence"": ""medium"", ""url"": ""https://www.plugroo.com.au/nsw/piallaway""}]"
126,,,"128 Flood Street, Leichhardt NSW 2040",Evie Networks,4,DC,75 kW,-33.88518,151.148629,Inner West Council,2040,ARENA - Driving the Nation,0,0,0,0,0,0,0,0,0,0,0,0,0,0,0,0,0,0,0,0,0,0,0,0,0,0,0,0,0,0,0,0,0,0,0,4,0,0,0,0,Sydney - Inner West,120,2040,accepted,coordinate_and_fuzzy_address,225.2425735543897,1.0,272673,"128 Flood Street, Leichhardt, New South Wales, 2040",Leichhardt Marketplace,Evie,"{""charger_capacities"": ""50 kW"", ""charging_point_count"": 2.0, ""connector_types_normalized"": ""CCS;CHAdeMO"", ""data_provider"": ""Open Charge Map"", ""is_operational"": true, ""last_verified"": ""2023-07-16T12:44:00Z"", ""number_of_plugs"": null, ""operator"": ""Evie"", ""plug_types"": ""CCS (Type 2); CHAdeMO"", ""power_kw_max"": 50.0, ""power_kw_min"": 50.0, ""power_kw_values"": [50.0], ""power_scope"": ""dc_indicated_connection_ratings"", ""status"": ""Operational"", ""usage_cost"": """"}",True,1,1,,,,False,unmatched,unmatched,,,,,,,{},,0,0,,,,False,unmatched,unmatched,,,,,,,{},,0,0,,,,False,accepted,accepted,OCM,OCM:272673,,,,no,,"{""OCM::charger_capacities"": ""50 kW"", ""OCM::charging_point_count"": 2.0, ""OCM::connector_types_normalized"": ""CCS;CHAdeMO"", ""OCM::data_provider"": ""Open Charge Map"", ""OCM::is_operational"": true, ""OCM::last_verified"": ""2023-07-16T12:44:00Z"", ""OCM::operator"": ""Evie"", ""OCM::plug_types"": ""CCS (Type 2); CHAdeMO"", ""OCM::power_kw_max"": 50.0, ""OCM::power_kw_min"": 50.0, ""OCM::power_kw_values"": [50.0], ""OCM::power_scope"": ""dc_indicated_connection_ratings"", ""OCM::status"": ""Operational""}","{""OCM::connector_types_normalized"": ""CCS;CHAdeMO"", ""OCM::is_operational"": true, ""OCM::operator"": ""Evie"", ""OCM::plug_types"": ""CCS (Type 2); CHAdeMO"", ""OCM::power_kw_max"": 50.0, ""OCM::power_kw_min"": 50.0, ""OCM::power_scope"": ""dc_indicated_connection_ratings"", ""OCM::status"": ""Operational""}",4,[]
127,,,"1-3 Dural Street, Hornsby NSW 2077",Evie Networks,4,DC,50 kW,-33.70276181,151.0964792,"Hornsby, The Council of the Shire of",2077,ARENA - Driving the Nation,0,0,0,0,0,0,0,0,0,0,0,0,0,0,0,0,0,0,0,0,0,0,0,0,0,0,0,0,0,0,0,4,0,0,0,0,0,0,0,0,Sydney - North Sydney and Hornsby,121,2077,unmatched,unmatched,,,,,,,{},,0,0,,,,False,unmatched,unmatched,,,,,,,{},,0,0,,,,False,unmatched,unmatched,,,,,,,{},,0,0,,,,False,unmatched,unmatched,,,,,,no,,{},{},0,[]
133,,,"13125 Hume Highway, Sutton Forest NSW 2577",Evie Networks,8,DC,350 kW,-34.60721926,150.2251632,Wingecarribee Shire Council,2577,Existing Fast Chargers,0,0,0,0,0,0,0,0,0,0,0,0,0,0,0,0,0,0,0,0,0,0,0,0,0,8,0,0,0,0,0,0,0,0,0,0,0,0,0,0,Southern Highlands and Shoalhaven,114,2577,accepted,coordinate_only,7.338899553449571,0.6853846153846155,238124,"Hume Hwy, Sutton Forest Service Centre, NSW",Sally’s Corner,Evie,"{""charger_capacities"": ""350 kW"", ""charging_point_count"": 4.0, ""connector_types_normalized"": ""CCS;CHAdeMO"", ""data_provider"": ""Open Charge Map"", ""is_operational"": true, ""last_verified"": ""2023-07-12T22:58:00Z"", ""number_of_plugs"": null, ""operator"": ""Evie"", ""plug_types"": ""CCS (Type 2); CHAdeMO"", ""power_kw_max"": 350.0, ""power_kw_min"": 350.0, ""power_kw_values"": [350.0], ""power_scope"": ""dc_indicated_connection_ratings"", ""status"": ""Operational"", ""usage_cost"": ""65c per kWh energy consumed.""}",True,2,2,481.54709900403446,,address evidence is inconsistent,False,accepted,coordinate_only,8.496865313810645,0.0,https://www.openstreetmap.org/node/9765677232,,,Evie Networks,"{""access_condition"": ""Free Access"", ""allows_card_payment"": false, ""allows_reservation"": false, ""charging_point_count"": 6, ""charging_point_count_raw"": 6, ""connector_types_normalized"": ""CCS"", ""data_provider"": ""OpenStreetMap"", ""is_free"": false, ""network"": """", ""number_of_plugs"": null, ""opening_hours"": """", ""power_kw_max"": null, ""power_kw_min"": null, ""power_scope"": ""station_reported_maximum"", ""pricing_info"": """"}",True,1,1,,,,False,unmatched,unmatched,,,,,,,{},,0,0,,,,False,accepted,accepted,OCM;OSM,OCM:238124;OSM:https://www.openstreetmap.org/node/9765677232,,,OCM: address evidence is inconsistent,yes,,"{""OCM::charger_capacities"": ""350 kW"", ""OCM::charging_point_count"": 4.0, ""OCM::connector_types_normalized"": ""CCS;CHAdeMO"", ""OCM::data_provider"": ""Open Charge Map"", ""OCM::is_operational"": true, ""OCM::last_verified"": ""2023-07-12T22:58:00Z"", ""OCM::operator"": ""Evie"", ""OCM::plug_types"": ""CCS (Type 2); CHAdeMO"", ""OCM::power_kw_max"": 350.0, ""OCM::power_kw_min"": 350.0, ""OCM::power_kw_values"": [350.0], ""OCM::power_scope"": ""dc_indicated_connection_ratings"", ""OCM::status"": ""Operational"", ""OCM::usage_cost"": ""65c per kWh energy consumed."", ""OSM::access_condition"": ""Free Access"", ""OSM::allows_card_payment"": false, ""OSM::allows_reservation"": false, ""OSM::charging_point_count"": 6, ""OSM::charging_point_count_raw"": 6, ""OSM::connector_types_normalized"": ""CCS"", ""OSM::data_provider"": ""OpenStreetMap"", ""OSM::is_free"": false, ""OSM::power_scope"": ""station_reported_maximum""}","{""OCM::connector_types_normalized"": ""CCS;CHAdeMO"", ""OCM::is_operational"": true, ""OCM::operator"": ""Evie"", ""OCM::plug_types"": ""CCS (Type 2); CHAdeMO"", ""OCM::power_kw_max"": 350.0, ""OCM::power_kw_min"": 350.0, ""OCM::power_scope"": ""dc_indicated_connection_ratings"", ""OCM::status"": ""Operational"", ""OCM::usage_cost"": ""65c per kWh energy consumed."", ""OSM::access_condition"": ""Free Access"", ""OSM::allows_card_payment"": false, ""OSM::allows_reservation"": false, ""OSM::connector_types_normalized"": ""CCS"", ""OSM::is_free"": false, ""OSM::power_scope"": ""station_reported_maximum""}",9,"[{""binding"": ""same source address and OCM ID; search evidence only"", ""conclusion"": ""web_evidence_found_not_identity_proof"", ""file"": ""data/reference/web_review/task3_ocm_125_web_confidence.csv"", ""page_opened"": true, ""reported_confidence"": ""high"", ""url"": ""https://www.chargeroute.au/chargers/nsw/evie-sutton-forest-sutton-forest""}]"
135,,,"13-17 Princes Highway, Albion Park Rail NSW 2527",Evie Networks,2,DC,50 kW,-34.5504346,150.7877814,Shellharbour City Council,2527,ARENA - Driving the Nation,0,0,0,0,0,0,0,0,0,0,0,0,0,0,0,0,0,0,0,0,0,0,0,0,0,0,0,0,0,0,0,2,0,0,0,0,0,0,0,0,Illawarra,107,2527,unmatched,unmatched,,,,,,,{},,0,0,,,,False,review,coordinate_only,176.35030699004847,0.0,https://www.openstreetmap.org/node/13309552143,,,AmpCharge,"{""access_condition"": ""Free Access"", ""allows_card_payment"": false, ""allows_reservation"": false, ""charging_point_count"": 2, ""charging_point_count_raw"": 2, ""connector_types_normalized"": ""CCS"", ""data_provider"": ""OpenStreetMap"", ""is_free"": false, ""network"": """", ""number_of_plugs"": null, ""opening_hours"": """", ""power_kw_max"": null, ""power_kw_min"": null, ""power_scope"": ""station_reported_maximum"", ""pricing_info"": """"}",True,1,1,,candidate does not pass the automatic identity gate,,False,unmatched,unmatched,,,,,,,{},,0,0,,,,False,review,review,,,OSM,OSM: candidate does not pass the automatic identity gate,,no,,{},{},0,"[{""binding"": ""source_address_only; external identity not verified"", ""conclusion"": """", ""file"": ""data/reference/web_review/task3_104_non_ocm_web_verified.csv"", ""page_opened"": true, ""reported_confidence"": ""high"", ""url"": ""https://ev-charging-stations.com.au/chargers/chargefox-13-17-princes-highway-albion-park-rail-nsw-2527""}]"
136,,,"132 Pound Street, Grafton NSW 2460",NRMA Electric,2,DC,50 kW,-29.68846451,152.933015,Clarence Valley Council,2460,Existing Fast Chargers,0,0,0,0,0,0,0,0,0,0,0,0,0,0,0,0,0,0,0,0,0,0,0,0,0,0,0,0,0,0,0,2,0,0,0,0,0,0,0,0,Coffs Harbour - Grafton,104,2460,accepted,coordinate_only,66.6786834091841,0.7277777777777779,190393,"Pound Street, Grafton, New South Wales",Grafton Public Library,NRMA,"{""charger_capacities"": ""50 kW"", ""charging_point_count"": 1.0, ""connector_types_normalized"": ""CCS;CHAdeMO"", ""data_provider"": ""Open Charge Map"", ""is_operational"": true, ""last_verified"": ""2021-12-06T13:23:00Z"", ""number_of_plugs"": null, ""operator"": ""NRMA"", ""plug_types"": ""CCS (Type 2); CHAdeMO"", ""power_kw_max"": 50.0, ""power_kw_min"": 50.0, ""power_kw_values"": [50.0], ""power_scope"": ""dc_indicated_connection_ratings"", ""status"": ""Operational"", ""usage_cost"": """"}",True,1,1,,,address evidence is inconsistent,False,accepted,coordinate_only,58.56519779346924,0.0,https://www.openstreetmap.org/node/6656345063,,,NRMA,"{""access_condition"": ""Free Access"", ""allows_card_payment"": false, ""allows_reservation"": false, ""charging_point_count"": 1, ""charging_point_count_raw"": 1, ""connector_types_normalized"": ""CCS;CHAdeMO"", ""data_provider"": ""OpenStreetMap"", ""is_free"": false, ""network"": """", ""number_of_plugs"": null, ""opening_hours"": """", ""power_kw_max"": null, ""power_kw_min"": null, ""power_scope"": ""station_reported_maximum"", ""pricing_info"": ""$0.66/kWh""}",True,1,1,,,,False,unmatched,unmatched,,,,,,,{},,0,0,,,,False,accepted,accepted,OCM;OSM,OCM:190393;OSM:https://www.openstreetmap.org/node/6656345063,,,OCM: address evidence is inconsistent,yes,,"{""OCM::charger_capacities"": ""50 kW"", ""OCM::charging_point_count"": 1.0, ""OCM::connector_types_normalized"": ""CCS;CHAdeMO"", ""OCM::data_provider"": ""Open Charge Map"", ""OCM::is_operational"": true, ""OCM::last_verified"": ""2021-12-06T13:23:00Z"", ""OCM::operator"": ""NRMA"", ""OCM::plug_types"": ""CCS (Type 2); CHAdeMO"", ""OCM::power_kw_max"": 50.0, ""OCM::power_kw_min"": 50.0, ""OCM::power_kw_values"": [50.0], ""OCM::power_scope"": ""dc_indicated_connection_ratings"", ""OCM::status"": ""Operational"", ""OSM::access_condition"": ""Free Access"", ""OSM::allows_card_payment"": false, ""OSM::allows_reservation"": false, ""OSM::charging_point_count"": 1, ""OSM::charging_point_count_raw"": 1, ""OSM::connector_types_normalized"": ""CCS;CHAdeMO"", ""OSM::data_provider"": ""OpenStreetMap"", ""OSM::is_free"": false, ""OSM::power_scope"": ""station_reported_maximum"", ""OSM::pricing_info"": ""$0.66/kWh""}","{""OCM::connector_types_normalized"": ""CCS;CHAdeMO"", ""OCM::is_operational"": true, ""OCM::operator"": ""NRMA"", ""OCM::plug_types"": ""CCS (Type 2); CHAdeMO"", ""OCM::power_kw_max"": 50.0, ""OCM::power_kw_min"": 50.0, ""OCM::power_scope"": ""dc_indicated_connection_ratings"", ""OCM::status"": ""Operational"", ""OSM::access_condition"": ""Free Access"", ""OSM::allows_card_payment"": false, ""OSM::allows_reservation"": false, ""OSM::connector_types_normalized"": ""CCS;CHAdeMO"", ""OSM::is_free"": false, ""OSM::power_scope"": ""station_reported_maximum"", ""OSM::pricing_info"": ""$0.66/kWh""}",9,"[{""binding"": ""same source address and OCM ID; search evidence only"", ""conclusion"": ""web_evidence_found_not_identity_proof"", ""file"": ""data/reference/web_review/task3_ocm_125_web_confidence.csv"", ""page_opened"": false, ""reported_confidence"": ""medium"", ""url"": ""https://www.chargeroute.au/chargers/nsw/nrma-grafton-grafton""}]"
137,,,"133 Liverpool Road, Sydney NSW 2134",JOLT,2,DC,25 kW,-33.88724929,151.0993353,Burwood Council,2134,Existing Fast Chargers,0,0,0,0,0,0,0,0,0,0,0,0,0,0,0,0,0,0,0,0,0,0,2,0,0,0,0,0,0,0,0,0,0,0,0,0,0,0,0,0,Sydney - Inner West,120,2134,unmatched,unmatched,,,,,,,{},,0,0,,,,False,unmatched,unmatched,,,,,,,{},,0,0,,,,False,unmatched,unmatched,,,,,,,{},,0,0,,,,False,unmatched,unmatched,,,,,,no,,{},{},0,[]
139,,,"133 Wyndham Street Cnr Mcevoy Street, Alexandria NSW 2015",Ampol,2,DC,150 kW,-33.9020166,151.2000104,Bayside Council,2015,ARENA - Driving the Nation,0,0,0,0,0,0,0,2,0,0,0,0,0,0,0,0,0,0,0,0,0,0,0,0,0,0,0,0,0,0,0,0,0,0,0,0,0,0,0,0,Sydney - City and Inner South,117,2015,unmatched,unmatched,,,,,,,{},,0,0,,,,False,unmatched,unmatched,,,,,,,{},,0,0,,,,False,unmatched,unmatched,,,,,,,{},,0,0,,,,False,unmatched,unmatched,,,,,,no,,{},{},0,[]
140,,,"134 Lachlan Street, Hay NSW 2711",NRMA Electric,4,DC,180 kW,-34.50890395,144.8427858,Hay Shire Council,2711,Existing Fast Chargers,0,0,0,0,0,0,0,0,0,0,0,0,4,0,0,0,0,0,0,0,0,0,0,0,0,0,0,0,0,0,0,0,0,0,0,0,0,0,0,0,Murray,109,2711,accepted,coordinate_and_fuzzy_address,27.39635572459919,1.0,190670,"134 Lachlan St, Hay, NSW, 2711",Hay [NRMA],NRMA,"{""charger_capacities"": ""50 kW"", ""charging_point_count"": 1.0, ""connector_types_normalized"": ""CCS;CHAdeMO"", ""data_provider"": ""Open Charge Map"", ""is_operational"": true, ""last_verified"": ""2021-12-17T02:59:00Z"", ""number_of_plugs"": null, ""operator"": ""NRMA"", ""plug_types"": ""CCS (Type 2); CHAdeMO"", ""power_kw_max"": 50.0, ""power_kw_min"": 50.0, ""power_kw_values"": [50.0], ""power_scope"": ""dc_indicated_connection_ratings"", ""status"": ""Operational"", ""usage_cost"": ""Currently free but will be fee at some point.""}",True,1,1,,,,False,accepted,coordinate_only,30.413586904699102,0.0,https://www.openstreetmap.org/node/6926483227,,,NRMA,"{""access_condition"": ""Free Access"", ""allows_card_payment"": false, ""allows_reservation"": false, ""charging_point_count"": null, ""charging_point_count_raw"": null, ""connector_types_normalized"": ""CCS;CHAdeMO"", ""data_provider"": ""OpenStreetMap"", ""is_free"": false, ""network"": ""NRMA"", ""number_of_plugs"": null, ""opening_hours"": """", ""power_kw_max"": null, ""power_kw_min"": null, ""power_scope"": ""station_reported_maximum"", ""pricing_info"": """"}",True,2,2,258.2318907742463,,,False,unmatched,unmatched,,,,,,,{},,0,0,,,,False,accepted,accepted,OCM;OSM,OCM:190670;OSM:https://www.openstreetmap.org/node/6926483227,,,OCM:190670 is linked to multiple TfNSW rows,yes,,"{""OCM::charger_capacities"": ""50 kW"", ""OCM::charging_point_count"": 1.0, ""OCM::connector_types_normalized"": ""CCS;CHAdeMO"", ""OCM::data_provider"": ""Open Charge Map"", ""OCM::is_operational"": true, ""OCM::last_verified"": ""2021-12-17T02:59:00Z"", ""OCM::operator"": ""NRMA"", ""OCM::plug_types"": ""CCS (Type 2); CHAdeMO"", ""OCM::power_kw_max"": 50.0, ""OCM::power_kw_min"": 50.0, ""OCM::power_kw_values"": [50.0], ""OCM::power_scope"": ""dc_indicated_connection_ratings"", ""OCM::status"": ""Operational"", ""OCM::usage_cost"": ""Currently free but will be fee at some point."", ""OSM::access_condition"": ""Free Access"", ""OSM::allows_card_payment"": false, ""OSM::allows_reservation"": false, ""OSM::connector_types_normalized"": ""CCS;CHAdeMO"", ""OSM::data_provider"": ""OpenStreetMap"", ""OSM::is_free"": false, ""OSM::network"": ""NRMA"", ""OSM::power_scope"": ""station_reported_maximum""}","{""OCM::connector_types_normalized"": ""CCS;CHAdeMO"", ""OCM::is_operational"": true, ""OCM::operator"": ""NRMA"", ""OCM::plug_types"": ""CCS (Type 2); CHAdeMO"", ""OCM::power_kw_max"": 50.0, ""OCM::power_kw_min"": 50.0, ""OCM::power_scope"": ""dc_indicated_connection_ratings"", ""OCM::status"": ""Operational"", ""OCM::usage_cost"": ""Currently free but will be fee at some point."", ""OSM::access_condition"": ""Free Access"", ""OSM::allows_card_payment"": false, ""OSM::allows_reservation"": false, ""OSM::connector_types_normalized"": ""CCS;CHAdeMO"", ""OSM::is_free"": false, ""OSM::network"": ""NRMA"", ""OSM::power_scope"": ""station_reported_maximum""}",10,[]
141,,,"134 Lachlan Street, Hay NSW 2711",NRMA Electric,2,DC,50 kW,-34.50908013,144.8410701,Hay Shire Council,2711,Existing Fast Chargers,0,0,0,0,0,0,0,0,0,0,0,0,0,0,0,0,0,0,0,0,0,0,0,0,0,0,0,0,0,0,0,2,0,0,0,0,0,0,0,0,Murray,109,2711,accepted,coordinate_and_fuzzy_address,174.1010317447131,1.0,190670,"134 Lachlan St, Hay, NSW, 2711",Hay [NRMA],NRMA,"{""charger_capacities"": ""50 kW"", ""charging_point_count"": 1.0, ""connector_types_normalized"": ""CCS;CHAdeMO"", ""data_provider"": ""Open Charge Map"", ""is_operational"": true, ""last_verified"": ""2021-12-17T02:59:00Z"", ""number_of_plugs"": null, ""operator"": ""NRMA"", ""plug_types"": ""CCS (Type 2); CHAdeMO"", ""power_kw_max"": 50.0, ""power_kw_min"": 50.0, ""power_kw_values"": [50.0], ""power_scope"": ""dc_indicated_connection_ratings"", ""status"": ""Operational"", ""usage_cost"": ""Currently free but will be fee at some point.""}",True,1,1,,,,False,review,coordinate_only,147.65710113981794,0.0,https://www.openstreetmap.org/node/6926483227,,,NRMA,"{""access_condition"": ""Free Access"", ""allows_card_payment"": false, ""allows_reservation"": false, ""charging_point_count"": null, ""charging_point_count_raw"": null, ""connector_types_normalized"": ""CCS;CHAdeMO"", ""data_provider"": ""OpenStreetMap"", ""is_free"": false, ""network"": ""NRMA"", ""number_of_plugs"": null, ""opening_hours"": """", ""power_kw_max"": null, ""power_kw_min"": null, ""power_scope"": ""station_reported_maximum"", ""pricing_info"": """"}",True,2,2,147.2730839894204,candidate does not pass the automatic identity gate,,False,unmatched,unmatched,,,,,,,{},,0,0,,,,False,accepted,accepted,OCM,OCM:190670,OSM,OSM: candidate does not pass the automatic identity gate,OCM:190670 is linked to multiple TfNSW rows,yes,,"{""OCM::charger_capacities"": ""50 kW"", ""OCM::charging_point_count"": 1.0, ""OCM::connector_types_normalized"": ""CCS;CHAdeMO"", ""OCM::data_provider"": ""Open Charge Map"", ""OCM::is_operational"": true, ""OCM::last_verified"": ""2021-12-17T02:59:00Z"", ""OCM::operator"": ""NRMA"", ""OCM::plug_types"": ""CCS (Type 2); CHAdeMO"", ""OCM::power_kw_max"": 50.0, ""OCM::power_kw_min"": 50.0, ""OCM::power_kw_values"": [50.0], ""OCM::power_scope"": ""dc_indicated_connection_ratings"", ""OCM::status"": ""Operational"", ""OCM::usage_cost"": ""Currently free but will be fee at some point.""}","{""OCM::connector_types_normalized"": ""CCS;CHAdeMO"", ""OCM::is_operational"": true, ""OCM::operator"": ""NRMA"", ""OCM::plug_types"": ""CCS (Type 2); CHAdeMO"", ""OCM::power_kw_max"": 50.0, ""OCM::power_kw_min"": 50.0, ""OCM::power_scope"": ""dc_indicated_connection_ratings"", ""OCM::status"": ""Operational"", ""OCM::usage_cost"": ""Currently free but will be fee at some point.""}",5,[]
143,,,"134-136 Grafton Street, Coffs Harbour NSW 2450",BP,2,DC,75 kW,-30.29156861,153.1183714,Coffs Harbour City Council,2450,Existing Fast Chargers,0,0,0,0,0,0,0,0,0,0,0,0,0,0,0,0,0,0,0,0,0,0,0,0,0,0,0,0,0,0,0,0,0,0,0,2,0,0,0,0,Coffs Harbour - Grafton,104,2450,review,coordinate_only,15.600606738978888,0.444847775175644,273433,"136 Pacific Highway, Coffs Harbour, New South Wales, 2450",Coffs Harbour [bp pulse],BP Pulse (AU),"{""charger_capacities"": ""75 kW"", ""charging_point_count"": 1.0, ""connector_types_normalized"": ""CCS;CHAdeMO"", ""data_provider"": ""Open Charge Map"", ""is_operational"": true, ""last_verified"": ""2023-08-09T12:33:00Z"", ""number_of_plugs"": null, ""operator"": ""BP Pulse (AU)"", ""plug_types"": ""CCS (Type 2); CHAdeMO"", ""power_kw_max"": 75.0, ""power_kw_min"": 75.0, ""power_kw_values"": [75.0], ""power_scope"": ""dc_indicated_connection_ratings"", ""status"": ""Operational"", ""usage_cost"": ""$0.55/kWh""}",True,1,1,,house numbers conflict; address evidence is inconsistent; candidate does not pass the automatic identity gate,,False,unmatched,unmatched,,,,,,,{},,0,0,,,,False,unmatched,unmatched,,,,,,,{},,0,0,,,,False,review,review,,,OCM,OCM: house numbers conflict; address evidence is inconsistent; candidate does not pass the automatic identity gate,,no,,{},{},0,"[{""binding"": ""same source address and OCM ID; search evidence only"", ""conclusion"": ""web_evidence_found_not_identity_proof"", ""file"": ""data/reference/web_review/task3_ocm_125_web_confidence.csv"", ""page_opened"": false, ""reported_confidence"": ""low"", ""url"": ""https://www.realestate.com.au/property/134-136-grafton-st-coffs-harbour-nsw-2450/""}]"
150,,,"14 Everton Road, Sydney NSW 2135",JOLT,2,DC,25 kW,-33.87204909,151.0954464,Burwood Council,2135,Existing Fast Chargers,0,0,0,0,0,0,0,0,0,0,0,0,0,0,0,0,0,0,0,0,0,0,2,0,0,0,0,0,0,0,0,0,0,0,0,0,0,0,0,0,Sydney - Inner West,120,2135,unmatched,unmatched,,,,,,,{},,0,0,,,,False,unmatched,unmatched,,,,,,,{},,0,0,,,,False,unmatched,unmatched,,,,,,,{},,0,0,,,,False,unmatched,unmatched,,,,,,no,,{},{},0,[]
153,,,"140 Denison Street, Sydney NSW 2036",Exploren,2,DC,120 kW,-33.94916821,151.2247958,Bayside Council,2036,Existing Fast Chargers,0,0,2,0,0,0,0,0,0,0,0,0,0,0,0,0,0,0,0,0,0,0,0,0,0,0,0,0,0,0,0,0,0,0,0,0,0,0,0,0,Sydney - City and Inner South,117,2036,unmatched,unmatched,,,,,,,{},,0,0,,,,False,unmatched,unmatched,,,,,,,{},,0,0,,,,False,review,coordinate_only,0.0898879958040246,0.8469387755102041,15d06bf5-6b4a-425d-9312-bae4b17cc22b-1879,"140-148 Denison St, Hillsdale, NSW 2036",Bunnings Eastgardens,,"{""connector_types_normalized"": ""CCS"", ""data_provider"": ""Charge@Large"", ""dc_port_count"": 2, ""number_of_plugs"": null, ""power_kw_max"": 120.0, ""power_kw_min"": 120.0, ""power_kw_values"": [120.0], ""power_scope"": ""dc_indicated_ports"", ""site_power_range_raw"": ""120"", ""status_counts"": {""Available"": 2}, ""status_observed_at"": null, ""total_port_count"": 2}",True,1,1,,house numbers conflict; address evidence is inconsistent; candidate does not pass the automatic identity gate,,False,review,review,,,Charge@Large,Charge@Large: house numbers conflict; address evidence is inconsistent; candidate does not pass the automatic identity gate,,no,,{},{},0,"[{""binding"": ""source_address_only; external identity not verified"", ""conclusion"": """", ""file"": ""data/reference/web_review/task3_104_non_ocm_web_verified.csv"", ""page_opened"": true, ""reported_confidence"": ""high"", ""url"": ""https://ev-charging-stations.com.au/chargers/nsw/eastgardens""}]"
154,,,"140 Queen Street, Berry NSW 2535",NRMA Electric,2,DC,50 kW,-34.77559464,150.7010871,Shoalhaven City Council,2535,Existing Fast Chargers,0,0,0,0,0,0,0,0,0,0,0,0,0,0,0,0,0,0,0,0,0,0,0,0,0,0,0,0,0,0,0,2,0,0,0,0,0,0,0,0,Southern Highlands and Shoalhaven,114,2535,accepted,coordinate_only,27.177121005667352,0.08695652173913043,161845,"Berry, NSW",Berry NRMA,NRMA,"{""charger_capacities"": ""50 kW"", ""charging_point_count"": 1.0, ""connector_types_normalized"": ""CCS;CHAdeMO"", ""data_provider"": ""Open Charge Map"", ""is_operational"": true, ""last_verified"": ""2020-11-19T13:08:00Z"", ""number_of_plugs"": null, ""operator"": ""NRMA"", ""plug_types"": ""CCS (Type 2); CHAdeMO"", ""power_kw_max"": 50.0, ""power_kw_min"": 50.0, ""power_kw_values"": [50.0], ""power_scope"": ""dc_indicated_connection_ratings"", ""status"": ""Operational"", ""usage_cost"": ""Currently free but will be fee at some point for non NRMA Members""}",True,1,1,,,address evidence is inconsistent,False,unmatched,unmatched,,,,,,,{},,0,0,,,,False,unmatched,unmatched,,,,,,,{},,0,0,,,,False,accepted,accepted,OCM,OCM:161845,,,OCM: address evidence is inconsistent,yes,,"{""OCM::charger_capacities"": ""50 kW"", ""OCM::charging_point_count"": 1.0, ""OCM::connector_types_normalized"": ""CCS;CHAdeMO"", ""OCM::data_provider"": ""Open Charge Map"", ""OCM::is_operational"": true, ""OCM::last_verified"": ""2020-11-19T13:08:00Z"", ""OCM::operator"": ""NRMA"", ""OCM::plug_types"": ""CCS (Type 2); CHAdeMO"", ""OCM::power_kw_max"": 50.0, ""OCM::power_kw_min"": 50.0, ""OCM::power_kw_values"": [50.0], ""OCM::power_scope"": ""dc_indicated_connection_ratings"", ""OCM::status"": ""Operational"", ""OCM::usage_cost"": ""Currently free but will be fee at some point for non NRMA Members""}","{""OCM::connector_types_normalized"": ""CCS;CHAdeMO"", ""OCM::is_operational"": true, ""OCM::operator"": ""NRMA"", ""OCM::plug_types"": ""CCS (Type 2); CHAdeMO"", ""OCM::power_kw_max"": 50.0, ""OCM::power_kw_min"": 50.0, ""OCM::power_scope"": ""dc_indicated_connection_ratings"", ""OCM::status"": ""Operational"", ""OCM::usage_cost"": ""Currently free but will be fee at some point for non NRMA Members""}",5,"[{""binding"": ""same source address and OCM ID; search evidence only"", ""conclusion"": ""web_evidence_found_not_identity_proof"", ""file"": ""data/reference/web_review/task3_ocm_125_web_confidence.csv"", ""page_opened"": true, ""reported_confidence"": ""high"", ""url"": ""https://ev-charging-stations.com.au/chargers/nrma-140-queen-street-berry-nsw-2535""}]"
155,,,"141 Morgan Street, Sydney NSW 2209",JOLT,2,DC,25 kW,-33.9492503,151.0812503,Georges River Council,2209,Existing Fast Chargers,0,0,0,0,0,0,0,0,0,0,0,0,0,0,0,0,0,0,0,0,0,0,2,0,0,0,0,0,0,0,0,0,0,0,0,0,0,0,0,0,Sydney - Inner South West,119,2209,unmatched,unmatched,,,,,,,{},,0,0,,,,False,unmatched,unmatched,,,,,,,{},,0,0,,,,False,unmatched,unmatched,,,,,,,{},,0,0,,,,False,unmatched,unmatched,,,,,,no,,{},{},0,[]
156,,,"141 Roselands Avenue, Roselands NSW 2196",Engie,2,DC,120 kW,-33.9354417,151.0685253,Georges River Council,2196,ARENA - Driving the Nation,0,0,2,0,0,0,0,0,0,0,0,0,0,0,0,0,0,0,0,0,0,0,0,0,0,0,0,0,0,0,0,0,0,0,0,0,0,0,0,0,Sydney - Inner South West,119,2196,review,coordinate_only,79.6509411341364,0.7592307692307693,272617,"24 Roselands Drive, Roselands, New South Wales, 2196",ENGIE - Roselands Shopping Centre,Chargefox,"{""charger_capacities"": ""120 kW"", ""charging_point_count"": 2.0, ""connector_types_normalized"": ""CCS"", ""data_provider"": ""Open Charge Map"", ""is_operational"": true, ""last_verified"": ""2023-07-15T09:01:00Z"", ""number_of_plugs"": null, ""operator"": ""Chargefox"", ""plug_types"": ""CCS (Type 2)"", ""power_kw_max"": 120.0, ""power_kw_min"": 120.0, ""power_kw_values"": [120.0], ""power_scope"": ""dc_indicated_connection_ratings"", ""status"": ""Operational"", ""usage_cost"": ""$0.45/kWh""}",True,1,1,,house numbers conflict; address evidence is inconsistent; candidate does not pass the automatic identity gate,,False,accepted,coordinate_only,72.67705443611479,0.0,https://www.openstreetmap.org/node/13064595558,,,Chargefox,"{""access_condition"": ""Free Access"", ""allows_card_payment"": false, ""allows_reservation"": false, ""charging_point_count"": 2, ""charging_point_count_raw"": 2, ""connector_types_normalized"": ""CCS"", ""data_provider"": ""OpenStreetMap"", ""is_free"": false, ""network"": """", ""number_of_plugs"": null, ""opening_hours"": """", ""power_kw_max"": null, ""power_kw_min"": null, ""power_scope"": ""station_reported_maximum"", ""pricing_info"": """"}",True,1,1,,,,False,review,coordinate_only,77.30908961287506,0.5645348837209303,15d06bf5-6b4a-425d-9312-bae4b17cc22b-2278,"24  Ave, Roselands, NSW 2196",HomeCo Roselands SC,,"{""connector_types_normalized"": ""CCS"", ""data_provider"": ""Charge@Large"", ""dc_port_count"": 2, ""number_of_plugs"": null, ""power_kw_max"": 120.0, ""power_kw_min"": 120.0, ""power_kw_values"": [120.0], ""power_scope"": ""dc_indicated_ports"", ""site_power_range_raw"": ""120"", ""status_counts"": {""Available"": 2}, ""status_observed_at"": null, ""total_port_count"": 2}",True,1,1,,house numbers conflict; address evidence is inconsistent; candidate does not pass the automatic identity gate,,False,accepted,accepted,OSM,OSM:https://www.openstreetmap.org/node/13064595558,OCM;Charge@Large,OCM: house numbers conflict; address evidence is inconsistent; candidate does not pass the automatic identity gate; Charge@Large: house numbers conflict; address evidence is inconsistent; candidate does not pass the automatic identity gate,,no,,"{""OSM::access_condition"": ""Free Access"", ""OSM::allows_card_payment"": false, ""OSM::allows_reservation"": false, ""OSM::charging_point_count"": 2, ""OSM::charging_point_count_raw"": 2, ""OSM::connector_types_normalized"": ""CCS"", ""OSM::data_provider"": ""OpenStreetMap"", ""OSM::is_free"": false, ""OSM::power_scope"": ""station_reported_maximum""}","{""OSM::access_condition"": ""Free Access"", ""OSM::allows_card_payment"": false, ""OSM::allows_reservation"": false, ""OSM::connector_types_normalized"": ""CCS"", ""OSM::is_free"": false, ""OSM::power_scope"": ""station_reported_maximum""}",5,"[{""binding"": ""same source address and OCM ID; search evidence only"", ""conclusion"": ""web_evidence_found_not_identity_proof"", ""file"": ""data/reference/web_review/task3_ocm_125_web_confidence.csv"", ""page_opened"": true, ""reported_confidence"": ""medium"", ""url"": ""https://www.chargeroute.au/ev-chargers/fast""}]"
166,,,"149 Alison Road, Sydney NSW 2031",JOLT,2,DC,50 kW,-33.91307612,151.2387948,Randwick City Council,2031,Existing Fast Chargers,0,0,0,0,0,0,0,0,0,0,0,0,0,0,0,0,0,0,0,0,0,0,0,0,0,0,0,0,0,0,0,2,0,0,0,0,0,0,0,0,Sydney - Eastern Suburbs,118,2031,review,coordinate_only,308.9609042279953,0.5156641604010025,272630,"73 Belmore Road, Randwick, NSW, 2031",Royal Randwick,Evie,"{""charger_capacities"": ""50 kW"", ""charging_point_count"": 2.0, ""connector_types_normalized"": ""CCS;CHAdeMO"", ""data_provider"": ""Open Charge Map"", ""is_operational"": true, ""last_verified"": ""2023-07-15T12:06:00Z"", ""number_of_plugs"": null, ""operator"": ""Evie"", ""plug_types"": ""CCS (Type 2); CHAdeMO"", ""power_kw_max"": 50.0, ""power_kw_min"": 50.0, ""power_kw_values"": [50.0], ""power_scope"": ""dc_indicated_connection_ratings"", ""status"": ""Operational"", ""usage_cost"": """"}",True,1,1,,house numbers conflict; address evidence is inconsistent; candidate does not pass the automatic identity gate,,False,review,coordinate_only,86.42938762412163,0.0,https://www.openstreetmap.org/node/6965143040,,,Chargefox,"{""access_condition"": ""Free Access"", ""allows_card_payment"": false, ""allows_reservation"": false, ""charging_point_count"": 2, ""charging_point_count_raw"": 2, ""connector_types_normalized"": ""CCS"", ""data_provider"": ""OpenStreetMap"", ""is_free"": true, ""network"": """", ""number_of_plugs"": null, ""opening_hours"": """", ""power_kw_max"": null, ""power_kw_min"": null, ""power_scope"": ""station_reported_maximum"", ""pricing_info"": """"}",True,1,1,,external ID https://www.openstreetmap.org/node/6965143040 is shared by distinct source sites,,False,unmatched,unmatched,,,,,,,{},,0,0,,,,False,review,review,,,OCM;OSM,OCM: house numbers conflict; address evidence is inconsistent; candidate does not pass the automatic identity gate; OSM: external ID https://www.openstreetmap.org/node/6965143040 is shared by distinct source sites,,no,,{},{},0,"[{""binding"": ""same source address and OCM ID; search evidence only"", ""conclusion"": ""web_evidence_found_not_identity_proof"", ""file"": ""data/reference/web_review/task3_ocm_125_web_confidence.csv"", ""page_opened"": true, ""reported_confidence"": ""high"", ""url"": ""https://ev-charging-stations.com.au/chargers/nsw/randwick""}]"
170,,,"15 Chancellors Drive, Thrumster NSW 2444",Tesla,12,DC,250 kW,-31.4577518,152.8267908,Port Macquarie-Hastings Council,2444,Existing Fast Chargers,0,0,0,0,0,0,0,0,0,0,0,0,0,0,0,0,0,0,0,0,0,12,0,0,0,0,0,0,0,0,0,0,0,0,0,0,0,0,0,0,Mid North Coast,108,2444,accepted,coordinate_only,53.63836390951961,0.5144444444444445,480398,"John Oxley Drive, Thrumster, New South Wales, 2444",John Oxley Drive,Tesla (including non-tesla),"{""charger_capacities"": ""250 kW"", ""charging_point_count"": 12.0, ""connector_types_normalized"": ""CCS"", ""data_provider"": ""Open Charge Map"", ""is_operational"": true, ""last_verified"": ""2026-03-19T05:06:00Z"", ""number_of_plugs"": null, ""operator"": ""Tesla (including non-tesla)"", ""plug_types"": ""CCS (Type 2)"", ""power_kw_max"": 250.0, ""power_kw_min"": 250.0, ""power_kw_values"": [250.0], ""power_scope"": ""dc_indicated_connection_ratings"", ""status"": ""Operational"", ""usage_cost"": """"}",True,2,2,32.630480535067946,,address evidence is inconsistent,False,review,coordinate_only,55.481126028088845,0.0,https://www.openstreetmap.org/node/11433418128,,Tesla Supercharger,Tesla,"{""access_condition"": ""Free Access"", ""allows_card_payment"": false, ""allows_reservation"": false, ""charging_point_count"": 12, ""charging_point_count_raw"": 12, ""connector_types_normalized"": ""CCS"", ""data_provider"": ""OpenStreetMap"", ""is_free"": false, ""network"": ""Tesla Supercharger"", ""number_of_plugs"": null, ""opening_hours"": """", ""power_kw_max"": null, ""power_kw_min"": null, ""power_scope"": ""station_reported_maximum"", ""pricing_info"": """"}",True,2,2,17.840493684466587,another coordinate candidate is similarly close; multiple candidates have similar evidence; candidate does not pass the automatic identity gate,,False,unmatched,unmatched,,,,,,,{},,0,0,,,,False,accepted,accepted,OCM,OCM:480398,OSM,OSM: another coordinate candidate is similarly close; multiple candidates have similar evidence; candidate does not pass the automatic identity gate,OCM: address evidence is inconsistent,yes,,"{""OCM::charger_capacities"": ""250 kW"", ""OCM::charging_point_count"": 12.0, ""OCM::connector_types_normalized"": ""CCS"", ""OCM::data_provider"": ""Open Charge Map"", ""OCM::is_operational"": true, ""OCM::last_verified"": ""2026-03-19T05:06:00Z"", ""OCM::operator"": ""Tesla (including non-tesla)"", ""OCM::plug_types"": ""CCS (Type 2)"", ""OCM::power_kw_max"": 250.0, ""OCM::power_kw_min"": 250.0, ""OCM::power_kw_values"": [250.0], ""OCM::power_scope"": ""dc_indicated_connection_ratings"", ""OCM::status"": ""Operational""}","{""OCM::connector_types_normalized"": ""CCS"", ""OCM::is_operational"": true, ""OCM::operator"": ""Tesla (including non-tesla)"", ""OCM::plug_types"": ""CCS (Type 2)"", ""OCM::power_kw_max"": 250.0, ""OCM::power_kw_min"": 250.0, ""OCM::power_scope"": ""dc_indicated_connection_ratings"", ""OCM::status"": ""Operational""}",4,"[{""binding"": ""same source address and OCM ID; search evidence only"", ""conclusion"": ""web_evidence_found_not_identity_proof"", ""file"": ""data/reference/web_review/task3_ocm_125_web_confidence.csv"", ""page_opened"": true, ""reported_confidence"": ""high"", ""url"": ""https://www.sovereignhills.com.au/town-centre/town-centre""}]"
174,,,"15 Merriville Road, Sydney NSW 2155",JOLT,2,DC,25 kW,-33.70040345,150.9283123,Blacktown City Council,2155,Existing Fast Chargers,0,0,0,0,0,0,0,0,0,0,0,0,0,0,0,0,0,0,0,0,0,0,2,0,0,0,0,0,0,0,0,0,0,0,0,0,0,0,0,0,Sydney - Blacktown,116,2155,unmatched,unmatched,,,,,,,{},,0,0,,,,False,unmatched,unmatched,,,,,,,{},,0,0,,,,False,unmatched,unmatched,,,,,,,{},,0,0,,,,False,unmatched,unmatched,,,,,,no,,{},{},0,[]
175,,,"15 Merriville Road, Sydney NSW 2155",JOLT,2,DC,25 kW,-33.70051756,150.9281081,Blacktown City Council,2155,Existing Fast Chargers,0,0,0,0,0,0,0,0,0,0,0,0,0,0,0,0,0,0,0,0,0,0,2,0,0,0,0,0,0,0,0,0,0,0,0,0,0,0,0,0,Sydney - Blacktown,116,2155,unmatched,unmatched,,,,,,,{},,0,0,,,,False,unmatched,unmatched,,,,,,,{},,0,0,,,,False,unmatched,unmatched,,,,,,,{},,0,0,,,,False,unmatched,unmatched,,,,,,no,,{},{},0,[]
177,,,"15 Ridge Street, Sydney NSW 2060",Evie Networks,4,DC,75 kW,-33.83274979,151.2064264,North Sydney Council,2060,Existing Fast Chargers,0,0,0,0,0,0,0,0,0,0,0,0,0,0,0,0,0,0,0,0,0,0,0,0,0,0,0,0,0,0,0,0,0,0,0,4,0,0,0,0,Sydney - North Sydney and Hornsby,121,2060,unmatched,unmatched,,,,,,,{},,0,0,,,,False,unmatched,unmatched,,,,,,,{},,0,0,,,,False,unmatched,unmatched,,,,,,,{},,0,0,,,,False,unmatched,unmatched,,,,,,no,,{},{},0,[]
179,,,"15 Victory Street, Braidwood NSW 2622",NRMA Electric,4,DC,50 kW,-31.4988197,145.8375768,Queanbeyan-Palerang Regional Council,2622,TfNSW Regional,0,0,0,0,0,0,0,0,0,0,0,0,0,0,0,0,0,0,0,0,0,0,0,0,0,0,0,0,0,0,0,4,0,0,0,0,0,0,0,0,Far West and Orana,105,2835,review,coordinate_only,1.613311992061809,0.2640316205533597,190679,"3 Broomfield Street, Cobar, New South Wales, 2835",Cobar [NRMA],NRMA,"{""charger_capacities"": ""50 kW"", ""charging_point_count"": 1.0, ""connector_types_normalized"": ""CCS;CHAdeMO"", ""data_provider"": ""Open Charge Map"", ""is_operational"": true, ""last_verified"": ""2022-01-08T10:59:00Z"", ""number_of_plugs"": null, ""operator"": ""NRMA"", ""plug_types"": ""CCS (Type 2); CHAdeMO"", ""power_kw_max"": 50.0, ""power_kw_min"": 50.0, ""power_kw_values"": [50.0], ""power_scope"": ""dc_indicated_connection_ratings"", ""status"": ""Operational"", ""usage_cost"": ""FREE""}",True,1,1,,source address and original postcode conflict; external postcode conflicts with source; house numbers conflict; address evidence is inconsistent; candidate does not pass the automatic identity gate,,True,unmatched,unmatched,,,,,,,{},,0,0,,,,True,unmatched,unmatched,,,,,,,{},,0,0,,,,True,review,review,,,OCM,OCM: source address and original postcode conflict; external postcode conflicts with source; house numbers conflict; address evidence is inconsistent; candidate does not pass the automatic identity gate,,no,,{},{},0,"[{""binding"": ""same source address and OCM ID; search evidence only"", ""conclusion"": ""web_evidence_found_not_identity_proof"", ""file"": ""data/reference/web_review/task3_ocm_125_web_confidence.csv"", ""page_opened"": true, ""reported_confidence"": ""high"", ""url"": ""https://www.queanbeyanpalerang.com.au/taste/braidwood-servicemens-club/""}]"
180,,,"1509-1511 Pittwater Road, Sydney NSW 2101",Ampol,2,DC,150 kW,-33.70444949,151.2968509,Northern Beaches Council,2101,Existing Fast Chargers,0,0,0,0,0,0,0,2,0,0,0,0,0,0,0,0,0,0,0,0,0,0,0,0,0,0,0,0,0,0,0,0,0,0,0,0,0,0,0,0,Sydney - Northern Beaches,122,2101,unmatched,unmatched,,,,,,,{},,0,0,,,,False,unmatched,unmatched,,,,,,,{},,0,0,,,,False,unmatched,unmatched,,,,,,,{},,0,0,,,,False,unmatched,unmatched,,,,,,no,,{},{},0,[]
181,,,"151 Beauchamp Road, Sydney NSW 2036",JOLT,2,DC,25 kW,-33.95633138,151.2265986,Randwick City Council,2036,Existing Fast Chargers,0,0,0,0,0,0,0,0,0,0,0,0,0,0,0,0,0,0,0,0,0,0,2,0,0,0,0,0,0,0,0,0,0,0,0,0,0,0,0,0,Sydney - Eastern Suburbs,118,2036,unmatched,unmatched,,,,,,,{},,0,0,,,,False,unmatched,unmatched,,,,,,,{},,0,0,,,,False,unmatched,unmatched,,,,,,,{},,0,0,,,,False,unmatched,unmatched,,,,,,no,,{},{},0,[]
185,,,"152 Pacific Highway, 36 Josephson Street, Swansea NSW 2281",Evie Networks,4,DC,50 kW,-33.088721,151.637587,Lake Macquarie City Council,2281,ARENA - Driving the Nation,0,0,0,0,0,0,0,0,0,0,0,0,0,0,0,0,0,0,0,0,0,0,0,0,0,0,0,0,0,0,0,4,0,0,0,0,0,0,0,0,Newcastle and Lake Macquarie,111,2281,review,fuzzy_address_only,723.0986751645333,0.9483870967741936,272675,"152 Pacific Hwy, Swansea, New South Wales, 2281",Swansea,Evie,"{""charger_capacities"": ""50 kW"", ""charging_point_count"": 2.0, ""connector_types_normalized"": ""CCS;CHAdeMO"", ""data_provider"": ""Open Charge Map"", ""is_operational"": true, ""last_verified"": ""2023-07-16T12:52:00Z"", ""number_of_plugs"": null, ""operator"": ""Evie"", ""plug_types"": ""CCS (Type 2); CHAdeMO"", ""power_kw_max"": 50.0, ""power_kw_min"": 50.0, ""power_kw_values"": [50.0], ""power_scope"": ""dc_indicated_connection_ratings"", ""status"": ""Operational"", ""usage_cost"": """"}",True,1,0,,address-only match; coordinates exceed 500 m,,False,unmatched,unmatched,,,,,,,{},,0,0,,,,False,unmatched,unmatched,,,,,,,{},,0,0,,,,False,review,review,,,OCM,OCM: address-only match; coordinates exceed 500 m,,no,,{},{},0,"[{""binding"": ""same source address and OCM ID; search evidence only"", ""conclusion"": ""likely_same_station_address_coordinate_review"", ""file"": ""data/reference/web_review/task3_ocm_125_web_confidence.csv"", ""page_opened"": false, ""reported_confidence"": ""low"", ""url"": ""https://ev-charging-stations.com.au/chargers/nsw/swansea""}]"
186,,,"153 Coreen Avenue Cnr Castlereagh Road, Penrith NSW 2750",Ampol,2,DC,125 kW,-33.7428103,150.6929292,Penrith City Council,2750,ARENA - Driving the Nation,0,0,0,2,0,0,0,0,0,0,0,0,0,0,0,0,0,0,0,0,0,0,0,0,0,0,0,0,0,0,0,0,0,0,0,0,0,0,0,0,Sydney - Outer West and Blue Mountains,124,2750,accepted,coordinate_and_fuzzy_address,25.039727107117518,0.9396825396825397,274056,"153 Coreen Ave, Penrith, NSW, 2750",Ampol Foodary Penrith,Ampol AmpCharge,"{""charger_capacities"": ""100 kW; 180 kW"", ""charging_point_count"": 1.0, ""connector_types_normalized"": ""CCS;CHAdeMO"", ""data_provider"": ""Open Charge Map"", ""is_operational"": true, ""last_verified"": ""2023-08-31T09:47:00Z"", ""number_of_plugs"": null, ""operator"": ""Ampol AmpCharge"", ""plug_types"": ""CCS (Type 2); CHAdeMO"", ""power_kw_max"": 180.0, ""power_kw_min"": 100.0, ""power_kw_values"": [100.0, 180.0], ""power_scope"": ""dc_indicated_connection_ratings"", ""status"": ""Operational"", ""usage_cost"": ""$0.69/kWh for pay-as-you-go charging.""}",True,1,1,,,,False,accepted,coordinate_only,20.7080283493946,0.0,https://www.openstreetmap.org/node/10924895189,,,AmpCharge,"{""access_condition"": ""Free Access"", ""allows_card_payment"": false, ""allows_reservation"": false, ""charging_point_count"": 2, ""charging_point_count_raw"": 2, ""connector_types_normalized"": ""CCS;CHAdeMO"", ""data_provider"": ""OpenStreetMap"", ""is_free"": false, ""network"": """", ""number_of_plugs"": null, ""opening_hours"": """", ""power_kw_max"": null, ""power_kw_min"": null, ""power_scope"": ""station_reported_maximum"", ""pricing_info"": """"}",True,2,2,81.39855059783689,,,False,unmatched,unmatched,,,,,,,{},,0,0,,,,False,accepted,accepted,OCM;OSM,OCM:274056;OSM:https://www.openstreetmap.org/node/10924895189,,,OCM:274056 is linked to multiple TfNSW rows; OSM:https://www.openstreetmap.org/node/10924895189 is linked to multiple TfNSW rows,yes,,"{""OCM::charger_capacities"": ""100 kW; 180 kW"", ""OCM::charging_point_count"": 1.0, ""OCM::connector_types_normalized"": ""CCS;CHAdeMO"", ""OCM::data_provider"": ""Open Charge Map"", ""OCM::is_operational"": true, ""OCM::last_verified"": ""2023-08-31T09:47:00Z"", ""OCM::operator"": ""Ampol AmpCharge"", ""OCM::plug_types"": ""CCS (Type 2); CHAdeMO"", ""OCM::power_kw_max"": 180.0, ""OCM::power_kw_min"": 100.0, ""OCM::power_kw_values"": [100.0, 180.0], ""OCM::power_scope"": ""dc_indicated_connection_ratings"", ""OCM::status"": ""Operational"", ""OCM::usage_cost"": ""$0.69/kWh for pay-as-you-go charging."", ""OSM::access_condition"": ""Free Access"", ""OSM::allows_card_payment"": false, ""OSM::allows_reservation"": false, ""OSM::charging_point_count"": 2, ""OSM::charging_point_count_raw"": 2, ""OSM::connector_types_normalized"": ""CCS;CHAdeMO"", ""OSM::data_provider"": ""OpenStreetMap"", ""OSM::is_free"": false, ""OSM::power_scope"": ""station_reported_maximum""}","{""OCM::connector_types_normalized"": ""CCS;CHAdeMO"", ""OCM::is_operational"": true, ""OCM::operator"": ""Ampol AmpCharge"", ""OCM::plug_types"": ""CCS (Type 2); CHAdeMO"", ""OCM::power_kw_max"": 180.0, ""OCM::power_kw_min"": 100.0, ""OCM::power_scope"": ""dc_indicated_connection_ratings"", ""OCM::status"": ""Operational"", ""OCM::usage_cost"": ""$0.69/kWh for pay-as-you-go charging."", ""OSM::access_condition"": ""Free Access"", ""OSM::allows_card_payment"": false, ""OSM::allows_reservation"": false, ""OSM::connector_types_normalized"": ""CCS;CHAdeMO"", ""OSM::is_free"": false, ""OSM::power_scope"": ""station_reported_maximum""}",9,[]
190,,,"156 Melbourne Street, Mulwala NSW 2647",Wevolt,4,DC,80 kW,-35.99499104,146.001983,Federation Council,2647,Existing Fast Chargers,0,0,0,0,0,0,0,0,0,0,0,0,0,0,0,0,0,0,0,0,0,0,0,0,0,0,0,0,0,0,0,0,0,0,0,0,0,4,0,0,Murray,109,2647,unmatched,unmatched,,,,,,,{},,0,0,,,,False,unmatched,unmatched,,,,,,,{},,0,0,,,,False,unmatched,unmatched,,,,,,,{},,0,0,,,,False,unmatched,unmatched,,,,,,no,,{},{},0,[]
191,,,"15620 Hume Highway, Marulan NSW 2579",BP,2,DC,75 kW,-34.71852257,150.0003884,Goulburn Mulwaree Council,2579,Existing Fast Chargers,0,0,0,0,0,0,0,0,0,0,0,0,0,0,0,0,0,0,0,0,0,0,0,0,0,0,0,0,0,0,0,0,0,0,0,2,0,0,0,0,Capital Region,101,2579,review,coordinate_and_fuzzy_address,428.88711920617396,0.868421052631579,238126,"Hume Highway, Marulan, New South Wales, 2579",Marulan Roadhouse Northbound,BP Pulse (AU),"{""charger_capacities"": ""75 kW"", ""charging_point_count"": 1.0, ""connector_types_normalized"": ""CCS;CHAdeMO"", ""data_provider"": ""Open Charge Map"", ""is_operational"": true, ""last_verified"": ""2023-08-09T12:16:00Z"", ""number_of_plugs"": null, ""operator"": ""BP Pulse (AU)"", ""plug_types"": ""CCS (Type 2); CHAdeMO"", ""power_kw_max"": 75.0, ""power_kw_min"": 75.0, ""power_kw_values"": [75.0], ""power_scope"": ""dc_indicated_connection_ratings"", ""status"": ""Operational"", ""usage_cost"": ""$0.55/kWh ""}",True,2,2,401.06802408463454,address evidence is street-level only; selected candidate is not the nearest location; candidate does not pass the automatic identity gate,,False,accepted,coordinate_only,26.287810009793603,0.0,https://www.openstreetmap.org/node/10263943172,,,BP Pulse,"{""access_condition"": ""Free Access"", ""allows_card_payment"": false, ""allows_reservation"": false, ""charging_point_count"": null, ""charging_point_count_raw"": null, ""connector_types_normalized"": ""CCS;CHAdeMO"", ""data_provider"": ""OpenStreetMap"", ""is_free"": false, ""network"": ""BP Pulse"", ""number_of_plugs"": null, ""opening_hours"": """", ""power_kw_max"": null, ""power_kw_min"": null, ""power_scope"": ""station_reported_maximum"", ""pricing_info"": """"}",True,2,2,390.66297578563945,,,False,unmatched,unmatched,,,,,,,{},,0,0,,,,False,accepted,accepted,OSM,OSM:https://www.openstreetmap.org/node/10263943172,OCM,OCM: address evidence is street-level only; selected candidate is not the nearest location; candidate does not pass the automatic identity gate,,no,,"{""OSM::access_condition"": ""Free Access"", ""OSM::allows_card_payment"": false, ""OSM::allows_reservation"": false, ""OSM::connector_types_normalized"": ""CCS;CHAdeMO"", ""OSM::data_provider"": ""OpenStreetMap"", ""OSM::is_free"": false, ""OSM::network"": ""BP Pulse"", ""OSM::power_scope"": ""station_reported_maximum""}","{""OSM::access_condition"": ""Free Access"", ""OSM::allows_card_payment"": false, ""OSM::allows_reservation"": false, ""OSM::connector_types_normalized"": ""CCS;CHAdeMO"", ""OSM::is_free"": false, ""OSM::network"": ""BP Pulse"", ""OSM::power_scope"": ""station_reported_maximum""}",6,[]
192,,,"15666 Hume Highway, Marulan NSW 2579",BP,2,DC,75 kW,-34.71922127,149.9953273,Goulburn Mulwaree Council,2579,Existing Fast Chargers,0,0,0,0,0,0,0,0,0,0,0,0,0,0,0,0,0,0,0,0,0,0,0,0,0,0,0,0,0,0,0,0,0,0,0,2,0,0,0,0,Capital Region,101,2579,accepted,coordinate_and_fuzzy_address,40.2807025390808,0.868421052631579,238126,"Hume Highway, Marulan, New South Wales, 2579",Marulan Roadhouse Northbound,BP Pulse (AU),"{""charger_capacities"": ""75 kW"", ""charging_point_count"": 1.0, ""connector_types_normalized"": ""CCS;CHAdeMO"", ""data_provider"": ""Open Charge Map"", ""is_operational"": true, ""last_verified"": ""2023-08-09T12:16:00Z"", ""number_of_plugs"": null, ""operator"": ""BP Pulse (AU)"", ""plug_types"": ""CCS (Type 2); CHAdeMO"", ""power_kw_max"": 75.0, ""power_kw_min"": 75.0, ""power_kw_values"": [75.0], ""power_scope"": ""dc_indicated_connection_ratings"", ""status"": ""Operational"", ""usage_cost"": ""$0.55/kWh ""}",True,2,2,453.02071091796586,,address evidence is street-level only,False,accepted,coordinate_only,52.36298626843861,0.0,https://www.openstreetmap.org/node/10263943171,,,BP Pulse,"{""access_condition"": ""Free Access"", ""allows_card_payment"": false, ""allows_reservation"": false, ""charging_point_count"": null, ""charging_point_count_raw"": null, ""connector_types_normalized"": ""CCS;CHAdeMO"", ""data_provider"": ""OpenStreetMap"", ""is_free"": false, ""network"": ""BP Pulse"", ""number_of_plugs"": null, ""opening_hours"": """", ""power_kw_max"": null, ""power_kw_min"": null, ""power_scope"": ""station_reported_maximum"", ""pricing_info"": """"}",True,2,2,442.08936884797845,,,False,unmatched,unmatched,,,,,,,{},,0,0,,,,False,accepted,accepted,OCM;OSM,OCM:238126;OSM:https://www.openstreetmap.org/node/10263943171,,,OCM: address evidence is street-level only,yes,,"{""OCM::charger_capacities"": ""75 kW"", ""OCM::charging_point_count"": 1.0, ""OCM::connector_types_normalized"": ""CCS;CHAdeMO"", ""OCM::data_provider"": ""Open Charge Map"", ""OCM::is_operational"": true, ""OCM::last_verified"": ""2023-08-09T12:16:00Z"", ""OCM::operator"": ""BP Pulse (AU)"", ""OCM::plug_types"": ""CCS (Type 2); CHAdeMO"", ""OCM::power_kw_max"": 75.0, ""OCM::power_kw_min"": 75.0, ""OCM::power_kw_values"": [75.0], ""OCM::power_scope"": ""dc_indicated_connection_ratings"", ""OCM::status"": ""Operational"", ""OCM::usage_cost"": ""$0.55/kWh "", ""OSM::access_condition"": ""Free Access"", ""OSM::allows_card_payment"": false, ""OSM::allows_reservation"": false, ""OSM::connector_types_normalized"": ""CCS;CHAdeMO"", ""OSM::data_provider"": ""OpenStreetMap"", ""OSM::is_free"": false, ""OSM::network"": ""BP Pulse"", ""OSM::power_scope"": ""station_reported_maximum""}","{""OCM::connector_types_normalized"": ""CCS;CHAdeMO"", ""OCM::is_operational"": true, ""OCM::operator"": ""BP Pulse (AU)"", ""OCM::plug_types"": ""CCS (Type 2); CHAdeMO"", ""OCM::power_kw_max"": 75.0, ""OCM::power_kw_min"": 75.0, ""OCM::power_scope"": ""dc_indicated_connection_ratings"", ""OCM::status"": ""Operational"", ""OCM::usage_cost"": ""$0.55/kWh "", ""OSM::access_condition"": ""Free Access"", ""OSM::allows_card_payment"": false, ""OSM::allows_reservation"": false, ""OSM::connector_types_normalized"": ""CCS;CHAdeMO"", ""OSM::is_free"": false, ""OSM::network"": ""BP Pulse"", ""OSM::power_scope"": ""station_reported_maximum""}",10,[]
193,,,"157 Rouse Street, Tenterfield NSW 2372",NRMA Electric,2,DC,50 kW,-31.5645996,147.1969355,Tenterfield Shire Council,2372,TfNSW Regional,0,0,0,0,0,0,0,0,0,0,0,0,0,0,0,0,0,0,0,0,0,0,0,0,0,0,0,0,0,0,0,2,0,0,0,0,0,0,0,0,Far West and Orana,105,2825,review,coordinate_only,3.491842523935569,0.3511904761904762,190680,"18 Cobar Street, Nyngan, New South Wales, 2825",Nyngan [NRMA],NRMA,"{""charger_capacities"": ""50 kW"", ""charging_point_count"": 1.0, ""connector_types_normalized"": ""CCS;CHAdeMO"", ""data_provider"": ""Open Charge Map"", ""is_operational"": true, ""last_verified"": ""2022-12-23T23:20:00Z"", ""number_of_plugs"": null, ""operator"": ""NRMA"", ""plug_types"": ""CCS (Type 2); CHAdeMO"", ""power_kw_max"": 50.0, ""power_kw_min"": 50.0, ""power_kw_values"": [50.0], ""power_scope"": ""dc_indicated_connection_ratings"", ""status"": ""Operational"", ""usage_cost"": ""Currently free but will be fee at some point for non NRMA Members""}",True,1,1,,source address and original postcode conflict; external postcode conflicts with source; house numbers conflict; address evidence is inconsistent; candidate does not pass the automatic identity gate,,True,unmatched,unmatched,,,,,,,{},,0,0,,,,True,unmatched,unmatched,,,,,,,{},,0,0,,,,True,review,review,,,OCM,OCM: source address and original postcode conflict; external postcode conflicts with source; house numbers conflict; address evidence is inconsistent; candidate does not pass the automatic identity gate,,no,,{},{},0,"[{""binding"": ""same source address and OCM ID; search evidence only"", ""conclusion"": ""web_evidence_found_not_identity_proof"", ""file"": ""data/reference/web_review/task3_ocm_125_web_confidence.csv"", ""page_opened"": false, ""reported_confidence"": ""medium"", ""url"": ""https://www.tenterfield.nsw.gov.au/content/uploads/2020/02/Agenda-_-Feb-26-2020.pdf""}]"
195,,,"15C Mitchell Street, Bourke NSW 2840",NRMA Electric,4,DC,75 kW,-30.3383734,152.7125414,Bourke Shire Council,2840,TfNSW Regional,0,0,0,0,0,0,0,0,0,0,0,0,0,0,0,0,0,0,0,0,0,0,0,0,0,0,0,0,0,0,0,0,0,0,0,4,0,0,0,0,Coffs Harbour - Grafton,104,2453,unmatched,unmatched,,,,,,,{},,0,0,,,,True,review,coordinate_only,29.97340819101068,0.0,https://www.openstreetmap.org/node/13928568814,,,NRMA,"{""access_condition"": ""Free Access"", ""allows_card_payment"": false, ""allows_reservation"": false, ""charging_point_count"": 2, ""charging_point_count_raw"": 2, ""connector_types_normalized"": ""CCS;CHAdeMO"", ""data_provider"": ""OpenStreetMap"", ""is_free"": false, ""network"": """", ""number_of_plugs"": null, ""opening_hours"": """", ""power_kw_max"": null, ""power_kw_min"": null, ""power_scope"": ""station_reported_maximum"", ""pricing_info"": """"}",True,1,1,,source address and original postcode conflict; candidate does not pass the automatic identity gate,,True,unmatched,unmatched,,,,,,,{},,0,0,,,,True,review,review,,,OSM,OSM: source address and original postcode conflict; candidate does not pass the automatic identity gate,,no,,{},{},0,"[{""binding"": ""source_address_only; external identity not verified"", ""conclusion"": """", ""file"": ""data/reference/web_review/task3_104_non_ocm_web_verified.csv"", ""page_opened"": false, ""reported_confidence"": ""medium"", ""url"": ""https://au.bold.pro/my/kayla-hines85""}]"
197,,,"16 Berry Street, Nowra NSW 2541",NRMA Electric,4,DC,160 kW,-34.87360065,150.6005345,Shoalhaven City Council,2541,Existing Fast Chargers,0,0,0,0,0,0,0,0,4,0,0,0,0,0,0,0,0,0,0,0,0,0,0,0,0,0,0,0,0,0,0,0,0,0,0,0,0,0,0,0,Southern Highlands and Shoalhaven,114,2541,unmatched,unmatched,,,,,,,{},,0,0,,,,False,unmatched,unmatched,,,,,,,{},,0,0,,,,False,unmatched,unmatched,,,,,,,{},,0,0,,,,False,unmatched,unmatched,,,,,,no,,{},{},0,[]
201,,,"16 Oaks Avenue, Sydney NSW 2099",JOLT,2,DC,25 kW,-33.75370175,151.287,Northern Beaches Council,2099,Existing Fast Chargers,0,0,0,0,0,0,0,0,0,0,0,0,0,0,0,0,0,0,0,0,0,0,2,0,0,0,0,0,0,0,0,0,0,0,0,0,0,0,0,0,Sydney - Northern Beaches,122,2099,unmatched,unmatched,,,,,,,{},,0,0,,,,False,review,coordinate_only,3.515379040054551,0.0,https://www.openstreetmap.org/node/9491233549,,,Jolt,"{""access_condition"": ""Free Access"", ""allows_card_payment"": false, ""allows_reservation"": false, ""charging_point_count"": 1, ""charging_point_count_raw"": 1, ""connector_types_normalized"": ""CHAdeMO"", ""data_provider"": ""OpenStreetMap"", ""is_free"": false, ""network"": ""JOLT"", ""number_of_plugs"": null, ""opening_hours"": ""24/7"", ""power_kw_max"": null, ""power_kw_min"": null, ""power_scope"": ""station_reported_maximum"", ""pricing_info"": """"}",True,1,1,,external ID https://www.openstreetmap.org/node/9491233549 is shared by distinct source sites,,False,unmatched,unmatched,,,,,,,{},,0,0,,,,False,review,review,,,OSM,OSM: external ID https://www.openstreetmap.org/node/9491233549 is shared by distinct source sites,,no,,{},{},0,[]
204,,,"16-20 Goodhope Street, Sydney NSW 2021",Chargefox,2,DC,30 kW,-33.88181186,151.2283183,Woollahra Municipal Council,2021,Existing Fast Chargers,0,0,0,0,0,0,0,0,0,0,0,0,0,0,0,0,0,0,0,0,0,0,0,0,2,0,0,0,0,0,0,0,0,0,0,0,0,0,0,0,Sydney - Eastern Suburbs,118,2021,unmatched,unmatched,,,,,,,{},,0,0,,,,False,unmatched,unmatched,,,,,,,{},,0,0,,,,False,unmatched,unmatched,,,,,,,{},,0,0,,,,False,unmatched,unmatched,,,,,,no,,{},{},0,[]
206,,,"164 Mona Vale Road, Street Ives NSW 2075",Ampol,2,DC,125 kW,-33.7307758,151.1570112,Ku-ring-gai Council,2075,ARENA - Driving the Nation,0,0,0,2,0,0,0,0,0,0,0,0,0,0,0,0,0,0,0,0,0,0,0,0,0,0,0,0,0,0,0,0,0,0,0,0,0,0,0,0,Sydney - North Sydney and Hornsby,121,2075,unmatched,unmatched,,,,,,,{},,0,0,,,,False,unmatched,unmatched,,,,,,,{},,0,0,,,,False,unmatched,unmatched,,,,,,,{},,0,0,,,,False,unmatched,unmatched,,,,,,no,,{},{},0,[]
210,,,"169 Willoughby Road, Sydney NSW 2065",BP,2,DC,75 kW,-33.8201522,151.2011902,Willoughby City Council,2065,Existing Fast Chargers,0,0,0,0,0,0,0,0,0,0,0,0,0,0,0,0,0,0,0,0,0,0,0,0,0,0,0,0,0,0,0,0,0,0,0,2,0,0,0,0,Sydney - North Sydney and Hornsby,121,2065,unmatched,unmatched,,,,,,,{},,0,0,,,,False,unmatched,unmatched,,,,,,,{},,0,0,,,,False,review,coordinate_only,468.2657578672348,0.3528061224489796,15d06bf5-6b4a-425d-9312-bae4b17cc22b-1993,"1 Plunkett St, New South Wales, St Leonards, NSW 2065",Willoughby City Council - Plunkett St,,"{""connector_types_normalized"": ""CCS"", ""data_provider"": ""Charge@Large"", ""dc_port_count"": 2, ""number_of_plugs"": null, ""power_kw_max"": 50.0, ""power_kw_min"": 50.0, ""power_kw_values"": [50.0], ""power_scope"": ""dc_indicated_ports"", ""site_power_range_raw"": ""50"", ""status_counts"": {""Available"": 2}, ""status_observed_at"": null, ""total_port_count"": 2}",True,1,1,,house numbers conflict; address evidence is inconsistent; candidate does not pass the automatic identity gate,,False,review,review,,,Charge@Large,Charge@Large: house numbers conflict; address evidence is inconsistent; candidate does not pass the automatic identity gate,,no,,{},{},0,"[{""binding"": ""source_address_only; external identity not verified"", ""conclusion"": """", ""file"": ""data/reference/web_review/task3_104_non_ocm_web_verified.csv"", ""page_opened"": true, ""reported_confidence"": ""medium"", ""url"": ""https://www.chargeroute.au/ev-chargers/nsw/sydney""}]"
213,,,"17 Smith Street, Sydney NSW 2067",Chargefox,6,DC,47 kW,-33.78601306,151.1980831,Willoughby City Council,2067,Existing Fast Chargers,0,0,0,0,0,0,0,0,0,0,0,0,0,0,0,0,0,0,0,0,0,0,0,0,0,0,0,0,0,0,6,0,0,0,0,0,0,0,0,0,Sydney - North Sydney and Hornsby,121,2067,unmatched,unmatched,,,,,,,{},,0,0,,,,False,unmatched,unmatched,,,,,,,{},,0,0,,,,False,unmatched,unmatched,,,,,,,{},,0,0,,,,False,unmatched,unmatched,,,,,,no,,{},{},0,[]
214,,,"17 Stanley Street, Sydney NSW 2210",JOLT,2,DC,25 kW,-33.96212217,151.0635736,Georges River Council,2210,Existing Fast Chargers,0,0,0,0,0,0,0,0,0,0,0,0,0,0,0,0,0,0,0,0,0,0,2,0,0,0,0,0,0,0,0,0,0,0,0,0,0,0,0,0,Sydney - Inner South West,119,2210,review,coordinate_only,236.6455732386289,0.8304347826086957,192687,"17-25 Stanley St, Peakhurst, Nsw, 2210",Stanley St Peakhurst NSW,Jolt,"{""charger_capacities"": ""25 kW"", ""charging_point_count"": 2.0, ""connector_types_normalized"": ""CCS;CHAdeMO"", ""data_provider"": ""Open Charge Map"", ""is_operational"": true, ""last_verified"": ""2023-06-06T12:14:00Z"", ""number_of_plugs"": null, ""operator"": ""Jolt"", ""plug_types"": ""CCS (Type 2); CHAdeMO"", ""power_kw_max"": 25.0, ""power_kw_min"": 25.0, ""power_kw_values"": [25.0], ""power_scope"": ""dc_indicated_connection_ratings"", ""status"": ""Operational"", ""usage_cost"": ""0.40""}",True,1,1,,house numbers conflict; address evidence is inconsistent; candidate does not pass the automatic identity gate,,False,unmatched,unmatched,,,,,,,{},,0,0,,,,False,unmatched,unmatched,,,,,,,{},,0,0,,,,False,review,review,,,OCM,OCM: house numbers conflict; address evidence is inconsistent; candidate does not pass the automatic identity gate,,no,,{},{},0,"[{""binding"": ""same source address and OCM ID; search evidence only"", ""conclusion"": ""web_evidence_found_not_identity_proof"", ""file"": ""data/reference/web_review/task3_ocm_125_web_confidence.csv"", ""page_opened"": true, ""reported_confidence"": ""high"", ""url"": ""https://ev-charging-stations.com.au/chargers/nsw/penshurst""}]"
215,,,"17 Stewart Street, Wollongong NSW 2500",NRMA Electric,4,DC,75 kW,-29.7756503,151.1151033,Wollongong City Council,2500,TfNSW Regional,0,0,0,0,0,0,0,0,0,0,0,0,0,0,0,0,0,0,0,0,0,0,0,0,0,0,0,0,0,0,0,0,0,0,0,4,0,0,0,0,New England and North West,110,2453,review,coordinate_only,119.78221368935911,0.3171717171717172,266480,"59 Evans Street, Inverell, NSW, 2360",NRMA Inverell,NRMA,"{""charger_capacities"": ""50 kW; 70 kW"", ""charging_point_count"": 1.0, ""connector_types_normalized"": ""CCS;CHAdeMO"", ""data_provider"": ""Open Charge Map"", ""is_operational"": true, ""last_verified"": ""2023-06-06T12:14:00Z"", ""number_of_plugs"": null, ""operator"": ""NRMA"", ""plug_types"": ""CCS (Type 2); CHAdeMO"", ""power_kw_max"": 70.0, ""power_kw_min"": 50.0, ""power_kw_values"": [50.0, 70.0], ""power_scope"": ""dc_indicated_connection_ratings"", ""status"": ""Operational"", ""usage_cost"": ""FREE""}",True,2,1,,source address and original postcode conflict; external postcode conflicts with source; house numbers conflict; address evidence is inconsistent; candidate does not pass the automatic identity gate,,True,unmatched,unmatched,,,,,,,{},,0,0,,,,True,unmatched,unmatched,,,,,,,{},,0,0,,,,True,review,review,,,OCM,OCM: source address and original postcode conflict; external postcode conflicts with source; house numbers conflict; address evidence is inconsistent; candidate does not pass the automatic identity gate,,no,,{},{},0,"[{""binding"": ""same source address and OCM ID; search evidence only"", ""conclusion"": ""web_evidence_found_not_identity_proof"", ""file"": ""data/reference/web_review/task3_ocm_125_web_confidence.csv"", ""page_opened"": true, ""reported_confidence"": ""high"", ""url"": ""https://ev-charging-stations.com.au/chargers/nrma-17-stewart-street-wollongong-nsw-2500""}]"
217,,,"173 The Vineyards Road, Lake George NSW 2581",Exploren,2,DC,60 kW,-34.99682987,149.3848398,Yass Valley Council,2581,Existing Fast Chargers,0,0,0,0,0,0,0,0,0,0,0,0,0,0,0,0,0,0,0,0,0,0,0,0,0,0,0,0,0,0,0,0,0,2,0,0,0,0,0,0,Capital Region,101,2581,review,fuzzy_address_only,1284.074495115933,1.0,489555,"173 The Vineyards Road, Lake George, New South Wales, 2581",Lake George Winery,Exploren,"{""charger_capacities"": ""60 kW"", ""charging_point_count"": 1.0, ""connector_types_normalized"": ""CCS"", ""data_provider"": ""Open Charge Map"", ""is_operational"": true, ""last_verified"": ""2026-05-18T12:30:00Z"", ""number_of_plugs"": null, ""operator"": ""Exploren"", ""plug_types"": ""CCS (Type 2)"", ""power_kw_max"": 60.0, ""power_kw_min"": 60.0, ""power_kw_values"": [60.0], ""power_scope"": ""dc_indicated_connection_ratings"", ""status"": ""Operational"", ""usage_cost"": ""$0.58/kWh""}",True,1,0,,address-only match; coordinates exceed 500 m,,False,unmatched,unmatched,,,,,,,{},,0,0,,,,False,unmatched,unmatched,,,,,,,{},,0,0,,,,False,review,review,,,OCM,OCM: address-only match; coordinates exceed 500 m,,no,,{},{},0,"[{""binding"": ""same source address and OCM ID; search evidence only"", ""conclusion"": ""likely_same_station_address_supported"", ""file"": ""data/reference/web_review/task3_ocm_125_web_confidence.csv"", ""page_opened"": true, ""reported_confidence"": ""high"", ""url"": ""https://ev-charging-stations.com.au/chargers/nsw/merrill; https://www.yassvalley.com.au/electricvehiclechargingstationsyass/""}]"
224,,,"18 Dandaloo Street, Nyngan NSW 2825",NRMA Electric,4,DC,75 kW,-32.0506213,150.8667598,Bogan Shire Council,2825,TfNSW Regional,0,0,0,0,0,0,0,0,0,0,0,0,0,0,0,0,0,0,0,0,0,0,0,0,0,0,0,0,0,0,0,0,0,0,0,4,0,0,0,0,Hunter Valley exc Newcastle,106,2360,review,coordinate_only,26.575072069064042,0.37997977755308393,266500,"116 Liverpool Street, Scone, NSW, 2337",NRMA Scone,NRMA,"{""charger_capacities"": ""50 kW"", ""charging_point_count"": 1.0, ""connector_types_normalized"": ""CCS;CHAdeMO"", ""data_provider"": ""Open Charge Map"", ""is_operational"": true, ""last_verified"": ""2023-06-08T03:24:00Z"", ""number_of_plugs"": null, ""operator"": ""NRMA"", ""plug_types"": ""CCS (Type 2); CHAdeMO"", ""power_kw_max"": 50.0, ""power_kw_min"": 50.0, ""power_kw_values"": [50.0], ""power_scope"": ""dc_indicated_connection_ratings"", ""status"": ""Operational"", ""usage_cost"": ""FREE""}",True,1,1,,source address and original postcode conflict; external postcode conflicts with source; house numbers conflict; address evidence is inconsistent; candidate does not pass the automatic identity gate,,True,unmatched,unmatched,,,,,,,{},,0,0,,,,True,unmatched,unmatched,,,,,,,{},,0,0,,,,True,review,review,,,OCM,OCM: source address and original postcode conflict; external postcode conflicts with source; house numbers conflict; address evidence is inconsistent; candidate does not pass the automatic identity gate,,no,,{},{},0,"[{""binding"": ""same source address and OCM ID; search evidence only"", ""conclusion"": ""web_evidence_found_not_identity_proof"", ""file"": ""data/reference/web_review/task3_ocm_125_web_confidence.csv"", ""page_opened"": false, ""reported_confidence"": ""medium"", ""url"": ""https://www.plugroo.com.au/nsw/wilcannia""}]"
226,,,"18 Silver Street, Sydney NSW 2031",Chargefox,2,DC,42 kW,-33.91374579,151.2390611,Randwick City Council,2031,Existing Fast Chargers,0,0,0,0,0,0,0,0,0,0,0,0,0,0,0,0,0,0,0,0,0,0,0,0,0,0,0,0,0,2,0,0,0,0,0,0,0,0,0,0,Sydney - Eastern Suburbs,118,2031,review,coordinate_only,238.27524174784776,0.34319640564826703,272630,"73 Belmore Road, Randwick, NSW, 2031",Royal Randwick,Evie,"{""charger_capacities"": ""50 kW"", ""charging_point_count"": 2.0, ""connector_types_normalized"": ""CCS;CHAdeMO"", ""data_provider"": ""Open Charge Map"", ""is_operational"": true, ""last_verified"": ""2023-07-15T12:06:00Z"", ""number_of_plugs"": null, ""operator"": ""Evie"", ""plug_types"": ""CCS (Type 2); CHAdeMO"", ""power_kw_max"": 50.0, ""power_kw_min"": 50.0, ""power_kw_values"": [50.0], ""power_scope"": ""dc_indicated_connection_ratings"", ""status"": ""Operational"", ""usage_cost"": """"}",True,1,1,,house numbers conflict; address evidence is inconsistent; candidate does not pass the automatic identity gate,,False,review,coordinate_only,8.46977700145334,0.0,https://www.openstreetmap.org/node/6965143040,,,Chargefox,"{""access_condition"": ""Free Access"", ""allows_card_payment"": false, ""allows_reservation"": false, ""charging_point_count"": 2, ""charging_point_count_raw"": 2, ""connector_types_normalized"": ""CCS"", ""data_provider"": ""OpenStreetMap"", ""is_free"": true, ""network"": """", ""number_of_plugs"": null, ""opening_hours"": """", ""power_kw_max"": null, ""power_kw_min"": null, ""power_scope"": ""station_reported_maximum"", ""pricing_info"": """"}",True,1,1,,external ID https://www.openstreetmap.org/node/6965143040 is shared by distinct source sites,,False,unmatched,unmatched,,,,,,,{},,0,0,,,,False,review,review,,,OCM;OSM,OCM: house numbers conflict; address evidence is inconsistent; candidate does not pass the automatic identity gate; OSM: external ID https://www.openstreetmap.org/node/6965143040 is shared by distinct source sites,,no,,{},{},0,"[{""binding"": ""same source address and OCM ID; search evidence only"", ""conclusion"": ""web_evidence_found_not_identity_proof"", ""file"": ""data/reference/web_review/task3_ocm_125_web_confidence.csv"", ""page_opened"": true, ""reported_confidence"": ""high"", ""url"": ""https://ev-charging-stations.com.au/chargers/nsw/randwick""}]"
228,,,"18 Victoria Avenue, Castle Hill NSW 2154",Evie Networks,4,DC,50 kW,-33.727803,150.976049,The Hills Shire Council,2154,ARENA - Driving the Nation,0,0,0,0,0,0,0,0,0,0,0,0,0,0,0,0,0,0,0,0,0,0,0,0,0,0,0,0,0,0,0,4,0,0,0,0,0,0,0,0,Sydney - Baulkham Hills and Hawkesbury,115,2154,accepted,coordinate_and_fuzzy_address,18.33615307027853,1.0,265390,"18 Victoria Avenue, Castle Hill, NSW, 2154",HomeCo Castle Hill,Evie,"{""charger_capacities"": ""50 kW"", ""charging_point_count"": 2.0, ""connector_types_normalized"": ""CCS;CHAdeMO"", ""data_provider"": ""Open Charge Map"", ""is_operational"": true, ""last_verified"": ""2023-07-15T14:02:00Z"", ""number_of_plugs"": null, ""operator"": ""Evie"", ""plug_types"": ""CCS (Type 2); CHAdeMO"", ""power_kw_max"": 50.0, ""power_kw_min"": 50.0, ""power_kw_values"": [50.0], ""power_scope"": ""dc_indicated_connection_ratings"", ""status"": ""Operational"", ""usage_cost"": ""$0.45 per kWh. Parking overstay charges may apply""}",True,1,1,,,,False,accepted,coordinate_only,10.606304655415014,0.0,https://www.openstreetmap.org/node/11365214134,,,Evie Networks,"{""access_condition"": ""Free Access"", ""allows_card_payment"": false, ""allows_reservation"": false, ""charging_point_count"": null, ""charging_point_count_raw"": null, ""connector_types_normalized"": ""CCS;CHAdeMO"", ""data_provider"": ""OpenStreetMap"", ""is_free"": false, ""network"": """", ""number_of_plugs"": null, ""opening_hours"": """", ""power_kw_max"": null, ""power_kw_min"": null, ""power_scope"": ""station_reported_maximum"", ""pricing_info"": """"}",True,1,1,,,,False,review,coordinate_only,148.32988281530885,0.5461538461538462,15d06bf5-6b4a-425d-9312-bae4b17cc22b-2379,"11 Hudson Ave, Castle Hill, NSW 2154",Alto Castle Hill,,"{""connector_types_normalized"": ""CCS"", ""data_provider"": ""Charge@Large"", ""dc_port_count"": 1, ""number_of_plugs"": null, ""power_kw_max"": 60.0, ""power_kw_min"": 60.0, ""power_kw_values"": [60.0], ""power_scope"": ""dc_indicated_ports"", ""site_power_range_raw"": ""60"", ""status_counts"": {""Charging"": 1}, ""status_observed_at"": null, ""total_port_count"": 2}",True,1,1,,house numbers conflict; address evidence is inconsistent; candidate does not pass the automatic identity gate,,False,accepted,accepted,OCM;OSM,OCM:265390;OSM:https://www.openstreetmap.org/node/11365214134,Charge@Large,Charge@Large: house numbers conflict; address evidence is inconsistent; candidate does not pass the automatic identity gate,,no,,"{""OCM::charger_capacities"": ""50 kW"", ""OCM::charging_point_count"": 2.0, ""OCM::connector_types_normalized"": ""CCS;CHAdeMO"", ""OCM::data_provider"": ""Open Charge Map"", ""OCM::is_operational"": true, ""OCM::last_verified"": ""2023-07-15T14:02:00Z"", ""OCM::operator"": ""Evie"", ""OCM::plug_types"": ""CCS (Type 2); CHAdeMO"", ""OCM::power_kw_max"": 50.0, ""OCM::power_kw_min"": 50.0, ""OCM::power_kw_values"": [50.0], ""OCM::power_scope"": ""dc_indicated_connection_ratings"", ""OCM::status"": ""Operational"", ""OCM::usage_cost"": ""$0.45 per kWh. Parking overstay charges may apply"", ""OSM::access_condition"": ""Free Access"", ""OSM::allows_card_payment"": false, ""OSM::allows_reservation"": false, ""OSM::connector_types_normalized"": ""CCS;CHAdeMO"", ""OSM::data_provider"": ""OpenStreetMap"", ""OSM::is_free"": false, ""OSM::power_scope"": ""station_reported_maximum""}","{""OCM::connector_types_normalized"": ""CCS;CHAdeMO"", ""OCM::is_operational"": true, ""OCM::operator"": ""Evie"", ""OCM::plug_types"": ""CCS (Type 2); CHAdeMO"", ""OCM::power_kw_max"": 50.0, ""OCM::power_kw_min"": 50.0, ""OCM::power_scope"": ""dc_indicated_connection_ratings"", ""OCM::status"": ""Operational"", ""OCM::usage_cost"": ""$0.45 per kWh. Parking overstay charges may apply"", ""OSM::access_condition"": ""Free Access"", ""OSM::allows_card_payment"": false, ""OSM::allows_reservation"": false, ""OSM::connector_types_normalized"": ""CCS;CHAdeMO"", ""OSM::is_free"": false, ""OSM::power_scope"": ""station_reported_maximum""}",9,[]
235,,,"185 Princes Highway, Narooma NSW 2546",Tesla,8,DC,130 kW,-36.22313618,150.1283463,Eurobodalla Shire Council,2546,Existing Fast Chargers,0,0,0,0,8,0,0,0,0,0,0,0,0,0,0,0,0,0,0,0,0,0,0,0,0,0,0,0,0,0,0,0,0,0,0,0,0,0,0,0,Capital Region,101,2546,accepted,coordinate_and_fuzzy_address,0.03353813114642739,0.85,109340,"185 Princes Highway, Narooma",Narooma Supercharger,Tesla (including non-tesla),"{""charger_capacities"": ""120 kW"", ""charging_point_count"": 4.0, ""connector_types_normalized"": ""CCS"", ""data_provider"": ""Open Charge Map"", ""is_operational"": true, ""last_verified"": ""2023-08-30T06:15:00Z"", ""number_of_plugs"": null, ""operator"": ""Tesla (including non-tesla)"", ""plug_types"": ""CCS (Type 2)"", ""power_kw_max"": 120.0, ""power_kw_min"": 120.0, ""power_kw_values"": [120.0], ""power_scope"": ""dc_indicated_connection_ratings"", ""status"": ""Operational"", ""usage_cost"": ""AUD 0.42/kWh;other tariffs for older cars""}",True,1,1,,,,False,accepted,coordinate_only,11.11954440080166,0.0,https://www.openstreetmap.org/node/5758577851,,Tesla Supercharger,Tesla,"{""access_condition"": ""Free Access"", ""allows_card_payment"": false, ""allows_reservation"": false, ""charging_point_count"": 4, ""charging_point_count_raw"": 4, ""connector_types_normalized"": ""CCS"", ""data_provider"": ""OpenStreetMap"", ""is_free"": false, ""network"": ""Supercharger"", ""number_of_plugs"": null, ""opening_hours"": ""24/7"", ""power_kw_max"": null, ""power_kw_min"": null, ""power_scope"": ""station_reported_maximum"", ""pricing_info"": """"}",True,1,1,,,,False,unmatched,unmatched,,,,,,,{},,0,0,,,,False,accepted,accepted,OCM;OSM,OCM:109340;OSM:https://www.openstreetmap.org/node/5758577851,,,,no,,"{""OCM::charger_capacities"": ""120 kW"", ""OCM::charging_point_count"": 4.0, ""OCM::connector_types_normalized"": ""CCS"", ""OCM::data_provider"": ""Open Charge Map"", ""OCM::is_operational"": true, ""OCM::last_verified"": ""2023-08-30T06:15:00Z"", ""OCM::operator"": ""Tesla (including non-tesla)"", ""OCM::plug_types"": ""CCS (Type 2)"", ""OCM::power_kw_max"": 120.0, ""OCM::power_kw_min"": 120.0, ""OCM::power_kw_values"": [120.0], ""OCM::power_scope"": ""dc_indicated_connection_ratings"", ""OCM::status"": ""Operational"", ""OCM::usage_cost"": ""AUD 0.42/kWh;other tariffs for older cars"", ""OSM::access_condition"": ""Free Access"", ""OSM::allows_card_payment"": false, ""OSM::allows_reservation"": false, ""OSM::charging_point_count"": 4, ""OSM::charging_point_count_raw"": 4, ""OSM::connector_types_normalized"": ""CCS"", ""OSM::data_provider"": ""OpenStreetMap"", ""OSM::is_free"": false, ""OSM::network"": ""Supercharger"", ""OSM::opening_hours"": ""24/7"", ""OSM::power_scope"": ""station_reported_maximum""}","{""OCM::connector_types_normalized"": ""CCS"", ""OCM::is_operational"": true, ""OCM::operator"": ""Tesla (including non-tesla)"", ""OCM::plug_types"": ""CCS (Type 2)"", ""OCM::power_kw_max"": 120.0, ""OCM::power_kw_min"": 120.0, ""OCM::power_scope"": ""dc_indicated_connection_ratings"", ""OCM::status"": ""Operational"", ""OCM::usage_cost"": ""AUD 0.42/kWh;other tariffs for older cars"", ""OSM::access_condition"": ""Free Access"", ""OSM::allows_card_payment"": false, ""OSM::allows_reservation"": false, ""OSM::connector_types_normalized"": ""CCS"", ""OSM::is_free"": false, ""OSM::network"": ""Supercharger"", ""OSM::opening_hours"": ""24/7"", ""OSM::power_scope"": ""station_reported_maximum""}",11,"[{""binding"": ""same source address and OCM ID; search evidence only"", ""conclusion"": ""web_evidence_found_not_identity_proof"", ""file"": ""data/reference/web_review/task3_ocm_125_web_confidence.csv"", ""page_opened"": true, ""reported_confidence"": ""high"", ""url"": ""https://ev-charging-stations.com.au/chargers/tesla-185-princes-highway-narooma-nsw-2546""}]"
238,,,"188 Raglan Street, Sydney NSW 2088",Evie Networks,4,DC,50 kW,-33.83108413,151.2436587,Mosman Municipal Council,2088,Existing Fast Chargers,0,0,0,0,0,0,0,0,0,0,0,0,0,0,0,0,0,0,0,0,0,0,0,0,0,0,0,0,0,0,0,4,0,0,0,0,0,0,0,0,Sydney - North Sydney and Hornsby,121,2088,accepted,coordinate_and_fuzzy_address,14.93199177890196,0.9600000000000001,272686,"188 Raglan St, Mosman, New South Wales, 2088",Raglan Street West,Evie,"{""charger_capacities"": ""50 kW"", ""charging_point_count"": 1.0, ""connector_types_normalized"": ""CCS;CHAdeMO"", ""data_provider"": ""Open Charge Map"", ""is_operational"": true, ""last_verified"": ""2023-07-16T22:00:00Z"", ""number_of_plugs"": null, ""operator"": ""Evie"", ""plug_types"": ""CCS (Type 2); CHAdeMO"", ""power_kw_max"": 50.0, ""power_kw_min"": 50.0, ""power_kw_values"": [50.0], ""power_scope"": ""dc_indicated_connection_ratings"", ""status"": ""Operational"", ""usage_cost"": """"}",True,1,1,,,,False,unmatched,unmatched,,,,,,,{},,0,0,,,,False,unmatched,unmatched,,,,,,,{},,0,0,,,,False,accepted,accepted,OCM,OCM:272686,,,,no,,"{""OCM::charger_capacities"": ""50 kW"", ""OCM::charging_point_count"": 1.0, ""OCM::connector_types_normalized"": ""CCS;CHAdeMO"", ""OCM::data_provider"": ""Open Charge Map"", ""OCM::is_operational"": true, ""OCM::last_verified"": ""2023-07-16T22:00:00Z"", ""OCM::operator"": ""Evie"", ""OCM::plug_types"": ""CCS (Type 2); CHAdeMO"", ""OCM::power_kw_max"": 50.0, ""OCM::power_kw_min"": 50.0, ""OCM::power_kw_values"": [50.0], ""OCM::power_scope"": ""dc_indicated_connection_ratings"", ""OCM::status"": ""Operational""}","{""OCM::connector_types_normalized"": ""CCS;CHAdeMO"", ""OCM::is_operational"": true, ""OCM::operator"": ""Evie"", ""OCM::plug_types"": ""CCS (Type 2); CHAdeMO"", ""OCM::power_kw_max"": 50.0, ""OCM::power_kw_min"": 50.0, ""OCM::power_scope"": ""dc_indicated_connection_ratings"", ""OCM::status"": ""Operational""}",4,[]
245,,,"19 Princes Highway, Figtree NSW 2525",Tesla,6,DC,175 kW,-34.4366153,150.8632982,Wollongong City Council,2525,Fast Charging R1,0,0,0,0,0,0,0,0,0,0,6,0,0,0,0,0,0,0,0,0,0,0,0,0,0,0,0,0,0,0,0,0,0,0,0,0,0,0,0,0,Illawarra,107,,review,coordinate_only,151.10600322364604,0.36774461028192373,171646,"Figtree Grove Shopping Centre, The Avenue, Figtree, New South Wales, 2525",Wollongong Supercharger,Tesla (including non-tesla),"{""charger_capacities"": ""250 kW"", ""charging_point_count"": 6.0, ""connector_types_normalized"": ""CCS"", ""data_provider"": ""Open Charge Map"", ""is_operational"": true, ""last_verified"": ""2023-08-30T06:17:00Z"", ""number_of_plugs"": null, ""operator"": ""Tesla (including non-tesla)"", ""plug_types"": ""CCS (Type 2)"", ""power_kw_max"": 250.0, ""power_kw_min"": 250.0, ""power_kw_values"": [250.0], ""power_scope"": ""dc_indicated_connection_ratings"", ""status"": ""Operational"", ""usage_cost"": ""$0.69/kWh""}",True,1,1,,address evidence is inconsistent; candidate does not pass the automatic identity gate,,False,review,coordinate_only,134.28024474513145,0.0,https://www.openstreetmap.org/node/10815562193,,Wollongong Supercharger,Tesla,"{""access_condition"": ""Free Access"", ""allows_card_payment"": false, ""allows_reservation"": false, ""charging_point_count"": 4, ""charging_point_count_raw"": 4, ""connector_types_normalized"": ""CCS"", ""data_provider"": ""OpenStreetMap"", ""is_free"": false, ""network"": ""Supercharger"", ""number_of_plugs"": null, ""opening_hours"": ""24/7"", ""power_kw_max"": null, ""power_kw_min"": null, ""power_scope"": ""station_reported_maximum"", ""pricing_info"": """"}",True,1,1,,candidate does not pass the automatic identity gate,,False,unmatched,unmatched,,,,,,,{},,0,0,,,,False,review,review,,,OCM;OSM,OCM: address evidence is inconsistent; candidate does not pass the automatic identity gate; OSM: candidate does not pass the automatic identity gate,,no,,{},{},0,[]
246,,,"1-9 Railway Parade, Kogarah NSW 2217",Evie Networks,4,DC,150 kW,-33.96168115,151.1325903,Georges River Council,2217,ARENA - Driving the Nation,0,0,0,0,0,0,0,4,0,0,0,0,0,0,0,0,0,0,0,0,0,0,0,0,0,0,0,0,0,0,0,0,0,0,0,0,0,0,0,0,Sydney - Inner South West,119,2217,unmatched,unmatched,,,,,,,{},,0,0,,,,False,unmatched,unmatched,,,,,,,{},,0,0,,,,False,unmatched,unmatched,,,,,,,{},,0,0,,,,False,unmatched,unmatched,,,,,,no,,{},{},0,[]
247,,,"19 Richmond Road, Sydney NSW 2140",JOLT,2,DC,25 kW,-33.86603808,151.0644525,Strathfield,2140,Existing Fast Chargers,0,0,0,0,0,0,0,0,0,0,0,0,0,0,0,0,0,0,0,0,0,0,2,0,0,0,0,0,0,0,0,0,0,0,0,0,0,0,0,0,Sydney - Inner West,120,2140,review,coordinate_only,1.7327126343564039,0.8055555555555556,190417,"19 Richmond Road, Strathfield, Sydney, New South Wales, 2135",Richmond Tavistock No. 3 [Jolt],(Unknown Operator),"{""charger_capacities"": ""25 kW"", ""charging_point_count"": 1.0, ""connector_types_normalized"": ""CCS;CHAdeMO"", ""data_provider"": ""Open Charge Map"", ""is_operational"": true, ""last_verified"": ""2022-01-25T14:22:00Z"", ""number_of_plugs"": null, ""operator"": ""(Unknown Operator)"", ""plug_types"": ""CCS (Type 2); CHAdeMO"", ""power_kw_max"": 25.0, ""power_kw_min"": 25.0, ""power_kw_values"": [25.0], ""power_scope"": ""dc_indicated_connection_ratings"", ""status"": ""Operational"", ""usage_cost"": ""Free up to 7kWh, charges thereafter""}",True,1,1,,external postcode conflicts with source; address evidence is inconsistent; candidate does not pass the automatic identity gate,,False,accepted,coordinate_only,5.5861814766883136,0.0,https://www.openstreetmap.org/node/9290610873,,,Jolt,"{""access_condition"": ""Free Access"", ""allows_card_payment"": false, ""allows_reservation"": false, ""charging_point_count"": 1, ""charging_point_count_raw"": 1, ""connector_types_normalized"": ""CCS;CHAdeMO"", ""data_provider"": ""OpenStreetMap"", ""is_free"": false, ""network"": """", ""number_of_plugs"": null, ""opening_hours"": """", ""power_kw_max"": null, ""power_kw_min"": null, ""power_scope"": ""station_reported_maximum"", ""pricing_info"": """"}",True,1,1,,,,False,unmatched,unmatched,,,,,,,{},,0,0,,,,False,accepted,accepted,OSM,OSM:https://www.openstreetmap.org/node/9290610873,OCM,OCM: external postcode conflicts with source; address evidence is inconsistent; candidate does not pass the automatic identity gate,,no,,"{""OSM::access_condition"": ""Free Access"", ""OSM::allows_card_payment"": false, ""OSM::allows_reservation"": false, ""OSM::charging_point_count"": 1, ""OSM::charging_point_count_raw"": 1, ""OSM::connector_types_normalized"": ""CCS;CHAdeMO"", ""OSM::data_provider"": ""OpenStreetMap"", ""OSM::is_free"": false, ""OSM::power_scope"": ""station_reported_maximum""}","{""OSM::access_condition"": ""Free Access"", ""OSM::allows_card_payment"": false, ""OSM::allows_reservation"": false, ""OSM::connector_types_normalized"": ""CCS;CHAdeMO"", ""OSM::is_free"": false, ""OSM::power_scope"": ""station_reported_maximum""}",5,"[{""binding"": ""same source address and OCM ID; search evidence only"", ""conclusion"": ""web_evidence_found_not_identity_proof"", ""file"": ""data/reference/web_review/task3_ocm_125_web_confidence.csv"", ""page_opened"": false, ""reported_confidence"": ""medium"", ""url"": ""https://ev-charging-stations.com.au/chargers/jolt-19-richmond-road-sydney-nsw-2140""}]"
248,,,"19 Windsor Road, Sydney NSW 2155",BP,2,DC,75 kW,-33.71274679,150.9591602,The Hills Shire Council,2155,Existing Fast Chargers,0,0,0,0,0,0,0,0,0,0,0,0,0,0,0,0,0,0,0,0,0,0,0,0,0,0,0,0,0,0,0,0,0,0,0,2,0,0,0,0,Sydney - Baulkham Hills and Hawkesbury,115,2155,unmatched,unmatched,,,,,,,{},,0,0,,,,False,unmatched,unmatched,,,,,,,{},,0,0,,,,False,unmatched,unmatched,,,,,,,{},,0,0,,,,False,unmatched,unmatched,,,,,,no,,{},{},0,[]
253,,,197-215 Condamine Street Balgowlah NSW 2093,Tesla,6,DC,175 kW,-33.7930342,151.2641426,Northern Beaches Council,2093,Fast Charging R3,0,0,0,0,0,0,0,0,0,0,6,0,0,0,0,0,0,0,0,0,0,0,0,0,0,0,0,0,0,0,0,0,0,0,0,0,0,0,0,0,Sydney - Northern Beaches,122,2093,unmatched,unmatched,,,,,,,{},,0,0,,,,False,accepted,coordinate_only,49.6248348838219,0.0,https://www.openstreetmap.org/node/12968478808,,Tesla Supercharger,Tesla,"{""access_condition"": ""Free Access"", ""allows_card_payment"": false, ""allows_reservation"": false, ""charging_point_count"": 8, ""charging_point_count_raw"": 8, ""connector_types_normalized"": ""CCS"", ""data_provider"": ""OpenStreetMap"", ""is_free"": false, ""network"": ""Tesla Supercharger"", ""number_of_plugs"": null, ""opening_hours"": """", ""power_kw_max"": null, ""power_kw_min"": null, ""power_scope"": ""station_reported_maximum"", ""pricing_info"": """"}",True,1,1,,,,False,unmatched,unmatched,,,,,,,{},,0,0,,,,False,accepted,accepted,OSM,OSM:https://www.openstreetmap.org/node/12968478808,,,OSM:https://www.openstreetmap.org/node/12968478808 is linked to multiple TfNSW rows,yes,,"{""OSM::access_condition"": ""Free Access"", ""OSM::allows_card_payment"": false, ""OSM::allows_reservation"": false, ""OSM::charging_point_count"": 8, ""OSM::charging_point_count_raw"": 8, ""OSM::connector_types_normalized"": ""CCS"", ""OSM::data_provider"": ""OpenStreetMap"", ""OSM::is_free"": false, ""OSM::network"": ""Tesla Supercharger"", ""OSM::power_scope"": ""station_reported_maximum""}","{""OSM::access_condition"": ""Free Access"", ""OSM::allows_card_payment"": false, ""OSM::allows_reservation"": false, ""OSM::connector_types_normalized"": ""CCS"", ""OSM::is_free"": false, ""OSM::network"": ""Tesla Supercharger"", ""OSM::power_scope"": ""station_reported_maximum""}",6,"[{""binding"": ""source_address_only; external identity not verified"", ""conclusion"": """", ""file"": ""data/reference/web_review/task3_104_non_ocm_web_verified.csv"", ""page_opened"": false, ""reported_confidence"": ""medium"", ""url"": ""https://ev-charging-stations.com.au/chargers/tesla-197-215-condamine-street-sydney-nsw-2093-dusoxgyu-lihlhfbgncv-g""}]"
255,,,"198 Great Western Highway, Hazelbrook NSW 2779",Ampol,2,DC,125 kW,-33.7211325,150.4521067,Blue Mountains City Council,2779,ARENA - Driving the Nation,0,0,0,2,0,0,0,0,0,0,0,0,0,0,0,0,0,0,0,0,0,0,0,0,0,0,0,0,0,0,0,0,0,0,0,0,0,0,0,0,Sydney - Outer West and Blue Mountains,124,2779,unmatched,unmatched,,,,,,,{},,0,0,,,,False,accepted,coordinate_only,23.28996741669202,0.0,https://www.openstreetmap.org/node/11335199123,,,AmpCharge,"{""access_condition"": ""Free Access"", ""allows_card_payment"": false, ""allows_reservation"": false, ""charging_point_count"": 2, ""charging_point_count_raw"": 2, ""connector_types_normalized"": ""CCS;CHAdeMO"", ""data_provider"": ""OpenStreetMap"", ""is_free"": false, ""network"": """", ""number_of_plugs"": null, ""opening_hours"": """", ""power_kw_max"": null, ""power_kw_min"": null, ""power_scope"": ""station_reported_maximum"", ""pricing_info"": """"}",True,1,1,,,,False,unmatched,unmatched,,,,,,,{},,0,0,,,,False,accepted,accepted,OSM,OSM:https://www.openstreetmap.org/node/11335199123,,,,no,,"{""OSM::access_condition"": ""Free Access"", ""OSM::allows_card_payment"": false, ""OSM::allows_reservation"": false, ""OSM::charging_point_count"": 2, ""OSM::charging_point_count_raw"": 2, ""OSM::connector_types_normalized"": ""CCS;CHAdeMO"", ""OSM::data_provider"": ""OpenStreetMap"", ""OSM::is_free"": false, ""OSM::power_scope"": ""station_reported_maximum""}","{""OSM::access_condition"": ""Free Access"", ""OSM::allows_card_payment"": false, ""OSM::allows_reservation"": false, ""OSM::connector_types_normalized"": ""CCS;CHAdeMO"", ""OSM::is_free"": false, ""OSM::power_scope"": ""station_reported_maximum""}",5,"[{""binding"": ""source_address_only; external identity not verified"", ""conclusion"": """", ""file"": ""data/reference/web_review/task3_104_non_ocm_web_verified.csv"", ""page_opened"": true, ""reported_confidence"": ""high"", ""url"": ""https://locations.ampol.com.au/en/ampol-foodary-hazelbrook""}]"
256,,,"1985 Camden Valley Way, Prestons NSW 2170",Evie Networks,4,DC,150 kW,-33.95224765,150.8557529,Liverpool City Council,2170,ARENA - Driving the Nation,0,0,0,0,0,0,0,4,0,0,0,0,0,0,0,0,0,0,0,0,0,0,0,0,0,0,0,0,0,0,0,0,0,0,0,0,0,0,0,0,Sydney - South West,127,2170,unmatched,unmatched,,,,,,,{},,0,0,,,,False,unmatched,unmatched,,,,,,,{},,0,0,,,,False,unmatched,unmatched,,,,,,,{},,0,0,,,,False,unmatched,unmatched,,,,,,no,,{},{},0,[]
263,,,"2 Coast Hospital Road, Sydney NSW 2036",Evie Networks,2,DC,75 kW,-33.98102507,151.2497087,Randwick City Council,2036,Existing Fast Chargers,0,0,0,0,0,0,0,0,0,0,0,0,0,0,0,0,0,0,0,0,0,0,0,0,0,0,0,0,0,0,0,0,0,0,0,2,0,0,0,0,Sydney - Eastern Suburbs,118,2036,unmatched,unmatched,,,,,,,{},,0,0,,,,False,unmatched,unmatched,,,,,,,{},,0,0,,,,False,unmatched,unmatched,,,,,,,{},,0,0,,,,False,unmatched,unmatched,,,,,,no,,{},{},0,[]
264,,,"2 Corkwood Road, Valla NSW 2448",BP,2,DC,75 kW,-30.6267528,152.9724735,Nambucca Valley Council,2448,Existing Fast Chargers,0,0,0,0,0,0,0,0,0,0,0,0,0,0,0,0,0,0,0,0,0,0,0,0,0,0,0,0,0,0,0,0,0,0,0,2,0,0,0,0,Mid North Coast,108,2448,unmatched,unmatched,,,,,,,{},,0,0,,,,False,accepted,coordinate_only,6.1930174080578615,0.0,https://www.openstreetmap.org/node/11495572569,,bp pulse,bp pulse,"{""access_condition"": ""Free Access"", ""allows_card_payment"": false, ""allows_reservation"": false, ""charging_point_count"": 2, ""charging_point_count_raw"": 2, ""connector_types_normalized"": ""CCS;CHAdeMO"", ""data_provider"": ""OpenStreetMap"", ""is_free"": false, ""network"": ""bp pulse"", ""number_of_plugs"": null, ""opening_hours"": """", ""power_kw_max"": null, ""power_kw_min"": null, ""power_scope"": ""station_reported_maximum"", ""pricing_info"": """"}",True,1,1,,,,False,unmatched,unmatched,,,,,,,{},,0,0,,,,False,accepted,accepted,OSM,OSM:https://www.openstreetmap.org/node/11495572569,,,,no,,"{""OSM::access_condition"": ""Free Access"", ""OSM::allows_card_payment"": false, ""OSM::allows_reservation"": false, ""OSM::charging_point_count"": 2, ""OSM::charging_point_count_raw"": 2, ""OSM::connector_types_normalized"": ""CCS;CHAdeMO"", ""OSM::data_provider"": ""OpenStreetMap"", ""OSM::is_free"": false, ""OSM::network"": ""bp pulse"", ""OSM::power_scope"": ""station_reported_maximum""}","{""OSM::access_condition"": ""Free Access"", ""OSM::allows_card_payment"": false, ""OSM::allows_reservation"": false, ""OSM::connector_types_normalized"": ""CCS;CHAdeMO"", ""OSM::is_free"": false, ""OSM::network"": ""bp pulse"", ""OSM::power_scope"": ""station_reported_maximum""}",6,"[{""binding"": ""source_address_only; external identity not verified"", ""conclusion"": """", ""file"": ""data/reference/web_review/task3_104_non_ocm_web_verified.csv"", ""page_opened"": false, ""reported_confidence"": ""medium"", ""url"": ""https://www.cylex-australia.com/company/bp-pulse-charging-station-24816299.html""}]"
267,,,"2 Hannabus Place, Windsor NSW 2756",Exploren,2,DC,60 kW,-33.62676281,150.8353483,Hawkesbury City Council,2756,Existing Fast Chargers,0,0,0,0,0,0,0,0,0,0,0,0,0,0,0,0,0,0,0,0,0,0,0,0,0,0,0,0,0,0,0,0,0,2,0,0,0,0,0,0,Sydney - Baulkham Hills and Hawkesbury,115,2756,unmatched,unmatched,,,,,,,{},,0,0,,,,False,unmatched,unmatched,,,,,,,{},,0,0,,,,False,accepted,coordinate_and_fuzzy_address,0.10161009696314931,0.9395348837209303,15d06bf5-6b4a-425d-9312-bae4b17cc22b-1735,"2 Hannabus Pl, Mulgrave, NSW 2756",2 Hannabus Place,,"{""connector_types_normalized"": ""CCS"", ""data_provider"": ""Charge@Large"", ""dc_port_count"": 2, ""number_of_plugs"": null, ""power_kw_max"": 60.0, ""power_kw_min"": 60.0, ""power_kw_values"": [60.0], ""power_scope"": ""dc_indicated_ports"", ""site_power_range_raw"": ""60"", ""status_counts"": {""Available"": 2}, ""status_observed_at"": null, ""total_port_count"": 2}",True,1,1,,,,False,accepted,accepted,Charge@Large,Charge@Large:15d06bf5-6b4a-425d-9312-bae4b17cc22b-1735,,,,no,,"{""Charge@Large::connector_types_normalized"": ""CCS"", ""Charge@Large::data_provider"": ""Charge@Large"", ""Charge@Large::dc_port_count"": 2, ""Charge@Large::power_kw_max"": 60.0, ""Charge@Large::power_kw_min"": 60.0, ""Charge@Large::power_kw_values"": [60.0], ""Charge@Large::power_scope"": ""dc_indicated_ports"", ""Charge@Large::site_power_range_raw"": ""60"", ""Charge@Large::status_counts"": {""Available"": 2}, ""Charge@Large::total_port_count"": 2}","{""Charge@Large::connector_types_normalized"": ""CCS"", ""Charge@Large::dc_port_count"": 2, ""Charge@Large::power_kw_max"": 60.0, ""Charge@Large::power_kw_min"": 60.0, ""Charge@Large::power_scope"": ""dc_indicated_ports"", ""Charge@Large::status_counts"": {""Available"": 2}, ""Charge@Large::total_port_count"": 2}",2,"[{""binding"": ""source_address_only; external identity not verified"", ""conclusion"": """", ""file"": ""data/reference/web_review/task3_104_non_ocm_web_verified.csv"", ""page_opened"": true, ""reported_confidence"": ""low"", ""url"": ""https://www.property.com.au/nsw/mulgrave-2756/hannabus-pl/2-pid-11593072/""}]"
269,,,"2 Hercules Street, Murrumbateman NSW 2582",Evie Networks,2,DC,50 kW,-34.96936041,149.03,Yass Valley Council,2582,Existing Fast Chargers,0,0,0,0,0,0,0,0,0,0,0,0,0,0,0,0,0,0,0,0,0,0,0,0,0,0,0,0,0,0,0,2,0,0,0,0,0,0,0,0,Capital Region,101,2582,accepted,coordinate_and_fuzzy_address,6.145899415337987,1.0,272500,"2 Hercules Street, Murrumbateman, New South Wales, 2582",Murrumbateman Country Inn,Evie,"{""charger_capacities"": ""50 kW"", ""charging_point_count"": 1.0, ""connector_types_normalized"": ""CCS;CHAdeMO"", ""data_provider"": ""Open Charge Map"", ""is_operational"": true, ""last_verified"": ""2023-09-18T05:45:00Z"", ""number_of_plugs"": null, ""operator"": ""Evie"", ""plug_types"": ""CCS (Type 2); CHAdeMO"", ""power_kw_max"": 50.0, ""power_kw_min"": 50.0, ""power_kw_values"": [50.0], ""power_scope"": ""dc_indicated_connection_ratings"", ""status"": ""Operational"", ""usage_cost"": ""Pricing set to 50c per kWh of charging.""}",True,1,1,,,,False,accepted,coordinate_only,14.154531269482005,0.0,https://www.openstreetmap.org/node/9366472089,,,Evie Networks,"{""access_condition"": ""Free Access"", ""allows_card_payment"": false, ""allows_reservation"": false, ""charging_point_count"": 2, ""charging_point_count_raw"": 2, ""connector_types_normalized"": ""CCS;CHAdeMO"", ""data_provider"": ""OpenStreetMap"", ""is_free"": false, ""network"": """", ""number_of_plugs"": null, ""opening_hours"": """", ""power_kw_max"": null, ""power_kw_min"": null, ""power_scope"": ""station_reported_maximum"", ""pricing_info"": """"}",True,1,1,,,,False,unmatched,unmatched,,,,,,,{},,0,0,,,,False,accepted,accepted,OCM;OSM,OCM:272500;OSM:https://www.openstreetmap.org/node/9366472089,,,,no,,"{""OCM::charger_capacities"": ""50 kW"", ""OCM::charging_point_count"": 1.0, ""OCM::connector_types_normalized"": ""CCS;CHAdeMO"", ""OCM::data_provider"": ""Open Charge Map"", ""OCM::is_operational"": true, ""OCM::last_verified"": ""2023-09-18T05:45:00Z"", ""OCM::operator"": ""Evie"", ""OCM::plug_types"": ""CCS (Type 2); CHAdeMO"", ""OCM::power_kw_max"": 50.0, ""OCM::power_kw_min"": 50.0, ""OCM::power_kw_values"": [50.0], ""OCM::power_scope"": ""dc_indicated_connection_ratings"", ""OCM::status"": ""Operational"", ""OCM::usage_cost"": ""Pricing set to 50c per kWh of charging."", ""OSM::access_condition"": ""Free Access"", ""OSM::allows_card_payment"": false, ""OSM::allows_reservation"": false, ""OSM::charging_point_count"": 2, ""OSM::charging_point_count_raw"": 2, ""OSM::connector_types_normalized"": ""CCS;CHAdeMO"", ""OSM::data_provider"": ""OpenStreetMap"", ""OSM::is_free"": false, ""OSM::power_scope"": ""station_reported_maximum""}","{""OCM::connector_types_normalized"": ""CCS;CHAdeMO"", ""OCM::is_operational"": true, ""OCM::operator"": ""Evie"", ""OCM::plug_types"": ""CCS (Type 2); CHAdeMO"", ""OCM::power_kw_max"": 50.0, ""OCM::power_kw_min"": 50.0, ""OCM::power_scope"": ""dc_indicated_connection_ratings"", ""OCM::status"": ""Operational"", ""OCM::usage_cost"": ""Pricing set to 50c per kWh of charging."", ""OSM::access_condition"": ""Free Access"", ""OSM::allows_card_payment"": false, ""OSM::allows_reservation"": false, ""OSM::connector_types_normalized"": ""CCS;CHAdeMO"", ""OSM::is_free"": false, ""OSM::power_scope"": ""station_reported_maximum""}",9,[]
276,,,"2 Ocean Drive, Kew NSW 2439",Tesla,8,DC,250 kW,-31.63426031,152.7250501,Port Macquarie-Hastings Council,2439,Existing Fast Chargers,0,0,0,0,0,0,0,0,0,0,0,0,0,0,0,0,0,0,0,0,0,8,0,0,0,0,0,0,0,0,0,0,0,0,0,0,0,0,0,0,Mid North Coast,108,2439,accepted,coordinate_and_fuzzy_address,13.144312672347933,1.0,460617,"2 Ocean Drive, Kew, NSW, 2439",Kew Tesla Supercharger,Tesla (including non-tesla),"{""charger_capacities"": ""250 kW"", ""charging_point_count"": 8.0, ""connector_types_normalized"": ""CCS"", ""data_provider"": ""Open Charge Map"", ""is_operational"": true, ""last_verified"": ""2025-09-01T05:09:00Z"", ""number_of_plugs"": null, ""operator"": ""Tesla (including non-tesla)"", ""plug_types"": ""CCS (Type 2)"", ""power_kw_max"": 250.0, ""power_kw_min"": 250.0, ""power_kw_values"": [250.0], ""power_scope"": ""dc_indicated_connection_ratings"", ""status"": ""Operational"", ""usage_cost"": ""$0.52/kWh - $0.72/kWh""}",True,1,1,,,,False,accepted,coordinate_only,9.526318249438644,0.0,https://www.openstreetmap.org/node/12753915088,,Kew Supercharger,Tesla,"{""access_condition"": ""Free Access"", ""allows_card_payment"": false, ""allows_reservation"": false, ""charging_point_count"": 8, ""charging_point_count_raw"": 8, ""connector_types_normalized"": ""CCS"", ""data_provider"": ""OpenStreetMap"", ""is_free"": false, ""network"": ""Supercharger"", ""number_of_plugs"": null, ""opening_hours"": ""24/7"", ""power_kw_max"": null, ""power_kw_min"": null, ""power_scope"": ""station_reported_maximum"", ""pricing_info"": """"}",True,1,1,,,,False,unmatched,unmatched,,,,,,,{},,0,0,,,,False,accepted,accepted,OCM;OSM,OCM:460617;OSM:https://www.openstreetmap.org/node/12753915088,,,,no,,"{""OCM::charger_capacities"": ""250 kW"", ""OCM::charging_point_count"": 8.0, ""OCM::connector_types_normalized"": ""CCS"", ""OCM::data_provider"": ""Open Charge Map"", ""OCM::is_operational"": true, ""OCM::last_verified"": ""2025-09-01T05:09:00Z"", ""OCM::operator"": ""Tesla (including non-tesla)"", ""OCM::plug_types"": ""CCS (Type 2)"", ""OCM::power_kw_max"": 250.0, ""OCM::power_kw_min"": 250.0, ""OCM::power_kw_values"": [250.0], ""OCM::power_scope"": ""dc_indicated_connection_ratings"", ""OCM::status"": ""Operational"", ""OCM::usage_cost"": ""$0.52/kWh - $0.72/kWh"", ""OSM::access_condition"": ""Free Access"", ""OSM::allows_card_payment"": false, ""OSM::allows_reservation"": false, ""OSM::charging_point_count"": 8, ""OSM::charging_point_count_raw"": 8, ""OSM::connector_types_normalized"": ""CCS"", ""OSM::data_provider"": ""OpenStreetMap"", ""OSM::is_free"": false, ""OSM::network"": ""Supercharger"", ""OSM::opening_hours"": ""24/7"", ""OSM::power_scope"": ""station_reported_maximum""}","{""OCM::connector_types_normalized"": ""CCS"", ""OCM::is_operational"": true, ""OCM::operator"": ""Tesla (including non-tesla)"", ""OCM::plug_types"": ""CCS (Type 2)"", ""OCM::power_kw_max"": 250.0, ""OCM::power_kw_min"": 250.0, ""OCM::power_scope"": ""dc_indicated_connection_ratings"", ""OCM::status"": ""Operational"", ""OCM::usage_cost"": ""$0.52/kWh - $0.72/kWh"", ""OSM::access_condition"": ""Free Access"", ""OSM::allows_card_payment"": false, ""OSM::allows_reservation"": false, ""OSM::connector_types_normalized"": ""CCS"", ""OSM::is_free"": false, ""OSM::network"": ""Supercharger"", ""OSM::opening_hours"": ""24/7"", ""OSM::power_scope"": ""station_reported_maximum""}",11,[]
278,,,"2 Premier Street, Sydney NSW 2217",JOLT,2,DC,25 kW,-33.96242247,151.1343213,Georges River Council,2217,Existing Fast Chargers,0,0,0,0,0,0,0,0,0,0,0,0,0,0,0,0,0,0,0,0,0,0,2,0,0,0,0,0,0,0,0,0,0,0,0,0,0,0,0,0,Sydney - Inner South West,119,2217,unmatched,unmatched,,,,,,,{},,0,0,,,,False,unmatched,unmatched,,,,,,,{},,0,0,,,,False,unmatched,unmatched,,,,,,,{},,0,0,,,,False,unmatched,unmatched,,,,,,no,,{},{},0,[]
280,,,"2 Riddell Street, Sydney NSW 2023",Chargefox,2,DC,40 kW,-33.88578883,151.2573263,Woollahra Municipal Council,2023,Existing Fast Chargers,0,0,0,0,0,0,0,0,0,0,0,0,0,0,0,0,0,0,0,0,0,0,0,0,0,0,0,0,2,0,0,0,0,0,0,0,0,0,0,0,Sydney - Eastern Suburbs,118,2023,unmatched,unmatched,,,,,,,{},,0,0,,,,False,unmatched,unmatched,,,,,,,{},,0,0,,,,False,unmatched,unmatched,,,,,,,{},,0,0,,,,False,unmatched,unmatched,,,,,,no,,{},{},0,[]
282,,,"2 Rosenthal Avenue, Lane Cove NSW 2066",Evie Networks,4,DC,50 kW,-33.813936,151.169298,Lane Cove Municipal Council,2066,ARENA - Driving the Nation,0,0,0,0,0,0,0,0,0,0,0,0,0,0,0,0,0,0,0,0,0,0,0,0,0,0,0,0,0,0,0,4,0,0,0,0,0,0,0,0,Sydney - North Sydney and Hornsby,121,2066,accepted,coordinate_only,3.713853886914803,0.8114035087719299,191165,"2 Rosenthal Ave, “The Canopy”, Lane Cove, NSW",Evie Lane Cove,Evie,"{""charger_capacities"": ""50 kW"", ""charging_point_count"": 2.0, ""connector_types_normalized"": ""CCS;CHAdeMO"", ""data_provider"": ""Open Charge Map"", ""is_operational"": true, ""last_verified"": ""2023-07-15T12:03:00Z"", ""number_of_plugs"": null, ""operator"": ""Evie"", ""plug_types"": ""CCS (Type 2); CHAdeMO"", ""power_kw_max"": 50.0, ""power_kw_min"": 50.0, ""power_kw_values"": [50.0], ""power_scope"": ""dc_indicated_connection_ratings"", ""status"": ""Operational"", ""usage_cost"": ""$0.40/kWh""}",True,1,1,,,address evidence is inconsistent,False,unmatched,unmatched,,,,,,,{},,0,0,,,,False,unmatched,unmatched,,,,,,,{},,0,0,,,,False,accepted,accepted,OCM,OCM:191165,,,OCM: address evidence is inconsistent,yes,,"{""OCM::charger_capacities"": ""50 kW"", ""OCM::charging_point_count"": 2.0, ""OCM::connector_types_normalized"": ""CCS;CHAdeMO"", ""OCM::data_provider"": ""Open Charge Map"", ""OCM::is_operational"": true, ""OCM::last_verified"": ""2023-07-15T12:03:00Z"", ""OCM::operator"": ""Evie"", ""OCM::plug_types"": ""CCS (Type 2); CHAdeMO"", ""OCM::power_kw_max"": 50.0, ""OCM::power_kw_min"": 50.0, ""OCM::power_kw_values"": [50.0], ""OCM::power_scope"": ""dc_indicated_connection_ratings"", ""OCM::status"": ""Operational"", ""OCM::usage_cost"": ""$0.40/kWh""}","{""OCM::connector_types_normalized"": ""CCS;CHAdeMO"", ""OCM::is_operational"": true, ""OCM::operator"": ""Evie"", ""OCM::plug_types"": ""CCS (Type 2); CHAdeMO"", ""OCM::power_kw_max"": 50.0, ""OCM::power_kw_min"": 50.0, ""OCM::power_scope"": ""dc_indicated_connection_ratings"", ""OCM::status"": ""Operational"", ""OCM::usage_cost"": ""$0.40/kWh""}",5,"[{""binding"": ""same source address and OCM ID; search evidence only"", ""conclusion"": ""web_evidence_found_not_identity_proof"", ""file"": ""data/reference/web_review/task3_ocm_125_web_confidence.csv"", ""page_opened"": true, ""reported_confidence"": ""high"", ""url"": ""https://ev-charging-stations.com.au/chargers/nsw/lane-cove""}]"
285,,,"2 Sentry Drive, Sydney NSW 2768",Chargefox,4,DC,40 kW,-33.71984389,150.918979,Blacktown City Council,2768,Existing Fast Chargers,0,0,0,0,0,0,0,0,0,0,0,0,0,0,0,0,0,0,0,0,0,0,0,0,0,0,0,0,4,0,0,0,0,0,0,0,0,0,0,0,Sydney - Blacktown,116,2768,unmatched,unmatched,,,,,,,{},,0,0,,,,False,unmatched,unmatched,,,,,,,{},,0,0,,,,False,unmatched,unmatched,,,,,,,{},,0,0,,,,False,unmatched,unmatched,,,,,,no,,{},{},0,[]
287,,,"2 Stewart Street, Lithgow NSW 2790",Evie Networks,4,DC,150 kW,-33.48184889,150.1361812,"Lithgow Council, City of",2790,Existing Fast Chargers,0,0,0,0,0,0,0,4,0,0,0,0,0,0,0,0,0,0,0,0,0,0,0,0,0,0,0,0,0,0,0,0,0,0,0,0,0,0,0,0,Central West,103,2790,unmatched,unmatched,,,,,,,{},,0,0,,,,False,accepted,coordinate_only,72.20806248804014,0.0,https://www.openstreetmap.org/node/12015928951,,,Evie Networks,"{""access_condition"": ""Free Access"", ""allows_card_payment"": false, ""allows_reservation"": false, ""charging_point_count"": null, ""charging_point_count_raw"": null, ""connector_types_normalized"": ""CCS;CHAdeMO"", ""data_provider"": ""OpenStreetMap"", ""is_free"": false, ""network"": """", ""number_of_plugs"": null, ""opening_hours"": """", ""power_kw_max"": null, ""power_kw_min"": null, ""power_scope"": ""station_reported_maximum"", ""pricing_info"": """"}",True,1,1,,,,False,unmatched,unmatched,,,,,,,{},,0,0,,,,False,accepted,accepted,OSM,OSM:https://www.openstreetmap.org/node/12015928951,,,,no,,"{""OSM::access_condition"": ""Free Access"", ""OSM::allows_card_payment"": false, ""OSM::allows_reservation"": false, ""OSM::connector_types_normalized"": ""CCS;CHAdeMO"", ""OSM::data_provider"": ""OpenStreetMap"", ""OSM::is_free"": false, ""OSM::power_scope"": ""station_reported_maximum""}","{""OSM::access_condition"": ""Free Access"", ""OSM::allows_card_payment"": false, ""OSM::allows_reservation"": false, ""OSM::connector_types_normalized"": ""CCS;CHAdeMO"", ""OSM::is_free"": false, ""OSM::power_scope"": ""station_reported_maximum""}",5,"[{""binding"": ""source_address_only; external identity not verified"", ""conclusion"": """", ""file"": ""data/reference/web_review/task3_104_non_ocm_web_verified.csv"", ""page_opened"": true, ""reported_confidence"": ""high"", ""url"": ""https://ev-charging-stations.com.au/chargers/evie-2-stewart-street-lithgow-nsw-2790""}]"
294,,,"20 Owen Street, Sydney NSW 2761",Chargefox,2,DC,47 kW,-33.75074779,150.8580751,Blacktown City Council,2761,Existing Fast Chargers,0,0,0,0,0,0,0,0,0,0,0,0,0,0,0,0,0,0,0,0,0,0,0,0,0,0,0,0,0,0,2,0,0,0,0,0,0,0,0,0,Sydney - Blacktown,116,2761,unmatched,unmatched,,,,,,,{},,0,0,,,,False,unmatched,unmatched,,,,,,,{},,0,0,,,,False,unmatched,unmatched,,,,,,,{},,0,0,,,,False,unmatched,unmatched,,,,,,no,,{},{},0,[]
297,,,"20 Smidmore Street, Marrickville NSW 2204",Evie Networks,4,DC,50 kW,-33.907982,151.170899,Inner West Council,2204,ARENA - Driving the Nation,0,0,0,0,0,0,0,0,0,0,0,0,0,0,0,0,0,0,0,0,0,0,0,0,0,0,0,0,0,0,0,4,0,0,0,0,0,0,0,0,Sydney - City and Inner South,117,2204,review,coordinate_only,28.55296262072268,0.6655555555555556,193048,"Smidmore Street, Sydney, New South Wales, 2044",Marrickville Metro,Evie,"{""charger_capacities"": ""50 kW"", ""charging_point_count"": 2.0, ""connector_types_normalized"": ""CCS;CHAdeMO"", ""data_provider"": ""Open Charge Map"", ""is_operational"": true, ""last_verified"": ""2023-07-16T13:40:00Z"", ""number_of_plugs"": null, ""operator"": ""Evie"", ""plug_types"": ""CCS (Type 2); CHAdeMO"", ""power_kw_max"": 50.0, ""power_kw_min"": 50.0, ""power_kw_values"": [50.0], ""power_scope"": ""dc_indicated_connection_ratings"", ""status"": ""Operational"", ""usage_cost"": """"}",True,1,1,,external postcode conflicts with source; address evidence is inconsistent; candidate does not pass the automatic identity gate,,False,unmatched,unmatched,,,,,,,{},,0,0,,,,False,unmatched,unmatched,,,,,,,{},,0,0,,,,False,review,review,,,OCM,OCM: external postcode conflicts with source; address evidence is inconsistent; candidate does not pass the automatic identity gate,,no,,{},{},0,"[{""binding"": ""same source address and OCM ID; search evidence only"", ""conclusion"": ""web_evidence_found_not_identity_proof"", ""file"": ""data/reference/web_review/task3_ocm_125_web_confidence.csv"", ""page_opened"": true, ""reported_confidence"": ""high"", ""url"": ""https://www.marrickvillemetro.com.au/centre-info/centre-services""}]"
299,,,"200 Crown Street, Wollongong NSW 2500",Evie Networks,4,DC,50 kW,-34.423975,150.892316,Wollongong City Council,2500,ARENA - Driving the Nation,0,0,0,0,0,0,0,0,0,0,0,0,0,0,0,0,0,0,0,0,0,0,0,0,0,0,0,0,0,0,0,4,0,0,0,0,0,0,0,0,Illawarra,107,2500,accepted,coordinate_only,85.69170069225251,0.6223666210670314,235461,"Regent Street, Wollongong, New South Wales, 2500",Wollongong Central - Regent St Carpark,Evie,"{""charger_capacities"": ""50 kW"", ""charging_point_count"": 1.0, ""connector_types_normalized"": ""CCS;CHAdeMO"", ""data_provider"": ""Open Charge Map"", ""is_operational"": true, ""last_verified"": ""2023-07-12T21:49:00Z"", ""number_of_plugs"": null, ""operator"": ""Evie"", ""plug_types"": ""CCS (Type 2); CHAdeMO"", ""power_kw_max"": 50.0, ""power_kw_min"": 50.0, ""power_kw_values"": [50.0], ""power_scope"": ""dc_indicated_connection_ratings"", ""status"": ""Operational"", ""usage_cost"": ""50c per kWh energy consumed.""}",True,1,1,,,address evidence is inconsistent,False,unmatched,unmatched,,,,,,,{},,0,0,,,,False,unmatched,unmatched,,,,,,,{},,0,0,,,,False,accepted,accepted,OCM,OCM:235461,,,OCM: address evidence is inconsistent,yes,,"{""OCM::charger_capacities"": ""50 kW"", ""OCM::charging_point_count"": 1.0, ""OCM::connector_types_normalized"": ""CCS;CHAdeMO"", ""OCM::data_provider"": ""Open Charge Map"", ""OCM::is_operational"": true, ""OCM::last_verified"": ""2023-07-12T21:49:00Z"", ""OCM::operator"": ""Evie"", ""OCM::plug_types"": ""CCS (Type 2); CHAdeMO"", ""OCM::power_kw_max"": 50.0, ""OCM::power_kw_min"": 50.0, ""OCM::power_kw_values"": [50.0], ""OCM::power_scope"": ""dc_indicated_connection_ratings"", ""OCM::status"": ""Operational"", ""OCM::usage_cost"": ""50c per kWh energy consumed.""}","{""OCM::connector_types_normalized"": ""CCS;CHAdeMO"", ""OCM::is_operational"": true, ""OCM::operator"": ""Evie"", ""OCM::plug_types"": ""CCS (Type 2); CHAdeMO"", ""OCM::power_kw_max"": 50.0, ""OCM::power_kw_min"": 50.0, ""OCM::power_scope"": ""dc_indicated_connection_ratings"", ""OCM::status"": ""Operational"", ""OCM::usage_cost"": ""50c per kWh energy consumed.""}",5,[]
302,,,"201 Manning River Drive, Taree NSW 2430",Evie Networks,4,DC,150 kW,-31.94333438,152.4706146,Mid-Coast Council,2430,Existing Fast Chargers,0,0,0,0,0,0,0,4,0,0,0,0,0,0,0,0,0,0,0,0,0,0,0,0,0,0,0,0,0,0,0,0,0,0,0,0,0,0,0,0,Mid North Coast,108,2430,accepted,coordinate_and_fuzzy_address,10.588365089210651,0.8509433962264151,172652,"Manning River Drive, Glenthorne, New South Wales, 2430",Taree South Service Centre [Evie],Evie,"{""charger_capacities"": ""100 kW; 350 kW"", ""charging_point_count"": 4.0, ""connector_types_normalized"": ""CCS;CHAdeMO"", ""data_provider"": ""Open Charge Map"", ""is_operational"": true, ""last_verified"": ""2023-07-15T13:54:00Z"", ""number_of_plugs"": null, ""operator"": ""Evie"", ""plug_types"": ""CCS (Type 2); CHAdeMO"", ""power_kw_max"": 350.0, ""power_kw_min"": 100.0, ""power_kw_values"": [100.0, 350.0], ""power_scope"": ""dc_indicated_connection_ratings"", ""status"": ""Operational"", ""usage_cost"": ""$0.60/kWh""}",True,1,1,,,address evidence is street-level only,False,accepted,coordinate_only,1.6385058496715927,0.0,https://www.openstreetmap.org/node/7612252206,,,Evie Networks,"{""access_condition"": ""Free Access"", ""allows_card_payment"": false, ""allows_reservation"": false, ""charging_point_count"": 2, ""charging_point_count_raw"": 2, ""connector_types_normalized"": ""CCS;CHAdeMO"", ""data_provider"": ""OpenStreetMap"", ""is_free"": false, ""network"": """", ""number_of_plugs"": null, ""opening_hours"": """", ""power_kw_max"": null, ""power_kw_min"": null, ""power_scope"": ""station_reported_maximum"", ""pricing_info"": """"}",True,1,1,,,,False,unmatched,unmatched,,,,,,,{},,0,0,,,,False,accepted,accepted,OCM;OSM,OCM:172652;OSM:https://www.openstreetmap.org/node/7612252206,,,OCM: address evidence is street-level only,yes,,"{""OCM::charger_capacities"": ""100 kW; 350 kW"", ""OCM::charging_point_count"": 4.0, ""OCM::connector_types_normalized"": ""CCS;CHAdeMO"", ""OCM::data_provider"": ""Open Charge Map"", ""OCM::is_operational"": true, ""OCM::last_verified"": ""2023-07-15T13:54:00Z"", ""OCM::operator"": ""Evie"", ""OCM::plug_types"": ""CCS (Type 2); CHAdeMO"", ""OCM::power_kw_max"": 350.0, ""OCM::power_kw_min"": 100.0, ""OCM::power_kw_values"": [100.0, 350.0], ""OCM::power_scope"": ""dc_indicated_connection_ratings"", ""OCM::status"": ""Operational"", ""OCM::usage_cost"": ""$0.60/kWh"", ""OSM::access_condition"": ""Free Access"", ""OSM::allows_card_payment"": false, ""OSM::allows_reservation"": false, ""OSM::charging_point_count"": 2, ""OSM::charging_point_count_raw"": 2, ""OSM::connector_types_normalized"": ""CCS;CHAdeMO"", ""OSM::data_provider"": ""OpenStreetMap"", ""OSM::is_free"": false, ""OSM::power_scope"": ""station_reported_maximum""}","{""OCM::connector_types_normalized"": ""CCS;CHAdeMO"", ""OCM::is_operational"": true, ""OCM::operator"": ""Evie"", ""OCM::plug_types"": ""CCS (Type 2); CHAdeMO"", ""OCM::power_kw_max"": 350.0, ""OCM::power_kw_min"": 100.0, ""OCM::power_scope"": ""dc_indicated_connection_ratings"", ""OCM::status"": ""Operational"", ""OCM::usage_cost"": ""$0.60/kWh"", ""OSM::access_condition"": ""Free Access"", ""OSM::allows_card_payment"": false, ""OSM::allows_reservation"": false, ""OSM::connector_types_normalized"": ""CCS;CHAdeMO"", ""OSM::is_free"": false, ""OSM::power_scope"": ""station_reported_maximum""}",9,[]
303,,,"201 Sloane Street, Goulburn NSW 2580",Tesla,16,DC,130 kW,-34.75552357,149.720998,Goulburn Mulwaree Council,2580,Existing Fast Chargers,0,0,0,0,16,0,0,0,0,0,0,0,0,0,0,0,0,0,0,0,0,0,0,0,0,0,0,0,0,0,0,0,0,0,0,0,0,0,0,0,Capital Region,101,2580,accepted,coordinate_only,8.264609137144475,0.8129958960328317,79851,"201 Sloan St, Goulburn",Goulburn Supercharger [Tesla],Tesla (Tesla-only charging),"{""charger_capacities"": ""120 kW"", ""charging_point_count"": 8.0, ""connector_types_normalized"": ""CCS"", ""data_provider"": ""Open Charge Map"", ""is_operational"": true, ""last_verified"": ""2021-12-19T02:14:00Z"", ""number_of_plugs"": null, ""operator"": ""Tesla (Tesla-only charging)"", ""plug_types"": ""CCS (Type 2)"", ""power_kw_max"": 120.0, ""power_kw_min"": 120.0, ""power_kw_values"": [120.0], ""power_scope"": ""dc_indicated_connection_ratings"", ""status"": ""Operational"", ""usage_cost"": ""$0.52/kWh""}",True,1,1,,,address evidence is inconsistent,False,unmatched,unmatched,,,,,,,{},,0,0,,,,False,unmatched,unmatched,,,,,,,{},,0,0,,,,False,accepted,accepted,OCM,OCM:79851,,,OCM: address evidence is inconsistent,yes,,"{""OCM::charger_capacities"": ""120 kW"", ""OCM::charging_point_count"": 8.0, ""OCM::connector_types_normalized"": ""CCS"", ""OCM::data_provider"": ""Open Charge Map"", ""OCM::is_operational"": true, ""OCM::last_verified"": ""2021-12-19T02:14:00Z"", ""OCM::operator"": ""Tesla (Tesla-only charging)"", ""OCM::plug_types"": ""CCS (Type 2)"", ""OCM::power_kw_max"": 120.0, ""OCM::power_kw_min"": 120.0, ""OCM::power_kw_values"": [120.0], ""OCM::power_scope"": ""dc_indicated_connection_ratings"", ""OCM::status"": ""Operational"", ""OCM::usage_cost"": ""$0.52/kWh""}","{""OCM::connector_types_normalized"": ""CCS"", ""OCM::is_operational"": true, ""OCM::operator"": ""Tesla (Tesla-only charging)"", ""OCM::plug_types"": ""CCS (Type 2)"", ""OCM::power_kw_max"": 120.0, ""OCM::power_kw_min"": 120.0, ""OCM::power_scope"": ""dc_indicated_connection_ratings"", ""OCM::status"": ""Operational"", ""OCM::usage_cost"": ""$0.52/kWh""}",5,[]
305,,,20-22 Camden Road Campbelltown NSW 2560,Tesla,12,DC,175 kW,-34.0725934,150.8078816,Campbelltown City Council,2560,Fast Charging R1,0,0,0,0,0,0,0,0,0,0,12,0,0,0,0,0,0,0,0,0,0,0,0,0,0,0,0,0,0,0,0,0,0,0,0,0,0,0,0,0,Sydney - Outer South West,123,2560,accepted,coordinate_and_fuzzy_address,131.00577679027194,1.0,266501,"20-22 Camden Road, Campbelltown, New South Wales, 2560",Campbelltown Supercharger,Tesla (Tesla-only charging),"{""charger_capacities"": ""250 kW"", ""charging_point_count"": 12.0, ""connector_types_normalized"": ""CCS"", ""data_provider"": ""Open Charge Map"", ""is_operational"": true, ""last_verified"": ""2023-06-08T03:24:00Z"", ""number_of_plugs"": null, ""operator"": ""Tesla (Tesla-only charging)"", ""plug_types"": ""CCS (Type 2)"", ""power_kw_max"": 250.0, ""power_kw_min"": 250.0, ""power_kw_values"": [250.0], ""power_scope"": ""dc_indicated_connection_ratings"", ""status"": ""Operational"", ""usage_cost"": ""$0.66/kWh""}",True,2,2,92.47955297885744,,,False,review,coordinate_only,133.18445977321065,0.0,https://www.openstreetmap.org/node/10774220953,,Tesla Supercharger,Tesla,"{""access_condition"": ""Free Access"", ""allows_card_payment"": false, ""allows_reservation"": false, ""charging_point_count"": 12, ""charging_point_count_raw"": 12, ""connector_types_normalized"": ""CCS"", ""data_provider"": ""OpenStreetMap"", ""is_free"": false, ""network"": ""Tesla Supercharger"", ""number_of_plugs"": null, ""opening_hours"": """", ""power_kw_max"": null, ""power_kw_min"": null, ""power_scope"": ""station_reported_maximum"", ""pricing_info"": """"}",True,3,3,81.64274806765687,candidate does not pass the automatic identity gate,,False,review,coordinate_only,206.8116477292022,0.8735849056603774,15d06bf5-6b4a-425d-9312-bae4b17cc22b-2578,"38 Camden Rd, Campbelltown, NSW 2560",Genesis Care Campbelltown,,"{""connector_types_normalized"": ""CCS;CHAdeMO"", ""data_provider"": ""Charge@Large"", ""dc_port_count"": 4, ""number_of_plugs"": null, ""power_kw_max"": 200.0, ""power_kw_min"": 50.0, ""power_kw_values"": [50.0, 150.0, 200.0], ""power_scope"": ""dc_indicated_ports"", ""site_power_range_raw"": ""50 - 200"", ""status_counts"": {""Available"": 4}, ""status_observed_at"": null, ""total_port_count"": 4}",True,1,1,,house numbers conflict; address evidence is inconsistent; candidate does not pass the automatic identity gate,,False,accepted,accepted,OCM,OCM:266501,OSM;Charge@Large,OSM: candidate does not pass the automatic identity gate; Charge@Large: house numbers conflict; address evidence is inconsistent; candidate does not pass the automatic identity gate,OCM:266501 is linked to multiple TfNSW rows,yes,,"{""OCM::charger_capacities"": ""250 kW"", ""OCM::charging_point_count"": 12.0, ""OCM::connector_types_normalized"": ""CCS"", ""OCM::data_provider"": ""Open Charge Map"", ""OCM::is_operational"": true, ""OCM::last_verified"": ""2023-06-08T03:24:00Z"", ""OCM::operator"": ""Tesla (Tesla-only charging)"", ""OCM::plug_types"": ""CCS (Type 2)"", ""OCM::power_kw_max"": 250.0, ""OCM::power_kw_min"": 250.0, ""OCM::power_kw_values"": [250.0], ""OCM::power_scope"": ""dc_indicated_connection_ratings"", ""OCM::status"": ""Operational"", ""OCM::usage_cost"": ""$0.66/kWh""}","{""OCM::connector_types_normalized"": ""CCS"", ""OCM::is_operational"": true, ""OCM::operator"": ""Tesla (Tesla-only charging)"", ""OCM::plug_types"": ""CCS (Type 2)"", ""OCM::power_kw_max"": 250.0, ""OCM::power_kw_min"": 250.0, ""OCM::power_scope"": ""dc_indicated_connection_ratings"", ""OCM::status"": ""Operational"", ""OCM::usage_cost"": ""$0.66/kWh""}",5,[]
309,,,"205 Old Hume Highway, Mittagong NSW 2575",Evie Networks,4,DC,150 kW,-34.44672777,150.436991,Wingecarribee Shire Council,2575,Existing Fast Chargers,0,0,0,0,0,0,0,4,0,0,0,0,0,0,0,0,0,0,0,0,0,0,0,0,0,0,0,0,0,0,0,0,0,0,0,0,0,0,0,0,Southern Highlands and Shoalhaven,114,2575,unmatched,unmatched,,,,,,,{},,0,0,,,,False,accepted,coordinate_only,2.637312663235097,0.0,https://www.openstreetmap.org/node/11365114635,,,Evie Networks,"{""access_condition"": ""Free Access"", ""allows_card_payment"": false, ""allows_reservation"": false, ""charging_point_count"": null, ""charging_point_count_raw"": null, ""connector_types_normalized"": ""CCS;CHAdeMO"", ""data_provider"": ""OpenStreetMap"", ""is_free"": false, ""network"": """", ""number_of_plugs"": null, ""opening_hours"": """", ""power_kw_max"": null, ""power_kw_min"": null, ""power_scope"": ""station_reported_maximum"", ""pricing_info"": """"}",True,1,1,,,,False,unmatched,unmatched,,,,,,,{},,0,0,,,,False,accepted,accepted,OSM,OSM:https://www.openstreetmap.org/node/11365114635,,,,no,,"{""OSM::access_condition"": ""Free Access"", ""OSM::allows_card_payment"": false, ""OSM::allows_reservation"": false, ""OSM::connector_types_normalized"": ""CCS;CHAdeMO"", ""OSM::data_provider"": ""OpenStreetMap"", ""OSM::is_free"": false, ""OSM::power_scope"": ""station_reported_maximum""}","{""OSM::access_condition"": ""Free Access"", ""OSM::allows_card_payment"": false, ""OSM::allows_reservation"": false, ""OSM::connector_types_normalized"": ""CCS;CHAdeMO"", ""OSM::is_free"": false, ""OSM::power_scope"": ""station_reported_maximum""}",5,"[{""binding"": ""source_address_only; external identity not verified"", ""conclusion"": """", ""file"": ""data/reference/web_review/task3_104_non_ocm_web_verified.csv"", ""page_opened"": true, ""reported_confidence"": ""high"", ""url"": ""https://ev-charging-stations.com.au/chargers/evie-205-old-hume-highway-mittagong-nsw-2575""}]"
311,,,"2072 Camden Valley Way, Edmondson Park NSW 2174",Ampol,2,DC,125 kW,-33.9558559,150.8648944,Liverpool City Council,2174,ARENA - Driving the Nation,0,0,0,2,0,0,0,0,0,0,0,0,0,0,0,0,0,0,0,0,0,0,0,0,0,0,0,0,0,0,0,0,0,0,0,0,0,0,0,0,Sydney - South West,127,2174,unmatched,unmatched,,,,,,,{},,0,0,,,,False,accepted,coordinate_only,38.53042679416239,0.0,https://www.openstreetmap.org/node/11419886723,,,AmpCharge,"{""access_condition"": ""Free Access"", ""allows_card_payment"": false, ""allows_reservation"": false, ""charging_point_count"": null, ""charging_point_count_raw"": null, ""connector_types_normalized"": ""CCS;CHAdeMO"", ""data_provider"": ""OpenStreetMap"", ""is_free"": false, ""network"": """", ""number_of_plugs"": null, ""opening_hours"": """", ""power_kw_max"": null, ""power_kw_min"": null, ""power_scope"": ""station_reported_maximum"", ""pricing_info"": """"}",True,1,1,,,,False,unmatched,unmatched,,,,,,,{},,0,0,,,,False,accepted,accepted,OSM,OSM:https://www.openstreetmap.org/node/11419886723,,,,no,,"{""OSM::access_condition"": ""Free Access"", ""OSM::allows_card_payment"": false, ""OSM::allows_reservation"": false, ""OSM::connector_types_normalized"": ""CCS;CHAdeMO"", ""OSM::data_provider"": ""OpenStreetMap"", ""OSM::is_free"": false, ""OSM::power_scope"": ""station_reported_maximum""}","{""OSM::access_condition"": ""Free Access"", ""OSM::allows_card_payment"": false, ""OSM::allows_reservation"": false, ""OSM::connector_types_normalized"": ""CCS;CHAdeMO"", ""OSM::is_free"": false, ""OSM::power_scope"": ""station_reported_maximum""}",5,"[{""binding"": ""source_address_only; external identity not verified"", ""conclusion"": """", ""file"": ""data/reference/web_review/task3_104_non_ocm_web_verified.csv"", ""page_opened"": false, ""reported_confidence"": ""medium"", ""url"": ""https://ev-charging.rollersoft.com.au/station/154""}]"
312,,,"2090 Broke Road, Pokolbin NSW 2320",NRMA Electric,4,DC,75 kW,-32.77342947,151.2982713,Cessnock City Council,2320,Existing Fast Chargers,0,0,0,0,0,0,0,0,0,0,0,0,0,0,0,0,0,0,0,0,0,0,0,0,0,0,0,0,0,0,0,0,0,0,0,4,0,0,0,0,Hunter Valley exc Newcastle,106,2320,unmatched,unmatched,,,,,,,{},,0,0,,,,False,unmatched,unmatched,,,,,,,{},,0,0,,,,False,unmatched,unmatched,,,,,,,{},,0,0,,,,False,unmatched,unmatched,,,,,,no,,{},{},0,[]
322,,,"211 Lake Entrance Road, Shellharbour City Centre NSW 2529",Ampol,10,DC,150 kW,-34.56639944,150.8394074,Shellharbour City Council,2529,Existing Fast Chargers,0,0,0,0,0,0,0,10,0,0,0,0,0,0,0,0,0,0,0,0,0,0,0,0,0,0,0,0,0,0,0,0,0,0,0,0,0,0,0,0,Illawarra,107,2529,review,coordinate_and_fuzzy_address,401.7187611068338,0.8906976744186047,479816,"Lake Entrance Road, Shellharbour City Centre, New South Wales, 2529",Shellharbour Ampcharge,Ampol AmpCharge,"{""charger_capacities"": ""180 kW"", ""charging_point_count"": 10.0, ""connector_types_normalized"": ""CCS"", ""data_provider"": ""Open Charge Map"", ""is_operational"": true, ""last_verified"": ""2026-03-09T04:11:00Z"", ""number_of_plugs"": null, ""operator"": ""Ampol AmpCharge"", ""plug_types"": ""CCS (Type 2)"", ""power_kw_max"": 180.0, ""power_kw_min"": 180.0, ""power_kw_values"": [180.0], ""power_scope"": ""dc_indicated_connection_ratings"", ""status"": ""Operational"", ""usage_cost"": ""$0.60/kWh for pay-as-you-go charging.""}",True,1,1,,address evidence is street-level only; candidate does not pass the automatic identity gate,,False,review,coordinate_only,441.01226418710235,0.0,https://www.openstreetmap.org/node/12963857532,,,AmpCharge,"{""access_condition"": ""Free Access"", ""allows_card_payment"": false, ""allows_reservation"": false, ""charging_point_count"": 10, ""charging_point_count_raw"": 10, ""connector_types_normalized"": ""CCS"", ""data_provider"": ""OpenStreetMap"", ""is_free"": false, ""network"": """", ""number_of_plugs"": null, ""opening_hours"": """", ""power_kw_max"": null, ""power_kw_min"": null, ""power_scope"": ""station_reported_maximum"", ""pricing_info"": """"}",True,1,1,,candidate does not pass the automatic identity gate,,False,unmatched,unmatched,,,,,,,{},,0,0,,,,False,review,review,,,OCM;OSM,OCM: address evidence is street-level only; candidate does not pass the automatic identity gate; OSM: candidate does not pass the automatic identity gate,,no,,{},{},0,[]
328,,,"22 Cook Lane, Sydney NSW 2223",JOLT,2,DC,25 kW,-33.9701502,151.0801331,Georges River Council,2223,Existing Fast Chargers,0,0,0,0,0,0,0,0,0,0,0,0,0,0,0,0,0,0,0,0,0,0,2,0,0,0,0,0,0,0,0,0,0,0,0,0,0,0,0,0,Sydney - Inner South West,119,2223,unmatched,unmatched,,,,,,,{},,0,0,,,,False,unmatched,unmatched,,,,,,,{},,0,0,,,,False,unmatched,unmatched,,,,,,,{},,0,0,,,,False,unmatched,unmatched,,,,,,no,,{},{},0,[]
330,,,"220 Taren Point Road, Caringbah NSW 2229",Evie Networks,4,DC,75 kW,-34.02927306,151.1220736,Sutherland Shire Council,2229,ARENA - Driving the Nation,0,0,0,0,0,0,0,0,0,0,0,0,0,0,0,0,0,0,0,0,0,0,0,0,0,0,0,0,0,0,0,0,0,0,0,4,0,0,0,0,Sydney - Sutherland,128,2229,unmatched,unmatched,,,,,,,{},,0,0,,,,False,review,coordinate_only,476.84071997862276,0.0,https://www.openstreetmap.org/node/13103102258,,,bp pulse,"{""access_condition"": ""Free Access"", ""allows_card_payment"": false, ""allows_reservation"": false, ""charging_point_count"": 4, ""charging_point_count_raw"": 4, ""connector_types_normalized"": ""CCS"", ""data_provider"": ""OpenStreetMap"", ""is_free"": false, ""network"": ""bp pulse"", ""number_of_plugs"": null, ""opening_hours"": """", ""power_kw_max"": null, ""power_kw_min"": null, ""power_scope"": ""station_reported_maximum"", ""pricing_info"": """"}",True,1,1,,candidate does not pass the automatic identity gate,,False,review,coordinate_only,178.21078572321835,0.29583333333333334,15d06bf5-6b4a-425d-9312-bae4b17cc22b-174,"Koonya Cct, Caringbah, NSW 2229",Bunnings Caringbah,,"{""connector_types_normalized"": ""CCS;CHAdeMO"", ""data_provider"": ""Charge@Large"", ""dc_port_count"": 2, ""number_of_plugs"": null, ""power_kw_max"": 50.0, ""power_kw_min"": 50.0, ""power_kw_values"": [50.0], ""power_scope"": ""dc_indicated_ports"", ""site_power_range_raw"": ""50"", ""status_counts"": {""OutOfService"": 2}, ""status_observed_at"": null, ""total_port_count"": 2}",True,1,1,,address evidence is inconsistent; candidate does not pass the automatic identity gate,,False,review,review,,,OSM;Charge@Large,OSM: candidate does not pass the automatic identity gate; Charge@Large: address evidence is inconsistent; candidate does not pass the automatic identity gate,,no,,{},{},0,"[{""binding"": ""source_address_only; external identity not verified"", ""conclusion"": """", ""file"": ""data/reference/web_review/task3_104_non_ocm_web_verified.csv"", ""page_opened"": true, ""reported_confidence"": ""high"", ""url"": ""https://ev-charging-stations.com.au/chargers/nsw/caringbah""}]"
331,,,"221 Wolseley Street, Jamisontown NSW 2750",Evie Networks,4,DC,350 kW,-33.770295,150.673823,Penrith City Council,2750,ARENA - Driving the Nation,0,0,0,0,0,0,0,0,0,0,0,0,0,0,0,0,0,0,0,0,0,0,0,0,0,4,0,0,0,0,0,0,0,0,0,0,0,0,0,0,Sydney - Outer West and Blue Mountains,124,2614,review,coordinate_and_fuzzy_address,13.439288316696443,1.0,272693,"221 Wolseley Street, Jamisontown, New South Wales, 2750",Jamisontown,Evie,"{""charger_capacities"": ""50 kW; 350 kW"", ""charging_point_count"": 2.0, ""connector_types_normalized"": ""CCS;CHAdeMO"", ""data_provider"": ""Open Charge Map"", ""is_operational"": true, ""last_verified"": ""2023-07-16T23:05:00Z"", ""number_of_plugs"": null, ""operator"": ""Evie"", ""plug_types"": ""CCS (Type 2); CHAdeMO"", ""power_kw_max"": 350.0, ""power_kw_min"": 50.0, ""power_kw_values"": [50.0, 350.0], ""power_scope"": ""dc_indicated_connection_ratings"", ""status"": ""Operational"", ""usage_cost"": """"}",True,1,1,,source address and original postcode conflict; candidate does not pass the automatic identity gate,,True,unmatched,unmatched,,,,,,,{},,0,0,,,,True,unmatched,unmatched,,,,,,,{},,0,0,,,,True,review,review,,,OCM,OCM: source address and original postcode conflict; candidate does not pass the automatic identity gate,,no,,{},{},0,[]
332,,,"22-24 Park Avenue, Sydney NSW 2134",JOLT,2,DC,25 kW,-33.87384989,151.1019449,Burwood Council,2134,Existing Fast Chargers,0,0,0,0,0,0,0,0,0,0,0,0,0,0,0,0,0,0,0,0,0,0,2,0,0,0,0,0,0,0,0,0,0,0,0,0,0,0,0,0,Sydney - Inner West,120,2134,unmatched,unmatched,,,,,,,{},,0,0,,,,False,unmatched,unmatched,,,,,,,{},,0,0,,,,False,unmatched,unmatched,,,,,,,{},,0,0,,,,False,unmatched,unmatched,,,,,,no,,{},{},0,[]
333,,,"224 Princes Highway, Wollongong NSW 2519",BP,2,DC,75 kW,-34.40332537,150.8914635,Wollongong City Council,2519,Existing Fast Chargers,0,0,0,0,0,0,0,0,0,0,0,0,0,0,0,0,0,0,0,0,0,0,0,0,0,0,0,0,0,0,0,0,0,0,0,2,0,0,0,0,Illawarra,107,2519,accepted,coordinate_and_fuzzy_address,37.925572070086204,0.925925925925926,273425,"224 Princes Hwy, Fairy Meadow, New South Wales, 2519",Fairy Meadow [bp pulse],BP Pulse (AU),"{""charger_capacities"": ""75 kW"", ""charging_point_count"": 2.0, ""connector_types_normalized"": ""CCS"", ""data_provider"": ""Open Charge Map"", ""is_operational"": true, ""last_verified"": ""2023-08-09T11:24:00Z"", ""number_of_plugs"": null, ""operator"": ""BP Pulse (AU)"", ""plug_types"": ""CCS (Type 2)"", ""power_kw_max"": 75.0, ""power_kw_min"": 75.0, ""power_kw_values"": [75.0], ""power_scope"": ""dc_indicated_connection_ratings"", ""status"": ""Operational"", ""usage_cost"": ""55c/kWh""}",True,1,1,,,,False,accepted,coordinate_only,1.2234078574582008,0.0,https://www.openstreetmap.org/node/10783513810,,,bp pulse,"{""access_condition"": ""Free Access"", ""allows_card_payment"": false, ""allows_reservation"": false, ""charging_point_count"": null, ""charging_point_count_raw"": null, ""connector_types_normalized"": ""CCS"", ""data_provider"": ""OpenStreetMap"", ""is_free"": false, ""network"": ""bp pulse"", ""number_of_plugs"": null, ""opening_hours"": """", ""power_kw_max"": null, ""power_kw_min"": null, ""power_scope"": ""station_reported_maximum"", ""pricing_info"": """"}",True,1,1,,,,False,review,coordinate_only,172.57876490250808,0.8111111111111112,15d06bf5-6b4a-425d-9312-bae4b17cc22b-962,"121 Princes Hwy, Fairy Meadow, NSW 2519",Gateway KIA - Wollongong,,"{""connector_types_normalized"": ""CCS"", ""data_provider"": ""Charge@Large"", ""dc_port_count"": 2, ""number_of_plugs"": null, ""power_kw_max"": 60.0, ""power_kw_min"": 60.0, ""power_kw_values"": [60.0], ""power_scope"": ""dc_indicated_ports"", ""site_power_range_raw"": ""60"", ""status_counts"": {""Available"": 2}, ""status_observed_at"": null, ""total_port_count"": 2}",True,1,1,,house numbers conflict; address evidence is inconsistent; candidate does not pass the automatic identity gate,,False,accepted,accepted,OCM;OSM,OCM:273425;OSM:https://www.openstreetmap.org/node/10783513810,Charge@Large,Charge@Large: house numbers conflict; address evidence is inconsistent; candidate does not pass the automatic identity gate,,no,,"{""OCM::charger_capacities"": ""75 kW"", ""OCM::charging_point_count"": 2.0, ""OCM::connector_types_normalized"": ""CCS"", ""OCM::data_provider"": ""Open Charge Map"", ""OCM::is_operational"": true, ""OCM::last_verified"": ""2023-08-09T11:24:00Z"", ""OCM::operator"": ""BP Pulse (AU)"", ""OCM::plug_types"": ""CCS (Type 2)"", ""OCM::power_kw_max"": 75.0, ""OCM::power_kw_min"": 75.0, ""OCM::power_kw_values"": [75.0], ""OCM::power_scope"": ""dc_indicated_connection_ratings"", ""OCM::status"": ""Operational"", ""OCM::usage_cost"": ""55c/kWh"", ""OSM::access_condition"": ""Free Access"", ""OSM::allows_card_payment"": false, ""OSM::allows_reservation"": false, ""OSM::connector_types_normalized"": ""CCS"", ""OSM::data_provider"": ""OpenStreetMap"", ""OSM::is_free"": false, ""OSM::network"": ""bp pulse"", ""OSM::power_scope"": ""station_reported_maximum""}","{""OCM::connector_types_normalized"": ""CCS"", ""OCM::is_operational"": true, ""OCM::operator"": ""BP Pulse (AU)"", ""OCM::plug_types"": ""CCS (Type 2)"", ""OCM::power_kw_max"": 75.0, ""OCM::power_kw_min"": 75.0, ""OCM::power_scope"": ""dc_indicated_connection_ratings"", ""OCM::status"": ""Operational"", ""OCM::usage_cost"": ""55c/kWh"", ""OSM::access_condition"": ""Free Access"", ""OSM::allows_card_payment"": false, ""OSM::allows_reservation"": false, ""OSM::connector_types_normalized"": ""CCS"", ""OSM::is_free"": false, ""OSM::network"": ""bp pulse"", ""OSM::power_scope"": ""station_reported_maximum""}",10,[]
334,,,"224 Prospect Highway, Seven Hills NSW 2147",Evie Networks,4,DC,150 kW,-33.77578997,150.9330864,Cumberland Council,2147,ARENA - Driving the Nation,0,0,0,0,0,0,0,4,0,0,0,0,0,0,0,0,0,0,0,0,0,0,0,0,0,0,0,0,0,0,0,0,0,0,0,0,0,0,0,0,Sydney - Blacktown,116,2147,unmatched,unmatched,,,,,,,{},,0,0,,,,False,accepted,coordinate_only,7.61189002234156,0.0,https://www.openstreetmap.org/node/11365136257,,,Evie Networks,"{""access_condition"": ""Free Access"", ""allows_card_payment"": false, ""allows_reservation"": false, ""charging_point_count"": null, ""charging_point_count_raw"": null, ""connector_types_normalized"": ""CCS"", ""data_provider"": ""OpenStreetMap"", ""is_free"": false, ""network"": """", ""number_of_plugs"": null, ""opening_hours"": """", ""power_kw_max"": null, ""power_kw_min"": null, ""power_scope"": ""station_reported_maximum"", ""pricing_info"": """"}",True,1,1,,,,False,unmatched,unmatched,,,,,,,{},,0,0,,,,False,accepted,accepted,OSM,OSM:https://www.openstreetmap.org/node/11365136257,,,,no,,"{""OSM::access_condition"": ""Free Access"", ""OSM::allows_card_payment"": false, ""OSM::allows_reservation"": false, ""OSM::connector_types_normalized"": ""CCS"", ""OSM::data_provider"": ""OpenStreetMap"", ""OSM::is_free"": false, ""OSM::power_scope"": ""station_reported_maximum""}","{""OSM::access_condition"": ""Free Access"", ""OSM::allows_card_payment"": false, ""OSM::allows_reservation"": false, ""OSM::connector_types_normalized"": ""CCS"", ""OSM::is_free"": false, ""OSM::power_scope"": ""station_reported_maximum""}",5,"[{""binding"": ""source_address_only; external identity not verified"", ""conclusion"": """", ""file"": ""data/reference/web_review/task3_104_non_ocm_web_verified.csv"", ""page_opened"": true, ""reported_confidence"": ""high"", ""url"": ""https://www.sevenhillsplaza.com.au/location-parking""}]"
338,,,"2260 Camden Valley Way, Sydney NSW 2170",JOLT,2,DC,25 kW,-33.95800605,150.8864635,Liverpool City Council,2170,Existing Fast Chargers,0,0,0,0,0,0,0,0,0,0,0,0,0,0,0,0,0,0,0,0,0,0,2,0,0,0,0,0,0,0,0,0,0,0,0,0,0,0,0,0,Sydney - South West,127,2170,unmatched,unmatched,,,,,,,{},,0,0,,,,False,accepted,coordinate_only,7.777506602199008,0.0,https://www.openstreetmap.org/node/11689937303,,,Jolt,"{""access_condition"": ""Free Access"", ""allows_card_payment"": false, ""allows_reservation"": false, ""charging_point_count"": null, ""charging_point_count_raw"": null, ""connector_types_normalized"": ""CCS;CHAdeMO"", ""data_provider"": ""OpenStreetMap"", ""is_free"": false, ""network"": """", ""number_of_plugs"": null, ""opening_hours"": """", ""power_kw_max"": null, ""power_kw_min"": null, ""power_scope"": ""station_reported_maximum"", ""pricing_info"": """"}",True,1,1,,,,False,unmatched,unmatched,,,,,,,{},,0,0,,,,False,accepted,accepted,OSM,OSM:https://www.openstreetmap.org/node/11689937303,,,OSM:https://www.openstreetmap.org/node/11689937303 is linked to multiple TfNSW rows,yes,,"{""OSM::access_condition"": ""Free Access"", ""OSM::allows_card_payment"": false, ""OSM::allows_reservation"": false, ""OSM::connector_types_normalized"": ""CCS;CHAdeMO"", ""OSM::data_provider"": ""OpenStreetMap"", ""OSM::is_free"": false, ""OSM::power_scope"": ""station_reported_maximum""}","{""OSM::access_condition"": ""Free Access"", ""OSM::allows_card_payment"": false, ""OSM::allows_reservation"": false, ""OSM::connector_types_normalized"": ""CCS;CHAdeMO"", ""OSM::is_free"": false, ""OSM::power_scope"": ""station_reported_maximum""}",5,"[{""binding"": ""source_address_only; external identity not verified"", ""conclusion"": """", ""file"": ""data/reference/web_review/task3_104_non_ocm_web_verified.csv"", ""page_opened"": false, ""reported_confidence"": ""medium"", ""url"": ""https://ev-charging-stations.com.au/chargers/jolt-2260-camden-valley-way-sydney-nsw-2170-casula""}]"
339,,,"2260 Camden Valley Way, Sydney NSW 2170",JOLT,2,DC,25 kW,-33.9581552,150.8866296,Liverpool City Council,2170,Existing Fast Chargers,0,0,0,0,0,0,0,0,0,0,0,0,0,0,0,0,0,0,0,0,0,0,2,0,0,0,0,0,0,0,0,0,0,0,0,0,0,0,0,0,Sydney - South West,127,2170,unmatched,unmatched,,,,,,,{},,0,0,,,,False,accepted,coordinate_only,19.032982011329526,0.0,https://www.openstreetmap.org/node/11689937303,,,Jolt,"{""access_condition"": ""Free Access"", ""allows_card_payment"": false, ""allows_reservation"": false, ""charging_point_count"": null, ""charging_point_count_raw"": null, ""connector_types_normalized"": ""CCS;CHAdeMO"", ""data_provider"": ""OpenStreetMap"", ""is_free"": false, ""network"": """", ""number_of_plugs"": null, ""opening_hours"": """", ""power_kw_max"": null, ""power_kw_min"": null, ""power_scope"": ""station_reported_maximum"", ""pricing_info"": """"}",True,1,1,,,,False,unmatched,unmatched,,,,,,,{},,0,0,,,,False,accepted,accepted,OSM,OSM:https://www.openstreetmap.org/node/11689937303,,,OSM:https://www.openstreetmap.org/node/11689937303 is linked to multiple TfNSW rows,yes,,"{""OSM::access_condition"": ""Free Access"", ""OSM::allows_card_payment"": false, ""OSM::allows_reservation"": false, ""OSM::connector_types_normalized"": ""CCS;CHAdeMO"", ""OSM::data_provider"": ""OpenStreetMap"", ""OSM::is_free"": false, ""OSM::power_scope"": ""station_reported_maximum""}","{""OSM::access_condition"": ""Free Access"", ""OSM::allows_card_payment"": false, ""OSM::allows_reservation"": false, ""OSM::connector_types_normalized"": ""CCS;CHAdeMO"", ""OSM::is_free"": false, ""OSM::power_scope"": ""station_reported_maximum""}",5,"[{""binding"": ""source_address_only; external identity not verified"", ""conclusion"": """", ""file"": ""data/reference/web_review/task3_104_non_ocm_web_verified.csv"", ""page_opened"": false, ""reported_confidence"": ""medium"", ""url"": ""https://ev-charging-stations.com.au/chargers/jolt-2260-camden-valley-way-sydney-nsw-2170-casula""}]"
340,,,"227 Railway Terrace, Schofields NSW 2762",Evie Networks,4,DC,50 kW,-33.705677,150.876075,Blacktown City Council,2762,ARENA - Driving the Nation,0,0,0,0,0,0,0,0,0,0,0,0,0,0,0,0,0,0,0,0,0,0,0,0,0,0,0,0,0,0,0,4,0,0,0,0,0,0,0,0,Sydney - Blacktown,116,2762,accepted,coordinate_only,71.25307344550234,0.1785714285714286,191162,"227 Railway Rerrace, Schofields, NSW",Coles Schofields,Evie,"{""charger_capacities"": ""50 kW"", ""charging_point_count"": 2.0, ""connector_types_normalized"": ""CCS;CHAdeMO"", ""data_provider"": ""Open Charge Map"", ""is_operational"": true, ""last_verified"": ""2023-07-15T11:54:00Z"", ""number_of_plugs"": null, ""operator"": ""Evie"", ""plug_types"": ""CCS (Type 2); CHAdeMO"", ""power_kw_max"": 50.0, ""power_kw_min"": 50.0, ""power_kw_values"": [50.0], ""power_scope"": ""dc_indicated_connection_ratings"", ""status"": ""Operational"", ""usage_cost"": ""$0.40/kWh""}",True,1,1,,,address evidence is inconsistent,False,unmatched,unmatched,,,,,,,{},,0,0,,,,False,unmatched,unmatched,,,,,,,{},,0,0,,,,False,accepted,accepted,OCM,OCM:191162,,,OCM: address evidence is inconsistent,yes,,"{""OCM::charger_capacities"": ""50 kW"", ""OCM::charging_point_count"": 2.0, ""OCM::connector_types_normalized"": ""CCS;CHAdeMO"", ""OCM::data_provider"": ""Open Charge Map"", ""OCM::is_operational"": true, ""OCM::last_verified"": ""2023-07-15T11:54:00Z"", ""OCM::operator"": ""Evie"", ""OCM::plug_types"": ""CCS (Type 2); CHAdeMO"", ""OCM::power_kw_max"": 50.0, ""OCM::power_kw_min"": 50.0, ""OCM::power_kw_values"": [50.0], ""OCM::power_scope"": ""dc_indicated_connection_ratings"", ""OCM::status"": ""Operational"", ""OCM::usage_cost"": ""$0.40/kWh""}","{""OCM::connector_types_normalized"": ""CCS;CHAdeMO"", ""OCM::is_operational"": true, ""OCM::operator"": ""Evie"", ""OCM::plug_types"": ""CCS (Type 2); CHAdeMO"", ""OCM::power_kw_max"": 50.0, ""OCM::power_kw_min"": 50.0, ""OCM::power_scope"": ""dc_indicated_connection_ratings"", ""OCM::status"": ""Operational"", ""OCM::usage_cost"": ""$0.40/kWh""}",5,"[{""binding"": ""same source address and OCM ID; search evidence only"", ""conclusion"": ""web_evidence_found_not_identity_proof"", ""file"": ""data/reference/web_review/task3_ocm_125_web_confidence.csv"", ""page_opened"": false, ""reported_confidence"": ""medium"", ""url"": ""https://plugroo.com.au/location/evie-networks-nsw-schofields-227-railway-terrace""}]"
341,,,"228-234 Pacific Highway, Swansea NSW 2281",Everty,2,DC,25 kW,-33.09176581,151.6374214,Lake Macquarie City Council,2281,Existing Fast Chargers,0,0,0,0,0,0,0,0,0,0,0,0,0,0,0,0,0,0,0,0,0,0,2,0,0,0,0,0,0,0,0,0,0,0,0,0,0,0,0,0,Newcastle and Lake Macquarie,111,2281,unmatched,unmatched,,,,,,,{},,0,0,,,,False,unmatched,unmatched,,,,,,,{},,0,0,,,,False,unmatched,unmatched,,,,,,,{},,0,0,,,,False,unmatched,unmatched,,,,,,no,,{},{},0,[]
342,,,"2285 Pacific Highway, Heatherbrae NSW 2324",Tesla,12,DC,130 kW,-32.78729434,151.7283534,Port Stephens Council,2324,Existing Fast Chargers,0,0,0,0,12,0,0,0,0,0,0,0,0,0,0,0,0,0,0,0,0,0,0,0,0,0,0,0,0,0,0,0,0,0,0,0,0,0,0,0,Hunter Valley exc Newcastle,106,2324,accepted,coordinate_and_fuzzy_address,83.65692890314405,1.0,79490,"2285 Pacific Highway, Heatherbrae, 2324",Heatherbrae Supercharger [Tesla],Tesla (Tesla-only charging),"{""charger_capacities"": ""120 kW"", ""charging_point_count"": 6.0, ""connector_types_normalized"": ""CCS"", ""data_provider"": ""Open Charge Map"", ""is_operational"": true, ""last_verified"": ""2021-12-19T02:07:00Z"", ""number_of_plugs"": null, ""operator"": ""Tesla (Tesla-only charging)"", ""plug_types"": ""CCS (Type 2)"", ""power_kw_max"": 120.0, ""power_kw_min"": 120.0, ""power_kw_values"": [120.0], ""power_scope"": ""dc_indicated_connection_ratings"", ""status"": ""Operational"", ""usage_cost"": ""$0.52/kWh""}",True,1,1,,,,False,unmatched,unmatched,,,,,,,{},,0,0,,,,False,unmatched,unmatched,,,,,,,{},,0,0,,,,False,accepted,accepted,OCM,OCM:79490,,,,no,,"{""OCM::charger_capacities"": ""120 kW"", ""OCM::charging_point_count"": 6.0, ""OCM::connector_types_normalized"": ""CCS"", ""OCM::data_provider"": ""Open Charge Map"", ""OCM::is_operational"": true, ""OCM::last_verified"": ""2021-12-19T02:07:00Z"", ""OCM::operator"": ""Tesla (Tesla-only charging)"", ""OCM::plug_types"": ""CCS (Type 2)"", ""OCM::power_kw_max"": 120.0, ""OCM::power_kw_min"": 120.0, ""OCM::power_kw_values"": [120.0], ""OCM::power_scope"": ""dc_indicated_connection_ratings"", ""OCM::status"": ""Operational"", ""OCM::usage_cost"": ""$0.52/kWh""}","{""OCM::connector_types_normalized"": ""CCS"", ""OCM::is_operational"": true, ""OCM::operator"": ""Tesla (Tesla-only charging)"", ""OCM::plug_types"": ""CCS (Type 2)"", ""OCM::power_kw_max"": 120.0, ""OCM::power_kw_min"": 120.0, ""OCM::power_scope"": ""dc_indicated_connection_ratings"", ""OCM::status"": ""Operational"", ""OCM::usage_cost"": ""$0.52/kWh""}",5,[]
346,,,"230 Arden Street, Sydney NSW 2034",JOLT,2,DC,50 kW,-33.92159464,151.2565566,Randwick City Council,2034,Existing Fast Chargers,0,0,0,0,0,0,0,0,0,0,0,0,0,0,0,0,0,0,0,0,0,0,0,0,0,0,0,0,0,0,0,2,0,0,0,0,0,0,0,0,Sydney - Eastern Suburbs,118,2034,unmatched,unmatched,,,,,,,{},,0,0,,,,False,unmatched,unmatched,,,,,,,{},,0,0,,,,False,unmatched,unmatched,,,,,,,{},,0,0,,,,False,unmatched,unmatched,,,,,,no,,{},{},0,[]
351,,,"2398 Pacific Highway, Heatherbrae NSW 2324",BP,2,DC,75 kW,-32.78334139,151.7370591,Port Stephens Council,2324,Existing Fast Chargers,0,0,0,0,0,0,0,0,0,0,0,0,0,0,0,0,0,0,0,0,0,0,0,0,0,0,0,0,0,0,0,0,0,0,0,2,0,0,0,0,Hunter Valley exc Newcastle,106,2324,unmatched,unmatched,,,,,,,{},,0,0,,,,False,accepted,coordinate_only,7.174100743831509,0.0,https://www.openstreetmap.org/node/10647829948,,,BP Pulse,"{""access_condition"": ""Free Access"", ""allows_card_payment"": false, ""allows_reservation"": false, ""charging_point_count"": 2, ""charging_point_count_raw"": 2, ""connector_types_normalized"": ""CCS;CHAdeMO"", ""data_provider"": ""OpenStreetMap"", ""is_free"": false, ""network"": ""BP Pulse"", ""number_of_plugs"": null, ""opening_hours"": """", ""power_kw_max"": null, ""power_kw_min"": null, ""power_scope"": ""station_reported_maximum"", ""pricing_info"": """"}",True,1,1,,,,False,unmatched,unmatched,,,,,,,{},,0,0,,,,False,accepted,accepted,OSM,OSM:https://www.openstreetmap.org/node/10647829948,,,,no,,"{""OSM::access_condition"": ""Free Access"", ""OSM::allows_card_payment"": false, ""OSM::allows_reservation"": false, ""OSM::charging_point_count"": 2, ""OSM::charging_point_count_raw"": 2, ""OSM::connector_types_normalized"": ""CCS;CHAdeMO"", ""OSM::data_provider"": ""OpenStreetMap"", ""OSM::is_free"": false, ""OSM::network"": ""BP Pulse"", ""OSM::power_scope"": ""station_reported_maximum""}","{""OSM::access_condition"": ""Free Access"", ""OSM::allows_card_payment"": false, ""OSM::allows_reservation"": false, ""OSM::connector_types_normalized"": ""CCS;CHAdeMO"", ""OSM::is_free"": false, ""OSM::network"": ""BP Pulse"", ""OSM::power_scope"": ""station_reported_maximum""}",6,[]
353,,,"24 Cooper Street, Macksville NSW 2447",Evie Networks,4,DC,350 kW,-30.71023028,152.9197698,Nambucca Valley Council,2447,Existing Fast Chargers,0,0,0,0,0,0,0,0,0,0,0,0,0,0,0,0,0,0,0,0,0,0,0,0,0,4,0,0,0,0,0,0,0,0,0,0,0,0,0,0,Mid North Coast,108,2447,accepted,coordinate_and_fuzzy_address,29.28781734559642,0.9533333333333334,190392,"24 Cooper St, Ampol Foodary, Macksville, New South Wales, 2447",Evie Macksville,Evie,"{""charger_capacities"": ""350 kW"", ""charging_point_count"": 2.0, ""connector_types_normalized"": ""CCS;CHAdeMO"", ""data_provider"": ""Open Charge Map"", ""is_operational"": true, ""last_verified"": ""2023-07-16T12:45:00Z"", ""number_of_plugs"": null, ""operator"": ""Evie"", ""plug_types"": ""CCS (Type 2); CHAdeMO"", ""power_kw_max"": 350.0, ""power_kw_min"": 350.0, ""power_kw_values"": [350.0], ""power_scope"": ""dc_indicated_connection_ratings"", ""status"": ""Operational"", ""usage_cost"": ""$0.60 per kWh""}",True,1,1,,,,False,accepted,coordinate_only,7.267342318653089,0.0,https://www.openstreetmap.org/node/8505686311,,,Evie Networks,"{""access_condition"": ""Free Access"", ""allows_card_payment"": false, ""allows_reservation"": false, ""charging_point_count"": 4, ""charging_point_count_raw"": 4, ""connector_types_normalized"": ""CCS;CHAdeMO"", ""data_provider"": ""OpenStreetMap"", ""is_free"": false, ""network"": """", ""number_of_plugs"": null, ""opening_hours"": """", ""power_kw_max"": null, ""power_kw_min"": null, ""power_scope"": ""station_reported_maximum"", ""pricing_info"": """"}",True,1,1,,,,False,unmatched,unmatched,,,,,,,{},,0,0,,,,False,accepted,accepted,OCM;OSM,OCM:190392;OSM:https://www.openstreetmap.org/node/8505686311,,,,no,,"{""OCM::charger_capacities"": ""350 kW"", ""OCM::charging_point_count"": 2.0, ""OCM::connector_types_normalized"": ""CCS;CHAdeMO"", ""OCM::data_provider"": ""Open Charge Map"", ""OCM::is_operational"": true, ""OCM::last_verified"": ""2023-07-16T12:45:00Z"", ""OCM::operator"": ""Evie"", ""OCM::plug_types"": ""CCS (Type 2); CHAdeMO"", ""OCM::power_kw_max"": 350.0, ""OCM::power_kw_min"": 350.0, ""OCM::power_kw_values"": [350.0], ""OCM::power_scope"": ""dc_indicated_connection_ratings"", ""OCM::status"": ""Operational"", ""OCM::usage_cost"": ""$0.60 per kWh"", ""OSM::access_condition"": ""Free Access"", ""OSM::allows_card_payment"": false, ""OSM::allows_reservation"": false, ""OSM::charging_point_count"": 4, ""OSM::charging_point_count_raw"": 4, ""OSM::connector_types_normalized"": ""CCS;CHAdeMO"", ""OSM::data_provider"": ""OpenStreetMap"", ""OSM::is_free"": false, ""OSM::power_scope"": ""station_reported_maximum""}","{""OCM::connector_types_normalized"": ""CCS;CHAdeMO"", ""OCM::is_operational"": true, ""OCM::operator"": ""Evie"", ""OCM::plug_types"": ""CCS (Type 2); CHAdeMO"", ""OCM::power_kw_max"": 350.0, ""OCM::power_kw_min"": 350.0, ""OCM::power_scope"": ""dc_indicated_connection_ratings"", ""OCM::status"": ""Operational"", ""OCM::usage_cost"": ""$0.60 per kWh"", ""OSM::access_condition"": ""Free Access"", ""OSM::allows_card_payment"": false, ""OSM::allows_reservation"": false, ""OSM::connector_types_normalized"": ""CCS;CHAdeMO"", ""OSM::is_free"": false, ""OSM::power_scope"": ""station_reported_maximum""}",9,[]
356,,,"24 Sallys Corner Road, Exeter NSW 2579",Tesla,6,DC,250 kW,-34.60929234,150.2297688,Wingecarribee Shire Council,2579,Existing Fast Chargers,0,0,0,0,0,0,0,0,0,0,0,0,0,0,0,0,0,0,0,0,0,6,0,0,0,0,0,0,0,0,0,0,0,0,0,0,0,0,0,0,Southern Highlands and Shoalhaven,114,2579,accepted,coordinate_and_fuzzy_address,8.479355920507837,0.8877551020408164,266620,"Sallys Corner Rd, Exeter, New South Wales, 2579",Exeter Supercharger,Tesla (Tesla-only charging),"{""charger_capacities"": ""250 kW"", ""charging_point_count"": 6.0, ""connector_types_normalized"": ""CCS"", ""data_provider"": ""Open Charge Map"", ""is_operational"": true, ""last_verified"": ""2023-06-08T12:43:00Z"", ""number_of_plugs"": null, ""operator"": ""Tesla (Tesla-only charging)"", ""plug_types"": ""CCS (Type 2)"", ""power_kw_max"": 250.0, ""power_kw_min"": 250.0, ""power_kw_values"": [250.0], ""power_scope"": ""dc_indicated_connection_ratings"", ""status"": ""Operational"", ""usage_cost"": ""$0.66/kWh""}",True,2,2,467.6472186567359,,address evidence is street-level only,False,review,coordinate_only,482.7633807765802,0.0,https://www.openstreetmap.org/node/9765677232,,,Evie Networks,"{""access_condition"": ""Free Access"", ""allows_card_payment"": false, ""allows_reservation"": false, ""charging_point_count"": 6, ""charging_point_count_raw"": 6, ""connector_types_normalized"": ""CCS"", ""data_provider"": ""OpenStreetMap"", ""is_free"": false, ""network"": """", ""number_of_plugs"": null, ""opening_hours"": """", ""power_kw_max"": null, ""power_kw_min"": null, ""power_scope"": ""station_reported_maximum"", ""pricing_info"": """"}",True,1,1,,candidate does not pass the automatic identity gate,,False,unmatched,unmatched,,,,,,,{},,0,0,,,,False,accepted,accepted,OCM,OCM:266620,OSM,OSM: candidate does not pass the automatic identity gate,OCM: address evidence is street-level only,yes,,"{""OCM::charger_capacities"": ""250 kW"", ""OCM::charging_point_count"": 6.0, ""OCM::connector_types_normalized"": ""CCS"", ""OCM::data_provider"": ""Open Charge Map"", ""OCM::is_operational"": true, ""OCM::last_verified"": ""2023-06-08T12:43:00Z"", ""OCM::operator"": ""Tesla (Tesla-only charging)"", ""OCM::plug_types"": ""CCS (Type 2)"", ""OCM::power_kw_max"": 250.0, ""OCM::power_kw_min"": 250.0, ""OCM::power_kw_values"": [250.0], ""OCM::power_scope"": ""dc_indicated_connection_ratings"", ""OCM::status"": ""Operational"", ""OCM::usage_cost"": ""$0.66/kWh""}","{""OCM::connector_types_normalized"": ""CCS"", ""OCM::is_operational"": true, ""OCM::operator"": ""Tesla (Tesla-only charging)"", ""OCM::plug_types"": ""CCS (Type 2)"", ""OCM::power_kw_max"": 250.0, ""OCM::power_kw_min"": 250.0, ""OCM::power_scope"": ""dc_indicated_connection_ratings"", ""OCM::status"": ""Operational"", ""OCM::usage_cost"": ""$0.66/kWh""}",5,[]
357,,,"240 Hillsborough Road, Warners Bay NSW 2282",Evie Networks,4,DC,150 kW,-32.96354505,151.6617414,Lake Macquarie City Council,2282,ARENA - Driving the Nation,0,0,0,0,0,0,0,4,0,0,0,0,0,0,0,0,0,0,0,0,0,0,0,0,0,0,0,0,0,0,0,0,0,0,0,0,0,0,0,0,Newcastle and Lake Macquarie,111,2282,unmatched,unmatched,,,,,,,{},,0,0,,,,False,unmatched,unmatched,,,,,,,{},,0,0,,,,False,unmatched,unmatched,,,,,,,{},,0,0,,,,False,unmatched,unmatched,,,,,,no,,{},{},0,[]
359,,,"241 Waterworth Drive, Mount Annan NSW 2567",Viva Energy Australia,4,DC,175 kW,-34.049425,150.7603383,Camden Council,2567,Fast Charging R2,0,0,0,0,0,0,0,0,0,0,4,0,0,0,0,0,0,0,0,0,0,0,0,0,0,0,0,0,0,0,0,0,0,0,0,0,0,0,0,0,Sydney - Outer South West,123,2567,unmatched,unmatched,,,,,,,{},,0,0,,,,False,accepted,coordinate_only,42.56173478881911,0.0,https://www.openstreetmap.org/node/12686156645,,,Shell Recharge Solutions,"{""access_condition"": ""Free Access"", ""allows_card_payment"": false, ""allows_reservation"": false, ""charging_point_count"": null, ""charging_point_count_raw"": null, ""connector_types_normalized"": ""CCS"", ""data_provider"": ""OpenStreetMap"", ""is_free"": false, ""network"": """", ""number_of_plugs"": null, ""opening_hours"": """", ""power_kw_max"": null, ""power_kw_min"": null, ""power_scope"": ""station_reported_maximum"", ""pricing_info"": """"}",True,1,1,,,,False,review,coordinate_only,94.89918508640888,0.37851851851851853,15d06bf5-6b4a-425d-9312-bae4b17cc22b-2087,"11 - 13 Main St, Mount Annan, NSW 2567",Mount Annan Marketplace,,"{""connector_types_normalized"": ""CCS"", ""data_provider"": ""Charge@Large"", ""dc_port_count"": 4, ""number_of_plugs"": null, ""power_kw_max"": 120.0, ""power_kw_min"": 120.0, ""power_kw_values"": [120.0], ""power_scope"": ""dc_indicated_ports"", ""site_power_range_raw"": ""120"", ""status_counts"": {""Available"": 2, ""Charging"": 2}, ""status_observed_at"": null, ""total_port_count"": 4}",True,1,1,,house numbers conflict; address evidence is inconsistent; candidate does not pass the automatic identity gate,,False,accepted,accepted,OSM,OSM:https://www.openstreetmap.org/node/12686156645,Charge@Large,Charge@Large: house numbers conflict; address evidence is inconsistent; candidate does not pass the automatic identity gate,OSM:https://www.openstreetmap.org/node/12686156645 is linked to multiple TfNSW rows,yes,,"{""OSM::access_condition"": ""Free Access"", ""OSM::allows_card_payment"": false, ""OSM::allows_reservation"": false, ""OSM::connector_types_normalized"": ""CCS"", ""OSM::data_provider"": ""OpenStreetMap"", ""OSM::is_free"": false, ""OSM::power_scope"": ""station_reported_maximum""}","{""OSM::access_condition"": ""Free Access"", ""OSM::allows_card_payment"": false, ""OSM::allows_reservation"": false, ""OSM::connector_types_normalized"": ""CCS"", ""OSM::is_free"": false, ""OSM::power_scope"": ""station_reported_maximum""}",5,"[{""binding"": ""source_address_only; external identity not verified"", ""conclusion"": """", ""file"": ""data/reference/web_review/task3_104_non_ocm_web_verified.csv"", ""page_opened"": false, ""reported_confidence"": ""medium"", ""url"": ""https://www.chargeroute.au/chargers/nsw/viva-energy-australia-mount-annan-mount-annan""}]"
363,,,"24-42 King Georges Road, Sydney NSW 2195",BP,2,DC,75 kW,-33.91960065,151.0668519,Canterbury Bankstown Council,2195,Existing Fast Chargers,0,0,0,0,0,0,0,0,0,0,0,0,0,0,0,0,0,0,0,0,0,0,0,0,0,0,0,0,0,0,0,0,0,0,0,2,0,0,0,0,Sydney - Inner South West,119,2195,accepted,coordinate_and_fuzzy_address,27.385238517353578,0.9600000000000001,273436,"24-42 King Georges Road, Wiley Park, New South Wales, 2195",Wiley Park [bp pulse],BP Pulse (AU),"{""charger_capacities"": ""75 kW"", ""charging_point_count"": 1.0, ""connector_types_normalized"": ""CCS;CHAdeMO"", ""data_provider"": ""Open Charge Map"", ""is_operational"": true, ""last_verified"": ""2023-08-09T12:50:00Z"", ""number_of_plugs"": null, ""operator"": ""BP Pulse (AU)"", ""plug_types"": ""CCS (Type 2); CHAdeMO"", ""power_kw_max"": 75.0, ""power_kw_min"": 75.0, ""power_kw_values"": [75.0], ""power_scope"": ""dc_indicated_connection_ratings"", ""status"": ""Operational"", ""usage_cost"": ""55c/kWh""}",True,1,1,,,,False,accepted,coordinate_only,10.092121205068784,0.0,https://www.openstreetmap.org/node/10218282678,,,bp pulse,"{""access_condition"": ""Free Access"", ""allows_card_payment"": false, ""allows_reservation"": false, ""charging_point_count"": null, ""charging_point_count_raw"": null, ""connector_types_normalized"": ""CCS;CHAdeMO"", ""data_provider"": ""OpenStreetMap"", ""is_free"": false, ""network"": ""bp pulse"", ""number_of_plugs"": null, ""opening_hours"": """", ""power_kw_max"": null, ""power_kw_min"": null, ""power_scope"": ""station_reported_maximum"", ""pricing_info"": """"}",True,1,1,,,,False,unmatched,unmatched,,,,,,,{},,0,0,,,,False,accepted,accepted,OCM;OSM,OCM:273436;OSM:https://www.openstreetmap.org/node/10218282678,,,,no,,"{""OCM::charger_capacities"": ""75 kW"", ""OCM::charging_point_count"": 1.0, ""OCM::connector_types_normalized"": ""CCS;CHAdeMO"", ""OCM::data_provider"": ""Open Charge Map"", ""OCM::is_operational"": true, ""OCM::last_verified"": ""2023-08-09T12:50:00Z"", ""OCM::operator"": ""BP Pulse (AU)"", ""OCM::plug_types"": ""CCS (Type 2); CHAdeMO"", ""OCM::power_kw_max"": 75.0, ""OCM::power_kw_min"": 75.0, ""OCM::power_kw_values"": [75.0], ""OCM::power_scope"": ""dc_indicated_connection_ratings"", ""OCM::status"": ""Operational"", ""OCM::usage_cost"": ""55c/kWh"", ""OSM::access_condition"": ""Free Access"", ""OSM::allows_card_payment"": false, ""OSM::allows_reservation"": false, ""OSM::connector_types_normalized"": ""CCS;CHAdeMO"", ""OSM::data_provider"": ""OpenStreetMap"", ""OSM::is_free"": false, ""OSM::network"": ""bp pulse"", ""OSM::power_scope"": ""station_reported_maximum""}","{""OCM::connector_types_normalized"": ""CCS;CHAdeMO"", ""OCM::is_operational"": true, ""OCM::operator"": ""BP Pulse (AU)"", ""OCM::plug_types"": ""CCS (Type 2); CHAdeMO"", ""OCM::power_kw_max"": 75.0, ""OCM::power_kw_min"": 75.0, ""OCM::power_scope"": ""dc_indicated_connection_ratings"", ""OCM::status"": ""Operational"", ""OCM::usage_cost"": ""55c/kWh"", ""OSM::access_condition"": ""Free Access"", ""OSM::allows_card_payment"": false, ""OSM::allows_reservation"": false, ""OSM::connector_types_normalized"": ""CCS;CHAdeMO"", ""OSM::is_free"": false, ""OSM::network"": ""bp pulse"", ""OSM::power_scope"": ""station_reported_maximum""}",10,[]
365,,,"247 Belmore Road, Riverwood NSW 2210",Evie Networks,4,DC,75 kW,-33.952562,151.05103,Georges River Council,2210,ARENA - Driving the Nation,0,0,0,0,0,0,0,0,0,0,0,0,0,0,0,0,0,0,0,0,0,0,0,0,0,0,0,0,0,0,0,0,0,0,0,4,0,0,0,0,Sydney - Inner South West,119,2210,unmatched,unmatched,,,,,,,{},,0,0,,,,False,unmatched,unmatched,,,,,,,{},,0,0,,,,False,unmatched,unmatched,,,,,,,{},,0,0,,,,False,unmatched,unmatched,,,,,,no,,{},{},0,"[{""binding"": ""source_address_only; external identity not verified"", ""conclusion"": """", ""file"": ""data/reference/web_review/task3_104_non_ocm_web_verified.csv"", ""page_opened"": false, ""reported_confidence"": ""medium"", ""url"": ""https://www.plugroo.com.au/nsw/riverwood""}]"
368,,,"25 Frenchs Forest Road E, Frenchs Forest NSW 2086",Evie Networks,4,DC,150 kW,-33.75133669,151.2434692,Northern Beaches Council,2086,ARENA - Driving the Nation,0,0,0,0,0,0,0,4,0,0,0,0,0,0,0,0,0,0,0,0,0,0,0,0,0,0,0,0,0,0,0,0,0,0,0,0,0,0,0,0,Sydney - Northern Beaches,122,2086,accepted,coordinate_and_fuzzy_address,13.545803581753992,1.0,272637,"25 Frenchs Forest Rd E, Frenchs Forest, NSW, 2086",Allambie Grove Business Park,Evie,"{""charger_capacities"": ""150 kW"", ""charging_point_count"": 4.0, ""connector_types_normalized"": ""CCS"", ""data_provider"": ""Open Charge Map"", ""is_operational"": true, ""last_verified"": ""2026-09-14T05:28:00Z"", ""number_of_plugs"": null, ""operator"": ""Evie"", ""plug_types"": ""CCS (Type 2)"", ""power_kw_max"": 150.0, ""power_kw_min"": 150.0, ""power_kw_values"": [150.0], ""power_scope"": ""dc_indicated_connection_ratings"", ""status"": ""Operational"", ""usage_cost"": """"}",True,1,1,,,,False,unmatched,unmatched,,,,,,,{},,0,0,,,,False,unmatched,unmatched,,,,,,,{},,0,0,,,,False,accepted,accepted,OCM,OCM:272637,,,,no,,"{""OCM::charger_capacities"": ""150 kW"", ""OCM::charging_point_count"": 4.0, ""OCM::connector_types_normalized"": ""CCS"", ""OCM::data_provider"": ""Open Charge Map"", ""OCM::is_operational"": true, ""OCM::last_verified"": ""2026-09-14T05:28:00Z"", ""OCM::operator"": ""Evie"", ""OCM::plug_types"": ""CCS (Type 2)"", ""OCM::power_kw_max"": 150.0, ""OCM::power_kw_min"": 150.0, ""OCM::power_kw_values"": [150.0], ""OCM::power_scope"": ""dc_indicated_connection_ratings"", ""OCM::status"": ""Operational""}","{""OCM::connector_types_normalized"": ""CCS"", ""OCM::is_operational"": true, ""OCM::operator"": ""Evie"", ""OCM::plug_types"": ""CCS (Type 2)"", ""OCM::power_kw_max"": 150.0, ""OCM::power_kw_min"": 150.0, ""OCM::power_scope"": ""dc_indicated_connection_ratings"", ""OCM::status"": ""Operational""}",4,[]
369,,,"250 Comur Street, Yass NSW 2582",Chargefox,4,DC,47 kW,-34.84551056,148.9151892,Yass Valley Council,2582,Existing Fast Chargers,0,0,0,0,0,0,0,0,0,0,0,0,0,0,0,0,0,0,0,0,0,0,0,0,0,0,0,0,0,0,4,0,0,0,0,0,0,0,0,0,Capital Region,101,2582,accepted,coordinate_only,43.75293557224445,0.7233333333333334,307990,"Comur Street, Yass, NSW",Woolworths Yass,Chargefox,"{""charger_capacities"": ""50 kW"", ""charging_point_count"": 4.0, ""connector_types_normalized"": ""CCS"", ""data_provider"": ""Open Charge Map"", ""is_operational"": true, ""last_verified"": ""2025-01-23T07:44:00Z"", ""number_of_plugs"": null, ""operator"": ""Chargefox"", ""plug_types"": ""CCS (Type 2)"", ""power_kw_max"": 50.0, ""power_kw_min"": 50.0, ""power_kw_values"": [50.0], ""power_scope"": ""dc_indicated_connection_ratings"", ""status"": ""Operational"", ""usage_cost"": """"}",True,2,2,170.41892289189644,,address evidence is inconsistent,False,accepted,coordinate_only,29.65614556729699,0.0,https://www.openstreetmap.org/node/12441111761,,,Chargefox,"{""access_condition"": ""Free Access"", ""allows_card_payment"": false, ""allows_reservation"": false, ""charging_point_count"": null, ""charging_point_count_raw"": null, ""connector_types_normalized"": ""CCS"", ""data_provider"": ""OpenStreetMap"", ""is_free"": false, ""network"": """", ""number_of_plugs"": null, ""opening_hours"": """", ""power_kw_max"": null, ""power_kw_min"": null, ""power_scope"": ""station_reported_maximum"", ""pricing_info"": """"}",True,3,3,164.2795753228125,,,False,unmatched,unmatched,,,,,,,{},,0,0,,,,False,accepted,accepted,OCM;OSM,OCM:307990;OSM:https://www.openstreetmap.org/node/12441111761,,,OCM: address evidence is inconsistent,yes,,"{""OCM::charger_capacities"": ""50 kW"", ""OCM::charging_point_count"": 4.0, ""OCM::connector_types_normalized"": ""CCS"", ""OCM::data_provider"": ""Open Charge Map"", ""OCM::is_operational"": true, ""OCM::last_verified"": ""2025-01-23T07:44:00Z"", ""OCM::operator"": ""Chargefox"", ""OCM::plug_types"": ""CCS (Type 2)"", ""OCM::power_kw_max"": 50.0, ""OCM::power_kw_min"": 50.0, ""OCM::power_kw_values"": [50.0], ""OCM::power_scope"": ""dc_indicated_connection_ratings"", ""OCM::status"": ""Operational"", ""OSM::access_condition"": ""Free Access"", ""OSM::allows_card_payment"": false, ""OSM::allows_reservation"": false, ""OSM::connector_types_normalized"": ""CCS"", ""OSM::data_provider"": ""OpenStreetMap"", ""OSM::is_free"": false, ""OSM::power_scope"": ""station_reported_maximum""}","{""OCM::connector_types_normalized"": ""CCS"", ""OCM::is_operational"": true, ""OCM::operator"": ""Chargefox"", ""OCM::plug_types"": ""CCS (Type 2)"", ""OCM::power_kw_max"": 50.0, ""OCM::power_kw_min"": 50.0, ""OCM::power_scope"": ""dc_indicated_connection_ratings"", ""OCM::status"": ""Operational"", ""OSM::access_condition"": ""Free Access"", ""OSM::allows_card_payment"": false, ""OSM::allows_reservation"": false, ""OSM::connector_types_normalized"": ""CCS"", ""OSM::is_free"": false, ""OSM::power_scope"": ""station_reported_maximum""}",8,"[{""binding"": ""same source address and OCM ID; search evidence only"", ""conclusion"": ""web_evidence_found_not_identity_proof"", ""file"": ""data/reference/web_review/task3_ocm_125_web_confidence.csv"", ""page_opened"": false, ""reported_confidence"": ""medium"", ""url"": ""https://www.plugroo.com.au/nsw/binalong""}]"
373,,,"253 Pacific Highway, Coffs Harbour NSW 2450",Tesla,12,DC,130 kW,-30.28143948,153.1316667,Coffs Harbour City Council,2450,Existing Fast Chargers,0,0,0,0,12,0,0,0,0,0,0,0,0,0,0,0,0,0,0,0,0,0,0,0,0,0,0,0,0,0,0,0,0,0,0,0,0,0,0,0,Coffs Harbour - Grafton,104,2450,accepted,coordinate_and_fuzzy_address,0.08582992989996369,1.0,97619,"253 Pacific Highway, Coffs Harbour, 2450",Coffs Harbour Supercharger [Tesla],Tesla (Tesla-only charging),"{""charger_capacities"": ""120 kW"", ""charging_point_count"": 6.0, ""connector_types_normalized"": ""CCS"", ""data_provider"": ""Open Charge Map"", ""is_operational"": true, ""last_verified"": ""2021-12-19T01:50:00Z"", ""number_of_plugs"": null, ""operator"": ""Tesla (Tesla-only charging)"", ""plug_types"": ""CCS (Type 2)"", ""power_kw_max"": 120.0, ""power_kw_min"": 120.0, ""power_kw_values"": [120.0], ""power_scope"": ""dc_indicated_connection_ratings"", ""status"": ""Operational"", ""usage_cost"": ""$0.52/kWh""}",True,1,1,,,,False,accepted,coordinate_only,7.15622657353336,0.0,https://www.openstreetmap.org/node/5004854821,,Tesla Supercharger,Tesla,"{""access_condition"": ""Free Access"", ""allows_card_payment"": false, ""allows_reservation"": false, ""charging_point_count"": 6, ""charging_point_count_raw"": 6, ""connector_types_normalized"": ""CCS"", ""data_provider"": ""OpenStreetMap"", ""is_free"": false, ""network"": ""Supercharger"", ""number_of_plugs"": null, ""opening_hours"": ""24/7"", ""power_kw_max"": null, ""power_kw_min"": null, ""power_scope"": ""station_reported_maximum"", ""pricing_info"": """"}",True,1,1,,,,False,unmatched,unmatched,,,,,,,{},,0,0,,,,False,accepted,accepted,OCM;OSM,OCM:97619;OSM:https://www.openstreetmap.org/node/5004854821,,,,no,,"{""OCM::charger_capacities"": ""120 kW"", ""OCM::charging_point_count"": 6.0, ""OCM::connector_types_normalized"": ""CCS"", ""OCM::data_provider"": ""Open Charge Map"", ""OCM::is_operational"": true, ""OCM::last_verified"": ""2021-12-19T01:50:00Z"", ""OCM::operator"": ""Tesla (Tesla-only charging)"", ""OCM::plug_types"": ""CCS (Type 2)"", ""OCM::power_kw_max"": 120.0, ""OCM::power_kw_min"": 120.0, ""OCM::power_kw_values"": [120.0], ""OCM::power_scope"": ""dc_indicated_connection_ratings"", ""OCM::status"": ""Operational"", ""OCM::usage_cost"": ""$0.52/kWh"", ""OSM::access_condition"": ""Free Access"", ""OSM::allows_card_payment"": false, ""OSM::allows_reservation"": false, ""OSM::charging_point_count"": 6, ""OSM::charging_point_count_raw"": 6, ""OSM::connector_types_normalized"": ""CCS"", ""OSM::data_provider"": ""OpenStreetMap"", ""OSM::is_free"": false, ""OSM::network"": ""Supercharger"", ""OSM::opening_hours"": ""24/7"", ""OSM::power_scope"": ""station_reported_maximum""}","{""OCM::connector_types_normalized"": ""CCS"", ""OCM::is_operational"": true, ""OCM::operator"": ""Tesla (Tesla-only charging)"", ""OCM::plug_types"": ""CCS (Type 2)"", ""OCM::power_kw_max"": 120.0, ""OCM::power_kw_min"": 120.0, ""OCM::power_scope"": ""dc_indicated_connection_ratings"", ""OCM::status"": ""Operational"", ""OCM::usage_cost"": ""$0.52/kWh"", ""OSM::access_condition"": ""Free Access"", ""OSM::allows_card_payment"": false, ""OSM::allows_reservation"": false, ""OSM::connector_types_normalized"": ""CCS"", ""OSM::is_free"": false, ""OSM::network"": ""Supercharger"", ""OSM::opening_hours"": ""24/7"", ""OSM::power_scope"": ""station_reported_maximum""}",11,[]
374,,,"25-47 Ocean Street, Sydney NSW 2101",JOLT,2,DC,25 kW,-33.71943448,151.2986617,Northern Beaches Council,2101,Existing Fast Chargers,0,0,0,0,0,0,0,0,0,0,0,0,0,0,0,0,0,0,0,0,0,0,2,0,0,0,0,0,0,0,0,0,0,0,0,0,0,0,0,0,Sydney - Northern Beaches,122,2101,unmatched,unmatched,,,,,,,{},,0,0,,,,False,unmatched,unmatched,,,,,,,{},,0,0,,,,False,unmatched,unmatched,,,,,,,{},,0,0,,,,False,unmatched,unmatched,,,,,,no,,{},{},0,[]
376,,,"26 Aspect Drive, Coffs Harbour NSW 2450",Tesla,4,DC,60 kW,-30.27522227,153.1319389,Coffs Harbour City Council,2450,Existing Fast Chargers,0,0,0,0,0,0,0,0,0,0,0,0,0,0,0,0,0,0,0,0,0,0,0,0,0,0,0,0,0,0,0,0,0,4,0,0,0,0,0,0,Coffs Harbour - Grafton,104,2450,review,coordinate_only,136.24668971129958,0.4459090909090909,474459,"351 Pacific Highway, Coffs Harbour, New South Wales, 2450",Big Banana Tesla Supercharger,(Unknown Operator),"{""charger_capacities"": ""300 kW"", ""charging_point_count"": 16.0, ""connector_types_normalized"": ""CCS"", ""data_provider"": ""Open Charge Map"", ""is_operational"": true, ""last_verified"": ""2026-09-12T22:44:00Z"", ""number_of_plugs"": null, ""operator"": ""(Unknown Operator)"", ""plug_types"": ""CCS (Type 2)"", ""power_kw_max"": 300.0, ""power_kw_min"": 300.0, ""power_kw_values"": [300.0], ""power_scope"": ""dc_indicated_connection_ratings"", ""status"": ""Operational"", ""usage_cost"": """"}",True,1,1,,house numbers conflict; address evidence is inconsistent; candidate does not pass the automatic identity gate,,False,review,coordinate_only,156.41350838917677,0.0,https://www.openstreetmap.org/way/1459249999,,Tesla Supercharger,Tesla,"{""access_condition"": ""Free Access"", ""allows_card_payment"": false, ""allows_reservation"": false, ""charging_point_count"": 16, ""charging_point_count_raw"": 16, ""connector_types_normalized"": ""CCS"", ""data_provider"": ""OpenStreetMap"", ""is_free"": false, ""network"": ""Supercharger"", ""number_of_plugs"": null, ""opening_hours"": ""24/7"", ""power_kw_max"": null, ""power_kw_min"": null, ""power_scope"": ""station_reported_maximum"", ""pricing_info"": """"}",True,1,1,,candidate does not pass the automatic identity gate,,False,unmatched,unmatched,,,,,,,{},,0,0,,,,False,review,review,,,OCM;OSM,OCM: house numbers conflict; address evidence is inconsistent; candidate does not pass the automatic identity gate; OSM: candidate does not pass the automatic identity gate,,no,,{},{},0,"[{""binding"": ""same source address and OCM ID; search evidence only"", ""conclusion"": ""web_evidence_found_not_identity_proof"", ""file"": ""data/reference/web_review/task3_ocm_125_web_confidence.csv"", ""page_opened"": true, ""reported_confidence"": ""low"", ""url"": ""https://www.realestate.com.au/nsw/coffs-harbour-2450/aspect-dr/""}]"
377,,,"26 Bent Street, Sydney NSW 2137",Evie Networks,2,DC,75 kW,-33.85437842,151.103997,"Canada Bay Council, City of",2137,Existing Fast Chargers,0,0,0,0,0,0,0,0,0,0,0,0,0,0,0,0,0,0,0,0,0,0,0,0,0,0,0,0,0,0,0,0,0,0,0,2,0,0,0,0,Sydney - Inner West,120,2137,unmatched,unmatched,,,,,,,{},,0,0,,,,False,accepted,coordinate_only,7.462212816046277,0.0,https://www.openstreetmap.org/node/13168689959,,,Evie Networks,"{""access_condition"": ""Free Access"", ""allows_card_payment"": false, ""allows_reservation"": false, ""charging_point_count"": 2, ""charging_point_count_raw"": 2, ""connector_types_normalized"": ""CCS"", ""data_provider"": ""OpenStreetMap"", ""is_free"": false, ""network"": """", ""number_of_plugs"": null, ""opening_hours"": """", ""power_kw_max"": null, ""power_kw_min"": null, ""power_scope"": ""station_reported_maximum"", ""pricing_info"": """"}",True,1,1,,,,False,unmatched,unmatched,,,,,,,{},,0,0,,,,False,accepted,accepted,OSM,OSM:https://www.openstreetmap.org/node/13168689959,,,,no,,"{""OSM::access_condition"": ""Free Access"", ""OSM::allows_card_payment"": false, ""OSM::allows_reservation"": false, ""OSM::charging_point_count"": 2, ""OSM::charging_point_count_raw"": 2, ""OSM::connector_types_normalized"": ""CCS"", ""OSM::data_provider"": ""OpenStreetMap"", ""OSM::is_free"": false, ""OSM::power_scope"": ""station_reported_maximum""}","{""OSM::access_condition"": ""Free Access"", ""OSM::allows_card_payment"": false, ""OSM::allows_reservation"": false, ""OSM::connector_types_normalized"": ""CCS"", ""OSM::is_free"": false, ""OSM::power_scope"": ""station_reported_maximum""}",5,"[{""binding"": ""source_address_only; external identity not verified"", ""conclusion"": """", ""file"": ""data/reference/web_review/task3_104_non_ocm_web_verified.csv"", ""page_opened"": true, ""reported_confidence"": ""high"", ""url"": ""https://ev-charging-stations.com.au/chargers/evie-26-bent-street-sydney-nsw-2137""}]"
378,,,"26 Neilly Street, Walgett NSW 2832",NRMA Electric,2,DC,75 kW,-28.8659158,153.0485564,Walgett Shire Council,2832,TfNSW Regional,0,0,0,0,0,0,0,0,0,0,0,0,0,0,0,0,0,0,0,0,0,0,0,0,0,0,0,0,0,0,0,0,0,0,0,2,0,0,0,0,Richmond - Tweed,112,2337,review,coordinate_only,29.415466331250112,0.2977777777777778,260392,"Little Walker Street, New South Wales, 2470",Little Walker Street,NRMA,"{""charger_capacities"": ""50 kW"", ""charging_point_count"": 2.0, ""connector_types_normalized"": ""CCS;CHAdeMO"", ""data_provider"": ""Open Charge Map"", ""is_operational"": true, ""last_verified"": ""2023-04-23T10:48:00Z"", ""number_of_plugs"": null, ""operator"": ""NRMA"", ""plug_types"": ""CCS (Type 2); CHAdeMO"", ""power_kw_max"": 50.0, ""power_kw_min"": 50.0, ""power_kw_values"": [50.0], ""power_scope"": ""dc_indicated_connection_ratings"", ""status"": ""Operational"", ""usage_cost"": """"}",True,2,1,,source address and original postcode conflict; external postcode conflicts with source; address evidence is inconsistent; candidate does not pass the automatic identity gate,,True,unmatched,unmatched,,,,,,,{},,0,0,,,,True,unmatched,unmatched,,,,,,,{},,0,0,,,,True,review,review,,,OCM,OCM: source address and original postcode conflict; external postcode conflicts with source; address evidence is inconsistent; candidate does not pass the automatic identity gate,,no,,{},{},0,"[{""binding"": ""same source address and OCM ID; search evidence only"", ""conclusion"": ""web_evidence_found_not_identity_proof"", ""file"": ""data/reference/web_review/task3_ocm_125_web_confidence.csv"", ""page_opened"": false, ""reported_confidence"": ""low"", ""url"": ""https://www.property.com.au/nsw/walgett-2832/neilly-st/26-pid-1206728/""}]"
382,,,"260 Jersey Road, Plumpton NSW 2761",Evie Networks,4,DC,75 kW,-33.7459827,150.8357299,Blacktown City Council,2761,ARENA - Driving the Nation,0,0,0,0,0,0,0,0,0,0,0,0,0,0,0,0,0,0,0,0,0,0,0,0,0,0,0,0,0,0,0,0,0,0,0,4,0,0,0,0,Sydney - Blacktown,116,2761,unmatched,unmatched,,,,,,,{},,0,0,,,,False,unmatched,unmatched,,,,,,,{},,0,0,,,,False,unmatched,unmatched,,,,,,,{},,0,0,,,,False,unmatched,unmatched,,,,,,no,,{},{},0,[]
383,,,"260A Liverpool Road, Ashfield NSW 2131",Evie Networks,4,DC,50 kW,-33.889564,151.123599,Inner West Council,2131,ARENA - Driving the Nation,0,0,0,0,0,0,0,0,0,0,0,0,0,0,0,0,0,0,0,0,0,0,0,0,0,0,0,0,0,0,0,4,0,0,0,0,0,0,0,0,Sydney - Inner West,120,2131,accepted,coordinate_and_fuzzy_address,0.04310209206474149,1.0,272641,"260A Liverpool Rd, Ashfield, New South Wales, 2131",Ashfield Mall,Evie,"{""charger_capacities"": ""50 kW"", ""charging_point_count"": 2.0, ""connector_types_normalized"": ""CCS;CHAdeMO"", ""data_provider"": ""Open Charge Map"", ""is_operational"": true, ""last_verified"": ""2023-07-15T13:50:00Z"", ""number_of_plugs"": null, ""operator"": ""Evie"", ""plug_types"": ""CCS (Type 2); CHAdeMO"", ""power_kw_max"": 50.0, ""power_kw_min"": 50.0, ""power_kw_values"": [50.0], ""power_scope"": ""dc_indicated_connection_ratings"", ""status"": ""Operational"", ""usage_cost"": """"}",True,1,1,,,,False,accepted,coordinate_only,20.604169466840094,0.0,https://www.openstreetmap.org/node/13382573701,,,Evie Networks,"{""access_condition"": ""Free Access"", ""allows_card_payment"": false, ""allows_reservation"": false, ""charging_point_count"": null, ""charging_point_count_raw"": null, ""connector_types_normalized"": ""CCS;CHAdeMO"", ""data_provider"": ""OpenStreetMap"", ""is_free"": false, ""network"": """", ""number_of_plugs"": null, ""opening_hours"": ""Mo-Su 09:00-23:00"", ""power_kw_max"": null, ""power_kw_min"": null, ""power_scope"": ""station_reported_maximum"", ""pricing_info"": """"}",True,1,1,,,,False,unmatched,unmatched,,,,,,,{},,0,0,,,,False,accepted,accepted,OCM;OSM,OCM:272641;OSM:https://www.openstreetmap.org/node/13382573701,,,,no,,"{""OCM::charger_capacities"": ""50 kW"", ""OCM::charging_point_count"": 2.0, ""OCM::connector_types_normalized"": ""CCS;CHAdeMO"", ""OCM::data_provider"": ""Open Charge Map"", ""OCM::is_operational"": true, ""OCM::last_verified"": ""2023-07-15T13:50:00Z"", ""OCM::operator"": ""Evie"", ""OCM::plug_types"": ""CCS (Type 2); CHAdeMO"", ""OCM::power_kw_max"": 50.0, ""OCM::power_kw_min"": 50.0, ""OCM::power_kw_values"": [50.0], ""OCM::power_scope"": ""dc_indicated_connection_ratings"", ""OCM::status"": ""Operational"", ""OSM::access_condition"": ""Free Access"", ""OSM::allows_card_payment"": false, ""OSM::allows_reservation"": false, ""OSM::connector_types_normalized"": ""CCS;CHAdeMO"", ""OSM::data_provider"": ""OpenStreetMap"", ""OSM::is_free"": false, ""OSM::opening_hours"": ""Mo-Su 09:00-23:00"", ""OSM::power_scope"": ""station_reported_maximum""}","{""OCM::connector_types_normalized"": ""CCS;CHAdeMO"", ""OCM::is_operational"": true, ""OCM::operator"": ""Evie"", ""OCM::plug_types"": ""CCS (Type 2); CHAdeMO"", ""OCM::power_kw_max"": 50.0, ""OCM::power_kw_min"": 50.0, ""OCM::power_scope"": ""dc_indicated_connection_ratings"", ""OCM::status"": ""Operational"", ""OSM::access_condition"": ""Free Access"", ""OSM::allows_card_payment"": false, ""OSM::allows_reservation"": false, ""OSM::connector_types_normalized"": ""CCS;CHAdeMO"", ""OSM::is_free"": false, ""OSM::opening_hours"": ""Mo-Su 09:00-23:00"", ""OSM::power_scope"": ""station_reported_maximum""}",9,[]
391,,,"27-33 Oaks Avenue, Dee Why NSW 2099",Evie Networks,4,DC,150 kW,-33.75442135,151.2873331,Northern Beaches Council,2099,ARENA - Driving the Nation,0,0,0,0,0,0,0,4,0,0,0,0,0,0,0,0,0,0,0,0,0,0,0,0,0,0,0,0,0,0,0,0,0,0,0,0,0,0,0,0,Sydney - Northern Beaches,122,2099,unmatched,unmatched,,,,,,,{},,0,0,,,,False,review,coordinate_only,82.75841320769793,0.0,https://www.openstreetmap.org/node/9491233549,,,Jolt,"{""access_condition"": ""Free Access"", ""allows_card_payment"": false, ""allows_reservation"": false, ""charging_point_count"": 1, ""charging_point_count_raw"": 1, ""connector_types_normalized"": ""CHAdeMO"", ""data_provider"": ""OpenStreetMap"", ""is_free"": false, ""network"": ""JOLT"", ""number_of_plugs"": null, ""opening_hours"": ""24/7"", ""power_kw_max"": null, ""power_kw_min"": null, ""power_scope"": ""station_reported_maximum"", ""pricing_info"": """"}",True,1,1,,external ID https://www.openstreetmap.org/node/9491233549 is shared by distinct source sites,,False,unmatched,unmatched,,,,,,,{},,0,0,,,,False,review,review,,,OSM,OSM: external ID https://www.openstreetmap.org/node/9491233549 is shared by distinct source sites,,no,,{},{},0,[]
393,,,"28 Auburn Street, Moree NSW 2400",NRMA Electric,2,DC,50 kW,-35.3548636,145.725081,Moree Plains Shire Council,2400,TfNSW Regional,0,0,0,0,0,0,0,0,0,0,0,0,0,0,0,0,0,0,0,0,0,0,0,0,0,0,0,0,0,0,0,2,0,0,0,0,0,0,0,0,Murray,109,2716,review,coordinate_only,41.576127894040205,0.25701754385964914,190915,"Powell Street, Jerilderie, New South Wales, 2716",NRMA Jerilderie,NRMA,"{""charger_capacities"": ""50 kW"", ""charging_point_count"": 1.0, ""connector_types_normalized"": ""CCS;CHAdeMO"", ""data_provider"": ""Open Charge Map"", ""is_operational"": true, ""last_verified"": ""2022-01-04T11:52:00Z"", ""number_of_plugs"": null, ""operator"": ""NRMA"", ""plug_types"": ""CCS (Type 2); CHAdeMO"", ""power_kw_max"": 50.0, ""power_kw_min"": 50.0, ""power_kw_values"": [50.0], ""power_scope"": ""dc_indicated_connection_ratings"", ""status"": ""Operational"", ""usage_cost"": ""FREE""}",True,1,1,,source address and original postcode conflict; external postcode conflicts with source; address evidence is inconsistent; candidate does not pass the automatic identity gate,,True,review,coordinate_only,124.85995228127848,0.0,https://www.openstreetmap.org/node/8317195266,,,NRMA,"{""access_condition"": ""Free Access"", ""allows_card_payment"": false, ""allows_reservation"": false, ""charging_point_count"": 6, ""charging_point_count_raw"": 6, ""connector_types_normalized"": ""CCS"", ""data_provider"": ""OpenStreetMap"", ""is_free"": false, ""network"": """", ""number_of_plugs"": null, ""opening_hours"": """", ""power_kw_max"": null, ""power_kw_min"": null, ""power_scope"": ""station_reported_maximum"", ""pricing_info"": """"}",True,1,1,,source address and original postcode conflict; candidate does not pass the automatic identity gate,,True,unmatched,unmatched,,,,,,,{},,0,0,,,,True,review,review,,,OCM;OSM,OCM: source address and original postcode conflict; external postcode conflicts with source; address evidence is inconsistent; candidate does not pass the automatic identity gate; OSM: source address and original postcode conflict; candidate does not pass the automatic identity gate,,no,,{},{},0,"[{""binding"": ""same source address and OCM ID; search evidence only"", ""conclusion"": ""web_evidence_found_not_identity_proof"", ""file"": ""data/reference/web_review/task3_ocm_125_web_confidence.csv"", ""page_opened"": false, ""reported_confidence"": ""medium"", ""url"": ""https://www.plugroo.com.au/nsw/walgett""}]"
395,,,"28 Lawson Street, Byron Bay NSW 2481",EVUp,2,DC,100 kW,-28.64327432,153.6158749,Byron Shire Council,2481,Existing Fast Chargers,2,0,0,0,0,0,0,0,0,0,0,0,0,0,0,0,0,0,0,0,0,0,0,0,0,0,0,0,0,0,0,0,0,0,0,0,0,0,0,0,Richmond - Tweed,112,2481,accepted,coordinate_and_fuzzy_address,18.48831395277144,0.8853658536585367,273195,"Lawson Street, Byron Bay, New South Wales, 2481",Byron Bay Library,Chargefox,"{""charger_capacities"": ""50 kW"", ""charging_point_count"": 1.0, ""connector_types_normalized"": ""CCS;CHAdeMO"", ""data_provider"": ""Open Charge Map"", ""is_operational"": true, ""last_verified"": ""2023-07-28T12:55:00Z"", ""number_of_plugs"": null, ""operator"": ""Chargefox"", ""plug_types"": ""CCS (Type 2); CHAdeMO"", ""power_kw_max"": 50.0, ""power_kw_min"": 50.0, ""power_kw_values"": [50.0], ""power_scope"": ""dc_indicated_connection_ratings"", ""status"": ""Operational"", ""usage_cost"": ""$0.40 per kWh""}",True,1,1,,,address evidence is street-level only,False,unmatched,unmatched,,,,,,,{},,0,0,,,,False,unmatched,unmatched,,,,,,,{},,0,0,,,,False,accepted,accepted,OCM,OCM:273195,,,OCM: address evidence is street-level only,yes,,"{""OCM::charger_capacities"": ""50 kW"", ""OCM::charging_point_count"": 1.0, ""OCM::connector_types_normalized"": ""CCS;CHAdeMO"", ""OCM::data_provider"": ""Open Charge Map"", ""OCM::is_operational"": true, ""OCM::last_verified"": ""2023-07-28T12:55:00Z"", ""OCM::operator"": ""Chargefox"", ""OCM::plug_types"": ""CCS (Type 2); CHAdeMO"", ""OCM::power_kw_max"": 50.0, ""OCM::power_kw_min"": 50.0, ""OCM::power_kw_values"": [50.0], ""OCM::power_scope"": ""dc_indicated_connection_ratings"", ""OCM::status"": ""Operational"", ""OCM::usage_cost"": ""$0.40 per kWh""}","{""OCM::connector_types_normalized"": ""CCS;CHAdeMO"", ""OCM::is_operational"": true, ""OCM::operator"": ""Chargefox"", ""OCM::plug_types"": ""CCS (Type 2); CHAdeMO"", ""OCM::power_kw_max"": 50.0, ""OCM::power_kw_min"": 50.0, ""OCM::power_scope"": ""dc_indicated_connection_ratings"", ""OCM::status"": ""Operational"", ""OCM::usage_cost"": ""$0.40 per kWh""}",5,[]
397,,,"2-8 Turramurra Avenue, Sydney NSW 2074",Evie Networks,4,DC,75 kW,-33.7323514,151.1307097,Ku-ring-gai Council,2074,Existing Fast Chargers,0,0,0,0,0,0,0,0,0,0,0,0,0,0,0,0,0,0,0,0,0,0,0,0,0,0,0,0,0,0,0,0,0,0,0,4,0,0,0,0,Sydney - North Sydney and Hornsby,121,2074,unmatched,unmatched,,,,,,,{},,0,0,,,,False,unmatched,unmatched,,,,,,,{},,0,0,,,,False,review,coordinate_only,313.00836090824686,0.41500000000000004,15d06bf5-6b4a-425d-9312-bae4b17cc22b-1309,"5 Ray St, Turramurra, NSW 2074",Turramurra Library,,"{""connector_types_normalized"": ""CCS"", ""data_provider"": ""Charge@Large"", ""dc_port_count"": 2, ""number_of_plugs"": null, ""power_kw_max"": 40.0, ""power_kw_min"": 40.0, ""power_kw_values"": [40.0], ""power_scope"": ""dc_indicated_ports"", ""site_power_range_raw"": ""40"", ""status_counts"": {""Available"": 1, ""Charging"": 1}, ""status_observed_at"": null, ""total_port_count"": 2}",True,1,1,,house numbers conflict; address evidence is inconsistent; candidate does not pass the automatic identity gate,,False,review,review,,,Charge@Large,Charge@Large: house numbers conflict; address evidence is inconsistent; candidate does not pass the automatic identity gate,,no,,{},{},0,"[{""binding"": ""source_address_only; external identity not verified"", ""conclusion"": """", ""file"": ""data/reference/web_review/task3_104_non_ocm_web_verified.csv"", ""page_opened"": false, ""reported_confidence"": ""low"", ""url"": ""https://www.nsw.gov.au/sites/default/files/2024-12/historic-vehicle-clubs-list_0.pdf""}]"
400,,,"2848 Pacific Highway, Tyndale NSW 2464",Evie Networks,4,DC,350 kW,-29.56122927,153.1492773,Clarence Valley Council,2464,Existing Fast Chargers,0,0,0,0,0,0,0,0,0,0,0,0,0,0,0,0,0,0,0,0,0,0,0,0,0,4,0,0,0,0,0,0,0,0,0,0,0,0,0,0,Coffs Harbour - Grafton,104,2464,review,coordinate_only,63.35565140684216,0.31166666666666665,190224,"2848 Big River Way, Tyndale, New South Wales, 2460",Tyndale Shell Roadhouse,Evie,"{""charger_capacities"": ""350 kW"", ""charging_point_count"": 2.0, ""connector_types_normalized"": ""CCS;CHAdeMO"", ""data_provider"": ""Open Charge Map"", ""is_operational"": true, ""last_verified"": ""2023-07-16T22:10:00Z"", ""number_of_plugs"": null, ""operator"": ""Evie"", ""plug_types"": ""CCS (Type 2); CHAdeMO"", ""power_kw_max"": 350.0, ""power_kw_min"": 350.0, ""power_kw_values"": [350.0], ""power_scope"": ""dc_indicated_connection_ratings"", ""status"": ""Operational"", ""usage_cost"": ""$0.60""}",True,1,1,,external postcode conflicts with source; address evidence is inconsistent; candidate does not pass the automatic identity gate,,False,accepted,coordinate_only,3.1608331685818203,0.0,https://www.openstreetmap.org/node/8994778322,,,Evie Networks,"{""access_condition"": ""Free Access"", ""allows_card_payment"": false, ""allows_reservation"": false, ""charging_point_count"": 2, ""charging_point_count_raw"": 2, ""connector_types_normalized"": ""CCS"", ""data_provider"": ""OpenStreetMap"", ""is_free"": false, ""network"": """", ""number_of_plugs"": null, ""opening_hours"": """", ""power_kw_max"": null, ""power_kw_min"": null, ""power_scope"": ""station_reported_maximum"", ""pricing_info"": """"}",True,1,1,,,,False,unmatched,unmatched,,,,,,,{},,0,0,,,,False,accepted,accepted,OSM,OSM:https://www.openstreetmap.org/node/8994778322,OCM,OCM: external postcode conflicts with source; address evidence is inconsistent; candidate does not pass the automatic identity gate,,no,,"{""OSM::access_condition"": ""Free Access"", ""OSM::allows_card_payment"": false, ""OSM::allows_reservation"": false, ""OSM::charging_point_count"": 2, ""OSM::charging_point_count_raw"": 2, ""OSM::connector_types_normalized"": ""CCS"", ""OSM::data_provider"": ""OpenStreetMap"", ""OSM::is_free"": false, ""OSM::power_scope"": ""station_reported_maximum""}","{""OSM::access_condition"": ""Free Access"", ""OSM::allows_card_payment"": false, ""OSM::allows_reservation"": false, ""OSM::connector_types_normalized"": ""CCS"", ""OSM::is_free"": false, ""OSM::power_scope"": ""station_reported_maximum""}",5,"[{""binding"": ""same source address and OCM ID; search evidence only"", ""conclusion"": ""web_evidence_found_not_identity_proof"", ""file"": ""data/reference/web_review/task3_ocm_125_web_confidence.csv"", ""page_opened"": true, ""reported_confidence"": ""high"", ""url"": ""https://ev-charging-stations.com.au/chargers/nsw/yamba""}]"
403,,,"29 Windsor Road, Sydney NSW 2155",JOLT,2,DC,25 kW,-33.71252457,150.9583413,The Hills Shire Council,2155,Existing Fast Chargers,0,0,0,0,0,0,0,0,0,0,0,0,0,0,0,0,0,0,0,0,0,0,2,0,0,0,0,0,0,0,0,0,0,0,0,0,0,0,0,0,Sydney - Baulkham Hills and Hawkesbury,115,2155,unmatched,unmatched,,,,,,,{},,0,0,,,,False,unmatched,unmatched,,,,,,,{},,0,0,,,,False,unmatched,unmatched,,,,,,,{},,0,0,,,,False,unmatched,unmatched,,,,,,no,,{},{},0,[]
406,,,"293 Belmore Road, Sydney NSW 2210",JOLT,2,DC,25 kW,-33.95077182,151.051971,Georges River Council,2210,Existing Fast Chargers,0,0,0,0,0,0,0,0,0,0,0,0,0,0,0,0,0,0,0,0,0,0,2,0,0,0,0,0,0,0,0,0,0,0,0,0,0,0,0,0,Sydney - Inner South West,119,2210,unmatched,unmatched,,,,,,,{},,0,0,,,,False,unmatched,unmatched,,,,,,,{},,0,0,,,,False,unmatched,unmatched,,,,,,,{},,0,0,,,,False,unmatched,unmatched,,,,,,no,,{},{},0,[]
407,,,"29-55 Twynam Street, Narrandera NSW 2700",NRMA Electric,4,DC,180 kW,-34.74649754,146.5500761,Narrandera Shire Council,2700,Existing Fast Chargers,0,0,0,0,0,0,0,0,0,0,0,0,4,0,0,0,0,0,0,0,0,0,0,0,0,0,0,0,0,0,0,0,0,0,0,0,0,0,0,0,Riverina,113,2700,review,coordinate_only,16.947854989305295,0.8714285714285716,126130,"31 Twynam Street, Narrandera, NSW, 2700",Narrandera Marie Bashir Park [NRMA],NRMA,"{""charger_capacities"": ""50 kW"", ""charging_point_count"": 1.0, ""connector_types_normalized"": ""CCS;CHAdeMO"", ""data_provider"": ""Open Charge Map"", ""is_operational"": true, ""last_verified"": ""2024-11-12T12:09:00Z"", ""number_of_plugs"": null, ""operator"": ""NRMA"", ""plug_types"": ""CCS (Type 2); CHAdeMO"", ""power_kw_max"": 50.0, ""power_kw_min"": 50.0, ""power_kw_values"": [50.0], ""power_scope"": ""dc_indicated_connection_ratings"", ""status"": ""Operational"", ""usage_cost"": ""$0.66/kWh""}",True,1,1,,house numbers conflict; address evidence is inconsistent; candidate does not pass the automatic identity gate,,False,accepted,coordinate_only,16.849713471581296,0.0,https://www.openstreetmap.org/node/10159370719,,,NRMA,"{""access_condition"": ""Free Access"", ""allows_card_payment"": false, ""allows_reservation"": false, ""charging_point_count"": 4, ""charging_point_count_raw"": 4, ""connector_types_normalized"": ""CCS;CHAdeMO"", ""data_provider"": ""OpenStreetMap"", ""is_free"": false, ""network"": """", ""number_of_plugs"": null, ""opening_hours"": """", ""power_kw_max"": null, ""power_kw_min"": null, ""power_scope"": ""station_reported_maximum"", ""pricing_info"": """"}",True,1,1,,,,False,unmatched,unmatched,,,,,,,{},,0,0,,,,False,accepted,accepted,OSM,OSM:https://www.openstreetmap.org/node/10159370719,OCM,OCM: house numbers conflict; address evidence is inconsistent; candidate does not pass the automatic identity gate,,no,,"{""OSM::access_condition"": ""Free Access"", ""OSM::allows_card_payment"": false, ""OSM::allows_reservation"": false, ""OSM::charging_point_count"": 4, ""OSM::charging_point_count_raw"": 4, ""OSM::connector_types_normalized"": ""CCS;CHAdeMO"", ""OSM::data_provider"": ""OpenStreetMap"", ""OSM::is_free"": false, ""OSM::power_scope"": ""station_reported_maximum""}","{""OSM::access_condition"": ""Free Access"", ""OSM::allows_card_payment"": false, ""OSM::allows_reservation"": false, ""OSM::connector_types_normalized"": ""CCS;CHAdeMO"", ""OSM::is_free"": false, ""OSM::power_scope"": ""station_reported_maximum""}",5,[]
408,,,"29-55 Twynam Street, Narrandera NSW 2700",NRMA Electric,2,DC,50 kW,-34.74651756,146.548011,Narrandera Shire Council,2700,Existing Fast Chargers,0,0,0,0,0,0,0,0,0,0,0,0,0,0,0,0,0,0,0,0,0,0,0,0,0,0,0,0,0,0,0,2,0,0,0,0,0,0,0,0,Riverina,113,2700,review,coordinate_only,203.66989536876733,0.8714285714285716,126130,"31 Twynam Street, Narrandera, NSW, 2700",Narrandera Marie Bashir Park [NRMA],NRMA,"{""charger_capacities"": ""50 kW"", ""charging_point_count"": 1.0, ""connector_types_normalized"": ""CCS;CHAdeMO"", ""data_provider"": ""Open Charge Map"", ""is_operational"": true, ""last_verified"": ""2024-11-12T12:09:00Z"", ""number_of_plugs"": null, ""operator"": ""NRMA"", ""plug_types"": ""CCS (Type 2); CHAdeMO"", ""power_kw_max"": 50.0, ""power_kw_min"": 50.0, ""power_kw_values"": [50.0], ""power_scope"": ""dc_indicated_connection_ratings"", ""status"": ""Operational"", ""usage_cost"": ""$0.66/kWh""}",True,1,1,,house numbers conflict; address evidence is inconsistent; candidate does not pass the automatic identity gate,,False,review,coordinate_only,172.07828917633566,0.0,https://www.openstreetmap.org/node/10159370719,,,NRMA,"{""access_condition"": ""Free Access"", ""allows_card_payment"": false, ""allows_reservation"": false, ""charging_point_count"": 4, ""charging_point_count_raw"": 4, ""connector_types_normalized"": ""CCS;CHAdeMO"", ""data_provider"": ""OpenStreetMap"", ""is_free"": false, ""network"": """", ""number_of_plugs"": null, ""opening_hours"": """", ""power_kw_max"": null, ""power_kw_min"": null, ""power_scope"": ""station_reported_maximum"", ""pricing_info"": """"}",True,1,1,,candidate does not pass the automatic identity gate,,False,unmatched,unmatched,,,,,,,{},,0,0,,,,False,review,review,,,OCM;OSM,OCM: house numbers conflict; address evidence is inconsistent; candidate does not pass the automatic identity gate; OSM: candidate does not pass the automatic identity gate,,no,,{},{},0,[]
411,,,"2A Beach Road, Batemans Bay NSW 2536",NRMA Electric,2,DC,50 kW,-35.70851156,150.1753874,Eurobodalla Shire Council,2536,Existing Fast Chargers,0,0,0,0,0,0,0,0,0,0,0,0,0,0,0,0,0,0,0,0,0,0,0,0,0,0,0,0,0,0,0,2,0,0,0,0,0,0,0,0,Capital Region,101,2536,accepted,coordinate_and_fuzzy_address,12.90621973414032,1.0,157566,"2A Beach Road, Batemans Bay, NSW, 2536",Batemans Bay Visitor Centre [NRMA],NRMA,"{""charger_capacities"": ""50 kW"", ""charging_point_count"": 1.0, ""connector_types_normalized"": ""CCS;CHAdeMO"", ""data_provider"": ""Open Charge Map"", ""is_operational"": true, ""last_verified"": ""2021-12-19T02:29:00Z"", ""number_of_plugs"": null, ""operator"": ""NRMA"", ""plug_types"": ""CCS (Type 2); CHAdeMO"", ""power_kw_max"": 50.0, ""power_kw_min"": 50.0, ""power_kw_values"": [50.0], ""power_scope"": ""dc_indicated_connection_ratings"", ""status"": ""Operational"", ""usage_cost"": """"}",True,3,3,205.644659644421,,,False,accepted,coordinate_only,14.141672314734329,0.0,https://www.openstreetmap.org/node/6512442081,,,NRMA,"{""access_condition"": ""Free Access"", ""allows_card_payment"": false, ""allows_reservation"": false, ""charging_point_count"": 1, ""charging_point_count_raw"": 1, ""connector_types_normalized"": ""CCS;CHAdeMO"", ""data_provider"": ""OpenStreetMap"", ""is_free"": true, ""network"": """", ""number_of_plugs"": null, ""opening_hours"": """", ""power_kw_max"": 50.0, ""power_kw_min"": null, ""power_scope"": ""station_reported_maximum"", ""pricing_info"": """"}",True,3,3,172.08938251440395,,,False,unmatched,unmatched,,,,,,,{},,0,0,,,,False,accepted,accepted,OCM;OSM,OCM:157566;OSM:https://www.openstreetmap.org/node/6512442081,,,,no,,"{""OCM::charger_capacities"": ""50 kW"", ""OCM::charging_point_count"": 1.0, ""OCM::connector_types_normalized"": ""CCS;CHAdeMO"", ""OCM::data_provider"": ""Open Charge Map"", ""OCM::is_operational"": true, ""OCM::last_verified"": ""2021-12-19T02:29:00Z"", ""OCM::operator"": ""NRMA"", ""OCM::plug_types"": ""CCS (Type 2); CHAdeMO"", ""OCM::power_kw_max"": 50.0, ""OCM::power_kw_min"": 50.0, ""OCM::power_kw_values"": [50.0], ""OCM::power_scope"": ""dc_indicated_connection_ratings"", ""OCM::status"": ""Operational"", ""OSM::access_condition"": ""Free Access"", ""OSM::allows_card_payment"": false, ""OSM::allows_reservation"": false, ""OSM::charging_point_count"": 1, ""OSM::charging_point_count_raw"": 1, ""OSM::connector_types_normalized"": ""CCS;CHAdeMO"", ""OSM::data_provider"": ""OpenStreetMap"", ""OSM::is_free"": true, ""OSM::power_kw_max"": 50.0, ""OSM::power_scope"": ""station_reported_maximum""}","{""OCM::connector_types_normalized"": ""CCS;CHAdeMO"", ""OCM::is_operational"": true, ""OCM::operator"": ""NRMA"", ""OCM::plug_types"": ""CCS (Type 2); CHAdeMO"", ""OCM::power_kw_max"": 50.0, ""OCM::power_kw_min"": 50.0, ""OCM::power_scope"": ""dc_indicated_connection_ratings"", ""OCM::status"": ""Operational"", ""OSM::access_condition"": ""Free Access"", ""OSM::allows_card_payment"": false, ""OSM::allows_reservation"": false, ""OSM::connector_types_normalized"": ""CCS;CHAdeMO"", ""OSM::is_free"": true, ""OSM::power_kw_max"": 50.0, ""OSM::power_scope"": ""station_reported_maximum""}",8,[]
415,,,"3 Broomfield Street, Cobar NSW 2835",NRMA Electric,2,DC,50 kW,-30.08825,145.9351051,Cobar Shire Council,2835,TfNSW Regional,0,0,0,0,0,0,0,0,0,0,0,0,0,0,0,0,0,0,0,0,0,0,0,0,0,0,0,0,0,0,0,2,0,0,0,0,0,0,0,0,Far West and Orana,105,2840,review,fuzzy_address_only,157126.08368159545,1.0,190679,"3 Broomfield Street, Cobar, New South Wales, 2835",Cobar [NRMA],NRMA,"{""charger_capacities"": ""50 kW"", ""charging_point_count"": 1.0, ""connector_types_normalized"": ""CCS;CHAdeMO"", ""data_provider"": ""Open Charge Map"", ""is_operational"": true, ""last_verified"": ""2022-01-08T10:59:00Z"", ""number_of_plugs"": null, ""operator"": ""NRMA"", ""plug_types"": ""CCS (Type 2); CHAdeMO"", ""power_kw_max"": 50.0, ""power_kw_min"": 50.0, ""power_kw_values"": [50.0], ""power_scope"": ""dc_indicated_connection_ratings"", ""status"": ""Operational"", ""usage_cost"": ""FREE""}",True,1,0,,source address and original postcode conflict; address-only match; coordinates exceed 500 m,,True,unmatched,unmatched,,,,,,,{},,0,0,,,,True,unmatched,unmatched,,,,,,,{},,0,0,,,,True,review,review,,,OCM,OCM: source address and original postcode conflict; address-only match; coordinates exceed 500 m,,no,,{},{},0,[]
417,,,"3 Bungendore Road, Queanbeyan NSW 2620",Evie Networks,4,DC,75 kW,-35.34739722,149.2454031,Queanbeyan-Palerang Regional Council,2620,ARENA - Driving the Nation,0,0,0,0,0,0,0,0,0,0,0,0,0,0,0,0,0,0,0,0,0,0,0,0,0,0,0,0,0,0,0,0,0,0,0,4,0,0,0,0,Capital Region,101,2620,unmatched,unmatched,,,,,,,{},,0,0,,,,False,unmatched,unmatched,,,,,,,{},,0,0,,,,False,unmatched,unmatched,,,,,,,{},,0,0,,,,False,unmatched,unmatched,,,,,,no,,{},{},0,[]
420,,,"3 Corkhill Place, Bega NSW 2550",Chargefox,2,DC,42 kW,-36.6972593,149.8418629,Bega Valley Shire Council,2550,Existing Fast Chargers,0,0,0,0,0,0,0,0,0,0,0,0,0,0,0,0,0,0,0,0,0,0,0,0,0,0,0,0,0,2,0,0,0,0,0,0,0,0,0,0,Capital Region,101,2550,unmatched,unmatched,,,,,,,{},,0,0,,,,False,accepted,coordinate_only,54.919995642207255,0.0,https://www.openstreetmap.org/node/12284563526,,,Chargefox,"{""access_condition"": ""Free Access"", ""allows_card_payment"": false, ""allows_reservation"": false, ""charging_point_count"": null, ""charging_point_count_raw"": null, ""connector_types_normalized"": ""CCS"", ""data_provider"": ""OpenStreetMap"", ""is_free"": false, ""network"": """", ""number_of_plugs"": null, ""opening_hours"": """", ""power_kw_max"": null, ""power_kw_min"": null, ""power_scope"": ""station_reported_maximum"", ""pricing_info"": """"}",True,1,1,,,,False,unmatched,unmatched,,,,,,,{},,0,0,,,,False,accepted,accepted,OSM,OSM:https://www.openstreetmap.org/node/12284563526,,,,no,,"{""OSM::access_condition"": ""Free Access"", ""OSM::allows_card_payment"": false, ""OSM::allows_reservation"": false, ""OSM::connector_types_normalized"": ""CCS"", ""OSM::data_provider"": ""OpenStreetMap"", ""OSM::is_free"": false, ""OSM::power_scope"": ""station_reported_maximum""}","{""OSM::access_condition"": ""Free Access"", ""OSM::allows_card_payment"": false, ""OSM::allows_reservation"": false, ""OSM::connector_types_normalized"": ""CCS"", ""OSM::is_free"": false, ""OSM::power_scope"": ""station_reported_maximum""}",5,"[{""binding"": ""source_address_only; external identity not verified"", ""conclusion"": """", ""file"": ""data/reference/web_review/task3_104_non_ocm_web_verified.csv"", ""page_opened"": true, ""reported_confidence"": ""high"", ""url"": ""https://ev-charging-stations.com.au/chargers/chargefox-3-corkhill-place-bega-nsw-2550""}]"
422,,,"3 George Street, North Strathfield NSW 2137",Evie Networks,4,DC,75 kW,-33.86390159,151.0894518,Strathfield Municipal Council,2137,ARENA - Driving the Nation,0,0,0,0,0,0,0,0,0,0,0,0,0,0,0,0,0,0,0,0,0,0,0,0,0,0,0,0,0,0,0,0,0,0,0,4,0,0,0,0,Sydney - Inner West,120,2137,unmatched,unmatched,,,,,,,{},,0,0,,,,False,accepted,coordinate_only,9.92394314250215,0.0,https://www.openstreetmap.org/node/13168678393,,,Evie Networks,"{""access_condition"": ""Free Access"", ""allows_card_payment"": false, ""allows_reservation"": false, ""charging_point_count"": 6, ""charging_point_count_raw"": 6, ""connector_types_normalized"": ""CCS;CHAdeMO"", ""data_provider"": ""OpenStreetMap"", ""is_free"": false, ""network"": """", ""number_of_plugs"": null, ""opening_hours"": """", ""power_kw_max"": null, ""power_kw_min"": null, ""power_scope"": ""station_reported_maximum"", ""pricing_info"": """"}",True,1,1,,,,False,unmatched,unmatched,,,,,,,{},,0,0,,,,False,accepted,accepted,OSM,OSM:https://www.openstreetmap.org/node/13168678393,,,,no,,"{""OSM::access_condition"": ""Free Access"", ""OSM::allows_card_payment"": false, ""OSM::allows_reservation"": false, ""OSM::charging_point_count"": 6, ""OSM::charging_point_count_raw"": 6, ""OSM::connector_types_normalized"": ""CCS;CHAdeMO"", ""OSM::data_provider"": ""OpenStreetMap"", ""OSM::is_free"": false, ""OSM::power_scope"": ""station_reported_maximum""}","{""OSM::access_condition"": ""Free Access"", ""OSM::allows_card_payment"": false, ""OSM::allows_reservation"": false, ""OSM::connector_types_normalized"": ""CCS;CHAdeMO"", ""OSM::is_free"": false, ""OSM::power_scope"": ""station_reported_maximum""}",5,"[{""binding"": ""source_address_only; external identity not verified"", ""conclusion"": """", ""file"": ""data/reference/web_review/task3_104_non_ocm_web_verified.csv"", ""page_opened"": false, ""reported_confidence"": ""low"", ""url"": ""https://www.property.com.au/nsw/north-strathfield-2137/george-st/3-pid-9035702/""}]"
425,,,"3 Leisure Drive, Tweed Heads NSW 2486",Evie Networks,4,DC,75 kW,-28.21510115,153.5404384,Tweed Shire Council,2486,Existing Fast Chargers,0,0,0,0,0,0,0,0,0,0,0,0,0,0,0,0,0,0,0,0,0,0,0,0,0,0,0,0,0,0,0,0,0,0,0,4,0,0,0,0,Richmond - Tweed,112,2486,unmatched,unmatched,,,,,,,{},,0,0,,,,False,unmatched,unmatched,,,,,,,{},,0,0,,,,False,unmatched,unmatched,,,,,,,{},,0,0,,,,False,unmatched,unmatched,,,,,,no,,{},{},0,[]
431,,,"30 Dowling Street, Sydney NSW 2096",JOLT,2,DC,25 kW,-33.77897702,151.2838899,Northern Beaches Council,2096,Existing Fast Chargers,0,0,0,0,0,0,0,0,0,0,0,0,0,0,0,0,0,0,0,0,0,0,2,0,0,0,0,0,0,0,0,0,0,0,0,0,0,0,0,0,Sydney - Northern Beaches,122,2096,unmatched,unmatched,,,,,,,{},,0,0,,,,False,accepted,coordinate_only,2.0504349366912438,0.0,https://www.openstreetmap.org/node/9546004749,,,Jolt,"{""access_condition"": ""Free Access"", ""allows_card_payment"": false, ""allows_reservation"": false, ""charging_point_count"": 1, ""charging_point_count_raw"": 1, ""connector_types_normalized"": ""CHAdeMO"", ""data_provider"": ""OpenStreetMap"", ""is_free"": false, ""network"": ""JOLT"", ""number_of_plugs"": null, ""opening_hours"": ""24/7"", ""power_kw_max"": null, ""power_kw_min"": null, ""power_scope"": ""station_reported_maximum"", ""pricing_info"": """"}",True,1,1,,,,False,unmatched,unmatched,,,,,,,{},,0,0,,,,False,accepted,accepted,OSM,OSM:https://www.openstreetmap.org/node/9546004749,,,,no,,"{""OSM::access_condition"": ""Free Access"", ""OSM::allows_card_payment"": false, ""OSM::allows_reservation"": false, ""OSM::charging_point_count"": 1, ""OSM::charging_point_count_raw"": 1, ""OSM::connector_types_normalized"": ""CHAdeMO"", ""OSM::data_provider"": ""OpenStreetMap"", ""OSM::is_free"": false, ""OSM::network"": ""JOLT"", ""OSM::opening_hours"": ""24/7"", ""OSM::power_scope"": ""station_reported_maximum""}","{""OSM::access_condition"": ""Free Access"", ""OSM::allows_card_payment"": false, ""OSM::allows_reservation"": false, ""OSM::connector_types_normalized"": ""CHAdeMO"", ""OSM::is_free"": false, ""OSM::network"": ""JOLT"", ""OSM::opening_hours"": ""24/7"", ""OSM::power_scope"": ""station_reported_maximum""}",7,"[{""binding"": ""source_address_only; external identity not verified"", ""conclusion"": """", ""file"": ""data/reference/web_review/task3_104_non_ocm_web_verified.csv"", ""page_opened"": true, ""reported_confidence"": ""high"", ""url"": ""https://ev-charging-stations.com.au/chargers/nsw/brookvale""}]"
433,,,"302-312 Parramatta Road, Sydney NSW 2134",JOLT,2,DC,25 kW,-33.86942247,151.108024,Burwood Council,2134,Existing Fast Chargers,0,0,0,0,0,0,0,0,0,0,0,0,0,0,0,0,0,0,0,0,0,0,2,0,0,0,0,0,0,0,0,0,0,0,0,0,0,0,0,0,Sydney - Inner West,120,2134,unmatched,unmatched,,,,,,,{},,0,0,,,,False,unmatched,unmatched,,,,,,,{},,0,0,,,,False,unmatched,unmatched,,,,,,,{},,0,0,,,,False,unmatched,unmatched,,,,,,no,,{},{},0,[]
434,,,"303 Henry Parry Drive, Central Coast NSW 2250",Chargefox,2,DC,60 kW,-33.40941346,151.3507447,Central Coast Council,2250,Existing Fast Chargers,0,0,0,0,0,0,0,0,0,0,0,0,0,0,0,0,0,0,0,0,0,0,0,0,0,0,0,0,0,0,0,0,0,2,0,0,0,0,0,0,Central Coast,102,2250,review,coordinate_only,160.19369525117267,0.32905882352941174,508148,"Pacific Highway, Wyoming, New South Wales, 2250",Pacific Highway,BP Pulse (AU),"{""charger_capacities"": ""60 kW; 150 kW; 300 kW"", ""charging_point_count"": 6.0, ""connector_types_normalized"": ""CCS;CHAdeMO"", ""data_provider"": ""Open Charge Map"", ""is_operational"": true, ""last_verified"": ""2026-09-09T01:02:00Z"", ""number_of_plugs"": null, ""operator"": ""BP Pulse (AU)"", ""plug_types"": ""CCS (Type 2); CHAdeMO"", ""power_kw_max"": 300.0, ""power_kw_min"": 60.0, ""power_kw_values"": [60.0, 150.0, 300.0], ""power_scope"": ""dc_indicated_connection_ratings"", ""status"": ""Operational"", ""usage_cost"": ""55c/kWh""}",True,1,1,,address evidence is inconsistent; candidate does not pass the automatic identity gate,,False,unmatched,unmatched,,,,,,,{},,0,0,,,,False,unmatched,unmatched,,,,,,,{},,0,0,,,,False,review,review,,,OCM,OCM: address evidence is inconsistent; candidate does not pass the automatic identity gate,,no,,{},{},0,"[{""binding"": ""same source address and OCM ID; search evidence only"", ""conclusion"": ""web_evidence_found_not_identity_proof"", ""file"": ""data/reference/web_review/task3_ocm_125_web_confidence.csv"", ""page_opened"": true, ""reported_confidence"": ""high"", ""url"": ""https://ev-charging-stations.com.au/chargers/chargefox-303-henry-parry-drive-central-coast-nsw-2250""}]"
437,,,"30-36 Sharp Street, Cooma NSW 2630",Tesla,10,DC,250 kW,-36.23294099,149.1322903,Snowy Monaro Regional Council,2630,Existing Fast Chargers,0,0,0,0,0,0,0,0,0,0,0,0,0,0,0,0,0,0,0,0,0,10,0,0,0,0,0,0,0,0,0,0,0,0,0,0,0,0,0,0,Capital Region,101,2630,unmatched,unmatched,,,,,,,{},,0,0,,,,False,accepted,coordinate_only,5.525968922240862,0.0,https://www.openstreetmap.org/node/12639666383,,Tesla Supercharger,Tesla,"{""access_condition"": ""Free Access"", ""allows_card_payment"": false, ""allows_reservation"": false, ""charging_point_count"": 10, ""charging_point_count_raw"": 10, ""connector_types_normalized"": ""CCS"", ""data_provider"": ""OpenStreetMap"", ""is_free"": false, ""network"": ""Tesla Supercharger"", ""number_of_plugs"": null, ""opening_hours"": """", ""power_kw_max"": null, ""power_kw_min"": null, ""power_scope"": ""station_reported_maximum"", ""pricing_info"": """"}",True,1,1,,,,False,unmatched,unmatched,,,,,,,{},,0,0,,,,False,accepted,accepted,OSM,OSM:https://www.openstreetmap.org/node/12639666383,,,,no,,"{""OSM::access_condition"": ""Free Access"", ""OSM::allows_card_payment"": false, ""OSM::allows_reservation"": false, ""OSM::charging_point_count"": 10, ""OSM::charging_point_count_raw"": 10, ""OSM::connector_types_normalized"": ""CCS"", ""OSM::data_provider"": ""OpenStreetMap"", ""OSM::is_free"": false, ""OSM::network"": ""Tesla Supercharger"", ""OSM::power_scope"": ""station_reported_maximum""}","{""OSM::access_condition"": ""Free Access"", ""OSM::allows_card_payment"": false, ""OSM::allows_reservation"": false, ""OSM::connector_types_normalized"": ""CCS"", ""OSM::is_free"": false, ""OSM::network"": ""Tesla Supercharger"", ""OSM::power_scope"": ""station_reported_maximum""}",6,"[{""binding"": ""source_address_only; external identity not verified"", ""conclusion"": """", ""file"": ""data/reference/web_review/task3_104_non_ocm_web_verified.csv"", ""page_opened"": true, ""reported_confidence"": ""high"", ""url"": ""https://ev-charging-stations.com.au/chargers/tesla-30-36-sharp-street-cooma-nsw-2630""}]"
439,,,"30A Richland Street, Sydney NSW 2208",Exploren,2,DC,120 kW,-33.93524029,151.0986717,Canterbury Bankstown Council,2208,Existing Fast Chargers,0,0,2,0,0,0,0,0,0,0,0,0,0,0,0,0,0,0,0,0,0,0,0,0,0,0,0,0,0,0,0,0,0,0,0,0,0,0,0,0,Sydney - Inner South West,119,2208,unmatched,unmatched,,,,,,,{},,0,0,,,,False,unmatched,unmatched,,,,,,,{},,0,0,,,,False,accepted,coordinate_and_fuzzy_address,0.04249502552792982,0.9500000000000001,15d06bf5-6b4a-425d-9312-bae4b17cc22b-1824,"30A Richland St, Kingsgrove, NSW 2208",Bunnings Kingsgrove,,"{""connector_types_normalized"": ""CCS"", ""data_provider"": ""Charge@Large"", ""dc_port_count"": 2, ""number_of_plugs"": null, ""power_kw_max"": 120.0, ""power_kw_min"": 120.0, ""power_kw_values"": [120.0], ""power_scope"": ""dc_indicated_ports"", ""site_power_range_raw"": ""120"", ""status_counts"": {""Available"": 2}, ""status_observed_at"": null, ""total_port_count"": 2}",True,1,1,,,,False,accepted,accepted,Charge@Large,Charge@Large:15d06bf5-6b4a-425d-9312-bae4b17cc22b-1824,,,,no,,"{""Charge@Large::connector_types_normalized"": ""CCS"", ""Charge@Large::data_provider"": ""Charge@Large"", ""Charge@Large::dc_port_count"": 2, ""Charge@Large::power_kw_max"": 120.0, ""Charge@Large::power_kw_min"": 120.0, ""Charge@Large::power_kw_values"": [120.0], ""Charge@Large::power_scope"": ""dc_indicated_ports"", ""Charge@Large::site_power_range_raw"": ""120"", ""Charge@Large::status_counts"": {""Available"": 2}, ""Charge@Large::total_port_count"": 2}","{""Charge@Large::connector_types_normalized"": ""CCS"", ""Charge@Large::dc_port_count"": 2, ""Charge@Large::power_kw_max"": 120.0, ""Charge@Large::power_kw_min"": 120.0, ""Charge@Large::power_scope"": ""dc_indicated_ports"", ""Charge@Large::status_counts"": {""Available"": 2}, ""Charge@Large::total_port_count"": 2}",2,"[{""binding"": ""source_address_only; external identity not verified"", ""conclusion"": """", ""file"": ""data/reference/web_review/task3_104_non_ocm_web_verified.csv"", ""page_opened"": true, ""reported_confidence"": ""high"", ""url"": ""https://ev-charging-stations.com.au/chargers/nsw/kingsgrove""}]"
443,,,"31 Treacy Street, Sydney NSW 2220",JOLT,2,DC,25 kW,-33.96786191,151.1060561,Georges River Council,2220,Existing Fast Chargers,0,0,0,0,0,0,0,0,0,0,0,0,0,0,0,0,0,0,0,0,0,0,2,0,0,0,0,0,0,0,0,0,0,0,0,0,0,0,0,0,Sydney - Inner South West,119,2220,unmatched,unmatched,,,,,,,{},,0,0,,,,False,unmatched,unmatched,,,,,,,{},,0,0,,,,False,unmatched,unmatched,,,,,,,{},,0,0,,,,False,unmatched,unmatched,,,,,,no,,{},{},0,[]
450,,,"316 Victoria Road, Sydney NSW 2116",Exploren,2,DC,120 kW,-33.81024029,151.0342402,"Parramatta, Council of the City of",2116,Existing Fast Chargers,0,0,2,0,0,0,0,0,0,0,0,0,0,0,0,0,0,0,0,0,0,0,0,0,0,0,0,0,0,0,0,0,0,0,0,0,0,0,0,0,Sydney - Parramatta,125,2116,unmatched,unmatched,,,,,,,{},,0,0,,,,False,accepted,coordinate_only,63.606036800268456,0.0,https://www.openstreetmap.org/node/12990581486,,,Exploren,"{""access_condition"": ""Free Access"", ""allows_card_payment"": false, ""allows_reservation"": false, ""charging_point_count"": 2, ""charging_point_count_raw"": 2, ""connector_types_normalized"": ""CCS"", ""data_provider"": ""OpenStreetMap"", ""is_free"": false, ""network"": """", ""number_of_plugs"": null, ""opening_hours"": ""24/7"", ""power_kw_max"": null, ""power_kw_min"": null, ""power_scope"": ""station_reported_maximum"", ""pricing_info"": """"}",True,1,1,,,,False,accepted,coordinate_and_fuzzy_address,0.03716552878937461,0.9617021276595745,15d06bf5-6b4a-425d-9312-bae4b17cc22b-1847,"316 Victoria Rd, Rydalmere, NSW 2116",Bunnings Rydalmere,,"{""connector_types_normalized"": ""CCS"", ""data_provider"": ""Charge@Large"", ""dc_port_count"": 2, ""number_of_plugs"": null, ""power_kw_max"": 120.0, ""power_kw_min"": 120.0, ""power_kw_values"": [120.0], ""power_scope"": ""dc_indicated_ports"", ""site_power_range_raw"": ""120"", ""status_counts"": {""Available"": 2}, ""status_observed_at"": null, ""total_port_count"": 2}",True,3,3,249.22245639615903,,,False,accepted,accepted,OSM;Charge@Large,OSM:https://www.openstreetmap.org/node/12990581486;Charge@Large:15d06bf5-6b4a-425d-9312-bae4b17cc22b-1847,,,,no,,"{""Charge@Large::connector_types_normalized"": ""CCS"", ""Charge@Large::data_provider"": ""Charge@Large"", ""Charge@Large::dc_port_count"": 2, ""Charge@Large::power_kw_max"": 120.0, ""Charge@Large::power_kw_min"": 120.0, ""Charge@Large::power_kw_values"": [120.0], ""Charge@Large::power_scope"": ""dc_indicated_ports"", ""Charge@Large::site_power_range_raw"": ""120"", ""Charge@Large::status_counts"": {""Available"": 2}, ""Charge@Large::total_port_count"": 2, ""OSM::access_condition"": ""Free Access"", ""OSM::allows_card_payment"": false, ""OSM::allows_reservation"": false, ""OSM::charging_point_count"": 2, ""OSM::charging_point_count_raw"": 2, ""OSM::connector_types_normalized"": ""CCS"", ""OSM::data_provider"": ""OpenStreetMap"", ""OSM::is_free"": false, ""OSM::opening_hours"": ""24/7"", ""OSM::power_scope"": ""station_reported_maximum""}","{""Charge@Large::connector_types_normalized"": ""CCS"", ""Charge@Large::dc_port_count"": 2, ""Charge@Large::power_kw_max"": 120.0, ""Charge@Large::power_kw_min"": 120.0, ""Charge@Large::power_scope"": ""dc_indicated_ports"", ""Charge@Large::status_counts"": {""Available"": 2}, ""Charge@Large::total_port_count"": 2, ""OSM::access_condition"": ""Free Access"", ""OSM::allows_card_payment"": false, ""OSM::allows_reservation"": false, ""OSM::connector_types_normalized"": ""CCS"", ""OSM::is_free"": false, ""OSM::opening_hours"": ""24/7"", ""OSM::power_scope"": ""station_reported_maximum""}",7,[]
454,,,"32 Sydney Street, Tarcutta NSW 2652",Evie Networks,4,DC,350 kW,-35.2771512,147.7360881,Wagga Wagga City Council,2652,Existing Fast Chargers,0,0,0,0,0,0,0,0,0,0,0,0,0,0,0,0,0,0,0,0,0,0,0,0,0,4,0,0,0,0,0,0,0,0,0,0,0,0,0,0,Riverina,113,2652,accepted,coordinate_and_fuzzy_address,4.590893522351425,0.85,190351,"32 Sydney Street, Tarcutta, NSW",Tarcutta Roadhouse [Evie],Evie,"{""charger_capacities"": ""350 kW"", ""charging_point_count"": 2.0, ""connector_types_normalized"": ""CCS;CHAdeMO"", ""data_provider"": ""Open Charge Map"", ""is_operational"": true, ""last_verified"": ""2023-07-12T22:53:00Z"", ""number_of_plugs"": null, ""operator"": ""Evie"", ""plug_types"": ""CCS (Type 2); CHAdeMO"", ""power_kw_max"": 350.0, ""power_kw_min"": 350.0, ""power_kw_values"": [350.0], ""power_scope"": ""dc_indicated_connection_ratings"", ""status"": ""Operational"", ""usage_cost"": ""65c per kwH energy consumed.""}",True,1,1,,,,False,accepted,coordinate_only,3.9019714958215865,0.0,https://www.openstreetmap.org/node/7478006036,,,Evie Networks,"{""access_condition"": ""Free Access"", ""allows_card_payment"": false, ""allows_reservation"": false, ""charging_point_count"": 2, ""charging_point_count_raw"": 2, ""connector_types_normalized"": ""CCS;CHAdeMO"", ""data_provider"": ""OpenStreetMap"", ""is_free"": false, ""network"": """", ""number_of_plugs"": null, ""opening_hours"": """", ""power_kw_max"": null, ""power_kw_min"": null, ""power_scope"": ""station_reported_maximum"", ""pricing_info"": """"}",True,1,1,,,,False,unmatched,unmatched,,,,,,,{},,0,0,,,,False,accepted,accepted,OCM;OSM,OCM:190351;OSM:https://www.openstreetmap.org/node/7478006036,,,,no,,"{""OCM::charger_capacities"": ""350 kW"", ""OCM::charging_point_count"": 2.0, ""OCM::connector_types_normalized"": ""CCS;CHAdeMO"", ""OCM::data_provider"": ""Open Charge Map"", ""OCM::is_operational"": true, ""OCM::last_verified"": ""2023-07-12T22:53:00Z"", ""OCM::operator"": ""Evie"", ""OCM::plug_types"": ""CCS (Type 2); CHAdeMO"", ""OCM::power_kw_max"": 350.0, ""OCM::power_kw_min"": 350.0, ""OCM::power_kw_values"": [350.0], ""OCM::power_scope"": ""dc_indicated_connection_ratings"", ""OCM::status"": ""Operational"", ""OCM::usage_cost"": ""65c per kwH energy consumed."", ""OSM::access_condition"": ""Free Access"", ""OSM::allows_card_payment"": false, ""OSM::allows_reservation"": false, ""OSM::charging_point_count"": 2, ""OSM::charging_point_count_raw"": 2, ""OSM::connector_types_normalized"": ""CCS;CHAdeMO"", ""OSM::data_provider"": ""OpenStreetMap"", ""OSM::is_free"": false, ""OSM::power_scope"": ""station_reported_maximum""}","{""OCM::connector_types_normalized"": ""CCS;CHAdeMO"", ""OCM::is_operational"": true, ""OCM::operator"": ""Evie"", ""OCM::plug_types"": ""CCS (Type 2); CHAdeMO"", ""OCM::power_kw_max"": 350.0, ""OCM::power_kw_min"": 350.0, ""OCM::power_scope"": ""dc_indicated_connection_ratings"", ""OCM::status"": ""Operational"", ""OCM::usage_cost"": ""65c per kwH energy consumed."", ""OSM::access_condition"": ""Free Access"", ""OSM::allows_card_payment"": false, ""OSM::allows_reservation"": false, ""OSM::connector_types_normalized"": ""CCS;CHAdeMO"", ""OSM::is_free"": false, ""OSM::power_scope"": ""station_reported_maximum""}",9,"[{""binding"": ""same source address and OCM ID; search evidence only"", ""conclusion"": ""web_evidence_found_not_identity_proof"", ""file"": ""data/reference/web_review/task3_ocm_125_web_confidence.csv"", ""page_opened"": false, ""reported_confidence"": ""medium"", ""url"": ""https://plugroo.com.au/location/evie-networks-nsw-tarcutta-32-sydney-street""}]"
455,,,"320 Princes Highway, Bomaderry NSW 2541",Chargefox,4,DC,47 kW,-34.84356861,150.5955365,Shoalhaven City Council,2541,Existing Fast Chargers,0,0,0,0,0,0,0,0,0,0,0,0,0,0,0,0,0,0,0,0,0,0,0,0,0,0,0,0,0,0,4,0,0,0,0,0,0,0,0,0,Southern Highlands and Shoalhaven,114,2541,unmatched,unmatched,,,,,,,{},,0,0,,,,False,unmatched,unmatched,,,,,,,{},,0,0,,,,False,unmatched,unmatched,,,,,,,{},,0,0,,,,False,unmatched,unmatched,,,,,,no,,{},{},0,[]
456,,,"322 Woodville Road, Guildford NSW 2161",Evie Networks,4,DC,50 kW,-33.8521028,150.9955836,Cumberland Council,2161,ARENA - Driving the Nation,0,0,0,0,0,0,0,0,0,0,0,0,0,0,0,0,0,0,0,0,0,0,0,0,0,0,0,0,0,0,0,4,0,0,0,0,0,0,0,0,Sydney - Parramatta,125,2161,accepted,coordinate_and_fuzzy_address,82.9520309494945,1.0,272700,"322 Woodville Road, Guildford, New South Wales, 2161",Red Rooster Guildford,Evie,"{""charger_capacities"": ""50 kW"", ""charging_point_count"": 2.0, ""connector_types_normalized"": ""CCS;CHAdeMO"", ""data_provider"": ""Open Charge Map"", ""is_operational"": true, ""last_verified"": ""2023-07-17T06:55:00Z"", ""number_of_plugs"": null, ""operator"": ""Evie"", ""plug_types"": ""CCS (Type 2); CHAdeMO"", ""power_kw_max"": 50.0, ""power_kw_min"": 50.0, ""power_kw_values"": [50.0], ""power_scope"": ""dc_indicated_connection_ratings"", ""status"": ""Operational"", ""usage_cost"": """"}",True,1,1,,,,False,accepted,coordinate_only,0.3092730473407962,0.0,https://www.openstreetmap.org/node/11004256023,,,Evie Networks,"{""access_condition"": ""Free Access"", ""allows_card_payment"": false, ""allows_reservation"": false, ""charging_point_count"": 2, ""charging_point_count_raw"": 2, ""connector_types_normalized"": ""CCS;CHAdeMO"", ""data_provider"": ""OpenStreetMap"", ""is_free"": false, ""network"": """", ""number_of_plugs"": null, ""opening_hours"": """", ""power_kw_max"": null, ""power_kw_min"": null, ""power_scope"": ""station_reported_maximum"", ""pricing_info"": """"}",True,1,1,,,,False,unmatched,unmatched,,,,,,,{},,0,0,,,,False,accepted,accepted,OCM;OSM,OCM:272700;OSM:https://www.openstreetmap.org/node/11004256023,,,,no,,"{""OCM::charger_capacities"": ""50 kW"", ""OCM::charging_point_count"": 2.0, ""OCM::connector_types_normalized"": ""CCS;CHAdeMO"", ""OCM::data_provider"": ""Open Charge Map"", ""OCM::is_operational"": true, ""OCM::last_verified"": ""2023-07-17T06:55:00Z"", ""OCM::operator"": ""Evie"", ""OCM::plug_types"": ""CCS (Type 2); CHAdeMO"", ""OCM::power_kw_max"": 50.0, ""OCM::power_kw_min"": 50.0, ""OCM::power_kw_values"": [50.0], ""OCM::power_scope"": ""dc_indicated_connection_ratings"", ""OCM::status"": ""Operational"", ""OSM::access_condition"": ""Free Access"", ""OSM::allows_card_payment"": false, ""OSM::allows_reservation"": false, ""OSM::charging_point_count"": 2, ""OSM::charging_point_count_raw"": 2, ""OSM::connector_types_normalized"": ""CCS;CHAdeMO"", ""OSM::data_provider"": ""OpenStreetMap"", ""OSM::is_free"": false, ""OSM::power_scope"": ""station_reported_maximum""}","{""OCM::connector_types_normalized"": ""CCS;CHAdeMO"", ""OCM::is_operational"": true, ""OCM::operator"": ""Evie"", ""OCM::plug_types"": ""CCS (Type 2); CHAdeMO"", ""OCM::power_kw_max"": 50.0, ""OCM::power_kw_min"": 50.0, ""OCM::power_scope"": ""dc_indicated_connection_ratings"", ""OCM::status"": ""Operational"", ""OSM::access_condition"": ""Free Access"", ""OSM::allows_card_payment"": false, ""OSM::allows_reservation"": false, ""OSM::connector_types_normalized"": ""CCS;CHAdeMO"", ""OSM::is_free"": false, ""OSM::power_scope"": ""station_reported_maximum""}",8,[]
458,,,"328 Main Road, Newcastle NSW 2285",BP,4,DC,150 kW,-32.93782987,151.6567367,Lake Macquarie City Council,2285,Existing Fast Chargers,0,0,0,0,0,0,0,4,0,0,0,0,0,0,0,0,0,0,0,0,0,0,0,0,0,0,0,0,0,0,0,0,0,0,0,0,0,0,0,0,Newcastle and Lake Macquarie,111,2285,unmatched,unmatched,,,,,,,{},,0,0,,,,False,unmatched,unmatched,,,,,,,{},,0,0,,,,False,unmatched,unmatched,,,,,,,{},,0,0,,,,False,unmatched,unmatched,,,,,,no,,{},{},0,[]
460,,,"329-339 Princes Highway, Sydney NSW 2044",BP,2,DC,75 kW,-33.91611516,151.1728939,Inner West Council,2044,Existing Fast Chargers,0,0,0,0,0,0,0,0,0,0,0,0,0,0,0,0,0,0,0,0,0,0,0,0,0,0,0,0,0,0,0,0,0,0,0,2,0,0,0,0,Sydney - City and Inner South,117,2044,review,coordinate_only,25.907245801493822,0.8411764705882354,273427,"339 Princes Hwy, St Peters, New South Wales, 2044",bp pulse Sydenham,BP Pulse (AU),"{""charger_capacities"": ""75 kW"", ""charging_point_count"": 2.0, ""connector_types_normalized"": ""CCS"", ""data_provider"": ""Open Charge Map"", ""is_operational"": true, ""last_verified"": ""2023-08-09T11:35:00Z"", ""number_of_plugs"": null, ""operator"": ""BP Pulse (AU)"", ""plug_types"": ""CCS (Type 2)"", ""power_kw_max"": 75.0, ""power_kw_min"": 75.0, ""power_kw_values"": [75.0], ""power_scope"": ""dc_indicated_connection_ratings"", ""status"": ""Operational"", ""usage_cost"": ""55c/kWh""}",True,1,1,,house numbers conflict; address evidence is inconsistent; candidate does not pass the automatic identity gate,,False,accepted,coordinate_only,1.1778096960321431,0.0,https://www.openstreetmap.org/node/10907235224,,,bp pulse,"{""access_condition"": ""Free Access"", ""allows_card_payment"": false, ""allows_reservation"": false, ""charging_point_count"": 2, ""charging_point_count_raw"": 2, ""connector_types_normalized"": ""CCS"", ""data_provider"": ""OpenStreetMap"", ""is_free"": false, ""network"": ""bp pulse"", ""number_of_plugs"": null, ""opening_hours"": """", ""power_kw_max"": null, ""power_kw_min"": null, ""power_scope"": ""station_reported_maximum"", ""pricing_info"": """"}",True,1,1,,,,False,unmatched,unmatched,,,,,,,{},,0,0,,,,False,accepted,accepted,OSM,OSM:https://www.openstreetmap.org/node/10907235224,OCM,OCM: house numbers conflict; address evidence is inconsistent; candidate does not pass the automatic identity gate,,no,,"{""OSM::access_condition"": ""Free Access"", ""OSM::allows_card_payment"": false, ""OSM::allows_reservation"": false, ""OSM::charging_point_count"": 2, ""OSM::charging_point_count_raw"": 2, ""OSM::connector_types_normalized"": ""CCS"", ""OSM::data_provider"": ""OpenStreetMap"", ""OSM::is_free"": false, ""OSM::network"": ""bp pulse"", ""OSM::power_scope"": ""station_reported_maximum""}","{""OSM::access_condition"": ""Free Access"", ""OSM::allows_card_payment"": false, ""OSM::allows_reservation"": false, ""OSM::connector_types_normalized"": ""CCS"", ""OSM::is_free"": false, ""OSM::network"": ""bp pulse"", ""OSM::power_scope"": ""station_reported_maximum""}",6,[]
462,,,"33 Moate Street, Newcastle NSW 2298",Chargefox,2,DC,60 kW,-32.90870375,151.7304655,Newcastle City Council,2298,Existing Fast Chargers,0,0,0,0,0,0,0,0,0,0,0,0,0,0,0,0,0,0,0,0,0,0,0,0,0,0,0,0,0,0,0,0,0,2,0,0,0,0,0,0,Newcastle and Lake Macquarie,111,2298,unmatched,unmatched,,,,,,,{},,0,0,,,,False,unmatched,unmatched,,,,,,,{},,0,0,,,,False,unmatched,unmatched,,,,,,,{},,0,0,,,,False,unmatched,unmatched,,,,,,no,,{},{},0,[]
465,,,"330 Pennant Hills Road, Pennant Hills NSW 2120",Evie Networks,2,DC,50 kW,-33.7366211,151.0743388,"Hornsby, The Council of the Shire of",2120,ARENA - Driving the Nation,0,0,0,0,0,0,0,0,0,0,0,0,0,0,0,0,0,0,0,0,0,0,0,0,0,0,0,0,0,0,0,2,0,0,0,0,0,0,0,0,Sydney - Ryde,126,2120,accepted,coordinate_and_fuzzy_address,0.0,1.0,272622,"330 Pennant Hills Road, Pennant Hills, New South Wales, 2120",Pennant Hills Toyota,Chargefox,"{""charger_capacities"": ""50 kW"", ""charging_point_count"": 2.0, ""connector_types_normalized"": ""CCS"", ""data_provider"": ""Open Charge Map"", ""is_operational"": true, ""last_verified"": ""2023-07-15T09:21:00Z"", ""number_of_plugs"": null, ""operator"": ""Chargefox"", ""plug_types"": ""CCS (Type 2)"", ""power_kw_max"": 50.0, ""power_kw_min"": 50.0, ""power_kw_values"": [50.0], ""power_scope"": ""dc_indicated_connection_ratings"", ""status"": ""Operational"", ""usage_cost"": ""$0.60/kWh""}",True,1,1,,,,False,unmatched,unmatched,,,,,,,{},,0,0,,,,False,unmatched,unmatched,,,,,,,{},,0,0,,,,False,accepted,accepted,OCM,OCM:272622,,,,no,,"{""OCM::charger_capacities"": ""50 kW"", ""OCM::charging_point_count"": 2.0, ""OCM::connector_types_normalized"": ""CCS"", ""OCM::data_provider"": ""Open Charge Map"", ""OCM::is_operational"": true, ""OCM::last_verified"": ""2023-07-15T09:21:00Z"", ""OCM::operator"": ""Chargefox"", ""OCM::plug_types"": ""CCS (Type 2)"", ""OCM::power_kw_max"": 50.0, ""OCM::power_kw_min"": 50.0, ""OCM::power_kw_values"": [50.0], ""OCM::power_scope"": ""dc_indicated_connection_ratings"", ""OCM::status"": ""Operational"", ""OCM::usage_cost"": ""$0.60/kWh""}","{""OCM::connector_types_normalized"": ""CCS"", ""OCM::is_operational"": true, ""OCM::operator"": ""Chargefox"", ""OCM::plug_types"": ""CCS (Type 2)"", ""OCM::power_kw_max"": 50.0, ""OCM::power_kw_min"": 50.0, ""OCM::power_scope"": ""dc_indicated_connection_ratings"", ""OCM::status"": ""Operational"", ""OCM::usage_cost"": ""$0.60/kWh""}",5,[]
469,,,"34 Annie Pyers Drive, Gundagai NSW 2722",Tesla,12,DC,130 kW,-35.00212117,148.1098549,Cootamundra-gundagai Regional Council,2722,Existing Fast Chargers,0,0,0,0,12,0,0,0,0,0,0,0,0,0,0,0,0,0,0,0,0,0,0,0,0,0,0,0,0,0,0,0,0,0,0,0,0,0,0,0,Riverina,113,2722,accepted,coordinate_and_fuzzy_address,7.39951444455157,1.0,79760,"34 Annie Pyers Drive, Gundagai, 2722",Gundagai Supercharger [Tesla],Tesla (Tesla-only charging),"{""charger_capacities"": ""120 kW"", ""charging_point_count"": 6.0, ""connector_types_normalized"": ""CCS"", ""data_provider"": ""Open Charge Map"", ""is_operational"": true, ""last_verified"": ""2021-12-19T02:16:00Z"", ""number_of_plugs"": null, ""operator"": ""Tesla (Tesla-only charging)"", ""plug_types"": ""CCS (Type 2)"", ""power_kw_max"": 120.0, ""power_kw_min"": 120.0, ""power_kw_values"": [120.0], ""power_scope"": ""dc_indicated_connection_ratings"", ""status"": ""Operational"", ""usage_cost"": ""$0.52/kWh""}",True,2,2,104.73287140288751,,,False,review,coordinate_only,141.7973692717718,0.0,https://www.openstreetmap.org/node/13525320796,,,NRMA,"{""access_condition"": ""Free Access"", ""allows_card_payment"": false, ""allows_reservation"": false, ""charging_point_count"": 2, ""charging_point_count_raw"": 2, ""connector_types_normalized"": ""CCS"", ""data_provider"": ""OpenStreetMap"", ""is_free"": false, ""network"": """", ""number_of_plugs"": null, ""opening_hours"": """", ""power_kw_max"": null, ""power_kw_min"": null, ""power_scope"": ""station_reported_maximum"", ""pricing_info"": """"}",True,1,1,,candidate does not pass the automatic identity gate,,False,unmatched,unmatched,,,,,,,{},,0,0,,,,False,accepted,accepted,OCM,OCM:79760,OSM,OSM: candidate does not pass the automatic identity gate,,no,,"{""OCM::charger_capacities"": ""120 kW"", ""OCM::charging_point_count"": 6.0, ""OCM::connector_types_normalized"": ""CCS"", ""OCM::data_provider"": ""Open Charge Map"", ""OCM::is_operational"": true, ""OCM::last_verified"": ""2021-12-19T02:16:00Z"", ""OCM::operator"": ""Tesla (Tesla-only charging)"", ""OCM::plug_types"": ""CCS (Type 2)"", ""OCM::power_kw_max"": 120.0, ""OCM::power_kw_min"": 120.0, ""OCM::power_kw_values"": [120.0], ""OCM::power_scope"": ""dc_indicated_connection_ratings"", ""OCM::status"": ""Operational"", ""OCM::usage_cost"": ""$0.52/kWh""}","{""OCM::connector_types_normalized"": ""CCS"", ""OCM::is_operational"": true, ""OCM::operator"": ""Tesla (Tesla-only charging)"", ""OCM::plug_types"": ""CCS (Type 2)"", ""OCM::power_kw_max"": 120.0, ""OCM::power_kw_min"": 120.0, ""OCM::power_scope"": ""dc_indicated_connection_ratings"", ""OCM::status"": ""Operational"", ""OCM::usage_cost"": ""$0.52/kWh""}",5,[]
475,,,"342 Kanahooka Road, Brownsville NSW 2530",Ampol,2,DC,125 kW,-34.4859664,150.8064594,Wollongong City Council,2530,ARENA - Driving the Nation,0,0,0,2,0,0,0,0,0,0,0,0,0,0,0,0,0,0,0,0,0,0,0,0,0,0,0,0,0,0,0,0,0,0,0,0,0,0,0,0,Illawarra,107,2530,unmatched,unmatched,,,,,,,{},,0,0,,,,False,unmatched,unmatched,,,,,,,{},,0,0,,,,False,unmatched,unmatched,,,,,,,{},,0,0,,,,False,unmatched,unmatched,,,,,,no,,{},{},0,[]
478,,,"345 Victoria Avenue, Chatswood NSW 2067",Engie,2,DC,150 kW,-33.7945647,151.18613,Willoughby City Council,2067,ARENA - Driving the Nation,0,0,0,0,0,0,0,2,0,0,0,0,0,0,0,0,0,0,0,0,0,0,0,0,0,0,0,0,0,0,0,0,0,0,0,0,0,0,0,0,Sydney - North Sydney and Hornsby,121,2067,accepted,coordinate_and_fuzzy_address,67.86146805922016,1.0,266872,"345 Victoria Avenue, Chatswood, NSW, 2067",Chatswood Chase Chargefox,Chargefox,"{""charger_capacities"": ""120 kW"", ""charging_point_count"": 2.0, ""connector_types_normalized"": ""CCS"", ""data_provider"": ""Open Charge Map"", ""is_operational"": true, ""last_verified"": ""2023-07-13T08:44:00Z"", ""number_of_plugs"": null, ""operator"": ""Chargefox"", ""plug_types"": ""CCS (Type 2)"", ""power_kw_max"": 120.0, ""power_kw_min"": 120.0, ""power_kw_values"": [120.0], ""power_scope"": ""dc_indicated_connection_ratings"", ""status"": ""Operational"", ""usage_cost"": ""$0.45/kWh""}",True,1,1,,,,False,unmatched,unmatched,,,,,,,{},,0,0,,,,False,accepted,coordinate_and_fuzzy_address,75.75612315022076,1.0,15d06bf5-6b4a-425d-9312-bae4b17cc22b-2543,"345 Victoria Ave, Chatswood, NSW 2067",Chatswood Chase,,"{""connector_types_normalized"": ""CCS"", ""data_provider"": ""Charge@Large"", ""dc_port_count"": 2, ""number_of_plugs"": null, ""power_kw_max"": 180.0, ""power_kw_min"": 180.0, ""power_kw_values"": [180.0], ""power_scope"": ""dc_indicated_ports"", ""site_power_range_raw"": ""7 - 180"", ""status_counts"": {""Available"": 1, ""Charging"": 1}, ""status_observed_at"": null, ""total_port_count"": 4}",True,3,3,98.02757357805024,,,False,accepted,accepted,OCM;Charge@Large,OCM:266872;Charge@Large:15d06bf5-6b4a-425d-9312-bae4b17cc22b-2543,,,"External numeric values disagree: power_kw_min, power_kw_max; OCM:266872 is linked to multiple TfNSW rows",yes,power_kw_min;power_kw_max,"{""Charge@Large::connector_types_normalized"": ""CCS"", ""Charge@Large::data_provider"": ""Charge@Large"", ""Charge@Large::dc_port_count"": 2, ""Charge@Large::power_kw_max"": 180.0, ""Charge@Large::power_kw_min"": 180.0, ""Charge@Large::power_kw_values"": [180.0], ""Charge@Large::power_scope"": ""dc_indicated_ports"", ""Charge@Large::site_power_range_raw"": ""7 - 180"", ""Charge@Large::status_counts"": {""Available"": 1, ""Charging"": 1}, ""Charge@Large::total_port_count"": 4, ""OCM::charger_capacities"": ""120 kW"", ""OCM::charging_point_count"": 2.0, ""OCM::connector_types_normalized"": ""CCS"", ""OCM::data_provider"": ""Open Charge Map"", ""OCM::is_operational"": true, ""OCM::last_verified"": ""2023-07-13T08:44:00Z"", ""OCM::operator"": ""Chargefox"", ""OCM::plug_types"": ""CCS (Type 2)"", ""OCM::power_kw_max"": 120.0, ""OCM::power_kw_min"": 120.0, ""OCM::power_kw_values"": [120.0], ""OCM::power_scope"": ""dc_indicated_connection_ratings"", ""OCM::status"": ""Operational"", ""OCM::usage_cost"": ""$0.45/kWh""}","{""Charge@Large::connector_types_normalized"": ""CCS"", ""Charge@Large::dc_port_count"": 2, ""Charge@Large::power_scope"": ""dc_indicated_ports"", ""Charge@Large::status_counts"": {""Available"": 1, ""Charging"": 1}, ""Charge@Large::total_port_count"": 4, ""OCM::connector_types_normalized"": ""CCS"", ""OCM::is_operational"": true, ""OCM::operator"": ""Chargefox"", ""OCM::plug_types"": ""CCS (Type 2)"", ""OCM::power_scope"": ""dc_indicated_connection_ratings"", ""OCM::status"": ""Operational"", ""OCM::usage_cost"": ""$0.45/kWh""}",6,[]
480,,,"345 Victoria Avenue, Sydney NSW 2067",Chargefox,2,DC,150 kW,-33.79304309,151.1865576,Willoughby City Council,2067,Existing Fast Chargers,0,0,0,0,0,0,0,2,0,0,0,0,0,0,0,0,0,0,0,0,0,0,0,0,0,0,0,0,0,0,0,0,0,0,0,0,0,0,0,0,Sydney - North Sydney and Hornsby,121,2067,accepted,coordinate_and_fuzzy_address,230.95261827844732,0.9551020408163265,266872,"345 Victoria Avenue, Chatswood, NSW, 2067",Chatswood Chase Chargefox,Chargefox,"{""charger_capacities"": ""120 kW"", ""charging_point_count"": 2.0, ""connector_types_normalized"": ""CCS"", ""data_provider"": ""Open Charge Map"", ""is_operational"": true, ""last_verified"": ""2023-07-13T08:44:00Z"", ""number_of_plugs"": null, ""operator"": ""Chargefox"", ""plug_types"": ""CCS (Type 2)"", ""power_kw_max"": 120.0, ""power_kw_min"": 120.0, ""power_kw_values"": [120.0], ""power_scope"": ""dc_indicated_connection_ratings"", ""status"": ""Operational"", ""usage_cost"": ""$0.45/kWh""}",True,1,1,,,,False,unmatched,unmatched,,,,,,,{},,0,0,,,,False,accepted,coordinate_and_fuzzy_address,0.2856745696366462,0.9551020408163265,15d06bf5-6b4a-425d-9312-bae4b17cc22b-2517,"345 Victoria Ave, Chatswood, NSW 2067",Chatswood Chase No.2,,"{""connector_types_normalized"": ""CCS"", ""data_provider"": ""Charge@Large"", ""dc_port_count"": 2, ""number_of_plugs"": null, ""power_kw_max"": 150.0, ""power_kw_min"": 150.0, ""power_kw_values"": [150.0], ""power_scope"": ""dc_indicated_ports"", ""site_power_range_raw"": ""150"", ""status_counts"": {""Available"": 2}, ""status_observed_at"": null, ""total_port_count"": 2}",True,3,3,106.74880040465221,,,False,accepted,accepted,OCM;Charge@Large,OCM:266872;Charge@Large:15d06bf5-6b4a-425d-9312-bae4b17cc22b-2517,,,"External numeric values disagree: power_kw_min, power_kw_max; OCM:266872 is linked to multiple TfNSW rows",yes,power_kw_min;power_kw_max,"{""Charge@Large::connector_types_normalized"": ""CCS"", ""Charge@Large::data_provider"": ""Charge@Large"", ""Charge@Large::dc_port_count"": 2, ""Charge@Large::power_kw_max"": 150.0, ""Charge@Large::power_kw_min"": 150.0, ""Charge@Large::power_kw_values"": [150.0], ""Charge@Large::power_scope"": ""dc_indicated_ports"", ""Charge@Large::site_power_range_raw"": ""150"", ""Charge@Large::status_counts"": {""Available"": 2}, ""Charge@Large::total_port_count"": 2, ""OCM::charger_capacities"": ""120 kW"", ""OCM::charging_point_count"": 2.0, ""OCM::connector_types_normalized"": ""CCS"", ""OCM::data_provider"": ""Open Charge Map"", ""OCM::is_operational"": true, ""OCM::last_verified"": ""2023-07-13T08:44:00Z"", ""OCM::operator"": ""Chargefox"", ""OCM::plug_types"": ""CCS (Type 2)"", ""OCM::power_kw_max"": 120.0, ""OCM::power_kw_min"": 120.0, ""OCM::power_kw_values"": [120.0], ""OCM::power_scope"": ""dc_indicated_connection_ratings"", ""OCM::status"": ""Operational"", ""OCM::usage_cost"": ""$0.45/kWh""}","{""Charge@Large::connector_types_normalized"": ""CCS"", ""Charge@Large::dc_port_count"": 2, ""Charge@Large::power_scope"": ""dc_indicated_ports"", ""Charge@Large::status_counts"": {""Available"": 2}, ""Charge@Large::total_port_count"": 2, ""OCM::connector_types_normalized"": ""CCS"", ""OCM::is_operational"": true, ""OCM::operator"": ""Chargefox"", ""OCM::plug_types"": ""CCS (Type 2)"", ""OCM::power_scope"": ""dc_indicated_connection_ratings"", ""OCM::status"": ""Operational"", ""OCM::usage_cost"": ""$0.45/kWh""}",6,[]
481,,,"3483 Jerrys Plains Road, Jerrys Plains NSW 2330",Tesla,12,DC,130 kW,-32.44806211,150.8316627,Muswellbrook Shire Council,2330,Existing Fast Chargers,0,0,0,0,12,0,0,0,0,0,0,0,0,0,0,0,0,0,0,0,0,0,0,0,0,0,0,0,0,0,0,0,0,0,0,0,0,0,0,0,Hunter Valley exc Newcastle,106,2330,accepted,coordinate_only,99.58231789190619,0.2953846153846154,129982,"3483 Golden Hwy, Jerry's Plains, NSW",Hollydene Supercharger [Tesla],Tesla (including non-tesla),"{""charger_capacities"": ""120 kW"", ""charging_point_count"": 6.0, ""connector_types_normalized"": ""CCS"", ""data_provider"": ""Open Charge Map"", ""is_operational"": true, ""last_verified"": ""2023-08-30T06:19:00Z"", ""number_of_plugs"": null, ""operator"": ""Tesla (including non-tesla)"", ""plug_types"": ""CCS (Type 2)"", ""power_kw_max"": 120.0, ""power_kw_min"": 120.0, ""power_kw_values"": [120.0], ""power_scope"": ""dc_indicated_connection_ratings"", ""status"": ""Operational"", ""usage_cost"": ""$0.52/kWh""}",True,1,1,,,address evidence is inconsistent,False,unmatched,unmatched,,,,,,,{},,0,0,,,,False,unmatched,unmatched,,,,,,,{},,0,0,,,,False,accepted,accepted,OCM,OCM:129982,,,OCM: address evidence is inconsistent,yes,,"{""OCM::charger_capacities"": ""120 kW"", ""OCM::charging_point_count"": 6.0, ""OCM::connector_types_normalized"": ""CCS"", ""OCM::data_provider"": ""Open Charge Map"", ""OCM::is_operational"": true, ""OCM::last_verified"": ""2023-08-30T06:19:00Z"", ""OCM::operator"": ""Tesla (including non-tesla)"", ""OCM::plug_types"": ""CCS (Type 2)"", ""OCM::power_kw_max"": 120.0, ""OCM::power_kw_min"": 120.0, ""OCM::power_kw_values"": [120.0], ""OCM::power_scope"": ""dc_indicated_connection_ratings"", ""OCM::status"": ""Operational"", ""OCM::usage_cost"": ""$0.52/kWh""}","{""OCM::connector_types_normalized"": ""CCS"", ""OCM::is_operational"": true, ""OCM::operator"": ""Tesla (including non-tesla)"", ""OCM::plug_types"": ""CCS (Type 2)"", ""OCM::power_kw_max"": 120.0, ""OCM::power_kw_min"": 120.0, ""OCM::power_scope"": ""dc_indicated_connection_ratings"", ""OCM::status"": ""Operational"", ""OCM::usage_cost"": ""$0.52/kWh""}",5,"[{""binding"": ""same source address and OCM ID; search evidence only"", ""conclusion"": ""web_evidence_found_not_identity_proof"", ""file"": ""data/reference/web_review/task3_ocm_125_web_confidence.csv"", ""page_opened"": true, ""reported_confidence"": ""high"", ""url"": ""https://www.electromaps.com/en/charging-stations/australia/muswellbrook-shire-council/jerrys-plains/supercharger-jerrys-plains-nsw-jerrys-plains-road""}]"
483,,,"3-5 Underwood Road, Homebush NSW 2140",Engie,2,DC,150 kW,-33.8556219,151.0767955,Strathfield Municipal Council,2140,ARENA - Driving the Nation,0,0,0,0,0,0,0,2,0,0,0,0,0,0,0,0,0,0,0,0,0,0,0,0,0,0,0,0,0,0,0,0,0,0,0,0,0,0,0,0,Sydney - Inner West,120,2140,accepted,coordinate_and_fuzzy_address,11.740484718055193,1.0,272618,"3 -5 Underwood Road, Homebush, New South Wales, 2140",ENGIE - DFO Homebush,Chargefox,"{""charger_capacities"": ""120 kW"", ""charging_point_count"": 2.0, ""connector_types_normalized"": ""CCS"", ""data_provider"": ""Open Charge Map"", ""is_operational"": true, ""last_verified"": ""2023-07-16T13:41:00Z"", ""number_of_plugs"": null, ""operator"": ""Chargefox"", ""plug_types"": ""CCS (Type 2)"", ""power_kw_max"": 120.0, ""power_kw_min"": 120.0, ""power_kw_values"": [120.0], ""power_scope"": ""dc_indicated_connection_ratings"", ""status"": ""Operational"", ""usage_cost"": ""$0.45/kWh""}",True,1,1,,,,False,review,coordinate_only,115.50554823501655,0.0,https://www.openstreetmap.org/node/11842876526,,Engie,Chargefox,"{""access_condition"": ""Free Access"", ""allows_card_payment"": false, ""allows_reservation"": false, ""charging_point_count"": 2, ""charging_point_count_raw"": 2, ""connector_types_normalized"": ""CCS"", ""data_provider"": ""OpenStreetMap"", ""is_free"": false, ""network"": ""Engie"", ""number_of_plugs"": null, ""opening_hours"": ""Fr-We 10:00-18:00; Th 10:00-20:00"", ""power_kw_max"": null, ""power_kw_min"": null, ""power_scope"": ""station_reported_maximum"", ""pricing_info"": """"}",True,1,1,,candidate does not pass the automatic identity gate,,False,review,coordinate_only,119.62440523415879,0.7168067226890757,15d06bf5-6b4a-425d-9312-bae4b17cc22b-2521,"G025A/3-5 Underwood Rd, Homebush, NSW 2140",DFO Homebush,,"{""connector_types_normalized"": ""CCS"", ""data_provider"": ""Charge@Large"", ""dc_port_count"": 4, ""number_of_plugs"": null, ""power_kw_max"": 150.0, ""power_kw_min"": 150.0, ""power_kw_values"": [150.0], ""power_scope"": ""dc_indicated_ports"", ""site_power_range_raw"": ""22 - 150"", ""status_counts"": {""Available"": 4}, ""status_observed_at"": null, ""total_port_count"": 5}",True,1,1,,address evidence is inconsistent; candidate does not pass the automatic identity gate,,False,accepted,accepted,OCM,OCM:272618,OSM;Charge@Large,OSM: candidate does not pass the automatic identity gate; Charge@Large: address evidence is inconsistent; candidate does not pass the automatic identity gate,,no,,"{""OCM::charger_capacities"": ""120 kW"", ""OCM::charging_point_count"": 2.0, ""OCM::connector_types_normalized"": ""CCS"", ""OCM::data_provider"": ""Open Charge Map"", ""OCM::is_operational"": true, ""OCM::last_verified"": ""2023-07-16T13:41:00Z"", ""OCM::operator"": ""Chargefox"", ""OCM::plug_types"": ""CCS (Type 2)"", ""OCM::power_kw_max"": 120.0, ""OCM::power_kw_min"": 120.0, ""OCM::power_kw_values"": [120.0], ""OCM::power_scope"": ""dc_indicated_connection_ratings"", ""OCM::status"": ""Operational"", ""OCM::usage_cost"": ""$0.45/kWh""}","{""OCM::connector_types_normalized"": ""CCS"", ""OCM::is_operational"": true, ""OCM::operator"": ""Chargefox"", ""OCM::plug_types"": ""CCS (Type 2)"", ""OCM::power_kw_max"": 120.0, ""OCM::power_kw_min"": 120.0, ""OCM::power_scope"": ""dc_indicated_connection_ratings"", ""OCM::status"": ""Operational"", ""OCM::usage_cost"": ""$0.45/kWh""}",5,"[{""binding"": ""same source address and OCM ID; search evidence only"", ""conclusion"": ""web_evidence_found_not_identity_proof"", ""file"": ""data/reference/web_review/task3_ocm_125_web_confidence.csv"", ""page_opened"": true, ""reported_confidence"": ""high"", ""url"": ""https://www.homebush.dfo.com.au/centre-info/contact-us""}]"
494,,,"368 Anzac Parade, Sydney NSW 2032",BP,2,DC,75 kW,-33.91983588,151.226974,Randwick City Council,2032,Existing Fast Chargers,0,0,0,0,0,0,0,0,0,0,0,0,0,0,0,0,0,0,0,0,0,0,0,0,0,0,0,0,0,0,0,0,0,0,0,2,0,0,0,0,Sydney - Eastern Suburbs,118,2032,unmatched,unmatched,,,,,,,{},,0,0,,,,False,accepted,coordinate_only,9.038161266942133,0.0,https://www.openstreetmap.org/node/13206142331,,,bp pulse,"{""access_condition"": ""Free Access"", ""allows_card_payment"": false, ""allows_reservation"": false, ""charging_point_count"": 2, ""charging_point_count_raw"": 2, ""connector_types_normalized"": ""CCS"", ""data_provider"": ""OpenStreetMap"", ""is_free"": false, ""network"": ""bp pulse"", ""number_of_plugs"": null, ""opening_hours"": """", ""power_kw_max"": null, ""power_kw_min"": null, ""power_scope"": ""station_reported_maximum"", ""pricing_info"": """"}",True,1,1,,,,False,unmatched,unmatched,,,,,,,{},,0,0,,,,False,accepted,accepted,OSM,OSM:https://www.openstreetmap.org/node/13206142331,,,,no,,"{""OSM::access_condition"": ""Free Access"", ""OSM::allows_card_payment"": false, ""OSM::allows_reservation"": false, ""OSM::charging_point_count"": 2, ""OSM::charging_point_count_raw"": 2, ""OSM::connector_types_normalized"": ""CCS"", ""OSM::data_provider"": ""OpenStreetMap"", ""OSM::is_free"": false, ""OSM::network"": ""bp pulse"", ""OSM::power_scope"": ""station_reported_maximum""}","{""OSM::access_condition"": ""Free Access"", ""OSM::allows_card_payment"": false, ""OSM::allows_reservation"": false, ""OSM::connector_types_normalized"": ""CCS"", ""OSM::is_free"": false, ""OSM::network"": ""bp pulse"", ""OSM::power_scope"": ""station_reported_maximum""}",6,"[{""binding"": ""source_address_only; external identity not verified"", ""conclusion"": """", ""file"": ""data/reference/web_review/task3_104_non_ocm_web_verified.csv"", ""page_opened"": false, ""reported_confidence"": ""medium"", ""url"": ""https://ev-charging-stations.com.au/chargers/nsw/daceyville""}]"
495,,,"37 Nabiac Street, Nabiac NSW 2312",NRMA Electric,2,DC,50 kW,-32.09907112,152.3815746,Mid-Coast Council,2312,Existing Fast Chargers,0,0,0,0,0,0,0,0,0,0,0,0,0,0,0,0,0,0,0,0,0,0,0,0,0,0,0,0,0,0,0,2,0,0,0,0,0,0,0,0,Mid North Coast,108,2312,accepted,coordinate_and_fuzzy_address,20.116251457478164,0.8828571428571429,161993,"Nabiac Street, Nabiac, New South Wales, 2312",Nabiac [NRMA],NRMA,"{""charger_capacities"": ""145 kW; 180 kW"", ""charging_point_count"": 4.0, ""connector_types_normalized"": ""CCS;CHAdeMO"", ""data_provider"": ""Open Charge Map"", ""is_operational"": true, ""last_verified"": ""2026-07-14T23:37:00Z"", ""number_of_plugs"": null, ""operator"": ""NRMA"", ""plug_types"": ""CCS (Type 2); CHAdeMO"", ""power_kw_max"": 180.0, ""power_kw_min"": 145.0, ""power_kw_values"": [145.0, 180.0], ""power_scope"": ""dc_indicated_connection_ratings"", ""status"": ""Operational"", ""usage_cost"": ""$0.74/kWh""}",True,1,1,,,address evidence is street-level only,False,accepted,coordinate_only,15.389451990175372,0.0,https://www.openstreetmap.org/node/6489797683,,,NRMA,"{""access_condition"": ""Free Access"", ""allows_card_payment"": false, ""allows_reservation"": false, ""charging_point_count"": 2, ""charging_point_count_raw"": 2, ""connector_types_normalized"": ""CCS;CHAdeMO"", ""data_provider"": ""OpenStreetMap"", ""is_free"": false, ""network"": """", ""number_of_plugs"": null, ""opening_hours"": """", ""power_kw_max"": null, ""power_kw_min"": null, ""power_scope"": ""station_reported_maximum"", ""pricing_info"": """"}",True,1,1,,,,False,unmatched,unmatched,,,,,,,{},,0,0,,,,False,accepted,accepted,OCM;OSM,OCM:161993;OSM:https://www.openstreetmap.org/node/6489797683,,,OCM: address evidence is street-level only,yes,,"{""OCM::charger_capacities"": ""145 kW; 180 kW"", ""OCM::charging_point_count"": 4.0, ""OCM::connector_types_normalized"": ""CCS;CHAdeMO"", ""OCM::data_provider"": ""Open Charge Map"", ""OCM::is_operational"": true, ""OCM::last_verified"": ""2026-07-14T23:37:00Z"", ""OCM::operator"": ""NRMA"", ""OCM::plug_types"": ""CCS (Type 2); CHAdeMO"", ""OCM::power_kw_max"": 180.0, ""OCM::power_kw_min"": 145.0, ""OCM::power_kw_values"": [145.0, 180.0], ""OCM::power_scope"": ""dc_indicated_connection_ratings"", ""OCM::status"": ""Operational"", ""OCM::usage_cost"": ""$0.74/kWh"", ""OSM::access_condition"": ""Free Access"", ""OSM::allows_card_payment"": false, ""OSM::allows_reservation"": false, ""OSM::charging_point_count"": 2, ""OSM::charging_point_count_raw"": 2, ""OSM::connector_types_normalized"": ""CCS;CHAdeMO"", ""OSM::data_provider"": ""OpenStreetMap"", ""OSM::is_free"": false, ""OSM::power_scope"": ""station_reported_maximum""}","{""OCM::connector_types_normalized"": ""CCS;CHAdeMO"", ""OCM::is_operational"": true, ""OCM::operator"": ""NRMA"", ""OCM::plug_types"": ""CCS (Type 2); CHAdeMO"", ""OCM::power_kw_max"": 180.0, ""OCM::power_kw_min"": 145.0, ""OCM::power_scope"": ""dc_indicated_connection_ratings"", ""OCM::status"": ""Operational"", ""OCM::usage_cost"": ""$0.74/kWh"", ""OSM::access_condition"": ""Free Access"", ""OSM::allows_card_payment"": false, ""OSM::allows_reservation"": false, ""OSM::connector_types_normalized"": ""CCS;CHAdeMO"", ""OSM::is_free"": false, ""OSM::power_scope"": ""station_reported_maximum""}",9,[]
499,,,"375-383 Windsor Road, Sydney NSW 2153",Tesla,4,DC,250 kW,-33.75869074,150.9914705,The Hills Shire Council,2153,Existing Fast Chargers,0,0,0,0,0,0,0,0,0,0,0,0,0,0,0,0,0,0,0,0,0,4,0,0,0,0,0,0,0,0,0,0,0,0,0,0,0,0,0,0,Sydney - Baulkham Hills and Hawkesbury,115,2153,unmatched,unmatched,,,,,,,{},,0,0,,,,False,accepted,coordinate_only,59.708438329008175,0.0,https://www.openstreetmap.org/node/13020827820,,Tesla Supercharger,Tesla,"{""access_condition"": ""Free Access"", ""allows_card_payment"": false, ""allows_reservation"": false, ""charging_point_count"": 4, ""charging_point_count_raw"": 4, ""connector_types_normalized"": ""CCS"", ""data_provider"": ""OpenStreetMap"", ""is_free"": false, ""network"": ""Supercharger"", ""number_of_plugs"": null, ""opening_hours"": ""24/7"", ""power_kw_max"": null, ""power_kw_min"": null, ""power_scope"": ""station_reported_maximum"", ""pricing_info"": """"}",True,1,1,,,,False,unmatched,unmatched,,,,,,,{},,0,0,,,,False,accepted,accepted,OSM,OSM:https://www.openstreetmap.org/node/13020827820,,,,no,,"{""OSM::access_condition"": ""Free Access"", ""OSM::allows_card_payment"": false, ""OSM::allows_reservation"": false, ""OSM::charging_point_count"": 4, ""OSM::charging_point_count_raw"": 4, ""OSM::connector_types_normalized"": ""CCS"", ""OSM::data_provider"": ""OpenStreetMap"", ""OSM::is_free"": false, ""OSM::network"": ""Supercharger"", ""OSM::opening_hours"": ""24/7"", ""OSM::power_scope"": ""station_reported_maximum""}","{""OSM::access_condition"": ""Free Access"", ""OSM::allows_card_payment"": false, ""OSM::allows_reservation"": false, ""OSM::connector_types_normalized"": ""CCS"", ""OSM::is_free"": false, ""OSM::network"": ""Supercharger"", ""OSM::opening_hours"": ""24/7"", ""OSM::power_scope"": ""station_reported_maximum""}",7,"[{""binding"": ""source_address_only; external identity not verified"", ""conclusion"": """", ""file"": ""data/reference/web_review/task3_104_non_ocm_web_verified.csv"", ""page_opened"": true, ""reported_confidence"": ""high"", ""url"": ""https://ev-charging-stations.com.au/chargers/tesla-375-383-windsor-road-sydney-nsw-2153""}]"
500,,,"38 Abbott Road, Seven Hills NSW 2147",Ampol,2,DC,125 kW,-33.7668115,150.9549656,Blacktown City Council,2147,ARENA - Driving the Nation,0,0,0,2,0,0,0,0,0,0,0,0,0,0,0,0,0,0,0,0,0,0,0,0,0,0,0,0,0,0,0,0,0,0,0,0,0,0,0,0,Sydney - Blacktown,116,2147,accepted,coordinate_and_fuzzy_address,32.86769361564633,1.0,170607,"38 Abbott Rd, Seven Hills, New South Wales, 2147",Ampol Woolworths MetroGo Seven Hills,Evie,"{""charger_capacities"": ""300 kW"", ""charging_point_count"": 2.0, ""connector_types_normalized"": ""CCS"", ""data_provider"": ""Open Charge Map"", ""is_operational"": true, ""last_verified"": ""2026-06-15T09:28:00Z"", ""number_of_plugs"": null, ""operator"": ""Evie"", ""plug_types"": ""CCS (Type 2)"", ""power_kw_max"": 300.0, ""power_kw_min"": 300.0, ""power_kw_values"": [300.0], ""power_scope"": ""dc_indicated_connection_ratings"", ""status"": ""Operational"", ""usage_cost"": ""$0.60 per kWh""}",True,2,2,241.83499953183798,,,False,accepted,coordinate_only,39.19546617828595,0.0,https://www.openstreetmap.org/node/8169947525,,,Evie Networks,"{""access_condition"": ""Free Access"", ""allows_card_payment"": false, ""allows_reservation"": false, ""charging_point_count"": null, ""charging_point_count_raw"": 350, ""connector_types_normalized"": ""CCS;CHAdeMO"", ""data_provider"": ""OpenStreetMap"", ""is_free"": false, ""network"": """", ""number_of_plugs"": null, ""opening_hours"": """", ""power_kw_max"": null, ""power_kw_min"": null, ""power_scope"": ""station_reported_maximum"", ""pricing_info"": """"}",True,1,1,,,,False,unmatched,unmatched,,,,,,,{},,0,0,,,,False,accepted,accepted,OCM;OSM,OCM:170607;OSM:https://www.openstreetmap.org/node/8169947525,,,,no,,"{""OCM::charger_capacities"": ""300 kW"", ""OCM::charging_point_count"": 2.0, ""OCM::connector_types_normalized"": ""CCS"", ""OCM::data_provider"": ""Open Charge Map"", ""OCM::is_operational"": true, ""OCM::last_verified"": ""2026-06-15T09:28:00Z"", ""OCM::operator"": ""Evie"", ""OCM::plug_types"": ""CCS (Type 2)"", ""OCM::power_kw_max"": 300.0, ""OCM::power_kw_min"": 300.0, ""OCM::power_kw_values"": [300.0], ""OCM::power_scope"": ""dc_indicated_connection_ratings"", ""OCM::status"": ""Operational"", ""OCM::usage_cost"": ""$0.60 per kWh"", ""OSM::access_condition"": ""Free Access"", ""OSM::allows_card_payment"": false, ""OSM::allows_reservation"": false, ""OSM::charging_point_count_raw"": 350, ""OSM::connector_types_normalized"": ""CCS;CHAdeMO"", ""OSM::data_provider"": ""OpenStreetMap"", ""OSM::is_free"": false, ""OSM::power_scope"": ""station_reported_maximum""}","{""OCM::connector_types_normalized"": ""CCS"", ""OCM::is_operational"": true, ""OCM::operator"": ""Evie"", ""OCM::plug_types"": ""CCS (Type 2)"", ""OCM::power_kw_max"": 300.0, ""OCM::power_kw_min"": 300.0, ""OCM::power_scope"": ""dc_indicated_connection_ratings"", ""OCM::status"": ""Operational"", ""OCM::usage_cost"": ""$0.60 per kWh"", ""OSM::access_condition"": ""Free Access"", ""OSM::allows_card_payment"": false, ""OSM::allows_reservation"": false, ""OSM::connector_types_normalized"": ""CCS;CHAdeMO"", ""OSM::is_free"": false, ""OSM::power_scope"": ""station_reported_maximum""}",9,[]
501,,,"38 Flora Street, Sydney NSW 2232",Chargefox,4,DC,47 kW,-34.03434039,151.0726517,Sutherland Shire Council,2232,Existing Fast Chargers,0,0,0,0,0,0,0,0,0,0,0,0,0,0,0,0,0,0,0,0,0,0,0,0,0,0,0,0,0,0,4,0,0,0,0,0,0,0,0,0,Sydney - Sutherland,128,2232,review,coordinate_only,181.72073244145068,0.3078947368421052,191280,"Princes Highway, Kirrawee, NSW, 2232",Tesla Supercharger South Village,Tesla (Tesla-only charging),"{""charger_capacities"": ""250 kW"", ""charging_point_count"": 6.0, ""connector_types_normalized"": ""CCS"", ""data_provider"": ""Open Charge Map"", ""is_operational"": true, ""last_verified"": ""2022-02-02T13:08:00Z"", ""number_of_plugs"": null, ""operator"": ""Tesla (Tesla-only charging)"", ""plug_types"": ""CCS (Type 2)"", ""power_kw_max"": 250.0, ""power_kw_min"": 250.0, ""power_kw_values"": [250.0], ""power_scope"": ""dc_indicated_connection_ratings"", ""status"": ""Operational"", ""usage_cost"": ""$0.52/kWh""}",True,1,1,,address evidence is inconsistent; candidate does not pass the automatic identity gate,,False,unmatched,unmatched,,,,,,,{},,0,0,,,,False,unmatched,unmatched,,,,,,,{},,0,0,,,,False,review,review,,,OCM,OCM: address evidence is inconsistent; candidate does not pass the automatic identity gate,,no,,{},{},0,[]
502,,,"38 Swift Street, Holbrook NSW 2644",Tesla,9,DC,250 kW,-35.72254759,147.3175105,Greater Hume Shire Council,2644,Existing Fast Chargers,0,0,0,0,0,0,0,0,0,0,0,0,0,0,0,0,0,0,0,0,0,9,0,0,0,0,0,0,0,0,0,0,0,0,0,0,0,0,0,0,Murray,109,2644,accepted,coordinate_and_fuzzy_address,49.151585710362525,0.8837837837837839,296044,"Swift Street, Holbrook, New South Wales, 2644",Tesla Supercharger Holbrook,Tesla (Tesla-only charging),"{""charger_capacities"": ""250 kW"", ""charging_point_count"": 1.0, ""connector_types_normalized"": ""CCS"", ""data_provider"": ""Open Charge Map"", ""is_operational"": true, ""last_verified"": ""2024-03-06T09:49:00Z"", ""number_of_plugs"": null, ""operator"": ""Tesla (Tesla-only charging)"", ""plug_types"": ""CCS (Type 2)"", ""power_kw_max"": 250.0, ""power_kw_min"": 250.0, ""power_kw_values"": [250.0], ""power_scope"": ""dc_indicated_connection_ratings"", ""status"": ""Operational"", ""usage_cost"": ""$0.69 / kWh""}",True,1,1,,,address evidence is street-level only,False,unmatched,unmatched,,,,,,,{},,0,0,,,,False,unmatched,unmatched,,,,,,,{},,0,0,,,,False,accepted,accepted,OCM,OCM:296044,,,OCM: address evidence is street-level only,yes,,"{""OCM::charger_capacities"": ""250 kW"", ""OCM::charging_point_count"": 1.0, ""OCM::connector_types_normalized"": ""CCS"", ""OCM::data_provider"": ""Open Charge Map"", ""OCM::is_operational"": true, ""OCM::last_verified"": ""2024-03-06T09:49:00Z"", ""OCM::operator"": ""Tesla (Tesla-only charging)"", ""OCM::plug_types"": ""CCS (Type 2)"", ""OCM::power_kw_max"": 250.0, ""OCM::power_kw_min"": 250.0, ""OCM::power_kw_values"": [250.0], ""OCM::power_scope"": ""dc_indicated_connection_ratings"", ""OCM::status"": ""Operational"", ""OCM::usage_cost"": ""$0.69 / kWh""}","{""OCM::connector_types_normalized"": ""CCS"", ""OCM::is_operational"": true, ""OCM::operator"": ""Tesla (Tesla-only charging)"", ""OCM::plug_types"": ""CCS (Type 2)"", ""OCM::power_kw_max"": 250.0, ""OCM::power_kw_min"": 250.0, ""OCM::power_scope"": ""dc_indicated_connection_ratings"", ""OCM::status"": ""Operational"", ""OCM::usage_cost"": ""$0.69 / kWh""}",5,[]
510,,,"3A Cowell Street, Sydney NSW 2111",Evie Networks,2,DC,75 kW,-33.83281286,151.1277918,"Hunters Hill, The Council of the Municipality of",2111,Existing Fast Chargers,0,0,0,0,0,0,0,0,0,0,0,0,0,0,0,0,0,0,0,0,0,0,0,0,0,0,0,0,0,0,0,0,0,0,0,2,0,0,0,0,Sydney - Ryde,126,2111,unmatched,unmatched,,,,,,,{},,0,0,,,,False,accepted,coordinate_only,20.067672292084108,0.0,https://www.openstreetmap.org/node/13073547942,,,Evie Networks,"{""access_condition"": ""Free Access"", ""allows_card_payment"": false, ""allows_reservation"": false, ""charging_point_count"": 2, ""charging_point_count_raw"": 2, ""connector_types_normalized"": ""CCS"", ""data_provider"": ""OpenStreetMap"", ""is_free"": false, ""network"": """", ""number_of_plugs"": null, ""opening_hours"": """", ""power_kw_max"": null, ""power_kw_min"": null, ""power_scope"": ""station_reported_maximum"", ""pricing_info"": """"}",True,1,1,,,,False,unmatched,unmatched,,,,,,,{},,0,0,,,,False,accepted,accepted,OSM,OSM:https://www.openstreetmap.org/node/13073547942,,,OSM:https://www.openstreetmap.org/node/13073547942 is linked to multiple TfNSW rows,yes,,"{""OSM::access_condition"": ""Free Access"", ""OSM::allows_card_payment"": false, ""OSM::allows_reservation"": false, ""OSM::charging_point_count"": 2, ""OSM::charging_point_count_raw"": 2, ""OSM::connector_types_normalized"": ""CCS"", ""OSM::data_provider"": ""OpenStreetMap"", ""OSM::is_free"": false, ""OSM::power_scope"": ""station_reported_maximum""}","{""OSM::access_condition"": ""Free Access"", ""OSM::allows_card_payment"": false, ""OSM::allows_reservation"": false, ""OSM::connector_types_normalized"": ""CCS"", ""OSM::is_free"": false, ""OSM::power_scope"": ""station_reported_maximum""}",5,"[{""binding"": ""source_address_only; external identity not verified"", ""conclusion"": """", ""file"": ""data/reference/web_review/task3_104_non_ocm_web_verified.csv"", ""page_opened"": true, ""reported_confidence"": ""high"", ""url"": ""https://ev-charging-stations.com.au/chargers/nsw/breakfast-point""}]"
512,,,"4 Defries Avenue, Sydney NSW 2017",Ampol,6,DC,150 kW,-33.90556061,151.2126807,"Sydney, Council of the City of",2017,Existing Fast Chargers,0,0,0,0,0,0,0,6,0,0,0,0,0,0,0,0,0,0,0,0,0,0,0,0,0,0,0,0,0,0,0,0,0,0,0,0,0,0,0,0,Sydney - City and Inner South,117,2017,accepted,coordinate_and_fuzzy_address,11.837623190512938,0.9463414634146342,272616,"4 Defries Avenue, Zetland, New South Wales, 2017",NRMA - Sydney,Chargefox,"{""charger_capacities"": ""50 kW; 350 kW"", ""charging_point_count"": 4.0, ""connector_types_normalized"": ""CCS;CHAdeMO"", ""data_provider"": ""Open Charge Map"", ""is_operational"": true, ""last_verified"": ""2023-07-15T08:58:00Z"", ""number_of_plugs"": null, ""operator"": ""Chargefox"", ""plug_types"": ""CCS (Type 2); CHAdeMO"", ""power_kw_max"": 350.0, ""power_kw_min"": 50.0, ""power_kw_values"": [50.0, 350.0], ""power_scope"": ""dc_indicated_connection_ratings"", ""status"": ""Operational"", ""usage_cost"": ""$0.45 - $0.60/kWh""}",True,2,2,148.34663401359091,,,False,unmatched,unmatched,,,,,,,{},,0,0,,,,False,unmatched,unmatched,,,,,,,{},,0,0,,,,False,accepted,accepted,OCM,OCM:272616,,,,no,,"{""OCM::charger_capacities"": ""50 kW; 350 kW"", ""OCM::charging_point_count"": 4.0, ""OCM::connector_types_normalized"": ""CCS;CHAdeMO"", ""OCM::data_provider"": ""Open Charge Map"", ""OCM::is_operational"": true, ""OCM::last_verified"": ""2023-07-15T08:58:00Z"", ""OCM::operator"": ""Chargefox"", ""OCM::plug_types"": ""CCS (Type 2); CHAdeMO"", ""OCM::power_kw_max"": 350.0, ""OCM::power_kw_min"": 50.0, ""OCM::power_kw_values"": [50.0, 350.0], ""OCM::power_scope"": ""dc_indicated_connection_ratings"", ""OCM::status"": ""Operational"", ""OCM::usage_cost"": ""$0.45 - $0.60/kWh""}","{""OCM::connector_types_normalized"": ""CCS;CHAdeMO"", ""OCM::is_operational"": true, ""OCM::operator"": ""Chargefox"", ""OCM::plug_types"": ""CCS (Type 2); CHAdeMO"", ""OCM::power_kw_max"": 350.0, ""OCM::power_kw_min"": 50.0, ""OCM::power_scope"": ""dc_indicated_connection_ratings"", ""OCM::status"": ""Operational"", ""OCM::usage_cost"": ""$0.45 - $0.60/kWh""}",5,[]
516,,,"4 Tindall Street, Sydney NSW 2560",Evie Networks,4,DC,150 kW,-34.07206311,150.8051261,Campbelltown City Council,2560,Existing Fast Chargers,0,0,0,0,0,0,0,4,0,0,0,0,0,0,0,0,0,0,0,0,0,0,0,0,0,0,0,0,0,0,0,0,0,0,0,0,0,0,0,0,Sydney - Outer South West,123,2560,review,coordinate_only,194.37849874451743,0.3385167464114832,299879,"38 Camden Rd, Campbelltown, NSW, 2560",Chargefox Charging Station,Chargefox,"{""charger_capacities"": ""65 kW; 75 kW"", ""charging_point_count"": 1.0, ""connector_types_normalized"": ""CCS;CHAdeMO"", ""data_provider"": ""Open Charge Map"", ""is_operational"": true, ""last_verified"": ""2024-06-11T09:50:00Z"", ""number_of_plugs"": null, ""operator"": ""Chargefox"", ""plug_types"": ""CCS (Type 2); CHAdeMO"", ""power_kw_max"": 75.0, ""power_kw_min"": 65.0, ""power_kw_values"": [65.0, 75.0], ""power_scope"": ""dc_indicated_connection_ratings"", ""status"": ""Operational"", ""usage_cost"": ""$0.60/kWh""}",True,2,2,14.903496697773193,house numbers conflict; address evidence is inconsistent; another coordinate candidate is similarly close; multiple candidates have similar evidence; candidate does not pass the automatic identity gate,,False,accepted,coordinate_only,6.152719950942145,0.0,https://www.openstreetmap.org/node/11419885107,,,Evie Networks,"{""access_condition"": ""Free Access"", ""allows_card_payment"": false, ""allows_reservation"": false, ""charging_point_count"": null, ""charging_point_count_raw"": null, ""connector_types_normalized"": ""CCS;CHAdeMO"", ""data_provider"": ""OpenStreetMap"", ""is_free"": false, ""network"": """", ""number_of_plugs"": null, ""opening_hours"": """", ""power_kw_max"": null, ""power_kw_min"": null, ""power_scope"": ""station_reported_maximum"", ""pricing_info"": """"}",True,3,3,78.13234378076477,,,False,review,coordinate_only,93.01746043719402,0.3385167464114832,15d06bf5-6b4a-425d-9312-bae4b17cc22b-2578,"38 Camden Rd, Campbelltown, NSW 2560",Genesis Care Campbelltown,,"{""connector_types_normalized"": ""CCS;CHAdeMO"", ""data_provider"": ""Charge@Large"", ""dc_port_count"": 4, ""number_of_plugs"": null, ""power_kw_max"": 200.0, ""power_kw_min"": 50.0, ""power_kw_values"": [50.0, 150.0, 200.0], ""power_scope"": ""dc_indicated_ports"", ""site_power_range_raw"": ""50 - 200"", ""status_counts"": {""Available"": 4}, ""status_observed_at"": null, ""total_port_count"": 4}",True,1,1,,house numbers conflict; address evidence is inconsistent; candidate does not pass the automatic identity gate,,False,accepted,accepted,OSM,OSM:https://www.openstreetmap.org/node/11419885107,OCM;Charge@Large,OCM: house numbers conflict; address evidence is inconsistent; another coordinate candidate is similarly close; multiple candidates have similar evidence; candidate does not pass the automatic identity gate; Charge@Large: house numbers conflict; address evidence is inconsistent; candidate does not pass the automatic identity gate,,no,,"{""OSM::access_condition"": ""Free Access"", ""OSM::allows_card_payment"": false, ""OSM::allows_reservation"": false, ""OSM::connector_types_normalized"": ""CCS;CHAdeMO"", ""OSM::data_provider"": ""OpenStreetMap"", ""OSM::is_free"": false, ""OSM::power_scope"": ""station_reported_maximum""}","{""OSM::access_condition"": ""Free Access"", ""OSM::allows_card_payment"": false, ""OSM::allows_reservation"": false, ""OSM::connector_types_normalized"": ""CCS;CHAdeMO"", ""OSM::is_free"": false, ""OSM::power_scope"": ""station_reported_maximum""}",5,"[{""binding"": ""same source address and OCM ID; search evidence only"", ""conclusion"": ""web_evidence_found_not_identity_proof"", ""file"": ""data/reference/web_review/task3_ocm_125_web_confidence.csv"", ""page_opened"": true, ""reported_confidence"": ""high"", ""url"": ""https://ev-charging-stations.com.au/chargers/nsw/macarthur-square""}]"
518,,,"40 Gouldsbury Street, Sydney NSW 2088",Evie Networks,2,DC,75 kW,-33.82807512,151.2434454,Mosman Municipal Council,2088,Existing Fast Chargers,0,0,0,0,0,0,0,0,0,0,0,0,0,0,0,0,0,0,0,0,0,0,0,0,0,0,0,0,0,0,0,0,0,0,0,2,0,0,0,0,Sydney - North Sydney and Hornsby,121,2088,review,coordinate_only,344.988466367611,0.1432712215320911,191164,"6 Myahgah Road, Mosman, NSW",Evie Mosman,Evie,"{""charger_capacities"": ""50 kW"", ""charging_point_count"": 1.0, ""connector_types_normalized"": ""CCS;CHAdeMO"", ""data_provider"": ""Open Charge Map"", ""is_operational"": true, ""last_verified"": ""2023-07-16T22:01:00Z"", ""number_of_plugs"": null, ""operator"": ""Evie"", ""plug_types"": ""CCS (Type 2); CHAdeMO"", ""power_kw_max"": 50.0, ""power_kw_min"": 50.0, ""power_kw_values"": [50.0], ""power_scope"": ""dc_indicated_connection_ratings"", ""status"": ""Operational"", ""usage_cost"": ""$0.40/kWh""}",True,2,2,5.0674719071013214,house numbers conflict; address evidence is inconsistent; another coordinate candidate is similarly close; multiple candidates have similar evidence; candidate does not pass the automatic identity gate,,False,unmatched,unmatched,,,,,,,{},,0,0,,,,False,unmatched,unmatched,,,,,,,{},,0,0,,,,False,review,review,,,OCM,OCM: house numbers conflict; address evidence is inconsistent; another coordinate candidate is similarly close; multiple candidates have similar evidence; candidate does not pass the automatic identity gate,,no,,{},{},0,"[{""binding"": ""same source address and OCM ID; search evidence only"", ""conclusion"": ""web_evidence_found_not_identity_proof"", ""file"": ""data/reference/web_review/task3_ocm_125_web_confidence.csv"", ""page_opened"": true, ""reported_confidence"": ""high"", ""url"": ""https://ev-charging-stations.com.au/chargers/nsw/mosman""}]"
519,,,"40 Jersey Road, Sydney NSW 2770",Chargefox,2,DC,160 kW,-33.74376581,150.809028,Blacktown City Council,2770,Existing Fast Chargers,0,0,0,0,0,0,0,0,2,0,0,0,0,0,0,0,0,0,0,0,0,0,0,0,0,0,0,0,0,0,0,0,0,0,0,0,0,0,0,0,Sydney - Blacktown,116,2770,unmatched,unmatched,,,,,,,{},,0,0,,,,False,unmatched,unmatched,,,,,,,{},,0,0,,,,False,unmatched,unmatched,,,,,,,{},,0,0,,,,False,unmatched,unmatched,,,,,,no,,{},{},0,[]
523,,,"40 Panmure Street, Sydney NSW 2155",JOLT,2,DC,25 kW,-33.68328033,150.9165856,The Hills Shire Council,2155,Existing Fast Chargers,0,0,0,0,0,0,0,0,0,0,0,0,0,0,0,0,0,0,0,0,0,0,2,0,0,0,0,0,0,0,0,0,0,0,0,0,0,0,0,0,Sydney - Baulkham Hills and Hawkesbury,115,2155,unmatched,unmatched,,,,,,,{},,0,0,,,,False,unmatched,unmatched,,,,,,,{},,0,0,,,,False,unmatched,unmatched,,,,,,,{},,0,0,,,,False,unmatched,unmatched,,,,,,no,,{},{},0,[]
527,,,"401 Cabramatta Road W, Cabramatta NSW 2166",Evie Networks,4,DC,50 kW,-33.898778,150.919791,Fairfield City Council,2166,ARENA - Driving the Nation,0,0,0,0,0,0,0,0,0,0,0,0,0,0,0,0,0,0,0,0,0,0,0,0,0,0,0,0,0,0,0,4,0,0,0,0,0,0,0,0,Sydney - South West,127,2166,accepted,coordinate_only,14.315813677711908,0.8077464788732395,191161,"Hungry Jacks, 401 Cabramatta Road, Cabramatta, NSW",Evie Cabramatta,Evie,"{""charger_capacities"": ""50 kW"", ""charging_point_count"": 2.0, ""connector_types_normalized"": ""CCS;CHAdeMO"", ""data_provider"": ""Open Charge Map"", ""is_operational"": true, ""last_verified"": ""2023-07-15T14:01:00Z"", ""number_of_plugs"": null, ""operator"": ""Evie"", ""plug_types"": ""CCS (Type 2); CHAdeMO"", ""power_kw_max"": 50.0, ""power_kw_min"": 50.0, ""power_kw_values"": [50.0], ""power_scope"": ""dc_indicated_connection_ratings"", ""status"": ""Operational"", ""usage_cost"": ""$0.40/kWh""}",True,1,1,,,address evidence is inconsistent,False,review,coordinate_only,18.63977439826486,0.0,https://www.openstreetmap.org/node/9215252226,,,Evie Networks,"{""access_condition"": ""Free Access"", ""allows_card_payment"": false, ""allows_reservation"": false, ""charging_point_count"": null, ""charging_point_count_raw"": null, ""connector_types_normalized"": ""CCS;CHAdeMO"", ""data_provider"": ""OpenStreetMap"", ""is_free"": false, ""network"": """", ""number_of_plugs"": null, ""opening_hours"": """", ""power_kw_max"": null, ""power_kw_min"": null, ""power_scope"": ""station_reported_maximum"", ""pricing_info"": """"}",True,1,1,,external ID https://www.openstreetmap.org/node/9215252226 is shared by distinct source sites,,False,unmatched,unmatched,,,,,,,{},,0,0,,,,False,accepted,accepted,OCM,OCM:191161,OSM,OSM: external ID https://www.openstreetmap.org/node/9215252226 is shared by distinct source sites,OCM: address evidence is inconsistent,yes,,"{""OCM::charger_capacities"": ""50 kW"", ""OCM::charging_point_count"": 2.0, ""OCM::connector_types_normalized"": ""CCS;CHAdeMO"", ""OCM::data_provider"": ""Open Charge Map"", ""OCM::is_operational"": true, ""OCM::last_verified"": ""2023-07-15T14:01:00Z"", ""OCM::operator"": ""Evie"", ""OCM::plug_types"": ""CCS (Type 2); CHAdeMO"", ""OCM::power_kw_max"": 50.0, ""OCM::power_kw_min"": 50.0, ""OCM::power_kw_values"": [50.0], ""OCM::power_scope"": ""dc_indicated_connection_ratings"", ""OCM::status"": ""Operational"", ""OCM::usage_cost"": ""$0.40/kWh""}","{""OCM::connector_types_normalized"": ""CCS;CHAdeMO"", ""OCM::is_operational"": true, ""OCM::operator"": ""Evie"", ""OCM::plug_types"": ""CCS (Type 2); CHAdeMO"", ""OCM::power_kw_max"": 50.0, ""OCM::power_kw_min"": 50.0, ""OCM::power_scope"": ""dc_indicated_connection_ratings"", ""OCM::status"": ""Operational"", ""OCM::usage_cost"": ""$0.40/kWh""}",5,"[{""binding"": ""same source address and OCM ID; search evidence only"", ""conclusion"": ""web_evidence_found_not_identity_proof"", ""file"": ""data/reference/web_review/task3_ocm_125_web_confidence.csv"", ""page_opened"": true, ""reported_confidence"": ""high"", ""url"": ""https://plugroo.com.au/nsw/sydney""}]"
528,,,"403 Tarean Road, Karuah NSW 2324",Chargefox,6,DC,185 kW,-32.6538509,151.9625806,Port Stephens Council,2324,Existing Fast Chargers,0,0,0,0,0,0,0,0,0,0,0,0,0,6,0,0,0,0,0,0,0,0,0,0,0,0,0,0,0,0,0,0,0,0,0,0,0,0,0,0,Hunter Valley exc Newcastle,106,2324,accepted,coordinate_and_fuzzy_address,23.653968062845834,1.0,172919,"403 Tarean Road, Karuah, New South Wales, 2324",Karuah [Chargefox],Chargefox,"{""charger_capacities"": ""50 kW; 350 kW"", ""charging_point_count"": 3.0, ""connector_types_normalized"": ""CCS;CHAdeMO"", ""data_provider"": ""Open Charge Map"", ""is_operational"": true, ""last_verified"": ""2024-05-28T05:36:00Z"", ""number_of_plugs"": null, ""operator"": ""Chargefox"", ""plug_types"": ""CCS (Type 2); CHAdeMO"", ""power_kw_max"": 350.0, ""power_kw_min"": 50.0, ""power_kw_values"": [50.0, 350.0], ""power_scope"": ""dc_indicated_connection_ratings"", ""status"": ""Operational"", ""usage_cost"": ""$0.45 - $0.60/kWh""}",True,1,1,,,,False,accepted,coordinate_only,8.183792085985182,0.0,https://www.openstreetmap.org/node/7042825731,,,Chargefox,"{""access_condition"": ""Free Access"", ""allows_card_payment"": false, ""allows_reservation"": false, ""charging_point_count"": 3, ""charging_point_count_raw"": 3, ""connector_types_normalized"": ""CCS;CHAdeMO"", ""data_provider"": ""OpenStreetMap"", ""is_free"": false, ""network"": """", ""number_of_plugs"": null, ""opening_hours"": """", ""power_kw_max"": null, ""power_kw_min"": null, ""power_scope"": ""station_reported_maximum"", ""pricing_info"": """"}",True,1,1,,,,False,unmatched,unmatched,,,,,,,{},,0,0,,,,False,accepted,accepted,OCM;OSM,OCM:172919;OSM:https://www.openstreetmap.org/node/7042825731,,,,no,,"{""OCM::charger_capacities"": ""50 kW; 350 kW"", ""OCM::charging_point_count"": 3.0, ""OCM::connector_types_normalized"": ""CCS;CHAdeMO"", ""OCM::data_provider"": ""Open Charge Map"", ""OCM::is_operational"": true, ""OCM::last_verified"": ""2024-05-28T05:36:00Z"", ""OCM::operator"": ""Chargefox"", ""OCM::plug_types"": ""CCS (Type 2); CHAdeMO"", ""OCM::power_kw_max"": 350.0, ""OCM::power_kw_min"": 50.0, ""OCM::power_kw_values"": [50.0, 350.0], ""OCM::power_scope"": ""dc_indicated_connection_ratings"", ""OCM::status"": ""Operational"", ""OCM::usage_cost"": ""$0.45 - $0.60/kWh"", ""OSM::access_condition"": ""Free Access"", ""OSM::allows_card_payment"": false, ""OSM::allows_reservation"": false, ""OSM::charging_point_count"": 3, ""OSM::charging_point_count_raw"": 3, ""OSM::connector_types_normalized"": ""CCS;CHAdeMO"", ""OSM::data_provider"": ""OpenStreetMap"", ""OSM::is_free"": false, ""OSM::power_scope"": ""station_reported_maximum""}","{""OCM::connector_types_normalized"": ""CCS;CHAdeMO"", ""OCM::is_operational"": true, ""OCM::operator"": ""Chargefox"", ""OCM::plug_types"": ""CCS (Type 2); CHAdeMO"", ""OCM::power_kw_max"": 350.0, ""OCM::power_kw_min"": 50.0, ""OCM::power_scope"": ""dc_indicated_connection_ratings"", ""OCM::status"": ""Operational"", ""OCM::usage_cost"": ""$0.45 - $0.60/kWh"", ""OSM::access_condition"": ""Free Access"", ""OSM::allows_card_payment"": false, ""OSM::allows_reservation"": false, ""OSM::connector_types_normalized"": ""CCS;CHAdeMO"", ""OSM::is_free"": false, ""OSM::power_scope"": ""station_reported_maximum""}",9,[]
529,,,"405 Pacific Highway, Sydney NSW 2064",Chargefox,2,DC,50 kW,-33.81391396,151.1777027,Willoughby City Council,2064,Existing Fast Chargers,0,0,0,0,0,0,0,0,0,0,0,0,0,0,0,0,0,0,0,0,0,0,0,0,0,0,0,0,0,0,0,2,0,0,0,0,0,0,0,0,Sydney - North Sydney and Hornsby,121,2064,unmatched,unmatched,,,,,,,{},,0,0,,,,False,unmatched,unmatched,,,,,,,{},,0,0,,,,False,unmatched,unmatched,,,,,,,{},,0,0,,,,False,unmatched,unmatched,,,,,,no,,{},{},0,"[{""binding"": ""source_address_only; external identity not verified"", ""conclusion"": """", ""file"": ""data/reference/web_review/task3_104_non_ocm_web_verified.csv"", ""page_opened"": false, ""reported_confidence"": ""medium"", ""url"": ""https://www.plugroo.com.au/nsw/cammeray""}]"
531,,,"41 Bruxner Highway, Ballina NSW 2478",BP,2,DC,75 kW,-28.86161666,153.5169069,Ballina Shire Council,2478,Existing Fast Chargers,0,0,0,0,0,0,0,0,0,0,0,0,0,0,0,0,0,0,0,0,0,0,0,0,0,0,0,0,0,0,0,0,0,0,0,2,0,0,0,0,Richmond - Tweed,112,2478,unmatched,unmatched,,,,,,,{},,0,0,,,,False,accepted,coordinate_only,5.130639521273476,0.0,https://www.openstreetmap.org/node/10687073170,,,bp pulse,"{""access_condition"": ""Free Access"", ""allows_card_payment"": false, ""allows_reservation"": false, ""charging_point_count"": 2, ""charging_point_count_raw"": 2, ""connector_types_normalized"": ""CCS"", ""data_provider"": ""OpenStreetMap"", ""is_free"": false, ""network"": ""bp pulse"", ""number_of_plugs"": null, ""opening_hours"": """", ""power_kw_max"": null, ""power_kw_min"": null, ""power_scope"": ""station_reported_maximum"", ""pricing_info"": """"}",True,1,1,,,,False,unmatched,unmatched,,,,,,,{},,0,0,,,,False,accepted,accepted,OSM,OSM:https://www.openstreetmap.org/node/10687073170,,,,no,,"{""OSM::access_condition"": ""Free Access"", ""OSM::allows_card_payment"": false, ""OSM::allows_reservation"": false, ""OSM::charging_point_count"": 2, ""OSM::charging_point_count_raw"": 2, ""OSM::connector_types_normalized"": ""CCS"", ""OSM::data_provider"": ""OpenStreetMap"", ""OSM::is_free"": false, ""OSM::network"": ""bp pulse"", ""OSM::power_scope"": ""station_reported_maximum""}","{""OSM::access_condition"": ""Free Access"", ""OSM::allows_card_payment"": false, ""OSM::allows_reservation"": false, ""OSM::connector_types_normalized"": ""CCS"", ""OSM::is_free"": false, ""OSM::network"": ""bp pulse"", ""OSM::power_scope"": ""station_reported_maximum""}",6,"[{""binding"": ""source_address_only; external identity not verified"", ""conclusion"": """", ""file"": ""data/reference/web_review/task3_104_non_ocm_web_verified.csv"", ""page_opened"": true, ""reported_confidence"": ""high"", ""url"": ""https://ev-charging-stations.com.au/chargers/bp-pulse-41-bruxner-highway-ballina-nsw-2478""}]"
535,,,"41 Yobarnie Avenue, Richmond NSW 2754",Exploren,2,DC,180 kW,-33.58328633,150.7009239,Hawkesbury City Council,2754,Existing Fast Chargers,0,0,0,0,0,0,0,0,0,0,0,0,2,0,0,0,0,0,0,0,0,0,0,0,0,0,0,0,0,0,0,0,0,0,0,0,0,0,0,0,Sydney - Outer West and Blue Mountains,124,2754,unmatched,unmatched,,,,,,,{},,0,0,,,,False,unmatched,unmatched,,,,,,,{},,0,0,,,,False,accepted,coordinate_and_fuzzy_address,0.09108904951871903,0.9777777777777779,15d06bf5-6b4a-425d-9312-bae4b17cc22b-2088,"41 Yobarnie Ave, North Richmond, NSW 2754",Redbank Village,,"{""connector_types_normalized"": ""CCS"", ""data_provider"": ""Charge@Large"", ""dc_port_count"": 2, ""number_of_plugs"": null, ""power_kw_max"": 180.0, ""power_kw_min"": 180.0, ""power_kw_values"": [180.0], ""power_scope"": ""dc_indicated_ports"", ""site_power_range_raw"": ""180"", ""status_counts"": {""Available"": 2}, ""status_observed_at"": null, ""total_port_count"": 2}",True,1,1,,,,False,accepted,accepted,Charge@Large,Charge@Large:15d06bf5-6b4a-425d-9312-bae4b17cc22b-2088,,,,no,,"{""Charge@Large::connector_types_normalized"": ""CCS"", ""Charge@Large::data_provider"": ""Charge@Large"", ""Charge@Large::dc_port_count"": 2, ""Charge@Large::power_kw_max"": 180.0, ""Charge@Large::power_kw_min"": 180.0, ""Charge@Large::power_kw_values"": [180.0], ""Charge@Large::power_scope"": ""dc_indicated_ports"", ""Charge@Large::site_power_range_raw"": ""180"", ""Charge@Large::status_counts"": {""Available"": 2}, ""Charge@Large::total_port_count"": 2}","{""Charge@Large::connector_types_normalized"": ""CCS"", ""Charge@Large::dc_port_count"": 2, ""Charge@Large::power_kw_max"": 180.0, ""Charge@Large::power_kw_min"": 180.0, ""Charge@Large::power_scope"": ""dc_indicated_ports"", ""Charge@Large::status_counts"": {""Available"": 2}, ""Charge@Large::total_port_count"": 2}",2,"[{""binding"": ""source_address_only; external identity not verified"", ""conclusion"": """", ""file"": ""data/reference/web_review/task3_104_non_ocm_web_verified.csv"", ""page_opened"": true, ""reported_confidence"": ""low"", ""url"": ""https://www.property.com.au/nsw/north-richmond-2754/yobarnie-ave/41-pid-20879712/""}]"
539,,,"417-439 Bunnerong Road, Sydney NSW 2035",Chargefox,8,DC,25 kW,-33.95139644,151.232049,Randwick City Council,2035,Existing Fast Chargers,0,0,0,0,0,0,0,0,0,0,0,0,0,0,0,0,0,0,0,0,0,0,8,0,0,0,0,0,0,0,0,0,0,0,0,0,0,0,0,0,Sydney - Eastern Suburbs,118,2035,unmatched,unmatched,,,,,,,{},,0,0,,,,False,unmatched,unmatched,,,,,,,{},,0,0,,,,False,unmatched,unmatched,,,,,,,{},,0,0,,,,False,unmatched,unmatched,,,,,,no,,{},{},0,[]
541,,,"42 Camden Road, Sydney NSW 2560",Chargefox,4,DC,200 kW,-34.07161666,150.8059289,Campbelltown City Council,2560,Existing Fast Chargers,0,0,0,0,0,0,0,0,0,0,0,0,0,0,0,4,0,0,0,0,0,0,0,0,0,0,0,0,0,0,0,0,0,0,0,0,0,0,0,0,Sydney - Outer South West,123,2560,review,coordinate_only,107.62472523699611,0.8090909090909092,299879,"38 Camden Rd, Campbelltown, NSW, 2560",Chargefox Charging Station,Chargefox,"{""charger_capacities"": ""65 kW; 75 kW"", ""charging_point_count"": 1.0, ""connector_types_normalized"": ""CCS;CHAdeMO"", ""data_provider"": ""Open Charge Map"", ""is_operational"": true, ""last_verified"": ""2024-06-11T09:50:00Z"", ""number_of_plugs"": null, ""operator"": ""Chargefox"", ""plug_types"": ""CCS (Type 2); CHAdeMO"", ""power_kw_max"": 75.0, ""power_kw_min"": 65.0, ""power_kw_values"": [65.0, 75.0], ""power_scope"": ""dc_indicated_connection_ratings"", ""status"": ""Operational"", ""usage_cost"": ""$0.60/kWh""}",True,2,2,19.21782424473156,house numbers conflict; address evidence is inconsistent; another coordinate candidate is similarly close; multiple candidates have similar evidence; candidate does not pass the automatic identity gate,,False,accepted,coordinate_only,5.649609547883191,0.0,https://www.openstreetmap.org/node/11842761957,,,Chargefox,"{""access_condition"": ""Free Access"", ""allows_card_payment"": false, ""allows_reservation"": false, ""charging_point_count"": 4, ""charging_point_count_raw"": 4, ""connector_types_normalized"": ""CHAdeMO;Type2"", ""data_provider"": ""OpenStreetMap"", ""is_free"": false, ""network"": """", ""number_of_plugs"": null, ""opening_hours"": """", ""power_kw_max"": null, ""power_kw_min"": null, ""power_scope"": ""station_reported_maximum"", ""pricing_info"": """"}",True,3,3,77.44986010325051,,,False,review,coordinate_only,4.337400532345186,0.8090909090909092,15d06bf5-6b4a-425d-9312-bae4b17cc22b-2578,"38 Camden Rd, Campbelltown, NSW 2560",Genesis Care Campbelltown,,"{""connector_types_normalized"": ""CCS;CHAdeMO"", ""data_provider"": ""Charge@Large"", ""dc_port_count"": 4, ""number_of_plugs"": null, ""power_kw_max"": 200.0, ""power_kw_min"": 50.0, ""power_kw_values"": [50.0, 150.0, 200.0], ""power_scope"": ""dc_indicated_ports"", ""site_power_range_raw"": ""50 - 200"", ""status_counts"": {""Available"": 4}, ""status_observed_at"": null, ""total_port_count"": 4}",True,1,1,,house numbers conflict; address evidence is inconsistent; candidate does not pass the automatic identity gate,,False,accepted,accepted,OSM,OSM:https://www.openstreetmap.org/node/11842761957,OCM;Charge@Large,OCM: house numbers conflict; address evidence is inconsistent; another coordinate candidate is similarly close; multiple candidates have similar evidence; candidate does not pass the automatic identity gate; Charge@Large: house numbers conflict; address evidence is inconsistent; candidate does not pass the automatic identity gate,,no,,"{""OSM::access_condition"": ""Free Access"", ""OSM::allows_card_payment"": false, ""OSM::allows_reservation"": false, ""OSM::charging_point_count"": 4, ""OSM::charging_point_count_raw"": 4, ""OSM::connector_types_normalized"": ""CHAdeMO;Type2"", ""OSM::data_provider"": ""OpenStreetMap"", ""OSM::is_free"": false, ""OSM::power_scope"": ""station_reported_maximum""}","{""OSM::access_condition"": ""Free Access"", ""OSM::allows_card_payment"": false, ""OSM::allows_reservation"": false, ""OSM::connector_types_normalized"": ""CHAdeMO;Type2"", ""OSM::is_free"": false, ""OSM::power_scope"": ""station_reported_maximum""}",5,"[{""binding"": ""same source address and OCM ID; search evidence only"", ""conclusion"": ""web_evidence_found_not_identity_proof"", ""file"": ""data/reference/web_review/task3_ocm_125_web_confidence.csv"", ""page_opened"": false, ""reported_confidence"": ""low"", ""url"": ""https://www.chargeroute.au/ev-chargers/150kw""}]"
550,,,"44 Bangalow Road, Ballina NSW 2478",Chargefox,4,DC,120 kW,-28.85743948,153.5614054,Ballina Shire Council,2478,Existing Fast Chargers,0,0,4,0,0,0,0,0,0,0,0,0,0,0,0,0,0,0,0,0,0,0,0,0,0,0,0,0,0,0,0,0,0,0,0,0,0,0,0,0,Richmond - Tweed,112,2478,accepted,coordinate_and_fuzzy_address,35.187018229295724,1.0,190225,"44 Bangalow Road, Ballina, New South Wales, 2478",NRMA Ballina,Chargefox,"{""charger_capacities"": ""50 kW; 84 kW"", ""charging_point_count"": 3.0, ""connector_types_normalized"": ""CCS;CHAdeMO"", ""data_provider"": ""Open Charge Map"", ""is_operational"": true, ""last_verified"": ""2023-07-13T11:04:00Z"", ""number_of_plugs"": null, ""operator"": ""Chargefox"", ""plug_types"": ""CCS (Type 2); CHAdeMO"", ""power_kw_max"": 84.0, ""power_kw_min"": 50.0, ""power_kw_values"": [50.0, 84.0], ""power_scope"": ""dc_indicated_connection_ratings"", ""status"": ""Partly Operational (Mixed)"", ""usage_cost"": ""Ultra-Rapid: $0.60/kWh, Rapid: $0.40/kWh""}",True,1,1,,,,False,unmatched,unmatched,,,,,,,{},,0,0,,,,False,unmatched,unmatched,,,,,,,{},,0,0,,,,False,accepted,accepted,OCM,OCM:190225,,,,no,,"{""OCM::charger_capacities"": ""50 kW; 84 kW"", ""OCM::charging_point_count"": 3.0, ""OCM::connector_types_normalized"": ""CCS;CHAdeMO"", ""OCM::data_provider"": ""Open Charge Map"", ""OCM::is_operational"": true, ""OCM::last_verified"": ""2023-07-13T11:04:00Z"", ""OCM::operator"": ""Chargefox"", ""OCM::plug_types"": ""CCS (Type 2); CHAdeMO"", ""OCM::power_kw_max"": 84.0, ""OCM::power_kw_min"": 50.0, ""OCM::power_kw_values"": [50.0, 84.0], ""OCM::power_scope"": ""dc_indicated_connection_ratings"", ""OCM::status"": ""Partly Operational (Mixed)"", ""OCM::usage_cost"": ""Ultra-Rapid: $0.60/kWh, Rapid: $0.40/kWh""}","{""OCM::connector_types_normalized"": ""CCS;CHAdeMO"", ""OCM::is_operational"": true, ""OCM::operator"": ""Chargefox"", ""OCM::plug_types"": ""CCS (Type 2); CHAdeMO"", ""OCM::power_kw_max"": 84.0, ""OCM::power_kw_min"": 50.0, ""OCM::power_scope"": ""dc_indicated_connection_ratings"", ""OCM::status"": ""Partly Operational (Mixed)"", ""OCM::usage_cost"": ""Ultra-Rapid: $0.60/kWh, Rapid: $0.40/kWh""}",5,[]
551,,,"44 Broadarrow Road, Sydney NSW 2209",JOLT,2,DC,25 kW,-33.94841746,151.0710831,Georges River Council,2209,Existing Fast Chargers,0,0,0,0,0,0,0,0,0,0,0,0,0,0,0,0,0,0,0,0,0,0,2,0,0,0,0,0,0,0,0,0,0,0,0,0,0,0,0,0,Sydney - Inner South West,119,2209,unmatched,unmatched,,,,,,,{},,0,0,,,,False,unmatched,unmatched,,,,,,,{},,0,0,,,,False,unmatched,unmatched,,,,,,,{},,0,0,,,,False,unmatched,unmatched,,,,,,no,,{},{},0,[]
554,,,"44 Molesworth Street, Lismore NSW 2480",Chargefox,2,DC,75 kW,-28.80654859,153.2786376,Lismore City Council,2480,Existing Fast Chargers,0,0,0,0,0,0,0,0,0,0,0,0,0,0,0,0,0,0,0,0,0,0,0,0,0,0,0,0,0,0,0,0,0,0,0,2,0,0,0,0,Richmond - Tweed,112,2480,accepted,coordinate_and_fuzzy_address,31.19227742332377,1.0,273220,"44 Molesworth St, Lismore, New South Wales, 2480",Lismore City Council,Chargefox,"{""charger_capacities"": ""63 kW; 75 kW"", ""charging_point_count"": 1.0, ""connector_types_normalized"": ""CCS;CHAdeMO"", ""data_provider"": ""Open Charge Map"", ""is_operational"": true, ""last_verified"": ""2025-09-05T00:49:00Z"", ""number_of_plugs"": null, ""operator"": ""Chargefox"", ""plug_types"": ""CCS (Type 2); CHAdeMO"", ""power_kw_max"": 75.0, ""power_kw_min"": 63.0, ""power_kw_values"": [63.0, 75.0], ""power_scope"": ""dc_indicated_connection_ratings"", ""status"": ""Operational"", ""usage_cost"": ""$0.50 per kWh""}",True,1,1,,,,False,unmatched,unmatched,,,,,,,{},,0,0,,,,False,unmatched,unmatched,,,,,,,{},,0,0,,,,False,accepted,accepted,OCM,OCM:273220,,,,no,,"{""OCM::charger_capacities"": ""63 kW; 75 kW"", ""OCM::charging_point_count"": 1.0, ""OCM::connector_types_normalized"": ""CCS;CHAdeMO"", ""OCM::data_provider"": ""Open Charge Map"", ""OCM::is_operational"": true, ""OCM::last_verified"": ""2025-09-05T00:49:00Z"", ""OCM::operator"": ""Chargefox"", ""OCM::plug_types"": ""CCS (Type 2); CHAdeMO"", ""OCM::power_kw_max"": 75.0, ""OCM::power_kw_min"": 63.0, ""OCM::power_kw_values"": [63.0, 75.0], ""OCM::power_scope"": ""dc_indicated_connection_ratings"", ""OCM::status"": ""Operational"", ""OCM::usage_cost"": ""$0.50 per kWh""}","{""OCM::connector_types_normalized"": ""CCS;CHAdeMO"", ""OCM::is_operational"": true, ""OCM::operator"": ""Chargefox"", ""OCM::plug_types"": ""CCS (Type 2); CHAdeMO"", ""OCM::power_kw_max"": 75.0, ""OCM::power_kw_min"": 63.0, ""OCM::power_scope"": ""dc_indicated_connection_ratings"", ""OCM::status"": ""Operational"", ""OCM::usage_cost"": ""$0.50 per kWh""}",5,[]
561,,,"455 George Street, Sydney NSW 2000",Exploren,2,DC,60 kW,-33.87152357,151.2067017,"Sydney, Council of the City of",2000,Existing Fast Chargers,0,0,0,0,0,0,0,0,0,0,0,0,0,0,0,0,0,0,0,0,0,0,0,0,0,0,0,0,0,0,0,0,0,2,0,0,0,0,0,0,Sydney - City and Inner South,117,2000,unmatched,unmatched,,,,,,,{},,0,0,,,,False,unmatched,unmatched,,,,,,,{},,0,0,,,,False,accepted,coordinate_only,0.0673346031535734,0.6905797101449276,15d06bf5-6b4a-425d-9312-bae4b17cc22b-1860,"15-17/455 George St, Sydney, NSW 2000",Queen Victoria Building - Vicinity,,"{""connector_types_normalized"": ""CCS"", ""data_provider"": ""Charge@Large"", ""dc_port_count"": 2, ""number_of_plugs"": null, ""power_kw_max"": 60.0, ""power_kw_min"": 60.0, ""power_kw_values"": [60.0], ""power_scope"": ""dc_indicated_ports"", ""site_power_range_raw"": ""60"", ""status_counts"": {""Available"": 2}, ""status_observed_at"": null, ""total_port_count"": 2}",True,1,1,,,address evidence is inconsistent,False,accepted,accepted,Charge@Large,Charge@Large:15d06bf5-6b4a-425d-9312-bae4b17cc22b-1860,,,Charge@Large: address evidence is inconsistent,yes,,"{""Charge@Large::connector_types_normalized"": ""CCS"", ""Charge@Large::data_provider"": ""Charge@Large"", ""Charge@Large::dc_port_count"": 2, ""Charge@Large::power_kw_max"": 60.0, ""Charge@Large::power_kw_min"": 60.0, ""Charge@Large::power_kw_values"": [60.0], ""Charge@Large::power_scope"": ""dc_indicated_ports"", ""Charge@Large::site_power_range_raw"": ""60"", ""Charge@Large::status_counts"": {""Available"": 2}, ""Charge@Large::total_port_count"": 2}","{""Charge@Large::connector_types_normalized"": ""CCS"", ""Charge@Large::dc_port_count"": 2, ""Charge@Large::power_kw_max"": 60.0, ""Charge@Large::power_kw_min"": 60.0, ""Charge@Large::power_scope"": ""dc_indicated_ports"", ""Charge@Large::status_counts"": {""Available"": 2}, ""Charge@Large::total_port_count"": 2}",2,[]
564,,,"4-6 New Street, Lawson NSW 2783",Evie Networks,4,DC,50 kW,-33.720695,150.429727,Blue Mountains City Council,2783,ARENA - Driving the Nation,0,0,0,0,0,0,0,0,0,0,0,0,0,0,0,0,0,0,0,0,0,0,0,0,0,0,0,0,0,0,0,4,0,0,0,0,0,0,0,0,Sydney - Outer West and Blue Mountains,124,2783,accepted,coordinate_and_fuzzy_address,1.768852977862489,1.0,266540,"4-6 New Street, Lawson, New South Wales, 2783",Evie Lawson,Evie,"{""charger_capacities"": ""50 kW"", ""charging_point_count"": 2.0, ""connector_types_normalized"": ""CCS;CHAdeMO"", ""data_provider"": ""Open Charge Map"", ""is_operational"": true, ""last_verified"": ""2023-07-15T13:41:00Z"", ""number_of_plugs"": null, ""operator"": ""Evie"", ""plug_types"": ""CCS (Type 2); CHAdeMO"", ""power_kw_max"": 50.0, ""power_kw_min"": 50.0, ""power_kw_values"": [50.0], ""power_scope"": ""dc_indicated_connection_ratings"", ""status"": ""Operational"", ""usage_cost"": ""$0.45 per kWh. ""}",True,1,1,,,,False,accepted,coordinate_only,1.0733609979948466,0.0,https://www.openstreetmap.org/node/12404567155,,,Evie Networks,"{""access_condition"": ""Free Access"", ""allows_card_payment"": false, ""allows_reservation"": false, ""charging_point_count"": 2, ""charging_point_count_raw"": 2, ""connector_types_normalized"": ""CCS;CHAdeMO"", ""data_provider"": ""OpenStreetMap"", ""is_free"": false, ""network"": """", ""number_of_plugs"": null, ""opening_hours"": """", ""power_kw_max"": null, ""power_kw_min"": null, ""power_scope"": ""station_reported_maximum"", ""pricing_info"": """"}",True,1,1,,,,False,unmatched,unmatched,,,,,,,{},,0,0,,,,False,accepted,accepted,OCM;OSM,OCM:266540;OSM:https://www.openstreetmap.org/node/12404567155,,,,no,,"{""OCM::charger_capacities"": ""50 kW"", ""OCM::charging_point_count"": 2.0, ""OCM::connector_types_normalized"": ""CCS;CHAdeMO"", ""OCM::data_provider"": ""Open Charge Map"", ""OCM::is_operational"": true, ""OCM::last_verified"": ""2023-07-15T13:41:00Z"", ""OCM::operator"": ""Evie"", ""OCM::plug_types"": ""CCS (Type 2); CHAdeMO"", ""OCM::power_kw_max"": 50.0, ""OCM::power_kw_min"": 50.0, ""OCM::power_kw_values"": [50.0], ""OCM::power_scope"": ""dc_indicated_connection_ratings"", ""OCM::status"": ""Operational"", ""OCM::usage_cost"": ""$0.45 per kWh. "", ""OSM::access_condition"": ""Free Access"", ""OSM::allows_card_payment"": false, ""OSM::allows_reservation"": false, ""OSM::charging_point_count"": 2, ""OSM::charging_point_count_raw"": 2, ""OSM::connector_types_normalized"": ""CCS;CHAdeMO"", ""OSM::data_provider"": ""OpenStreetMap"", ""OSM::is_free"": false, ""OSM::power_scope"": ""station_reported_maximum""}","{""OCM::connector_types_normalized"": ""CCS;CHAdeMO"", ""OCM::is_operational"": true, ""OCM::operator"": ""Evie"", ""OCM::plug_types"": ""CCS (Type 2); CHAdeMO"", ""OCM::power_kw_max"": 50.0, ""OCM::power_kw_min"": 50.0, ""OCM::power_scope"": ""dc_indicated_connection_ratings"", ""OCM::status"": ""Operational"", ""OCM::usage_cost"": ""$0.45 per kWh. "", ""OSM::access_condition"": ""Free Access"", ""OSM::allows_card_payment"": false, ""OSM::allows_reservation"": false, ""OSM::connector_types_normalized"": ""CCS;CHAdeMO"", ""OSM::is_free"": false, ""OSM::power_scope"": ""station_reported_maximum""}",9,[]
565,,,"4-6 Niangala Close, Belrose NSW 2085",Evie Networks,4,DC,50 kW,-33.703313,151.213158,Northern Beaches Council,2085,ARENA - Driving the Nation,0,0,0,0,0,0,0,0,0,0,0,0,0,0,0,0,0,0,0,0,0,0,0,0,0,0,0,0,0,0,0,4,0,0,0,0,0,0,0,0,Sydney - Northern Beaches,122,2085,accepted,coordinate_and_fuzzy_address,31.09933831986117,1.0,272633,"4-6 Niangala Close, Belrose, NSW, 2085",Belrose Home,Evie,"{""charger_capacities"": ""50 kW"", ""charging_point_count"": 2.0, ""connector_types_normalized"": ""CCS;CHAdeMO"", ""data_provider"": ""Open Charge Map"", ""is_operational"": true, ""last_verified"": ""2023-07-15T12:14:00Z"", ""number_of_plugs"": null, ""operator"": ""Evie"", ""plug_types"": ""CCS (Type 2); CHAdeMO"", ""power_kw_max"": 50.0, ""power_kw_min"": 50.0, ""power_kw_values"": [50.0], ""power_scope"": ""dc_indicated_connection_ratings"", ""status"": ""Operational"", ""usage_cost"": """"}",True,1,1,,,,False,accepted,coordinate_only,43.36079706311809,0.0,https://www.openstreetmap.org/node/10035347983,,,Evie Networks,"{""access_condition"": ""Free Access"", ""allows_card_payment"": false, ""allows_reservation"": false, ""charging_point_count"": null, ""charging_point_count_raw"": null, ""connector_types_normalized"": ""CCS;CHAdeMO"", ""data_provider"": ""OpenStreetMap"", ""is_free"": false, ""network"": """", ""number_of_plugs"": null, ""opening_hours"": """", ""power_kw_max"": null, ""power_kw_min"": null, ""power_scope"": ""station_reported_maximum"", ""pricing_info"": """"}",True,1,1,,,,False,unmatched,unmatched,,,,,,,{},,0,0,,,,False,accepted,accepted,OCM;OSM,OCM:272633;OSM:https://www.openstreetmap.org/node/10035347983,,,,no,,"{""OCM::charger_capacities"": ""50 kW"", ""OCM::charging_point_count"": 2.0, ""OCM::connector_types_normalized"": ""CCS;CHAdeMO"", ""OCM::data_provider"": ""Open Charge Map"", ""OCM::is_operational"": true, ""OCM::last_verified"": ""2023-07-15T12:14:00Z"", ""OCM::operator"": ""Evie"", ""OCM::plug_types"": ""CCS (Type 2); CHAdeMO"", ""OCM::power_kw_max"": 50.0, ""OCM::power_kw_min"": 50.0, ""OCM::power_kw_values"": [50.0], ""OCM::power_scope"": ""dc_indicated_connection_ratings"", ""OCM::status"": ""Operational"", ""OSM::access_condition"": ""Free Access"", ""OSM::allows_card_payment"": false, ""OSM::allows_reservation"": false, ""OSM::connector_types_normalized"": ""CCS;CHAdeMO"", ""OSM::data_provider"": ""OpenStreetMap"", ""OSM::is_free"": false, ""OSM::power_scope"": ""station_reported_maximum""}","{""OCM::connector_types_normalized"": ""CCS;CHAdeMO"", ""OCM::is_operational"": true, ""OCM::operator"": ""Evie"", ""OCM::plug_types"": ""CCS (Type 2); CHAdeMO"", ""OCM::power_kw_max"": 50.0, ""OCM::power_kw_min"": 50.0, ""OCM::power_scope"": ""dc_indicated_connection_ratings"", ""OCM::status"": ""Operational"", ""OSM::access_condition"": ""Free Access"", ""OSM::allows_card_payment"": false, ""OSM::allows_reservation"": false, ""OSM::connector_types_normalized"": ""CCS;CHAdeMO"", ""OSM::is_free"": false, ""OSM::power_scope"": ""station_reported_maximum""}",8,[]
568,,,"461 Victoria Road, Sydney NSW 2111",Exploren,2,DC,120 kW,-33.8208589,151.121011,"Ryde, Council of the City of",2111,Existing Fast Chargers,0,0,2,0,0,0,0,0,0,0,0,0,0,0,0,0,0,0,0,0,0,0,0,0,0,0,0,0,0,0,0,0,0,0,0,0,0,0,0,0,Sydney - Ryde,126,2111,unmatched,unmatched,,,,,,,{},,0,0,,,,False,accepted,coordinate_only,34.37424239427022,0.0,https://www.openstreetmap.org/node/13073647400,,,Exploren,"{""access_condition"": ""Free Access"", ""allows_card_payment"": false, ""allows_reservation"": false, ""charging_point_count"": 2, ""charging_point_count_raw"": 2, ""connector_types_normalized"": ""CCS"", ""data_provider"": ""OpenStreetMap"", ""is_free"": false, ""network"": ""Bunnings"", ""number_of_plugs"": null, ""opening_hours"": """", ""power_kw_max"": null, ""power_kw_min"": null, ""power_scope"": ""station_reported_maximum"", ""pricing_info"": """"}",True,1,1,,,,False,accepted,coordinate_and_fuzzy_address,0.15594675080074413,0.9469387755102041,15d06bf5-6b4a-425d-9312-bae4b17cc22b-1827,"461 Victoria Rd, Gladesville, NSW 2111",Bunnings Gladesville,,"{""connector_types_normalized"": ""CCS"", ""data_provider"": ""Charge@Large"", ""dc_port_count"": 2, ""number_of_plugs"": null, ""power_kw_max"": 120.0, ""power_kw_min"": 120.0, ""power_kw_values"": [120.0], ""power_scope"": ""dc_indicated_ports"", ""site_power_range_raw"": ""120"", ""status_counts"": {""Available"": 2}, ""status_observed_at"": null, ""total_port_count"": 2}",True,1,1,,,,False,accepted,accepted,OSM;Charge@Large,OSM:https://www.openstreetmap.org/node/13073647400;Charge@Large:15d06bf5-6b4a-425d-9312-bae4b17cc22b-1827,,,,no,,"{""Charge@Large::connector_types_normalized"": ""CCS"", ""Charge@Large::data_provider"": ""Charge@Large"", ""Charge@Large::dc_port_count"": 2, ""Charge@Large::power_kw_max"": 120.0, ""Charge@Large::power_kw_min"": 120.0, ""Charge@Large::power_kw_values"": [120.0], ""Charge@Large::power_scope"": ""dc_indicated_ports"", ""Charge@Large::site_power_range_raw"": ""120"", ""Charge@Large::status_counts"": {""Available"": 2}, ""Charge@Large::total_port_count"": 2, ""OSM::access_condition"": ""Free Access"", ""OSM::allows_card_payment"": false, ""OSM::allows_reservation"": false, ""OSM::charging_point_count"": 2, ""OSM::charging_point_count_raw"": 2, ""OSM::connector_types_normalized"": ""CCS"", ""OSM::data_provider"": ""OpenStreetMap"", ""OSM::is_free"": false, ""OSM::network"": ""Bunnings"", ""OSM::power_scope"": ""station_reported_maximum""}","{""Charge@Large::connector_types_normalized"": ""CCS"", ""Charge@Large::dc_port_count"": 2, ""Charge@Large::power_kw_max"": 120.0, ""Charge@Large::power_kw_min"": 120.0, ""Charge@Large::power_scope"": ""dc_indicated_ports"", ""Charge@Large::status_counts"": {""Available"": 2}, ""Charge@Large::total_port_count"": 2, ""OSM::access_condition"": ""Free Access"", ""OSM::allows_card_payment"": false, ""OSM::allows_reservation"": false, ""OSM::connector_types_normalized"": ""CCS"", ""OSM::is_free"": false, ""OSM::network"": ""Bunnings"", ""OSM::power_scope"": ""station_reported_maximum""}",7,"[{""binding"": ""source_address_only; external identity not verified"", ""conclusion"": """", ""file"": ""data/reference/web_review/task3_104_non_ocm_web_verified.csv"", ""page_opened"": true, ""reported_confidence"": ""high"", ""url"": ""https://ev-charging-stations.com.au/chargers/exploren-461-victoria-road-sydney-nsw-2111""}]"
572,,,"472 Pacific Highway, Sydney NSW 2066",JOLT,2,DC,25 kW,-33.80837842,151.1785636,Lane Cove Municipal Council,2066,Existing Fast Chargers,0,0,0,0,0,0,0,0,0,0,0,0,0,0,0,0,0,0,0,0,0,0,2,0,0,0,0,0,0,0,0,0,0,0,0,0,0,0,0,0,Sydney - North Sydney and Hornsby,121,2066,unmatched,unmatched,,,,,,,{},,0,0,,,,False,unmatched,unmatched,,,,,,,{},,0,0,,,,False,unmatched,unmatched,,,,,,,{},,0,0,,,,False,unmatched,unmatched,,,,,,no,,{},{},0,[]
573,,,"47-49A Cleary Street, Newcastle NSW 2303",Chargefox,2,DC,60 kW,-32.92120425,151.747975,Newcastle City Council,2303,Existing Fast Chargers,0,0,0,0,0,0,0,0,0,0,0,0,0,0,0,0,0,0,0,0,0,0,0,0,0,0,0,0,0,0,0,0,0,2,0,0,0,0,0,0,Newcastle and Lake Macquarie,111,2303,unmatched,unmatched,,,,,,,{},,0,0,,,,False,unmatched,unmatched,,,,,,,{},,0,0,,,,False,unmatched,unmatched,,,,,,,{},,0,0,,,,False,unmatched,unmatched,,,,,,no,,{},{},0,[]
574,,,"481 Princes Highway, Sydney NSW 2232",Ampol,2,DC,150 kW,-34.02936741,151.0807237,Sutherland Shire Council,2232,Existing Fast Chargers,0,0,0,0,0,0,0,2,0,0,0,0,0,0,0,0,0,0,0,0,0,0,0,0,0,0,0,0,0,0,0,0,0,0,0,0,0,0,0,0,Sydney - Sutherland,128,2232,unmatched,unmatched,,,,,,,{},,0,0,,,,False,unmatched,unmatched,,,,,,,{},,0,0,,,,False,unmatched,unmatched,,,,,,,{},,0,0,,,,False,unmatched,unmatched,,,,,,no,,{},{},0,[]
575,,,"487 Sydney Road, Sydney NSW 2093",BP,2,DC,75 kW,-33.7953594,151.255969,Northern Beaches Council,2093,Existing Fast Chargers,0,0,0,0,0,0,0,0,0,0,0,0,0,0,0,0,0,0,0,0,0,0,0,0,0,0,0,0,0,0,0,0,0,0,0,2,0,0,0,0,Sydney - Northern Beaches,122,2093,unmatched,unmatched,,,,,,,{},,0,0,,,,False,unmatched,unmatched,,,,,,,{},,0,0,,,,False,unmatched,unmatched,,,,,,,{},,0,0,,,,False,unmatched,unmatched,,,,,,no,,{},{},0,[]
587,,,"5 Ray Street, Sydney NSW 2074",Exploren,2,DC,40 kW,-33.73201706,151.1273493,Ku-ring-gai Council,2074,Existing Fast Chargers,0,0,0,0,0,0,0,0,0,0,0,0,0,0,0,0,0,0,0,0,0,0,0,0,0,0,0,0,2,0,0,0,0,0,0,0,0,0,0,0,Sydney - North Sydney and Hornsby,121,2074,unmatched,unmatched,,,,,,,{},,0,0,,,,False,unmatched,unmatched,,,,,,,{},,0,0,,,,False,accepted,coordinate_and_fuzzy_address,0.05972605561584468,0.9058823529411766,15d06bf5-6b4a-425d-9312-bae4b17cc22b-1309,"5 Ray St, Turramurra, NSW 2074",Turramurra Library,,"{""connector_types_normalized"": ""CCS"", ""data_provider"": ""Charge@Large"", ""dc_port_count"": 2, ""number_of_plugs"": null, ""power_kw_max"": 40.0, ""power_kw_min"": 40.0, ""power_kw_values"": [40.0], ""power_scope"": ""dc_indicated_ports"", ""site_power_range_raw"": ""40"", ""status_counts"": {""Available"": 1, ""Charging"": 1}, ""status_observed_at"": null, ""total_port_count"": 2}",True,1,1,,,,False,accepted,accepted,Charge@Large,Charge@Large:15d06bf5-6b4a-425d-9312-bae4b17cc22b-1309,,,,no,,"{""Charge@Large::connector_types_normalized"": ""CCS"", ""Charge@Large::data_provider"": ""Charge@Large"", ""Charge@Large::dc_port_count"": 2, ""Charge@Large::power_kw_max"": 40.0, ""Charge@Large::power_kw_min"": 40.0, ""Charge@Large::power_kw_values"": [40.0], ""Charge@Large::power_scope"": ""dc_indicated_ports"", ""Charge@Large::site_power_range_raw"": ""40"", ""Charge@Large::status_counts"": {""Available"": 1, ""Charging"": 1}, ""Charge@Large::total_port_count"": 2}","{""Charge@Large::connector_types_normalized"": ""CCS"", ""Charge@Large::dc_port_count"": 2, ""Charge@Large::power_kw_max"": 40.0, ""Charge@Large::power_kw_min"": 40.0, ""Charge@Large::power_scope"": ""dc_indicated_ports"", ""Charge@Large::status_counts"": {""Available"": 1, ""Charging"": 1}, ""Charge@Large::total_port_count"": 2}",2,"[{""binding"": ""source_address_only; external identity not verified"", ""conclusion"": """", ""file"": ""data/reference/web_review/task3_104_non_ocm_web_verified.csv"", ""page_opened"": false, ""reported_confidence"": ""medium"", ""url"": ""https://ev-charging-stations.com.au/chargers/exploren-5-ray-street-sydney-nsw-2074""}]"
590,,,"5 Willowdale Drive, Denham Court NSW 2565",Evie Networks,4,DC,75 kW,-33.97585397,150.811619,Campbelltown City Council,2565,ARENA - Driving the Nation,0,0,0,0,0,0,0,0,0,0,0,0,0,0,0,0,0,0,0,0,0,0,0,0,0,0,0,0,0,0,0,0,0,0,0,4,0,0,0,0,Sydney - Outer South West,123,2565,unmatched,unmatched,,,,,,,{},,0,0,,,,False,accepted,coordinate_only,3.2498877291187354,0.0,https://www.openstreetmap.org/node/13064502527,,,Evie Networks,"{""access_condition"": ""Free Access"", ""allows_card_payment"": false, ""allows_reservation"": false, ""charging_point_count"": 4, ""charging_point_count_raw"": 4, ""connector_types_normalized"": ""CCS;CHAdeMO"", ""data_provider"": ""OpenStreetMap"", ""is_free"": false, ""network"": """", ""number_of_plugs"": null, ""opening_hours"": """", ""power_kw_max"": null, ""power_kw_min"": null, ""power_scope"": ""station_reported_maximum"", ""pricing_info"": """"}",True,1,1,,,,False,unmatched,unmatched,,,,,,,{},,0,0,,,,False,accepted,accepted,OSM,OSM:https://www.openstreetmap.org/node/13064502527,,,,no,,"{""OSM::access_condition"": ""Free Access"", ""OSM::allows_card_payment"": false, ""OSM::allows_reservation"": false, ""OSM::charging_point_count"": 4, ""OSM::charging_point_count_raw"": 4, ""OSM::connector_types_normalized"": ""CCS;CHAdeMO"", ""OSM::data_provider"": ""OpenStreetMap"", ""OSM::is_free"": false, ""OSM::power_scope"": ""station_reported_maximum""}","{""OSM::access_condition"": ""Free Access"", ""OSM::allows_card_payment"": false, ""OSM::allows_reservation"": false, ""OSM::connector_types_normalized"": ""CCS;CHAdeMO"", ""OSM::is_free"": false, ""OSM::power_scope"": ""station_reported_maximum""}",5,"[{""binding"": ""source_address_only; external identity not verified"", ""conclusion"": """", ""file"": ""data/reference/web_review/task3_104_non_ocm_web_verified.csv"", ""page_opened"": false, ""reported_confidence"": ""medium"", ""url"": ""https://www.plugroo.com.au/nsw/kentlyn""}]"
591,,,"50 Bathurst Street, Brewarrina NSW 2839",NRMA Electric,4,DC,75 kW,-30.3247856,149.784033,Brewarrina Shire Council,2839,TfNSW Regional,0,0,0,0,0,0,0,0,0,0,0,0,0,0,0,0,0,0,0,0,0,0,0,0,0,0,0,0,0,0,0,0,0,0,0,4,0,0,0,0,New England and North West,110,2390,unmatched,unmatched,,,,,,,{},,0,0,,,,True,review,coordinate_only,32.23044425593709,0.0,https://www.openstreetmap.org/node/12583296437,,,NRMA,"{""access_condition"": ""Free Access"", ""allows_card_payment"": false, ""allows_reservation"": false, ""charging_point_count"": 4, ""charging_point_count_raw"": 4, ""connector_types_normalized"": ""CCS;CHAdeMO"", ""data_provider"": ""OpenStreetMap"", ""is_free"": false, ""network"": """", ""number_of_plugs"": null, ""opening_hours"": """", ""power_kw_max"": null, ""power_kw_min"": null, ""power_scope"": ""station_reported_maximum"", ""pricing_info"": """"}",True,2,2,268.4231344776801,source address and original postcode conflict; candidate does not pass the automatic identity gate,,True,unmatched,unmatched,,,,,,,{},,0,0,,,,True,review,review,,,OSM,OSM: source address and original postcode conflict; candidate does not pass the automatic identity gate,,no,,{},{},0,[]
593,,,"50 O'Sullivan Road, Sydney NSW 2029",Chargefox,2,DC,40 kW,-33.87899704,151.2623363,Woollahra Municipal Council,2029,Existing Fast Chargers,0,0,0,0,0,0,0,0,0,0,0,0,0,0,0,0,0,0,0,0,0,0,0,0,0,0,0,0,2,0,0,0,0,0,0,0,0,0,0,0,Sydney - Eastern Suburbs,118,2029,unmatched,unmatched,,,,,,,{},,0,0,,,,False,unmatched,unmatched,,,,,,,{},,0,0,,,,False,unmatched,unmatched,,,,,,,{},,0,0,,,,False,unmatched,unmatched,,,,,,no,,{},{},0,[]
599,,,"516 Punchbowl Road Cnr Wangee Road, Lakemba NSW 2195",Ampol,2,DC,125 kW,-33.911492,151.0732469,Canterbury Bankstown Council,2195,ARENA - Driving the Nation,0,0,0,2,0,0,0,0,0,0,0,0,0,0,0,0,0,0,0,0,0,0,0,0,0,0,0,0,0,0,0,0,0,0,0,0,0,0,0,0,Sydney - Inner South West,119,2195,unmatched,unmatched,,,,,,,{},,0,0,,,,False,unmatched,unmatched,,,,,,,{},,0,0,,,,False,unmatched,unmatched,,,,,,,{},,0,0,,,,False,unmatched,unmatched,,,,,,no,,{},{},0,[]
605,,,"528 John Oxley Drive, Thrumster NSW 2444",NRMA Electric,2,DC,50 kW,-31.45803208,152.8274244,Port Macquarie-Hastings Council,2444,Existing Fast Chargers,0,0,0,0,0,0,0,0,0,0,0,0,0,0,0,0,0,0,0,0,0,0,0,0,0,0,0,0,0,0,0,2,0,0,0,0,0,0,0,0,Mid North Coast,108,2444,review,coordinate_and_fuzzy_address,27.853124316736537,0.8840000000000001,172920,"John Oxley Drive, Thrumster, New South Wales, 2444",Sovereign Place [NRMA],NRMA,"{""charger_capacities"": ""50 kW"", ""charging_point_count"": 2.0, ""connector_types_normalized"": ""CCS"", ""data_provider"": ""Open Charge Map"", ""is_operational"": true, ""last_verified"": ""2026-07-14T23:42:00Z"", ""number_of_plugs"": null, ""operator"": ""NRMA"", ""plug_types"": ""CCS (Type 2)"", ""power_kw_max"": 50.0, ""power_kw_min"": 50.0, ""power_kw_values"": [50.0], ""power_scope"": ""dc_indicated_connection_ratings"", ""status"": ""Operational"", ""usage_cost"": ""$0.64/kWh""}",True,2,2,16.70305226836341,address evidence is street-level only; another coordinate candidate is similarly close; multiple candidates have similar evidence; candidate does not pass the automatic identity gate,,False,accepted,coordinate_only,11.770527979157658,0.0,https://www.openstreetmap.org/node/7853821459,,,NRMA,"{""access_condition"": ""Free Access"", ""allows_card_payment"": false, ""allows_reservation"": false, ""charging_point_count"": 4, ""charging_point_count_raw"": 4, ""connector_types_normalized"": ""CCS"", ""data_provider"": ""OpenStreetMap"", ""is_free"": true, ""network"": ""NRMA"", ""number_of_plugs"": null, ""opening_hours"": """", ""power_kw_max"": null, ""power_kw_min"": null, ""power_scope"": ""station_reported_maximum"", ""pricing_info"": """"}",True,2,2,62.77377424693477,,,False,unmatched,unmatched,,,,,,,{},,0,0,,,,False,accepted,accepted,OSM,OSM:https://www.openstreetmap.org/node/7853821459,OCM,OCM: address evidence is street-level only; another coordinate candidate is similarly close; multiple candidates have similar evidence; candidate does not pass the automatic identity gate,,no,,"{""OSM::access_condition"": ""Free Access"", ""OSM::allows_card_payment"": false, ""OSM::allows_reservation"": false, ""OSM::charging_point_count"": 4, ""OSM::charging_point_count_raw"": 4, ""OSM::connector_types_normalized"": ""CCS"", ""OSM::data_provider"": ""OpenStreetMap"", ""OSM::is_free"": true, ""OSM::network"": ""NRMA"", ""OSM::power_scope"": ""station_reported_maximum""}","{""OSM::access_condition"": ""Free Access"", ""OSM::allows_card_payment"": false, ""OSM::allows_reservation"": false, ""OSM::connector_types_normalized"": ""CCS"", ""OSM::is_free"": true, ""OSM::network"": ""NRMA"", ""OSM::power_scope"": ""station_reported_maximum""}",6,[]
608,,,"53 Sydney Road, Goulburn NSW 2580",Chargefox,2,DC,50 kW,-34.74796201,149.7496456,Goulburn Mulwaree Council,2580,Existing Fast Chargers,0,0,0,0,0,0,0,0,0,0,0,0,0,0,0,0,0,0,0,0,0,0,0,0,0,0,0,0,0,0,0,2,0,0,0,0,0,0,0,0,Capital Region,101,2580,accepted,coordinate_only,8.510263145828109,0.8358490566037736,190003,"Sydney Road, Bradfordville, Goulburn, New South Wales, 2580",Sydney Road,NRMA,"{""charger_capacities"": ""210 kW"", ""charging_point_count"": 4.0, ""connector_types_normalized"": ""CCS"", ""data_provider"": ""Open Charge Map"", ""is_operational"": true, ""last_verified"": ""2026-07-15T01:58:00Z"", ""number_of_plugs"": null, ""operator"": ""NRMA"", ""plug_types"": ""CCS (Type 2)"", ""power_kw_max"": 210.0, ""power_kw_min"": 210.0, ""power_kw_values"": [210.0], ""power_scope"": ""dc_indicated_connection_ratings"", ""status"": ""Operational"", ""usage_cost"": ""$0.64 / kWh""}",True,1,1,,,address evidence is inconsistent,False,accepted,coordinate_only,3.9713774747891537,0.0,https://www.openstreetmap.org/node/7021322234,,,Chargefox,"{""access_condition"": ""Free Access"", ""allows_card_payment"": false, ""allows_reservation"": false, ""charging_point_count"": 3, ""charging_point_count_raw"": 3, ""connector_types_normalized"": ""CCS;CHAdeMO"", ""data_provider"": ""OpenStreetMap"", ""is_free"": false, ""network"": ""Chargefox"", ""number_of_plugs"": null, ""opening_hours"": """", ""power_kw_max"": null, ""power_kw_min"": null, ""power_scope"": ""station_reported_maximum"", ""pricing_info"": """"}",True,1,1,,,,False,unmatched,unmatched,,,,,,,{},,0,0,,,,False,accepted,accepted,OCM;OSM,OCM:190003;OSM:https://www.openstreetmap.org/node/7021322234,,,OCM: address evidence is inconsistent,yes,,"{""OCM::charger_capacities"": ""210 kW"", ""OCM::charging_point_count"": 4.0, ""OCM::connector_types_normalized"": ""CCS"", ""OCM::data_provider"": ""Open Charge Map"", ""OCM::is_operational"": true, ""OCM::last_verified"": ""2026-07-15T01:58:00Z"", ""OCM::operator"": ""NRMA"", ""OCM::plug_types"": ""CCS (Type 2)"", ""OCM::power_kw_max"": 210.0, ""OCM::power_kw_min"": 210.0, ""OCM::power_kw_values"": [210.0], ""OCM::power_scope"": ""dc_indicated_connection_ratings"", ""OCM::status"": ""Operational"", ""OCM::usage_cost"": ""$0.64 / kWh"", ""OSM::access_condition"": ""Free Access"", ""OSM::allows_card_payment"": false, ""OSM::allows_reservation"": false, ""OSM::charging_point_count"": 3, ""OSM::charging_point_count_raw"": 3, ""OSM::connector_types_normalized"": ""CCS;CHAdeMO"", ""OSM::data_provider"": ""OpenStreetMap"", ""OSM::is_free"": false, ""OSM::network"": ""Chargefox"", ""OSM::power_scope"": ""station_reported_maximum""}","{""OCM::connector_types_normalized"": ""CCS"", ""OCM::is_operational"": true, ""OCM::operator"": ""NRMA"", ""OCM::plug_types"": ""CCS (Type 2)"", ""OCM::power_kw_max"": 210.0, ""OCM::power_kw_min"": 210.0, ""OCM::power_scope"": ""dc_indicated_connection_ratings"", ""OCM::status"": ""Operational"", ""OCM::usage_cost"": ""$0.64 / kWh"", ""OSM::access_condition"": ""Free Access"", ""OSM::allows_card_payment"": false, ""OSM::allows_reservation"": false, ""OSM::connector_types_normalized"": ""CCS;CHAdeMO"", ""OSM::is_free"": false, ""OSM::network"": ""Chargefox"", ""OSM::power_scope"": ""station_reported_maximum""}",10,"[{""binding"": ""same source address and OCM ID; search evidence only"", ""conclusion"": ""web_evidence_found_not_identity_proof"", ""file"": ""data/reference/web_review/task3_ocm_125_web_confidence.csv"", ""page_opened"": false, ""reported_confidence"": ""medium"", ""url"": ""https://www.plugroo.com.au/location/nrma-nsw-goulburn-53-sydney-rd""}]"
611,,,"53A Orient Street, Batemans Bay NSW 2536",Evie Networks,2,DC,50 kW,-35.71073278,150.1776366,Eurobodalla Shire Council,2536,Existing Fast Chargers,0,0,0,0,0,0,0,0,0,0,0,0,0,0,0,0,0,0,0,0,0,0,0,0,0,0,0,0,0,0,0,2,0,0,0,0,0,0,0,0,Capital Region,101,2536,review,coordinate_only,89.64133390746164,0.8882352941176471,190706,"51 Orient Street, Batemans Bay, New South Wales, 2536",Dan Murphy's,Evie,"{""charger_capacities"": ""50 kW"", ""charging_point_count"": 1.0, ""connector_types_normalized"": ""CCS;CHAdeMO"", ""data_provider"": ""Open Charge Map"", ""is_operational"": true, ""last_verified"": ""2023-07-12T22:38:00Z"", ""number_of_plugs"": null, ""operator"": ""Evie"", ""plug_types"": ""CCS (Type 2); CHAdeMO"", ""power_kw_max"": 50.0, ""power_kw_min"": 50.0, ""power_kw_values"": [50.0], ""power_scope"": ""dc_indicated_connection_ratings"", ""status"": ""Operational"", ""usage_cost"": ""50c per kWh energy consumed.""}",True,3,3,222.69018685196184,house numbers conflict; address evidence is inconsistent; candidate does not pass the automatic identity gate,,False,accepted,coordinate_only,93.40709869623105,0.0,https://www.openstreetmap.org/node/7370327570,,,Evie Networks,"{""access_condition"": ""Free Access"", ""allows_card_payment"": false, ""allows_reservation"": false, ""charging_point_count"": 1, ""charging_point_count_raw"": 1, ""connector_types_normalized"": ""CCS"", ""data_provider"": ""OpenStreetMap"", ""is_free"": true, ""network"": ""Evie Networks"", ""number_of_plugs"": null, ""opening_hours"": """", ""power_kw_max"": 50.0, ""power_kw_min"": null, ""power_scope"": ""station_reported_maximum"", ""pricing_info"": """"}",True,3,3,237.5621743652706,,,False,unmatched,unmatched,,,,,,,{},,0,0,,,,False,accepted,accepted,OSM,OSM:https://www.openstreetmap.org/node/7370327570,OCM,OCM: house numbers conflict; address evidence is inconsistent; candidate does not pass the automatic identity gate,,no,,"{""OSM::access_condition"": ""Free Access"", ""OSM::allows_card_payment"": false, ""OSM::allows_reservation"": false, ""OSM::charging_point_count"": 1, ""OSM::charging_point_count_raw"": 1, ""OSM::connector_types_normalized"": ""CCS"", ""OSM::data_provider"": ""OpenStreetMap"", ""OSM::is_free"": true, ""OSM::network"": ""Evie Networks"", ""OSM::power_kw_max"": 50.0, ""OSM::power_scope"": ""station_reported_maximum""}","{""OSM::access_condition"": ""Free Access"", ""OSM::allows_card_payment"": false, ""OSM::allows_reservation"": false, ""OSM::connector_types_normalized"": ""CCS"", ""OSM::is_free"": true, ""OSM::network"": ""Evie Networks"", ""OSM::power_kw_max"": 50.0, ""OSM::power_scope"": ""station_reported_maximum""}",6,[]
612,,,"54 Brighton Street, Sydney NSW 2132",JOLT,2,DC,25 kW,-33.89474579,151.1096857,Burwood Council,2132,Existing Fast Chargers,0,0,0,0,0,0,0,0,0,0,0,0,0,0,0,0,0,0,0,0,0,0,2,0,0,0,0,0,0,0,0,0,0,0,0,0,0,0,0,0,Sydney - Inner West,120,2132,unmatched,unmatched,,,,,,,{},,0,0,,,,False,unmatched,unmatched,,,,,,,{},,0,0,,,,False,unmatched,unmatched,,,,,,,{},,0,0,,,,False,unmatched,unmatched,,,,,,no,,{},{},0,[]
615,,,"54 Minjungbal Drive, Tweed Heads NSW 2486",Evie Networks,4,DC,150 kW,-28.19898503,153.545985,Tweed Shire Council,2486,Existing Fast Chargers,0,0,0,0,0,0,0,4,0,0,0,0,0,0,0,0,0,0,0,0,0,0,0,0,0,0,0,0,0,0,0,0,0,0,0,0,0,0,0,0,Richmond - Tweed,112,2486,unmatched,unmatched,,,,,,,{},,0,0,,,,False,accepted,coordinate_only,3.867516461810226,0.0,https://www.openstreetmap.org/node/12926990585,,,Evie Networks,"{""access_condition"": ""Free Access"", ""allows_card_payment"": false, ""allows_reservation"": false, ""charging_point_count"": 4, ""charging_point_count_raw"": 4, ""connector_types_normalized"": ""CCS;CHAdeMO"", ""data_provider"": ""OpenStreetMap"", ""is_free"": false, ""network"": """", ""number_of_plugs"": null, ""opening_hours"": """", ""power_kw_max"": null, ""power_kw_min"": null, ""power_scope"": ""station_reported_maximum"", ""pricing_info"": """"}",True,1,1,,,,False,unmatched,unmatched,,,,,,,{},,0,0,,,,False,accepted,accepted,OSM,OSM:https://www.openstreetmap.org/node/12926990585,,,,no,,"{""OSM::access_condition"": ""Free Access"", ""OSM::allows_card_payment"": false, ""OSM::allows_reservation"": false, ""OSM::charging_point_count"": 4, ""OSM::charging_point_count_raw"": 4, ""OSM::connector_types_normalized"": ""CCS;CHAdeMO"", ""OSM::data_provider"": ""OpenStreetMap"", ""OSM::is_free"": false, ""OSM::power_scope"": ""station_reported_maximum""}","{""OSM::access_condition"": ""Free Access"", ""OSM::allows_card_payment"": false, ""OSM::allows_reservation"": false, ""OSM::connector_types_normalized"": ""CCS;CHAdeMO"", ""OSM::is_free"": false, ""OSM::power_scope"": ""station_reported_maximum""}",5,"[{""binding"": ""source_address_only; external identity not verified"", ""conclusion"": """", ""file"": ""data/reference/web_review/task3_104_non_ocm_web_verified.csv"", ""page_opened"": true, ""reported_confidence"": ""high"", ""url"": ""https://ev-charging-stations.com.au/chargers/evie-54-minjungbal-drive-tweed-heads-nsw-2486""}]"
616,,,"54-76 Captain Cook Drive, Caringbah NSW 2229",Evie Networks,4,DC,75 kW,-34.0329857,151.1250638,Wollondilly Shire Council,2229,ARENA - Driving the Nation,0,0,0,0,0,0,0,0,0,0,0,0,0,0,0,0,0,0,0,0,0,0,0,0,0,0,0,0,0,0,0,0,0,0,0,4,0,0,0,0,Sydney - Sutherland,128,2229,accepted,coordinate_and_fuzzy_address,13.876568762667354,1.0,272635,"54-76 Captain Cook Drive, Caringbah, NSW, 2229",BP Caringbah,Evie,"{""charger_capacities"": ""50 kW"", ""charging_point_count"": 2.0, ""connector_types_normalized"": ""CCS;CHAdeMO"", ""data_provider"": ""Open Charge Map"", ""is_operational"": true, ""last_verified"": ""2023-07-15T12:20:00Z"", ""number_of_plugs"": null, ""operator"": ""Evie"", ""plug_types"": ""CCS (Type 2); CHAdeMO"", ""power_kw_max"": 50.0, ""power_kw_min"": 50.0, ""power_kw_values"": [50.0], ""power_scope"": ""dc_indicated_connection_ratings"", ""status"": ""Operational"", ""usage_cost"": """"}",True,1,1,,,,False,accepted,coordinate_only,21.60092257283444,0.0,https://www.openstreetmap.org/node/13103102258,,,bp pulse,"{""access_condition"": ""Free Access"", ""allows_card_payment"": false, ""allows_reservation"": false, ""charging_point_count"": 4, ""charging_point_count_raw"": 4, ""connector_types_normalized"": ""CCS"", ""data_provider"": ""OpenStreetMap"", ""is_free"": false, ""network"": ""bp pulse"", ""number_of_plugs"": null, ""opening_hours"": """", ""power_kw_max"": null, ""power_kw_min"": null, ""power_scope"": ""station_reported_maximum"", ""pricing_info"": """"}",True,1,1,,,,False,unmatched,unmatched,,,,,,,{},,0,0,,,,False,accepted,accepted,OCM;OSM,OCM:272635;OSM:https://www.openstreetmap.org/node/13103102258,,,,no,,"{""OCM::charger_capacities"": ""50 kW"", ""OCM::charging_point_count"": 2.0, ""OCM::connector_types_normalized"": ""CCS;CHAdeMO"", ""OCM::data_provider"": ""Open Charge Map"", ""OCM::is_operational"": true, ""OCM::last_verified"": ""2023-07-15T12:20:00Z"", ""OCM::operator"": ""Evie"", ""OCM::plug_types"": ""CCS (Type 2); CHAdeMO"", ""OCM::power_kw_max"": 50.0, ""OCM::power_kw_min"": 50.0, ""OCM::power_kw_values"": [50.0], ""OCM::power_scope"": ""dc_indicated_connection_ratings"", ""OCM::status"": ""Operational"", ""OSM::access_condition"": ""Free Access"", ""OSM::allows_card_payment"": false, ""OSM::allows_reservation"": false, ""OSM::charging_point_count"": 4, ""OSM::charging_point_count_raw"": 4, ""OSM::connector_types_normalized"": ""CCS"", ""OSM::data_provider"": ""OpenStreetMap"", ""OSM::is_free"": false, ""OSM::network"": ""bp pulse"", ""OSM::power_scope"": ""station_reported_maximum""}","{""OCM::connector_types_normalized"": ""CCS;CHAdeMO"", ""OCM::is_operational"": true, ""OCM::operator"": ""Evie"", ""OCM::plug_types"": ""CCS (Type 2); CHAdeMO"", ""OCM::power_kw_max"": 50.0, ""OCM::power_kw_min"": 50.0, ""OCM::power_scope"": ""dc_indicated_connection_ratings"", ""OCM::status"": ""Operational"", ""OSM::access_condition"": ""Free Access"", ""OSM::allows_card_payment"": false, ""OSM::allows_reservation"": false, ""OSM::connector_types_normalized"": ""CCS"", ""OSM::is_free"": false, ""OSM::network"": ""bp pulse"", ""OSM::power_scope"": ""station_reported_maximum""}",9,[]
621,,,"550 Bunnerong Road, Sydney NSW 2036",JOLT,2,DC,25 kW,-33.9610561,151.2309449,Randwick City Council,2036,Existing Fast Chargers,0,0,0,0,0,0,0,0,0,0,0,0,0,0,0,0,0,0,0,0,0,0,2,0,0,0,0,0,0,0,0,0,0,0,0,0,0,0,0,0,Sydney - Eastern Suburbs,118,2036,unmatched,unmatched,,,,,,,{},,0,0,,,,False,unmatched,unmatched,,,,,,,{},,0,0,,,,False,unmatched,unmatched,,,,,,,{},,0,0,,,,False,unmatched,unmatched,,,,,,no,,{},{},0,[]
626,,,"56 Morpeth Street, Harwood NSW 2465",Tesla,8,DC,130 kW,-29.42699904,153.2391471,Clarence Valley Council,2465,Existing Fast Chargers,0,0,0,0,8,0,0,0,0,0,0,0,0,0,0,0,0,0,0,0,0,0,0,0,0,0,0,0,0,0,0,0,0,0,0,0,0,0,0,0,Coffs Harbour - Grafton,104,2465,accepted,coordinate_and_fuzzy_address,9.53278368609948,1.0,171146,"56 Morpeth St., Harwood, NSW, 2465",Maclean Supercharger,Tesla (Tesla-only charging),"{""charger_capacities"": ""120 kW"", ""charging_point_count"": 4.0, ""connector_types_normalized"": ""CCS"", ""data_provider"": ""Open Charge Map"", ""is_operational"": true, ""last_verified"": ""2020-12-22T06:35:00Z"", ""number_of_plugs"": null, ""operator"": ""Tesla (Tesla-only charging)"", ""plug_types"": ""CCS (Type 2)"", ""power_kw_max"": 120.0, ""power_kw_min"": 120.0, ""power_kw_values"": [120.0], ""power_scope"": ""dc_indicated_connection_ratings"", ""status"": ""Operational"", ""usage_cost"": ""AUD 0.42/kWh;other tariffs for older cars""}",True,1,1,,,,False,unmatched,unmatched,,,,,,,{},,0,0,,,,False,unmatched,unmatched,,,,,,,{},,0,0,,,,False,accepted,accepted,OCM,OCM:171146,,,,no,,"{""OCM::charger_capacities"": ""120 kW"", ""OCM::charging_point_count"": 4.0, ""OCM::connector_types_normalized"": ""CCS"", ""OCM::data_provider"": ""Open Charge Map"", ""OCM::is_operational"": true, ""OCM::last_verified"": ""2020-12-22T06:35:00Z"", ""OCM::operator"": ""Tesla (Tesla-only charging)"", ""OCM::plug_types"": ""CCS (Type 2)"", ""OCM::power_kw_max"": 120.0, ""OCM::power_kw_min"": 120.0, ""OCM::power_kw_values"": [120.0], ""OCM::power_scope"": ""dc_indicated_connection_ratings"", ""OCM::status"": ""Operational"", ""OCM::usage_cost"": ""AUD 0.42/kWh;other tariffs for older cars""}","{""OCM::connector_types_normalized"": ""CCS"", ""OCM::is_operational"": true, ""OCM::operator"": ""Tesla (Tesla-only charging)"", ""OCM::plug_types"": ""CCS (Type 2)"", ""OCM::power_kw_max"": 120.0, ""OCM::power_kw_min"": 120.0, ""OCM::power_scope"": ""dc_indicated_connection_ratings"", ""OCM::status"": ""Operational"", ""OCM::usage_cost"": ""AUD 0.42/kWh;other tariffs for older cars""}",5,[]
635,,,"58 Phillip Street, West Tamworth NSW 2340",Tesla,8,DC,130 kW,-31.10164969,150.9171261,Tamworth Regional Council,2340,Existing Fast Chargers,0,0,0,0,8,0,0,0,0,0,0,0,0,0,0,0,0,0,0,0,0,0,0,0,0,0,0,0,0,0,0,0,0,0,0,0,0,0,0,0,New England and North West,110,2340,review,coordinate_only,20.673989060725933,0.481045751633987,113602,"West Tamworth League Club, 21 Park Street, Tamworth, NSW, 2340",Tamworth Supercharger,Tesla (Tesla-only charging),"{""charger_capacities"": ""120 kW"", ""charging_point_count"": 4.0, ""connector_types_normalized"": ""CCS"", ""data_provider"": ""Open Charge Map"", ""is_operational"": true, ""last_verified"": ""2019-03-22T18:24:00Z"", ""number_of_plugs"": null, ""operator"": ""Tesla (Tesla-only charging)"", ""plug_types"": ""CCS (Type 2)"", ""power_kw_max"": 120.0, ""power_kw_min"": 120.0, ""power_kw_values"": [120.0], ""power_scope"": ""dc_indicated_connection_ratings"", ""status"": ""Operational"", ""usage_cost"": ""AUD 0.42/kWh;other tariffs for older cars""}",True,1,1,,house numbers conflict; address evidence is inconsistent; candidate does not pass the automatic identity gate,,False,accepted,coordinate_only,6.005726562576471,0.0,https://www.openstreetmap.org/node/6456723747,,Tesla Supercharger,Tesla,"{""access_condition"": ""Free Access"", ""allows_card_payment"": false, ""allows_reservation"": false, ""charging_point_count"": 4, ""charging_point_count_raw"": 4, ""connector_types_normalized"": ""CCS"", ""data_provider"": ""OpenStreetMap"", ""is_free"": false, ""network"": ""Supercharger"", ""number_of_plugs"": null, ""opening_hours"": ""24/7"", ""power_kw_max"": null, ""power_kw_min"": null, ""power_scope"": ""station_reported_maximum"", ""pricing_info"": """"}",True,1,1,,,,False,unmatched,unmatched,,,,,,,{},,0,0,,,,False,accepted,accepted,OSM,OSM:https://www.openstreetmap.org/node/6456723747,OCM,OCM: house numbers conflict; address evidence is inconsistent; candidate does not pass the automatic identity gate,,no,,"{""OSM::access_condition"": ""Free Access"", ""OSM::allows_card_payment"": false, ""OSM::allows_reservation"": false, ""OSM::charging_point_count"": 4, ""OSM::charging_point_count_raw"": 4, ""OSM::connector_types_normalized"": ""CCS"", ""OSM::data_provider"": ""OpenStreetMap"", ""OSM::is_free"": false, ""OSM::network"": ""Supercharger"", ""OSM::opening_hours"": ""24/7"", ""OSM::power_scope"": ""station_reported_maximum""}","{""OSM::access_condition"": ""Free Access"", ""OSM::allows_card_payment"": false, ""OSM::allows_reservation"": false, ""OSM::connector_types_normalized"": ""CCS"", ""OSM::is_free"": false, ""OSM::network"": ""Supercharger"", ""OSM::opening_hours"": ""24/7"", ""OSM::power_scope"": ""station_reported_maximum""}",7,"[{""binding"": ""same source address and OCM ID; search evidence only"", ""conclusion"": ""web_evidence_found_not_identity_proof"", ""file"": ""data/reference/web_review/task3_ocm_125_web_confidence.csv"", ""page_opened"": true, ""reported_confidence"": ""low"", ""url"": ""https://www.property.com.au/nsw/west-tamworth-2340/phillip-st/58-pid-2857671/""}]"
636,,,"580 Parramatta Road, Sydney NSW 2132",BP,4,DC,75 kW,-33.87410415,151.1267628,Inner West Council,2132,Existing Fast Chargers,0,0,0,0,0,0,0,0,0,0,0,0,0,0,0,0,0,0,0,0,0,0,0,0,0,0,0,0,0,0,0,0,0,0,0,4,0,0,0,0,Sydney - Inner West,120,2132,review,coordinate_only,14.106845517717167,0.8600000000000001,272684,"586A Parramatta Rd, Croydon, New South Wales, 2132",BP Ashfield,Evie,"{""charger_capacities"": ""50 kW"", ""charging_point_count"": 2.0, ""connector_types_normalized"": ""CCS;CHAdeMO"", ""data_provider"": ""Open Charge Map"", ""is_operational"": true, ""last_verified"": ""2023-07-16T21:56:00Z"", ""number_of_plugs"": null, ""operator"": ""Evie"", ""plug_types"": ""CCS (Type 2); CHAdeMO"", ""power_kw_max"": 50.0, ""power_kw_min"": 50.0, ""power_kw_values"": [50.0], ""power_scope"": ""dc_indicated_connection_ratings"", ""status"": ""Operational"", ""usage_cost"": """"}",True,1,1,,house numbers conflict; address evidence is inconsistent; candidate does not pass the automatic identity gate,,False,accepted,coordinate_only,4.487267466579367,0.0,https://www.openstreetmap.org/node/10208698066,,,bp pulse,"{""access_condition"": ""Free Access"", ""allows_card_payment"": false, ""allows_reservation"": false, ""charging_point_count"": 2, ""charging_point_count_raw"": 2, ""connector_types_normalized"": ""CCS"", ""data_provider"": ""OpenStreetMap"", ""is_free"": false, ""network"": ""bp pulse"", ""number_of_plugs"": null, ""opening_hours"": ""24/7"", ""power_kw_max"": null, ""power_kw_min"": null, ""power_scope"": ""station_reported_maximum"", ""pricing_info"": """"}",True,1,1,,,,False,unmatched,unmatched,,,,,,,{},,0,0,,,,False,accepted,accepted,OSM,OSM:https://www.openstreetmap.org/node/10208698066,OCM,OCM: house numbers conflict; address evidence is inconsistent; candidate does not pass the automatic identity gate,,no,,"{""OSM::access_condition"": ""Free Access"", ""OSM::allows_card_payment"": false, ""OSM::allows_reservation"": false, ""OSM::charging_point_count"": 2, ""OSM::charging_point_count_raw"": 2, ""OSM::connector_types_normalized"": ""CCS"", ""OSM::data_provider"": ""OpenStreetMap"", ""OSM::is_free"": false, ""OSM::network"": ""bp pulse"", ""OSM::opening_hours"": ""24/7"", ""OSM::power_scope"": ""station_reported_maximum""}","{""OSM::access_condition"": ""Free Access"", ""OSM::allows_card_payment"": false, ""OSM::allows_reservation"": false, ""OSM::connector_types_normalized"": ""CCS"", ""OSM::is_free"": false, ""OSM::network"": ""bp pulse"", ""OSM::opening_hours"": ""24/7"", ""OSM::power_scope"": ""station_reported_maximum""}",7,[]
637,,,"580 Princes Highway, Sydney NSW 2232",Tesla,6,DC,250 kW,-34.03339744,151.0731502,Sutherland Shire Council,2232,Existing Fast Chargers,0,0,0,0,0,0,0,0,0,0,0,0,0,0,0,0,0,0,0,0,0,6,0,0,0,0,0,0,0,0,0,0,0,0,0,0,0,0,0,0,Sydney - Sutherland,128,2232,accepted,coordinate_only,77.03201890379194,0.8238095238095239,191280,"Princes Highway, Kirrawee, NSW, 2232",Tesla Supercharger South Village,Tesla (Tesla-only charging),"{""charger_capacities"": ""250 kW"", ""charging_point_count"": 6.0, ""connector_types_normalized"": ""CCS"", ""data_provider"": ""Open Charge Map"", ""is_operational"": true, ""last_verified"": ""2022-02-02T13:08:00Z"", ""number_of_plugs"": null, ""operator"": ""Tesla (Tesla-only charging)"", ""plug_types"": ""CCS (Type 2)"", ""power_kw_max"": 250.0, ""power_kw_min"": 250.0, ""power_kw_values"": [250.0], ""power_scope"": ""dc_indicated_connection_ratings"", ""status"": ""Operational"", ""usage_cost"": ""$0.52/kWh""}",True,1,1,,,address evidence is inconsistent,False,unmatched,unmatched,,,,,,,{},,0,0,,,,False,unmatched,unmatched,,,,,,,{},,0,0,,,,False,accepted,accepted,OCM,OCM:191280,,,OCM: address evidence is inconsistent,yes,,"{""OCM::charger_capacities"": ""250 kW"", ""OCM::charging_point_count"": 6.0, ""OCM::connector_types_normalized"": ""CCS"", ""OCM::data_provider"": ""Open Charge Map"", ""OCM::is_operational"": true, ""OCM::last_verified"": ""2022-02-02T13:08:00Z"", ""OCM::operator"": ""Tesla (Tesla-only charging)"", ""OCM::plug_types"": ""CCS (Type 2)"", ""OCM::power_kw_max"": 250.0, ""OCM::power_kw_min"": 250.0, ""OCM::power_kw_values"": [250.0], ""OCM::power_scope"": ""dc_indicated_connection_ratings"", ""OCM::status"": ""Operational"", ""OCM::usage_cost"": ""$0.52/kWh""}","{""OCM::connector_types_normalized"": ""CCS"", ""OCM::is_operational"": true, ""OCM::operator"": ""Tesla (Tesla-only charging)"", ""OCM::plug_types"": ""CCS (Type 2)"", ""OCM::power_kw_max"": 250.0, ""OCM::power_kw_min"": 250.0, ""OCM::power_scope"": ""dc_indicated_connection_ratings"", ""OCM::status"": ""Operational"", ""OCM::usage_cost"": ""$0.52/kWh""}",5,"[{""binding"": ""same source address and OCM ID; search evidence only"", ""conclusion"": ""web_evidence_found_not_identity_proof"", ""file"": ""data/reference/web_review/task3_ocm_125_web_confidence.csv"", ""page_opened"": false, ""reported_confidence"": ""medium"", ""url"": ""https://ev-charging-stations.com.au/chargers/tesla-580-princes-highway-sydney-nsw-2232""}]"
639,,,"59 The Centre, Sydney NSW 2087",JOLT,2,DC,25 kW,-33.76210915,151.2142012,Northern Beaches Council,2087,Existing Fast Chargers,0,0,0,0,0,0,0,0,0,0,0,0,0,0,0,0,0,0,0,0,0,0,2,0,0,0,0,0,0,0,0,0,0,0,0,0,0,0,0,0,Sydney - Northern Beaches,122,2087,unmatched,unmatched,,,,,,,{},,0,0,,,,False,unmatched,unmatched,,,,,,,{},,0,0,,,,False,unmatched,unmatched,,,,,,,{},,0,0,,,,False,unmatched,unmatched,,,,,,no,,{},{},0,[]
641,,,"594 Anzac Parade, Sydney NSW 2032",Evie Networks,4,DC,75 kW,-33.92659564,151.2313293,Randwick City Council,2032,Existing Fast Chargers,0,0,0,0,0,0,0,0,0,0,0,0,0,0,0,0,0,0,0,0,0,0,0,0,0,0,0,0,0,0,0,0,0,0,0,4,0,0,0,0,Sydney - Eastern Suburbs,118,2032,unmatched,unmatched,,,,,,,{},,0,0,,,,False,review,coordinate_only,16.777185865776122,0.0,https://www.openstreetmap.org/node/13206176474,,,Evie Networks,"{""access_condition"": ""Free Access"", ""allows_card_payment"": false, ""allows_reservation"": false, ""charging_point_count"": 4, ""charging_point_count_raw"": 4, ""connector_types_normalized"": ""CCS"", ""data_provider"": ""OpenStreetMap"", ""is_free"": false, ""network"": """", ""number_of_plugs"": null, ""opening_hours"": """", ""power_kw_max"": null, ""power_kw_min"": null, ""power_scope"": ""station_reported_maximum"", ""pricing_info"": """"}",True,1,1,,external ID https://www.openstreetmap.org/node/13206176474 is shared by distinct source sites,,False,unmatched,unmatched,,,,,,,{},,0,0,,,,False,review,review,,,OSM,OSM: external ID https://www.openstreetmap.org/node/13206176474 is shared by distinct source sites,,no,,{},{},0,"[{""binding"": ""source_address_only; external identity not verified"", ""conclusion"": """", ""file"": ""data/reference/web_review/task3_104_non_ocm_web_verified.csv"", ""page_opened"": false, ""reported_confidence"": ""medium"", ""url"": ""https://ev-charging-stations.com.au/chargers/nsw/daceyville""}]"
642,,,"59-61 Pacific Highway Cnr Unwin Road, Waitara NSW 2077",Ampol,2,DC,125 kW,-33.7105301,151.1024488,"Hornsby, The Council of the Shire of",2077,ARENA - Driving the Nation,0,0,0,2,0,0,0,0,0,0,0,0,0,0,0,0,0,0,0,0,0,0,0,0,0,0,0,0,0,0,0,0,0,0,0,0,0,0,0,0,Sydney - North Sydney and Hornsby,121,2077,unmatched,unmatched,,,,,,,{},,0,0,,,,False,unmatched,unmatched,,,,,,,{},,0,0,,,,False,unmatched,unmatched,,,,,,,{},,0,0,,,,False,unmatched,unmatched,,,,,,no,,{},{},0,[]
646,,,"6 Boundary Street, Sydney NSW 2081",Chargefox,2,DC,75 kW,-33.62137942,151.1494484,"Hornsby, The Council of the Shire of",2081,Existing Fast Chargers,0,0,0,0,0,0,0,0,0,0,0,0,0,0,0,0,0,0,0,0,0,0,0,0,0,0,0,0,0,0,0,0,0,0,0,2,0,0,0,0,Sydney - North Sydney and Hornsby,121,2081,accepted,coordinate_and_fuzzy_address,0.0725779235468235,0.9463414634146342,272620,"6 Boundary Street, Berowra, New South Wales, 2081",Berowra Tennis Centre,Chargefox,"{""charger_capacities"": ""75 kW"", ""charging_point_count"": 2.0, ""connector_types_normalized"": ""CCS"", ""data_provider"": ""Open Charge Map"", ""is_operational"": true, ""last_verified"": ""2023-07-15T09:11:00Z"", ""number_of_plugs"": null, ""operator"": ""Chargefox"", ""plug_types"": ""CCS (Type 2)"", ""power_kw_max"": 75.0, ""power_kw_min"": 75.0, ""power_kw_values"": [75.0], ""power_scope"": ""dc_indicated_connection_ratings"", ""status"": ""Operational"", ""usage_cost"": ""$0.60/kWh""}",True,1,1,,,,False,accepted,coordinate_only,13.23901530948072,0.0,https://www.openstreetmap.org/node/12167440484,,,Chargefox,"{""access_condition"": ""Free Access"", ""allows_card_payment"": false, ""allows_reservation"": false, ""charging_point_count"": null, ""charging_point_count_raw"": null, ""connector_types_normalized"": ""CCS"", ""data_provider"": ""OpenStreetMap"", ""is_free"": false, ""network"": """", ""number_of_plugs"": null, ""opening_hours"": """", ""power_kw_max"": null, ""power_kw_min"": null, ""power_scope"": ""station_reported_maximum"", ""pricing_info"": """"}",True,1,1,,,,False,unmatched,unmatched,,,,,,,{},,0,0,,,,False,accepted,accepted,OCM;OSM,OCM:272620;OSM:https://www.openstreetmap.org/node/12167440484,,,,no,,"{""OCM::charger_capacities"": ""75 kW"", ""OCM::charging_point_count"": 2.0, ""OCM::connector_types_normalized"": ""CCS"", ""OCM::data_provider"": ""Open Charge Map"", ""OCM::is_operational"": true, ""OCM::last_verified"": ""2023-07-15T09:11:00Z"", ""OCM::operator"": ""Chargefox"", ""OCM::plug_types"": ""CCS (Type 2)"", ""OCM::power_kw_max"": 75.0, ""OCM::power_kw_min"": 75.0, ""OCM::power_kw_values"": [75.0], ""OCM::power_scope"": ""dc_indicated_connection_ratings"", ""OCM::status"": ""Operational"", ""OCM::usage_cost"": ""$0.60/kWh"", ""OSM::access_condition"": ""Free Access"", ""OSM::allows_card_payment"": false, ""OSM::allows_reservation"": false, ""OSM::connector_types_normalized"": ""CCS"", ""OSM::data_provider"": ""OpenStreetMap"", ""OSM::is_free"": false, ""OSM::power_scope"": ""station_reported_maximum""}","{""OCM::connector_types_normalized"": ""CCS"", ""OCM::is_operational"": true, ""OCM::operator"": ""Chargefox"", ""OCM::plug_types"": ""CCS (Type 2)"", ""OCM::power_kw_max"": 75.0, ""OCM::power_kw_min"": 75.0, ""OCM::power_scope"": ""dc_indicated_connection_ratings"", ""OCM::status"": ""Operational"", ""OCM::usage_cost"": ""$0.60/kWh"", ""OSM::access_condition"": ""Free Access"", ""OSM::allows_card_payment"": false, ""OSM::allows_reservation"": false, ""OSM::connector_types_normalized"": ""CCS"", ""OSM::is_free"": false, ""OSM::power_scope"": ""station_reported_maximum""}",9,[]
648,,,6 Castlereagh Street Gilgandra NSW 2827,NRMA Electric,4,DC,75 kW,-30.0205758,148.1181013,Gilgandra Shire Council,2827,TfNSW Regional,0,0,0,0,0,0,0,0,0,0,0,0,0,0,0,0,0,0,0,0,0,0,0,0,0,0,0,0,0,0,0,0,0,0,0,4,0,0,0,0,Far West and Orana,105,2832,review,coordinate_only,202.6075058093174,0.26956521739130435,190683,"26 Neilly Street, Walgett, New South Wales, 2832",Walgett [NRMA],NRMA,"{""charger_capacities"": ""50 kW"", ""charging_point_count"": 1.0, ""connector_types_normalized"": ""CCS;CHAdeMO"", ""data_provider"": ""Open Charge Map"", ""is_operational"": true, ""last_verified"": ""2021-12-17T04:13:00Z"", ""number_of_plugs"": null, ""operator"": ""NRMA"", ""plug_types"": ""CCS (Type 2); CHAdeMO"", ""power_kw_max"": 50.0, ""power_kw_min"": 50.0, ""power_kw_values"": [50.0], ""power_scope"": ""dc_indicated_connection_ratings"", ""status"": ""Operational"", ""usage_cost"": ""FREE""}",True,1,1,,source address and original postcode conflict; external postcode conflicts with source; house numbers conflict; address evidence is inconsistent; candidate does not pass the automatic identity gate,,True,review,coordinate_only,35.449123136180084,0.0,https://www.openstreetmap.org/node/9278741544,,,NRMA,"{""access_condition"": ""Free Access"", ""allows_card_payment"": false, ""allows_reservation"": false, ""charging_point_count"": 1, ""charging_point_count_raw"": 1, ""connector_types_normalized"": ""CCS;CHAdeMO"", ""data_provider"": ""OpenStreetMap"", ""is_free"": false, ""network"": """", ""number_of_plugs"": null, ""opening_hours"": """", ""power_kw_max"": null, ""power_kw_min"": null, ""power_scope"": ""station_reported_maximum"", ""pricing_info"": """"}",True,1,1,,source address and original postcode conflict; candidate does not pass the automatic identity gate,,True,unmatched,unmatched,,,,,,,{},,0,0,,,,True,review,review,,,OCM;OSM,OCM: source address and original postcode conflict; external postcode conflicts with source; house numbers conflict; address evidence is inconsistent; candidate does not pass the automatic identity gate; OSM: source address and original postcode conflict; candidate does not pass the automatic identity gate,,no,,{},{},0,"[{""binding"": ""same source address and OCM ID; search evidence only"", ""conclusion"": ""web_evidence_found_not_identity_proof"", ""file"": ""data/reference/web_review/task3_ocm_125_web_confidence.csv"", ""page_opened"": false, ""reported_confidence"": ""medium"", ""url"": ""https://www.plugroo.com.au/nsw/mendooran""}]"
652,,,"6 Myahgah Road, Sydney NSW 2088",Evie Networks,2,DC,50 kW,-33.82554959,151.2414274,Mosman Municipal Council,2088,Existing Fast Chargers,0,0,0,0,0,0,0,0,0,0,0,0,0,0,0,0,0,0,0,0,0,0,0,0,0,0,0,0,0,0,0,2,0,0,0,0,0,0,0,0,Sydney - North Sydney and Hornsby,121,2088,accepted,coordinate_only,12.225937225773704,0.8078947368421053,191164,"6 Myahgah Road, Mosman, NSW",Evie Mosman,Evie,"{""charger_capacities"": ""50 kW"", ""charging_point_count"": 1.0, ""connector_types_normalized"": ""CCS;CHAdeMO"", ""data_provider"": ""Open Charge Map"", ""is_operational"": true, ""last_verified"": ""2023-07-16T22:01:00Z"", ""number_of_plugs"": null, ""operator"": ""Evie"", ""plug_types"": ""CCS (Type 2); CHAdeMO"", ""power_kw_max"": 50.0, ""power_kw_min"": 50.0, ""power_kw_values"": [50.0], ""power_scope"": ""dc_indicated_connection_ratings"", ""status"": ""Operational"", ""usage_cost"": ""$0.40/kWh""}",True,1,1,,,address evidence is inconsistent,False,unmatched,unmatched,,,,,,,{},,0,0,,,,False,unmatched,unmatched,,,,,,,{},,0,0,,,,False,accepted,accepted,OCM,OCM:191164,,,OCM: address evidence is inconsistent,yes,,"{""OCM::charger_capacities"": ""50 kW"", ""OCM::charging_point_count"": 1.0, ""OCM::connector_types_normalized"": ""CCS;CHAdeMO"", ""OCM::data_provider"": ""Open Charge Map"", ""OCM::is_operational"": true, ""OCM::last_verified"": ""2023-07-16T22:01:00Z"", ""OCM::operator"": ""Evie"", ""OCM::plug_types"": ""CCS (Type 2); CHAdeMO"", ""OCM::power_kw_max"": 50.0, ""OCM::power_kw_min"": 50.0, ""OCM::power_kw_values"": [50.0], ""OCM::power_scope"": ""dc_indicated_connection_ratings"", ""OCM::status"": ""Operational"", ""OCM::usage_cost"": ""$0.40/kWh""}","{""OCM::connector_types_normalized"": ""CCS;CHAdeMO"", ""OCM::is_operational"": true, ""OCM::operator"": ""Evie"", ""OCM::plug_types"": ""CCS (Type 2); CHAdeMO"", ""OCM::power_kw_max"": 50.0, ""OCM::power_kw_min"": 50.0, ""OCM::power_scope"": ""dc_indicated_connection_ratings"", ""OCM::status"": ""Operational"", ""OCM::usage_cost"": ""$0.40/kWh""}",5,"[{""binding"": ""same source address and OCM ID; search evidence only"", ""conclusion"": ""web_evidence_found_not_identity_proof"", ""file"": ""data/reference/web_review/task3_ocm_125_web_confidence.csv"", ""page_opened"": true, ""reported_confidence"": ""high"", ""url"": ""https://ev-charging-stations.com.au/chargers/evie-6-myahgah-road-sydney-nsw-2088""}]"
656,,,"60 Glenwood Park Drive, Glenwood NSW 2768",Evie Networks,4,DC,75 kW,-33.73460909,150.928265,Blacktown City Council,2768,ARENA - Driving the Nation,0,0,0,0,0,0,0,0,0,0,0,0,0,0,0,0,0,0,0,0,0,0,0,0,0,0,0,0,0,0,0,0,0,0,0,4,0,0,0,0,Sydney - Blacktown,116,2768,unmatched,unmatched,,,,,,,{},,0,0,,,,False,unmatched,unmatched,,,,,,,{},,0,0,,,,False,unmatched,unmatched,,,,,,,{},,0,0,,,,False,unmatched,unmatched,,,,,,no,,{},{},0,[]
661,,,"60-62 Amherst Street, Sydney NSW 2062",Evie Networks,4,DC,50 kW,-33.82299004,151.2108829,North Sydney Council,2062,Existing Fast Chargers,0,0,0,0,0,0,0,0,0,0,0,0,0,0,0,0,0,0,0,0,0,0,0,0,0,0,0,0,0,0,0,4,0,0,0,0,0,0,0,0,Sydney - North Sydney and Hornsby,121,2062,unmatched,unmatched,,,,,,,{},,0,0,,,,False,unmatched,unmatched,,,,,,,{},,0,0,,,,False,unmatched,unmatched,,,,,,,{},,0,0,,,,False,unmatched,unmatched,,,,,,no,,{},{},0,[]
664,,,"620-658 Terrigal Drive, Central Coast NSW 2250",Evie Networks,4,DC,75 kW,-33.43668073,151.3943884,Central Coast Council,2250,Existing Fast Chargers,0,0,0,0,0,0,0,0,0,0,0,0,0,0,0,0,0,0,0,0,0,0,0,0,0,0,0,0,0,0,0,0,0,0,0,4,0,0,0,0,Central Coast,102,2250,unmatched,unmatched,,,,,,,{},,0,0,,,,False,unmatched,unmatched,,,,,,,{},,0,0,,,,False,unmatched,unmatched,,,,,,,{},,0,0,,,,False,unmatched,unmatched,,,,,,no,,{},{},0,[]
668,,,"634-726 Princes Highway, Tempe NSW 2044",Evie Networks,4,DC,150 kW,-33.92288364,151.1652088,Inner West Council,2044,ARENA - Driving the Nation,0,0,0,0,0,0,0,4,0,0,0,0,0,0,0,0,0,0,0,0,0,0,0,0,0,0,0,0,0,0,0,0,0,0,0,0,0,0,0,0,Sydney - City and Inner South,117,2044,unmatched,unmatched,,,,,,,{},,0,0,,,,False,accepted,coordinate_only,14.291264831188535,0.0,https://www.openstreetmap.org/node/13064491791,,,Evie Networks,"{""access_condition"": ""Free Access"", ""allows_card_payment"": false, ""allows_reservation"": false, ""charging_point_count"": 4, ""charging_point_count_raw"": 4, ""connector_types_normalized"": ""CCS"", ""data_provider"": ""OpenStreetMap"", ""is_free"": false, ""network"": """", ""number_of_plugs"": null, ""opening_hours"": ""Mo-Su 06:00-21:00"", ""power_kw_max"": null, ""power_kw_min"": null, ""power_scope"": ""station_reported_maximum"", ""pricing_info"": """"}",True,1,1,,,,False,unmatched,unmatched,,,,,,,{},,0,0,,,,False,accepted,accepted,OSM,OSM:https://www.openstreetmap.org/node/13064491791,,,,no,,"{""OSM::access_condition"": ""Free Access"", ""OSM::allows_card_payment"": false, ""OSM::allows_reservation"": false, ""OSM::charging_point_count"": 4, ""OSM::charging_point_count_raw"": 4, ""OSM::connector_types_normalized"": ""CCS"", ""OSM::data_provider"": ""OpenStreetMap"", ""OSM::is_free"": false, ""OSM::opening_hours"": ""Mo-Su 06:00-21:00"", ""OSM::power_scope"": ""station_reported_maximum""}","{""OSM::access_condition"": ""Free Access"", ""OSM::allows_card_payment"": false, ""OSM::allows_reservation"": false, ""OSM::connector_types_normalized"": ""CCS"", ""OSM::is_free"": false, ""OSM::opening_hours"": ""Mo-Su 06:00-21:00"", ""OSM::power_scope"": ""station_reported_maximum""}",6,"[{""binding"": ""source_address_only; external identity not verified"", ""conclusion"": """", ""file"": ""data/reference/web_review/task3_104_non_ocm_web_verified.csv"", ""page_opened"": true, ""reported_confidence"": ""high"", ""url"": ""https://www.planningalerts.org.au/applications/3226244""}]"
671,,,"66 Princes Highway, Wollongong NSW 2519",Chargefox,4,DC,47 kW,-34.39180785,150.8945806,Wollongong City Council,2519,Existing Fast Chargers,0,0,0,0,0,0,0,0,0,0,0,0,0,0,0,0,0,0,0,0,0,0,0,0,0,0,0,0,0,0,4,0,0,0,0,0,0,0,0,0,Illawarra,107,2519,unmatched,unmatched,,,,,,,{},,0,0,,,,False,unmatched,unmatched,,,,,,,{},,0,0,,,,False,unmatched,unmatched,,,,,,,{},,0,0,,,,False,unmatched,unmatched,,,,,,no,,{},{},0,[]
673,,,"67 Roberts Road, Sydney NSW 2190",Exploren,2,DC,120 kW,-33.90204809,151.0655796,Strathfield,2190,Existing Fast Chargers,0,0,2,0,0,0,0,0,0,0,0,0,0,0,0,0,0,0,0,0,0,0,0,0,0,0,0,0,0,0,0,0,0,0,0,0,0,0,0,0,Sydney - Inner South West,119,2190,unmatched,unmatched,,,,,,,{},,0,0,,,,False,unmatched,unmatched,,,,,,,{},,0,0,,,,False,accepted,coordinate_and_fuzzy_address,0.09776224150901942,0.9488372093023256,15d06bf5-6b4a-425d-9312-bae4b17cc22b-1862,"67 Roberts Rd, Greenacre, NSW 2190",Bunnings Greenacre,,"{""connector_types_normalized"": ""CCS"", ""data_provider"": ""Charge@Large"", ""dc_port_count"": 2, ""number_of_plugs"": null, ""power_kw_max"": 120.0, ""power_kw_min"": 120.0, ""power_kw_values"": [120.0], ""power_scope"": ""dc_indicated_ports"", ""site_power_range_raw"": ""120"", ""status_counts"": {""Available"": 2}, ""status_observed_at"": null, ""total_port_count"": 2}",True,1,1,,,,False,accepted,accepted,Charge@Large,Charge@Large:15d06bf5-6b4a-425d-9312-bae4b17cc22b-1862,,,,no,,"{""Charge@Large::connector_types_normalized"": ""CCS"", ""Charge@Large::data_provider"": ""Charge@Large"", ""Charge@Large::dc_port_count"": 2, ""Charge@Large::power_kw_max"": 120.0, ""Charge@Large::power_kw_min"": 120.0, ""Charge@Large::power_kw_values"": [120.0], ""Charge@Large::power_scope"": ""dc_indicated_ports"", ""Charge@Large::site_power_range_raw"": ""120"", ""Charge@Large::status_counts"": {""Available"": 2}, ""Charge@Large::total_port_count"": 2}","{""Charge@Large::connector_types_normalized"": ""CCS"", ""Charge@Large::dc_port_count"": 2, ""Charge@Large::power_kw_max"": 120.0, ""Charge@Large::power_kw_min"": 120.0, ""Charge@Large::power_scope"": ""dc_indicated_ports"", ""Charge@Large::status_counts"": {""Available"": 2}, ""Charge@Large::total_port_count"": 2}",2,"[{""binding"": ""source_address_only; external identity not verified"", ""conclusion"": """", ""file"": ""data/reference/web_review/task3_104_non_ocm_web_verified.csv"", ""page_opened"": true, ""reported_confidence"": ""high"", ""url"": ""https://ev-charging-stations.com.au/chargers/nsw/belmore""}]"
676,,,"670 Richmond Road, Sydney NSW 2761",JOLT,4,DC,25 kW,-33.73553158,150.8513123,Blacktown City Council,2761,Existing Fast Chargers,0,0,0,0,0,0,0,0,0,0,0,0,0,0,0,0,0,0,0,0,0,0,4,0,0,0,0,0,0,0,0,0,0,0,0,0,0,0,0,0,Sydney - Blacktown,116,2761,unmatched,unmatched,,,,,,,{},,0,0,,,,False,unmatched,unmatched,,,,,,,{},,0,0,,,,False,unmatched,unmatched,,,,,,,{},,0,0,,,,False,unmatched,unmatched,,,,,,no,,{},{},0,[]
679,,,"69-71 Central Coast Highway, Gosford West NSW 2250",Ampol,2,DC,125 kW,-33.4267831,151.321995,Central Coast Council,2250,ARENA - Driving the Nation,0,0,0,2,0,0,0,0,0,0,0,0,0,0,0,0,0,0,0,0,0,0,0,0,0,0,0,0,0,0,0,0,0,0,0,0,0,0,0,0,Central Coast,102,2250,unmatched,unmatched,,,,,,,{},,0,0,,,,False,accepted,coordinate_only,94.41794505445957,0.0,https://www.openstreetmap.org/node/11129535113,,,AmpCharge,"{""access_condition"": ""Free Access"", ""allows_card_payment"": false, ""allows_reservation"": false, ""charging_point_count"": null, ""charging_point_count_raw"": null, ""connector_types_normalized"": ""CCS;CHAdeMO"", ""data_provider"": ""OpenStreetMap"", ""is_free"": false, ""network"": """", ""number_of_plugs"": null, ""opening_hours"": """", ""power_kw_max"": null, ""power_kw_min"": null, ""power_scope"": ""station_reported_maximum"", ""pricing_info"": """"}",True,2,2,166.99725459263595,,,False,unmatched,unmatched,,,,,,,{},,0,0,,,,False,accepted,accepted,OSM,OSM:https://www.openstreetmap.org/node/11129535113,,,,no,,"{""OSM::access_condition"": ""Free Access"", ""OSM::allows_card_payment"": false, ""OSM::allows_reservation"": false, ""OSM::connector_types_normalized"": ""CCS;CHAdeMO"", ""OSM::data_provider"": ""OpenStreetMap"", ""OSM::is_free"": false, ""OSM::power_scope"": ""station_reported_maximum""}","{""OSM::access_condition"": ""Free Access"", ""OSM::allows_card_payment"": false, ""OSM::allows_reservation"": false, ""OSM::connector_types_normalized"": ""CCS;CHAdeMO"", ""OSM::is_free"": false, ""OSM::power_scope"": ""station_reported_maximum""}",5,"[{""binding"": ""source_address_only; external identity not verified"", ""conclusion"": """", ""file"": ""data/reference/web_review/task3_104_non_ocm_web_verified.csv"", ""page_opened"": false, ""reported_confidence"": ""medium"", ""url"": ""https://www.plugroo.com.au/nsw/gunderman""}]"
680,,,"7 Bungan Street, Sydney NSW 2103",JOLT,2,DC,25 kW,-33.6760501,151.3031301,Northern Beaches Council,2103,Existing Fast Chargers,0,0,0,0,0,0,0,0,0,0,0,0,0,0,0,0,0,0,0,0,0,0,2,0,0,0,0,0,0,0,0,0,0,0,0,0,0,0,0,0,Sydney - Northern Beaches,122,2103,review,coordinate_only,11.891719642167043,0.8333333333333334,190757,"2 Bungan St, Mona Vale, NSW, 2103",Mona Vale [JOLT],Jolt,"{""charger_capacities"": ""25 kW"", ""charging_point_count"": 1.0, ""connector_types_normalized"": ""CCS;CHAdeMO"", ""data_provider"": ""Open Charge Map"", ""is_operational"": true, ""last_verified"": ""2023-02-11T08:43:00Z"", ""number_of_plugs"": null, ""operator"": ""Jolt"", ""plug_types"": ""CCS (Type 2); CHAdeMO"", ""power_kw_max"": 25.0, ""power_kw_min"": 25.0, ""power_kw_values"": [25.0], ""power_scope"": ""dc_indicated_connection_ratings"", ""status"": ""Operational"", ""usage_cost"": ""$0.00/kWh up to 7 kWh then $0.46/kWh""}",True,2,2,59.230742941662626,house numbers conflict; address evidence is inconsistent; candidate does not pass the automatic identity gate,,False,accepted,coordinate_only,10.78852094198848,0.0,https://www.openstreetmap.org/node/9204398603,,,Jolt,"{""access_condition"": ""Free Access"", ""allows_card_payment"": false, ""allows_reservation"": false, ""charging_point_count"": 1, ""charging_point_count_raw"": 1, ""connector_types_normalized"": ""CHAdeMO"", ""data_provider"": ""OpenStreetMap"", ""is_free"": false, ""network"": ""JOLT"", ""number_of_plugs"": null, ""opening_hours"": ""24/7"", ""power_kw_max"": null, ""power_kw_min"": null, ""power_scope"": ""station_reported_maximum"", ""pricing_info"": """"}",True,2,2,49.913443014615765,,,False,unmatched,unmatched,,,,,,,{},,0,0,,,,False,accepted,accepted,OSM,OSM:https://www.openstreetmap.org/node/9204398603,OCM,OCM: house numbers conflict; address evidence is inconsistent; candidate does not pass the automatic identity gate,,no,,"{""OSM::access_condition"": ""Free Access"", ""OSM::allows_card_payment"": false, ""OSM::allows_reservation"": false, ""OSM::charging_point_count"": 1, ""OSM::charging_point_count_raw"": 1, ""OSM::connector_types_normalized"": ""CHAdeMO"", ""OSM::data_provider"": ""OpenStreetMap"", ""OSM::is_free"": false, ""OSM::network"": ""JOLT"", ""OSM::opening_hours"": ""24/7"", ""OSM::power_scope"": ""station_reported_maximum""}","{""OSM::access_condition"": ""Free Access"", ""OSM::allows_card_payment"": false, ""OSM::allows_reservation"": false, ""OSM::connector_types_normalized"": ""CHAdeMO"", ""OSM::is_free"": false, ""OSM::network"": ""JOLT"", ""OSM::opening_hours"": ""24/7"", ""OSM::power_scope"": ""station_reported_maximum""}",7,"[{""binding"": ""same source address and OCM ID; search evidence only"", ""conclusion"": ""web_evidence_found_not_identity_proof"", ""file"": ""data/reference/web_review/task3_ocm_125_web_confidence.csv"", ""page_opened"": false, ""reported_confidence"": ""medium"", ""url"": ""https://www.chargeroute.au/chargers/nsw/exploren-sydney-sydney-10""}]"
684,,,"7 Pemell Street, Toronto NSW 2283",Exploren,2,DC,40 kW,-33.01454359,151.5961952,Lake Macquarie City Council,2283,Existing Fast Chargers,0,0,0,0,0,0,0,0,0,0,0,0,0,0,0,0,0,0,0,0,0,0,0,0,0,0,0,0,2,0,0,0,0,0,0,0,0,0,0,0,Newcastle and Lake Macquarie,111,2283,unmatched,unmatched,,,,,,,{},,0,0,,,,False,unmatched,unmatched,,,,,,,{},,0,0,,,,False,accepted,coordinate_and_fuzzy_address,0.07672449971640738,1.0,15d06bf5-6b4a-425d-9312-bae4b17cc22b-170,"7 Pemell St, Toronto, NSW 2283",Toronto Commercial Centre Carpark,,"{""connector_types_normalized"": ""CCS"", ""data_provider"": ""Charge@Large"", ""dc_port_count"": 2, ""number_of_plugs"": null, ""power_kw_max"": 40.0, ""power_kw_min"": 40.0, ""power_kw_values"": [40.0], ""power_scope"": ""dc_indicated_ports"", ""site_power_range_raw"": ""40"", ""status_counts"": {""Available"": 2}, ""status_observed_at"": null, ""total_port_count"": 2}",True,1,1,,,,False,accepted,accepted,Charge@Large,Charge@Large:15d06bf5-6b4a-425d-9312-bae4b17cc22b-170,,,,no,,"{""Charge@Large::connector_types_normalized"": ""CCS"", ""Charge@Large::data_provider"": ""Charge@Large"", ""Charge@Large::dc_port_count"": 2, ""Charge@Large::power_kw_max"": 40.0, ""Charge@Large::power_kw_min"": 40.0, ""Charge@Large::power_kw_values"": [40.0], ""Charge@Large::power_scope"": ""dc_indicated_ports"", ""Charge@Large::site_power_range_raw"": ""40"", ""Charge@Large::status_counts"": {""Available"": 2}, ""Charge@Large::total_port_count"": 2}","{""Charge@Large::connector_types_normalized"": ""CCS"", ""Charge@Large::dc_port_count"": 2, ""Charge@Large::power_kw_max"": 40.0, ""Charge@Large::power_kw_min"": 40.0, ""Charge@Large::power_scope"": ""dc_indicated_ports"", ""Charge@Large::status_counts"": {""Available"": 2}, ""Charge@Large::total_port_count"": 2}",2,"[{""binding"": ""source_address_only; external identity not verified"", ""conclusion"": """", ""file"": ""data/reference/web_review/task3_104_non_ocm_web_verified.csv"", ""page_opened"": false, ""reported_confidence"": ""medium"", ""url"": ""https://www.chargeroute.au/chargers/nsw/exploren-toronto-toronto""}]"
686,,,"7 Tank Street, Lithgow NSW 2790",NRMA Electric,4,DC,50 kW,-33.47800605,150.1611241,"Lithgow Council, City of",2790,Existing Fast Chargers,0,0,0,0,0,0,0,0,0,0,0,0,0,0,0,0,0,0,0,0,0,0,0,0,0,0,0,0,0,0,0,4,0,0,0,0,0,0,0,0,Central West,103,2790,accepted,coordinate_only,7.720746763785768,0.7375,154488,"Tank St, Lithgow, NSW",Lithgow Workmen's Club,NRMA,"{""charger_capacities"": ""50 kW"", ""charging_point_count"": 2.0, ""connector_types_normalized"": ""CCS;CHAdeMO"", ""data_provider"": ""Open Charge Map"", ""is_operational"": true, ""last_verified"": ""2024-06-14T12:05:00Z"", ""number_of_plugs"": null, ""operator"": ""NRMA"", ""plug_types"": ""CCS (Type 2); CHAdeMO"", ""power_kw_max"": 50.0, ""power_kw_min"": 50.0, ""power_kw_values"": [50.0], ""power_scope"": ""dc_indicated_connection_ratings"", ""status"": ""Operational"", ""usage_cost"": ""60c / 54c for members of NRMA""}",True,1,1,,,address evidence is inconsistent,False,accepted,coordinate_only,5.357205996364484,0.0,https://www.openstreetmap.org/node/6656233420,,,NRMA,"{""access_condition"": ""Free Access"", ""allows_card_payment"": false, ""allows_reservation"": false, ""charging_point_count"": 2, ""charging_point_count_raw"": 2, ""connector_types_normalized"": ""CCS;CHAdeMO"", ""data_provider"": ""OpenStreetMap"", ""is_free"": false, ""network"": ""Tritium"", ""number_of_plugs"": null, ""opening_hours"": """", ""power_kw_max"": null, ""power_kw_min"": null, ""power_scope"": ""station_reported_maximum"", ""pricing_info"": """"}",True,2,2,416.5387264646272,,,False,unmatched,unmatched,,,,,,,{},,0,0,,,,False,accepted,accepted,OCM;OSM,OCM:154488;OSM:https://www.openstreetmap.org/node/6656233420,,,OCM: address evidence is inconsistent,yes,,"{""OCM::charger_capacities"": ""50 kW"", ""OCM::charging_point_count"": 2.0, ""OCM::connector_types_normalized"": ""CCS;CHAdeMO"", ""OCM::data_provider"": ""Open Charge Map"", ""OCM::is_operational"": true, ""OCM::last_verified"": ""2024-06-14T12:05:00Z"", ""OCM::operator"": ""NRMA"", ""OCM::plug_types"": ""CCS (Type 2); CHAdeMO"", ""OCM::power_kw_max"": 50.0, ""OCM::power_kw_min"": 50.0, ""OCM::power_kw_values"": [50.0], ""OCM::power_scope"": ""dc_indicated_connection_ratings"", ""OCM::status"": ""Operational"", ""OCM::usage_cost"": ""60c / 54c for members of NRMA"", ""OSM::access_condition"": ""Free Access"", ""OSM::allows_card_payment"": false, ""OSM::allows_reservation"": false, ""OSM::charging_point_count"": 2, ""OSM::charging_point_count_raw"": 2, ""OSM::connector_types_normalized"": ""CCS;CHAdeMO"", ""OSM::data_provider"": ""OpenStreetMap"", ""OSM::is_free"": false, ""OSM::network"": ""Tritium"", ""OSM::power_scope"": ""station_reported_maximum""}","{""OCM::connector_types_normalized"": ""CCS;CHAdeMO"", ""OCM::is_operational"": true, ""OCM::operator"": ""NRMA"", ""OCM::plug_types"": ""CCS (Type 2); CHAdeMO"", ""OCM::power_kw_max"": 50.0, ""OCM::power_kw_min"": 50.0, ""OCM::power_scope"": ""dc_indicated_connection_ratings"", ""OCM::status"": ""Operational"", ""OCM::usage_cost"": ""60c / 54c for members of NRMA"", ""OSM::access_condition"": ""Free Access"", ""OSM::allows_card_payment"": false, ""OSM::allows_reservation"": false, ""OSM::connector_types_normalized"": ""CCS;CHAdeMO"", ""OSM::is_free"": false, ""OSM::network"": ""Tritium"", ""OSM::power_scope"": ""station_reported_maximum""}",10,"[{""binding"": ""same source address and OCM ID; search evidence only"", ""conclusion"": ""web_evidence_found_not_identity_proof"", ""file"": ""data/reference/web_review/task3_ocm_125_web_confidence.csv"", ""page_opened"": true, ""reported_confidence"": ""high"", ""url"": ""https://ev-charging-stations.com.au/chargers/nsw/lithgow""}]"
695,,,"725 Pittwater Road, Sydney NSW 2099",JOLT,2,DC,25 kW,-33.7523594,151.2865606,Northern Beaches Council,2099,Existing Fast Chargers,0,0,0,0,0,0,0,0,0,0,0,0,0,0,0,0,0,0,0,0,0,0,2,0,0,0,0,0,0,0,0,0,0,0,0,0,0,0,0,0,Sydney - Northern Beaches,122,2099,unmatched,unmatched,,,,,,,{},,0,0,,,,False,review,coordinate_only,157.86899402222622,0.0,https://www.openstreetmap.org/node/9491233549,,,Jolt,"{""access_condition"": ""Free Access"", ""allows_card_payment"": false, ""allows_reservation"": false, ""charging_point_count"": 1, ""charging_point_count_raw"": 1, ""connector_types_normalized"": ""CHAdeMO"", ""data_provider"": ""OpenStreetMap"", ""is_free"": false, ""network"": ""JOLT"", ""number_of_plugs"": null, ""opening_hours"": ""24/7"", ""power_kw_max"": null, ""power_kw_min"": null, ""power_scope"": ""station_reported_maximum"", ""pricing_info"": """"}",True,1,1,,candidate does not pass the automatic identity gate,,False,unmatched,unmatched,,,,,,,{},,0,0,,,,False,review,review,,,OSM,OSM: candidate does not pass the automatic identity gate,,no,,{},{},0,[]
697,,,"73 Belmore Road, Randwick NSW 2031",Evie Networks,4,DC,50 kW,-33.915171,151.241129,Randwick City Council,2031,ARENA - Driving the Nation,0,0,0,0,0,0,0,0,0,0,0,0,0,0,0,0,0,0,0,0,0,0,0,0,0,0,0,0,0,0,0,4,0,0,0,0,0,0,0,0,Sydney - Eastern Suburbs,118,2031,accepted,coordinate_and_fuzzy_address,14.596278144442598,1.0,272630,"73 Belmore Road, Randwick, NSW, 2031",Royal Randwick,Evie,"{""charger_capacities"": ""50 kW"", ""charging_point_count"": 2.0, ""connector_types_normalized"": ""CCS;CHAdeMO"", ""data_provider"": ""Open Charge Map"", ""is_operational"": true, ""last_verified"": ""2023-07-15T12:06:00Z"", ""number_of_plugs"": null, ""operator"": ""Evie"", ""plug_types"": ""CCS (Type 2); CHAdeMO"", ""power_kw_max"": 50.0, ""power_kw_min"": 50.0, ""power_kw_values"": [50.0], ""power_scope"": ""dc_indicated_connection_ratings"", ""status"": ""Operational"", ""usage_cost"": """"}",True,1,1,,,,False,review,coordinate_only,239.77493648048906,0.0,https://www.openstreetmap.org/node/6965143040,,,Chargefox,"{""access_condition"": ""Free Access"", ""allows_card_payment"": false, ""allows_reservation"": false, ""charging_point_count"": 2, ""charging_point_count_raw"": 2, ""connector_types_normalized"": ""CCS"", ""data_provider"": ""OpenStreetMap"", ""is_free"": true, ""network"": """", ""number_of_plugs"": null, ""opening_hours"": """", ""power_kw_max"": null, ""power_kw_min"": null, ""power_scope"": ""station_reported_maximum"", ""pricing_info"": """"}",True,1,1,,candidate does not pass the automatic identity gate,,False,unmatched,unmatched,,,,,,,{},,0,0,,,,False,accepted,accepted,OCM,OCM:272630,OSM,OSM: candidate does not pass the automatic identity gate,,no,,"{""OCM::charger_capacities"": ""50 kW"", ""OCM::charging_point_count"": 2.0, ""OCM::connector_types_normalized"": ""CCS;CHAdeMO"", ""OCM::data_provider"": ""Open Charge Map"", ""OCM::is_operational"": true, ""OCM::last_verified"": ""2023-07-15T12:06:00Z"", ""OCM::operator"": ""Evie"", ""OCM::plug_types"": ""CCS (Type 2); CHAdeMO"", ""OCM::power_kw_max"": 50.0, ""OCM::power_kw_min"": 50.0, ""OCM::power_kw_values"": [50.0], ""OCM::power_scope"": ""dc_indicated_connection_ratings"", ""OCM::status"": ""Operational""}","{""OCM::connector_types_normalized"": ""CCS;CHAdeMO"", ""OCM::is_operational"": true, ""OCM::operator"": ""Evie"", ""OCM::plug_types"": ""CCS (Type 2); CHAdeMO"", ""OCM::power_kw_max"": 50.0, ""OCM::power_kw_min"": 50.0, ""OCM::power_scope"": ""dc_indicated_connection_ratings"", ""OCM::status"": ""Operational""}",4,[]
698,,,"731-741 Military Road, Sydney NSW 2088",Chargefox,2,DC,47 kW,-33.82852457,151.2439029,Mosman Municipal Council,2088,Existing Fast Chargers,0,0,0,0,0,0,0,0,0,0,0,0,0,0,0,0,0,0,0,0,0,0,0,0,0,0,0,0,0,0,2,0,0,0,0,0,0,0,0,0,Sydney - North Sydney and Hornsby,121,2088,review,coordinate_only,300.1081111703142,0.3034782608695652,272686,"188 Raglan St, Mosman, New South Wales, 2088",Raglan Street West,Evie,"{""charger_capacities"": ""50 kW"", ""charging_point_count"": 1.0, ""connector_types_normalized"": ""CCS;CHAdeMO"", ""data_provider"": ""Open Charge Map"", ""is_operational"": true, ""last_verified"": ""2023-07-16T22:00:00Z"", ""number_of_plugs"": null, ""operator"": ""Evie"", ""plug_types"": ""CCS (Type 2); CHAdeMO"", ""power_kw_max"": 50.0, ""power_kw_min"": 50.0, ""power_kw_values"": [50.0], ""power_scope"": ""dc_indicated_connection_ratings"", ""status"": ""Operational"", ""usage_cost"": """"}",True,2,2,109.7654789011562,house numbers conflict; address evidence is inconsistent; candidate does not pass the automatic identity gate,,False,unmatched,unmatched,,,,,,,{},,0,0,,,,False,unmatched,unmatched,,,,,,,{},,0,0,,,,False,review,review,,,OCM,OCM: house numbers conflict; address evidence is inconsistent; candidate does not pass the automatic identity gate,,no,,{},{},0,"[{""binding"": ""same source address and OCM ID; search evidence only"", ""conclusion"": ""web_evidence_found_not_identity_proof"", ""file"": ""data/reference/web_review/task3_ocm_125_web_confidence.csv"", ""page_opened"": false, ""reported_confidence"": ""medium"", ""url"": ""https://www.chargeroute.au/chargers/nsw/chargefox-sydney-sydney-3""}]"
701,,,"741 George Street, Windsor NSW 2756",Ampol,4,DC,150 kW,-33.63860965,150.7837227,Hawkesbury City Council,2756,Existing Fast Chargers,0,0,0,0,0,0,0,4,0,0,0,0,0,0,0,0,0,0,0,0,0,0,0,0,0,0,0,0,0,0,0,0,0,0,0,0,0,0,0,0,Sydney - Outer West and Blue Mountains,124,2756,unmatched,unmatched,,,,,,,{},,0,0,,,,False,unmatched,unmatched,,,,,,,{},,0,0,,,,False,unmatched,unmatched,,,,,,,{},,0,0,,,,False,unmatched,unmatched,,,,,,no,,{},{},0,[]
703,,,"76 Cowper Street, Wallsend NSW 2287",NRMA Electric,4,DC,50 kW,-32.90272177,151.6697678,Newcastle City Council,2287,Existing Fast Chargers,0,0,0,0,0,0,0,0,0,0,0,0,0,0,0,0,0,0,0,0,0,0,0,0,0,0,0,0,0,0,0,4,0,0,0,0,0,0,0,0,Newcastle and Lake Macquarie,111,2287,accepted,coordinate_and_fuzzy_address,26.248171764911678,1.0,148545,"76 Cowper Street, Wallsend, NSW, 2287",Wallsend [NRMA],NRMA,"{""charger_capacities"": ""50 kW"", ""charging_point_count"": 1.0, ""connector_types_normalized"": ""CCS;CHAdeMO"", ""data_provider"": ""Open Charge Map"", ""is_operational"": true, ""last_verified"": ""2021-12-19T02:07:00Z"", ""number_of_plugs"": null, ""operator"": ""NRMA"", ""plug_types"": ""CCS (Type 2); CHAdeMO"", ""power_kw_max"": 50.0, ""power_kw_min"": 50.0, ""power_kw_values"": [50.0], ""power_scope"": ""dc_indicated_connection_ratings"", ""status"": ""Operational"", ""usage_cost"": ""Currently free but will be fee at some point.""}",True,1,1,,,,False,unmatched,unmatched,,,,,,,{},,0,0,,,,False,unmatched,unmatched,,,,,,,{},,0,0,,,,False,accepted,accepted,OCM,OCM:148545,,,,no,,"{""OCM::charger_capacities"": ""50 kW"", ""OCM::charging_point_count"": 1.0, ""OCM::connector_types_normalized"": ""CCS;CHAdeMO"", ""OCM::data_provider"": ""Open Charge Map"", ""OCM::is_operational"": true, ""OCM::last_verified"": ""2021-12-19T02:07:00Z"", ""OCM::operator"": ""NRMA"", ""OCM::plug_types"": ""CCS (Type 2); CHAdeMO"", ""OCM::power_kw_max"": 50.0, ""OCM::power_kw_min"": 50.0, ""OCM::power_kw_values"": [50.0], ""OCM::power_scope"": ""dc_indicated_connection_ratings"", ""OCM::status"": ""Operational"", ""OCM::usage_cost"": ""Currently free but will be fee at some point.""}","{""OCM::connector_types_normalized"": ""CCS;CHAdeMO"", ""OCM::is_operational"": true, ""OCM::operator"": ""NRMA"", ""OCM::plug_types"": ""CCS (Type 2); CHAdeMO"", ""OCM::power_kw_max"": 50.0, ""OCM::power_kw_min"": 50.0, ""OCM::power_scope"": ""dc_indicated_connection_ratings"", ""OCM::status"": ""Operational"", ""OCM::usage_cost"": ""Currently free but will be fee at some point.""}",5,[]
705,,,"76 Wingewarra Street, Dubbo NSW 2830",Tesla,8,DC,130 kW,-32.24995,148.6091822,Dubbo Regional Council,2830,Existing Fast Chargers,0,0,0,0,8,0,0,0,0,0,0,0,0,0,0,0,0,0,0,0,0,0,0,0,0,0,0,0,0,0,0,0,0,0,0,0,0,0,0,0,Far West and Orana,105,2830,accepted,coordinate_and_fuzzy_address,0.018808137858465808,1.0,121546,"76 Wingewarra Street, Dubbo, 2830",Dubbo Supercharger [Tesla],Tesla (including non-tesla),"{""charger_capacities"": ""120 kW"", ""charging_point_count"": 4.0, ""connector_types_normalized"": ""CCS"", ""data_provider"": ""Open Charge Map"", ""is_operational"": true, ""last_verified"": ""2023-08-30T06:19:00Z"", ""number_of_plugs"": null, ""operator"": ""Tesla (including non-tesla)"", ""plug_types"": ""CCS (Type 2)"", ""power_kw_max"": 120.0, ""power_kw_min"": 120.0, ""power_kw_values"": [120.0], ""power_scope"": ""dc_indicated_connection_ratings"", ""status"": ""Operational"", ""usage_cost"": ""$0.52/kWh""}",True,2,2,73.03188005823952,,,False,accepted,coordinate_only,2.678766558759551,0.0,https://www.openstreetmap.org/node/6456722833,,Tesla Supercharger,Tesla,"{""access_condition"": ""Free Access"", ""allows_card_payment"": false, ""allows_reservation"": false, ""charging_point_count"": 4, ""charging_point_count_raw"": 4, ""connector_types_normalized"": ""CCS"", ""data_provider"": ""OpenStreetMap"", ""is_free"": false, ""network"": ""Supercharger"", ""number_of_plugs"": null, ""opening_hours"": ""24/7"", ""power_kw_max"": null, ""power_kw_min"": null, ""power_scope"": ""station_reported_maximum"", ""pricing_info"": """"}",True,2,2,63.38235810826241,,,False,unmatched,unmatched,,,,,,,{},,0,0,,,,False,accepted,accepted,OCM;OSM,OCM:121546;OSM:https://www.openstreetmap.org/node/6456722833,,,,no,,"{""OCM::charger_capacities"": ""120 kW"", ""OCM::charging_point_count"": 4.0, ""OCM::connector_types_normalized"": ""CCS"", ""OCM::data_provider"": ""Open Charge Map"", ""OCM::is_operational"": true, ""OCM::last_verified"": ""2023-08-30T06:19:00Z"", ""OCM::operator"": ""Tesla (including non-tesla)"", ""OCM::plug_types"": ""CCS (Type 2)"", ""OCM::power_kw_max"": 120.0, ""OCM::power_kw_min"": 120.0, ""OCM::power_kw_values"": [120.0], ""OCM::power_scope"": ""dc_indicated_connection_ratings"", ""OCM::status"": ""Operational"", ""OCM::usage_cost"": ""$0.52/kWh"", ""OSM::access_condition"": ""Free Access"", ""OSM::allows_card_payment"": false, ""OSM::allows_reservation"": false, ""OSM::charging_point_count"": 4, ""OSM::charging_point_count_raw"": 4, ""OSM::connector_types_normalized"": ""CCS"", ""OSM::data_provider"": ""OpenStreetMap"", ""OSM::is_free"": false, ""OSM::network"": ""Supercharger"", ""OSM::opening_hours"": ""24/7"", ""OSM::power_scope"": ""station_reported_maximum""}","{""OCM::connector_types_normalized"": ""CCS"", ""OCM::is_operational"": true, ""OCM::operator"": ""Tesla (including non-tesla)"", ""OCM::plug_types"": ""CCS (Type 2)"", ""OCM::power_kw_max"": 120.0, ""OCM::power_kw_min"": 120.0, ""OCM::power_scope"": ""dc_indicated_connection_ratings"", ""OCM::status"": ""Operational"", ""OCM::usage_cost"": ""$0.52/kWh"", ""OSM::access_condition"": ""Free Access"", ""OSM::allows_card_payment"": false, ""OSM::allows_reservation"": false, ""OSM::connector_types_normalized"": ""CCS"", ""OSM::is_free"": false, ""OSM::network"": ""Supercharger"", ""OSM::opening_hours"": ""24/7"", ""OSM::power_scope"": ""station_reported_maximum""}",11,[]
707,,,"77 Darling Street, Cowra NSW 2794",NRMA Electric,2,DC,50 kW,-33.83451056,148.6935365,Cowra Shire Council,2794,Existing Fast Chargers,0,0,0,0,0,0,0,0,0,0,0,0,0,0,0,0,0,0,0,0,0,0,0,0,0,0,0,0,0,0,0,2,0,0,0,0,0,0,0,0,Central West,103,2794,accepted,coordinate_and_fuzzy_address,89.37778137190197,1.0,156010,"77 Darling Street, Cowra, NSW, 2794",Cowra Regional Art Gallery,NRMA,"{""charger_capacities"": ""50 kW"", ""charging_point_count"": 2.0, ""connector_types_normalized"": ""CCS"", ""data_provider"": ""Open Charge Map"", ""is_operational"": true, ""last_verified"": ""2026-07-15T01:03:00Z"", ""number_of_plugs"": null, ""operator"": ""NRMA"", ""plug_types"": ""CCS (Type 2)"", ""power_kw_max"": 50.0, ""power_kw_min"": 50.0, ""power_kw_values"": [50.0], ""power_scope"": ""dc_indicated_connection_ratings"", ""status"": ""Operational"", ""usage_cost"": ""$0.74/kWh""}",True,1,1,,,,False,accepted,coordinate_only,95.58880759416206,0.0,https://www.openstreetmap.org/node/8253300980,,,NRMA,"{""access_condition"": ""Free Access"", ""allows_card_payment"": false, ""allows_reservation"": false, ""charging_point_count"": null, ""charging_point_count_raw"": null, ""connector_types_normalized"": ""CHAdeMO"", ""data_provider"": ""OpenStreetMap"", ""is_free"": true, ""network"": """", ""number_of_plugs"": null, ""opening_hours"": ""24/7"", ""power_kw_max"": null, ""power_kw_min"": null, ""power_scope"": ""station_reported_maximum"", ""pricing_info"": """"}",True,1,1,,,,False,unmatched,unmatched,,,,,,,{},,0,0,,,,False,accepted,accepted,OCM;OSM,OCM:156010;OSM:https://www.openstreetmap.org/node/8253300980,,,,no,,"{""OCM::charger_capacities"": ""50 kW"", ""OCM::charging_point_count"": 2.0, ""OCM::connector_types_normalized"": ""CCS"", ""OCM::data_provider"": ""Open Charge Map"", ""OCM::is_operational"": true, ""OCM::last_verified"": ""2026-07-15T01:03:00Z"", ""OCM::operator"": ""NRMA"", ""OCM::plug_types"": ""CCS (Type 2)"", ""OCM::power_kw_max"": 50.0, ""OCM::power_kw_min"": 50.0, ""OCM::power_kw_values"": [50.0], ""OCM::power_scope"": ""dc_indicated_connection_ratings"", ""OCM::status"": ""Operational"", ""OCM::usage_cost"": ""$0.74/kWh"", ""OSM::access_condition"": ""Free Access"", ""OSM::allows_card_payment"": false, ""OSM::allows_reservation"": false, ""OSM::connector_types_normalized"": ""CHAdeMO"", ""OSM::data_provider"": ""OpenStreetMap"", ""OSM::is_free"": true, ""OSM::opening_hours"": ""24/7"", ""OSM::power_scope"": ""station_reported_maximum""}","{""OCM::connector_types_normalized"": ""CCS"", ""OCM::is_operational"": true, ""OCM::operator"": ""NRMA"", ""OCM::plug_types"": ""CCS (Type 2)"", ""OCM::power_kw_max"": 50.0, ""OCM::power_kw_min"": 50.0, ""OCM::power_scope"": ""dc_indicated_connection_ratings"", ""OCM::status"": ""Operational"", ""OCM::usage_cost"": ""$0.74/kWh"", ""OSM::access_condition"": ""Free Access"", ""OSM::allows_card_payment"": false, ""OSM::allows_reservation"": false, ""OSM::connector_types_normalized"": ""CHAdeMO"", ""OSM::is_free"": true, ""OSM::opening_hours"": ""24/7"", ""OSM::power_scope"": ""station_reported_maximum""}",10,[]
709,,,"772 Anzac Parade, Sydney NSW 2035",Evie Networks,4,DC,75 kW,-33.93800905,151.2385195,Randwick City Council,2035,Existing Fast Chargers,0,0,0,0,0,0,0,0,0,0,0,0,0,0,0,0,0,0,0,0,0,0,0,0,0,0,0,0,0,0,0,0,0,0,0,4,0,0,0,0,Sydney - Eastern Suburbs,118,2035,unmatched,unmatched,,,,,,,{},,0,0,,,,False,accepted,coordinate_only,7.007039167671099,0.0,https://www.openstreetmap.org/node/13206130158,,,Evie Networks,"{""access_condition"": ""Free Access"", ""allows_card_payment"": false, ""allows_reservation"": false, ""charging_point_count"": 4, ""charging_point_count_raw"": 4, ""connector_types_normalized"": ""CCS"", ""data_provider"": ""OpenStreetMap"", ""is_free"": false, ""network"": """", ""number_of_plugs"": null, ""opening_hours"": """", ""power_kw_max"": null, ""power_kw_min"": null, ""power_scope"": ""station_reported_maximum"", ""pricing_info"": """"}",True,1,1,,,,False,unmatched,unmatched,,,,,,,{},,0,0,,,,False,accepted,accepted,OSM,OSM:https://www.openstreetmap.org/node/13206130158,,,,no,,"{""OSM::access_condition"": ""Free Access"", ""OSM::allows_card_payment"": false, ""OSM::allows_reservation"": false, ""OSM::charging_point_count"": 4, ""OSM::charging_point_count_raw"": 4, ""OSM::connector_types_normalized"": ""CCS"", ""OSM::data_provider"": ""OpenStreetMap"", ""OSM::is_free"": false, ""OSM::power_scope"": ""station_reported_maximum""}","{""OSM::access_condition"": ""Free Access"", ""OSM::allows_card_payment"": false, ""OSM::allows_reservation"": false, ""OSM::connector_types_normalized"": ""CCS"", ""OSM::is_free"": false, ""OSM::power_scope"": ""station_reported_maximum""}",5,"[{""binding"": ""source_address_only; external identity not verified"", ""conclusion"": """", ""file"": ""data/reference/web_review/task3_104_non_ocm_web_verified.csv"", ""page_opened"": false, ""reported_confidence"": ""medium"", ""url"": ""https://ev-charging-stations.com.au/chargers/jolt-819-827-anzac-parade-sydney-nsw-2035""}]"
710,,,"773 Old South Head Road, Sydney NSW 2030",Chargefox,2,DC,40 kW,-33.85700205,151.2828038,Woollahra Municipal Council,2030,Existing Fast Chargers,0,0,0,0,0,0,0,0,0,0,0,0,0,0,0,0,0,0,0,0,0,0,0,0,0,0,0,0,2,0,0,0,0,0,0,0,0,0,0,0,Sydney - Eastern Suburbs,118,2030,unmatched,unmatched,,,,,,,{},,0,0,,,,False,unmatched,unmatched,,,,,,,{},,0,0,,,,False,unmatched,unmatched,,,,,,,{},,0,0,,,,False,unmatched,unmatched,,,,,,no,,{},{},0,[]
712,,,"78 Great Western Highway Cnr Ross Street, Glenbrook NSW 2773",Ampol,2,DC,125 kW,-33.7653881,150.6214758,Blue Mountains City Council,2773,ARENA - Driving the Nation,0,0,0,2,0,0,0,0,0,0,0,0,0,0,0,0,0,0,0,0,0,0,0,0,0,0,0,0,0,0,0,0,0,0,0,0,0,0,0,0,Sydney - Outer West and Blue Mountains,124,2773,accepted,coordinate_and_fuzzy_address,7.91565171251279,0.9666666666666668,297042,"78 Great Western Highway, Glenbrook, NSW, 2773",AmpCharge Charging Station,Ampol AmpCharge,"{""charger_capacities"": ""150 kW"", ""charging_point_count"": 1.0, ""connector_types_normalized"": ""CCS;CHAdeMO"", ""data_provider"": ""Open Charge Map"", ""is_operational"": true, ""last_verified"": ""2024-03-30T04:59:00Z"", ""number_of_plugs"": null, ""operator"": ""Ampol AmpCharge"", ""plug_types"": ""CCS (Type 2); CHAdeMO"", ""power_kw_max"": 150.0, ""power_kw_min"": 150.0, ""power_kw_values"": [150.0], ""power_scope"": ""dc_indicated_connection_ratings"", ""status"": ""Operational"", ""usage_cost"": """"}",True,1,1,,,,False,accepted,coordinate_only,37.58017331321556,0.0,https://www.openstreetmap.org/node/11335189892,,,AmpCharge,"{""access_condition"": ""Free Access"", ""allows_card_payment"": false, ""allows_reservation"": false, ""charging_point_count"": null, ""charging_point_count_raw"": null, ""connector_types_normalized"": ""CCS;CHAdeMO"", ""data_provider"": ""OpenStreetMap"", ""is_free"": false, ""network"": """", ""number_of_plugs"": null, ""opening_hours"": ""24/7"", ""power_kw_max"": null, ""power_kw_min"": null, ""power_scope"": ""station_reported_maximum"", ""pricing_info"": """"}",True,1,1,,,,False,unmatched,unmatched,,,,,,,{},,0,0,,,,False,accepted,accepted,OCM;OSM,OCM:297042;OSM:https://www.openstreetmap.org/node/11335189892,,,,no,,"{""OCM::charger_capacities"": ""150 kW"", ""OCM::charging_point_count"": 1.0, ""OCM::connector_types_normalized"": ""CCS;CHAdeMO"", ""OCM::data_provider"": ""Open Charge Map"", ""OCM::is_operational"": true, ""OCM::last_verified"": ""2024-03-30T04:59:00Z"", ""OCM::operator"": ""Ampol AmpCharge"", ""OCM::plug_types"": ""CCS (Type 2); CHAdeMO"", ""OCM::power_kw_max"": 150.0, ""OCM::power_kw_min"": 150.0, ""OCM::power_kw_values"": [150.0], ""OCM::power_scope"": ""dc_indicated_connection_ratings"", ""OCM::status"": ""Operational"", ""OSM::access_condition"": ""Free Access"", ""OSM::allows_card_payment"": false, ""OSM::allows_reservation"": false, ""OSM::connector_types_normalized"": ""CCS;CHAdeMO"", ""OSM::data_provider"": ""OpenStreetMap"", ""OSM::is_free"": false, ""OSM::opening_hours"": ""24/7"", ""OSM::power_scope"": ""station_reported_maximum""}","{""OCM::connector_types_normalized"": ""CCS;CHAdeMO"", ""OCM::is_operational"": true, ""OCM::operator"": ""Ampol AmpCharge"", ""OCM::plug_types"": ""CCS (Type 2); CHAdeMO"", ""OCM::power_kw_max"": 150.0, ""OCM::power_kw_min"": 150.0, ""OCM::power_scope"": ""dc_indicated_connection_ratings"", ""OCM::status"": ""Operational"", ""OSM::access_condition"": ""Free Access"", ""OSM::allows_card_payment"": false, ""OSM::allows_reservation"": false, ""OSM::connector_types_normalized"": ""CCS;CHAdeMO"", ""OSM::is_free"": false, ""OSM::opening_hours"": ""24/7"", ""OSM::power_scope"": ""station_reported_maximum""}",9,[]
713,,,"7-9 Irvine Place, Sydney NSW 2153",Chargefox,4,DC,125 kW,-33.73886191,150.9475235,The Hills Shire Council,2153,Existing Fast Chargers,0,0,0,4,0,0,0,0,0,0,0,0,0,0,0,0,0,0,0,0,0,0,0,0,0,0,0,0,0,0,0,0,0,0,0,0,0,0,0,0,Sydney - Baulkham Hills and Hawkesbury,115,2153,unmatched,unmatched,,,,,,,{},,0,0,,,,False,unmatched,unmatched,,,,,,,{},,0,0,,,,False,unmatched,unmatched,,,,,,,{},,0,0,,,,False,unmatched,unmatched,,,,,,no,,{},{},0,[]
716,,,"8 Euston Road, Sydney NSW 2015",Exploren,2,DC,120 kW,-33.90533738,151.1936567,"Sydney, Council of the City of",2015,Existing Fast Chargers,0,0,2,0,0,0,0,0,0,0,0,0,0,0,0,0,0,0,0,0,0,0,0,0,0,0,0,0,0,0,0,0,0,0,0,0,0,0,0,0,Sydney - City and Inner South,117,2015,unmatched,unmatched,,,,,,,{},,0,0,,,,False,accepted,coordinate_only,13.673512887043813,0.0,https://www.openstreetmap.org/node/13073609605,,,Exploren,"{""access_condition"": ""Free Access"", ""allows_card_payment"": false, ""allows_reservation"": false, ""charging_point_count"": 2, ""charging_point_count_raw"": 2, ""connector_types_normalized"": ""CCS"", ""data_provider"": ""OpenStreetMap"", ""is_free"": false, ""network"": ""Bunnings"", ""number_of_plugs"": null, ""opening_hours"": """", ""power_kw_max"": null, ""power_kw_min"": null, ""power_scope"": ""station_reported_maximum"", ""pricing_info"": """"}",True,1,1,,,,False,accepted,coordinate_and_fuzzy_address,0.1193072413014377,0.93,15d06bf5-6b4a-425d-9312-bae4b17cc22b-1863,"8 Euston Rd, Alexandria, NSW 2015",Bunnings Alexandria,,"{""connector_types_normalized"": ""CCS"", ""data_provider"": ""Charge@Large"", ""dc_port_count"": 2, ""number_of_plugs"": null, ""power_kw_max"": 120.0, ""power_kw_min"": 120.0, ""power_kw_values"": [120.0], ""power_scope"": ""dc_indicated_ports"", ""site_power_range_raw"": ""120"", ""status_counts"": {""Available"": 2}, ""status_observed_at"": null, ""total_port_count"": 2}",True,1,1,,,,False,accepted,accepted,OSM;Charge@Large,OSM:https://www.openstreetmap.org/node/13073609605;Charge@Large:15d06bf5-6b4a-425d-9312-bae4b17cc22b-1863,,,,no,,"{""Charge@Large::connector_types_normalized"": ""CCS"", ""Charge@Large::data_provider"": ""Charge@Large"", ""Charge@Large::dc_port_count"": 2, ""Charge@Large::power_kw_max"": 120.0, ""Charge@Large::power_kw_min"": 120.0, ""Charge@Large::power_kw_values"": [120.0], ""Charge@Large::power_scope"": ""dc_indicated_ports"", ""Charge@Large::site_power_range_raw"": ""120"", ""Charge@Large::status_counts"": {""Available"": 2}, ""Charge@Large::total_port_count"": 2, ""OSM::access_condition"": ""Free Access"", ""OSM::allows_card_payment"": false, ""OSM::allows_reservation"": false, ""OSM::charging_point_count"": 2, ""OSM::charging_point_count_raw"": 2, ""OSM::connector_types_normalized"": ""CCS"", ""OSM::data_provider"": ""OpenStreetMap"", ""OSM::is_free"": false, ""OSM::network"": ""Bunnings"", ""OSM::power_scope"": ""station_reported_maximum""}","{""Charge@Large::connector_types_normalized"": ""CCS"", ""Charge@Large::dc_port_count"": 2, ""Charge@Large::power_kw_max"": 120.0, ""Charge@Large::power_kw_min"": 120.0, ""Charge@Large::power_scope"": ""dc_indicated_ports"", ""Charge@Large::status_counts"": {""Available"": 2}, ""Charge@Large::total_port_count"": 2, ""OSM::access_condition"": ""Free Access"", ""OSM::allows_card_payment"": false, ""OSM::allows_reservation"": false, ""OSM::connector_types_normalized"": ""CCS"", ""OSM::is_free"": false, ""OSM::network"": ""Bunnings"", ""OSM::power_scope"": ""station_reported_maximum""}",7,"[{""binding"": ""source_address_only; external identity not verified"", ""conclusion"": """", ""file"": ""data/reference/web_review/task3_104_non_ocm_web_verified.csv"", ""page_opened"": false, ""reported_confidence"": ""medium"", ""url"": ""https://www.plugroo.com.au/nsw/paddington""}]"
717,,,"8 Federation Road, Sydney NSW 2050",Exploren,2,DC,50 kW,-33.89360765,151.1783463,Inner West Council,2050,Existing Fast Chargers,0,0,0,0,0,0,0,0,0,0,0,0,0,0,0,0,0,0,0,0,0,0,0,0,0,0,0,0,0,0,0,2,0,0,0,0,0,0,0,0,Sydney - City and Inner South,117,2050,unmatched,unmatched,,,,,,,{},,0,0,,,,False,unmatched,unmatched,,,,,,,{},,0,0,,,,False,accepted,coordinate_and_fuzzy_address,0.06388252107091032,0.9600000000000001,15d06bf5-6b4a-425d-9312-bae4b17cc22b-1742,"8 Federation Rd, Newtown, NSW 2050","8 Federation Rd, Newtown",,"{""connector_types_normalized"": ""CCS"", ""data_provider"": ""Charge@Large"", ""dc_port_count"": 2, ""number_of_plugs"": null, ""power_kw_max"": 47.0, ""power_kw_min"": 47.0, ""power_kw_values"": [47.0], ""power_scope"": ""dc_indicated_ports"", ""site_power_range_raw"": ""47"", ""status_counts"": {""Available"": 2}, ""status_observed_at"": null, ""total_port_count"": 2}",True,1,1,,,,False,accepted,accepted,Charge@Large,Charge@Large:15d06bf5-6b4a-425d-9312-bae4b17cc22b-1742,,,Charge@Large:15d06bf5-6b4a-425d-9312-bae4b17cc22b-1742 is linked to multiple TfNSW rows,yes,,"{""Charge@Large::connector_types_normalized"": ""CCS"", ""Charge@Large::data_provider"": ""Charge@Large"", ""Charge@Large::dc_port_count"": 2, ""Charge@Large::power_kw_max"": 47.0, ""Charge@Large::power_kw_min"": 47.0, ""Charge@Large::power_kw_values"": [47.0], ""Charge@Large::power_scope"": ""dc_indicated_ports"", ""Charge@Large::site_power_range_raw"": ""47"", ""Charge@Large::status_counts"": {""Available"": 2}, ""Charge@Large::total_port_count"": 2}","{""Charge@Large::connector_types_normalized"": ""CCS"", ""Charge@Large::dc_port_count"": 2, ""Charge@Large::power_kw_max"": 47.0, ""Charge@Large::power_kw_min"": 47.0, ""Charge@Large::power_scope"": ""dc_indicated_ports"", ""Charge@Large::status_counts"": {""Available"": 2}, ""Charge@Large::total_port_count"": 2}",2,"[{""binding"": ""source_address_only; external identity not verified"", ""conclusion"": """", ""file"": ""data/reference/web_review/task3_104_non_ocm_web_verified.csv"", ""page_opened"": true, ""reported_confidence"": ""high"", ""url"": ""https://ev-charging-stations.com.au/chargers/nsw/camperdown""}]"
720,,,"8 Kosciuszko Road, Jindabyne NSW 2627",BP,4,DC,75 kW,-36.4147548,148.6177838,Snowy Monaro Regional Council,2627,Existing Fast Chargers,0,0,0,0,0,0,0,0,0,0,0,0,0,0,0,0,0,0,0,0,0,0,0,0,0,0,0,0,0,0,0,0,0,0,0,4,0,0,0,0,Capital Region,101,2627,review,coordinate_only,219.41352219609772,0.37554945054945055,190861,"3 Snowy River Ave, Jindabyne, NSW, 2627",Snowy River Ave Car Park,NRMA,"{""charger_capacities"": ""50 kW"", ""charging_point_count"": 2.0, ""connector_types_normalized"": ""CCS;CHAdeMO"", ""data_provider"": ""Open Charge Map"", ""is_operational"": true, ""last_verified"": ""2026-07-15T01:28:00Z"", ""number_of_plugs"": null, ""operator"": ""NRMA"", ""plug_types"": ""CCS (Type 2); CHAdeMO"", ""power_kw_max"": 50.0, ""power_kw_min"": 50.0, ""power_kw_values"": [50.0], ""power_scope"": ""dc_indicated_connection_ratings"", ""status"": ""Operational"", ""usage_cost"": ""$0.64/kWh""}",True,1,1,,house numbers conflict; address evidence is inconsistent; candidate does not pass the automatic identity gate,,False,review,coordinate_only,15.614648190869158,0.0,https://www.openstreetmap.org/node/12398804433,,,bp pulse,"{""access_condition"": ""Restricted Access"", ""allows_card_payment"": false, ""allows_reservation"": false, ""charging_point_count"": null, ""charging_point_count_raw"": null, ""connector_types_normalized"": ""CCS;CHAdeMO"", ""data_provider"": ""OpenStreetMap"", ""is_free"": false, ""network"": ""bp pulse"", ""number_of_plugs"": null, ""opening_hours"": """", ""power_kw_max"": null, ""power_kw_min"": null, ""power_scope"": ""station_reported_maximum"", ""pricing_info"": """"}",True,3,3,2.393844623389711,another coordinate candidate is similarly close; multiple candidates have similar evidence; candidate does not pass the automatic identity gate,,False,unmatched,unmatched,,,,,,,{},,0,0,,,,False,review,review,,,OCM;OSM,OCM: house numbers conflict; address evidence is inconsistent; candidate does not pass the automatic identity gate; OSM: another coordinate candidate is similarly close; multiple candidates have similar evidence; candidate does not pass the automatic identity gate,,no,,{},{},0,"[{""binding"": ""same source address and OCM ID; search evidence only"", ""conclusion"": ""web_evidence_found_not_identity_proof"", ""file"": ""data/reference/web_review/task3_ocm_125_web_confidence.csv"", ""page_opened"": false, ""reported_confidence"": ""medium"", ""url"": ""https://www.cylex-australia.com/company/bp-pulse-charging-station-25137942.html""}]"
725,,,"8/24 Cross Street, Wagga Wagga NSW 2650",NRMA Electric,2,DC,50 kW,-31.7223908,148.6571378,Wagga Wagga City Council,2650,TfNSW Regional,0,0,0,0,0,0,0,0,0,0,0,0,0,0,0,0,0,0,0,0,0,0,0,0,0,0,0,0,0,0,0,2,0,0,0,0,0,0,0,0,Far West and Orana,105,2827,unmatched,unmatched,,,,,,,{},,0,0,,,,True,review,coordinate_only,152.66050167079814,0.0,https://www.openstreetmap.org/way/1513958639,,,NRMA,"{""access_condition"": ""Free Access"", ""allows_card_payment"": false, ""allows_reservation"": false, ""charging_point_count"": 2, ""charging_point_count_raw"": 2, ""connector_types_normalized"": ""CCS;CHAdeMO"", ""data_provider"": ""OpenStreetMap"", ""is_free"": false, ""network"": """", ""number_of_plugs"": null, ""opening_hours"": """", ""power_kw_max"": null, ""power_kw_min"": null, ""power_scope"": ""station_reported_maximum"", ""pricing_info"": """"}",True,1,1,,source address and original postcode conflict; candidate does not pass the automatic identity gate,,True,unmatched,unmatched,,,,,,,{},,0,0,,,,True,review,review,,,OSM,OSM: source address and original postcode conflict; candidate does not pass the automatic identity gate,,no,,{},{},0,"[{""binding"": ""source_address_only; external identity not verified"", ""conclusion"": """", ""file"": ""data/reference/web_review/task3_104_non_ocm_web_verified.csv"", ""page_opened"": false, ""reported_confidence"": ""medium"", ""url"": ""https://www.plugroo.com.au/nsw/brookdale""}]"
726,,,"80 Little Barber Street, Gunnedah NSW 2380",NRMA Electric,2,DC,50 kW,-30.97803908,150.2508509,Gunnedah Shire Council,2380,Existing Fast Chargers,0,0,0,0,0,0,0,0,0,0,0,0,0,0,0,0,0,0,0,0,0,0,0,0,0,0,0,0,0,0,0,2,0,0,0,0,0,0,0,0,New England and North West,110,2380,review,coordinate_only,50.729854935837615,0.8405405405405406,274452,"Kepreotes Carpark, 73 Little Barber Street, Gunnedah, NSW, 2380",NRMA Fast Charger Gunnedah,(Unknown Operator),"{""charger_capacities"": ""50 kW"", ""charging_point_count"": 1.0, ""connector_types_normalized"": ""CCS;CHAdeMO"", ""data_provider"": ""Open Charge Map"", ""is_operational"": true, ""last_verified"": ""2023-09-18T01:27:00Z"", ""number_of_plugs"": null, ""operator"": ""(Unknown Operator)"", ""plug_types"": ""CCS (Type 2); CHAdeMO"", ""power_kw_max"": 50.0, ""power_kw_min"": 50.0, ""power_kw_values"": [50.0], ""power_scope"": ""dc_indicated_connection_ratings"", ""status"": ""Operational"", ""usage_cost"": ""$0, but payment will be required Oct-Dec 2023""}",True,1,1,,house numbers conflict; address evidence is inconsistent; candidate does not pass the automatic identity gate,,False,unmatched,unmatched,,,,,,,{},,0,0,,,,False,unmatched,unmatched,,,,,,,{},,0,0,,,,False,review,review,,,OCM,OCM: house numbers conflict; address evidence is inconsistent; candidate does not pass the automatic identity gate,,no,,{},{},0,"[{""binding"": ""same source address and OCM ID; search evidence only"", ""conclusion"": ""web_evidence_found_not_identity_proof"", ""file"": ""data/reference/web_review/task3_ocm_125_web_confidence.csv"", ""page_opened"": true, ""reported_confidence"": ""low"", ""url"": ""https://www.realestate.com.au/nsw/gunnedah-2380/little-barber-st/""}]"
728,,,"81 Hickory Street, Dorrigo NSW 2453",NRMA Electric,4,DC,75 kW,-30.9529988,148.3875852,Bellingen Shire Council,2453,TfNSW Regional,0,0,0,0,0,0,0,0,0,0,0,0,0,0,0,0,0,0,0,0,0,0,0,0,0,0,0,0,0,0,0,0,0,0,0,4,0,0,0,0,Far West and Orana,105,2829,unmatched,unmatched,,,,,,,{},,0,0,,,,True,unmatched,unmatched,,,,,,,{},,0,0,,,,True,unmatched,unmatched,,,,,,,{},,0,0,,,,True,unmatched,unmatched,,,,,,no,,{},{},0,[]
729,,,"81 Meehan Street, Yass NSW 2582",NRMA Electric,2,DC,50 kW,-34.428348,150.9001506,Yass Valley Council,2582,TfNSW Regional,0,0,0,0,0,0,0,0,0,0,0,0,0,0,0,0,0,0,0,0,0,0,0,0,0,0,0,0,0,0,0,2,0,0,0,0,0,0,0,0,Illawarra,107,2500,review,coordinate_only,8.324538406986585,0.3675224646983312,191177,"17 Stewart Street, Wollongong, NSW, 2500",Stewart Street Carpark [NRMA],NRMA,"{""charger_capacities"": ""50 kW; 75 kW; 150 kW"", ""charging_point_count"": 2.0, ""connector_types_normalized"": ""CCS;CHAdeMO"", ""data_provider"": ""Open Charge Map"", ""is_operational"": true, ""last_verified"": ""2023-02-20T17:51:00Z"", ""number_of_plugs"": null, ""operator"": ""NRMA"", ""plug_types"": ""CCS (Type 2); CHAdeMO"", ""power_kw_max"": 150.0, ""power_kw_min"": 50.0, ""power_kw_values"": [50.0, 75.0, 150.0], ""power_scope"": ""dc_indicated_connection_ratings"", ""status"": ""Operational"", ""usage_cost"": ""FREE""}",True,2,1,,source address and original postcode conflict; external postcode conflicts with source; house numbers conflict; address evidence is inconsistent; candidate does not pass the automatic identity gate,,True,unmatched,unmatched,,,,,,,{},,0,0,,,,True,unmatched,unmatched,,,,,,,{},,0,0,,,,True,review,review,,,OCM,OCM: source address and original postcode conflict; external postcode conflicts with source; house numbers conflict; address evidence is inconsistent; candidate does not pass the automatic identity gate,,no,,{},{},0,"[{""binding"": ""same source address and OCM ID; search evidence only"", ""conclusion"": ""web_evidence_found_not_identity_proof"", ""file"": ""data/reference/web_review/task3_ocm_125_web_confidence.csv"", ""page_opened"": false, ""reported_confidence"": ""medium"", ""url"": ""https://www.plugroo.com.au/location/nrma-nsw-yass-81-meehan-street""}]"
733,,,"819-827 Anzac Parade, Sydney NSW 2035",JOLT,2,DC,25 kW,-33.94349854,151.2397227,Randwick City Council,2035,Existing Fast Chargers,0,0,0,0,0,0,0,0,0,0,0,0,0,0,0,0,0,0,0,0,0,0,2,0,0,0,0,0,0,0,0,0,0,0,0,0,0,0,0,0,Sydney - Eastern Suburbs,118,2035,unmatched,unmatched,,,,,,,{},,0,0,,,,False,accepted,coordinate_only,7.840324743716589,0.0,https://www.openstreetmap.org/node/9290676154,,,Jolt,"{""access_condition"": ""Free Access"", ""allows_card_payment"": false, ""allows_reservation"": false, ""charging_point_count"": null, ""charging_point_count_raw"": null, ""connector_types_normalized"": ""CCS;CHAdeMO"", ""data_provider"": ""OpenStreetMap"", ""is_free"": false, ""network"": """", ""number_of_plugs"": null, ""opening_hours"": """", ""power_kw_max"": null, ""power_kw_min"": null, ""power_scope"": ""station_reported_maximum"", ""pricing_info"": """"}",True,2,2,44.753129351674296,,,False,unmatched,unmatched,,,,,,,{},,0,0,,,,False,accepted,accepted,OSM,OSM:https://www.openstreetmap.org/node/9290676154,,,,no,,"{""OSM::access_condition"": ""Free Access"", ""OSM::allows_card_payment"": false, ""OSM::allows_reservation"": false, ""OSM::connector_types_normalized"": ""CCS;CHAdeMO"", ""OSM::data_provider"": ""OpenStreetMap"", ""OSM::is_free"": false, ""OSM::power_scope"": ""station_reported_maximum""}","{""OSM::access_condition"": ""Free Access"", ""OSM::allows_card_payment"": false, ""OSM::allows_reservation"": false, ""OSM::connector_types_normalized"": ""CCS;CHAdeMO"", ""OSM::is_free"": false, ""OSM::power_scope"": ""station_reported_maximum""}",5,"[{""binding"": ""source_address_only; external identity not verified"", ""conclusion"": """", ""file"": ""data/reference/web_review/task3_104_non_ocm_web_verified.csv"", ""page_opened"": false, ""reported_confidence"": ""medium"", ""url"": ""https://ev-charging-stations.com.au/chargers/jolt-819-827-anzac-parade-sydney-nsw-2035""}]"
734,,,"82 Marsh Street, Armidale NSW 2350",NRMA Electric,2,DC,50 kW,-34.4476103,147.5348555,Armidale Regional Council,2350,TfNSW Regional,0,0,0,0,0,0,0,0,0,0,0,0,0,0,0,0,0,0,0,0,0,0,0,0,0,0,0,0,0,0,0,2,0,0,0,0,0,0,0,0,Riverina,113,2666,review,coordinate_only,180.96852803711653,0.23963636363636365,190668,"Little Hoskins Street, Temora, New South Wales, 2666",Temora Council Chambers,NRMA,"{""charger_capacities"": ""50 kW"", ""charging_point_count"": 2.0, ""connector_types_normalized"": ""CCS"", ""data_provider"": ""Open Charge Map"", ""is_operational"": true, ""last_verified"": ""2026-07-15T02:08:00Z"", ""number_of_plugs"": null, ""operator"": ""NRMA"", ""plug_types"": ""CCS (Type 2)"", ""power_kw_max"": 50.0, ""power_kw_min"": 50.0, ""power_kw_values"": [50.0], ""power_scope"": ""dc_indicated_connection_ratings"", ""status"": ""Operational"", ""usage_cost"": ""$0.74/kWh""}",True,2,1,,source address and original postcode conflict; external postcode conflicts with source; address evidence is inconsistent; candidate does not pass the automatic identity gate,,True,review,coordinate_only,149.77939536962992,0.0,https://www.openstreetmap.org/node/10772401236,,,NRMA,"{""access_condition"": ""Free Access"", ""allows_card_payment"": false, ""allows_reservation"": false, ""charging_point_count"": 2, ""charging_point_count_raw"": 2, ""connector_types_normalized"": ""CCS"", ""data_provider"": ""OpenStreetMap"", ""is_free"": false, ""network"": """", ""number_of_plugs"": null, ""opening_hours"": """", ""power_kw_max"": null, ""power_kw_min"": null, ""power_scope"": ""station_reported_maximum"", ""pricing_info"": """"}",True,1,1,,source address and original postcode conflict; candidate does not pass the automatic identity gate,,True,unmatched,unmatched,,,,,,,{},,0,0,,,,True,review,review,,,OCM;OSM,OCM: source address and original postcode conflict; external postcode conflicts with source; address evidence is inconsistent; candidate does not pass the automatic identity gate; OSM: source address and original postcode conflict; candidate does not pass the automatic identity gate,,no,,{},{},0,"[{""binding"": ""same source address and OCM ID; search evidence only"", ""conclusion"": ""web_evidence_found_not_identity_proof"", ""file"": ""data/reference/web_review/task3_ocm_125_web_confidence.csv"", ""page_opened"": true, ""reported_confidence"": ""high"", ""url"": ""https://www.nsw.gov.au/visiting-and-exploring-nsw/locations-and-attractions/armidale-heritage-tours""}]"
735,,,"82A O'Connell Street, Sydney NSW 2747",Evie Networks,2,DC,50 kW,-33.76927632,150.7354595,Penrith City Council,2747,Existing Fast Chargers,0,0,0,0,0,0,0,0,0,0,0,0,0,0,0,0,0,0,0,0,0,0,0,0,0,0,0,0,0,0,0,2,0,0,0,0,0,0,0,0,Sydney - Outer West and Blue Mountains,124,2747,accepted,coordinate_only,51.29522891575943,0.8083333333333333,191163,"82a O’Connell Street, Kinswoid, NSW","Evie Caddens Corner, Kingswood. ",Evie,"{""charger_capacities"": ""22 kW; 50 kW"", ""charging_point_count"": 2.0, ""connector_types_normalized"": ""CCS;CHAdeMO;Type2"", ""data_provider"": ""Open Charge Map"", ""is_operational"": true, ""last_verified"": ""2023-07-15T13:55:00Z"", ""number_of_plugs"": null, ""operator"": ""Evie"", ""plug_types"": ""CCS (Type 2); CHAdeMO; Type 2 (Socket Only)"", ""power_kw_max"": 50.0, ""power_kw_min"": 50.0, ""power_kw_values"": [50.0], ""power_scope"": ""dc_indicated_connection_ratings"", ""status"": ""Operational"", ""usage_cost"": ""DC $0.40/kWh AC $0.35/kWh""}",True,1,1,,,address evidence is inconsistent,False,unmatched,unmatched,,,,,,,{},,0,0,,,,False,unmatched,unmatched,,,,,,,{},,0,0,,,,False,accepted,accepted,OCM,OCM:191163,,,OCM: address evidence is inconsistent,yes,,"{""OCM::charger_capacities"": ""22 kW; 50 kW"", ""OCM::charging_point_count"": 2.0, ""OCM::connector_types_normalized"": ""CCS;CHAdeMO;Type2"", ""OCM::data_provider"": ""Open Charge Map"", ""OCM::is_operational"": true, ""OCM::last_verified"": ""2023-07-15T13:55:00Z"", ""OCM::operator"": ""Evie"", ""OCM::plug_types"": ""CCS (Type 2); CHAdeMO; Type 2 (Socket Only)"", ""OCM::power_kw_max"": 50.0, ""OCM::power_kw_min"": 50.0, ""OCM::power_kw_values"": [50.0], ""OCM::power_scope"": ""dc_indicated_connection_ratings"", ""OCM::status"": ""Operational"", ""OCM::usage_cost"": ""DC $0.40/kWh AC $0.35/kWh""}","{""OCM::connector_types_normalized"": ""CCS;CHAdeMO;Type2"", ""OCM::is_operational"": true, ""OCM::operator"": ""Evie"", ""OCM::plug_types"": ""CCS (Type 2); CHAdeMO; Type 2 (Socket Only)"", ""OCM::power_kw_max"": 50.0, ""OCM::power_kw_min"": 50.0, ""OCM::power_scope"": ""dc_indicated_connection_ratings"", ""OCM::status"": ""Operational"", ""OCM::usage_cost"": ""DC $0.40/kWh AC $0.35/kWh""}",5,"[{""binding"": ""same source address and OCM ID; search evidence only"", ""conclusion"": ""web_evidence_found_not_identity_proof"", ""file"": ""data/reference/web_review/task3_ocm_125_web_confidence.csv"", ""page_opened"": true, ""reported_confidence"": ""high"", ""url"": ""https://ev-charging-stations.com.au/chargers/nsw/caddens""}]"
738,,,"85/91 Commissioner Street, Cooma NSW 2630",Tesla,8,DC,150 kW,-36.23552257,149.1267948,Snowy Monaro Regional Council,2630,Existing Fast Chargers,0,0,0,0,0,0,0,8,0,0,0,0,0,0,0,0,0,0,0,0,0,0,0,0,0,0,0,0,0,0,0,0,0,0,0,0,0,0,0,0,Capital Region,101,2630,review,coordinate_only,0.09573619008955835,0.8925925925925927,90199,"85-91 Commissioner Street, Cooma, NSW 2630",Cooma Supercharger,Tesla (Tesla-only charging),"{""charger_capacities"": ""120 kW"", ""charging_point_count"": 4.0, ""connector_types_normalized"": ""CCS"", ""data_provider"": ""Open Charge Map"", ""is_operational"": true, ""last_verified"": ""2019-03-22T18:03:00Z"", ""number_of_plugs"": null, ""operator"": ""Tesla (Tesla-only charging)"", ""plug_types"": ""CCS (Type 2)"", ""power_kw_max"": 120.0, ""power_kw_min"": 120.0, ""power_kw_values"": [120.0], ""power_scope"": ""dc_indicated_connection_ratings"", ""status"": ""Operational"", ""usage_cost"": ""AUD 0.42/kWh;other tariffs for older cars""}",True,1,1,,house numbers conflict; address evidence is inconsistent; candidate does not pass the automatic identity gate,,False,unmatched,unmatched,,,,,,,{},,0,0,,,,False,unmatched,unmatched,,,,,,,{},,0,0,,,,False,review,review,,,OCM,OCM: house numbers conflict; address evidence is inconsistent; candidate does not pass the automatic identity gate,,no,,{},{},0,[]
744,,,"87 Winbourne Road, Sydney NSW 2100",JOLT,2,DC,25 kW,-33.76207512,151.2724464,Northern Beaches Council,2100,Existing Fast Chargers,0,0,0,0,0,0,0,0,0,0,0,0,0,0,0,0,0,0,0,0,0,0,2,0,0,0,0,0,0,0,0,0,0,0,0,0,0,0,0,0,Sydney - Northern Beaches,122,2100,unmatched,unmatched,,,,,,,{},,0,0,,,,False,unmatched,unmatched,,,,,,,{},,0,0,,,,False,unmatched,unmatched,,,,,,,{},,0,0,,,,False,unmatched,unmatched,,,,,,no,,{},{},0,[]
745,,,"872 Anzac Parade, Sydney NSW 2035",Evie Networks,2,DC,75 kW,-33.94314819,151.2396466,Randwick City Council,2035,Existing Fast Chargers,0,0,0,0,0,0,0,0,0,0,0,0,0,0,0,0,0,0,0,0,0,0,0,0,0,0,0,0,0,0,0,0,0,0,0,2,0,0,0,0,Sydney - Eastern Suburbs,118,2035,unmatched,unmatched,,,,,,,{},,0,0,,,,False,review,coordinate_only,14.037215351642969,0.0,https://www.openstreetmap.org/node/13206154678,,,Evie Networks,"{""access_condition"": ""Free Access"", ""allows_card_payment"": false, ""allows_reservation"": false, ""charging_point_count"": 2, ""charging_point_count_raw"": 2, ""connector_types_normalized"": ""CCS"", ""data_provider"": ""OpenStreetMap"", ""is_free"": false, ""network"": """", ""number_of_plugs"": null, ""opening_hours"": """", ""power_kw_max"": null, ""power_kw_min"": null, ""power_scope"": ""station_reported_maximum"", ""pricing_info"": """"}",True,2,2,32.55615590684878,external ID https://www.openstreetmap.org/node/13206154678 is shared by distinct source sites,,False,unmatched,unmatched,,,,,,,{},,0,0,,,,False,review,review,,,OSM,OSM: external ID https://www.openstreetmap.org/node/13206154678 is shared by distinct source sites,,no,,{},{},0,"[{""binding"": ""source_address_only; external identity not verified"", ""conclusion"": """", ""file"": ""data/reference/web_review/task3_104_non_ocm_web_verified.csv"", ""page_opened"": true, ""reported_confidence"": ""high"", ""url"": ""https://ev-charging-stations.com.au/chargers/nsw/maroubra""}]"
746,,,"875 Richmond Road, Marsden Park NSW 2765",Ampol,2,DC,125 kW,-33.716109,150.8453094,Blacktown City Council,2765,ARENA - Driving the Nation,0,0,0,2,0,0,0,0,0,0,0,0,0,0,0,0,0,0,0,0,0,0,0,0,0,0,0,0,0,0,0,0,0,0,0,0,0,0,0,0,Sydney - Blacktown,116,2765,unmatched,unmatched,,,,,,,{},,0,0,,,,False,accepted,coordinate_only,47.95912182878994,0.0,https://www.openstreetmap.org/node/11440214108,,,AmpCharge,"{""access_condition"": ""Free Access"", ""allows_card_payment"": false, ""allows_reservation"": false, ""charging_point_count"": 2, ""charging_point_count_raw"": 2, ""connector_types_normalized"": ""CCS;CHAdeMO"", ""data_provider"": ""OpenStreetMap"", ""is_free"": false, ""network"": """", ""number_of_plugs"": null, ""opening_hours"": """", ""power_kw_max"": null, ""power_kw_min"": null, ""power_scope"": ""station_reported_maximum"", ""pricing_info"": """"}",True,2,2,356.2361294508188,,,False,unmatched,unmatched,,,,,,,{},,0,0,,,,False,accepted,accepted,OSM,OSM:https://www.openstreetmap.org/node/11440214108,,,,no,,"{""OSM::access_condition"": ""Free Access"", ""OSM::allows_card_payment"": false, ""OSM::allows_reservation"": false, ""OSM::charging_point_count"": 2, ""OSM::charging_point_count_raw"": 2, ""OSM::connector_types_normalized"": ""CCS;CHAdeMO"", ""OSM::data_provider"": ""OpenStreetMap"", ""OSM::is_free"": false, ""OSM::power_scope"": ""station_reported_maximum""}","{""OSM::access_condition"": ""Free Access"", ""OSM::allows_card_payment"": false, ""OSM::allows_reservation"": false, ""OSM::connector_types_normalized"": ""CCS;CHAdeMO"", ""OSM::is_free"": false, ""OSM::power_scope"": ""station_reported_maximum""}",5,"[{""binding"": ""source_address_only; external identity not verified"", ""conclusion"": """", ""file"": ""data/reference/web_review/task3_104_non_ocm_web_verified.csv"", ""page_opened"": false, ""reported_confidence"": ""medium"", ""url"": ""https://www.plugroo.com.au/nsw/hebersham""}]"
747,,,"87-91 Roberts Road Cnr Moondo Street, Greenacre NSW 2190",Ampol,2,DC,125 kW,-33.9047231,151.0645884,Strathfield Municipal Council,2190,ARENA - Driving the Nation,0,0,0,2,0,0,0,0,0,0,0,0,0,0,0,0,0,0,0,0,0,0,0,0,0,0,0,0,0,0,0,0,0,0,0,0,0,0,0,0,Sydney - Inner South West,119,2190,unmatched,unmatched,,,,,,,{},,0,0,,,,False,unmatched,unmatched,,,,,,,{},,0,0,,,,False,review,coordinate_only,311.2000189931982,0.8396825396825397,15d06bf5-6b4a-425d-9312-bae4b17cc22b-1862,"67 Roberts Rd, Greenacre, NSW 2190",Bunnings Greenacre,,"{""connector_types_normalized"": ""CCS"", ""data_provider"": ""Charge@Large"", ""dc_port_count"": 2, ""number_of_plugs"": null, ""power_kw_max"": 120.0, ""power_kw_min"": 120.0, ""power_kw_values"": [120.0], ""power_scope"": ""dc_indicated_ports"", ""site_power_range_raw"": ""120"", ""status_counts"": {""Available"": 2}, ""status_observed_at"": null, ""total_port_count"": 2}",True,1,1,,house numbers conflict; address evidence is inconsistent; candidate does not pass the automatic identity gate,,False,review,review,,,Charge@Large,Charge@Large: house numbers conflict; address evidence is inconsistent; candidate does not pass the automatic identity gate,,no,,{},{},0,"[{""binding"": ""source_address_only; external identity not verified"", ""conclusion"": """", ""file"": ""data/reference/web_review/task3_104_non_ocm_web_verified.csv"", ""page_opened"": true, ""reported_confidence"": ""high"", ""url"": ""https://www.ampol.com.au/convenience/foodary-crave-n-save""}]"
749,,,"88 Christie Street, Street Leonards NSW 2065",Evie Networks,4,DC,50 kW,-33.82378797,151.1951941,North Sydney Council,2065,ARENA - Driving the Nation,0,0,0,0,0,0,0,0,0,0,0,0,0,0,0,0,0,0,0,0,0,0,0,0,0,0,0,0,0,0,0,4,0,0,0,0,0,0,0,0,Sydney - North Sydney and Hornsby,121,2065,accepted,coordinate_and_fuzzy_address,14.642456534181104,1.0,272632,"88 Christie St, St Leonards, NSW, 2065",Civic Plaza 88 Christie,Evie,"{""charger_capacities"": ""50 kW"", ""charging_point_count"": 2.0, ""connector_types_normalized"": ""CCS;CHAdeMO"", ""data_provider"": ""Open Charge Map"", ""is_operational"": true, ""last_verified"": ""2023-07-15T12:12:00Z"", ""number_of_plugs"": null, ""operator"": ""Evie"", ""plug_types"": ""CCS (Type 2); CHAdeMO"", ""power_kw_max"": 50.0, ""power_kw_min"": 50.0, ""power_kw_values"": [50.0], ""power_scope"": ""dc_indicated_connection_ratings"", ""status"": ""Operational"", ""usage_cost"": """"}",True,1,1,,,,False,review,coordinate_only,411.5314893823615,0.0,https://www.openstreetmap.org/node/13059026685,,,Evie Networks,"{""access_condition"": ""Free Access"", ""allows_card_payment"": false, ""allows_reservation"": false, ""charging_point_count"": 4, ""charging_point_count_raw"": 4, ""connector_types_normalized"": ""CCS"", ""data_provider"": ""OpenStreetMap"", ""is_free"": false, ""network"": """", ""number_of_plugs"": null, ""opening_hours"": """", ""power_kw_max"": null, ""power_kw_min"": null, ""power_scope"": ""station_reported_maximum"", ""pricing_info"": """"}",True,1,1,,candidate does not pass the automatic identity gate,,False,review,coordinate_only,272.2909422769027,0.4833333333333334,15d06bf5-6b4a-425d-9312-bae4b17cc22b-1993,"1 Plunkett St, New South Wales, St Leonards, NSW 2065",Willoughby City Council - Plunkett St,,"{""connector_types_normalized"": ""CCS"", ""data_provider"": ""Charge@Large"", ""dc_port_count"": 2, ""number_of_plugs"": null, ""power_kw_max"": 50.0, ""power_kw_min"": 50.0, ""power_kw_values"": [50.0], ""power_scope"": ""dc_indicated_ports"", ""site_power_range_raw"": ""50"", ""status_counts"": {""Available"": 2}, ""status_observed_at"": null, ""total_port_count"": 2}",True,2,2,220.018413095854,house numbers conflict; address evidence is inconsistent; candidate does not pass the automatic identity gate,,False,accepted,accepted,OCM,OCM:272632,OSM;Charge@Large,OSM: candidate does not pass the automatic identity gate; Charge@Large: house numbers conflict; address evidence is inconsistent; candidate does not pass the automatic identity gate,,no,,"{""OCM::charger_capacities"": ""50 kW"", ""OCM::charging_point_count"": 2.0, ""OCM::connector_types_normalized"": ""CCS;CHAdeMO"", ""OCM::data_provider"": ""Open Charge Map"", ""OCM::is_operational"": true, ""OCM::last_verified"": ""2023-07-15T12:12:00Z"", ""OCM::operator"": ""Evie"", ""OCM::plug_types"": ""CCS (Type 2); CHAdeMO"", ""OCM::power_kw_max"": 50.0, ""OCM::power_kw_min"": 50.0, ""OCM::power_kw_values"": [50.0], ""OCM::power_scope"": ""dc_indicated_connection_ratings"", ""OCM::status"": ""Operational""}","{""OCM::connector_types_normalized"": ""CCS;CHAdeMO"", ""OCM::is_operational"": true, ""OCM::operator"": ""Evie"", ""OCM::plug_types"": ""CCS (Type 2); CHAdeMO"", ""OCM::power_kw_max"": 50.0, ""OCM::power_kw_min"": 50.0, ""OCM::power_scope"": ""dc_indicated_connection_ratings"", ""OCM::status"": ""Operational""}",4,[]
752,,,"888 Pittwater Road, Sydney NSW 2099",Tesla,4,DC,250 kW,-33.75321026,151.2873604,Northern Beaches Council,2099,Existing Fast Chargers,0,0,0,0,0,0,0,0,0,0,0,0,0,0,0,0,0,0,0,0,0,4,0,0,0,0,0,0,0,0,0,0,0,0,0,0,0,0,0,0,Sydney - Northern Beaches,122,2099,unmatched,unmatched,,,,,,,{},,0,0,,,,False,review,coordinate_only,67.30148312813105,0.0,https://www.openstreetmap.org/node/9491233549,,,Jolt,"{""access_condition"": ""Free Access"", ""allows_card_payment"": false, ""allows_reservation"": false, ""charging_point_count"": 1, ""charging_point_count_raw"": 1, ""connector_types_normalized"": ""CHAdeMO"", ""data_provider"": ""OpenStreetMap"", ""is_free"": false, ""network"": ""JOLT"", ""number_of_plugs"": null, ""opening_hours"": ""24/7"", ""power_kw_max"": null, ""power_kw_min"": null, ""power_scope"": ""station_reported_maximum"", ""pricing_info"": """"}",True,1,1,,external ID https://www.openstreetmap.org/node/9491233549 is shared by distinct source sites,,False,unmatched,unmatched,,,,,,,{},,0,0,,,,False,review,review,,,OSM,OSM: external ID https://www.openstreetmap.org/node/9491233549 is shared by distinct source sites,,no,,{},{},0,[]
753,,,"88-90 Houston Road, Sydney NSW 2032",Evie Networks,2,DC,50 kW,-33.92407212,151.2266947,Randwick City Council,2032,Existing Fast Chargers,0,0,0,0,0,0,0,0,0,0,0,0,0,0,0,0,0,0,0,0,0,0,0,0,0,0,0,0,0,0,0,2,0,0,0,0,0,0,0,0,Sydney - Eastern Suburbs,118,2032,unmatched,unmatched,,,,,,,{},,0,0,,,,False,review,coordinate_only,480.08361704932844,0.0,https://www.openstreetmap.org/node/13206142331,,,bp pulse,"{""access_condition"": ""Free Access"", ""allows_card_payment"": false, ""allows_reservation"": false, ""charging_point_count"": 2, ""charging_point_count_raw"": 2, ""connector_types_normalized"": ""CCS"", ""data_provider"": ""OpenStreetMap"", ""is_free"": false, ""network"": ""bp pulse"", ""number_of_plugs"": null, ""opening_hours"": """", ""power_kw_max"": null, ""power_kw_min"": null, ""power_scope"": ""station_reported_maximum"", ""pricing_info"": """"}",True,1,1,,candidate does not pass the automatic identity gate,,False,unmatched,unmatched,,,,,,,{},,0,0,,,,False,review,review,,,OSM,OSM: candidate does not pass the automatic identity gate,,no,,{},{},0,"[{""binding"": ""source_address_only; external identity not verified"", ""conclusion"": """", ""file"": ""data/reference/web_review/task3_104_non_ocm_web_verified.csv"", ""page_opened"": false, ""reported_confidence"": ""medium"", ""url"": ""https://ev-charging-stations.com.au/chargers/nsw/daceyville""}]"
754,,,"89 Barwan Street, Narrabri NSW 2390",NRMA Electric,4,DC,50 kW,-29.0572067,152.0186837,Narrabri Shire Council,2390,TfNSW Regional,0,0,0,0,0,0,0,0,0,0,0,0,0,0,0,0,0,0,0,0,0,0,0,0,0,0,0,0,0,0,0,4,0,0,0,0,0,0,0,0,New England and North West,110,2372,review,coordinate_only,165.88117518922394,0.490560875512996,312274,"1 Crown St, Tenterfield, NSW, 2372",Tesla Supercharger - Coles Tenterfield,Tesla (including non-tesla),"{""charger_capacities"": ""250 kW"", ""charging_point_count"": 3.0, ""connector_types_normalized"": ""CCS"", ""data_provider"": ""Open Charge Map"", ""is_operational"": true, ""last_verified"": ""2025-05-07T05:24:00Z"", ""number_of_plugs"": null, ""operator"": ""Tesla (including non-tesla)"", ""plug_types"": ""CCS (Type 2)"", ""power_kw_max"": 250.0, ""power_kw_min"": 250.0, ""power_kw_values"": [250.0], ""power_scope"": ""dc_indicated_connection_ratings"", ""status"": ""Operational"", ""usage_cost"": ""$0.69/kWh""}",True,1,1,,source address and original postcode conflict; external postcode conflicts with source; house numbers conflict; address evidence is inconsistent; candidate does not pass the automatic identity gate,,True,review,coordinate_only,164.7910834836061,0.0,https://www.openstreetmap.org/node/10258355351,,Tesla Supercharger,Tesla,"{""access_condition"": ""Free Access"", ""allows_card_payment"": false, ""allows_reservation"": false, ""charging_point_count"": 4, ""charging_point_count_raw"": 4, ""connector_types_normalized"": ""CCS"", ""data_provider"": ""OpenStreetMap"", ""is_free"": false, ""network"": ""Supercharger"", ""number_of_plugs"": null, ""opening_hours"": ""24/7"", ""power_kw_max"": null, ""power_kw_min"": null, ""power_scope"": ""station_reported_maximum"", ""pricing_info"": """"}",True,1,1,,source address and original postcode conflict; candidate does not pass the automatic identity gate,,True,unmatched,unmatched,,,,,,,{},,0,0,,,,True,review,review,,,OCM;OSM,OCM: source address and original postcode conflict; external postcode conflicts with source; house numbers conflict; address evidence is inconsistent; candidate does not pass the automatic identity gate; OSM: source address and original postcode conflict; candidate does not pass the automatic identity gate,,no,,{},{},0,"[{""binding"": ""same source address and OCM ID; search evidence only"", ""conclusion"": ""web_evidence_found_not_identity_proof"", ""file"": ""data/reference/web_review/task3_ocm_125_web_confidence.csv"", ""page_opened"": true, ""reported_confidence"": ""high"", ""url"": ""https://apps.planningportal.nsw.gov.au/prweb/PRRestService/DocMgmt/v1/PublicDocuments/DATA-WORKATTACH-FILE%20PEC-DPE-EP-WORK%20PAN-378965%2120231017T043350.514%20GMT""}]"
755,,,"89 Market Street, Balranald NSW 2715",NRMA Electric,2,DC,50 kW,-34.63954159,143.5647087,Balranald Shire Council,2715,Existing Fast Chargers,0,0,0,0,0,0,0,0,0,0,0,0,0,0,0,0,0,0,0,0,0,0,0,0,0,0,0,0,0,0,0,2,0,0,0,0,0,0,0,0,Murray,109,2715,accepted,coordinate_and_fuzzy_address,20.86475302744069,1.0,190671,"89 Market Street, Balranald, New South Wales, 2715",Balranald [NRMA],NRMA,"{""charger_capacities"": ""50 kW"", ""charging_point_count"": 1.0, ""connector_types_normalized"": ""CCS;CHAdeMO"", ""data_provider"": ""Open Charge Map"", ""is_operational"": true, ""last_verified"": ""2021-12-17T02:52:00Z"", ""number_of_plugs"": null, ""operator"": ""NRMA"", ""plug_types"": ""CCS (Type 2); CHAdeMO"", ""power_kw_max"": 50.0, ""power_kw_min"": 50.0, ""power_kw_values"": [50.0], ""power_scope"": ""dc_indicated_connection_ratings"", ""status"": ""Operational"", ""usage_cost"": ""FREE""}",True,1,1,,,,False,accepted,coordinate_only,21.757551358625467,0.0,https://www.openstreetmap.org/node/7742159359,,,NRMA,"{""access_condition"": ""Free Access"", ""allows_card_payment"": false, ""allows_reservation"": false, ""charging_point_count"": null, ""charging_point_count_raw"": null, ""connector_types_normalized"": ""CCS;CHAdeMO"", ""data_provider"": ""OpenStreetMap"", ""is_free"": false, ""network"": """", ""number_of_plugs"": null, ""opening_hours"": """", ""power_kw_max"": null, ""power_kw_min"": null, ""power_scope"": ""station_reported_maximum"", ""pricing_info"": """"}",True,1,1,,,,False,unmatched,unmatched,,,,,,,{},,0,0,,,,False,accepted,accepted,OCM;OSM,OCM:190671;OSM:https://www.openstreetmap.org/node/7742159359,,,,no,,"{""OCM::charger_capacities"": ""50 kW"", ""OCM::charging_point_count"": 1.0, ""OCM::connector_types_normalized"": ""CCS;CHAdeMO"", ""OCM::data_provider"": ""Open Charge Map"", ""OCM::is_operational"": true, ""OCM::last_verified"": ""2021-12-17T02:52:00Z"", ""OCM::operator"": ""NRMA"", ""OCM::plug_types"": ""CCS (Type 2); CHAdeMO"", ""OCM::power_kw_max"": 50.0, ""OCM::power_kw_min"": 50.0, ""OCM::power_kw_values"": [50.0], ""OCM::power_scope"": ""dc_indicated_connection_ratings"", ""OCM::status"": ""Operational"", ""OCM::usage_cost"": ""FREE"", ""OSM::access_condition"": ""Free Access"", ""OSM::allows_card_payment"": false, ""OSM::allows_reservation"": false, ""OSM::connector_types_normalized"": ""CCS;CHAdeMO"", ""OSM::data_provider"": ""OpenStreetMap"", ""OSM::is_free"": false, ""OSM::power_scope"": ""station_reported_maximum""}","{""OCM::connector_types_normalized"": ""CCS;CHAdeMO"", ""OCM::is_operational"": true, ""OCM::operator"": ""NRMA"", ""OCM::plug_types"": ""CCS (Type 2); CHAdeMO"", ""OCM::power_kw_max"": 50.0, ""OCM::power_kw_min"": 50.0, ""OCM::power_scope"": ""dc_indicated_connection_ratings"", ""OCM::status"": ""Operational"", ""OCM::usage_cost"": ""FREE"", ""OSM::access_condition"": ""Free Access"", ""OSM::allows_card_payment"": false, ""OSM::allows_reservation"": false, ""OSM::connector_types_normalized"": ""CCS;CHAdeMO"", ""OSM::is_free"": false, ""OSM::power_scope"": ""station_reported_maximum""}",9,[]
756,,,"89 Williamson Road, Sydney NSW 2565",BP,4,DC,150 kW,-33.98851456,150.8593694,Campbelltown City Council,2565,Existing Fast Chargers,0,0,0,0,0,0,0,4,0,0,0,0,0,0,0,0,0,0,0,0,0,0,0,0,0,0,0,0,0,0,0,0,0,0,0,0,0,0,0,0,Sydney - Outer South West,123,2565,unmatched,unmatched,,,,,,,{},,0,0,,,,False,unmatched,unmatched,,,,,,,{},,0,0,,,,False,unmatched,unmatched,,,,,,,{},,0,0,,,,False,unmatched,unmatched,,,,,,no,,{},{},0,[]
758,,,"895 South Dowling Street, Sydney NSW 2017",Chargefox,3,DC,165 kW,-33.90701506,151.213019,"Sydney, Council of the City of",2017,Existing Fast Chargers,0,0,0,0,0,0,0,0,0,3,0,0,0,0,0,0,0,0,0,0,0,0,0,0,0,0,0,0,0,0,0,0,0,0,0,0,0,0,0,0,Sydney - City and Inner South,117,2017,accepted,coordinate_and_fuzzy_address,15.670462809452623,0.9600000000000001,191062,"895 South Dowling Street, Zetland, NSW, 2017",Audi Centre Sydney ,Chargefox,"{""charger_capacities"": ""165 kW"", ""charging_point_count"": 1.0, ""connector_types_normalized"": ""CCS"", ""data_provider"": ""Open Charge Map"", ""is_operational"": true, ""last_verified"": ""2023-07-13T10:51:00Z"", ""number_of_plugs"": null, ""operator"": ""Chargefox"", ""plug_types"": ""CCS (Type 2)"", ""power_kw_max"": 165.0, ""power_kw_min"": 165.0, ""power_kw_values"": [165.0], ""power_scope"": ""dc_indicated_connection_ratings"", ""status"": ""Operational"", ""usage_cost"": ""$0.70/kWh""}",True,2,2,151.63108721372723,,,False,unmatched,unmatched,,,,,,,{},,0,0,,,,False,unmatched,unmatched,,,,,,,{},,0,0,,,,False,accepted,accepted,OCM,OCM:191062,,,,no,,"{""OCM::charger_capacities"": ""165 kW"", ""OCM::charging_point_count"": 1.0, ""OCM::connector_types_normalized"": ""CCS"", ""OCM::data_provider"": ""Open Charge Map"", ""OCM::is_operational"": true, ""OCM::last_verified"": ""2023-07-13T10:51:00Z"", ""OCM::operator"": ""Chargefox"", ""OCM::plug_types"": ""CCS (Type 2)"", ""OCM::power_kw_max"": 165.0, ""OCM::power_kw_min"": 165.0, ""OCM::power_kw_values"": [165.0], ""OCM::power_scope"": ""dc_indicated_connection_ratings"", ""OCM::status"": ""Operational"", ""OCM::usage_cost"": ""$0.70/kWh""}","{""OCM::connector_types_normalized"": ""CCS"", ""OCM::is_operational"": true, ""OCM::operator"": ""Chargefox"", ""OCM::plug_types"": ""CCS (Type 2)"", ""OCM::power_kw_max"": 165.0, ""OCM::power_kw_min"": 165.0, ""OCM::power_scope"": ""dc_indicated_connection_ratings"", ""OCM::status"": ""Operational"", ""OCM::usage_cost"": ""$0.70/kWh""}",5,[]
763,,,"9 Eastern Valley Way, Northbridge NSW 2063",Evie Networks,4,DC,50 kW,-33.809326,151.208848,North Sydney Council,2063,ARENA - Driving the Nation,0,0,0,0,0,0,0,0,0,0,0,0,0,0,0,0,0,0,0,0,0,0,0,0,0,0,0,0,0,0,0,4,0,0,0,0,0,0,0,0,Sydney - North Sydney and Hornsby,121,2063,accepted,coordinate_and_fuzzy_address,24.337009018601123,1.0,272694,"9 Eastern Valley Way, Northbridge, New South Wales, 2063",Northbridge Plaza,Evie,"{""charger_capacities"": ""50 kW"", ""charging_point_count"": 1.0, ""connector_types_normalized"": ""CCS;CHAdeMO"", ""data_provider"": ""Open Charge Map"", ""is_operational"": true, ""last_verified"": ""2023-07-16T23:09:00Z"", ""number_of_plugs"": null, ""operator"": ""Evie"", ""plug_types"": ""CCS (Type 2); CHAdeMO"", ""power_kw_max"": 50.0, ""power_kw_min"": 50.0, ""power_kw_values"": [50.0], ""power_scope"": ""dc_indicated_connection_ratings"", ""status"": ""Operational"", ""usage_cost"": """"}",True,1,1,,,,False,unmatched,unmatched,,,,,,,{},,0,0,,,,False,unmatched,unmatched,,,,,,,{},,0,0,,,,False,accepted,accepted,OCM,OCM:272694,,,,no,,"{""OCM::charger_capacities"": ""50 kW"", ""OCM::charging_point_count"": 1.0, ""OCM::connector_types_normalized"": ""CCS;CHAdeMO"", ""OCM::data_provider"": ""Open Charge Map"", ""OCM::is_operational"": true, ""OCM::last_verified"": ""2023-07-16T23:09:00Z"", ""OCM::operator"": ""Evie"", ""OCM::plug_types"": ""CCS (Type 2); CHAdeMO"", ""OCM::power_kw_max"": 50.0, ""OCM::power_kw_min"": 50.0, ""OCM::power_kw_values"": [50.0], ""OCM::power_scope"": ""dc_indicated_connection_ratings"", ""OCM::status"": ""Operational""}","{""OCM::connector_types_normalized"": ""CCS;CHAdeMO"", ""OCM::is_operational"": true, ""OCM::operator"": ""Evie"", ""OCM::plug_types"": ""CCS (Type 2); CHAdeMO"", ""OCM::power_kw_max"": 50.0, ""OCM::power_kw_min"": 50.0, ""OCM::power_scope"": ""dc_indicated_connection_ratings"", ""OCM::status"": ""Operational""}",4,[]
764,,,"9 Flinders Street, Wollongong North NSW 2500",Ampol,2,DC,125 kW,-34.4151195,150.8931953,Wollongong City Council,2500,ARENA - Driving the Nation,0,0,0,2,0,0,0,0,0,0,0,0,0,0,0,0,0,0,0,0,0,0,0,0,0,0,0,0,0,0,0,0,0,0,0,0,0,0,0,0,Illawarra,107,2500,unmatched,unmatched,,,,,,,{},,0,0,,,,False,unmatched,unmatched,,,,,,,{},,0,0,,,,False,unmatched,unmatched,,,,,,,{},,0,0,,,,False,unmatched,unmatched,,,,,,no,,{},{},0,[]
765,,,"9 Lagoon Street, Sydney NSW 2101",JOLT,2,DC,25 kW,-33.7136587,151.2982913,Northern Beaches Council,2101,Existing Fast Chargers,0,0,0,0,0,0,0,0,0,0,0,0,0,0,0,0,0,0,0,0,0,0,2,0,0,0,0,0,0,0,0,0,0,0,0,0,0,0,0,0,Sydney - Northern Beaches,122,2101,unmatched,unmatched,,,,,,,{},,0,0,,,,False,unmatched,unmatched,,,,,,,{},,0,0,,,,False,unmatched,unmatched,,,,,,,{},,0,0,,,,False,unmatched,unmatched,,,,,,no,,{},{},0,[]
768,,,"9 Vickery Avenue, Sydney NSW 2029",Evie Networks,4,DC,75 kW,-33.87136141,151.2644124,Woollahra Municipal Council,2029,Existing Fast Chargers,0,0,0,0,0,0,0,0,0,0,0,0,0,0,0,0,0,0,0,0,0,0,0,0,0,0,0,0,0,0,0,0,0,0,0,4,0,0,0,0,Sydney - Eastern Suburbs,118,2029,unmatched,unmatched,,,,,,,{},,0,0,,,,False,unmatched,unmatched,,,,,,,{},,0,0,,,,False,unmatched,unmatched,,,,,,,{},,0,0,,,,False,unmatched,unmatched,,,,,,no,,{},{},0,[]
771,,,"91 Spring Street, Sydney NSW 2022",Evie Networks,4,DC,75 kW,-33.89264569,151.2481672,Waverley Council,2022,Existing Fast Chargers,0,0,0,0,0,0,0,0,0,0,0,0,0,0,0,0,0,0,0,0,0,0,0,0,0,0,0,0,0,0,0,0,0,0,0,4,0,0,0,0,Sydney - Eastern Suburbs,118,2022,accepted,coordinate_and_fuzzy_address,37.96803336981162,0.9176470588235295,272634,"91 Spring St , NSW 2022, Bondi Junction, NSW, 2022",Eastgate Bondi Junction,Evie,"{""charger_capacities"": ""50 kW"", ""charging_point_count"": 2.0, ""connector_types_normalized"": ""CCS;CHAdeMO"", ""data_provider"": ""Open Charge Map"", ""is_operational"": true, ""last_verified"": ""2023-07-15T12:17:00Z"", ""number_of_plugs"": null, ""operator"": ""Evie"", ""plug_types"": ""CCS (Type 2); CHAdeMO"", ""power_kw_max"": 50.0, ""power_kw_min"": 50.0, ""power_kw_values"": [50.0], ""power_scope"": ""dc_indicated_connection_ratings"", ""status"": ""Operational"", ""usage_cost"": """"}",True,1,1,,,,False,unmatched,unmatched,,,,,,,{},,0,0,,,,False,unmatched,unmatched,,,,,,,{},,0,0,,,,False,accepted,accepted,OCM,OCM:272634,,,,no,,"{""OCM::charger_capacities"": ""50 kW"", ""OCM::charging_point_count"": 2.0, ""OCM::connector_types_normalized"": ""CCS;CHAdeMO"", ""OCM::data_provider"": ""Open Charge Map"", ""OCM::is_operational"": true, ""OCM::last_verified"": ""2023-07-15T12:17:00Z"", ""OCM::operator"": ""Evie"", ""OCM::plug_types"": ""CCS (Type 2); CHAdeMO"", ""OCM::power_kw_max"": 50.0, ""OCM::power_kw_min"": 50.0, ""OCM::power_kw_values"": [50.0], ""OCM::power_scope"": ""dc_indicated_connection_ratings"", ""OCM::status"": ""Operational""}","{""OCM::connector_types_normalized"": ""CCS;CHAdeMO"", ""OCM::is_operational"": true, ""OCM::operator"": ""Evie"", ""OCM::plug_types"": ""CCS (Type 2); CHAdeMO"", ""OCM::power_kw_max"": 50.0, ""OCM::power_kw_min"": 50.0, ""OCM::power_scope"": ""dc_indicated_connection_ratings"", ""OCM::status"": ""Operational""}",4,[]
773,,,"917-923 Old Northern Road, Dural NSW 2158",Ampol,2,DC,125 kW,-33.6828871,151.0284517,"Hornsby, The Council of the Shire of",2158,ARENA - Driving the Nation,0,0,0,2,0,0,0,0,0,0,0,0,0,0,0,0,0,0,0,0,0,0,0,0,0,0,0,0,0,0,0,0,0,0,0,0,0,0,0,0,Sydney - Baulkham Hills and Hawkesbury,115,2158,unmatched,unmatched,,,,,,,{},,0,0,,,,False,accepted,coordinate_only,14.64786686194225,0.0,https://www.openstreetmap.org/node/13805076026,,,AmpCharge,"{""access_condition"": ""Free Access"", ""allows_card_payment"": false, ""allows_reservation"": false, ""charging_point_count"": 2, ""charging_point_count_raw"": 2, ""connector_types_normalized"": ""CCS;CHAdeMO"", ""data_provider"": ""OpenStreetMap"", ""is_free"": false, ""network"": """", ""number_of_plugs"": null, ""opening_hours"": """", ""power_kw_max"": null, ""power_kw_min"": null, ""power_scope"": ""station_reported_maximum"", ""pricing_info"": """"}",True,1,1,,,,False,unmatched,unmatched,,,,,,,{},,0,0,,,,False,accepted,accepted,OSM,OSM:https://www.openstreetmap.org/node/13805076026,,,,no,,"{""OSM::access_condition"": ""Free Access"", ""OSM::allows_card_payment"": false, ""OSM::allows_reservation"": false, ""OSM::charging_point_count"": 2, ""OSM::charging_point_count_raw"": 2, ""OSM::connector_types_normalized"": ""CCS;CHAdeMO"", ""OSM::data_provider"": ""OpenStreetMap"", ""OSM::is_free"": false, ""OSM::power_scope"": ""station_reported_maximum""}","{""OSM::access_condition"": ""Free Access"", ""OSM::allows_card_payment"": false, ""OSM::allows_reservation"": false, ""OSM::connector_types_normalized"": ""CCS;CHAdeMO"", ""OSM::is_free"": false, ""OSM::power_scope"": ""station_reported_maximum""}",5,"[{""binding"": ""source_address_only; external identity not verified"", ""conclusion"": """", ""file"": ""data/reference/web_review/task3_104_non_ocm_web_verified.csv"", ""page_opened"": false, ""reported_confidence"": ""medium"", ""url"": ""https://www.plugroo.com.au/nsw/maraylya""}]"
774,,,"92 Houston Road, Kingsford NSW 2032",Evie Networks,2,DC,50 kW,-33.9242319,151.2266791,Randwick City Council,2032,Kerbside Charging R1,0,0,0,0,0,0,0,0,0,0,0,0,0,0,0,0,0,0,0,0,0,0,0,0,0,0,0,0,0,0,0,2,0,0,0,0,0,0,0,0,Sydney - Eastern Suburbs,118,,unmatched,unmatched,,,,,,,{},,0,0,,,,False,review,coordinate_only,497.90550949317947,0.0,https://www.openstreetmap.org/node/13206142331,,,bp pulse,"{""access_condition"": ""Free Access"", ""allows_card_payment"": false, ""allows_reservation"": false, ""charging_point_count"": 2, ""charging_point_count_raw"": 2, ""connector_types_normalized"": ""CCS"", ""data_provider"": ""OpenStreetMap"", ""is_free"": false, ""network"": ""bp pulse"", ""number_of_plugs"": null, ""opening_hours"": """", ""power_kw_max"": null, ""power_kw_min"": null, ""power_scope"": ""station_reported_maximum"", ""pricing_info"": """"}",True,1,1,,candidate does not pass the automatic identity gate,,False,unmatched,unmatched,,,,,,,{},,0,0,,,,False,review,review,,,OSM,OSM: candidate does not pass the automatic identity gate,,no,,{},{},0,"[{""binding"": ""source_address_only; external identity not verified"", ""conclusion"": """", ""file"": ""data/reference/web_review/task3_104_non_ocm_web_verified.csv"", ""page_opened"": true, ""reported_confidence"": ""low"", ""url"": ""https://www.realestate.com.au/property/92-houston-rd-kingsford-nsw-2032""}]"
776,,,"93 Byamee Street, Dapto NSW 2530",Evie Networks,4,DC,50 kW,-34.494604,150.795725,Wollongong City Council,2530,ARENA - Driving the Nation,0,0,0,0,0,0,0,0,0,0,0,0,0,0,0,0,0,0,0,0,0,0,0,0,0,0,0,0,0,0,0,4,0,0,0,0,0,0,0,0,Illawarra,107,2530,accepted,coordinate_only,47.19939170322143,0.5507142857142857,272496,"Moombara Street, Dapto, New South Wales, 2530",Evie Dapto Mall,Evie,"{""charger_capacities"": ""50 kW"", ""charging_point_count"": 2.0, ""connector_types_normalized"": ""CCS;CHAdeMO"", ""data_provider"": ""Open Charge Map"", ""is_operational"": true, ""last_verified"": ""2023-07-12T21:47:00Z"", ""number_of_plugs"": null, ""operator"": ""Evie"", ""plug_types"": ""CCS (Type 2); CHAdeMO"", ""power_kw_max"": 50.0, ""power_kw_min"": 50.0, ""power_kw_values"": [50.0], ""power_scope"": ""dc_indicated_connection_ratings"", ""status"": ""Operational"", ""usage_cost"": ""50c per kWh energy consumed.""}",True,1,1,,,address evidence is inconsistent,False,unmatched,unmatched,,,,,,,{},,0,0,,,,False,unmatched,unmatched,,,,,,,{},,0,0,,,,False,accepted,accepted,OCM,OCM:272496,,,OCM: address evidence is inconsistent,yes,,"{""OCM::charger_capacities"": ""50 kW"", ""OCM::charging_point_count"": 2.0, ""OCM::connector_types_normalized"": ""CCS;CHAdeMO"", ""OCM::data_provider"": ""Open Charge Map"", ""OCM::is_operational"": true, ""OCM::last_verified"": ""2023-07-12T21:47:00Z"", ""OCM::operator"": ""Evie"", ""OCM::plug_types"": ""CCS (Type 2); CHAdeMO"", ""OCM::power_kw_max"": 50.0, ""OCM::power_kw_min"": 50.0, ""OCM::power_kw_values"": [50.0], ""OCM::power_scope"": ""dc_indicated_connection_ratings"", ""OCM::status"": ""Operational"", ""OCM::usage_cost"": ""50c per kWh energy consumed.""}","{""OCM::connector_types_normalized"": ""CCS;CHAdeMO"", ""OCM::is_operational"": true, ""OCM::operator"": ""Evie"", ""OCM::plug_types"": ""CCS (Type 2); CHAdeMO"", ""OCM::power_kw_max"": 50.0, ""OCM::power_kw_min"": 50.0, ""OCM::power_scope"": ""dc_indicated_connection_ratings"", ""OCM::status"": ""Operational"", ""OCM::usage_cost"": ""50c per kWh energy consumed.""}",5,"[{""binding"": ""same source address and OCM ID; search evidence only"", ""conclusion"": ""web_evidence_found_not_identity_proof"", ""file"": ""data/reference/web_review/task3_ocm_125_web_confidence.csv"", ""page_opened"": false, ""reported_confidence"": ""low"", ""url"": ""https://www.property.com.au/nsw/dapto-2530/byamee-st/93-pid-9242026/""}]"
777,,,"93 Princes Highway, Ulladulla NSW 2539",ChargeHub,2,DC,25 kW,-35.3576507,150.4733804,Shoalhaven City Council,2539,Existing Fast Chargers,0,0,0,0,0,0,0,0,0,0,0,0,0,0,0,0,0,0,0,0,0,0,2,0,0,0,0,0,0,0,0,0,0,0,0,0,0,0,0,0,Southern Highlands and Shoalhaven,114,2539,unmatched,unmatched,,,,,,,{},,0,0,,,,False,accepted,coordinate_only,6.8741407606528595,0.0,https://www.openstreetmap.org/node/12599800358,,,,"{""access_condition"": ""Free Access"", ""allows_card_payment"": false, ""allows_reservation"": false, ""charging_point_count"": null, ""charging_point_count_raw"": null, ""connector_types_normalized"": ""CCS;CHAdeMO"", ""data_provider"": ""OpenStreetMap"", ""is_free"": false, ""network"": """", ""number_of_plugs"": null, ""opening_hours"": """", ""power_kw_max"": null, ""power_kw_min"": null, ""power_scope"": ""station_reported_maximum"", ""pricing_info"": """"}",True,1,1,,,,False,accepted,coordinate_and_fuzzy_address,0.08587394825403347,1.0,179ada28-f0c6-4431-a1fc-bbb2e5ec26d6-AUCHB25390001,"93 Princes Highway, Ulladulla, NSW 2539",Rowans Arcade,,"{""connector_types_normalized"": ""CCS;CHAdeMO"", ""data_provider"": ""Charge@Large"", ""dc_port_count"": 4, ""number_of_plugs"": null, ""power_kw_max"": 25.0, ""power_kw_min"": 25.0, ""power_kw_values"": [25.0], ""power_scope"": ""dc_indicated_ports"", ""site_power_range_raw"": ""25"", ""status_counts"": {""Available"": 4}, ""status_observed_at"": null, ""total_port_count"": 4}",True,1,1,,,,False,accepted,accepted,OSM;Charge@Large,OSM:https://www.openstreetmap.org/node/12599800358;Charge@Large:179ada28-f0c6-4431-a1fc-bbb2e5ec26d6-AUCHB25390001,,,,no,,"{""Charge@Large::connector_types_normalized"": ""CCS;CHAdeMO"", ""Charge@Large::data_provider"": ""Charge@Large"", ""Charge@Large::dc_port_count"": 4, ""Charge@Large::power_kw_max"": 25.0, ""Charge@Large::power_kw_min"": 25.0, ""Charge@Large::power_kw_values"": [25.0], ""Charge@Large::power_scope"": ""dc_indicated_ports"", ""Charge@Large::site_power_range_raw"": ""25"", ""Charge@Large::status_counts"": {""Available"": 4}, ""Charge@Large::total_port_count"": 4, ""OSM::access_condition"": ""Free Access"", ""OSM::allows_card_payment"": false, ""OSM::allows_reservation"": false, ""OSM::connector_types_normalized"": ""CCS;CHAdeMO"", ""OSM::data_provider"": ""OpenStreetMap"", ""OSM::is_free"": false, ""OSM::power_scope"": ""station_reported_maximum""}","{""Charge@Large::connector_types_normalized"": ""CCS;CHAdeMO"", ""Charge@Large::dc_port_count"": 4, ""Charge@Large::power_kw_max"": 25.0, ""Charge@Large::power_kw_min"": 25.0, ""Charge@Large::power_scope"": ""dc_indicated_ports"", ""Charge@Large::status_counts"": {""Available"": 4}, ""Charge@Large::total_port_count"": 4, ""OSM::access_condition"": ""Free Access"", ""OSM::allows_card_payment"": false, ""OSM::allows_reservation"": false, ""OSM::connector_types_normalized"": ""CCS;CHAdeMO"", ""OSM::is_free"": false, ""OSM::power_scope"": ""station_reported_maximum""}",6,"[{""binding"": ""source_address_only; external identity not verified"", ""conclusion"": """", ""file"": ""data/reference/web_review/task3_104_non_ocm_web_verified.csv"", ""page_opened"": true, ""reported_confidence"": ""high"", ""url"": ""https://ev-charging-stations.com.au/chargers/nsw/ulladulla""}]"
778,,,"930 Old Northern Road, Glenorie NSW 2157",Evie Networks,4,DC,75 kW,-33.60191393,151.0082442,The Hills Shire Council,2157,ARENA - Driving the Nation,0,0,0,0,0,0,0,0,0,0,0,0,0,0,0,0,0,0,0,0,0,0,0,0,0,0,0,0,0,0,0,0,0,0,0,4,0,0,0,0,Sydney - Baulkham Hills and Hawkesbury,115,2157,unmatched,unmatched,,,,,,,{},,0,0,,,,False,unmatched,unmatched,,,,,,,{},,0,0,,,,False,unmatched,unmatched,,,,,,,{},,0,0,,,,False,unmatched,unmatched,,,,,,no,,{},{},0,[]
782,,,"9-49 Chapel Road, Bankstown NSW 2200",Evie Networks,4,DC,50 kW,-33.931975,151.030127,Canterbury Bankstown Council,2200,ARENA - Driving the Nation,0,0,0,0,0,0,0,0,0,0,0,0,0,0,0,0,0,0,0,0,0,0,0,0,0,0,0,0,0,0,0,4,0,0,0,0,0,0,0,0,Sydney - Inner South West,119,2200,accepted,coordinate_and_fuzzy_address,5.116726807458614,0.85,191160,"9-49 Chapel Road, Bankstown, NSW",Bankstown [Evie],Evie,"{""charger_capacities"": ""50 kW"", ""charging_point_count"": 2.0, ""connector_types_normalized"": ""CCS;CHAdeMO"", ""data_provider"": ""Open Charge Map"", ""is_operational"": true, ""last_verified"": ""2023-07-16T12:30:00Z"", ""number_of_plugs"": null, ""operator"": ""Evie"", ""plug_types"": ""CCS (Type 2); CHAdeMO"", ""power_kw_max"": 50.0, ""power_kw_min"": 50.0, ""power_kw_values"": [50.0], ""power_scope"": ""dc_indicated_connection_ratings"", ""status"": ""Operational"", ""usage_cost"": ""$0.40/kWh""}",True,2,2,188.0913249471209,,,False,accepted,coordinate_only,9.05417706525652,0.0,https://www.openstreetmap.org/node/9363608762,,,Evie Networks,"{""access_condition"": ""Free Access"", ""allows_card_payment"": false, ""allows_reservation"": false, ""charging_point_count"": null, ""charging_point_count_raw"": null, ""connector_types_normalized"": ""CCS;CHAdeMO"", ""data_provider"": ""OpenStreetMap"", ""is_free"": false, ""network"": """", ""number_of_plugs"": null, ""opening_hours"": """", ""power_kw_max"": null, ""power_kw_min"": null, ""power_scope"": ""station_reported_maximum"", ""pricing_info"": """"}",True,2,2,165.81381347194056,,,False,unmatched,unmatched,,,,,,,{},,0,0,,,,False,accepted,accepted,OCM;OSM,OCM:191160;OSM:https://www.openstreetmap.org/node/9363608762,,,,no,,"{""OCM::charger_capacities"": ""50 kW"", ""OCM::charging_point_count"": 2.0, ""OCM::connector_types_normalized"": ""CCS;CHAdeMO"", ""OCM::data_provider"": ""Open Charge Map"", ""OCM::is_operational"": true, ""OCM::last_verified"": ""2023-07-16T12:30:00Z"", ""OCM::operator"": ""Evie"", ""OCM::plug_types"": ""CCS (Type 2); CHAdeMO"", ""OCM::power_kw_max"": 50.0, ""OCM::power_kw_min"": 50.0, ""OCM::power_kw_values"": [50.0], ""OCM::power_scope"": ""dc_indicated_connection_ratings"", ""OCM::status"": ""Operational"", ""OCM::usage_cost"": ""$0.40/kWh"", ""OSM::access_condition"": ""Free Access"", ""OSM::allows_card_payment"": false, ""OSM::allows_reservation"": false, ""OSM::connector_types_normalized"": ""CCS;CHAdeMO"", ""OSM::data_provider"": ""OpenStreetMap"", ""OSM::is_free"": false, ""OSM::power_scope"": ""station_reported_maximum""}","{""OCM::connector_types_normalized"": ""CCS;CHAdeMO"", ""OCM::is_operational"": true, ""OCM::operator"": ""Evie"", ""OCM::plug_types"": ""CCS (Type 2); CHAdeMO"", ""OCM::power_kw_max"": 50.0, ""OCM::power_kw_min"": 50.0, ""OCM::power_scope"": ""dc_indicated_connection_ratings"", ""OCM::status"": ""Operational"", ""OCM::usage_cost"": ""$0.40/kWh"", ""OSM::access_condition"": ""Free Access"", ""OSM::allows_card_payment"": false, ""OSM::allows_reservation"": false, ""OSM::connector_types_normalized"": ""CCS;CHAdeMO"", ""OSM::is_free"": false, ""OSM::power_scope"": ""station_reported_maximum""}",9,"[{""binding"": ""same source address and OCM ID; search evidence only"", ""conclusion"": ""web_evidence_found_not_identity_proof"", ""file"": ""data/reference/web_review/task3_ocm_125_web_confidence.csv"", ""page_opened"": false, ""reported_confidence"": ""medium"", ""url"": ""https://www.plugroo.com.au/nsw/bankstown-aerodrome""}]"
784,,,"96 Mackay Avenue, Yoogali NSW 2680",Chargefox,2,DC,50 kW,-34.29922127,146.0782252,Griffith City Council,2680,Existing Fast Chargers,0,0,0,0,0,0,0,0,0,0,0,0,0,0,0,0,0,0,0,0,0,0,0,0,0,0,0,0,0,0,0,2,0,0,0,0,0,0,0,0,Riverina,113,2680,accepted,coordinate_only,73.2147651903489,0.31470588235294117,306014,"Owen Drive, Yoogali, New South Wales, 2680",Owen Toyota,Chargefox,"{""charger_capacities"": ""50 kW"", ""charging_point_count"": 2.0, ""connector_types_normalized"": ""CCS"", ""data_provider"": ""Open Charge Map"", ""is_operational"": true, ""last_verified"": ""2024-11-14T09:54:00Z"", ""number_of_plugs"": null, ""operator"": ""Chargefox"", ""plug_types"": ""CCS (Type 2)"", ""power_kw_max"": 50.0, ""power_kw_min"": 50.0, ""power_kw_values"": [50.0], ""power_scope"": ""dc_indicated_connection_ratings"", ""status"": ""Operational"", ""usage_cost"": ""$0.40/kWh""}",True,1,1,,,address evidence is inconsistent,False,accepted,coordinate_only,7.263591052671434,0.0,https://www.openstreetmap.org/node/11963693701,,,Chargefox,"{""access_condition"": ""Free Access"", ""allows_card_payment"": false, ""allows_reservation"": false, ""charging_point_count"": null, ""charging_point_count_raw"": null, ""connector_types_normalized"": ""CCS"", ""data_provider"": ""OpenStreetMap"", ""is_free"": false, ""network"": """", ""number_of_plugs"": null, ""opening_hours"": """", ""power_kw_max"": null, ""power_kw_min"": null, ""power_scope"": ""station_reported_maximum"", ""pricing_info"": """"}",True,1,1,,,,False,unmatched,unmatched,,,,,,,{},,0,0,,,,False,accepted,accepted,OCM;OSM,OCM:306014;OSM:https://www.openstreetmap.org/node/11963693701,,,OCM: address evidence is inconsistent,yes,,"{""OCM::charger_capacities"": ""50 kW"", ""OCM::charging_point_count"": 2.0, ""OCM::connector_types_normalized"": ""CCS"", ""OCM::data_provider"": ""Open Charge Map"", ""OCM::is_operational"": true, ""OCM::last_verified"": ""2024-11-14T09:54:00Z"", ""OCM::operator"": ""Chargefox"", ""OCM::plug_types"": ""CCS (Type 2)"", ""OCM::power_kw_max"": 50.0, ""OCM::power_kw_min"": 50.0, ""OCM::power_kw_values"": [50.0], ""OCM::power_scope"": ""dc_indicated_connection_ratings"", ""OCM::status"": ""Operational"", ""OCM::usage_cost"": ""$0.40/kWh"", ""OSM::access_condition"": ""Free Access"", ""OSM::allows_card_payment"": false, ""OSM::allows_reservation"": false, ""OSM::connector_types_normalized"": ""CCS"", ""OSM::data_provider"": ""OpenStreetMap"", ""OSM::is_free"": false, ""OSM::power_scope"": ""station_reported_maximum""}","{""OCM::connector_types_normalized"": ""CCS"", ""OCM::is_operational"": true, ""OCM::operator"": ""Chargefox"", ""OCM::plug_types"": ""CCS (Type 2)"", ""OCM::power_kw_max"": 50.0, ""OCM::power_kw_min"": 50.0, ""OCM::power_scope"": ""dc_indicated_connection_ratings"", ""OCM::status"": ""Operational"", ""OCM::usage_cost"": ""$0.40/kWh"", ""OSM::access_condition"": ""Free Access"", ""OSM::allows_card_payment"": false, ""OSM::allows_reservation"": false, ""OSM::connector_types_normalized"": ""CCS"", ""OSM::is_free"": false, ""OSM::power_scope"": ""station_reported_maximum""}",9,"[{""binding"": ""same source address and OCM ID; search evidence only"", ""conclusion"": ""web_evidence_found_not_identity_proof"", ""file"": ""data/reference/web_review/task3_ocm_125_web_confidence.csv"", ""page_opened"": false, ""reported_confidence"": ""medium"", ""url"": ""https://www.plugroo.com.au/nsw/jerilderie""}]"
786,,,"96-100 Centennial Circuit, Byron Bay NSW 2481",Chargefox,1,DC,80 kW,-28.6372513,153.5806587,Byron Shire Council,2481,Existing Fast Chargers,0,0,0,0,0,0,0,0,0,0,0,0,0,0,0,0,0,0,0,0,0,0,0,0,0,0,0,0,0,0,0,0,0,0,0,0,0,1,0,0,Richmond - Tweed,112,2481,unmatched,unmatched,,,,,,,{},,0,0,,,,False,unmatched,unmatched,,,,,,,{},,0,0,,,,False,unmatched,unmatched,,,,,,,{},,0,0,,,,False,unmatched,unmatched,,,,,,no,,{},{},0,[]
790,,,"97R Brook Street, Sydney NSW 2034",Chargefox,2,DC,42 kW,-33.91910615,151.2547838,Randwick City Council,2034,Existing Fast Chargers,0,0,0,0,0,0,0,0,0,0,0,0,0,0,0,0,0,0,0,0,0,0,0,0,0,0,0,0,0,2,0,0,0,0,0,0,0,0,0,0,Sydney - Eastern Suburbs,118,2034,unmatched,unmatched,,,,,,,{},,0,0,,,,False,unmatched,unmatched,,,,,,,{},,0,0,,,,False,unmatched,unmatched,,,,,,,{},,0,0,,,,False,unmatched,unmatched,,,,,,no,,{},{},0,[]
791,,,"98-100 Windsor Road Cnr Lombard Road, Northmead NSW 2152",Ampol,2,DC,125 kW,-33.7878745,150.9946557,"Parramatta, Council of the City of",2152,ARENA - Driving the Nation,0,0,0,2,0,0,0,0,0,0,0,0,0,0,0,0,0,0,0,0,0,0,0,0,0,0,0,0,0,0,0,0,0,0,0,0,0,0,0,0,Sydney - Parramatta,125,2152,unmatched,unmatched,,,,,,,{},,0,0,,,,False,accepted,coordinate_only,13.092712421151498,0.0,https://www.openstreetmap.org/node/9965036281,,,AmpCharge,"{""access_condition"": ""Free Access"", ""allows_card_payment"": false, ""allows_reservation"": false, ""charging_point_count"": null, ""charging_point_count_raw"": null, ""connector_types_normalized"": ""CCS;CHAdeMO"", ""data_provider"": ""OpenStreetMap"", ""is_free"": false, ""network"": """", ""number_of_plugs"": null, ""opening_hours"": """", ""power_kw_max"": null, ""power_kw_min"": null, ""power_scope"": ""station_reported_maximum"", ""pricing_info"": """"}",True,1,1,,,,False,unmatched,unmatched,,,,,,,{},,0,0,,,,False,accepted,accepted,OSM,OSM:https://www.openstreetmap.org/node/9965036281,,,,no,,"{""OSM::access_condition"": ""Free Access"", ""OSM::allows_card_payment"": false, ""OSM::allows_reservation"": false, ""OSM::connector_types_normalized"": ""CCS;CHAdeMO"", ""OSM::data_provider"": ""OpenStreetMap"", ""OSM::is_free"": false, ""OSM::power_scope"": ""station_reported_maximum""}","{""OSM::access_condition"": ""Free Access"", ""OSM::allows_card_payment"": false, ""OSM::allows_reservation"": false, ""OSM::connector_types_normalized"": ""CCS;CHAdeMO"", ""OSM::is_free"": false, ""OSM::power_scope"": ""station_reported_maximum""}",5,"[{""binding"": ""source_address_only; external identity not verified"", ""conclusion"": """", ""file"": ""data/reference/web_review/task3_104_non_ocm_web_verified.csv"", ""page_opened"": true, ""reported_confidence"": ""high"", ""url"": ""https://www.ampol.com.au/convenience/foodary-crave-n-save""}]"
800,,,"Anderson Street, Sydney NSW 2067",Exploren,2,DC,50 kW,-33.79641046,151.1836096,Willoughby City Council,2067,Existing Fast Chargers,0,0,0,0,0,0,0,0,0,0,0,0,0,0,0,0,0,0,0,0,0,0,0,0,0,0,0,0,0,0,0,2,0,0,0,0,0,0,0,0,Sydney - North Sydney and Hornsby,121,2067,review,coordinate_only,298.4691947863667,0.2638339920948617,266872,"345 Victoria Avenue, Chatswood, NSW, 2067",Chatswood Chase Chargefox,Chargefox,"{""charger_capacities"": ""120 kW"", ""charging_point_count"": 2.0, ""connector_types_normalized"": ""CCS"", ""data_provider"": ""Open Charge Map"", ""is_operational"": true, ""last_verified"": ""2023-07-13T08:44:00Z"", ""number_of_plugs"": null, ""operator"": ""Chargefox"", ""plug_types"": ""CCS (Type 2)"", ""power_kw_max"": 120.0, ""power_kw_min"": 120.0, ""power_kw_values"": [120.0], ""power_scope"": ""dc_indicated_connection_ratings"", ""status"": ""Operational"", ""usage_cost"": ""$0.45/kWh""}",True,1,1,,address evidence is inconsistent; candidate does not pass the automatic identity gate,,False,unmatched,unmatched,,,,,,,{},,0,0,,,,False,accepted,coordinate_only,0.04668178047920401,0.830232558139535,15d06bf5-6b4a-425d-9312-bae4b17cc22b-1992,"370 Anderson St, Chatswood, NSW 2067",Willoughby City Council - Anderson St,,"{""connector_types_normalized"": ""CCS"", ""data_provider"": ""Charge@Large"", ""dc_port_count"": 2, ""number_of_plugs"": null, ""power_kw_max"": 50.0, ""power_kw_min"": 50.0, ""power_kw_values"": [50.0], ""power_scope"": ""dc_indicated_ports"", ""site_power_range_raw"": ""50"", ""status_counts"": {""Available"": 1, ""Charging"": 1}, ""status_observed_at"": null, ""total_port_count"": 2}",True,4,4,384.3669764047697,,address evidence is inconsistent,False,accepted,accepted,Charge@Large,Charge@Large:15d06bf5-6b4a-425d-9312-bae4b17cc22b-1992,OCM,OCM: address evidence is inconsistent; candidate does not pass the automatic identity gate,Charge@Large: address evidence is inconsistent,yes,,"{""Charge@Large::connector_types_normalized"": ""CCS"", ""Charge@Large::data_provider"": ""Charge@Large"", ""Charge@Large::dc_port_count"": 2, ""Charge@Large::power_kw_max"": 50.0, ""Charge@Large::power_kw_min"": 50.0, ""Charge@Large::power_kw_values"": [50.0], ""Charge@Large::power_scope"": ""dc_indicated_ports"", ""Charge@Large::site_power_range_raw"": ""50"", ""Charge@Large::status_counts"": {""Available"": 1, ""Charging"": 1}, ""Charge@Large::total_port_count"": 2}","{""Charge@Large::connector_types_normalized"": ""CCS"", ""Charge@Large::dc_port_count"": 2, ""Charge@Large::power_kw_max"": 50.0, ""Charge@Large::power_kw_min"": 50.0, ""Charge@Large::power_scope"": ""dc_indicated_ports"", ""Charge@Large::status_counts"": {""Available"": 1, ""Charging"": 1}, ""Charge@Large::total_port_count"": 2}",2,"[{""binding"": ""same source address and OCM ID; search evidence only"", ""conclusion"": ""web_evidence_found_not_identity_proof"", ""file"": ""data/reference/web_review/task3_ocm_125_web_confidence.csv"", ""page_opened"": true, ""reported_confidence"": ""high"", ""url"": ""https://ev-charging-stations.com.au/chargers/nsw/chatswood""}]"
803,,,"Avenue Road, Sydney NSW 2088",BP,2,DC,75 kW,-33.83197602,151.2373874,Mosman Municipal Council,2088,Existing Fast Chargers,0,0,0,0,0,0,0,0,0,0,0,0,0,0,0,0,0,0,0,0,0,0,0,0,0,0,0,0,0,0,0,0,0,0,0,2,0,0,0,0,Sydney - North Sydney and Hornsby,121,2088,unmatched,unmatched,,,,,,,{},,0,0,,,,False,unmatched,unmatched,,,,,,,{},,0,0,,,,False,unmatched,unmatched,,,,,,,{},,0,0,,,,False,unmatched,unmatched,,,,,,no,,{},{},0,[]
804,,,"B640 Princes Highway, Berry NSW 2535",Tesla,12,DC,130 kW,-34.80794299,150.637044,Shoalhaven City Council,2535,Existing Fast Chargers,0,0,0,0,12,0,0,0,0,0,0,0,0,0,0,0,0,0,0,0,0,0,0,0,0,0,0,0,0,0,0,0,0,0,0,0,0,0,0,0,Southern Highlands and Shoalhaven,114,2535,accepted,coordinate_only,46.04643961687285,0.75,128374,"B640 Princes Highway, Berry",Berry Supercharger,Tesla (including non-tesla),"{""charger_capacities"": ""120 kW"", ""charging_point_count"": 6.0, ""connector_types_normalized"": ""CCS"", ""data_provider"": ""Open Charge Map"", ""is_operational"": true, ""last_verified"": ""2023-08-30T06:17:00Z"", ""number_of_plugs"": null, ""operator"": ""Tesla (including non-tesla)"", ""plug_types"": ""CCS (Type 2)"", ""power_kw_max"": 120.0, ""power_kw_min"": 120.0, ""power_kw_values"": [120.0], ""power_scope"": ""dc_indicated_connection_ratings"", ""status"": ""Operational"", ""usage_cost"": ""AUD 0.42/kWh;other tariffs for older cars""}",True,1,1,,,address evidence is inconsistent,False,accepted,coordinate_only,48.54550963501889,0.0,https://www.openstreetmap.org/node/6525751310,,Tesla Supercharger,Tesla,"{""access_condition"": ""Free Access"", ""allows_card_payment"": false, ""allows_reservation"": false, ""charging_point_count"": 6, ""charging_point_count_raw"": 6, ""connector_types_normalized"": ""CCS"", ""data_provider"": ""OpenStreetMap"", ""is_free"": false, ""network"": ""Supercharger"", ""number_of_plugs"": null, ""opening_hours"": ""24/7"", ""power_kw_max"": null, ""power_kw_min"": null, ""power_scope"": ""station_reported_maximum"", ""pricing_info"": """"}",True,1,1,,,,False,unmatched,unmatched,,,,,,,{},,0,0,,,,False,accepted,accepted,OCM;OSM,OCM:128374;OSM:https://www.openstreetmap.org/node/6525751310,,,OCM: address evidence is inconsistent,yes,,"{""OCM::charger_capacities"": ""120 kW"", ""OCM::charging_point_count"": 6.0, ""OCM::connector_types_normalized"": ""CCS"", ""OCM::data_provider"": ""Open Charge Map"", ""OCM::is_operational"": true, ""OCM::last_verified"": ""2023-08-30T06:17:00Z"", ""OCM::operator"": ""Tesla (including non-tesla)"", ""OCM::plug_types"": ""CCS (Type 2)"", ""OCM::power_kw_max"": 120.0, ""OCM::power_kw_min"": 120.0, ""OCM::power_kw_values"": [120.0], ""OCM::power_scope"": ""dc_indicated_connection_ratings"", ""OCM::status"": ""Operational"", ""OCM::usage_cost"": ""AUD 0.42/kWh;other tariffs for older cars"", ""OSM::access_condition"": ""Free Access"", ""OSM::allows_card_payment"": false, ""OSM::allows_reservation"": false, ""OSM::charging_point_count"": 6, ""OSM::charging_point_count_raw"": 6, ""OSM::connector_types_normalized"": ""CCS"", ""OSM::data_provider"": ""OpenStreetMap"", ""OSM::is_free"": false, ""OSM::network"": ""Supercharger"", ""OSM::opening_hours"": ""24/7"", ""OSM::power_scope"": ""station_reported_maximum""}","{""OCM::connector_types_normalized"": ""CCS"", ""OCM::is_operational"": true, ""OCM::operator"": ""Tesla (including non-tesla)"", ""OCM::plug_types"": ""CCS (Type 2)"", ""OCM::power_kw_max"": 120.0, ""OCM::power_kw_min"": 120.0, ""OCM::power_scope"": ""dc_indicated_connection_ratings"", ""OCM::status"": ""Operational"", ""OCM::usage_cost"": ""AUD 0.42/kWh;other tariffs for older cars"", ""OSM::access_condition"": ""Free Access"", ""OSM::allows_card_payment"": false, ""OSM::allows_reservation"": false, ""OSM::connector_types_normalized"": ""CCS"", ""OSM::is_free"": false, ""OSM::network"": ""Supercharger"", ""OSM::opening_hours"": ""24/7"", ""OSM::power_scope"": ""station_reported_maximum""}",11,[]
809,,,"Bellambi Lane, Wollongong NSW 2518",Exploren,2,DC,120 kW,-34.36218023,150.907982,Wollongong City Council,2518,Existing Fast Chargers,0,0,2,0,0,0,0,0,0,0,0,0,0,0,0,0,0,0,0,0,0,0,0,0,0,0,0,0,0,0,0,0,0,0,0,0,0,0,0,0,Illawarra,107,2518,unmatched,unmatched,,,,,,,{},,0,0,,,,False,unmatched,unmatched,,,,,,,{},,0,0,,,,False,accepted,coordinate_only,0.14635964316786776,0.5011904761904762,15d06bf5-6b4a-425d-9312-bae4b17cc22b-1888,"Ln & Watts Ln, Bellambi, NSW 2518",Bunnings Bellambi,,"{""connector_types_normalized"": ""CCS"", ""data_provider"": ""Charge@Large"", ""dc_port_count"": 2, ""number_of_plugs"": null, ""power_kw_max"": 120.0, ""power_kw_min"": 120.0, ""power_kw_values"": [120.0], ""power_scope"": ""dc_indicated_ports"", ""site_power_range_raw"": ""120"", ""status_counts"": {""Available"": 2}, ""status_observed_at"": null, ""total_port_count"": 2}",True,1,1,,,address evidence is inconsistent,False,accepted,accepted,Charge@Large,Charge@Large:15d06bf5-6b4a-425d-9312-bae4b17cc22b-1888,,,Charge@Large: address evidence is inconsistent,yes,,"{""Charge@Large::connector_types_normalized"": ""CCS"", ""Charge@Large::data_provider"": ""Charge@Large"", ""Charge@Large::dc_port_count"": 2, ""Charge@Large::power_kw_max"": 120.0, ""Charge@Large::power_kw_min"": 120.0, ""Charge@Large::power_kw_values"": [120.0], ""Charge@Large::power_scope"": ""dc_indicated_ports"", ""Charge@Large::site_power_range_raw"": ""120"", ""Charge@Large::status_counts"": {""Available"": 2}, ""Charge@Large::total_port_count"": 2}","{""Charge@Large::connector_types_normalized"": ""CCS"", ""Charge@Large::dc_port_count"": 2, ""Charge@Large::power_kw_max"": 120.0, ""Charge@Large::power_kw_min"": 120.0, ""Charge@Large::power_scope"": ""dc_indicated_ports"", ""Charge@Large::status_counts"": {""Available"": 2}, ""Charge@Large::total_port_count"": 2}",2,"[{""binding"": ""source_address_only; external identity not verified"", ""conclusion"": """", ""file"": ""data/reference/web_review/task3_104_non_ocm_web_verified.csv"", ""page_opened"": true, ""reported_confidence"": ""high"", ""url"": ""https://www.cppower.com.au/""}]"
810,,,"Berowra Railway Station, Pacific Highway, Berowra, Pacific Highway, New South Wales NSW 2081",JOLT,1,DC,25 kW,-33.623906,151.151802,"Hornsby, The Council of the Shire of",2081,TfNSW Commuter Car Parks,0,0,0,0,0,0,0,0,0,0,0,0,0,0,0,0,0,0,0,0,0,0,1,0,0,0,0,0,0,0,0,0,0,0,0,0,0,0,0,0,Sydney - North Sydney and Hornsby,121,2081,review,coordinate_only,355.62727833992915,0.3236842105263158,272620,"6 Boundary Street, Berowra, New South Wales, 2081",Berowra Tennis Centre,Chargefox,"{""charger_capacities"": ""75 kW"", ""charging_point_count"": 2.0, ""connector_types_normalized"": ""CCS"", ""data_provider"": ""Open Charge Map"", ""is_operational"": true, ""last_verified"": ""2023-07-15T09:11:00Z"", ""number_of_plugs"": null, ""operator"": ""Chargefox"", ""plug_types"": ""CCS (Type 2)"", ""power_kw_max"": 75.0, ""power_kw_min"": 75.0, ""power_kw_values"": [75.0], ""power_scope"": ""dc_indicated_connection_ratings"", ""status"": ""Operational"", ""usage_cost"": ""$0.60/kWh""}",True,1,1,,address evidence is inconsistent; candidate does not pass the automatic identity gate,,False,review,coordinate_only,351.8952368422161,0.0,https://www.openstreetmap.org/node/12167440484,,,Chargefox,"{""access_condition"": ""Free Access"", ""allows_card_payment"": false, ""allows_reservation"": false, ""charging_point_count"": null, ""charging_point_count_raw"": null, ""connector_types_normalized"": ""CCS"", ""data_provider"": ""OpenStreetMap"", ""is_free"": false, ""network"": """", ""number_of_plugs"": null, ""opening_hours"": """", ""power_kw_max"": null, ""power_kw_min"": null, ""power_scope"": ""station_reported_maximum"", ""pricing_info"": """"}",True,1,1,,candidate does not pass the automatic identity gate,,False,unmatched,unmatched,,,,,,,{},,0,0,,,,False,review,review,,,OCM;OSM,OCM: address evidence is inconsistent; candidate does not pass the automatic identity gate; OSM: candidate does not pass the automatic identity gate,,no,,{},{},0,[]
814,,,"Bryant Drive, Central Coast NSW 2259",Tesla,12,DC,130 kW,-33.31010015,151.4206827,Central Coast Council,2259,Existing Fast Chargers,0,0,0,0,12,0,0,0,0,0,0,0,0,0,0,0,0,0,0,0,0,0,0,0,0,0,0,0,0,0,0,0,0,0,0,0,0,0,0,0,Central Coast,102,2259,review,coordinate_only,127.2510121614661,0.654,128371,"Bryant Drive & Wyong Road, Tuggerah",Central Coast Supercharger [Tesla],Tesla (Tesla-only charging),"{""charger_capacities"": ""120 kW"", ""charging_point_count"": 6.0, ""connector_types_normalized"": ""CCS"", ""data_provider"": ""Open Charge Map"", ""is_operational"": true, ""last_verified"": ""2021-12-19T02:09:00Z"", ""number_of_plugs"": null, ""operator"": ""Tesla (Tesla-only charging)"", ""plug_types"": ""CCS (Type 2)"", ""power_kw_max"": 120.0, ""power_kw_min"": 120.0, ""power_kw_values"": [120.0], ""power_scope"": ""dc_indicated_connection_ratings"", ""status"": ""Operational"", ""usage_cost"": ""$0.52/kWh""}",True,1,1,,address evidence is inconsistent; candidate does not pass the automatic identity gate,,False,unmatched,unmatched,,,,,,,{},,0,0,,,,False,unmatched,unmatched,,,,,,,{},,0,0,,,,False,review,review,,,OCM,OCM: address evidence is inconsistent; candidate does not pass the automatic identity gate,,no,,{},{},0,"[{""binding"": ""same source address and OCM ID; search evidence only"", ""conclusion"": ""web_evidence_found_not_identity_proof"", ""file"": ""data/reference/web_review/task3_ocm_125_web_confidence.csv"", ""page_opened"": false, ""reported_confidence"": ""medium"", ""url"": ""https://www.tesla.com/findus/location/supercharger/centralcoastsupercharger""}]"
816,,,"Bunnerong Road, Sydney NSW 2036",Chargefox,2,DC,40 kW,-33.97296101,151.2365656,Randwick City Council,2036,Existing Fast Chargers,0,0,0,0,0,0,0,0,0,0,0,0,0,0,0,0,0,0,0,0,0,0,0,0,0,0,0,0,2,0,0,0,0,0,0,0,0,0,0,0,Sydney - Eastern Suburbs,118,2036,accepted,coordinate_only,86.9364466135011,0.8395348837209303,272619,"439 Bunnerong Road, Chifley, New South Wales, 2036",The Heffron Centre,Chargefox,"{""charger_capacities"": ""25 kW"", ""charging_point_count"": 8.0, ""connector_types_normalized"": ""CCS;CHAdeMO"", ""data_provider"": ""Open Charge Map"", ""is_operational"": true, ""last_verified"": ""2023-07-15T09:08:00Z"", ""number_of_plugs"": null, ""operator"": ""Chargefox"", ""plug_types"": ""CCS (Type 2); CHAdeMO"", ""power_kw_max"": 25.0, ""power_kw_min"": 25.0, ""power_kw_values"": [25.0], ""power_scope"": ""dc_indicated_connection_ratings"", ""status"": ""Operational"", ""usage_cost"": ""Free - $0.42/kWh""}",True,1,1,,,address evidence is inconsistent,False,unmatched,unmatched,,,,,,,{},,0,0,,,,False,unmatched,unmatched,,,,,,,{},,0,0,,,,False,accepted,accepted,OCM,OCM:272619,,,OCM: address evidence is inconsistent,yes,,"{""OCM::charger_capacities"": ""25 kW"", ""OCM::charging_point_count"": 8.0, ""OCM::connector_types_normalized"": ""CCS;CHAdeMO"", ""OCM::data_provider"": ""Open Charge Map"", ""OCM::is_operational"": true, ""OCM::last_verified"": ""2023-07-15T09:08:00Z"", ""OCM::operator"": ""Chargefox"", ""OCM::plug_types"": ""CCS (Type 2); CHAdeMO"", ""OCM::power_kw_max"": 25.0, ""OCM::power_kw_min"": 25.0, ""OCM::power_kw_values"": [25.0], ""OCM::power_scope"": ""dc_indicated_connection_ratings"", ""OCM::status"": ""Operational"", ""OCM::usage_cost"": ""Free - $0.42/kWh""}","{""OCM::connector_types_normalized"": ""CCS;CHAdeMO"", ""OCM::is_operational"": true, ""OCM::operator"": ""Chargefox"", ""OCM::plug_types"": ""CCS (Type 2); CHAdeMO"", ""OCM::power_kw_max"": 25.0, ""OCM::power_kw_min"": 25.0, ""OCM::power_scope"": ""dc_indicated_connection_ratings"", ""OCM::status"": ""Operational"", ""OCM::usage_cost"": ""Free - $0.42/kWh""}",5,[]
818,,,"Camden Valley Way &, Somerset Avenue, Narellan NSW 2567",Evie Networks,4,DC,150 kW,-34.0397301,150.7385139,Camden Council,2567,ARENA - Driving the Nation,0,0,0,0,0,0,0,4,0,0,0,0,0,0,0,0,0,0,0,0,0,0,0,0,0,0,0,0,0,0,0,0,0,0,0,0,0,0,0,0,Sydney - Outer South West,123,2022,unmatched,unmatched,,,,,,,{},,0,0,,,,True,review,coordinate_only,363.00083949899283,0.0,https://www.openstreetmap.org/node/11695236309,,,Evie Networks,"{""access_condition"": ""Free Access"", ""allows_card_payment"": false, ""allows_reservation"": false, ""charging_point_count"": null, ""charging_point_count_raw"": null, ""connector_types_normalized"": ""CCS;CHAdeMO"", ""data_provider"": ""OpenStreetMap"", ""is_free"": false, ""network"": """", ""number_of_plugs"": null, ""opening_hours"": """", ""power_kw_max"": null, ""power_kw_min"": null, ""power_scope"": ""station_reported_maximum"", ""pricing_info"": """"}",True,2,2,66.11182709638416,source address and original postcode conflict; candidate does not pass the automatic identity gate,,True,unmatched,unmatched,,,,,,,{},,0,0,,,,True,review,review,,,OSM,OSM: source address and original postcode conflict; candidate does not pass the automatic identity gate,,no,,{},{},0,"[{""binding"": ""source_address_only; external identity not verified"", ""conclusion"": """", ""file"": ""data/reference/web_review/task3_104_non_ocm_web_verified.csv"", ""page_opened"": false, ""reported_confidence"": ""medium"", ""url"": ""https://www.plugroo.com.au/nsw/lakesland""}]"
820,,,"Car Park Behind The Civic Centre, Orange NSW 2800",NRMA Electric,2,DC,50 kW,-33.28142647,149.1027898,Orange City Council,2800,Existing Fast Chargers,0,0,0,0,0,0,0,0,0,0,0,0,0,0,0,0,0,0,0,0,0,0,0,0,0,0,0,0,0,0,0,2,0,0,0,0,0,0,0,0,Central West,103,2800,accepted,coordinate_only,1.9078675137147802,0.2772727272727273,191954,"Orange Civic Theatre, Orange, New South Wales, 2800",Orange Civic Theatre,NRMA,"{""charger_capacities"": ""50 kW"", ""charging_point_count"": 1.0, ""connector_types_normalized"": ""CCS;CHAdeMO"", ""data_provider"": ""Open Charge Map"", ""is_operational"": true, ""last_verified"": ""2022-03-10T22:21:00Z"", ""number_of_plugs"": null, ""operator"": ""NRMA"", ""plug_types"": ""CCS (Type 2); CHAdeMO"", ""power_kw_max"": 50.0, ""power_kw_min"": 50.0, ""power_kw_values"": [50.0], ""power_scope"": ""dc_indicated_connection_ratings"", ""status"": ""Operational"", ""usage_cost"": ""FREE""}",True,1,1,,,address evidence is inconsistent,False,accepted,coordinate_only,4.195412401781044,0.0,https://www.openstreetmap.org/node/13833992860,,,NRMA,"{""access_condition"": ""Free Access"", ""allows_card_payment"": false, ""allows_reservation"": false, ""charging_point_count"": 2, ""charging_point_count_raw"": 2, ""connector_types_normalized"": ""CCS"", ""data_provider"": ""OpenStreetMap"", ""is_free"": false, ""network"": """", ""number_of_plugs"": null, ""opening_hours"": ""24/7"", ""power_kw_max"": null, ""power_kw_min"": null, ""power_scope"": ""station_reported_maximum"", ""pricing_info"": """"}",True,1,1,,,,False,unmatched,unmatched,,,,,,,{},,0,0,,,,False,accepted,accepted,OCM;OSM,OCM:191954;OSM:https://www.openstreetmap.org/node/13833992860,,,OCM: address evidence is inconsistent,yes,,"{""OCM::charger_capacities"": ""50 kW"", ""OCM::charging_point_count"": 1.0, ""OCM::connector_types_normalized"": ""CCS;CHAdeMO"", ""OCM::data_provider"": ""Open Charge Map"", ""OCM::is_operational"": true, ""OCM::last_verified"": ""2022-03-10T22:21:00Z"", ""OCM::operator"": ""NRMA"", ""OCM::plug_types"": ""CCS (Type 2); CHAdeMO"", ""OCM::power_kw_max"": 50.0, ""OCM::power_kw_min"": 50.0, ""OCM::power_kw_values"": [50.0], ""OCM::power_scope"": ""dc_indicated_connection_ratings"", ""OCM::status"": ""Operational"", ""OCM::usage_cost"": ""FREE"", ""OSM::access_condition"": ""Free Access"", ""OSM::allows_card_payment"": false, ""OSM::allows_reservation"": false, ""OSM::charging_point_count"": 2, ""OSM::charging_point_count_raw"": 2, ""OSM::connector_types_normalized"": ""CCS"", ""OSM::data_provider"": ""OpenStreetMap"", ""OSM::is_free"": false, ""OSM::opening_hours"": ""24/7"", ""OSM::power_scope"": ""station_reported_maximum""}","{""OCM::connector_types_normalized"": ""CCS;CHAdeMO"", ""OCM::is_operational"": true, ""OCM::operator"": ""NRMA"", ""OCM::plug_types"": ""CCS (Type 2); CHAdeMO"", ""OCM::power_kw_max"": 50.0, ""OCM::power_kw_min"": 50.0, ""OCM::power_scope"": ""dc_indicated_connection_ratings"", ""OCM::status"": ""Operational"", ""OCM::usage_cost"": ""FREE"", ""OSM::access_condition"": ""Free Access"", ""OSM::allows_card_payment"": false, ""OSM::allows_reservation"": false, ""OSM::connector_types_normalized"": ""CCS"", ""OSM::is_free"": false, ""OSM::opening_hours"": ""24/7"", ""OSM::power_scope"": ""station_reported_maximum""}",10,"[{""binding"": ""same source address and OCM ID; search evidence only"", ""conclusion"": ""web_evidence_found_not_identity_proof"", ""file"": ""data/reference/web_review/task3_ocm_125_web_confidence.csv"", ""page_opened"": true, ""reported_confidence"": ""high"", ""url"": ""https://ev-charging-stations.com.au/chargers/nsw/orange""}]"
821,,,"Car Park, 51 Evans Street (Victoria Park), Inverell NSW 2360",NRMA Electric,2,DC,75 kW,-35.1086448,147.3732036,Inverell Shire Council,2360,TfNSW Regional,0,0,0,0,0,0,0,0,0,0,0,0,0,0,0,0,0,0,0,0,0,0,0,0,0,0,0,0,0,0,0,0,0,0,0,2,0,0,0,0,Riverina,113,2650,review,coordinate_only,57.255774185141654,0.33653846153846156,190500,"8 Cross Street, Wagga Wagga, NSW",Cross Street Carpark [NRMA],NRMA,"{""charger_capacities"": ""50 kW"", ""charging_point_count"": 1.0, ""connector_types_normalized"": ""CCS;CHAdeMO"", ""data_provider"": ""Open Charge Map"", ""is_operational"": true, ""last_verified"": ""2024-11-12T12:09:00Z"", ""number_of_plugs"": null, ""operator"": ""NRMA"", ""plug_types"": ""CCS (Type 2); CHAdeMO"", ""power_kw_max"": 50.0, ""power_kw_min"": 50.0, ""power_kw_values"": [50.0], ""power_scope"": ""dc_indicated_connection_ratings"", ""status"": ""Operational"", ""usage_cost"": ""$0.66/KWh""}",True,1,1,,source address and original postcode conflict; external postcode conflicts with source; house numbers conflict; address evidence is inconsistent; candidate does not pass the automatic identity gate,,True,review,coordinate_only,47.2713723102401,0.0,https://www.openstreetmap.org/node/7932870081,,,NRMA,"{""access_condition"": ""Free Access"", ""allows_card_payment"": false, ""allows_reservation"": false, ""charging_point_count"": 2, ""charging_point_count_raw"": 2, ""connector_types_normalized"": ""CCS;CHAdeMO"", ""data_provider"": ""OpenStreetMap"", ""is_free"": false, ""network"": """", ""number_of_plugs"": null, ""opening_hours"": """", ""power_kw_max"": null, ""power_kw_min"": null, ""power_scope"": ""station_reported_maximum"", ""pricing_info"": """"}",True,1,1,,source address and original postcode conflict; candidate does not pass the automatic identity gate,,True,unmatched,unmatched,,,,,,,{},,0,0,,,,True,review,review,,,OCM;OSM,OCM: source address and original postcode conflict; external postcode conflicts with source; house numbers conflict; address evidence is inconsistent; candidate does not pass the automatic identity gate; OSM: source address and original postcode conflict; candidate does not pass the automatic identity gate,,no,,{},{},0,"[{""binding"": ""same source address and OCM ID; search evidence only"", ""conclusion"": ""web_evidence_found_not_identity_proof"", ""file"": ""data/reference/web_review/task3_ocm_125_web_confidence.csv"", ""page_opened"": false, ""reported_confidence"": ""medium"", ""url"": ""https://inverell.nsw.gov.au/wp-content/uploads/2022/03/OrdinaryBusinessPaper_23March2022.pdf""}]"
822,,,"Car Park, Little Hoskins Street, Temora NSW 2666",NRMA Electric,2,DC,50 kW,-30.9827002,151.5928644,Temora Shire Council,2666,TfNSW Regional,0,0,0,0,0,0,0,0,0,0,0,0,0,0,0,0,0,0,0,0,0,0,0,0,0,0,0,0,0,0,0,2,0,0,0,0,0,0,0,0,New England and North West,110,2354,review,coordinate_only,48.060710194755565,0.27946298984034834,480135,"10W Apsley Street, Walcha, NSW, 2354",NRMA EV Charger Walcha,NRMA,"{""charger_capacities"": """", ""charging_point_count"": 2.0, ""connector_types_normalized"": ""CCS;CHAdeMO"", ""data_provider"": ""Open Charge Map"", ""is_operational"": true, ""last_verified"": ""2026-03-15T08:37:00Z"", ""number_of_plugs"": null, ""operator"": ""NRMA"", ""plug_types"": ""CCS (Type 2); CHAdeMO"", ""power_kw_max"": null, ""power_kw_min"": null, ""power_kw_values"": [], ""power_scope"": ""dc_indicated_connection_ratings"", ""status"": ""Operational"", ""usage_cost"": """"}",True,2,1,,source address and original postcode conflict; external postcode conflicts with source; address evidence is inconsistent; candidate does not pass the automatic identity gate,,True,unmatched,unmatched,,,,,,,{},,0,0,,,,True,unmatched,unmatched,,,,,,,{},,0,0,,,,True,review,review,,,OCM,OCM: source address and original postcode conflict; external postcode conflicts with source; address evidence is inconsistent; candidate does not pass the automatic identity gate,,no,,{},{},0,"[{""binding"": ""same source address and OCM ID; search evidence only"", ""conclusion"": ""web_evidence_found_not_identity_proof"", ""file"": ""data/reference/web_review/task3_ocm_125_web_confidence.csv"", ""page_opened"": false, ""reported_confidence"": ""low"", ""url"": ""https://ev-charging.rollersoft.com.au/state/act""}]"
824,,,"Castlereagh Road, Sydney NSW 2750",Ampol,2,DC,150 kW,-33.74298103,150.69296,Penrith City Council,2750,Existing Fast Chargers,0,0,0,0,0,0,0,2,0,0,0,0,0,0,0,0,0,0,0,0,0,0,0,0,0,0,0,0,0,0,0,0,0,0,0,0,0,0,0,0,Sydney - Outer West and Blue Mountains,124,2750,accepted,coordinate_only,5.8610060751441235,0.3798449612403101,274056,"153 Coreen Ave, Penrith, NSW, 2750",Ampol Foodary Penrith,Ampol AmpCharge,"{""charger_capacities"": ""100 kW; 180 kW"", ""charging_point_count"": 1.0, ""connector_types_normalized"": ""CCS;CHAdeMO"", ""data_provider"": ""Open Charge Map"", ""is_operational"": true, ""last_verified"": ""2023-08-31T09:47:00Z"", ""number_of_plugs"": null, ""operator"": ""Ampol AmpCharge"", ""plug_types"": ""CCS (Type 2); CHAdeMO"", ""power_kw_max"": 180.0, ""power_kw_min"": 100.0, ""power_kw_values"": [100.0, 180.0], ""power_scope"": ""dc_indicated_connection_ratings"", ""status"": ""Operational"", ""usage_cost"": ""$0.69/kWh for pay-as-you-go charging.""}",True,1,1,,,address evidence is inconsistent,False,accepted,coordinate_only,1.8142836888399163,0.0,https://www.openstreetmap.org/node/10924895189,,,AmpCharge,"{""access_condition"": ""Free Access"", ""allows_card_payment"": false, ""allows_reservation"": false, ""charging_point_count"": 2, ""charging_point_count_raw"": 2, ""connector_types_normalized"": ""CCS;CHAdeMO"", ""data_provider"": ""OpenStreetMap"", ""is_free"": false, ""network"": """", ""number_of_plugs"": null, ""opening_hours"": """", ""power_kw_max"": null, ""power_kw_min"": null, ""power_scope"": ""station_reported_maximum"", ""pricing_info"": """"}",True,2,2,88.77415661885006,,,False,unmatched,unmatched,,,,,,,{},,0,0,,,,False,accepted,accepted,OCM;OSM,OCM:274056;OSM:https://www.openstreetmap.org/node/10924895189,,,OCM: address evidence is inconsistent; OCM:274056 is linked to multiple TfNSW rows; OSM:https://www.openstreetmap.org/node/10924895189 is linked to multiple TfNSW rows,yes,,"{""OCM::charger_capacities"": ""100 kW; 180 kW"", ""OCM::charging_point_count"": 1.0, ""OCM::connector_types_normalized"": ""CCS;CHAdeMO"", ""OCM::data_provider"": ""Open Charge Map"", ""OCM::is_operational"": true, ""OCM::last_verified"": ""2023-08-31T09:47:00Z"", ""OCM::operator"": ""Ampol AmpCharge"", ""OCM::plug_types"": ""CCS (Type 2); CHAdeMO"", ""OCM::power_kw_max"": 180.0, ""OCM::power_kw_min"": 100.0, ""OCM::power_kw_values"": [100.0, 180.0], ""OCM::power_scope"": ""dc_indicated_connection_ratings"", ""OCM::status"": ""Operational"", ""OCM::usage_cost"": ""$0.69/kWh for pay-as-you-go charging."", ""OSM::access_condition"": ""Free Access"", ""OSM::allows_card_payment"": false, ""OSM::allows_reservation"": false, ""OSM::charging_point_count"": 2, ""OSM::charging_point_count_raw"": 2, ""OSM::connector_types_normalized"": ""CCS;CHAdeMO"", ""OSM::data_provider"": ""OpenStreetMap"", ""OSM::is_free"": false, ""OSM::power_scope"": ""station_reported_maximum""}","{""OCM::connector_types_normalized"": ""CCS;CHAdeMO"", ""OCM::is_operational"": true, ""OCM::operator"": ""Ampol AmpCharge"", ""OCM::plug_types"": ""CCS (Type 2); CHAdeMO"", ""OCM::power_kw_max"": 180.0, ""OCM::power_kw_min"": 100.0, ""OCM::power_scope"": ""dc_indicated_connection_ratings"", ""OCM::status"": ""Operational"", ""OCM::usage_cost"": ""$0.69/kWh for pay-as-you-go charging."", ""OSM::access_condition"": ""Free Access"", ""OSM::allows_card_payment"": false, ""OSM::allows_reservation"": false, ""OSM::connector_types_normalized"": ""CCS;CHAdeMO"", ""OSM::is_free"": false, ""OSM::power_scope"": ""station_reported_maximum""}",9,"[{""binding"": ""same source address and OCM ID; search evidence only"", ""conclusion"": ""web_evidence_found_not_identity_proof"", ""file"": ""data/reference/web_review/task3_ocm_125_web_confidence.csv"", ""page_opened"": false, ""reported_confidence"": ""medium"", ""url"": ""https://www.chargeroute.au/chargers/nsw/ampol-sydney-sydney-5""}]"
825,,,"Central Avenue 2, Sydney NSW 2015",Ampol,6,DC,150 kW,-33.89561066,151.1961411,"Sydney, Council of the City of",2015,Existing Fast Chargers,0,0,0,0,0,0,0,6,0,0,0,0,0,0,0,0,0,0,0,0,0,0,0,0,0,0,0,0,0,0,0,0,0,0,0,0,0,0,0,0,Sydney - City and Inner South,117,2015,accepted,coordinate_only,30.54219752584265,0.8238095238095239,272614,"2 Central Avenue, Eveleigh, New South Wales, 2015",Mirvac South Eveleigh,Chargefox,"{""charger_capacities"": ""22 kW; 50 kW"", ""charging_point_count"": 4.0, ""connector_types_normalized"": ""CCS;CHAdeMO;Type2"", ""data_provider"": ""Open Charge Map"", ""is_operational"": true, ""last_verified"": ""2023-07-15T07:56:00Z"", ""number_of_plugs"": null, ""operator"": ""Chargefox"", ""plug_types"": ""CCS (Type 2); CHAdeMO; Type 2 (Socket Only)"", ""power_kw_max"": 50.0, ""power_kw_min"": 22.0, ""power_kw_values"": [22.0, 50.0], ""power_scope"": ""dc_indicated_connection_ratings"", ""status"": ""Operational"", ""usage_cost"": ""Free""}",True,1,1,,,address evidence is inconsistent,False,unmatched,unmatched,,,,,,,{},,0,0,,,,False,unmatched,unmatched,,,,,,,{},,0,0,,,,False,accepted,accepted,OCM,OCM:272614,,,OCM: address evidence is inconsistent,yes,,"{""OCM::charger_capacities"": ""22 kW; 50 kW"", ""OCM::charging_point_count"": 4.0, ""OCM::connector_types_normalized"": ""CCS;CHAdeMO;Type2"", ""OCM::data_provider"": ""Open Charge Map"", ""OCM::is_operational"": true, ""OCM::last_verified"": ""2023-07-15T07:56:00Z"", ""OCM::operator"": ""Chargefox"", ""OCM::plug_types"": ""CCS (Type 2); CHAdeMO; Type 2 (Socket Only)"", ""OCM::power_kw_max"": 50.0, ""OCM::power_kw_min"": 22.0, ""OCM::power_kw_values"": [22.0, 50.0], ""OCM::power_scope"": ""dc_indicated_connection_ratings"", ""OCM::status"": ""Operational"", ""OCM::usage_cost"": ""Free""}","{""OCM::connector_types_normalized"": ""CCS;CHAdeMO;Type2"", ""OCM::is_operational"": true, ""OCM::operator"": ""Chargefox"", ""OCM::plug_types"": ""CCS (Type 2); CHAdeMO; Type 2 (Socket Only)"", ""OCM::power_kw_max"": 50.0, ""OCM::power_kw_min"": 22.0, ""OCM::power_scope"": ""dc_indicated_connection_ratings"", ""OCM::status"": ""Operational"", ""OCM::usage_cost"": ""Free""}",5,[]
831,,,"Cnr Dunheved Road & Henry Lawson Drive, Werrington NSW 2747",Ampol,2,DC,125 kW,-33.7463077,150.7413197,Penrith City Council,2747,ARENA - Driving the Nation,0,0,0,2,0,0,0,0,0,0,0,0,0,0,0,0,0,0,0,0,0,0,0,0,0,0,0,0,0,0,0,0,0,0,0,0,0,0,0,0,Sydney - Outer West and Blue Mountains,124,2747,unmatched,unmatched,,,,,,,{},,0,0,,,,False,accepted,coordinate_only,97.43355842632145,0.0,https://www.openstreetmap.org/node/11425340896,,,AmpCharge,"{""access_condition"": ""Free Access"", ""allows_card_payment"": false, ""allows_reservation"": false, ""charging_point_count"": 2, ""charging_point_count_raw"": 2, ""connector_types_normalized"": ""CCS;CHAdeMO"", ""data_provider"": ""OpenStreetMap"", ""is_free"": false, ""network"": """", ""number_of_plugs"": null, ""opening_hours"": """", ""power_kw_max"": null, ""power_kw_min"": null, ""power_scope"": ""station_reported_maximum"", ""pricing_info"": """"}",True,1,1,,,,False,unmatched,unmatched,,,,,,,{},,0,0,,,,False,accepted,accepted,OSM,OSM:https://www.openstreetmap.org/node/11425340896,,,,no,,"{""OSM::access_condition"": ""Free Access"", ""OSM::allows_card_payment"": false, ""OSM::allows_reservation"": false, ""OSM::charging_point_count"": 2, ""OSM::charging_point_count_raw"": 2, ""OSM::connector_types_normalized"": ""CCS;CHAdeMO"", ""OSM::data_provider"": ""OpenStreetMap"", ""OSM::is_free"": false, ""OSM::power_scope"": ""station_reported_maximum""}","{""OSM::access_condition"": ""Free Access"", ""OSM::allows_card_payment"": false, ""OSM::allows_reservation"": false, ""OSM::connector_types_normalized"": ""CCS;CHAdeMO"", ""OSM::is_free"": false, ""OSM::power_scope"": ""station_reported_maximum""}",5,"[{""binding"": ""source_address_only; external identity not verified"", ""conclusion"": """", ""file"": ""data/reference/web_review/task3_104_non_ocm_web_verified.csv"", ""page_opened"": true, ""reported_confidence"": ""high"", ""url"": ""https://petrolmate.ai/fuel/e10/city/sydney""}]"
832,,,"Cnr Elara Bvd &, Northbourne Drive, Sydney NSW 2765",Evie Networks,4,DC,150 kW,-33.69514919,150.8213664,Blacktown City Council,2765,Existing Fast Chargers,0,0,0,0,0,0,0,4,0,0,0,0,0,0,0,0,0,0,0,0,0,0,0,0,0,0,0,0,0,0,0,0,0,0,0,0,0,0,0,0,Sydney - Blacktown,116,2765,unmatched,unmatched,,,,,,,{},,0,0,,,,False,unmatched,unmatched,,,,,,,{},,0,0,,,,False,unmatched,unmatched,,,,,,,{},,0,0,,,,False,unmatched,unmatched,,,,,,no,,{},{},0,[]
833,,,"Cnr Herring & Waterloo Road, North Ryde NSW 2113",Evie Networks,4,DC,50 kW,-33.776893,151.122247,"Ryde, Council of the City of",2113,ARENA - Driving the Nation,0,0,0,0,0,0,0,0,0,0,0,0,0,0,0,0,0,0,0,0,0,0,0,0,0,0,0,0,0,0,0,4,0,0,0,0,0,0,0,0,Sydney - Ryde,126,2113,review,coordinate_only,109.2387655096549,0.2142857142857143,150032,"Macquarie Supercharger, 2113",Macquarie Supercharger,Tesla (Tesla-only charging),"{""charger_capacities"": ""150 kW"", ""charging_point_count"": 10.0, ""connector_types_normalized"": ""CCS"", ""data_provider"": ""Open Charge Map"", ""is_operational"": true, ""last_verified"": ""2021-11-16T10:07:00Z"", ""number_of_plugs"": null, ""operator"": ""Tesla (Tesla-only charging)"", ""plug_types"": ""CCS (Type 2)"", ""power_kw_max"": 150.0, ""power_kw_min"": 150.0, ""power_kw_values"": [150.0], ""power_scope"": ""dc_indicated_connection_ratings"", ""status"": ""Operational"", ""usage_cost"": ""AUD 0.42/kWh;other tariffs for older cars""}",True,2,2,63.38944557085462,address evidence is inconsistent; candidate does not pass the automatic identity gate,,False,review,coordinate_only,196.98892852457445,0.0,https://www.openstreetmap.org/node/9536966801,,,Evie Networks,"{""access_condition"": ""Free Access"", ""allows_card_payment"": false, ""allows_reservation"": false, ""charging_point_count"": 4, ""charging_point_count_raw"": 4, ""connector_types_normalized"": ""CCS"", ""data_provider"": ""OpenStreetMap"", ""is_free"": false, ""network"": """", ""number_of_plugs"": null, ""opening_hours"": """", ""power_kw_max"": null, ""power_kw_min"": null, ""power_scope"": ""station_reported_maximum"", ""pricing_info"": """"}",True,1,1,,candidate does not pass the automatic identity gate,,False,unmatched,unmatched,,,,,,,{},,0,0,,,,False,review,review,,,OCM;OSM,OCM: address evidence is inconsistent; candidate does not pass the automatic identity gate; OSM: candidate does not pass the automatic identity gate,,no,,{},{},0,[]
834,,,"Cnr Herring Road & Waterloo Road, Sydney NSW 2113",Tesla,20,DC,130 kW,-33.77721726,151.1208809,"Ryde, Council of the City of",2113,Existing Fast Chargers,0,0,0,0,20,0,0,0,0,0,0,0,0,0,0,0,0,0,0,0,0,0,0,0,0,0,0,0,0,0,0,0,0,0,0,0,0,0,0,0,Sydney - Ryde,126,2113,accepted,coordinate_and_fuzzy_address,48.60120240410916,0.8714285714285716,272627,"Cnr Herring Rd & Waterloo Rd, North Ryde, NSW, 2113",Macquarie Centre,Evie,"{""charger_capacities"": ""50 kW"", ""charging_point_count"": 2.0, ""connector_types_normalized"": ""CCS;CHAdeMO"", ""data_provider"": ""Open Charge Map"", ""is_operational"": true, ""last_verified"": ""2026-03-05T06:26:00Z"", ""number_of_plugs"": null, ""operator"": ""Evie"", ""plug_types"": ""CCS (Type 2); CHAdeMO"", ""power_kw_max"": 50.0, ""power_kw_min"": 50.0, ""power_kw_values"": [50.0], ""power_scope"": ""dc_indicated_connection_ratings"", ""status"": ""Operational"", ""usage_cost"": """"}",True,2,2,135.21071090760876,,address evidence is street-level only,False,accepted,coordinate_only,97.96744659817362,0.0,https://www.openstreetmap.org/node/9536966801,,,Evie Networks,"{""access_condition"": ""Free Access"", ""allows_card_payment"": false, ""allows_reservation"": false, ""charging_point_count"": 4, ""charging_point_count_raw"": 4, ""connector_types_normalized"": ""CCS"", ""data_provider"": ""OpenStreetMap"", ""is_free"": false, ""network"": """", ""number_of_plugs"": null, ""opening_hours"": """", ""power_kw_max"": null, ""power_kw_min"": null, ""power_scope"": ""station_reported_maximum"", ""pricing_info"": """"}",True,1,1,,,,False,unmatched,unmatched,,,,,,,{},,0,0,,,,False,accepted,accepted,OCM;OSM,OCM:272627;OSM:https://www.openstreetmap.org/node/9536966801,,,OCM: address evidence is street-level only,yes,,"{""OCM::charger_capacities"": ""50 kW"", ""OCM::charging_point_count"": 2.0, ""OCM::connector_types_normalized"": ""CCS;CHAdeMO"", ""OCM::data_provider"": ""Open Charge Map"", ""OCM::is_operational"": true, ""OCM::last_verified"": ""2026-03-05T06:26:00Z"", ""OCM::operator"": ""Evie"", ""OCM::plug_types"": ""CCS (Type 2); CHAdeMO"", ""OCM::power_kw_max"": 50.0, ""OCM::power_kw_min"": 50.0, ""OCM::power_kw_values"": [50.0], ""OCM::power_scope"": ""dc_indicated_connection_ratings"", ""OCM::status"": ""Operational"", ""OSM::access_condition"": ""Free Access"", ""OSM::allows_card_payment"": false, ""OSM::allows_reservation"": false, ""OSM::charging_point_count"": 4, ""OSM::charging_point_count_raw"": 4, ""OSM::connector_types_normalized"": ""CCS"", ""OSM::data_provider"": ""OpenStreetMap"", ""OSM::is_free"": false, ""OSM::power_scope"": ""station_reported_maximum""}","{""OCM::connector_types_normalized"": ""CCS;CHAdeMO"", ""OCM::is_operational"": true, ""OCM::operator"": ""Evie"", ""OCM::plug_types"": ""CCS (Type 2); CHAdeMO"", ""OCM::power_kw_max"": 50.0, ""OCM::power_kw_min"": 50.0, ""OCM::power_scope"": ""dc_indicated_connection_ratings"", ""OCM::status"": ""Operational"", ""OSM::access_condition"": ""Free Access"", ""OSM::allows_card_payment"": false, ""OSM::allows_reservation"": false, ""OSM::connector_types_normalized"": ""CCS"", ""OSM::is_free"": false, ""OSM::power_scope"": ""station_reported_maximum""}",8,[]
835,,,"Cnr Miller & Amherst Street, Cammeray NSW 2062",Evie Networks,4,DC,75 kW,-33.82301829,151.2093468,North Sydney Council,2062,ARENA - Driving the Nation,0,0,0,0,0,0,0,0,0,0,0,0,0,0,0,0,0,0,0,0,0,0,0,0,0,0,0,0,0,0,0,0,0,0,0,4,0,0,0,0,Sydney - North Sydney and Hornsby,121,2062,unmatched,unmatched,,,,,,,{},,0,0,,,,False,unmatched,unmatched,,,,,,,{},,0,0,,,,False,unmatched,unmatched,,,,,,,{},,0,0,,,,False,unmatched,unmatched,,,,,,no,,{},{},0,[]
836,,,"Cnr Trafalgar Street & Pembroke Street, Sydney NSW 2024",Chargefox,2,DC,50 kW,-33.90722527,151.2647708,Waverley Council,2024,Existing Fast Chargers,0,0,0,0,0,0,0,0,0,0,0,0,0,0,0,0,0,0,0,0,0,0,0,0,0,0,0,0,0,0,0,2,0,0,0,0,0,0,0,0,Sydney - Eastern Suburbs,118,2024,unmatched,unmatched,,,,,,,{},,0,0,,,,False,unmatched,unmatched,,,,,,,{},,0,0,,,,False,unmatched,unmatched,,,,,,,{},,0,0,,,,False,unmatched,unmatched,,,,,,no,,{},{},0,[]
838,,,"Corner Of Snowy River Avenue And Kalkite Street, Jindabyne NSW 2627",NRMA Electric,4,DC,50 kW,-36.415952,148.6198038,Snowy Monaro Regional Council,2627,Existing Fast Chargers,0,0,0,0,0,0,0,0,0,0,0,0,0,0,0,0,0,0,0,0,0,0,0,0,0,0,0,0,0,0,0,4,0,0,0,0,0,0,0,0,Capital Region,101,2627,accepted,coordinate_only,6.239851706502632,0.7850649350649351,190861,"3 Snowy River Ave, Jindabyne, NSW, 2627",Snowy River Ave Car Park,NRMA,"{""charger_capacities"": ""50 kW"", ""charging_point_count"": 2.0, ""connector_types_normalized"": ""CCS;CHAdeMO"", ""data_provider"": ""Open Charge Map"", ""is_operational"": true, ""last_verified"": ""2026-07-15T01:28:00Z"", ""number_of_plugs"": null, ""operator"": ""NRMA"", ""plug_types"": ""CCS (Type 2); CHAdeMO"", ""power_kw_max"": 50.0, ""power_kw_min"": 50.0, ""power_kw_values"": [50.0], ""power_scope"": ""dc_indicated_connection_ratings"", ""status"": ""Operational"", ""usage_cost"": ""$0.64/kWh""}",True,1,1,,,address evidence is inconsistent,False,accepted,coordinate_only,12.561124823813758,0.0,https://www.openstreetmap.org/node/6460781765,,,NRMA,"{""access_condition"": ""Restricted Access"", ""allows_card_payment"": true, ""allows_reservation"": false, ""charging_point_count"": 2, ""charging_point_count_raw"": 2, ""connector_types_normalized"": ""CCS"", ""data_provider"": ""OpenStreetMap"", ""is_free"": false, ""network"": """", ""number_of_plugs"": null, ""opening_hours"": """", ""power_kw_max"": null, ""power_kw_min"": null, ""power_scope"": ""station_reported_maximum"", ""pricing_info"": """"}",True,3,3,198.80571910338165,,,False,unmatched,unmatched,,,,,,,{},,0,0,,,,False,accepted,accepted,OCM;OSM,OCM:190861;OSM:https://www.openstreetmap.org/node/6460781765,,,OCM: address evidence is inconsistent,yes,,"{""OCM::charger_capacities"": ""50 kW"", ""OCM::charging_point_count"": 2.0, ""OCM::connector_types_normalized"": ""CCS;CHAdeMO"", ""OCM::data_provider"": ""Open Charge Map"", ""OCM::is_operational"": true, ""OCM::last_verified"": ""2026-07-15T01:28:00Z"", ""OCM::operator"": ""NRMA"", ""OCM::plug_types"": ""CCS (Type 2); CHAdeMO"", ""OCM::power_kw_max"": 50.0, ""OCM::power_kw_min"": 50.0, ""OCM::power_kw_values"": [50.0], ""OCM::power_scope"": ""dc_indicated_connection_ratings"", ""OCM::status"": ""Operational"", ""OCM::usage_cost"": ""$0.64/kWh"", ""OSM::access_condition"": ""Restricted Access"", ""OSM::allows_card_payment"": true, ""OSM::allows_reservation"": false, ""OSM::charging_point_count"": 2, ""OSM::charging_point_count_raw"": 2, ""OSM::connector_types_normalized"": ""CCS"", ""OSM::data_provider"": ""OpenStreetMap"", ""OSM::is_free"": false, ""OSM::power_scope"": ""station_reported_maximum""}","{""OCM::connector_types_normalized"": ""CCS;CHAdeMO"", ""OCM::is_operational"": true, ""OCM::operator"": ""NRMA"", ""OCM::plug_types"": ""CCS (Type 2); CHAdeMO"", ""OCM::power_kw_max"": 50.0, ""OCM::power_kw_min"": 50.0, ""OCM::power_scope"": ""dc_indicated_connection_ratings"", ""OCM::status"": ""Operational"", ""OCM::usage_cost"": ""$0.64/kWh"", ""OSM::access_condition"": ""Restricted Access"", ""OSM::allows_card_payment"": true, ""OSM::allows_reservation"": false, ""OSM::connector_types_normalized"": ""CCS"", ""OSM::is_free"": false, ""OSM::power_scope"": ""station_reported_maximum""}",9,"[{""binding"": ""same source address and OCM ID; search evidence only"", ""conclusion"": ""web_evidence_found_not_identity_proof"", ""file"": ""data/reference/web_review/task3_ocm_125_web_confidence.csv"", ""page_opened"": false, ""reported_confidence"": ""medium"", ""url"": ""https://www.chargeroute.au/chargers/nsw/nrma-jindabyne-jindabyne""}]"
840,,,"Cronulla Railway Station, Tonkin Street, Cronulla, Cronulla Street, New South Wales NSW 2230",JOLT,1,DC,25 kW,-34.05771,151.151975,Sutherland Shire Council,2230,TfNSW Commuter Car Parks,0,0,0,0,0,0,0,0,0,0,0,0,0,0,0,0,0,0,0,0,0,0,1,0,0,0,0,0,0,0,0,0,0,0,0,0,0,0,0,0,Sydney - Sutherland,128,2230,unmatched,unmatched,,,,,,,{},,0,0,,,,False,unmatched,unmatched,,,,,,,{},,0,0,,,,False,unmatched,unmatched,,,,,,,{},,0,0,,,,False,unmatched,unmatched,,,,,,no,,{},{},0,[]
842,,,"Dalton Street, Parkes NSW 2870",NRMA Electric,2,DC,75 kW,-33.13720725,148.1726176,Parkes Shire Council,2870,Existing Fast Chargers,0,0,0,0,0,0,0,0,0,0,0,0,0,0,0,0,0,0,0,0,0,0,0,0,0,0,0,0,0,0,0,0,0,0,0,2,0,0,0,0,Central West,103,2870,accepted,coordinate_only,23.084663510486678,0.6283681214421253,191956,"Bogan Street, Parkes, New South Wales, 2870",NRMA Parkes,NRMA,"{""charger_capacities"": ""50 kW"", ""charging_point_count"": 1.0, ""connector_types_normalized"": ""CCS;CHAdeMO"", ""data_provider"": ""Open Charge Map"", ""is_operational"": true, ""last_verified"": ""2022-03-10T22:21:00Z"", ""number_of_plugs"": null, ""operator"": ""NRMA"", ""plug_types"": ""CCS (Type 2); CHAdeMO"", ""power_kw_max"": 50.0, ""power_kw_min"": 50.0, ""power_kw_values"": [50.0], ""power_scope"": ""dc_indicated_connection_ratings"", ""status"": ""Operational"", ""usage_cost"": ""FREE""}",True,1,1,,,address evidence is inconsistent,False,accepted,coordinate_only,35.351211444484306,0.0,https://www.openstreetmap.org/node/6460800322,,,NRMA,"{""access_condition"": ""Free Access"", ""allows_card_payment"": false, ""allows_reservation"": false, ""charging_point_count"": 4, ""charging_point_count_raw"": 4, ""connector_types_normalized"": ""CCS;CHAdeMO"", ""data_provider"": ""OpenStreetMap"", ""is_free"": false, ""network"": """", ""number_of_plugs"": null, ""opening_hours"": """", ""power_kw_max"": null, ""power_kw_min"": null, ""power_scope"": ""station_reported_maximum"", ""pricing_info"": """"}",True,2,2,429.7276741012265,,,False,unmatched,unmatched,,,,,,,{},,0,0,,,,False,accepted,accepted,OCM;OSM,OCM:191956;OSM:https://www.openstreetmap.org/node/6460800322,,,OCM: address evidence is inconsistent,yes,,"{""OCM::charger_capacities"": ""50 kW"", ""OCM::charging_point_count"": 1.0, ""OCM::connector_types_normalized"": ""CCS;CHAdeMO"", ""OCM::data_provider"": ""Open Charge Map"", ""OCM::is_operational"": true, ""OCM::last_verified"": ""2022-03-10T22:21:00Z"", ""OCM::operator"": ""NRMA"", ""OCM::plug_types"": ""CCS (Type 2); CHAdeMO"", ""OCM::power_kw_max"": 50.0, ""OCM::power_kw_min"": 50.0, ""OCM::power_kw_values"": [50.0], ""OCM::power_scope"": ""dc_indicated_connection_ratings"", ""OCM::status"": ""Operational"", ""OCM::usage_cost"": ""FREE"", ""OSM::access_condition"": ""Free Access"", ""OSM::allows_card_payment"": false, ""OSM::allows_reservation"": false, ""OSM::charging_point_count"": 4, ""OSM::charging_point_count_raw"": 4, ""OSM::connector_types_normalized"": ""CCS;CHAdeMO"", ""OSM::data_provider"": ""OpenStreetMap"", ""OSM::is_free"": false, ""OSM::power_scope"": ""station_reported_maximum""}","{""OCM::connector_types_normalized"": ""CCS;CHAdeMO"", ""OCM::is_operational"": true, ""OCM::operator"": ""NRMA"", ""OCM::plug_types"": ""CCS (Type 2); CHAdeMO"", ""OCM::power_kw_max"": 50.0, ""OCM::power_kw_min"": 50.0, ""OCM::power_scope"": ""dc_indicated_connection_ratings"", ""OCM::status"": ""Operational"", ""OCM::usage_cost"": ""FREE"", ""OSM::access_condition"": ""Free Access"", ""OSM::allows_card_payment"": false, ""OSM::allows_reservation"": false, ""OSM::connector_types_normalized"": ""CCS;CHAdeMO"", ""OSM::is_free"": false, ""OSM::power_scope"": ""station_reported_maximum""}",9,"[{""binding"": ""same source address and OCM ID; search evidence only"", ""conclusion"": ""web_evidence_found_not_identity_proof"", ""file"": ""data/reference/web_review/task3_ocm_125_web_confidence.csv"", ""page_opened"": true, ""reported_confidence"": ""high"", ""url"": ""https://www.parkes.nsw.gov.au/files/assets/public/v/1/community/your-say/ev-chargers-mampd/nswhwy015-scp-s1-2-%5Brev-a%5D.pdf""}]"
849,,,"Dorhauer Lane, Sydney NSW 2025",Evie Networks,2,DC,75 kW,-33.88851356,151.2376316,Woollahra Municipal Council,2025,Existing Fast Chargers,0,0,0,0,0,0,0,0,0,0,0,0,0,0,0,0,0,0,0,0,0,0,0,0,0,0,0,0,0,0,0,0,0,0,0,2,0,0,0,0,Sydney - Eastern Suburbs,118,2025,accepted,coordinate_only,5.468433734131275,0.8230769230769232,272689,"Dorhauer Lane, Woollahra, NSW, 2025",Dorhauer Lane,Evie,"{""charger_capacities"": ""50 kW"", ""charging_point_count"": 1.0, ""connector_types_normalized"": ""CCS;CHAdeMO"", ""data_provider"": ""Open Charge Map"", ""is_operational"": true, ""last_verified"": ""2023-07-16T22:09:00Z"", ""number_of_plugs"": null, ""operator"": ""Evie"", ""plug_types"": ""CCS (Type 2); CHAdeMO"", ""power_kw_max"": 50.0, ""power_kw_min"": 50.0, ""power_kw_values"": [50.0], ""power_scope"": ""dc_indicated_connection_ratings"", ""status"": ""Operational"", ""usage_cost"": """"}",True,1,1,,,address evidence is inconsistent,False,unmatched,unmatched,,,,,,,{},,0,0,,,,False,unmatched,unmatched,,,,,,,{},,0,0,,,,False,accepted,accepted,OCM,OCM:272689,,,OCM: address evidence is inconsistent,yes,,"{""OCM::charger_capacities"": ""50 kW"", ""OCM::charging_point_count"": 1.0, ""OCM::connector_types_normalized"": ""CCS;CHAdeMO"", ""OCM::data_provider"": ""Open Charge Map"", ""OCM::is_operational"": true, ""OCM::last_verified"": ""2023-07-16T22:09:00Z"", ""OCM::operator"": ""Evie"", ""OCM::plug_types"": ""CCS (Type 2); CHAdeMO"", ""OCM::power_kw_max"": 50.0, ""OCM::power_kw_min"": 50.0, ""OCM::power_kw_values"": [50.0], ""OCM::power_scope"": ""dc_indicated_connection_ratings"", ""OCM::status"": ""Operational""}","{""OCM::connector_types_normalized"": ""CCS;CHAdeMO"", ""OCM::is_operational"": true, ""OCM::operator"": ""Evie"", ""OCM::plug_types"": ""CCS (Type 2); CHAdeMO"", ""OCM::power_kw_max"": 50.0, ""OCM::power_kw_min"": 50.0, ""OCM::power_scope"": ""dc_indicated_connection_ratings"", ""OCM::status"": ""Operational""}",4,[]
851,,,"Eskbank Street, Lithgow NSW 2790",NRMA Electric,4,DC,180 kW,-33.48123828,150.1588018,"Lithgow Council, City of",2790,Existing Fast Chargers,0,0,0,0,0,0,0,0,0,0,0,0,4,0,0,0,0,0,0,0,0,0,0,0,0,0,0,0,0,0,0,0,0,0,0,0,0,0,0,0,Central West,103,2790,review,coordinate_only,425.74573986698164,0.5579322638146168,154488,"Tank St, Lithgow, NSW",Lithgow Workmen's Club,NRMA,"{""charger_capacities"": ""50 kW"", ""charging_point_count"": 2.0, ""connector_types_normalized"": ""CCS;CHAdeMO"", ""data_provider"": ""Open Charge Map"", ""is_operational"": true, ""last_verified"": ""2024-06-14T12:05:00Z"", ""number_of_plugs"": null, ""operator"": ""NRMA"", ""plug_types"": ""CCS (Type 2); CHAdeMO"", ""power_kw_max"": 50.0, ""power_kw_min"": 50.0, ""power_kw_values"": [50.0], ""power_scope"": ""dc_indicated_connection_ratings"", ""status"": ""Operational"", ""usage_cost"": ""60c / 54c for members of NRMA""}",True,1,1,,address evidence is inconsistent; candidate does not pass the automatic identity gate,,False,accepted,coordinate_only,2.93231821581715,0.0,https://www.openstreetmap.org/node/12661943299,,Eskbank St Car Park,NRMA,"{""access_condition"": ""Free Access"", ""allows_card_payment"": false, ""allows_reservation"": false, ""charging_point_count"": 4, ""charging_point_count_raw"": 4, ""connector_types_normalized"": ""CCS;CHAdeMO"", ""data_provider"": ""OpenStreetMap"", ""is_free"": false, ""network"": """", ""number_of_plugs"": null, ""opening_hours"": """", ""power_kw_max"": null, ""power_kw_min"": null, ""power_scope"": ""station_reported_maximum"", ""pricing_info"": ""0.71c/kWh""}",True,3,3,337.3592382915113,,,False,unmatched,unmatched,,,,,,,{},,0,0,,,,False,accepted,accepted,OSM,OSM:https://www.openstreetmap.org/node/12661943299,OCM,OCM: address evidence is inconsistent; candidate does not pass the automatic identity gate,,no,,"{""OSM::access_condition"": ""Free Access"", ""OSM::allows_card_payment"": false, ""OSM::allows_reservation"": false, ""OSM::charging_point_count"": 4, ""OSM::charging_point_count_raw"": 4, ""OSM::connector_types_normalized"": ""CCS;CHAdeMO"", ""OSM::data_provider"": ""OpenStreetMap"", ""OSM::is_free"": false, ""OSM::power_scope"": ""station_reported_maximum"", ""OSM::pricing_info"": ""0.71c/kWh""}","{""OSM::access_condition"": ""Free Access"", ""OSM::allows_card_payment"": false, ""OSM::allows_reservation"": false, ""OSM::connector_types_normalized"": ""CCS;CHAdeMO"", ""OSM::is_free"": false, ""OSM::power_scope"": ""station_reported_maximum"", ""OSM::pricing_info"": ""0.71c/kWh""}",6,"[{""binding"": ""same source address and OCM ID; search evidence only"", ""conclusion"": ""web_evidence_found_not_identity_proof"", ""file"": ""data/reference/web_review/task3_ocm_125_web_confidence.csv"", ""page_opened"": false, ""reported_confidence"": ""medium"", ""url"": ""https://www.plugroo.com.au/nsw/kanimbla""}]"
852,,,"F 419 Hinterland Wy, Knockrow NSW 2479",Tesla,12,DC,130 kW,-28.74953958,153.5347227,Ballina Shire Council,2479,Existing Fast Chargers,0,0,0,0,12,0,0,0,0,0,0,0,0,0,0,0,0,0,0,0,0,0,0,0,0,0,0,0,0,0,0,0,0,0,0,0,0,0,0,0,Richmond - Tweed,112,2479,accepted,coordinate_and_fuzzy_address,0.09389499638879832,0.9928571428571429,79243,"419 Hinterland Way, Knockrow, 2479",Knockrow Supercharger,Tesla (including non-tesla),"{""charger_capacities"": ""120 kW"", ""charging_point_count"": 6.0, ""connector_types_normalized"": ""CCS"", ""data_provider"": ""Open Charge Map"", ""is_operational"": true, ""last_verified"": ""2023-08-30T06:20:00Z"", ""number_of_plugs"": null, ""operator"": ""Tesla (including non-tesla)"", ""plug_types"": ""CCS (Type 2)"", ""power_kw_max"": 120.0, ""power_kw_min"": 120.0, ""power_kw_values"": [120.0], ""power_scope"": ""dc_indicated_connection_ratings"", ""status"": ""Operational"", ""usage_cost"": ""AUD 0.42/kWh;other tariffs for older cars""}",True,1,1,,,,False,accepted,coordinate_only,3.2587822603424685,0.0,https://www.openstreetmap.org/node/6460580922,,Tesla Supercharger,Tesla,"{""access_condition"": ""Free Access"", ""allows_card_payment"": false, ""allows_reservation"": false, ""charging_point_count"": 6, ""charging_point_count_raw"": 6, ""connector_types_normalized"": ""CCS"", ""data_provider"": ""OpenStreetMap"", ""is_free"": false, ""network"": ""Supercharger"", ""number_of_plugs"": null, ""opening_hours"": ""24/7"", ""power_kw_max"": null, ""power_kw_min"": null, ""power_scope"": ""station_reported_maximum"", ""pricing_info"": """"}",True,1,1,,,,False,unmatched,unmatched,,,,,,,{},,0,0,,,,False,accepted,accepted,OCM;OSM,OCM:79243;OSM:https://www.openstreetmap.org/node/6460580922,,,,no,,"{""OCM::charger_capacities"": ""120 kW"", ""OCM::charging_point_count"": 6.0, ""OCM::connector_types_normalized"": ""CCS"", ""OCM::data_provider"": ""Open Charge Map"", ""OCM::is_operational"": true, ""OCM::last_verified"": ""2023-08-30T06:20:00Z"", ""OCM::operator"": ""Tesla (including non-tesla)"", ""OCM::plug_types"": ""CCS (Type 2)"", ""OCM::power_kw_max"": 120.0, ""OCM::power_kw_min"": 120.0, ""OCM::power_kw_values"": [120.0], ""OCM::power_scope"": ""dc_indicated_connection_ratings"", ""OCM::status"": ""Operational"", ""OCM::usage_cost"": ""AUD 0.42/kWh;other tariffs for older cars"", ""OSM::access_condition"": ""Free Access"", ""OSM::allows_card_payment"": false, ""OSM::allows_reservation"": false, ""OSM::charging_point_count"": 6, ""OSM::charging_point_count_raw"": 6, ""OSM::connector_types_normalized"": ""CCS"", ""OSM::data_provider"": ""OpenStreetMap"", ""OSM::is_free"": false, ""OSM::network"": ""Supercharger"", ""OSM::opening_hours"": ""24/7"", ""OSM::power_scope"": ""station_reported_maximum""}","{""OCM::connector_types_normalized"": ""CCS"", ""OCM::is_operational"": true, ""OCM::operator"": ""Tesla (including non-tesla)"", ""OCM::plug_types"": ""CCS (Type 2)"", ""OCM::power_kw_max"": 120.0, ""OCM::power_kw_min"": 120.0, ""OCM::power_scope"": ""dc_indicated_connection_ratings"", ""OCM::status"": ""Operational"", ""OCM::usage_cost"": ""AUD 0.42/kWh;other tariffs for older cars"", ""OSM::access_condition"": ""Free Access"", ""OSM::allows_card_payment"": false, ""OSM::allows_reservation"": false, ""OSM::connector_types_normalized"": ""CCS"", ""OSM::is_free"": false, ""OSM::network"": ""Supercharger"", ""OSM::opening_hours"": ""24/7"", ""OSM::power_scope"": ""station_reported_maximum""}",11,[]
855,,,"Franklin Street, Sydney NSW 2036",Evie Networks,2,DC,75 kW,-33.96116721,151.2488509,Randwick City Council,2036,Existing Fast Chargers,0,0,0,0,0,0,0,0,0,0,0,0,0,0,0,0,0,0,0,0,0,0,0,0,0,0,0,0,0,0,0,0,0,0,0,2,0,0,0,0,Sydney - Eastern Suburbs,118,2036,unmatched,unmatched,,,,,,,{},,0,0,,,,False,unmatched,unmatched,,,,,,,{},,0,0,,,,False,unmatched,unmatched,,,,,,,{},,0,0,,,,False,unmatched,unmatched,,,,,,no,,{},{},0,[]
857,,,"Gardeners Road, Sydney NSW 2020",JOLT,2,DC,25 kW,-33.92049354,151.1907497,"Sydney, Council of the City of",2020,Existing Fast Chargers,0,0,0,0,0,0,0,0,0,0,0,0,0,0,0,0,0,0,0,0,0,0,2,0,0,0,0,0,0,0,0,0,0,0,0,0,0,0,0,0,Sydney - City and Inner South,117,2020,unmatched,unmatched,,,,,,,{},,0,0,,,,False,review,coordinate_only,36.39240285675308,0.0,https://www.openstreetmap.org/node/10863588015,,,Jolt,"{""access_condition"": ""Free Access"", ""allows_card_payment"": false, ""allows_reservation"": false, ""charging_point_count"": 2, ""charging_point_count_raw"": 2, ""connector_types_normalized"": ""CCS;CHAdeMO"", ""data_provider"": ""OpenStreetMap"", ""is_free"": false, ""network"": """", ""number_of_plugs"": null, ""opening_hours"": """", ""power_kw_max"": null, ""power_kw_min"": null, ""power_scope"": ""station_reported_maximum"", ""pricing_info"": """"}",True,1,1,,external ID https://www.openstreetmap.org/node/10863588015 is shared by distinct source sites,,False,unmatched,unmatched,,,,,,,{},,0,0,,,,False,review,review,,,OSM,OSM: external ID https://www.openstreetmap.org/node/10863588015 is shared by distinct source sites,,no,,{},{},0,"[{""binding"": ""source_address_only; external identity not verified"", ""conclusion"": """", ""file"": ""data/reference/web_review/task3_104_non_ocm_web_verified.csv"", ""page_opened"": true, ""reported_confidence"": ""high"", ""url"": ""https://ev-charging-stations.com.au/chargers/nsw/eastlakes""}]"
858,,,"Gardeners Road, Sydney NSW 2020",JOLT,2,DC,25 kW,-33.92059364,151.1914745,"Sydney, Council of the City of",2020,Existing Fast Chargers,0,0,0,0,0,0,0,0,0,0,0,0,0,0,0,0,0,0,0,0,0,0,2,0,0,0,0,0,0,0,0,0,0,0,0,0,0,0,0,0,Sydney - City and Inner South,117,2020,unmatched,unmatched,,,,,,,{},,0,0,,,,False,review,coordinate_only,31.418634701048816,0.0,https://www.openstreetmap.org/node/10863588015,,,Jolt,"{""access_condition"": ""Free Access"", ""allows_card_payment"": false, ""allows_reservation"": false, ""charging_point_count"": 2, ""charging_point_count_raw"": 2, ""connector_types_normalized"": ""CCS;CHAdeMO"", ""data_provider"": ""OpenStreetMap"", ""is_free"": false, ""network"": """", ""number_of_plugs"": null, ""opening_hours"": """", ""power_kw_max"": null, ""power_kw_min"": null, ""power_scope"": ""station_reported_maximum"", ""pricing_info"": """"}",True,1,1,,external ID https://www.openstreetmap.org/node/10863588015 is shared by distinct source sites,,False,unmatched,unmatched,,,,,,,{},,0,0,,,,False,review,review,,,OSM,OSM: external ID https://www.openstreetmap.org/node/10863588015 is shared by distinct source sites,,no,,{},{},0,"[{""binding"": ""source_address_only; external identity not verified"", ""conclusion"": """", ""file"": ""data/reference/web_review/task3_104_non_ocm_web_verified.csv"", ""page_opened"": true, ""reported_confidence"": ""high"", ""url"": ""https://ev-charging-stations.com.au/chargers/nsw/eastlakes""}]"
860,,,"Gipps Street, Bega NSW 2550",NRMA Electric,2,DC,50 kW,-36.67324729,149.843047,Bega Valley Shire Council,2550,Existing Fast Chargers,0,0,0,0,0,0,0,0,0,0,0,0,0,0,0,0,0,0,0,0,0,0,0,0,0,0,0,0,0,0,0,2,0,0,0,0,0,0,0,0,Capital Region,101,2550,accepted,coordinate_only,52.85594108041666,0.304755944931164,191183,"Church Street Carpark, 81 Gipps Street, Bega, NSW",NRMA Bega,NRMA,"{""charger_capacities"": ""50 kW"", ""charging_point_count"": 1.0, ""connector_types_normalized"": ""CCS"", ""data_provider"": ""Open Charge Map"", ""is_operational"": true, ""last_verified"": ""2026-07-15T00:58:00Z"", ""number_of_plugs"": null, ""operator"": ""NRMA"", ""plug_types"": ""CCS (Type 2)"", ""power_kw_max"": 50.0, ""power_kw_min"": 50.0, ""power_kw_values"": [50.0], ""power_scope"": ""dc_indicated_connection_ratings"", ""status"": ""Operational"", ""usage_cost"": ""$0.74/kWh""}",True,1,1,,,address evidence is inconsistent,False,accepted,coordinate_only,15.963927233850898,0.0,https://www.openstreetmap.org/node/6711862737,,,NRMA,"{""access_condition"": ""Free Access"", ""allows_card_payment"": false, ""allows_reservation"": false, ""charging_point_count"": 2, ""charging_point_count_raw"": 2, ""connector_types_normalized"": ""CCS;CHAdeMO"", ""data_provider"": ""OpenStreetMap"", ""is_free"": false, ""network"": """", ""number_of_plugs"": null, ""opening_hours"": """", ""power_kw_max"": null, ""power_kw_min"": null, ""power_scope"": ""station_reported_maximum"", ""pricing_info"": """"}",True,1,1,,,,False,unmatched,unmatched,,,,,,,{},,0,0,,,,False,accepted,accepted,OCM;OSM,OCM:191183;OSM:https://www.openstreetmap.org/node/6711862737,,,OCM: address evidence is inconsistent,yes,,"{""OCM::charger_capacities"": ""50 kW"", ""OCM::charging_point_count"": 1.0, ""OCM::connector_types_normalized"": ""CCS"", ""OCM::data_provider"": ""Open Charge Map"", ""OCM::is_operational"": true, ""OCM::last_verified"": ""2026-07-15T00:58:00Z"", ""OCM::operator"": ""NRMA"", ""OCM::plug_types"": ""CCS (Type 2)"", ""OCM::power_kw_max"": 50.0, ""OCM::power_kw_min"": 50.0, ""OCM::power_kw_values"": [50.0], ""OCM::power_scope"": ""dc_indicated_connection_ratings"", ""OCM::status"": ""Operational"", ""OCM::usage_cost"": ""$0.74/kWh"", ""OSM::access_condition"": ""Free Access"", ""OSM::allows_card_payment"": false, ""OSM::allows_reservation"": false, ""OSM::charging_point_count"": 2, ""OSM::charging_point_count_raw"": 2, ""OSM::connector_types_normalized"": ""CCS;CHAdeMO"", ""OSM::data_provider"": ""OpenStreetMap"", ""OSM::is_free"": false, ""OSM::power_scope"": ""station_reported_maximum""}","{""OCM::connector_types_normalized"": ""CCS"", ""OCM::is_operational"": true, ""OCM::operator"": ""NRMA"", ""OCM::plug_types"": ""CCS (Type 2)"", ""OCM::power_kw_max"": 50.0, ""OCM::power_kw_min"": 50.0, ""OCM::power_scope"": ""dc_indicated_connection_ratings"", ""OCM::status"": ""Operational"", ""OCM::usage_cost"": ""$0.74/kWh"", ""OSM::access_condition"": ""Free Access"", ""OSM::allows_card_payment"": false, ""OSM::allows_reservation"": false, ""OSM::connector_types_normalized"": ""CCS;CHAdeMO"", ""OSM::is_free"": false, ""OSM::power_scope"": ""station_reported_maximum""}",9,"[{""binding"": ""same source address and OCM ID; search evidence only"", ""conclusion"": ""web_evidence_found_not_identity_proof"", ""file"": ""data/reference/web_review/task3_ocm_125_web_confidence.csv"", ""page_opened"": false, ""reported_confidence"": ""medium"", ""url"": ""https://begavalleymg.com.au/ismart/""}]"
866,,,"Harbour Boulevard, Shell Cove NSW 2529",Chargefox,2,DC,350 kW,-34.58859964,150.8661131,Shellharbour City Council,2529,Existing Fast Chargers,0,0,0,0,0,0,0,0,0,0,0,0,0,0,0,0,0,0,0,0,0,0,0,0,0,2,0,0,0,0,0,0,0,0,0,0,0,0,0,0,Illawarra,107,2529,accepted,coordinate_only,36.61199153268851,0.2858490566037736,171647,"Harbour Boulevarde, Shellharbour, New South Wales, 2529",Woolworths Shell Cove,Chargefox,"{""charger_capacities"": ""100 kW; 350 kW"", ""charging_point_count"": 2.0, ""connector_types_normalized"": ""CCS;CHAdeMO"", ""data_provider"": ""Open Charge Map"", ""is_operational"": true, ""last_verified"": ""2023-07-15T07:37:00Z"", ""number_of_plugs"": null, ""operator"": ""Chargefox"", ""plug_types"": ""CCS (Type 2); CHAdeMO"", ""power_kw_max"": 350.0, ""power_kw_min"": 100.0, ""power_kw_values"": [100.0, 350.0], ""power_scope"": ""dc_indicated_connection_ratings"", ""status"": ""Temporarily Unavailable"", ""usage_cost"": ""$0.40/kWh ($0.32/kWh for NRMA)""}",True,1,1,,,address evidence is inconsistent,False,unmatched,unmatched,,,,,,,{},,0,0,,,,False,unmatched,unmatched,,,,,,,{},,0,0,,,,False,accepted,accepted,OCM,OCM:171647,,,OCM: address evidence is inconsistent,yes,,"{""OCM::charger_capacities"": ""100 kW; 350 kW"", ""OCM::charging_point_count"": 2.0, ""OCM::connector_types_normalized"": ""CCS;CHAdeMO"", ""OCM::data_provider"": ""Open Charge Map"", ""OCM::is_operational"": true, ""OCM::last_verified"": ""2023-07-15T07:37:00Z"", ""OCM::operator"": ""Chargefox"", ""OCM::plug_types"": ""CCS (Type 2); CHAdeMO"", ""OCM::power_kw_max"": 350.0, ""OCM::power_kw_min"": 100.0, ""OCM::power_kw_values"": [100.0, 350.0], ""OCM::power_scope"": ""dc_indicated_connection_ratings"", ""OCM::status"": ""Temporarily Unavailable"", ""OCM::usage_cost"": ""$0.40/kWh ($0.32/kWh for NRMA)""}","{""OCM::connector_types_normalized"": ""CCS;CHAdeMO"", ""OCM::is_operational"": true, ""OCM::operator"": ""Chargefox"", ""OCM::plug_types"": ""CCS (Type 2); CHAdeMO"", ""OCM::power_kw_max"": 350.0, ""OCM::power_kw_min"": 100.0, ""OCM::power_scope"": ""dc_indicated_connection_ratings"", ""OCM::status"": ""Temporarily Unavailable"", ""OCM::usage_cost"": ""$0.40/kWh ($0.32/kWh for NRMA)""}",5,"[{""binding"": ""same source address and OCM ID; search evidence only"", ""conclusion"": ""web_evidence_found_not_identity_proof"", ""file"": ""data/reference/web_review/task3_ocm_125_web_confidence.csv"", ""page_opened"": false, ""reported_confidence"": ""medium"", ""url"": ""https://www.chargeroute.au/chargers/nsw/chargefox-shell-cove-shell-cove""}]"
867,,,"Hassall Street, Sydney NSW 2142",BP,4,DC,150 kW,-33.81961366,151.0213463,"Parramatta, Council of the City of",2142,Existing Fast Chargers,0,0,0,0,0,0,0,4,0,0,0,0,0,0,0,0,0,0,0,0,0,0,0,0,0,0,0,0,0,0,0,0,0,0,0,0,0,0,0,0,Sydney - Parramatta,125,2142,accepted,coordinate_only,76.19672279268366,0.8444444444444446,273428,"Hassall Street, Rosehill, New South Wales, 2142",bp pulse Rosehill,BP Pulse (AU),"{""charger_capacities"": ""75 kW"", ""charging_point_count"": 2.0, ""connector_types_normalized"": ""CCS"", ""data_provider"": ""Open Charge Map"", ""is_operational"": true, ""last_verified"": ""2023-08-09T12:02:00Z"", ""number_of_plugs"": null, ""operator"": ""BP Pulse (AU)"", ""plug_types"": ""CCS (Type 2)"", ""power_kw_max"": 75.0, ""power_kw_min"": 75.0, ""power_kw_values"": [75.0], ""power_scope"": ""dc_indicated_connection_ratings"", ""status"": ""Operational"", ""usage_cost"": ""55c/kWh""}",True,1,1,,,address evidence is inconsistent,False,accepted,coordinate_only,14.253599404063447,0.0,https://www.openstreetmap.org/node/10807470662,,,bp pulse,"{""access_condition"": ""Free Access"", ""allows_card_payment"": false, ""allows_reservation"": false, ""charging_point_count"": 4, ""charging_point_count_raw"": 4, ""connector_types_normalized"": ""CCS"", ""data_provider"": ""OpenStreetMap"", ""is_free"": false, ""network"": ""bp pulse"", ""number_of_plugs"": null, ""opening_hours"": """", ""power_kw_max"": null, ""power_kw_min"": null, ""power_scope"": ""station_reported_maximum"", ""pricing_info"": """"}",True,1,1,,,,False,unmatched,unmatched,,,,,,,{},,0,0,,,,False,accepted,accepted,OCM;OSM,OCM:273428;OSM:https://www.openstreetmap.org/node/10807470662,,,OCM: address evidence is inconsistent; OCM:273428 is linked to multiple TfNSW rows; OSM:https://www.openstreetmap.org/node/10807470662 is linked to multiple TfNSW rows,yes,,"{""OCM::charger_capacities"": ""75 kW"", ""OCM::charging_point_count"": 2.0, ""OCM::connector_types_normalized"": ""CCS"", ""OCM::data_provider"": ""Open Charge Map"", ""OCM::is_operational"": true, ""OCM::last_verified"": ""2023-08-09T12:02:00Z"", ""OCM::operator"": ""BP Pulse (AU)"", ""OCM::plug_types"": ""CCS (Type 2)"", ""OCM::power_kw_max"": 75.0, ""OCM::power_kw_min"": 75.0, ""OCM::power_kw_values"": [75.0], ""OCM::power_scope"": ""dc_indicated_connection_ratings"", ""OCM::status"": ""Operational"", ""OCM::usage_cost"": ""55c/kWh"", ""OSM::access_condition"": ""Free Access"", ""OSM::allows_card_payment"": false, ""OSM::allows_reservation"": false, ""OSM::charging_point_count"": 4, ""OSM::charging_point_count_raw"": 4, ""OSM::connector_types_normalized"": ""CCS"", ""OSM::data_provider"": ""OpenStreetMap"", ""OSM::is_free"": false, ""OSM::network"": ""bp pulse"", ""OSM::power_scope"": ""station_reported_maximum""}","{""OCM::connector_types_normalized"": ""CCS"", ""OCM::is_operational"": true, ""OCM::operator"": ""BP Pulse (AU)"", ""OCM::plug_types"": ""CCS (Type 2)"", ""OCM::power_kw_max"": 75.0, ""OCM::power_kw_min"": 75.0, ""OCM::power_scope"": ""dc_indicated_connection_ratings"", ""OCM::status"": ""Operational"", ""OCM::usage_cost"": ""55c/kWh"", ""OSM::access_condition"": ""Free Access"", ""OSM::allows_card_payment"": false, ""OSM::allows_reservation"": false, ""OSM::connector_types_normalized"": ""CCS"", ""OSM::is_free"": false, ""OSM::network"": ""bp pulse"", ""OSM::power_scope"": ""station_reported_maximum""}",10,[]
868,,,"Hassall Street & James Rouse Drive, Sydney NSW 2142",BP,4,DC,150 kW,-33.81968873,151.0213023,"Parramatta, Council of the City of",2142,Existing Fast Chargers,0,0,0,0,0,0,0,4,0,0,0,0,0,0,0,0,0,0,0,0,0,0,0,0,0,0,0,0,0,0,0,0,0,0,0,0,0,0,0,0,Sydney - Parramatta,125,2142,accepted,coordinate_only,85.48107148992067,0.8176470588235295,273428,"Hassall Street, Rosehill, New South Wales, 2142",bp pulse Rosehill,BP Pulse (AU),"{""charger_capacities"": ""75 kW"", ""charging_point_count"": 2.0, ""connector_types_normalized"": ""CCS"", ""data_provider"": ""Open Charge Map"", ""is_operational"": true, ""last_verified"": ""2023-08-09T12:02:00Z"", ""number_of_plugs"": null, ""operator"": ""BP Pulse (AU)"", ""plug_types"": ""CCS (Type 2)"", ""power_kw_max"": 75.0, ""power_kw_min"": 75.0, ""power_kw_values"": [75.0], ""power_scope"": ""dc_indicated_connection_ratings"", ""status"": ""Operational"", ""usage_cost"": ""55c/kWh""}",True,1,1,,,address evidence is inconsistent,False,accepted,coordinate_only,8.757460667745473,0.0,https://www.openstreetmap.org/node/10807470662,,,bp pulse,"{""access_condition"": ""Free Access"", ""allows_card_payment"": false, ""allows_reservation"": false, ""charging_point_count"": 4, ""charging_point_count_raw"": 4, ""connector_types_normalized"": ""CCS"", ""data_provider"": ""OpenStreetMap"", ""is_free"": false, ""network"": ""bp pulse"", ""number_of_plugs"": null, ""opening_hours"": """", ""power_kw_max"": null, ""power_kw_min"": null, ""power_scope"": ""station_reported_maximum"", ""pricing_info"": """"}",True,1,1,,,,False,unmatched,unmatched,,,,,,,{},,0,0,,,,False,accepted,accepted,OCM;OSM,OCM:273428;OSM:https://www.openstreetmap.org/node/10807470662,,,OCM: address evidence is inconsistent; OCM:273428 is linked to multiple TfNSW rows; OSM:https://www.openstreetmap.org/node/10807470662 is linked to multiple TfNSW rows,yes,,"{""OCM::charger_capacities"": ""75 kW"", ""OCM::charging_point_count"": 2.0, ""OCM::connector_types_normalized"": ""CCS"", ""OCM::data_provider"": ""Open Charge Map"", ""OCM::is_operational"": true, ""OCM::last_verified"": ""2023-08-09T12:02:00Z"", ""OCM::operator"": ""BP Pulse (AU)"", ""OCM::plug_types"": ""CCS (Type 2)"", ""OCM::power_kw_max"": 75.0, ""OCM::power_kw_min"": 75.0, ""OCM::power_kw_values"": [75.0], ""OCM::power_scope"": ""dc_indicated_connection_ratings"", ""OCM::status"": ""Operational"", ""OCM::usage_cost"": ""55c/kWh"", ""OSM::access_condition"": ""Free Access"", ""OSM::allows_card_payment"": false, ""OSM::allows_reservation"": false, ""OSM::charging_point_count"": 4, ""OSM::charging_point_count_raw"": 4, ""OSM::connector_types_normalized"": ""CCS"", ""OSM::data_provider"": ""OpenStreetMap"", ""OSM::is_free"": false, ""OSM::network"": ""bp pulse"", ""OSM::power_scope"": ""station_reported_maximum""}","{""OCM::connector_types_normalized"": ""CCS"", ""OCM::is_operational"": true, ""OCM::operator"": ""BP Pulse (AU)"", ""OCM::plug_types"": ""CCS (Type 2)"", ""OCM::power_kw_max"": 75.0, ""OCM::power_kw_min"": 75.0, ""OCM::power_scope"": ""dc_indicated_connection_ratings"", ""OCM::status"": ""Operational"", ""OCM::usage_cost"": ""55c/kWh"", ""OSM::access_condition"": ""Free Access"", ""OSM::allows_card_payment"": false, ""OSM::allows_reservation"": false, ""OSM::connector_types_normalized"": ""CCS"", ""OSM::is_free"": false, ""OSM::network"": ""bp pulse"", ""OSM::power_scope"": ""station_reported_maximum""}",10,[]
869,,,"Hastings Street, Wauchope NSW 2446",NRMA Electric,4,DC,60 kW,-31.4561542,152.7327227,Port Macquarie-Hastings Council,2446,Existing Fast Chargers,0,0,0,0,0,0,0,0,0,0,0,0,0,0,0,0,0,0,0,0,0,0,0,0,0,0,0,0,0,0,0,0,0,4,0,0,0,0,0,0,Mid North Coast,108,2446,unmatched,unmatched,,,,,,,{},,0,0,,,,False,unmatched,unmatched,,,,,,,{},,0,0,,,,False,unmatched,unmatched,,,,,,,{},,0,0,,,,False,unmatched,unmatched,,,,,,no,,{},{},0,[]
876,,,"Holborn Court, Sydney NSW 2557",Exploren,4,DC,150 kW,-34.02030235,150.7634565,Camden Council,2557,Existing Fast Chargers,0,0,0,0,0,0,0,4,0,0,0,0,0,0,0,0,0,0,0,0,0,0,0,0,0,0,0,0,0,0,0,0,0,0,0,0,0,0,0,0,Sydney - South West,127,2557,unmatched,unmatched,,,,,,,{},,0,0,,,,False,review,coordinate_only,104.07457204351935,0.0,https://www.openstreetmap.org/node/13135189454,,,Exploren,"{""access_condition"": ""Free Access"", ""allows_card_payment"": false, ""allows_reservation"": false, ""charging_point_count"": 4, ""charging_point_count_raw"": 4, ""connector_types_normalized"": ""CCS"", ""data_provider"": ""OpenStreetMap"", ""is_free"": false, ""network"": """", ""number_of_plugs"": null, ""opening_hours"": """", ""power_kw_max"": null, ""power_kw_min"": null, ""power_scope"": ""station_reported_maximum"", ""pricing_info"": """"}",True,1,1,,candidate does not pass the automatic identity gate,,False,accepted,coordinate_only,13.53708524818785,0.19444444444444445,15d06bf5-6b4a-425d-9312-bae4b17cc22b-2133,"1 Gregory Hills Dr, Gledswood Hills, NSW 2557",Gregory Hills Centre,,"{""connector_types_normalized"": ""CCS"", ""data_provider"": ""Charge@Large"", ""dc_port_count"": 4, ""number_of_plugs"": null, ""power_kw_max"": 150.0, ""power_kw_min"": 150.0, ""power_kw_values"": [150.0], ""power_scope"": ""dc_indicated_ports"", ""site_power_range_raw"": ""150"", ""status_counts"": {""Available"": 4}, ""status_observed_at"": null, ""total_port_count"": 4}",True,1,1,,,address evidence is inconsistent,False,accepted,accepted,Charge@Large,Charge@Large:15d06bf5-6b4a-425d-9312-bae4b17cc22b-2133,OSM,OSM: candidate does not pass the automatic identity gate,Charge@Large: address evidence is inconsistent,yes,,"{""Charge@Large::connector_types_normalized"": ""CCS"", ""Charge@Large::data_provider"": ""Charge@Large"", ""Charge@Large::dc_port_count"": 4, ""Charge@Large::power_kw_max"": 150.0, ""Charge@Large::power_kw_min"": 150.0, ""Charge@Large::power_kw_values"": [150.0], ""Charge@Large::power_scope"": ""dc_indicated_ports"", ""Charge@Large::site_power_range_raw"": ""150"", ""Charge@Large::status_counts"": {""Available"": 4}, ""Charge@Large::total_port_count"": 4}","{""Charge@Large::connector_types_normalized"": ""CCS"", ""Charge@Large::dc_port_count"": 4, ""Charge@Large::power_kw_max"": 150.0, ""Charge@Large::power_kw_min"": 150.0, ""Charge@Large::power_scope"": ""dc_indicated_ports"", ""Charge@Large::status_counts"": {""Available"": 4}, ""Charge@Large::total_port_count"": 4}",2,"[{""binding"": ""source_address_only; external identity not verified"", ""conclusion"": """", ""file"": ""data/reference/web_review/task3_104_non_ocm_web_verified.csv"", ""page_opened"": true, ""reported_confidence"": ""high"", ""url"": ""https://www.fresha.com/lp/en/bt/barbershops/in/au-sydney""}]"
878,,,"Innovation Way, Wollongong NSW 2500",Chargefox,3,DC,180 kW,-34.40008513,150.8996306,Wollongong City Council,2500,Existing Fast Chargers,0,0,0,0,0,0,0,0,0,0,0,0,3,0,0,0,0,0,0,0,0,0,0,0,0,0,0,0,0,0,0,0,0,0,0,0,0,0,0,0,Illawarra,107,2500,accepted,coordinate_only,5.908336795615815,0.7979166666666667,131610,"Off Innovation Way, North Wollongong, New South Wales, 2500",Innovation Campus - University of Wollongong,Chargefox,"{""charger_capacities"": ""3.45 kW; 180 kW"", ""charging_point_count"": 2.0, ""connector_types_normalized"": ""CCS;Type I (AS 3112)"", ""data_provider"": ""Open Charge Map"", ""is_operational"": true, ""last_verified"": ""2024-07-30T05:30:00Z"", ""number_of_plugs"": null, ""operator"": ""Chargefox"", ""plug_types"": ""CCS (Type 2); Type I (AS 3112)"", ""power_kw_max"": 180.0, ""power_kw_min"": 180.0, ""power_kw_values"": [180.0], ""power_scope"": ""dc_indicated_connection_ratings"", ""status"": ""Operational"", ""usage_cost"": ""Free""}",True,1,1,,,address evidence is inconsistent,False,unmatched,unmatched,,,,,,,{},,0,0,,,,False,unmatched,unmatched,,,,,,,{},,0,0,,,,False,accepted,accepted,OCM,OCM:131610,,,OCM: address evidence is inconsistent,yes,,"{""OCM::charger_capacities"": ""3.45 kW; 180 kW"", ""OCM::charging_point_count"": 2.0, ""OCM::connector_types_normalized"": ""CCS;Type I (AS 3112)"", ""OCM::data_provider"": ""Open Charge Map"", ""OCM::is_operational"": true, ""OCM::last_verified"": ""2024-07-30T05:30:00Z"", ""OCM::operator"": ""Chargefox"", ""OCM::plug_types"": ""CCS (Type 2); Type I (AS 3112)"", ""OCM::power_kw_max"": 180.0, ""OCM::power_kw_min"": 180.0, ""OCM::power_kw_values"": [180.0], ""OCM::power_scope"": ""dc_indicated_connection_ratings"", ""OCM::status"": ""Operational"", ""OCM::usage_cost"": ""Free""}","{""OCM::connector_types_normalized"": ""CCS;Type I (AS 3112)"", ""OCM::is_operational"": true, ""OCM::operator"": ""Chargefox"", ""OCM::plug_types"": ""CCS (Type 2); Type I (AS 3112)"", ""OCM::power_kw_max"": 180.0, ""OCM::power_kw_min"": 180.0, ""OCM::power_scope"": ""dc_indicated_connection_ratings"", ""OCM::status"": ""Operational"", ""OCM::usage_cost"": ""Free""}",5,[]
880,,,"Jersey Street, Sydney NSW 2077",BP,2,DC,75 kW,-33.68997402,151.1061692,"Hornsby, The Council of the Shire of",2077,Existing Fast Chargers,0,0,0,0,0,0,0,0,0,0,0,0,0,0,0,0,0,0,0,0,0,0,0,0,0,0,0,0,0,0,0,0,0,0,0,2,0,0,0,0,Sydney - North Sydney and Hornsby,121,2077,unmatched,unmatched,,,,,,,{},,0,0,,,,False,accepted,coordinate_only,3.8343554431132345,0.0,https://www.openstreetmap.org/node/10687053371,,,bp pulse,"{""access_condition"": ""Free Access"", ""allows_card_payment"": false, ""allows_reservation"": false, ""charging_point_count"": 2, ""charging_point_count_raw"": 2, ""connector_types_normalized"": ""CCS"", ""data_provider"": ""OpenStreetMap"", ""is_free"": false, ""network"": ""bp pulse"", ""number_of_plugs"": null, ""opening_hours"": """", ""power_kw_max"": null, ""power_kw_min"": null, ""power_scope"": ""station_reported_maximum"", ""pricing_info"": """"}",True,1,1,,,,False,unmatched,unmatched,,,,,,,{},,0,0,,,,False,accepted,accepted,OSM,OSM:https://www.openstreetmap.org/node/10687053371,,,,no,,"{""OSM::access_condition"": ""Free Access"", ""OSM::allows_card_payment"": false, ""OSM::allows_reservation"": false, ""OSM::charging_point_count"": 2, ""OSM::charging_point_count_raw"": 2, ""OSM::connector_types_normalized"": ""CCS"", ""OSM::data_provider"": ""OpenStreetMap"", ""OSM::is_free"": false, ""OSM::network"": ""bp pulse"", ""OSM::power_scope"": ""station_reported_maximum""}","{""OSM::access_condition"": ""Free Access"", ""OSM::allows_card_payment"": false, ""OSM::allows_reservation"": false, ""OSM::connector_types_normalized"": ""CCS"", ""OSM::is_free"": false, ""OSM::network"": ""bp pulse"", ""OSM::power_scope"": ""station_reported_maximum""}",6,"[{""binding"": ""source_address_only; external identity not verified"", ""conclusion"": """", ""file"": ""data/reference/web_review/task3_104_non_ocm_web_verified.csv"", ""page_opened"": true, ""reported_confidence"": ""high"", ""url"": ""https://ev-charging-stations.com.au/chargers/nsw/hornsby-westfield""}]"
882,,,"John Renshaw Drive, Beresfield NSW 2322",BP,2,DC,75 kW,-32.81193998,151.6394685,Newcastle City Council,2322,Existing Fast Chargers,0,0,0,0,0,0,0,0,0,0,0,0,0,0,0,0,0,0,0,0,0,0,0,0,0,0,0,0,0,0,0,0,0,0,0,2,0,0,0,0,Newcastle and Lake Macquarie,111,2322,unmatched,unmatched,,,,,,,{},,0,0,,,,False,unmatched,unmatched,,,,,,,{},,0,0,,,,False,unmatched,unmatched,,,,,,,{},,0,0,,,,False,unmatched,unmatched,,,,,,no,,{},{},0,[]
883,,,"Kable Avenue, Tamworth NSW 2340",NRMA Electric,2,DC,50 kW,-31.0903554,150.9274134,Tamworth Regional Council,2340,Existing Fast Chargers,0,0,0,0,0,0,0,0,0,0,0,0,0,0,0,0,0,0,0,0,0,0,0,0,0,0,0,0,0,0,0,2,0,0,0,0,0,0,0,0,New England and North West,110,2340,review,coordinate_only,256.27459001743915,0.3222222222222222,312659,"Cooper Lane, Tamworth, NSW, 2340",Evie 300kW Charger,Evie,"{""charger_capacities"": ""22 kW; 300 kW"", ""charging_point_count"": 1.0, ""connector_types_normalized"": ""CCS;Type2"", ""data_provider"": ""Open Charge Map"", ""is_operational"": true, ""last_verified"": ""2025-05-20T02:24:00Z"", ""number_of_plugs"": null, ""operator"": ""Evie"", ""plug_types"": ""CCS (Type 2); Type 2 (Socket Only)"", ""power_kw_max"": 300.0, ""power_kw_min"": 300.0, ""power_kw_values"": [300.0], ""power_scope"": ""dc_indicated_connection_ratings"", ""status"": ""Operational"", ""usage_cost"": ""63c""}",True,1,1,,address evidence is inconsistent; candidate does not pass the automatic identity gate,,False,unmatched,unmatched,,,,,,,{},,0,0,,,,False,unmatched,unmatched,,,,,,,{},,0,0,,,,False,review,review,,,OCM,OCM: address evidence is inconsistent; candidate does not pass the automatic identity gate,,no,,{},{},0,"[{""binding"": ""same source address and OCM ID; search evidence only"", ""conclusion"": ""web_evidence_found_not_identity_proof"", ""file"": ""data/reference/web_review/task3_ocm_125_web_confidence.csv"", ""page_opened"": true, ""reported_confidence"": ""high"", ""url"": ""https://geelytamworth.com.au/""}]"
884,,,"Kiewa Street, Albury NSW 2640",NRMA Electric,2,DC,50 kW,-36.08379184,146.9148338,Albury City Council,2640,Existing Fast Chargers,0,0,0,0,0,0,0,0,0,0,0,0,0,0,0,0,0,0,0,0,0,0,0,0,0,0,0,0,0,0,0,2,0,0,0,0,0,0,0,0,Murray,109,2640,unmatched,unmatched,,,,,,,{},,0,0,,,,False,accepted,coordinate_only,2.9478193256045073,0.0,https://www.openstreetmap.org/node/7244697466,,,NRMA,"{""access_condition"": ""Free Access"", ""allows_card_payment"": false, ""allows_reservation"": false, ""charging_point_count"": null, ""charging_point_count_raw"": null, ""connector_types_normalized"": ""CCS;CHAdeMO"", ""data_provider"": ""OpenStreetMap"", ""is_free"": false, ""network"": """", ""number_of_plugs"": null, ""opening_hours"": """", ""power_kw_max"": null, ""power_kw_min"": null, ""power_scope"": ""station_reported_maximum"", ""pricing_info"": """"}",True,1,1,,,,False,unmatched,unmatched,,,,,,,{},,0,0,,,,False,accepted,accepted,OSM,OSM:https://www.openstreetmap.org/node/7244697466,,,,no,,"{""OSM::access_condition"": ""Free Access"", ""OSM::allows_card_payment"": false, ""OSM::allows_reservation"": false, ""OSM::connector_types_normalized"": ""CCS;CHAdeMO"", ""OSM::data_provider"": ""OpenStreetMap"", ""OSM::is_free"": false, ""OSM::power_scope"": ""station_reported_maximum""}","{""OSM::access_condition"": ""Free Access"", ""OSM::allows_card_payment"": false, ""OSM::allows_reservation"": false, ""OSM::connector_types_normalized"": ""CCS;CHAdeMO"", ""OSM::is_free"": false, ""OSM::power_scope"": ""station_reported_maximum""}",5,"[{""binding"": ""source_address_only; external identity not verified"", ""conclusion"": """", ""file"": ""data/reference/web_review/task3_104_non_ocm_web_verified.csv"", ""page_opened"": false, ""reported_confidence"": ""medium"", ""url"": ""https://www.chargeroute.au/chargers/nsw/exploren-albury-albury-3""}]"
886,,,"Kintore Headframe Car Park, 51 Bromide Street, Broken Hill NSW 2880",NRMA Electric,2,DC,50 kW,-31.557857,143.3855021,Broken Hill City Council,2880,TfNSW Regional,0,0,0,0,0,0,0,0,0,0,0,0,0,0,0,0,0,0,0,0,0,0,0,0,0,0,0,0,0,0,0,2,0,0,0,0,0,0,0,0,Far West and Orana,105,2836,review,coordinate_only,56.87538823495001,0.3728444802578566,190678,"1-7 Ross St, Wilcannia, New South Wales, 2836",Wilcannia [NRMA],NRMA,"{""charger_capacities"": ""75 kW"", ""charging_point_count"": 1.0, ""connector_types_normalized"": ""CCS;CHAdeMO"", ""data_provider"": ""Open Charge Map"", ""is_operational"": true, ""last_verified"": ""2022-05-04T03:08:00Z"", ""number_of_plugs"": null, ""operator"": ""NRMA"", ""plug_types"": ""CCS (Type 2); CHAdeMO"", ""power_kw_max"": 75.0, ""power_kw_min"": 75.0, ""power_kw_values"": [75.0], ""power_scope"": ""dc_indicated_connection_ratings"", ""status"": ""Operational"", ""usage_cost"": """"}",True,2,1,,source address and original postcode conflict; external postcode conflicts with source; house numbers conflict; address evidence is inconsistent; candidate does not pass the automatic identity gate,,True,unmatched,unmatched,,,,,,,{},,0,0,,,,True,unmatched,unmatched,,,,,,,{},,0,0,,,,True,review,review,,,OCM,OCM: source address and original postcode conflict; external postcode conflicts with source; house numbers conflict; address evidence is inconsistent; candidate does not pass the automatic identity gate,,no,,{},{},0,"[{""binding"": ""same source address and OCM ID; search evidence only"", ""conclusion"": ""not_verified"", ""file"": ""data/reference/web_review/task3_ocm_125_web_confidence.csv"", ""page_opened"": false, ""reported_confidence"": ""low"", ""url"": """"}]"
888,,,"Koonya Circuit, Sydney NSW 2229",Exploren,2,DC,50 kW,-34.0278569,151.1217848,Sutherland Shire Council,2229,Existing Fast Chargers,0,0,0,0,0,0,0,0,0,0,0,0,0,0,0,0,0,0,0,0,0,0,0,0,0,0,0,0,0,0,0,2,0,0,0,0,0,0,0,0,Sydney - Sutherland,128,2229,unmatched,unmatched,,,,,,,{},,0,0,,,,False,unmatched,unmatched,,,,,,,{},,0,0,,,,False,accepted,coordinate_only,70.03290617569733,0.8297297297297298,15d06bf5-6b4a-425d-9312-bae4b17cc22b-174,"Koonya Cct, Caringbah, NSW 2229",Bunnings Caringbah,,"{""connector_types_normalized"": ""CCS;CHAdeMO"", ""data_provider"": ""Charge@Large"", ""dc_port_count"": 2, ""number_of_plugs"": null, ""power_kw_max"": 50.0, ""power_kw_min"": 50.0, ""power_kw_values"": [50.0], ""power_scope"": ""dc_indicated_ports"", ""site_power_range_raw"": ""50"", ""status_counts"": {""OutOfService"": 2}, ""status_observed_at"": null, ""total_port_count"": 2}",True,1,1,,,address evidence is inconsistent,False,accepted,accepted,Charge@Large,Charge@Large:15d06bf5-6b4a-425d-9312-bae4b17cc22b-174,,,Charge@Large: address evidence is inconsistent,yes,,"{""Charge@Large::connector_types_normalized"": ""CCS;CHAdeMO"", ""Charge@Large::data_provider"": ""Charge@Large"", ""Charge@Large::dc_port_count"": 2, ""Charge@Large::power_kw_max"": 50.0, ""Charge@Large::power_kw_min"": 50.0, ""Charge@Large::power_kw_values"": [50.0], ""Charge@Large::power_scope"": ""dc_indicated_ports"", ""Charge@Large::site_power_range_raw"": ""50"", ""Charge@Large::status_counts"": {""OutOfService"": 2}, ""Charge@Large::total_port_count"": 2}","{""Charge@Large::connector_types_normalized"": ""CCS;CHAdeMO"", ""Charge@Large::dc_port_count"": 2, ""Charge@Large::power_kw_max"": 50.0, ""Charge@Large::power_kw_min"": 50.0, ""Charge@Large::power_scope"": ""dc_indicated_ports"", ""Charge@Large::status_counts"": {""OutOfService"": 2}, ""Charge@Large::total_port_count"": 2}",2,"[{""binding"": ""source_address_only; external identity not verified"", ""conclusion"": """", ""file"": ""data/reference/web_review/task3_104_non_ocm_web_verified.csv"", ""page_opened"": true, ""reported_confidence"": ""low"", ""url"": ""https://www.tilling.com.au/find-a-reseller/""}]"
890,,,"Lake Haven Drive, Lake Haven NSW 2263",Engie,2,DC,150 kW,-33.2445959,151.498974,Camden Council,2263,ARENA - Driving the Nation,0,0,0,0,0,0,0,2,0,0,0,0,0,0,0,0,0,0,0,0,0,0,0,0,0,0,0,0,0,0,0,0,0,0,0,0,0,0,0,0,Central Coast,102,2263,review,fuzzy_address_only,580.9281647912666,0.9,272708,"Lake Haven Drive, Lake Haven, New South Wales, 2263",ENGIE - Lake Haven Centre,Chargefox,"{""charger_capacities"": ""120 kW"", ""charging_point_count"": 2.0, ""connector_types_normalized"": ""CCS"", ""data_provider"": ""Open Charge Map"", ""is_operational"": true, ""last_verified"": ""2023-07-17T12:19:00Z"", ""number_of_plugs"": null, ""operator"": ""Chargefox"", ""plug_types"": ""CCS (Type 2)"", ""power_kw_max"": 120.0, ""power_kw_min"": 120.0, ""power_kw_values"": [120.0], ""power_scope"": ""dc_indicated_connection_ratings"", ""status"": ""Operational"", ""usage_cost"": """"}",True,1,0,,address evidence is street-level only; address-only match; coordinates exceed 500 m,,False,unmatched,unmatched,,,,,,,{},,0,0,,,,False,unmatched,unmatched,,,,,,,{},,0,0,,,,False,review,review,,,OCM,OCM: address evidence is street-level only; address-only match; coordinates exceed 500 m,,no,,{},{},0,"[{""binding"": ""same source address and OCM ID; search evidence only"", ""conclusion"": ""address_supported_manual_review"", ""file"": ""data/reference/web_review/task3_ocm_125_web_confidence.csv"", ""page_opened"": false, ""reported_confidence"": ""medium"", ""url"": ""https://www.mtcfutureready.org.au/wp-content/uploads/2026/04/MTC-SEE-Referrer-Guide-for-WFA-IEA-TTW-and-Parent-Pathways-Providers.pdf; https://www.lakehavencentre.com.au/directions/parkings""}]"
893,,,"Lauder Street, Tumbarumba NSW 2653",Chargefox,2,DC,100 kW,-35.7735596,148.0094114,Snowy Valleys Council,2653,Existing Fast Chargers,2,0,0,0,0,0,0,0,0,0,0,0,0,0,0,0,0,0,0,0,0,0,0,0,0,0,0,0,0,0,0,0,0,0,0,0,0,0,0,0,Riverina,113,2653,unmatched,unmatched,,,,,,,{},,0,0,,,,False,accepted,coordinate_only,4.5651765700277815,0.0,https://www.openstreetmap.org/node/12885318910,,,Chargefox,"{""access_condition"": ""Free Access"", ""allows_card_payment"": false, ""allows_reservation"": false, ""charging_point_count"": 2, ""charging_point_count_raw"": 2, ""connector_types_normalized"": ""CCS"", ""data_provider"": ""OpenStreetMap"", ""is_free"": false, ""network"": """", ""number_of_plugs"": null, ""opening_hours"": """", ""power_kw_max"": null, ""power_kw_min"": null, ""power_scope"": ""station_reported_maximum"", ""pricing_info"": """"}",True,1,1,,,,False,unmatched,unmatched,,,,,,,{},,0,0,,,,False,accepted,accepted,OSM,OSM:https://www.openstreetmap.org/node/12885318910,,,,no,,"{""OSM::access_condition"": ""Free Access"", ""OSM::allows_card_payment"": false, ""OSM::allows_reservation"": false, ""OSM::charging_point_count"": 2, ""OSM::charging_point_count_raw"": 2, ""OSM::connector_types_normalized"": ""CCS"", ""OSM::data_provider"": ""OpenStreetMap"", ""OSM::is_free"": false, ""OSM::power_scope"": ""station_reported_maximum""}","{""OSM::access_condition"": ""Free Access"", ""OSM::allows_card_payment"": false, ""OSM::allows_reservation"": false, ""OSM::connector_types_normalized"": ""CCS"", ""OSM::is_free"": false, ""OSM::power_scope"": ""station_reported_maximum""}",5,"[{""binding"": ""source_address_only; external identity not verified"", ""conclusion"": """", ""file"": ""data/reference/web_review/task3_104_non_ocm_web_verified.csv"", ""page_opened"": false, ""reported_confidence"": ""medium"", ""url"": ""https://www.snowyvalleys.nsw.gov.au/files/assets/public/v/1/general-documents/da-determinations-september-october-november-2017-svc.pdf""}]"
898,,,"M4 Motorway Westbound, Sydney NSW 2766",Ampol,10,DC,400 kW,-33.80214519,150.8802132,Blacktown City Council,2766,Existing Fast Chargers,0,0,0,0,0,0,0,0,0,0,0,0,0,0,0,0,0,0,0,0,0,0,0,0,0,0,0,10,0,0,0,0,0,0,0,0,0,0,0,0,Sydney - Blacktown,116,2766,unmatched,unmatched,,,,,,,{},,0,0,,,,False,review,coordinate_only,123.38645196167494,0.0,https://www.openstreetmap.org/node/13371885230,,,AmpCharge,"{""access_condition"": ""Free Access"", ""allows_card_payment"": false, ""allows_reservation"": false, ""charging_point_count"": 10, ""charging_point_count_raw"": 10, ""connector_types_normalized"": ""CCS"", ""data_provider"": ""OpenStreetMap"", ""is_free"": false, ""network"": """", ""number_of_plugs"": null, ""opening_hours"": """", ""power_kw_max"": null, ""power_kw_min"": null, ""power_scope"": ""station_reported_maximum"", ""pricing_info"": """"}",True,1,1,,candidate does not pass the automatic identity gate,,False,unmatched,unmatched,,,,,,,{},,0,0,,,,False,review,review,,,OSM,OSM: candidate does not pass the automatic identity gate,,no,,{},{},0,"[{""binding"": ""source_address_only; external identity not verified"", ""conclusion"": """", ""file"": ""data/reference/web_review/task3_104_non_ocm_web_verified.csv"", ""page_opened"": false, ""reported_confidence"": ""medium"", ""url"": ""https://www.chargeroute.au/chargers/nsw/ampol-sydney-sydney-7""}]"
909,,,"Mortimer Street, Mudgee NSW 2850",NRMA Electric,2,DC,50 kW,-32.59368073,149.5862633,Mid-Western Regional Council,2850,Existing Fast Chargers,0,0,0,0,0,0,0,0,0,0,0,0,0,0,0,0,0,0,0,0,0,0,0,0,0,0,0,0,0,0,0,2,0,0,0,0,0,0,0,0,Central West,103,2850,accepted,coordinate_only,7.468673622640622,0.5849282296650719,191957,"Perry Street, Mudgee, New South Wales, 2850",NRMA Mudgee,NRMA,"{""charger_capacities"": ""50 kW"", ""charging_point_count"": 1.0, ""connector_types_normalized"": ""CCS;CHAdeMO"", ""data_provider"": ""Open Charge Map"", ""is_operational"": true, ""last_verified"": ""2024-06-14T12:05:00Z"", ""number_of_plugs"": null, ""operator"": ""NRMA"", ""plug_types"": ""CCS (Type 2); CHAdeMO"", ""power_kw_max"": 50.0, ""power_kw_min"": 50.0, ""power_kw_values"": [50.0], ""power_scope"": ""dc_indicated_connection_ratings"", ""status"": ""Operational"", ""usage_cost"": ""60c / 54c for NRMA Members""}",True,2,2,474.21797404711754,,address evidence is inconsistent,False,review,coordinate_only,449.32577002035777,0.0,https://www.openstreetmap.org/node/13341675501,,,NRMA,"{""access_condition"": ""Free Access"", ""allows_card_payment"": false, ""allows_reservation"": false, ""charging_point_count"": null, ""charging_point_count_raw"": null, ""connector_types_normalized"": ""CCS;CHAdeMO"", ""data_provider"": ""OpenStreetMap"", ""is_free"": false, ""network"": """", ""number_of_plugs"": null, ""opening_hours"": """", ""power_kw_max"": null, ""power_kw_min"": null, ""power_scope"": ""station_reported_maximum"", ""pricing_info"": """"}",True,1,1,,candidate does not pass the automatic identity gate,,False,unmatched,unmatched,,,,,,,{},,0,0,,,,False,accepted,accepted,OCM,OCM:191957,OSM,OSM: candidate does not pass the automatic identity gate,OCM: address evidence is inconsistent,yes,,"{""OCM::charger_capacities"": ""50 kW"", ""OCM::charging_point_count"": 1.0, ""OCM::connector_types_normalized"": ""CCS;CHAdeMO"", ""OCM::data_provider"": ""Open Charge Map"", ""OCM::is_operational"": true, ""OCM::last_verified"": ""2024-06-14T12:05:00Z"", ""OCM::operator"": ""NRMA"", ""OCM::plug_types"": ""CCS (Type 2); CHAdeMO"", ""OCM::power_kw_max"": 50.0, ""OCM::power_kw_min"": 50.0, ""OCM::power_kw_values"": [50.0], ""OCM::power_scope"": ""dc_indicated_connection_ratings"", ""OCM::status"": ""Operational"", ""OCM::usage_cost"": ""60c / 54c for NRMA Members""}","{""OCM::connector_types_normalized"": ""CCS;CHAdeMO"", ""OCM::is_operational"": true, ""OCM::operator"": ""NRMA"", ""OCM::plug_types"": ""CCS (Type 2); CHAdeMO"", ""OCM::power_kw_max"": 50.0, ""OCM::power_kw_min"": 50.0, ""OCM::power_scope"": ""dc_indicated_connection_ratings"", ""OCM::status"": ""Operational"", ""OCM::usage_cost"": ""60c / 54c for NRMA Members""}",5,"[{""binding"": ""same source address and OCM ID; search evidence only"", ""conclusion"": ""web_evidence_found_not_identity_proof"", ""file"": ""data/reference/web_review/task3_ocm_125_web_confidence.csv"", ""page_opened"": true, ""reported_confidence"": ""high"", ""url"": ""https://www.visitmudgeeregion.com.au/plan/visitor-services/ev-sites-dump-points-water-fill-stations""}]"
914,,,"Murray Rose Avenue, Sydney NSW 2127",NRMA Electric,2,DC,50 kW,-33.84603808,151.0698058,"Parramatta, Council of the City of",2127,Existing Fast Chargers,0,0,0,0,0,0,0,0,0,0,0,0,0,0,0,0,0,0,0,0,0,0,0,0,0,0,0,0,0,0,0,2,0,0,0,0,0,0,0,0,Sydney - Parramatta,125,2127,accepted,coordinate_only,4.722748957895716,0.8491525423728814,191394,"9 Murray Rose Ave, Sydney Olympic Park, NSW, 2127",NRMA Olympic Park,NRMA,"{""charger_capacities"": ""50 kW"", ""charging_point_count"": 1.0, ""connector_types_normalized"": ""CCS;CHAdeMO"", ""data_provider"": ""Open Charge Map"", ""is_operational"": true, ""last_verified"": ""2022-02-09T13:05:00Z"", ""number_of_plugs"": null, ""operator"": ""NRMA"", ""plug_types"": ""CCS (Type 2); CHAdeMO"", ""power_kw_max"": 50.0, ""power_kw_min"": 50.0, ""power_kw_values"": [50.0], ""power_scope"": ""dc_indicated_connection_ratings"", ""status"": ""Operational"", ""usage_cost"": ""Free""}",True,1,1,,,address evidence is inconsistent,False,accepted,coordinate_only,4.167456190307928,0.0,https://www.openstreetmap.org/node/6595579456,,,NRMA,"{""access_condition"": ""Free Access"", ""allows_card_payment"": false, ""allows_reservation"": false, ""charging_point_count"": 2, ""charging_point_count_raw"": 2, ""connector_types_normalized"": ""CCS"", ""data_provider"": ""OpenStreetMap"", ""is_free"": true, ""network"": """", ""number_of_plugs"": null, ""opening_hours"": """", ""power_kw_max"": null, ""power_kw_min"": null, ""power_scope"": ""station_reported_maximum"", ""pricing_info"": """"}",True,1,1,,,,False,unmatched,unmatched,,,,,,,{},,0,0,,,,False,accepted,accepted,OCM;OSM,OCM:191394;OSM:https://www.openstreetmap.org/node/6595579456,,,OCM: address evidence is inconsistent,yes,,"{""OCM::charger_capacities"": ""50 kW"", ""OCM::charging_point_count"": 1.0, ""OCM::connector_types_normalized"": ""CCS;CHAdeMO"", ""OCM::data_provider"": ""Open Charge Map"", ""OCM::is_operational"": true, ""OCM::last_verified"": ""2022-02-09T13:05:00Z"", ""OCM::operator"": ""NRMA"", ""OCM::plug_types"": ""CCS (Type 2); CHAdeMO"", ""OCM::power_kw_max"": 50.0, ""OCM::power_kw_min"": 50.0, ""OCM::power_kw_values"": [50.0], ""OCM::power_scope"": ""dc_indicated_connection_ratings"", ""OCM::status"": ""Operational"", ""OCM::usage_cost"": ""Free"", ""OSM::access_condition"": ""Free Access"", ""OSM::allows_card_payment"": false, ""OSM::allows_reservation"": false, ""OSM::charging_point_count"": 2, ""OSM::charging_point_count_raw"": 2, ""OSM::connector_types_normalized"": ""CCS"", ""OSM::data_provider"": ""OpenStreetMap"", ""OSM::is_free"": true, ""OSM::power_scope"": ""station_reported_maximum""}","{""OCM::connector_types_normalized"": ""CCS;CHAdeMO"", ""OCM::is_operational"": true, ""OCM::operator"": ""NRMA"", ""OCM::plug_types"": ""CCS (Type 2); CHAdeMO"", ""OCM::power_kw_max"": 50.0, ""OCM::power_kw_min"": 50.0, ""OCM::power_scope"": ""dc_indicated_connection_ratings"", ""OCM::status"": ""Operational"", ""OCM::usage_cost"": ""Free"", ""OSM::access_condition"": ""Free Access"", ""OSM::allows_card_payment"": false, ""OSM::allows_reservation"": false, ""OSM::connector_types_normalized"": ""CCS"", ""OSM::is_free"": true, ""OSM::power_scope"": ""station_reported_maximum""}",9,[]
916,,,"Narellan Road Cnr Maxwell Place, Sydney NSW 2567",Ampol,4,DC,150 kW,-34.04010015,150.7435405,Camden Council,2567,Existing Fast Chargers,0,0,0,0,0,0,0,4,0,0,0,0,0,0,0,0,0,0,0,0,0,0,0,0,0,0,0,0,0,0,0,0,0,0,0,0,0,0,0,0,Sydney - Outer South West,123,2567,unmatched,unmatched,,,,,,,{},,0,0,,,,False,accepted,coordinate_only,71.59695594713628,0.0,https://www.openstreetmap.org/node/13018467011,,,AmpCharge,"{""access_condition"": ""Free Access"", ""allows_card_payment"": false, ""allows_reservation"": false, ""charging_point_count"": 4, ""charging_point_count_raw"": 4, ""connector_types_normalized"": ""CCS"", ""data_provider"": ""OpenStreetMap"", ""is_free"": false, ""network"": """", ""number_of_plugs"": null, ""opening_hours"": """", ""power_kw_max"": null, ""power_kw_min"": null, ""power_scope"": ""station_reported_maximum"", ""pricing_info"": """"}",True,1,1,,,,False,unmatched,unmatched,,,,,,,{},,0,0,,,,False,accepted,accepted,OSM,OSM:https://www.openstreetmap.org/node/13018467011,,,,no,,"{""OSM::access_condition"": ""Free Access"", ""OSM::allows_card_payment"": false, ""OSM::allows_reservation"": false, ""OSM::charging_point_count"": 4, ""OSM::charging_point_count_raw"": 4, ""OSM::connector_types_normalized"": ""CCS"", ""OSM::data_provider"": ""OpenStreetMap"", ""OSM::is_free"": false, ""OSM::power_scope"": ""station_reported_maximum""}","{""OSM::access_condition"": ""Free Access"", ""OSM::allows_card_payment"": false, ""OSM::allows_reservation"": false, ""OSM::connector_types_normalized"": ""CCS"", ""OSM::is_free"": false, ""OSM::power_scope"": ""station_reported_maximum""}",5,"[{""binding"": ""source_address_only; external identity not verified"", ""conclusion"": """", ""file"": ""data/reference/web_review/task3_104_non_ocm_web_verified.csv"", ""page_opened"": false, ""reported_confidence"": ""medium"", ""url"": ""https://www.jetro.go.jp/agriportal/supporter/list.html?_previewDate_=null&_tmpCssPreview_=0%2F%2F%2Fevents%2F%2Fevents%2F%2F%2F%2Fbiznews%2F%2F%2F%2Fbiznews%2F%2F%2F%2F&revision=0&viewForce=1""}]"
917,,,"Newbridge Road 216, Sydney NSW 2170",Ampol,2,DC,150 kW,-33.92932037,150.9551001,Liverpool City Council,2170,Existing Fast Chargers,0,0,0,0,0,0,0,2,0,0,0,0,0,0,0,0,0,0,0,0,0,0,0,0,0,0,0,0,0,0,0,0,0,0,0,0,0,0,0,0,Sydney - South West,127,2170,unmatched,unmatched,,,,,,,{},,0,0,,,,False,accepted,coordinate_only,37.182490353055655,0.0,https://www.openstreetmap.org/node/11957109508,,,AmpCharge,"{""access_condition"": ""Free Access"", ""allows_card_payment"": false, ""allows_reservation"": false, ""charging_point_count"": 2, ""charging_point_count_raw"": 2, ""connector_types_normalized"": ""CCS"", ""data_provider"": ""OpenStreetMap"", ""is_free"": false, ""network"": """", ""number_of_plugs"": null, ""opening_hours"": """", ""power_kw_max"": null, ""power_kw_min"": null, ""power_scope"": ""station_reported_maximum"", ""pricing_info"": """"}",True,1,1,,,,False,unmatched,unmatched,,,,,,,{},,0,0,,,,False,accepted,accepted,OSM,OSM:https://www.openstreetmap.org/node/11957109508,,,,no,,"{""OSM::access_condition"": ""Free Access"", ""OSM::allows_card_payment"": false, ""OSM::allows_reservation"": false, ""OSM::charging_point_count"": 2, ""OSM::charging_point_count_raw"": 2, ""OSM::connector_types_normalized"": ""CCS"", ""OSM::data_provider"": ""OpenStreetMap"", ""OSM::is_free"": false, ""OSM::power_scope"": ""station_reported_maximum""}","{""OSM::access_condition"": ""Free Access"", ""OSM::allows_card_payment"": false, ""OSM::allows_reservation"": false, ""OSM::connector_types_normalized"": ""CCS"", ""OSM::is_free"": false, ""OSM::power_scope"": ""station_reported_maximum""}",5,"[{""binding"": ""source_address_only; external identity not verified"", ""conclusion"": """", ""file"": ""data/reference/web_review/task3_104_non_ocm_web_verified.csv"", ""page_opened"": false, ""reported_confidence"": ""medium"", ""url"": ""https://www.chargeroute.au/chargers/nsw/ampol-sydney-sydney-9""}]"
918,,,"North Terrace, Sydney NSW 2200",Chargefox,4,DC,200 kW,-33.91649454,151.0402563,Canterbury Bankstown Council,2200,Existing Fast Chargers,0,0,0,0,0,0,0,0,0,0,0,0,0,0,0,4,0,0,0,0,0,0,0,0,0,0,0,0,0,0,0,0,0,0,0,0,0,0,0,0,Sydney - Inner South West,119,2200,unmatched,unmatched,,,,,,,{},,0,0,,,,False,unmatched,unmatched,,,,,,,{},,0,0,,,,False,accepted,coordinate_only,2.834374953706121,0.5693548387096775,15d06bf5-6b4a-425d-9312-bae4b17cc22b-2520,"Shop ML436/1 North Terrace, Bankstown, NSW 2200",Bankstown Central,,"{""connector_types_normalized"": ""CCS"", ""data_provider"": ""Charge@Large"", ""dc_port_count"": 6, ""number_of_plugs"": null, ""power_kw_max"": 160.0, ""power_kw_min"": 160.0, ""power_kw_values"": [160.0], ""power_scope"": ""dc_indicated_ports"", ""site_power_range_raw"": ""160"", ""status_counts"": {""Available"": 5, ""Charging"": 1}, ""status_observed_at"": null, ""total_port_count"": 6}",True,1,1,,,address evidence is inconsistent,False,accepted,accepted,Charge@Large,Charge@Large:15d06bf5-6b4a-425d-9312-bae4b17cc22b-2520,,,Charge@Large: address evidence is inconsistent,yes,,"{""Charge@Large::connector_types_normalized"": ""CCS"", ""Charge@Large::data_provider"": ""Charge@Large"", ""Charge@Large::dc_port_count"": 6, ""Charge@Large::power_kw_max"": 160.0, ""Charge@Large::power_kw_min"": 160.0, ""Charge@Large::power_kw_values"": [160.0], ""Charge@Large::power_scope"": ""dc_indicated_ports"", ""Charge@Large::site_power_range_raw"": ""160"", ""Charge@Large::status_counts"": {""Available"": 5, ""Charging"": 1}, ""Charge@Large::total_port_count"": 6}","{""Charge@Large::connector_types_normalized"": ""CCS"", ""Charge@Large::dc_port_count"": 6, ""Charge@Large::power_kw_max"": 160.0, ""Charge@Large::power_kw_min"": 160.0, ""Charge@Large::power_scope"": ""dc_indicated_ports"", ""Charge@Large::status_counts"": {""Available"": 5, ""Charging"": 1}, ""Charge@Large::total_port_count"": 6}",2,"[{""binding"": ""source_address_only; external identity not verified"", ""conclusion"": """", ""file"": ""data/reference/web_review/task3_104_non_ocm_web_verified.csv"", ""page_opened"": true, ""reported_confidence"": ""high"", ""url"": ""https://ev-charging-stations.com.au/chargers/nsw/yagoona""}]"
920,,,"Oatley Railway Station, Oatley Parade, Oatley, Oatley Parade, New South Wales NSW 2223",JOLT,1,DC,25 kW,-33.981453,151.079434,Georges River Council,2223,TfNSW Commuter Car Parks,0,0,0,0,0,0,0,0,0,0,0,0,0,0,0,0,0,0,0,0,0,0,1,0,0,0,0,0,0,0,0,0,0,0,0,0,0,0,0,0,Sydney - Inner South West,119,2223,unmatched,unmatched,,,,,,,{},,0,0,,,,False,unmatched,unmatched,,,,,,,{},,0,0,,,,False,unmatched,unmatched,,,,,,,{},,0,0,,,,False,unmatched,unmatched,,,,,,no,,{},{},0,[]
923,,,"Orchard Court, Bathurst NSW 2795",Exploren,2,DC,120 kW,-33.42979584,149.560006,Bathurst Regional Council,2795,Existing Fast Chargers,0,0,2,0,0,0,0,0,0,0,0,0,0,0,0,0,0,0,0,0,0,0,0,0,0,0,0,0,0,0,0,0,0,0,0,0,0,0,0,0,Central West,103,2795,unmatched,unmatched,,,,,,,{},,0,0,,,,False,unmatched,unmatched,,,,,,,{},,0,0,,,,False,accepted,coordinate_only,0.1320852911746583,0.17285714285714285,15d06bf5-6b4a-425d-9312-bae4b17cc22b-1469,"1432, Mitchell, NSW 2795",Charles Sturt University - Bathurst Campus,,"{""connector_types_normalized"": ""CCS"", ""data_provider"": ""Charge@Large"", ""dc_port_count"": 2, ""number_of_plugs"": null, ""power_kw_max"": 120.0, ""power_kw_min"": 120.0, ""power_kw_values"": [120.0], ""power_scope"": ""dc_indicated_ports"", ""site_power_range_raw"": ""120"", ""status_counts"": {""Available"": 2}, ""status_observed_at"": null, ""total_port_count"": 2}",True,1,1,,,address evidence is inconsistent,False,accepted,accepted,Charge@Large,Charge@Large:15d06bf5-6b4a-425d-9312-bae4b17cc22b-1469,,,Charge@Large: address evidence is inconsistent,yes,,"{""Charge@Large::connector_types_normalized"": ""CCS"", ""Charge@Large::data_provider"": ""Charge@Large"", ""Charge@Large::dc_port_count"": 2, ""Charge@Large::power_kw_max"": 120.0, ""Charge@Large::power_kw_min"": 120.0, ""Charge@Large::power_kw_values"": [120.0], ""Charge@Large::power_scope"": ""dc_indicated_ports"", ""Charge@Large::site_power_range_raw"": ""120"", ""Charge@Large::status_counts"": {""Available"": 2}, ""Charge@Large::total_port_count"": 2}","{""Charge@Large::connector_types_normalized"": ""CCS"", ""Charge@Large::dc_port_count"": 2, ""Charge@Large::power_kw_max"": 120.0, ""Charge@Large::power_kw_min"": 120.0, ""Charge@Large::power_scope"": ""dc_indicated_ports"", ""Charge@Large::status_counts"": {""Available"": 2}, ""Charge@Large::total_port_count"": 2}",2,"[{""binding"": ""source_address_only; external identity not verified"", ""conclusion"": """", ""file"": ""data/reference/web_review/task3_104_non_ocm_web_verified.csv"", ""page_opened"": true, ""reported_confidence"": ""high"", ""url"": ""https://gazette.nsw.gov.au/gazette/2016/1/2016-3.pdf""}]"
925,,,"Pacific Highway Cnr, 13-15 Costa Avenue, Charmhaven NSW 2263",Ampol,4,DC,125 kW,-33.2179895,151.5103011,Maitland City Council,2263,ARENA - Driving the Nation,0,0,0,4,0,0,0,0,0,0,0,0,0,0,0,0,0,0,0,0,0,0,0,0,0,0,0,0,0,0,0,0,0,0,0,0,0,0,0,0,Central Coast,102,2263,unmatched,unmatched,,,,,,,{},,0,0,,,,False,unmatched,unmatched,,,,,,,{},,0,0,,,,False,unmatched,unmatched,,,,,,,{},,0,0,,,,False,unmatched,unmatched,,,,,,no,,{},{},0,[]
926,,,"Pacific Highway, Boambee NSW 2450",Chargefox,2,DC,270 kW,-30.31793098,153.0897227,Coffs Harbour City Council,2450,Existing Fast Chargers,0,0,0,0,0,0,0,0,0,0,0,0,0,0,0,0,0,0,0,0,0,0,0,2,0,0,0,0,0,0,0,0,0,0,0,0,0,0,0,0,Coffs Harbour - Grafton,104,2450,accepted,coordinate_only,15.502419481476764,0.8490196078431373,172852,"Pacific Highway, North Boambee Valley, NSW, 2450",Coffs Harbour [Chargefox],Chargefox,"{""charger_capacities"": ""100 kW; 350 kW"", ""charging_point_count"": 2.0, ""connector_types_normalized"": ""CCS;CHAdeMO"", ""data_provider"": ""Open Charge Map"", ""is_operational"": true, ""last_verified"": ""2023-07-13T22:16:00Z"", ""number_of_plugs"": null, ""operator"": ""Chargefox"", ""plug_types"": ""CCS (Type 2); CHAdeMO"", ""power_kw_max"": 350.0, ""power_kw_min"": 100.0, ""power_kw_values"": [100.0, 350.0], ""power_scope"": ""dc_indicated_connection_ratings"", ""status"": ""Operational"", ""usage_cost"": ""$0.60/kWh""}",True,1,1,,,address evidence is inconsistent,False,accepted,coordinate_only,27.044406693747913,0.0,https://www.openstreetmap.org/node/10861584624,,Chargefox Coffs Harbour,Chargefox,"{""access_condition"": ""Free Access"", ""allows_card_payment"": false, ""allows_reservation"": false, ""charging_point_count"": null, ""charging_point_count_raw"": null, ""connector_types_normalized"": ""CCS;CHAdeMO"", ""data_provider"": ""OpenStreetMap"", ""is_free"": false, ""network"": """", ""number_of_plugs"": null, ""opening_hours"": """", ""power_kw_max"": null, ""power_kw_min"": null, ""power_scope"": ""station_reported_maximum"", ""pricing_info"": """"}",True,1,1,,,,False,unmatched,unmatched,,,,,,,{},,0,0,,,,False,accepted,accepted,OCM;OSM,OCM:172852;OSM:https://www.openstreetmap.org/node/10861584624,,,OCM: address evidence is inconsistent,yes,,"{""OCM::charger_capacities"": ""100 kW; 350 kW"", ""OCM::charging_point_count"": 2.0, ""OCM::connector_types_normalized"": ""CCS;CHAdeMO"", ""OCM::data_provider"": ""Open Charge Map"", ""OCM::is_operational"": true, ""OCM::last_verified"": ""2023-07-13T22:16:00Z"", ""OCM::operator"": ""Chargefox"", ""OCM::plug_types"": ""CCS (Type 2); CHAdeMO"", ""OCM::power_kw_max"": 350.0, ""OCM::power_kw_min"": 100.0, ""OCM::power_kw_values"": [100.0, 350.0], ""OCM::power_scope"": ""dc_indicated_connection_ratings"", ""OCM::status"": ""Operational"", ""OCM::usage_cost"": ""$0.60/kWh"", ""OSM::access_condition"": ""Free Access"", ""OSM::allows_card_payment"": false, ""OSM::allows_reservation"": false, ""OSM::connector_types_normalized"": ""CCS;CHAdeMO"", ""OSM::data_provider"": ""OpenStreetMap"", ""OSM::is_free"": false, ""OSM::power_scope"": ""station_reported_maximum""}","{""OCM::connector_types_normalized"": ""CCS;CHAdeMO"", ""OCM::is_operational"": true, ""OCM::operator"": ""Chargefox"", ""OCM::plug_types"": ""CCS (Type 2); CHAdeMO"", ""OCM::power_kw_max"": 350.0, ""OCM::power_kw_min"": 100.0, ""OCM::power_scope"": ""dc_indicated_connection_ratings"", ""OCM::status"": ""Operational"", ""OCM::usage_cost"": ""$0.60/kWh"", ""OSM::access_condition"": ""Free Access"", ""OSM::allows_card_payment"": false, ""OSM::allows_reservation"": false, ""OSM::connector_types_normalized"": ""CCS;CHAdeMO"", ""OSM::is_free"": false, ""OSM::power_scope"": ""station_reported_maximum""}",9,[]
927,,,"Parramatta Road 214, Sydney NSW 2134",Everty,2,DC,60 kW,-33.86979084,151.1106677,Burwood Council,2134,Existing Fast Chargers,0,0,0,0,0,0,0,0,0,0,0,0,0,0,0,0,0,0,0,0,0,0,0,0,0,0,0,0,0,0,0,0,0,2,0,0,0,0,0,0,Sydney - Inner West,120,2134,unmatched,unmatched,,,,,,,{},,0,0,,,,False,unmatched,unmatched,,,,,,,{},,0,0,,,,False,unmatched,unmatched,,,,,,,{},,0,0,,,,False,unmatched,unmatched,,,,,,no,,{},{},0,[]
928,,,"Penrith Railway Station, Jane Street, Penrith, Jane Street, New South Wales NSW 2750",JOLT,1,DC,25 kW,-33.750304,150.694089,Penrith City Council,2750,TfNSW Commuter Car Parks,0,0,0,0,0,0,0,0,0,0,0,0,0,0,0,0,0,0,0,0,0,0,1,0,0,0,0,0,0,0,0,0,0,0,0,0,0,0,0,0,Sydney - Outer West and Blue Mountains,124,2750,unmatched,unmatched,,,,,,,{},,0,0,,,,False,unmatched,unmatched,,,,,,,{},,0,0,,,,False,unmatched,unmatched,,,,,,,{},,0,0,,,,False,unmatched,unmatched,,,,,,no,,{},{},0,[]
930,,,"Pittwater Road, Sydney NSW 2101",JOLT,2,DC,25 kW,-33.71376381,151.2971421,Northern Beaches Council,2101,Existing Fast Chargers,0,0,0,0,0,0,0,0,0,0,0,0,0,0,0,0,0,0,0,0,0,0,2,0,0,0,0,0,0,0,0,0,0,0,0,0,0,0,0,0,Sydney - Northern Beaches,122,2101,unmatched,unmatched,,,,,,,{},,0,0,,,,False,unmatched,unmatched,,,,,,,{},,0,0,,,,False,unmatched,unmatched,,,,,,,{},,0,0,,,,False,unmatched,unmatched,,,,,,no,,{},{},0,[]
931,,,"Pole Lane, Sydney NSW 2065",Evie Networks,4,DC,75 kW,-33.82462167,151.1997668,North Sydney Council,2065,Existing Fast Chargers,0,0,0,0,0,0,0,0,0,0,0,0,0,0,0,0,0,0,0,0,0,0,0,0,0,0,0,0,0,0,0,0,0,0,0,4,0,0,0,0,Sydney - North Sydney and Hornsby,121,2065,review,coordinate_only,418.84848376956006,0.31222222222222223,272632,"88 Christie St, St Leonards, NSW, 2065",Civic Plaza 88 Christie,Evie,"{""charger_capacities"": ""50 kW"", ""charging_point_count"": 2.0, ""connector_types_normalized"": ""CCS;CHAdeMO"", ""data_provider"": ""Open Charge Map"", ""is_operational"": true, ""last_verified"": ""2023-07-15T12:12:00Z"", ""number_of_plugs"": null, ""operator"": ""Evie"", ""plug_types"": ""CCS (Type 2); CHAdeMO"", ""power_kw_max"": 50.0, ""power_kw_min"": 50.0, ""power_kw_values"": [50.0], ""power_scope"": ""dc_indicated_connection_ratings"", ""status"": ""Operational"", ""usage_cost"": """"}",True,1,1,,address evidence is inconsistent; candidate does not pass the automatic identity gate,,False,review,coordinate_only,20.925587158815887,0.0,https://www.openstreetmap.org/node/13059026685,,,Evie Networks,"{""access_condition"": ""Free Access"", ""allows_card_payment"": false, ""allows_reservation"": false, ""charging_point_count"": 4, ""charging_point_count_raw"": 4, ""connector_types_normalized"": ""CCS"", ""data_provider"": ""OpenStreetMap"", ""is_free"": false, ""network"": """", ""number_of_plugs"": null, ""opening_hours"": """", ""power_kw_max"": null, ""power_kw_min"": null, ""power_scope"": ""station_reported_maximum"", ""pricing_info"": """"}",True,2,2,326.7207242925149,external ID https://www.openstreetmap.org/node/13059026685 is shared by distinct source sites,,False,review,coordinate_only,460.5354317896542,0.4457264957264957,15d06bf5-6b4a-425d-9312-bae4b17cc22b-1993,"1 Plunkett St, New South Wales, St Leonards, NSW 2065",Willoughby City Council - Plunkett St,,"{""connector_types_normalized"": ""CCS"", ""data_provider"": ""Charge@Large"", ""dc_port_count"": 2, ""number_of_plugs"": null, ""power_kw_max"": 50.0, ""power_kw_min"": 50.0, ""power_kw_values"": [50.0], ""power_scope"": ""dc_indicated_ports"", ""site_power_range_raw"": ""50"", ""status_counts"": {""Available"": 2}, ""status_observed_at"": null, ""total_port_count"": 2}",True,1,1,,address evidence is inconsistent; candidate does not pass the automatic identity gate,,False,review,review,,,OCM;OSM;Charge@Large,OCM: address evidence is inconsistent; candidate does not pass the automatic identity gate; OSM: external ID https://www.openstreetmap.org/node/13059026685 is shared by distinct source sites; Charge@Large: address evidence is inconsistent; candidate does not pass the automatic identity gate,,no,,{},{},0,"[{""binding"": ""same source address and OCM ID; search evidence only"", ""conclusion"": ""web_evidence_found_not_identity_proof"", ""file"": ""data/reference/web_review/task3_ocm_125_web_confidence.csv"", ""page_opened"": true, ""reported_confidence"": ""high"", ""url"": ""https://www.plugroo.com.au/nsw/north-sydney""}]"
933,,,"Prince Of Wales Drive, Sydney NSW 2073",Exploren,2,DC,60 kW,-33.76357562,151.1336246,Ku-ring-gai Council,2073,Existing Fast Chargers,0,0,0,0,0,0,0,0,0,0,0,0,0,0,0,0,0,0,0,0,0,0,0,0,0,0,0,0,0,0,0,0,0,2,0,0,0,0,0,0,Sydney - North Sydney and Hornsby,121,2073,unmatched,unmatched,,,,,,,{},,0,0,,,,False,unmatched,unmatched,,,,,,,{},,0,0,,,,False,accepted,coordinate_only,0.10877681003872587,0.20454545454545453,15d06bf5-6b4a-425d-9312-bae4b17cc22b-1665,"64PM+J7, West Pymble, NSW 2073",Ku-ring-gai Fitness & Aquatic Centre,,"{""connector_types_normalized"": ""CCS"", ""data_provider"": ""Charge@Large"", ""dc_port_count"": 2, ""number_of_plugs"": null, ""power_kw_max"": 60.0, ""power_kw_min"": 60.0, ""power_kw_values"": [60.0], ""power_scope"": ""dc_indicated_ports"", ""site_power_range_raw"": ""60"", ""status_counts"": {""Available"": 1, ""Charging"": 1}, ""status_observed_at"": null, ""total_port_count"": 2}",True,1,1,,,address evidence is inconsistent,False,accepted,accepted,Charge@Large,Charge@Large:15d06bf5-6b4a-425d-9312-bae4b17cc22b-1665,,,Charge@Large: address evidence is inconsistent,yes,,"{""Charge@Large::connector_types_normalized"": ""CCS"", ""Charge@Large::data_provider"": ""Charge@Large"", ""Charge@Large::dc_port_count"": 2, ""Charge@Large::power_kw_max"": 60.0, ""Charge@Large::power_kw_min"": 60.0, ""Charge@Large::power_kw_values"": [60.0], ""Charge@Large::power_scope"": ""dc_indicated_ports"", ""Charge@Large::site_power_range_raw"": ""60"", ""Charge@Large::status_counts"": {""Available"": 1, ""Charging"": 1}, ""Charge@Large::total_port_count"": 2}","{""Charge@Large::connector_types_normalized"": ""CCS"", ""Charge@Large::dc_port_count"": 2, ""Charge@Large::power_kw_max"": 60.0, ""Charge@Large::power_kw_min"": 60.0, ""Charge@Large::power_scope"": ""dc_indicated_ports"", ""Charge@Large::status_counts"": {""Available"": 1, ""Charging"": 1}, ""Charge@Large::total_port_count"": 2}",2,"[{""binding"": ""source_address_only; external identity not verified"", ""conclusion"": """", ""file"": ""data/reference/web_review/task3_104_non_ocm_web_verified.csv"", ""page_opened"": false, ""reported_confidence"": ""medium"", ""url"": ""https://www.activeactivities.com.au/directory/location/nsw/sydney-region/upper-north-shore/west-pymble/most-popular/2025/""}]"
937,,,"Prospect Street, Holbrook NSW 2644",NRMA Electric,2,DC,50 kW,-35.7181522,147.316019,Greater Hume Shire Council,2644,Existing Fast Chargers,0,0,0,0,0,0,0,0,0,0,0,0,0,0,0,0,0,0,0,0,0,0,0,0,0,0,0,0,0,0,0,2,0,0,0,0,0,0,0,0,Murray,109,2644,review,coordinate_only,174.37769186541783,0.6903508771929825,190359,"Submarine Park, 7 Prospect Street, Holbrook, NSW",Holbrook [NRMA],NRMA,"{""charger_capacities"": ""50 kW"", ""charging_point_count"": 1.0, ""connector_types_normalized"": ""CCS;CHAdeMO"", ""data_provider"": ""Open Charge Map"", ""is_operational"": true, ""last_verified"": ""2021-12-19T02:24:00Z"", ""number_of_plugs"": null, ""operator"": ""NRMA"", ""plug_types"": ""CCS (Type 2); CHAdeMO"", ""power_kw_max"": 50.0, ""power_kw_min"": 50.0, ""power_kw_values"": [50.0], ""power_scope"": ""dc_indicated_connection_ratings"", ""status"": ""Operational"", ""usage_cost"": """"}",True,1,1,,address evidence is inconsistent; candidate does not pass the automatic identity gate,,False,review,coordinate_only,171.18446188936008,0.0,https://www.openstreetmap.org/node/6749392356,,,NRMA,"{""access_condition"": ""Free Access"", ""allows_card_payment"": false, ""allows_reservation"": false, ""charging_point_count"": 4, ""charging_point_count_raw"": 4, ""connector_types_normalized"": ""CCS"", ""data_provider"": ""OpenStreetMap"", ""is_free"": false, ""network"": """", ""number_of_plugs"": null, ""opening_hours"": """", ""power_kw_max"": null, ""power_kw_min"": null, ""power_scope"": ""station_reported_maximum"", ""pricing_info"": """"}",True,1,1,,candidate does not pass the automatic identity gate,,False,unmatched,unmatched,,,,,,,{},,0,0,,,,False,review,review,,,OCM;OSM,OCM: address evidence is inconsistent; candidate does not pass the automatic identity gate; OSM: candidate does not pass the automatic identity gate,,no,,{},{},0,"[{""binding"": ""same source address and OCM ID; search evidence only"", ""conclusion"": ""web_evidence_found_not_identity_proof"", ""file"": ""data/reference/web_review/task3_ocm_125_web_confidence.csv"", ""page_opened"": true, ""reported_confidence"": ""high"", ""url"": ""https://ev-charging-stations.com.au/chargers/nsw/holbrook""}]"
942,,,"Riverside Drive, Jugiong NSW 2726",NRMA Electric,2,DC,50 kW,-34.82342947,148.3257027,Hilltops Council,2726,Existing Fast Chargers,0,0,0,0,0,0,0,0,0,0,0,0,0,0,0,0,0,0,0,0,0,0,0,0,0,0,0,0,0,0,0,2,0,0,0,0,0,0,0,0,Capital Region,101,2726,accepted,coordinate_only,30.200421808813818,0.7318181818181819,190358,"319 Riverside Drive, Jugiong, NSW",Jugiong [NRMA],NRMA,"{""charger_capacities"": ""80 kW"", ""charging_point_count"": 1.0, ""connector_types_normalized"": ""CCS"", ""data_provider"": ""Open Charge Map"", ""is_operational"": true, ""last_verified"": ""2026-07-15T01:53:00Z"", ""number_of_plugs"": null, ""operator"": ""NRMA"", ""plug_types"": ""CCS (Type 2)"", ""power_kw_max"": 80.0, ""power_kw_min"": 80.0, ""power_kw_values"": [80.0], ""power_scope"": ""dc_indicated_connection_ratings"", ""status"": ""Operational"", ""usage_cost"": ""$0.70/kWh""}",True,1,1,,,address evidence is inconsistent,False,accepted,coordinate_only,30.350257991992596,0.0,https://www.openstreetmap.org/node/6749417820,,NRMA EV Charging Station,NRMA,"{""access_condition"": ""Free Access"", ""allows_card_payment"": false, ""allows_reservation"": false, ""charging_point_count"": 2, ""charging_point_count_raw"": 2, ""connector_types_normalized"": ""CCS"", ""data_provider"": ""OpenStreetMap"", ""is_free"": true, ""network"": """", ""number_of_plugs"": null, ""opening_hours"": """", ""power_kw_max"": null, ""power_kw_min"": null, ""power_scope"": ""station_reported_maximum"", ""pricing_info"": """"}",True,1,1,,,,False,unmatched,unmatched,,,,,,,{},,0,0,,,,False,accepted,accepted,OCM;OSM,OCM:190358;OSM:https://www.openstreetmap.org/node/6749417820,,,OCM: address evidence is inconsistent,yes,,"{""OCM::charger_capacities"": ""80 kW"", ""OCM::charging_point_count"": 1.0, ""OCM::connector_types_normalized"": ""CCS"", ""OCM::data_provider"": ""Open Charge Map"", ""OCM::is_operational"": true, ""OCM::last_verified"": ""2026-07-15T01:53:00Z"", ""OCM::operator"": ""NRMA"", ""OCM::plug_types"": ""CCS (Type 2)"", ""OCM::power_kw_max"": 80.0, ""OCM::power_kw_min"": 80.0, ""OCM::power_kw_values"": [80.0], ""OCM::power_scope"": ""dc_indicated_connection_ratings"", ""OCM::status"": ""Operational"", ""OCM::usage_cost"": ""$0.70/kWh"", ""OSM::access_condition"": ""Free Access"", ""OSM::allows_card_payment"": false, ""OSM::allows_reservation"": false, ""OSM::charging_point_count"": 2, ""OSM::charging_point_count_raw"": 2, ""OSM::connector_types_normalized"": ""CCS"", ""OSM::data_provider"": ""OpenStreetMap"", ""OSM::is_free"": true, ""OSM::power_scope"": ""station_reported_maximum""}","{""OCM::connector_types_normalized"": ""CCS"", ""OCM::is_operational"": true, ""OCM::operator"": ""NRMA"", ""OCM::plug_types"": ""CCS (Type 2)"", ""OCM::power_kw_max"": 80.0, ""OCM::power_kw_min"": 80.0, ""OCM::power_scope"": ""dc_indicated_connection_ratings"", ""OCM::status"": ""Operational"", ""OCM::usage_cost"": ""$0.70/kWh"", ""OSM::access_condition"": ""Free Access"", ""OSM::allows_card_payment"": false, ""OSM::allows_reservation"": false, ""OSM::connector_types_normalized"": ""CCS"", ""OSM::is_free"": true, ""OSM::power_scope"": ""station_reported_maximum""}",9,"[{""binding"": ""same source address and OCM ID; search evidence only"", ""conclusion"": ""web_evidence_found_not_identity_proof"", ""file"": ""data/reference/web_review/task3_ocm_125_web_confidence.csv"", ""page_opened"": false, ""reported_confidence"": ""medium"", ""url"": ""https://www.plugroo.com.au/location/nrma-nsw-jugiong-riverside-drive""}]"
945,,,"Rogan Lane, Young NSW 2594",NRMA Electric,2,DC,50 kW,-34.31177382,148.2950991,Hilltops Council,2594,Existing Fast Chargers,0,0,0,0,0,0,0,0,0,0,0,0,0,0,0,0,0,0,0,0,0,0,0,0,0,0,0,0,0,0,0,2,0,0,0,0,0,0,0,0,Capital Region,101,2594,accepted,coordinate_only,10.78647755249375,0.22941176470588237,191958,"88 Lovell Street, Young, New South Wales",NRMA Young,NRMA,"{""charger_capacities"": ""50 kW"", ""charging_point_count"": 2.0, ""connector_types_normalized"": ""CCS"", ""data_provider"": ""Open Charge Map"", ""is_operational"": true, ""last_verified"": ""2026-07-15T02:03:00Z"", ""number_of_plugs"": null, ""operator"": ""NRMA"", ""plug_types"": ""CCS (Type 2)"", ""power_kw_max"": 50.0, ""power_kw_min"": 50.0, ""power_kw_values"": [50.0], ""power_scope"": ""dc_indicated_connection_ratings"", ""status"": ""Operational"", ""usage_cost"": ""$0.64/kWh""}",True,1,1,,,address evidence is inconsistent,False,accepted,coordinate_only,5.696896110551166,0.0,https://www.openstreetmap.org/node/6460798626,,,NRMA,"{""access_condition"": ""Free Access"", ""allows_card_payment"": false, ""allows_reservation"": false, ""charging_point_count"": 1, ""charging_point_count_raw"": 1, ""connector_types_normalized"": ""CCS;CHAdeMO"", ""data_provider"": ""OpenStreetMap"", ""is_free"": true, ""network"": """", ""number_of_plugs"": null, ""opening_hours"": """", ""power_kw_max"": 50.0, ""power_kw_min"": null, ""power_scope"": ""station_reported_maximum"", ""pricing_info"": """"}",True,1,1,,,,False,unmatched,unmatched,,,,,,,{},,0,0,,,,False,accepted,accepted,OCM;OSM,OCM:191958;OSM:https://www.openstreetmap.org/node/6460798626,,,OCM: address evidence is inconsistent,yes,,"{""OCM::charger_capacities"": ""50 kW"", ""OCM::charging_point_count"": 2.0, ""OCM::connector_types_normalized"": ""CCS"", ""OCM::data_provider"": ""Open Charge Map"", ""OCM::is_operational"": true, ""OCM::last_verified"": ""2026-07-15T02:03:00Z"", ""OCM::operator"": ""NRMA"", ""OCM::plug_types"": ""CCS (Type 2)"", ""OCM::power_kw_max"": 50.0, ""OCM::power_kw_min"": 50.0, ""OCM::power_kw_values"": [50.0], ""OCM::power_scope"": ""dc_indicated_connection_ratings"", ""OCM::status"": ""Operational"", ""OCM::usage_cost"": ""$0.64/kWh"", ""OSM::access_condition"": ""Free Access"", ""OSM::allows_card_payment"": false, ""OSM::allows_reservation"": false, ""OSM::charging_point_count"": 1, ""OSM::charging_point_count_raw"": 1, ""OSM::connector_types_normalized"": ""CCS;CHAdeMO"", ""OSM::data_provider"": ""OpenStreetMap"", ""OSM::is_free"": true, ""OSM::power_kw_max"": 50.0, ""OSM::power_scope"": ""station_reported_maximum""}","{""OCM::connector_types_normalized"": ""CCS"", ""OCM::is_operational"": true, ""OCM::operator"": ""NRMA"", ""OCM::plug_types"": ""CCS (Type 2)"", ""OCM::power_kw_max"": 50.0, ""OCM::power_kw_min"": 50.0, ""OCM::power_scope"": ""dc_indicated_connection_ratings"", ""OCM::status"": ""Operational"", ""OCM::usage_cost"": ""$0.64/kWh"", ""OSM::access_condition"": ""Free Access"", ""OSM::allows_card_payment"": false, ""OSM::allows_reservation"": false, ""OSM::connector_types_normalized"": ""CCS;CHAdeMO"", ""OSM::is_free"": true, ""OSM::power_kw_max"": 50.0, ""OSM::power_scope"": ""station_reported_maximum""}",9,"[{""binding"": ""same source address and OCM ID; search evidence only"", ""conclusion"": ""web_evidence_found_not_identity_proof"", ""file"": ""data/reference/web_review/task3_ocm_125_web_confidence.csv"", ""page_opened"": true, ""reported_confidence"": ""high"", ""url"": ""https://home-care.mercyhealth.com.au/services/personal-care/""}]"
946,,,"Rosevillle Railway Station, Hill Street, Roseville, Hill Street, New South Wales NSW 2069",JOLT,1,DC,25 kW,-33.782904,151.175213,Ku-ring-gai Council,2069,TfNSW Commuter Car Parks,0,0,0,0,0,0,0,0,0,0,0,0,0,0,0,0,0,0,0,0,0,0,1,0,0,0,0,0,0,0,0,0,0,0,0,0,0,0,0,0,Sydney - North Sydney and Hornsby,121,2069,unmatched,unmatched,,,,,,,{},,0,0,,,,False,unmatched,unmatched,,,,,,,{},,0,0,,,,False,unmatched,unmatched,,,,,,,{},,0,0,,,,False,unmatched,unmatched,,,,,,no,,{},{},0,[]
951,,,"Shire Street, West Wyalong NSW 2671",NRMA Electric,2,DC,50 kW,-33.92382187,147.2033794,Bland Shire Council,2671,Existing Fast Chargers,0,0,0,0,0,0,0,0,0,0,0,0,0,0,0,0,0,0,0,0,0,0,0,0,0,0,0,0,0,0,0,2,0,0,0,0,0,0,0,0,Central West,103,2671,accepted,coordinate_only,34.05847393179743,0.8272727272727274,190669,"13-15 Shire St, West Wyalong NSW 2671, West Wyalong, NSW, 2671",West Wyalong [NRMA],NRMA,"{""charger_capacities"": ""180 kW"", ""charging_point_count"": 4.0, ""connector_types_normalized"": ""CCS;CHAdeMO"", ""data_provider"": ""Open Charge Map"", ""is_operational"": true, ""last_verified"": ""2026-07-15T02:13:00Z"", ""number_of_plugs"": null, ""operator"": ""NRMA"", ""plug_types"": ""CCS (Type 2); CHAdeMO"", ""power_kw_max"": 180.0, ""power_kw_min"": 180.0, ""power_kw_values"": [180.0], ""power_scope"": ""dc_indicated_connection_ratings"", ""status"": ""Operational"", ""usage_cost"": ""$0.74/kWh""}",True,1,1,,,address evidence is inconsistent,False,accepted,coordinate_only,29.42271897669083,0.0,https://www.openstreetmap.org/node/6460796546,,,NRMA,"{""access_condition"": ""Free Access"", ""allows_card_payment"": false, ""allows_reservation"": false, ""charging_point_count"": 4, ""charging_point_count_raw"": 4, ""connector_types_normalized"": ""CCS;CHAdeMO"", ""data_provider"": ""OpenStreetMap"", ""is_free"": false, ""network"": """", ""number_of_plugs"": null, ""opening_hours"": """", ""power_kw_max"": null, ""power_kw_min"": null, ""power_scope"": ""station_reported_maximum"", ""pricing_info"": """"}",True,1,1,,,,False,unmatched,unmatched,,,,,,,{},,0,0,,,,False,accepted,accepted,OCM;OSM,OCM:190669;OSM:https://www.openstreetmap.org/node/6460796546,,,OCM: address evidence is inconsistent,yes,,"{""OCM::charger_capacities"": ""180 kW"", ""OCM::charging_point_count"": 4.0, ""OCM::connector_types_normalized"": ""CCS;CHAdeMO"", ""OCM::data_provider"": ""Open Charge Map"", ""OCM::is_operational"": true, ""OCM::last_verified"": ""2026-07-15T02:13:00Z"", ""OCM::operator"": ""NRMA"", ""OCM::plug_types"": ""CCS (Type 2); CHAdeMO"", ""OCM::power_kw_max"": 180.0, ""OCM::power_kw_min"": 180.0, ""OCM::power_kw_values"": [180.0], ""OCM::power_scope"": ""dc_indicated_connection_ratings"", ""OCM::status"": ""Operational"", ""OCM::usage_cost"": ""$0.74/kWh"", ""OSM::access_condition"": ""Free Access"", ""OSM::allows_card_payment"": false, ""OSM::allows_reservation"": false, ""OSM::charging_point_count"": 4, ""OSM::charging_point_count_raw"": 4, ""OSM::connector_types_normalized"": ""CCS;CHAdeMO"", ""OSM::data_provider"": ""OpenStreetMap"", ""OSM::is_free"": false, ""OSM::power_scope"": ""station_reported_maximum""}","{""OCM::connector_types_normalized"": ""CCS;CHAdeMO"", ""OCM::is_operational"": true, ""OCM::operator"": ""NRMA"", ""OCM::plug_types"": ""CCS (Type 2); CHAdeMO"", ""OCM::power_kw_max"": 180.0, ""OCM::power_kw_min"": 180.0, ""OCM::power_scope"": ""dc_indicated_connection_ratings"", ""OCM::status"": ""Operational"", ""OCM::usage_cost"": ""$0.74/kWh"", ""OSM::access_condition"": ""Free Access"", ""OSM::allows_card_payment"": false, ""OSM::allows_reservation"": false, ""OSM::connector_types_normalized"": ""CCS;CHAdeMO"", ""OSM::is_free"": false, ""OSM::power_scope"": ""station_reported_maximum""}",9,"[{""binding"": ""same source address and OCM ID; search evidence only"", ""conclusion"": ""web_evidence_found_not_identity_proof"", ""file"": ""data/reference/web_review/task3_ocm_125_web_confidence.csv"", ""page_opened"": false, ""reported_confidence"": ""medium"", ""url"": ""https://www.blandshire.nsw.gov.au/Services/Visitor-Information/West-Wyalong-Visitor-Information-Centre""}]"
952,,,"Shop 2140, Newcastle NSW 2289",Exploren,4,DC,60 kW,-32.94079384,151.7105495,Newcastle City Council,2289,Existing Fast Chargers,0,0,0,0,0,0,0,0,0,0,0,0,0,0,0,0,0,0,0,0,0,0,0,0,0,0,0,0,0,0,0,0,0,4,0,0,0,0,0,0,Newcastle and Lake Macquarie,111,2289,unmatched,unmatched,,,,,,,{},,0,0,,,,False,unmatched,unmatched,,,,,,,{},,0,0,,,,False,accepted,coordinate_only,0.1567950833242439,0.23615384615384616,15d06bf5-6b4a-425d-9312-bae4b17cc22b-1830,"Shop 2140, Westfield, 2140/1 Northcott Dr, Kotara, NSW 2289",Westfield Kotara - Scentre Group,,"{""connector_types_normalized"": ""CCS"", ""data_provider"": ""Charge@Large"", ""dc_port_count"": 4, ""number_of_plugs"": null, ""power_kw_max"": 60.0, ""power_kw_min"": 60.0, ""power_kw_values"": [60.0], ""power_scope"": ""dc_indicated_ports"", ""site_power_range_raw"": ""60"", ""status_counts"": {""Available"": 2, ""Charging"": 1, ""Finishing"": 1}, ""status_observed_at"": null, ""total_port_count"": 4}",True,1,1,,,address evidence is inconsistent,False,accepted,accepted,Charge@Large,Charge@Large:15d06bf5-6b4a-425d-9312-bae4b17cc22b-1830,,,Charge@Large: address evidence is inconsistent,yes,,"{""Charge@Large::connector_types_normalized"": ""CCS"", ""Charge@Large::data_provider"": ""Charge@Large"", ""Charge@Large::dc_port_count"": 4, ""Charge@Large::power_kw_max"": 60.0, ""Charge@Large::power_kw_min"": 60.0, ""Charge@Large::power_kw_values"": [60.0], ""Charge@Large::power_scope"": ""dc_indicated_ports"", ""Charge@Large::site_power_range_raw"": ""60"", ""Charge@Large::status_counts"": {""Available"": 2, ""Charging"": 1, ""Finishing"": 1}, ""Charge@Large::total_port_count"": 4}","{""Charge@Large::connector_types_normalized"": ""CCS"", ""Charge@Large::dc_port_count"": 4, ""Charge@Large::power_kw_max"": 60.0, ""Charge@Large::power_kw_min"": 60.0, ""Charge@Large::power_scope"": ""dc_indicated_ports"", ""Charge@Large::status_counts"": {""Available"": 2, ""Charging"": 1, ""Finishing"": 1}, ""Charge@Large::total_port_count"": 4}",2,"[{""binding"": ""source_address_only; external identity not verified"", ""conclusion"": """", ""file"": ""data/reference/web_review/task3_104_non_ocm_web_verified.csv"", ""page_opened"": false, ""reported_confidence"": ""medium"", ""url"": ""https://www.chargeroute.au/chargers/nsw/exploren-newcastle-newcastle-3""}]"
953,,,"Short Street, Mudgee NSW 2850",NRMA Electric,4,DC,125 kW,-32.58960965,149.5857578,Mid-Western Regional Council,2850,Existing Fast Chargers,0,0,0,4,0,0,0,0,0,0,0,0,0,0,0,0,0,0,0,0,0,0,0,0,0,0,0,0,0,0,0,0,0,0,0,0,0,0,0,0,Central West,103,2850,accepted,coordinate_and_fuzzy_address,75.51777862051796,0.881818181818182,274144,"47 Short Street, Mudgee, New South Wales, 2850",NRMA Short Street Car Park,NRMA,"{""charger_capacities"": ""180 kW"", ""charging_point_count"": 4.0, ""connector_types_normalized"": ""CCS;CHAdeMO"", ""data_provider"": ""Open Charge Map"", ""is_operational"": true, ""last_verified"": ""2024-06-14T12:05:00Z"", ""number_of_plugs"": null, ""operator"": ""NRMA"", ""plug_types"": ""CCS (Type 2); CHAdeMO"", ""power_kw_max"": 180.0, ""power_kw_min"": 180.0, ""power_kw_values"": [180.0], ""power_scope"": ""dc_indicated_connection_ratings"", ""status"": ""Operational"", ""usage_cost"": ""60c / 54c for NRMA Members""}",True,2,2,373.9763260713932,,address evidence is street-level only,False,accepted,coordinate_only,14.8040594151918,0.0,https://www.openstreetmap.org/node/13341675501,,,NRMA,"{""access_condition"": ""Free Access"", ""allows_card_payment"": false, ""allows_reservation"": false, ""charging_point_count"": null, ""charging_point_count_raw"": null, ""connector_types_normalized"": ""CCS;CHAdeMO"", ""data_provider"": ""OpenStreetMap"", ""is_free"": false, ""network"": """", ""number_of_plugs"": null, ""opening_hours"": """", ""power_kw_max"": null, ""power_kw_min"": null, ""power_scope"": ""station_reported_maximum"", ""pricing_info"": """"}",True,1,1,,,,False,unmatched,unmatched,,,,,,,{},,0,0,,,,False,accepted,accepted,OCM;OSM,OCM:274144;OSM:https://www.openstreetmap.org/node/13341675501,,,OCM: address evidence is street-level only,yes,,"{""OCM::charger_capacities"": ""180 kW"", ""OCM::charging_point_count"": 4.0, ""OCM::connector_types_normalized"": ""CCS;CHAdeMO"", ""OCM::data_provider"": ""Open Charge Map"", ""OCM::is_operational"": true, ""OCM::last_verified"": ""2024-06-14T12:05:00Z"", ""OCM::operator"": ""NRMA"", ""OCM::plug_types"": ""CCS (Type 2); CHAdeMO"", ""OCM::power_kw_max"": 180.0, ""OCM::power_kw_min"": 180.0, ""OCM::power_kw_values"": [180.0], ""OCM::power_scope"": ""dc_indicated_connection_ratings"", ""OCM::status"": ""Operational"", ""OCM::usage_cost"": ""60c / 54c for NRMA Members"", ""OSM::access_condition"": ""Free Access"", ""OSM::allows_card_payment"": false, ""OSM::allows_reservation"": false, ""OSM::connector_types_normalized"": ""CCS;CHAdeMO"", ""OSM::data_provider"": ""OpenStreetMap"", ""OSM::is_free"": false, ""OSM::power_scope"": ""station_reported_maximum""}","{""OCM::connector_types_normalized"": ""CCS;CHAdeMO"", ""OCM::is_operational"": true, ""OCM::operator"": ""NRMA"", ""OCM::plug_types"": ""CCS (Type 2); CHAdeMO"", ""OCM::power_kw_max"": 180.0, ""OCM::power_kw_min"": 180.0, ""OCM::power_scope"": ""dc_indicated_connection_ratings"", ""OCM::status"": ""Operational"", ""OCM::usage_cost"": ""60c / 54c for NRMA Members"", ""OSM::access_condition"": ""Free Access"", ""OSM::allows_card_payment"": false, ""OSM::allows_reservation"": false, ""OSM::connector_types_normalized"": ""CCS;CHAdeMO"", ""OSM::is_free"": false, ""OSM::power_scope"": ""station_reported_maximum""}",9,[]
954,,,"Skillman'S Lane, Coonamble NSW 2829",NRMA Electric,4,DC,50 kW,-34.8411047,148.912197,Coonamble Shire Council,2829,TfNSW Regional,0,0,0,0,0,0,0,0,0,0,0,0,0,0,0,0,0,0,0,0,0,0,0,0,0,0,0,0,0,0,0,4,0,0,0,0,0,0,0,0,Capital Region,101,2582,review,coordinate_only,22.813150617495857,0.32,190005,"81 Meehan Street, Yass, New South Wales, 2582",Banjo Paterson Park [NRMA],NRMA,"{""charger_capacities"": ""50 kW"", ""charging_point_count"": 1.0, ""connector_types_normalized"": ""CCS;CHAdeMO"", ""data_provider"": ""Open Charge Map"", ""is_operational"": true, ""last_verified"": ""2021-12-19T02:14:00Z"", ""number_of_plugs"": null, ""operator"": ""NRMA"", ""plug_types"": ""CCS (Type 2); CHAdeMO"", ""power_kw_max"": 50.0, ""power_kw_min"": 50.0, ""power_kw_values"": [50.0], ""power_scope"": ""dc_indicated_connection_ratings"", ""status"": ""Operational"", ""usage_cost"": ""FREE""}",True,2,2,324.01066996749915,source address and original postcode conflict; external postcode conflicts with source; address evidence is inconsistent; candidate does not pass the automatic identity gate,,True,review,coordinate_only,23.18395170060744,0.0,https://www.openstreetmap.org/node/7816558586,,,NRMA,"{""access_condition"": ""Free Access"", ""allows_card_payment"": false, ""allows_reservation"": false, ""charging_point_count"": 2, ""charging_point_count_raw"": 2, ""connector_types_normalized"": ""CHAdeMO"", ""data_provider"": ""OpenStreetMap"", ""is_free"": true, ""network"": """", ""number_of_plugs"": null, ""opening_hours"": """", ""power_kw_max"": 100.0, ""power_kw_min"": null, ""power_scope"": ""station_reported_maximum"", ""pricing_info"": """"}",True,3,3,309.1193962400524,source address and original postcode conflict; candidate does not pass the automatic identity gate,,True,unmatched,unmatched,,,,,,,{},,0,0,,,,True,review,review,,,OCM;OSM,OCM: source address and original postcode conflict; external postcode conflicts with source; address evidence is inconsistent; candidate does not pass the automatic identity gate; OSM: source address and original postcode conflict; candidate does not pass the automatic identity gate,,no,,{},{},0,"[{""binding"": ""same source address and OCM ID; search evidence only"", ""conclusion"": ""web_evidence_found_not_identity_proof"", ""file"": ""data/reference/web_review/task3_ocm_125_web_confidence.csv"", ""page_opened"": false, ""reported_confidence"": ""medium"", ""url"": ""https://www.chargeroute.au/chargers/nsw/evie-murrumbateman-murrumbateman""}]"
958,,,"Sommerlad Lane, Glen Innes NSW 2370",NRMA Electric,2,DC,50 kW,-29.73846351,151.7363083,Glen Innes Severn Council,2370,Existing Fast Chargers,0,0,0,0,0,0,0,0,0,0,0,0,0,0,0,0,0,0,0,0,0,0,0,0,0,0,0,0,0,0,0,2,0,0,0,0,0,0,0,0,New England and North West,110,2370,accepted,coordinate_and_fuzzy_address,0.5463213435281098,0.9,266499,"Sommerlad Lane, Glen Innes, New South Wales, 2370",NRMA Glen Innes,NRMA,"{""charger_capacities"": ""50 kW"", ""charging_point_count"": 1.0, ""connector_types_normalized"": ""CCS;CHAdeMO"", ""data_provider"": ""Open Charge Map"", ""is_operational"": true, ""last_verified"": ""2023-06-08T03:24:00Z"", ""number_of_plugs"": null, ""operator"": ""NRMA"", ""plug_types"": ""CCS (Type 2); CHAdeMO"", ""power_kw_max"": 50.0, ""power_kw_min"": 50.0, ""power_kw_values"": [50.0], ""power_scope"": ""dc_indicated_connection_ratings"", ""status"": ""Operational"", ""usage_cost"": ""FREE""}",True,1,1,,,address evidence is street-level only,False,unmatched,unmatched,,,,,,,{},,0,0,,,,False,unmatched,unmatched,,,,,,,{},,0,0,,,,False,accepted,accepted,OCM,OCM:266499,,,OCM: address evidence is street-level only,yes,,"{""OCM::charger_capacities"": ""50 kW"", ""OCM::charging_point_count"": 1.0, ""OCM::connector_types_normalized"": ""CCS;CHAdeMO"", ""OCM::data_provider"": ""Open Charge Map"", ""OCM::is_operational"": true, ""OCM::last_verified"": ""2023-06-08T03:24:00Z"", ""OCM::operator"": ""NRMA"", ""OCM::plug_types"": ""CCS (Type 2); CHAdeMO"", ""OCM::power_kw_max"": 50.0, ""OCM::power_kw_min"": 50.0, ""OCM::power_kw_values"": [50.0], ""OCM::power_scope"": ""dc_indicated_connection_ratings"", ""OCM::status"": ""Operational"", ""OCM::usage_cost"": ""FREE""}","{""OCM::connector_types_normalized"": ""CCS;CHAdeMO"", ""OCM::is_operational"": true, ""OCM::operator"": ""NRMA"", ""OCM::plug_types"": ""CCS (Type 2); CHAdeMO"", ""OCM::power_kw_max"": 50.0, ""OCM::power_kw_min"": 50.0, ""OCM::power_scope"": ""dc_indicated_connection_ratings"", ""OCM::status"": ""Operational"", ""OCM::usage_cost"": ""FREE""}",5,[]
959,,,"Stuart Street, Wagga Wagga NSW 2650",Everty,2,DC,25 kW,-35.12347852,147.3992282,Wagga Wagga City Council,2650,Existing Fast Chargers,0,0,0,0,0,0,0,0,0,0,0,0,0,0,0,0,0,0,0,0,0,0,2,0,0,0,0,0,0,0,0,0,0,0,0,0,0,0,0,0,Riverina,113,2650,accepted,coordinate_only,18.58141398809693,0.756501182033097,306016,"Stuart Road, East Wagga Wagga, New South Wales, 2650",Middy's Wagga East,Everty,"{""charger_capacities"": ""25 kW"", ""charging_point_count"": 1.0, ""connector_types_normalized"": ""CCS;CHAdeMO"", ""data_provider"": ""Open Charge Map"", ""is_operational"": true, ""last_verified"": ""2024-12-08T01:54:00Z"", ""number_of_plugs"": null, ""operator"": ""Everty"", ""plug_types"": ""CCS (Type 2); CHAdeMO"", ""power_kw_max"": 25.0, ""power_kw_min"": 25.0, ""power_kw_values"": [25.0], ""power_scope"": ""dc_indicated_connection_ratings"", ""status"": ""Operational"", ""usage_cost"": ""$0.35/kWh""}",True,1,1,,,address evidence is inconsistent,False,unmatched,unmatched,,,,,,,{},,0,0,,,,False,unmatched,unmatched,,,,,,,{},,0,0,,,,False,accepted,accepted,OCM,OCM:306016,,,OCM: address evidence is inconsistent,yes,,"{""OCM::charger_capacities"": ""25 kW"", ""OCM::charging_point_count"": 1.0, ""OCM::connector_types_normalized"": ""CCS;CHAdeMO"", ""OCM::data_provider"": ""Open Charge Map"", ""OCM::is_operational"": true, ""OCM::last_verified"": ""2024-12-08T01:54:00Z"", ""OCM::operator"": ""Everty"", ""OCM::plug_types"": ""CCS (Type 2); CHAdeMO"", ""OCM::power_kw_max"": 25.0, ""OCM::power_kw_min"": 25.0, ""OCM::power_kw_values"": [25.0], ""OCM::power_scope"": ""dc_indicated_connection_ratings"", ""OCM::status"": ""Operational"", ""OCM::usage_cost"": ""$0.35/kWh""}","{""OCM::connector_types_normalized"": ""CCS;CHAdeMO"", ""OCM::is_operational"": true, ""OCM::operator"": ""Everty"", ""OCM::plug_types"": ""CCS (Type 2); CHAdeMO"", ""OCM::power_kw_max"": 25.0, ""OCM::power_kw_min"": 25.0, ""OCM::power_scope"": ""dc_indicated_connection_ratings"", ""OCM::status"": ""Operational"", ""OCM::usage_cost"": ""$0.35/kWh""}",5,[]
960,,,"Sunset Boulevard, Soldiers Point NSW 2317",Chargefox,2,DC,24 kW,-32.70138843,152.0626466,Port Stephens Council,2317,Existing Fast Chargers,0,0,0,0,0,0,0,0,0,0,0,0,0,0,0,0,0,0,0,0,2,0,0,0,0,0,0,0,0,0,0,0,0,0,0,0,0,0,0,0,Hunter Valley exc Newcastle,106,2317,accepted,coordinate_only,10.747968644080647,0.346078431372549,273225,"Sunset Blvd, Soldiers Point, New South Wales, 2317",Soldiers Point Marina,Chargefox,"{""charger_capacities"": ""24 kW"", ""charging_point_count"": 1.0, ""connector_types_normalized"": ""CCS;CHAdeMO"", ""data_provider"": ""Open Charge Map"", ""is_operational"": true, ""last_verified"": ""2023-07-29T10:08:00Z"", ""number_of_plugs"": null, ""operator"": ""Chargefox"", ""plug_types"": ""CCS (Type 2); CHAdeMO"", ""power_kw_max"": 24.0, ""power_kw_min"": 24.0, ""power_kw_values"": [24.0], ""power_scope"": ""dc_indicated_connection_ratings"", ""status"": ""Operational"", ""usage_cost"": ""$0.45 per kWh""}",True,1,1,,,address evidence is inconsistent,False,unmatched,unmatched,,,,,,,{},,0,0,,,,False,unmatched,unmatched,,,,,,,{},,0,0,,,,False,accepted,accepted,OCM,OCM:273225,,,OCM: address evidence is inconsistent,yes,,"{""OCM::charger_capacities"": ""24 kW"", ""OCM::charging_point_count"": 1.0, ""OCM::connector_types_normalized"": ""CCS;CHAdeMO"", ""OCM::data_provider"": ""Open Charge Map"", ""OCM::is_operational"": true, ""OCM::last_verified"": ""2023-07-29T10:08:00Z"", ""OCM::operator"": ""Chargefox"", ""OCM::plug_types"": ""CCS (Type 2); CHAdeMO"", ""OCM::power_kw_max"": 24.0, ""OCM::power_kw_min"": 24.0, ""OCM::power_kw_values"": [24.0], ""OCM::power_scope"": ""dc_indicated_connection_ratings"", ""OCM::status"": ""Operational"", ""OCM::usage_cost"": ""$0.45 per kWh""}","{""OCM::connector_types_normalized"": ""CCS;CHAdeMO"", ""OCM::is_operational"": true, ""OCM::operator"": ""Chargefox"", ""OCM::plug_types"": ""CCS (Type 2); CHAdeMO"", ""OCM::power_kw_max"": 24.0, ""OCM::power_kw_min"": 24.0, ""OCM::power_scope"": ""dc_indicated_connection_ratings"", ""OCM::status"": ""Operational"", ""OCM::usage_cost"": ""$0.45 per kWh""}",5,"[{""binding"": ""same source address and OCM ID; search evidence only"", ""conclusion"": ""web_evidence_found_not_identity_proof"", ""file"": ""data/reference/web_review/task3_ocm_125_web_confidence.csv"", ""page_opened"": false, ""reported_confidence"": ""medium"", ""url"": ""https://www.plugroo.com.au/nsw/the-branch""}]"
967,,,"University Of Wollongong, Northfields Avenue, Wollongong NSW 2522",Chargefox,6,DC,175 kW,-34.4079569,150.877135,Wollongong City Council,2522,Fast Charging R2,0,0,0,0,0,0,0,0,0,0,6,0,0,0,0,0,0,0,0,0,0,0,0,0,0,0,0,0,0,0,0,0,0,0,0,0,0,0,0,0,Illawarra,107,,unmatched,unmatched,,,,,,,{},,0,0,,,,False,unmatched,unmatched,,,,,,,{},,0,0,,,,False,unmatched,unmatched,,,,,,,{},,0,0,,,,False,unmatched,unmatched,,,,,,no,,{},{},0,[]
968,,,"Valder Way, Pine Gully Road, Charles Sturt University NSW 2678",Exploren,2,DC,120 kW,-35.05693398,147.3512593,Wagga Wagga City Council,2678,Existing Fast Chargers,0,0,2,0,0,0,0,0,0,0,0,0,0,0,0,0,0,0,0,0,0,0,0,0,0,0,0,0,0,0,0,0,0,0,0,0,0,0,0,0,Riverina,113,2678,unmatched,unmatched,,,,,,,{},,0,0,,,,False,review,coordinate_only,350.7822083013445,0.0,https://www.openstreetmap.org/node/12885058151,,,Exploren,"{""access_condition"": ""Free Access"", ""allows_card_payment"": false, ""allows_reservation"": false, ""charging_point_count"": null, ""charging_point_count_raw"": null, ""connector_types_normalized"": ""CCS"", ""data_provider"": ""OpenStreetMap"", ""is_free"": false, ""network"": """", ""number_of_plugs"": null, ""opening_hours"": """", ""power_kw_max"": null, ""power_kw_min"": null, ""power_scope"": ""station_reported_maximum"", ""pricing_info"": """"}",True,1,1,,candidate does not pass the automatic identity gate,,False,unmatched,unmatched,,,,,,,{},,0,0,,,,False,review,review,,,OSM,OSM: candidate does not pass the automatic identity gate,,no,,{},{},0,[]
969,,,"Vesper Street, Batemans Bay NSW 2536",NRMA Electric,4,DC,75 kW,-35.7095526,150.173983,Eurobodalla Shire Council,2536,Existing Fast Chargers,0,0,0,0,0,0,0,0,0,0,0,0,0,0,0,0,0,0,0,0,0,0,0,0,0,0,0,0,0,0,0,0,0,0,0,4,0,0,0,0,Capital Region,101,2536,review,coordinate_and_fuzzy_address,100.19010506989618,0.8872340425531916,209950,"12 Vesper Street, Batemans Bay, NSW, 2536",Batemans Bay Regional Arts Aquatic & Leisure Centre [NRMA],NRMA,"{""charger_capacities"": ""75 kW"", ""charging_point_count"": 2.0, ""connector_types_normalized"": ""CCS;CHAdeMO"", ""data_provider"": ""Open Charge Map"", ""is_operational"": true, ""last_verified"": ""2022-11-16T10:13:00Z"", ""number_of_plugs"": null, ""operator"": ""NRMA"", ""plug_types"": ""CCS (Type 2); CHAdeMO"", ""power_kw_max"": 75.0, ""power_kw_min"": 75.0, ""power_kw_values"": [75.0], ""power_scope"": ""dc_indicated_connection_ratings"", ""status"": ""Operational"", ""usage_cost"": ""FREE""}",True,3,3,81.71078908499506,address evidence is street-level only; candidate does not pass the automatic identity gate,,False,accepted,coordinate_only,15.023399359687051,0.0,https://www.openstreetmap.org/node/10026076729,,,NRMA,"{""access_condition"": ""Free Access"", ""allows_card_payment"": false, ""allows_reservation"": false, ""charging_point_count"": 2, ""charging_point_count_raw"": 2, ""connector_types_normalized"": ""CCS;CHAdeMO"", ""data_provider"": ""OpenStreetMap"", ""is_free"": false, ""network"": """", ""number_of_plugs"": null, ""opening_hours"": """", ""power_kw_max"": null, ""power_kw_min"": null, ""power_scope"": ""station_reported_maximum"", ""pricing_info"": """"}",True,3,3,148.89785192678508,,,False,unmatched,unmatched,,,,,,,{},,0,0,,,,False,accepted,accepted,OSM,OSM:https://www.openstreetmap.org/node/10026076729,OCM,OCM: address evidence is street-level only; candidate does not pass the automatic identity gate,,no,,"{""OSM::access_condition"": ""Free Access"", ""OSM::allows_card_payment"": false, ""OSM::allows_reservation"": false, ""OSM::charging_point_count"": 2, ""OSM::charging_point_count_raw"": 2, ""OSM::connector_types_normalized"": ""CCS;CHAdeMO"", ""OSM::data_provider"": ""OpenStreetMap"", ""OSM::is_free"": false, ""OSM::power_scope"": ""station_reported_maximum""}","{""OSM::access_condition"": ""Free Access"", ""OSM::allows_card_payment"": false, ""OSM::allows_reservation"": false, ""OSM::connector_types_normalized"": ""CCS;CHAdeMO"", ""OSM::is_free"": false, ""OSM::power_scope"": ""station_reported_maximum""}",5,[]
971,,,"Waddells Avenue, Singleton NSW 2330",Everty,2,DC,50 kW,-32.57698603,151.1842142,Singleton Council,2330,Existing Fast Chargers,0,0,0,0,0,0,0,0,0,0,0,0,0,0,0,0,0,0,0,0,0,0,0,0,0,0,0,0,0,0,0,2,0,0,0,0,0,0,0,0,Hunter Valley exc Newcastle,106,2330,accepted,coordinate_only,35.12182240302025,0.7493236714975846,272784,"1 waddells lane, Singleton, NSW, 2330",Lancaster Motor Group,Everty,"{""charger_capacities"": ""100 kW"", ""charging_point_count"": 2.0, ""connector_types_normalized"": ""CCS"", ""data_provider"": ""Open Charge Map"", ""is_operational"": true, ""last_verified"": ""2023-08-24T08:47:00Z"", ""number_of_plugs"": null, ""operator"": ""Everty"", ""plug_types"": ""CCS (Type 2)"", ""power_kw_max"": 100.0, ""power_kw_min"": 100.0, ""power_kw_values"": [100.0], ""power_scope"": ""dc_indicated_connection_ratings"", ""status"": ""Operational"", ""usage_cost"": "".35""}",True,1,1,,,address evidence is inconsistent,False,unmatched,unmatched,,,,,,,{},,0,0,,,,False,unmatched,unmatched,,,,,,,{},,0,0,,,,False,accepted,accepted,OCM,OCM:272784,,,OCM: address evidence is inconsistent,yes,,"{""OCM::charger_capacities"": ""100 kW"", ""OCM::charging_point_count"": 2.0, ""OCM::connector_types_normalized"": ""CCS"", ""OCM::data_provider"": ""Open Charge Map"", ""OCM::is_operational"": true, ""OCM::last_verified"": ""2023-08-24T08:47:00Z"", ""OCM::operator"": ""Everty"", ""OCM::plug_types"": ""CCS (Type 2)"", ""OCM::power_kw_max"": 100.0, ""OCM::power_kw_min"": 100.0, ""OCM::power_kw_values"": [100.0], ""OCM::power_scope"": ""dc_indicated_connection_ratings"", ""OCM::status"": ""Operational"", ""OCM::usage_cost"": "".35""}","{""OCM::connector_types_normalized"": ""CCS"", ""OCM::is_operational"": true, ""OCM::operator"": ""Everty"", ""OCM::plug_types"": ""CCS (Type 2)"", ""OCM::power_kw_max"": 100.0, ""OCM::power_kw_min"": 100.0, ""OCM::power_scope"": ""dc_indicated_connection_ratings"", ""OCM::status"": ""Operational"", ""OCM::usage_cost"": "".35""}",5,"[{""binding"": ""same source address and OCM ID; search evidence only"", ""conclusion"": ""web_evidence_found_not_identity_proof"", ""file"": ""data/reference/web_review/task3_ocm_125_web_confidence.csv"", ""page_opened"": true, ""reported_confidence"": ""high"", ""url"": ""https://www.hsv.com.au/drive/locations-all/""}]"
973,,,"Walton Lane, Picton NSW 2571",NRMA Electric,2,DC,50 kW,-34.16828833,150.6109429,Wollondilly Shire Council,2571,Existing Fast Chargers,0,0,0,0,0,0,0,0,0,0,0,0,0,0,0,0,0,0,0,0,0,0,0,0,0,0,0,0,0,0,0,2,0,0,0,0,0,0,0,0,Sydney - Outer South West,123,2571,accepted,coordinate_and_fuzzy_address,9.266622022172525,0.8882352941176471,161843,"5 Walton Lane, Picton, NSW, 2571",Picton [NRMA],NRMA,"{""charger_capacities"": ""50 kW"", ""charging_point_count"": 1.0, ""connector_types_normalized"": ""CCS;CHAdeMO"", ""data_provider"": ""Open Charge Map"", ""is_operational"": true, ""last_verified"": ""2021-12-19T02:10:00Z"", ""number_of_plugs"": null, ""operator"": ""NRMA"", ""plug_types"": ""CCS (Type 2); CHAdeMO"", ""power_kw_max"": 50.0, ""power_kw_min"": 50.0, ""power_kw_values"": [50.0], ""power_scope"": ""dc_indicated_connection_ratings"", ""status"": ""Operational"", ""usage_cost"": ""Currently free but will be fee at some point""}",True,1,1,,,address evidence is street-level only,False,unmatched,unmatched,,,,,,,{},,0,0,,,,False,unmatched,unmatched,,,,,,,{},,0,0,,,,False,accepted,accepted,OCM,OCM:161843,,,OCM: address evidence is street-level only,yes,,"{""OCM::charger_capacities"": ""50 kW"", ""OCM::charging_point_count"": 1.0, ""OCM::connector_types_normalized"": ""CCS;CHAdeMO"", ""OCM::data_provider"": ""Open Charge Map"", ""OCM::is_operational"": true, ""OCM::last_verified"": ""2021-12-19T02:10:00Z"", ""OCM::operator"": ""NRMA"", ""OCM::plug_types"": ""CCS (Type 2); CHAdeMO"", ""OCM::power_kw_max"": 50.0, ""OCM::power_kw_min"": 50.0, ""OCM::power_kw_values"": [50.0], ""OCM::power_scope"": ""dc_indicated_connection_ratings"", ""OCM::status"": ""Operational"", ""OCM::usage_cost"": ""Currently free but will be fee at some point""}","{""OCM::connector_types_normalized"": ""CCS;CHAdeMO"", ""OCM::is_operational"": true, ""OCM::operator"": ""NRMA"", ""OCM::plug_types"": ""CCS (Type 2); CHAdeMO"", ""OCM::power_kw_max"": 50.0, ""OCM::power_kw_min"": 50.0, ""OCM::power_scope"": ""dc_indicated_connection_ratings"", ""OCM::status"": ""Operational"", ""OCM::usage_cost"": ""Currently free but will be fee at some point""}",5,[]
974,,,"Western Motorway, Sydney NSW 2766",Ampol,15,DC,240 kW,-33.80154859,150.886,Blacktown City Council,2766,Existing Fast Chargers,0,0,0,0,0,0,0,0,0,0,0,0,0,0,0,0,0,0,0,15,0,0,0,0,0,0,0,0,0,0,0,0,0,0,0,0,0,0,0,0,Sydney - Blacktown,116,2766,unmatched,unmatched,,,,,,,{},,0,0,,,,False,review,coordinate_only,168.55368362739804,0.0,https://www.openstreetmap.org/node/13036304448,,,AmpCharge,"{""access_condition"": ""Free Access"", ""allows_card_payment"": false, ""allows_reservation"": false, ""charging_point_count"": 10, ""charging_point_count_raw"": 10, ""connector_types_normalized"": ""CCS;CHAdeMO"", ""data_provider"": ""OpenStreetMap"", ""is_free"": false, ""network"": """", ""number_of_plugs"": null, ""opening_hours"": """", ""power_kw_max"": null, ""power_kw_min"": null, ""power_scope"": ""station_reported_maximum"", ""pricing_info"": """"}",True,2,2,254.2407631532689,candidate does not pass the automatic identity gate,,False,unmatched,unmatched,,,,,,,{},,0,0,,,,False,review,review,,,OSM,OSM: candidate does not pass the automatic identity gate,,no,,{},{},0,"[{""binding"": ""source_address_only; external identity not verified"", ""conclusion"": """", ""file"": ""data/reference/web_review/task3_104_non_ocm_web_verified.csv"", ""page_opened"": false, ""reported_confidence"": ""medium"", ""url"": ""https://www.chargeroute.au/chargers/nsw/ampol-sydney-sydney-10""}]"
975,,,"William Street, Sydney NSW 2046",Evie Networks,2,DC,75 kW,-33.86864269,151.1185836,"Canada Bay Council, City of",2046,Existing Fast Chargers,0,0,0,0,0,0,0,0,0,0,0,0,0,0,0,0,0,0,0,0,0,0,0,0,0,0,0,0,0,0,0,0,0,0,0,2,0,0,0,0,Sydney - Inner West,120,2046,unmatched,unmatched,,,,,,,{},,0,0,,,,False,accepted,coordinate_only,3.698370798209299,0.0,https://www.openstreetmap.org/node/13586251301,,,Evie Networks,"{""access_condition"": ""Free Access"", ""allows_card_payment"": false, ""allows_reservation"": false, ""charging_point_count"": null, ""charging_point_count_raw"": null, ""connector_types_normalized"": ""CCS"", ""data_provider"": ""OpenStreetMap"", ""is_free"": false, ""network"": """", ""number_of_plugs"": null, ""opening_hours"": ""24/7"", ""power_kw_max"": null, ""power_kw_min"": null, ""power_scope"": ""station_reported_maximum"", ""pricing_info"": """"}",True,1,1,,,,False,unmatched,unmatched,,,,,,,{},,0,0,,,,False,accepted,accepted,OSM,OSM:https://www.openstreetmap.org/node/13586251301,,,,no,,"{""OSM::access_condition"": ""Free Access"", ""OSM::allows_card_payment"": false, ""OSM::allows_reservation"": false, ""OSM::connector_types_normalized"": ""CCS"", ""OSM::data_provider"": ""OpenStreetMap"", ""OSM::is_free"": false, ""OSM::opening_hours"": ""24/7"", ""OSM::power_scope"": ""station_reported_maximum""}","{""OSM::access_condition"": ""Free Access"", ""OSM::allows_card_payment"": false, ""OSM::allows_reservation"": false, ""OSM::connector_types_normalized"": ""CCS"", ""OSM::is_free"": false, ""OSM::opening_hours"": ""24/7"", ""OSM::power_scope"": ""station_reported_maximum""}",6,"[{""binding"": ""source_address_only; external identity not verified"", ""conclusion"": """", ""file"": ""data/reference/web_review/task3_104_non_ocm_web_verified.csv"", ""page_opened"": false, ""reported_confidence"": ""medium"", ""url"": ""https://pericles.ipaustralia.gov.au/ols/epublish/content/journals/trademarks/tm2049p20061221.pdf""}]"
976,,,"Wingewarra Street, Dubbo NSW 2830",NRMA Electric,2,DC,50 kW,-32.24936341,148.6091872,Dubbo Regional Council,2830,Existing Fast Chargers,0,0,0,0,0,0,0,0,0,0,0,0,0,0,0,0,0,0,0,0,0,0,0,0,0,0,0,0,0,0,0,2,0,0,0,0,0,0,0,0,Far West and Orana,105,2830,review,coordinate_and_fuzzy_address,65.2276651166801,0.8853658536585367,121546,"76 Wingewarra Street, Dubbo, 2830",Dubbo Supercharger [Tesla],Tesla (including non-tesla),"{""charger_capacities"": ""120 kW"", ""charging_point_count"": 4.0, ""connector_types_normalized"": ""CCS"", ""data_provider"": ""Open Charge Map"", ""is_operational"": true, ""last_verified"": ""2023-08-30T06:19:00Z"", ""number_of_plugs"": null, ""operator"": ""Tesla (including non-tesla)"", ""plug_types"": ""CCS (Type 2)"", ""power_kw_max"": 120.0, ""power_kw_min"": 120.0, ""power_kw_values"": [120.0], ""power_scope"": ""dc_indicated_connection_ratings"", ""status"": ""Operational"", ""usage_cost"": ""$0.52/kWh""}",True,2,2,49.47052944849999,address evidence is street-level only; selected candidate is not the nearest location; candidate does not pass the automatic identity gate,,False,accepted,coordinate_only,15.724000827488474,0.0,https://www.openstreetmap.org/node/6759463884,,,NRMA,"{""access_condition"": ""Free Access"", ""allows_card_payment"": false, ""allows_reservation"": false, ""charging_point_count"": 2, ""charging_point_count_raw"": 2, ""connector_types_normalized"": ""CCS"", ""data_provider"": ""OpenStreetMap"", ""is_free"": false, ""network"": """", ""number_of_plugs"": null, ""opening_hours"": """", ""power_kw_max"": null, ""power_kw_min"": null, ""power_scope"": ""station_reported_maximum"", ""pricing_info"": """"}",True,2,2,47.05178285807282,,,False,unmatched,unmatched,,,,,,,{},,0,0,,,,False,accepted,accepted,OSM,OSM:https://www.openstreetmap.org/node/6759463884,OCM,OCM: address evidence is street-level only; selected candidate is not the nearest location; candidate does not pass the automatic identity gate,,no,,"{""OSM::access_condition"": ""Free Access"", ""OSM::allows_card_payment"": false, ""OSM::allows_reservation"": false, ""OSM::charging_point_count"": 2, ""OSM::charging_point_count_raw"": 2, ""OSM::connector_types_normalized"": ""CCS"", ""OSM::data_provider"": ""OpenStreetMap"", ""OSM::is_free"": false, ""OSM::power_scope"": ""station_reported_maximum""}","{""OSM::access_condition"": ""Free Access"", ""OSM::allows_card_payment"": false, ""OSM::allows_reservation"": false, ""OSM::connector_types_normalized"": ""CCS"", ""OSM::is_free"": false, ""OSM::power_scope"": ""station_reported_maximum""}",5,[]
979,,,"Wyong Road, Central Coast NSW 2261",BP,2,DC,75 kW,-33.36284489,151.4442893,Central Coast Council,2261,Existing Fast Chargers,0,0,0,0,0,0,0,0,0,0,0,0,0,0,0,0,0,0,0,0,0,0,0,0,0,0,0,0,0,0,0,0,0,0,0,2,0,0,0,0,Central Coast,102,2261,accepted,coordinate_only,17.415030438351756,0.4285714285714286,266767,"Cnr Mingara Dr & Wyong Rd, Tumbi Umbi, NSW, 2261",BP Pulse,BP Pulse (AU),"{""charger_capacities"": ""75 kW"", ""charging_point_count"": 2.0, ""connector_types_normalized"": ""CCS;CHAdeMO"", ""data_provider"": ""Open Charge Map"", ""is_operational"": true, ""last_verified"": ""2023-08-09T11:36:00Z"", ""number_of_plugs"": null, ""operator"": ""BP Pulse (AU)"", ""plug_types"": ""CCS (Type 2); CHAdeMO"", ""power_kw_max"": 75.0, ""power_kw_min"": 75.0, ""power_kw_values"": [75.0], ""power_scope"": ""dc_indicated_connection_ratings"", ""status"": ""Operational"", ""usage_cost"": ""$0.55/kwh""}",True,1,1,,,address evidence is inconsistent,False,unmatched,unmatched,,,,,,,{},,0,0,,,,False,unmatched,unmatched,,,,,,,{},,0,0,,,,False,accepted,accepted,OCM,OCM:266767,,,OCM: address evidence is inconsistent,yes,,"{""OCM::charger_capacities"": ""75 kW"", ""OCM::charging_point_count"": 2.0, ""OCM::connector_types_normalized"": ""CCS;CHAdeMO"", ""OCM::data_provider"": ""Open Charge Map"", ""OCM::is_operational"": true, ""OCM::last_verified"": ""2023-08-09T11:36:00Z"", ""OCM::operator"": ""BP Pulse (AU)"", ""OCM::plug_types"": ""CCS (Type 2); CHAdeMO"", ""OCM::power_kw_max"": 75.0, ""OCM::power_kw_min"": 75.0, ""OCM::power_kw_values"": [75.0], ""OCM::power_scope"": ""dc_indicated_connection_ratings"", ""OCM::status"": ""Operational"", ""OCM::usage_cost"": ""$0.55/kwh""}","{""OCM::connector_types_normalized"": ""CCS;CHAdeMO"", ""OCM::is_operational"": true, ""OCM::operator"": ""BP Pulse (AU)"", ""OCM::plug_types"": ""CCS (Type 2); CHAdeMO"", ""OCM::power_kw_max"": 75.0, ""OCM::power_kw_min"": 75.0, ""OCM::power_scope"": ""dc_indicated_connection_ratings"", ""OCM::status"": ""Operational"", ""OCM::usage_cost"": ""$0.55/kwh""}",5,"[{""binding"": ""same source address and OCM ID; search evidence only"", ""conclusion"": ""web_evidence_found_not_identity_proof"", ""file"": ""data/reference/web_review/task3_ocm_125_web_confidence.csv"", ""page_opened"": false, ""reported_confidence"": ""medium"", ""url"": ""https://www.chargeroute.au/ev-chargers/nsw/central-coast""}]"
1035,411.0,Evie Networks,"92 Houston Road, Kingsford NSW 2032",Evie Networks,2,DC,50 kW,-33.9242319,151.2266791,,2032,,0,0,0,0,0,0,0,0,0,0,0,0,0,0,0,0,0,0,0,0,0,0,0,0,0,0,0,0,0,0,0,2,0,0,0,0,0,0,0,0,Sydney - Eastern Suburbs,118,,unmatched,unmatched,,,,,,,{},,0,0,,,,False,review,coordinate_only,497.90550949317947,0.0,https://www.openstreetmap.org/node/13206142331,,,bp pulse,"{""access_condition"": ""Free Access"", ""allows_card_payment"": false, ""allows_reservation"": false, ""charging_point_count"": 2, ""charging_point_count_raw"": 2, ""connector_types_normalized"": ""CCS"", ""data_provider"": ""OpenStreetMap"", ""is_free"": false, ""network"": ""bp pulse"", ""number_of_plugs"": null, ""opening_hours"": """", ""power_kw_max"": null, ""power_kw_min"": null, ""power_scope"": ""station_reported_maximum"", ""pricing_info"": """"}",True,1,1,,candidate does not pass the automatic identity gate,,False,unmatched,unmatched,,,,,,,{},,0,0,,,,False,review,review,,,OSM,OSM: candidate does not pass the automatic identity gate,,no,,{},{},0,"[{""binding"": ""source_address_only; external identity not verified"", ""conclusion"": """", ""file"": ""data/reference/web_review/task3_104_non_ocm_web_verified.csv"", ""page_opened"": true, ""reported_confidence"": ""low"", ""url"": ""https://www.realestate.com.au/property/92-houston-rd-kingsford-nsw-2032""}]"
1049,488.0,,197-215 Condamine Street Balgowlah NSW 2093,Tesla Motors,6,DC,2x350kW & 2x175kW,-33.7929122,151.2645298,,2093,,0,0,0,0,0,0,0,0,0,0,2,0,0,0,0,0,0,0,0,0,0,0,0,0,0,2,0,0,0,0,0,0,0,0,0,0,0,0,0,0,Sydney - Northern Beaches,122,,unmatched,unmatched,,,,,,,{},,0,0,,,,False,accepted,coordinate_only,36.79095774339886,0.0,https://www.openstreetmap.org/node/12968478808,,Tesla Supercharger,Tesla,"{""access_condition"": ""Free Access"", ""allows_card_payment"": false, ""allows_reservation"": false, ""charging_point_count"": 8, ""charging_point_count_raw"": 8, ""connector_types_normalized"": ""CCS"", ""data_provider"": ""OpenStreetMap"", ""is_free"": false, ""network"": ""Tesla Supercharger"", ""number_of_plugs"": null, ""opening_hours"": """", ""power_kw_max"": null, ""power_kw_min"": null, ""power_scope"": ""station_reported_maximum"", ""pricing_info"": """"}",True,1,1,,,,False,unmatched,unmatched,,,,,,,{},,0,0,,,,False,accepted,accepted,OSM,OSM:https://www.openstreetmap.org/node/12968478808,,,OSM:https://www.openstreetmap.org/node/12968478808 is linked to multiple TfNSW rows,yes,,"{""OSM::access_condition"": ""Free Access"", ""OSM::allows_card_payment"": false, ""OSM::allows_reservation"": false, ""OSM::charging_point_count"": 8, ""OSM::charging_point_count_raw"": 8, ""OSM::connector_types_normalized"": ""CCS"", ""OSM::data_provider"": ""OpenStreetMap"", ""OSM::is_free"": false, ""OSM::network"": ""Tesla Supercharger"", ""OSM::power_scope"": ""station_reported_maximum""}","{""OSM::access_condition"": ""Free Access"", ""OSM::allows_card_payment"": false, ""OSM::allows_reservation"": false, ""OSM::connector_types_normalized"": ""CCS"", ""OSM::is_free"": false, ""OSM::network"": ""Tesla Supercharger"", ""OSM::power_scope"": ""station_reported_maximum""}",6,"[{""binding"": ""source_address_only; external identity not verified"", ""conclusion"": """", ""file"": ""data/reference/web_review/task3_104_non_ocm_web_verified.csv"", ""page_opened"": false, ""reported_confidence"": ""medium"", ""url"": ""https://ev-charging-stations.com.au/chargers/tesla-197-215-condamine-street-sydney-nsw-2093-dusoxgyu-lihlhfbgncv-g""}]"
1061,552.0,,"University Of Wollongong, Northfields Avenue, Wollongong NSW 2522",University of Wollongong,6,DC,2x350kW & 2x175kW,-34.4079569,150.877135,,2522,,0,0,0,0,0,0,0,0,0,0,2,0,0,0,0,0,0,0,0,0,0,0,0,0,0,2,0,0,0,0,0,0,0,0,0,0,0,0,0,0,Illawarra,107,,unmatched,unmatched,,,,,,,{},,0,0,,,,False,unmatched,unmatched,,,,,,,{},,0,0,,,,False,unmatched,unmatched,,,,,,,{},,0,0,,,,False,unmatched,unmatched,,,,,,no,,{},{},0,[]
1075,620.0,,20-22 Camden Road Campbelltown NSW 2560,Tesla Motors,12,DC,2x350kW & 2x175kW,-34.0722029,150.8068155,,2560,,0,0,0,0,0,0,0,0,0,0,2,0,0,0,0,0,0,0,0,0,0,0,0,0,0,2,0,0,0,0,0,0,0,0,0,0,0,0,0,0,Sydney - Outer South West,123,,accepted,coordinate_and_fuzzy_address,88.31631111134179,1.0,266501,"20-22 Camden Road, Campbelltown, New South Wales, 2560",Campbelltown Supercharger,Tesla (Tesla-only charging),"{""charger_capacities"": ""250 kW"", ""charging_point_count"": 12.0, ""connector_types_normalized"": ""CCS"", ""data_provider"": ""Open Charge Map"", ""is_operational"": true, ""last_verified"": ""2023-06-08T03:24:00Z"", ""number_of_plugs"": null, ""operator"": ""Tesla (Tesla-only charging)"", ""plug_types"": ""CCS (Type 2)"", ""power_kw_max"": 250.0, ""power_kw_min"": 250.0, ""power_kw_values"": [250.0], ""power_scope"": ""dc_indicated_connection_ratings"", ""status"": ""Operational"", ""usage_cost"": ""$0.66/kWh""}",True,2,2,61.854067939530594,,,False,review,coordinate_only,90.52758036422075,0.0,https://www.openstreetmap.org/node/10774220953,,Tesla Supercharger,Tesla,"{""access_condition"": ""Free Access"", ""allows_card_payment"": false, ""allows_reservation"": false, ""charging_point_count"": 12, ""charging_point_count_raw"": 12, ""connector_types_normalized"": ""CCS"", ""data_provider"": ""OpenStreetMap"", ""is_free"": false, ""network"": ""Tesla Supercharger"", ""number_of_plugs"": null, ""opening_hours"": """", ""power_kw_max"": null, ""power_kw_min"": null, ""power_scope"": ""station_reported_maximum"", ""pricing_info"": """"}",True,3,3,18.276823397223694,another coordinate candidate is similarly close; multiple candidates have similar evidence; candidate does not pass the automatic identity gate,,False,review,coordinate_only,101.61980034177978,0.8735849056603774,15d06bf5-6b4a-425d-9312-bae4b17cc22b-2578,"38 Camden Rd, Campbelltown, NSW 2560",Genesis Care Campbelltown,,"{""connector_types_normalized"": ""CCS;CHAdeMO"", ""data_provider"": ""Charge@Large"", ""dc_port_count"": 4, ""number_of_plugs"": null, ""power_kw_max"": 200.0, ""power_kw_min"": 50.0, ""power_kw_values"": [50.0, 150.0, 200.0], ""power_scope"": ""dc_indicated_ports"", ""site_power_range_raw"": ""50 - 200"", ""status_counts"": {""Available"": 4}, ""status_observed_at"": null, ""total_port_count"": 4}",True,1,1,,house numbers conflict; address evidence is inconsistent; candidate does not pass the automatic identity gate,,False,accepted,accepted,OCM,OCM:266501,OSM;Charge@Large,OSM: another coordinate candidate is similarly close; multiple candidates have similar evidence; candidate does not pass the automatic identity gate; Charge@Large: house numbers conflict; address evidence is inconsistent; candidate does not pass the automatic identity gate,OCM:266501 is linked to multiple TfNSW rows,yes,,"{""OCM::charger_capacities"": ""250 kW"", ""OCM::charging_point_count"": 12.0, ""OCM::connector_types_normalized"": ""CCS"", ""OCM::data_provider"": ""Open Charge Map"", ""OCM::is_operational"": true, ""OCM::last_verified"": ""2023-06-08T03:24:00Z"", ""OCM::operator"": ""Tesla (Tesla-only charging)"", ""OCM::plug_types"": ""CCS (Type 2)"", ""OCM::power_kw_max"": 250.0, ""OCM::power_kw_min"": 250.0, ""OCM::power_kw_values"": [250.0], ""OCM::power_scope"": ""dc_indicated_connection_ratings"", ""OCM::status"": ""Operational"", ""OCM::usage_cost"": ""$0.66/kWh""}","{""OCM::connector_types_normalized"": ""CCS"", ""OCM::is_operational"": true, ""OCM::operator"": ""Tesla (Tesla-only charging)"", ""OCM::plug_types"": ""CCS (Type 2)"", ""OCM::power_kw_max"": 250.0, ""OCM::power_kw_min"": 250.0, ""OCM::power_scope"": ""dc_indicated_connection_ratings"", ""OCM::status"": ""Operational"", ""OCM::usage_cost"": ""$0.66/kWh""}",5,[]
1086,693.0,,"241 Waterworth Drive, Mount Annan NSW 2567",Viva Energy Australia,4,DC,2x350kW & 2x175kW,-34.0495366,150.7601125,,2567,,0,0,0,0,0,0,0,0,0,0,2,0,0,0,0,0,0,0,0,0,0,0,0,0,0,2,0,0,0,0,0,0,0,0,0,0,0,0,0,0,Sydney - Outer South West,123,,unmatched,unmatched,,,,,,,{},,0,0,,,,False,accepted,coordinate_only,18.649731757841934,0.0,https://www.openstreetmap.org/node/12686156645,,,Shell Recharge Solutions,"{""access_condition"": ""Free Access"", ""allows_card_payment"": false, ""allows_reservation"": false, ""charging_point_count"": null, ""charging_point_count_raw"": null, ""connector_types_normalized"": ""CCS"", ""data_provider"": ""OpenStreetMap"", ""is_free"": false, ""network"": """", ""number_of_plugs"": null, ""opening_hours"": """", ""power_kw_max"": null, ""power_kw_min"": null, ""power_scope"": ""station_reported_maximum"", ""pricing_info"": """"}",True,1,1,,,,False,review,coordinate_only,77.36979052979807,0.37851851851851853,15d06bf5-6b4a-425d-9312-bae4b17cc22b-2087,"11 - 13 Main St, Mount Annan, NSW 2567",Mount Annan Marketplace,,"{""connector_types_normalized"": ""CCS"", ""data_provider"": ""Charge@Large"", ""dc_port_count"": 4, ""number_of_plugs"": null, ""power_kw_max"": 120.0, ""power_kw_min"": 120.0, ""power_kw_values"": [120.0], ""power_scope"": ""dc_indicated_ports"", ""site_power_range_raw"": ""120"", ""status_counts"": {""Available"": 2, ""Charging"": 2}, ""status_observed_at"": null, ""total_port_count"": 4}",True,1,1,,house numbers conflict; address evidence is inconsistent; candidate does not pass the automatic identity gate,,False,accepted,accepted,OSM,OSM:https://www.openstreetmap.org/node/12686156645,Charge@Large,Charge@Large: house numbers conflict; address evidence is inconsistent; candidate does not pass the automatic identity gate,OSM:https://www.openstreetmap.org/node/12686156645 is linked to multiple TfNSW rows,yes,,"{""OSM::access_condition"": ""Free Access"", ""OSM::allows_card_payment"": false, ""OSM::allows_reservation"": false, ""OSM::connector_types_normalized"": ""CCS"", ""OSM::data_provider"": ""OpenStreetMap"", ""OSM::is_free"": false, ""OSM::power_scope"": ""station_reported_maximum""}","{""OSM::access_condition"": ""Free Access"", ""OSM::allows_card_payment"": false, ""OSM::allows_reservation"": false, ""OSM::connector_types_normalized"": ""CCS"", ""OSM::is_free"": false, ""OSM::power_scope"": ""station_reported_maximum""}",5,"[{""binding"": ""source_address_only; external identity not verified"", ""conclusion"": """", ""file"": ""data/reference/web_review/task3_104_non_ocm_web_verified.csv"", ""page_opened"": false, ""reported_confidence"": ""medium"", ""url"": ""https://www.chargeroute.au/chargers/nsw/viva-energy-australia-mount-annan-mount-annan""}]"
1088,706.0,,"19 Princes Highway, Figtree NSW 2525",Tesla Motors,6,DC,2x350kW & 2x175kW,-34.4366153,150.8632982,,2525,,0,0,0,0,0,0,0,0,0,0,2,0,0,0,0,0,0,0,0,0,0,0,0,0,0,2,0,0,0,0,0,0,0,0,0,0,0,0,0,0,Illawarra,107,,review,coordinate_only,151.10600322364604,0.36774461028192373,171646,"Figtree Grove Shopping Centre, The Avenue, Figtree, New South Wales, 2525",Wollongong Supercharger,Tesla (including non-tesla),"{""charger_capacities"": ""250 kW"", ""charging_point_count"": 6.0, ""connector_types_normalized"": ""CCS"", ""data_provider"": ""Open Charge Map"", ""is_operational"": true, ""last_verified"": ""2023-08-30T06:17:00Z"", ""number_of_plugs"": null, ""operator"": ""Tesla (including non-tesla)"", ""plug_types"": ""CCS (Type 2)"", ""power_kw_max"": 250.0, ""power_kw_min"": 250.0, ""power_kw_values"": [250.0], ""power_scope"": ""dc_indicated_connection_ratings"", ""status"": ""Operational"", ""usage_cost"": ""$0.69/kWh""}",True,1,1,,address evidence is inconsistent; candidate does not pass the automatic identity gate,,False,review,coordinate_only,134.28024474513145,0.0,https://www.openstreetmap.org/node/10815562193,,Wollongong Supercharger,Tesla,"{""access_condition"": ""Free Access"", ""allows_card_payment"": false, ""allows_reservation"": false, ""charging_point_count"": 4, ""charging_point_count_raw"": 4, ""connector_types_normalized"": ""CCS"", ""data_provider"": ""OpenStreetMap"", ""is_free"": false, ""network"": ""Supercharger"", ""number_of_plugs"": null, ""opening_hours"": ""24/7"", ""power_kw_max"": null, ""power_kw_min"": null, ""power_scope"": ""station_reported_maximum"", ""pricing_info"": """"}",True,1,1,,candidate does not pass the automatic identity gate,,False,unmatched,unmatched,,,,,,,{},,0,0,,,,False,review,review,,,OCM;OSM,OCM: address evidence is inconsistent; candidate does not pass the automatic identity gate; OSM: candidate does not pass the automatic identity gate,,no,,{},{},0,[]
1298,,,"173 Canterbury Road, Bankstown NSW 2200",Tesla,6,DC,175 kW,-33.9336017,151.0299345,Canterbury Bankstown Council,2200,Fast Charging R1,0,0,0,0,0,0,0,0,0,0,6,0,0,0,0,0,0,0,0,0,0,0,0,0,0,0,0,0,0,0,0,0,0,0,0,0,0,0,0,0,Sydney - Inner South West,119,2200,review,coordinate_only,137.94298302376296,0.4391304347826087,308738,"Chapel Road, Bankstown, NSW",Tesla Supercharger Bankstown,Tesla (including non-tesla),"{""charger_capacities"": ""250 kW"", ""charging_point_count"": 6.0, ""connector_types_normalized"": ""CCS"", ""data_provider"": ""Open Charge Map"", ""is_operational"": true, ""last_verified"": ""2025-03-04T03:29:00Z"", ""number_of_plugs"": null, ""operator"": ""Tesla (including non-tesla)"", ""plug_types"": ""CCS (Type 2)"", ""power_kw_max"": 250.0, ""power_kw_min"": 250.0, ""power_kw_values"": [250.0], ""power_scope"": ""dc_indicated_connection_ratings"", ""status"": ""Operational"", ""usage_cost"": ""$0.69/kWh""}",True,2,2,39.71048871388646,address evidence is inconsistent; candidate does not pass the automatic identity gate,,False,review,coordinate_only,168.2569404186566,0.0,https://www.openstreetmap.org/node/12560173013,,Bankstown Supercharger,Tesla,"{""access_condition"": ""Free Access"", ""allows_card_payment"": false, ""allows_reservation"": false, ""charging_point_count"": 6, ""charging_point_count_raw"": 6, ""connector_types_normalized"": ""CCS"", ""data_provider"": ""OpenStreetMap"", ""is_free"": false, ""network"": ""Supercharger"", ""number_of_plugs"": null, ""opening_hours"": ""24/7"", ""power_kw_max"": null, ""power_kw_min"": null, ""power_scope"": ""station_reported_maximum"", ""pricing_info"": """"}",True,2,2,4.504608864160275,another coordinate candidate is similarly close; multiple candidates have similar evidence; candidate does not pass the automatic identity gate,,False,review,coordinate_only,430.3341095817915,0.1706521739130435,15d06bf5-6b4a-425d-9312-bae4b17cc22b-2587,"44 Gibson Ave, Padstow, NSW 2211",RideLender Padstow,,"{""connector_types_normalized"": ""CCS"", ""data_provider"": ""Charge@Large"", ""dc_port_count"": 4, ""number_of_plugs"": null, ""power_kw_max"": 60.0, ""power_kw_min"": 60.0, ""power_kw_values"": [60.0], ""power_scope"": ""dc_indicated_ports"", ""site_power_range_raw"": ""60"", ""status_counts"": {""Available"": 4}, ""status_observed_at"": null, ""total_port_count"": 4}",True,1,1,,external postcode conflicts with source; house numbers conflict; address evidence is inconsistent; candidate does not pass the automatic identity gate,,False,review,review,,,OCM;OSM;Charge@Large,OCM: address evidence is inconsistent; candidate does not pass the automatic identity gate; OSM: another coordinate candidate is similarly close; multiple candidates have similar evidence; candidate does not pass the automatic identity gate; Charge@Large: external postcode conflicts with source; house numbers conflict; address evidence is inconsistent; candidate does not pass the automatic identity gate,,no,,{},{},0,"[{""binding"": ""same source address and OCM ID; search evidence only"", ""conclusion"": ""web_evidence_found_not_identity_proof"", ""file"": ""data/reference/web_review/task3_ocm_125_web_confidence.csv"", ""page_opened"": false, ""reported_confidence"": ""medium"", ""url"": ""https://plugroo.com.au/location/supercharger-nsw-bankstown-173-canterbury-road""}]"
1307,,,"179-183 Hume Street, Goulburn NSW 2580",Tesla,20,DC,175 kW,-34.7720602,149.6923766,Goulburn Mulwaree Council,2580,Fast Charging R1,0,0,0,0,0,0,0,0,0,0,20,0,0,0,0,0,0,0,0,0,0,0,0,0,0,0,0,0,0,0,0,0,0,0,0,0,0,0,0,0,Capital Region,101,2580,accepted,coordinate_only,39.300923694586146,0.5297537619699043,296038,"Lockyer Street, Goulburn, New South Wales, 2580",KFC Goulburn,Chargefox,"{""charger_capacities"": ""75 kW"", ""charging_point_count"": 2.0, ""connector_types_normalized"": ""CCS"", ""data_provider"": ""Open Charge Map"", ""is_operational"": true, ""last_verified"": ""2025-01-24T09:21:00Z"", ""number_of_plugs"": null, ""operator"": ""Chargefox"", ""plug_types"": ""CCS (Type 2)"", ""power_kw_max"": 75.0, ""power_kw_min"": 75.0, ""power_kw_values"": [75.0], ""power_scope"": ""dc_indicated_connection_ratings"", ""status"": ""Operational"", ""usage_cost"": """"}",True,2,2,91.13246394369915,,address evidence is inconsistent,False,accepted,coordinate_only,42.0922971388241,0.0,https://www.openstreetmap.org/node/10792695777,,,Chargefox,"{""access_condition"": ""Free Access"", ""allows_card_payment"": false, ""allows_reservation"": false, ""charging_point_count"": 2, ""charging_point_count_raw"": 2, ""connector_types_normalized"": ""CCS"", ""data_provider"": ""OpenStreetMap"", ""is_free"": false, ""network"": ""Chargefox"", ""number_of_plugs"": null, ""opening_hours"": """", ""power_kw_max"": null, ""power_kw_min"": null, ""power_scope"": ""station_reported_maximum"", ""pricing_info"": """"}",True,2,2,57.20582848352053,,,False,unmatched,unmatched,,,,,,,{},,0,0,,,,False,accepted,accepted,OCM;OSM,OCM:296038;OSM:https://www.openstreetmap.org/node/10792695777,,,OCM: address evidence is inconsistent,yes,,"{""OCM::charger_capacities"": ""75 kW"", ""OCM::charging_point_count"": 2.0, ""OCM::connector_types_normalized"": ""CCS"", ""OCM::data_provider"": ""Open Charge Map"", ""OCM::is_operational"": true, ""OCM::last_verified"": ""2025-01-24T09:21:00Z"", ""OCM::operator"": ""Chargefox"", ""OCM::plug_types"": ""CCS (Type 2)"", ""OCM::power_kw_max"": 75.0, ""OCM::power_kw_min"": 75.0, ""OCM::power_kw_values"": [75.0], ""OCM::power_scope"": ""dc_indicated_connection_ratings"", ""OCM::status"": ""Operational"", ""OSM::access_condition"": ""Free Access"", ""OSM::allows_card_payment"": false, ""OSM::allows_reservation"": false, ""OSM::charging_point_count"": 2, ""OSM::charging_point_count_raw"": 2, ""OSM::connector_types_normalized"": ""CCS"", ""OSM::data_provider"": ""OpenStreetMap"", ""OSM::is_free"": false, ""OSM::network"": ""Chargefox"", ""OSM::power_scope"": ""station_reported_maximum""}","{""OCM::connector_types_normalized"": ""CCS"", ""OCM::is_operational"": true, ""OCM::operator"": ""Chargefox"", ""OCM::plug_types"": ""CCS (Type 2)"", ""OCM::power_kw_max"": 75.0, ""OCM::power_kw_min"": 75.0, ""OCM::power_scope"": ""dc_indicated_connection_ratings"", ""OCM::status"": ""Operational"", ""OSM::access_condition"": ""Free Access"", ""OSM::allows_card_payment"": false, ""OSM::allows_reservation"": false, ""OSM::connector_types_normalized"": ""CCS"", ""OSM::is_free"": false, ""OSM::network"": ""Chargefox"", ""OSM::power_scope"": ""station_reported_maximum""}",9,"[{""binding"": ""same source address and OCM ID; search evidence only"", ""conclusion"": ""web_evidence_found_not_identity_proof"", ""file"": ""data/reference/web_review/task3_ocm_125_web_confidence.csv"", ""page_opened"": true, ""reported_confidence"": ""high"", ""url"": ""https://www.goulburn.nsw.gov.au/files/sharedassets/public/v/1/development-registers/developement-contributions-register/development-contributions-register-2024_2025.pdf""}]"
1325,,,188 Fernleigh Road Glenfield Park NSW 2650,Tesla,6,DC,175 kW,-35.1317745,147.3398455,Wagga Wagga City Council,2650,Fast Charging R1,0,0,0,0,0,0,0,0,0,0,6,0,0,0,0,0,0,0,0,0,0,0,0,0,0,0,0,0,0,0,0,0,0,0,0,0,0,0,0,0,Riverina,113,2650,accepted,coordinate_and_fuzzy_address,81.0820937538903,0.8542857142857144,300153,"Fernleigh Road, Glenfield Park, Wagga Wagga, New South Wales, 2650",Tesla Supercharger Wagga Wagga,Tesla (including non-tesla),"{""charger_capacities"": ""250 kW"", ""charging_point_count"": 6.0, ""connector_types_normalized"": ""CCS"", ""data_provider"": ""Open Charge Map"", ""is_operational"": true, ""last_verified"": ""2024-06-25T11:19:00Z"", ""number_of_plugs"": null, ""operator"": ""Tesla (including non-tesla)"", ""plug_types"": ""CCS (Type 2)"", ""power_kw_max"": 250.0, ""power_kw_min"": 250.0, ""power_kw_values"": [250.0], ""power_scope"": ""dc_indicated_connection_ratings"", ""status"": ""Operational"", ""usage_cost"": ""$0.69/kWh""}",True,1,1,,,address evidence is street-level only,False,accepted,coordinate_only,87.44595292370745,0.0,https://www.openstreetmap.org/node/11155180657,,Tesla Supercharger,Tesla,"{""access_condition"": ""Free Access"", ""allows_card_payment"": false, ""allows_reservation"": false, ""charging_point_count"": 6, ""charging_point_count_raw"": 6, ""connector_types_normalized"": ""CCS"", ""data_provider"": ""OpenStreetMap"", ""is_free"": false, ""network"": ""Supercharger"", ""number_of_plugs"": null, ""opening_hours"": ""24/7"", ""power_kw_max"": null, ""power_kw_min"": null, ""power_scope"": ""station_reported_maximum"", ""pricing_info"": """"}",True,1,1,,,,False,unmatched,unmatched,,,,,,,{},,0,0,,,,False,accepted,accepted,OCM;OSM,OCM:300153;OSM:https://www.openstreetmap.org/node/11155180657,,,OCM: address evidence is street-level only,yes,,"{""OCM::charger_capacities"": ""250 kW"", ""OCM::charging_point_count"": 6.0, ""OCM::connector_types_normalized"": ""CCS"", ""OCM::data_provider"": ""Open Charge Map"", ""OCM::is_operational"": true, ""OCM::last_verified"": ""2024-06-25T11:19:00Z"", ""OCM::operator"": ""Tesla (including non-tesla)"", ""OCM::plug_types"": ""CCS (Type 2)"", ""OCM::power_kw_max"": 250.0, ""OCM::power_kw_min"": 250.0, ""OCM::power_kw_values"": [250.0], ""OCM::power_scope"": ""dc_indicated_connection_ratings"", ""OCM::status"": ""Operational"", ""OCM::usage_cost"": ""$0.69/kWh"", ""OSM::access_condition"": ""Free Access"", ""OSM::allows_card_payment"": false, ""OSM::allows_reservation"": false, ""OSM::charging_point_count"": 6, ""OSM::charging_point_count_raw"": 6, ""OSM::connector_types_normalized"": ""CCS"", ""OSM::data_provider"": ""OpenStreetMap"", ""OSM::is_free"": false, ""OSM::network"": ""Supercharger"", ""OSM::opening_hours"": ""24/7"", ""OSM::power_scope"": ""station_reported_maximum""}","{""OCM::connector_types_normalized"": ""CCS"", ""OCM::is_operational"": true, ""OCM::operator"": ""Tesla (including non-tesla)"", ""OCM::plug_types"": ""CCS (Type 2)"", ""OCM::power_kw_max"": 250.0, ""OCM::power_kw_min"": 250.0, ""OCM::power_scope"": ""dc_indicated_connection_ratings"", ""OCM::status"": ""Operational"", ""OCM::usage_cost"": ""$0.69/kWh"", ""OSM::access_condition"": ""Free Access"", ""OSM::allows_card_payment"": false, ""OSM::allows_reservation"": false, ""OSM::connector_types_normalized"": ""CCS"", ""OSM::is_free"": false, ""OSM::network"": ""Supercharger"", ""OSM::opening_hours"": ""24/7"", ""OSM::power_scope"": ""station_reported_maximum""}",11,[]
1343,,,2 Bridge Road Griffith NSW 2680,Tesla,6,DC,175 kW,-34.2922641,146.0507015,Griffith City Council,2680,Fast Charging R1,0,0,0,0,0,0,0,0,0,0,6,0,0,0,0,0,0,0,0,0,0,0,0,0,0,0,0,0,0,0,0,0,0,0,0,0,0,0,0,0,Riverina,113,2680,accepted,coordinate_and_fuzzy_address,46.93980646583311,1.0,306013,"2 Bridge Road, Griffith, NSW, 2680",Griffith Leagues Club Southside,Tesla (including non-tesla),"{""charger_capacities"": ""250 kW"", ""charging_point_count"": 6.0, ""connector_types_normalized"": ""CCS"", ""data_provider"": ""Open Charge Map"", ""is_operational"": true, ""last_verified"": ""2024-12-08T01:54:00Z"", ""number_of_plugs"": null, ""operator"": ""Tesla (including non-tesla)"", ""plug_types"": ""CCS (Type 2)"", ""power_kw_max"": 250.0, ""power_kw_min"": 250.0, ""power_kw_values"": [250.0], ""power_scope"": ""dc_indicated_connection_ratings"", ""status"": ""Operational"", ""usage_cost"": ""up to $0.92/kWh""}",True,1,1,,,,False,review,coordinate_only,108.48949105640041,0.0,https://www.openstreetmap.org/node/12024063277,,Tesla Supercharger,Tesla,"{""access_condition"": ""Free Access"", ""allows_card_payment"": false, ""allows_reservation"": false, ""charging_point_count"": 6, ""charging_point_count_raw"": 6, ""connector_types_normalized"": ""CCS"", ""data_provider"": ""OpenStreetMap"", ""is_free"": false, ""network"": ""Tesla Supercharger"", ""number_of_plugs"": null, ""opening_hours"": """", ""power_kw_max"": null, ""power_kw_min"": null, ""power_scope"": ""station_reported_maximum"", ""pricing_info"": """"}",True,1,1,,candidate does not pass the automatic identity gate,,False,unmatched,unmatched,,,,,,,{},,0,0,,,,False,accepted,accepted,OCM,OCM:306013,OSM,OSM: candidate does not pass the automatic identity gate,,no,,"{""OCM::charger_capacities"": ""250 kW"", ""OCM::charging_point_count"": 6.0, ""OCM::connector_types_normalized"": ""CCS"", ""OCM::data_provider"": ""Open Charge Map"", ""OCM::is_operational"": true, ""OCM::last_verified"": ""2024-12-08T01:54:00Z"", ""OCM::operator"": ""Tesla (including non-tesla)"", ""OCM::plug_types"": ""CCS (Type 2)"", ""OCM::power_kw_max"": 250.0, ""OCM::power_kw_min"": 250.0, ""OCM::power_kw_values"": [250.0], ""OCM::power_scope"": ""dc_indicated_connection_ratings"", ""OCM::status"": ""Operational"", ""OCM::usage_cost"": ""up to $0.92/kWh""}","{""OCM::connector_types_normalized"": ""CCS"", ""OCM::is_operational"": true, ""OCM::operator"": ""Tesla (including non-tesla)"", ""OCM::plug_types"": ""CCS (Type 2)"", ""OCM::power_kw_max"": 250.0, ""OCM::power_kw_min"": 250.0, ""OCM::power_scope"": ""dc_indicated_connection_ratings"", ""OCM::status"": ""Operational"", ""OCM::usage_cost"": ""up to $0.92/kWh""}",5,[]
1346,,,"2 Coast Hospital Road, Little Bay NSW 2036",Evie Networks,2,DC,75 kW,-33.9808158,151.2498636,Randwick City Council,2036,Kerbside Charging R1,0,0,0,0,0,0,0,0,0,0,0,0,0,0,0,0,0,0,0,0,0,0,0,0,0,0,0,0,0,0,0,0,0,0,0,2,0,0,0,0,Sydney - Eastern Suburbs,118,2036,unmatched,unmatched,,,,,,,{},,0,0,,,,False,unmatched,unmatched,,,,,,,{},,0,0,,,,False,unmatched,unmatched,,,,,,,{},,0,0,,,,False,unmatched,unmatched,,,,,,no,,{},{},0,[]
1358,,,2 Moonee Beach Road Moonee Beach NSW 2450,Tesla,15,DC,175 kW,-30.204973,153.1501028,Coffs Harbour City Council,2450,Fast Charging R1,0,0,0,0,0,0,0,0,0,0,15,0,0,0,0,0,0,0,0,0,0,0,0,0,0,0,0,0,0,0,0,0,0,0,0,0,0,0,0,0,Coffs Harbour - Grafton,104,2450,accepted,coordinate_and_fuzzy_address,68.13567660996509,1.0,311704,"2 Moonee Beach Rd, Moonee Beach, New South Wales, 2450",Moonee Beach,Tesla (including non-tesla),"{""charger_capacities"": ""250 kW"", ""charging_point_count"": 15.0, ""connector_types_normalized"": ""CCS"", ""data_provider"": ""Open Charge Map"", ""is_operational"": true, ""last_verified"": ""2025-04-28T11:06:00Z"", ""number_of_plugs"": null, ""operator"": ""Tesla (including non-tesla)"", ""plug_types"": ""CCS (Type 2)"", ""power_kw_max"": 250.0, ""power_kw_min"": 250.0, ""power_kw_values"": [250.0], ""power_scope"": ""dc_indicated_connection_ratings"", ""status"": ""Operational"", ""usage_cost"": ""$0.56/kWh""}",True,1,1,,,,False,accepted,coordinate_only,69.23227097082031,0.0,https://www.openstreetmap.org/node/12437997269,,Tesla Supercharger,Tesla,"{""access_condition"": ""Free Access"", ""allows_card_payment"": false, ""allows_reservation"": false, ""charging_point_count"": 15, ""charging_point_count_raw"": 15, ""connector_types_normalized"": ""CCS"", ""data_provider"": ""OpenStreetMap"", ""is_free"": false, ""network"": ""Supercharger"", ""number_of_plugs"": null, ""opening_hours"": ""24/7"", ""power_kw_max"": null, ""power_kw_min"": null, ""power_scope"": ""station_reported_maximum"", ""pricing_info"": """"}",True,1,1,,,,False,unmatched,unmatched,,,,,,,{},,0,0,,,,False,accepted,accepted,OCM;OSM,OCM:311704;OSM:https://www.openstreetmap.org/node/12437997269,,,,no,,"{""OCM::charger_capacities"": ""250 kW"", ""OCM::charging_point_count"": 15.0, ""OCM::connector_types_normalized"": ""CCS"", ""OCM::data_provider"": ""Open Charge Map"", ""OCM::is_operational"": true, ""OCM::last_verified"": ""2025-04-28T11:06:00Z"", ""OCM::operator"": ""Tesla (including non-tesla)"", ""OCM::plug_types"": ""CCS (Type 2)"", ""OCM::power_kw_max"": 250.0, ""OCM::power_kw_min"": 250.0, ""OCM::power_kw_values"": [250.0], ""OCM::power_scope"": ""dc_indicated_connection_ratings"", ""OCM::status"": ""Operational"", ""OCM::usage_cost"": ""$0.56/kWh"", ""OSM::access_condition"": ""Free Access"", ""OSM::allows_card_payment"": false, ""OSM::allows_reservation"": false, ""OSM::charging_point_count"": 15, ""OSM::charging_point_count_raw"": 15, ""OSM::connector_types_normalized"": ""CCS"", ""OSM::data_provider"": ""OpenStreetMap"", ""OSM::is_free"": false, ""OSM::network"": ""Supercharger"", ""OSM::opening_hours"": ""24/7"", ""OSM::power_scope"": ""station_reported_maximum""}","{""OCM::connector_types_normalized"": ""CCS"", ""OCM::is_operational"": true, ""OCM::operator"": ""Tesla (including non-tesla)"", ""OCM::plug_types"": ""CCS (Type 2)"", ""OCM::power_kw_max"": 250.0, ""OCM::power_kw_min"": 250.0, ""OCM::power_scope"": ""dc_indicated_connection_ratings"", ""OCM::status"": ""Operational"", ""OCM::usage_cost"": ""$0.56/kWh"", ""OSM::access_condition"": ""Free Access"", ""OSM::allows_card_payment"": false, ""OSM::allows_reservation"": false, ""OSM::connector_types_normalized"": ""CCS"", ""OSM::is_free"": false, ""OSM::network"": ""Supercharger"", ""OSM::opening_hours"": ""24/7"", ""OSM::power_scope"": ""station_reported_maximum""}",11,[]
1388,,,"218 Katoomba Street, Katoomba NSW 2780",Zeus Renewables,4,DC,175 kW,-33.7177016,150.3112897,Blue Mountains City Council,2780,Fast Charging R1,0,0,0,0,0,0,0,0,0,0,4,0,0,0,0,0,0,0,0,0,0,0,0,0,0,0,0,0,0,0,0,0,0,0,0,0,0,0,0,0,Sydney - Outer West and Blue Mountains,124,2780,unmatched,unmatched,,,,,,,{},,0,0,,,,False,unmatched,unmatched,,,,,,,{},,0,0,,,,False,unmatched,unmatched,,,,,,,{},,0,0,,,,False,unmatched,unmatched,,,,,,no,,{},{},0,[]
1404,,,"234 Miller Street, North Sydney NSW 2060",Evie Networks,4,DC,75 kW,-33.833276,151.2071934,North Sydney Council,2060,Kerbside Charging R1,0,0,0,0,0,0,0,0,0,0,0,0,0,0,0,0,0,0,0,0,0,0,0,0,0,0,0,0,0,0,0,0,0,0,0,4,0,0,0,0,Sydney - North Sydney and Hornsby,121,2060,unmatched,unmatched,,,,,,,{},,0,0,,,,False,unmatched,unmatched,,,,,,,{},,0,0,,,,False,unmatched,unmatched,,,,,,,{},,0,0,,,,False,unmatched,unmatched,,,,,,no,,{},{},0,[]
1417,,,25 Danks Street Waterloo NSW 2017,Tesla,8,DC,175 kW,-33.898174,151.2117721,"Sydney, Council of the City of",2017,Fast Charging R1,0,0,0,0,0,0,0,0,0,0,8,0,0,0,0,0,0,0,0,0,0,0,0,0,0,0,0,0,0,0,0,0,0,0,0,0,0,0,0,0,Sydney - City and Inner South,117,2017,unmatched,unmatched,,,,,,,{},,0,0,,,,False,review,coordinate_only,175.99223139680686,0.0,https://www.openstreetmap.org/node/13167181353,,Waterloo Supercharger,Tesla,"{""access_condition"": ""Free Access"", ""allows_card_payment"": false, ""allows_reservation"": false, ""charging_point_count"": 8, ""charging_point_count_raw"": 8, ""connector_types_normalized"": ""CCS"", ""data_provider"": ""OpenStreetMap"", ""is_free"": false, ""network"": ""Supercharger"", ""number_of_plugs"": null, ""opening_hours"": ""24/7"", ""power_kw_max"": null, ""power_kw_min"": null, ""power_scope"": ""station_reported_maximum"", ""pricing_info"": """"}",True,1,1,,candidate does not pass the automatic identity gate,,False,unmatched,unmatched,,,,,,,{},,0,0,,,,False,review,review,,,OSM,OSM: candidate does not pass the automatic identity gate,,no,,{},{},0,"[{""binding"": ""source_address_only; external identity not verified"", ""conclusion"": """", ""file"": ""data/reference/web_review/task3_104_non_ocm_web_verified.csv"", ""page_opened"": false, ""reported_confidence"": ""low"", ""url"": ""https://eplanning.cityofsydney.nsw.gov.au/Common/Integration/FileDownload.ashx?ext=PDF&filesize=136259&id=%21%21tKKaj6VVtpSOun9l%2F1ODcynvqK%2FqCAluQQ727A%3D%3DvZehleitmA%3D%3D&modified=2014-01-06T00%3A37%3A56Z""}]"
1431,,,"260 Victoria Avenue, Chatswood NSW 2067",Tesla,8,DC,175 kW,-33.7949453,151.188291,Willoughby City Council,2067,Fast Charging R1,0,0,0,0,0,0,0,0,0,0,8,0,0,0,0,0,0,0,0,0,0,0,0,0,0,0,0,0,0,0,0,0,0,0,0,0,0,0,0,0,Sydney - North Sydney and Hornsby,121,2067,review,coordinate_only,172.0831475356262,0.876923076923077,266872,"345 Victoria Avenue, Chatswood, NSW, 2067",Chatswood Chase Chargefox,Chargefox,"{""charger_capacities"": ""120 kW"", ""charging_point_count"": 2.0, ""connector_types_normalized"": ""CCS"", ""data_provider"": ""Open Charge Map"", ""is_operational"": true, ""last_verified"": ""2023-07-13T08:44:00Z"", ""number_of_plugs"": null, ""operator"": ""Chargefox"", ""plug_types"": ""CCS (Type 2)"", ""power_kw_max"": 120.0, ""power_kw_min"": 120.0, ""power_kw_values"": [120.0], ""power_scope"": ""dc_indicated_connection_ratings"", ""status"": ""Operational"", ""usage_cost"": ""$0.45/kWh""}",True,1,1,,house numbers conflict; address evidence is inconsistent; candidate does not pass the automatic identity gate,,False,unmatched,unmatched,,,,,,,{},,0,0,,,,False,review,coordinate_only,188.19270240351014,0.876923076923077,15d06bf5-6b4a-425d-9312-bae4b17cc22b-2543,"345 Victoria Ave, Chatswood, NSW 2067",Chatswood Chase,,"{""connector_types_normalized"": ""CCS"", ""data_provider"": ""Charge@Large"", ""dc_port_count"": 2, ""number_of_plugs"": null, ""power_kw_max"": 180.0, ""power_kw_min"": 180.0, ""power_kw_values"": [180.0], ""power_scope"": ""dc_indicated_ports"", ""site_power_range_raw"": ""7 - 180"", ""status_counts"": {""Available"": 1, ""Charging"": 1}, ""status_observed_at"": null, ""total_port_count"": 4}",True,3,3,77.37151851172322,house numbers conflict; address evidence is inconsistent; candidate does not pass the automatic identity gate,,False,review,review,,,OCM;Charge@Large,OCM: house numbers conflict; address evidence is inconsistent; candidate does not pass the automatic identity gate; Charge@Large: house numbers conflict; address evidence is inconsistent; candidate does not pass the automatic identity gate,,no,,{},{},0,[]
1445,,,"2-8 Turramurra Avenue, Turramurra NSW 2074",Evie Networks,4,DC,75 kW,-33.732342,151.1304142,Ku-ring-gai Council,2074,Kerbside Charging R1,0,0,0,0,0,0,0,0,0,0,0,0,0,0,0,0,0,0,0,0,0,0,0,0,0,0,0,0,0,0,0,0,0,0,0,4,0,0,0,0,Sydney - North Sydney and Hornsby,121,2074,unmatched,unmatched,,,,,,,{},,0,0,,,,False,unmatched,unmatched,,,,,,,{},,0,0,,,,False,review,coordinate_only,285.75970848451243,0.40666666666666673,15d06bf5-6b4a-425d-9312-bae4b17cc22b-1309,"5 Ray St, Turramurra, NSW 2074",Turramurra Library,,"{""connector_types_normalized"": ""CCS"", ""data_provider"": ""Charge@Large"", ""dc_port_count"": 2, ""number_of_plugs"": null, ""power_kw_max"": 40.0, ""power_kw_min"": 40.0, ""power_kw_values"": [40.0], ""power_scope"": ""dc_indicated_ports"", ""site_power_range_raw"": ""40"", ""status_counts"": {""Available"": 1, ""Charging"": 1}, ""status_observed_at"": null, ""total_port_count"": 2}",True,1,1,,house numbers conflict; address evidence is inconsistent; candidate does not pass the automatic identity gate,,False,review,review,,,Charge@Large,Charge@Large: house numbers conflict; address evidence is inconsistent; candidate does not pass the automatic identity gate,,no,,{},{},0,"[{""binding"": ""source_address_only; external identity not verified"", ""conclusion"": """", ""file"": ""data/reference/web_review/task3_104_non_ocm_web_verified.csv"", ""page_opened"": true, ""reported_confidence"": ""high"", ""url"": ""https://www.realestate.com.au/property/2-8-turramurra-ave-turramurra-nsw-2074/""}]"
1452,,,"29 Perry Street, Euston NSW 2737",NRMA Electric,4,DC,175 kW,-34.5765963,142.7428195,Balranald Shire Council,2737,Fast Charging R1,0,0,0,0,0,0,0,0,0,0,4,0,0,0,0,0,0,0,0,0,0,0,0,0,0,0,0,0,0,0,0,0,0,0,0,0,0,0,0,0,Murray,109,2737,unmatched,unmatched,,,,,,,{},,0,0,,,,False,unmatched,unmatched,,,,,,,{},,0,0,,,,False,unmatched,unmatched,,,,,,,{},,0,0,,,,False,unmatched,unmatched,,,,,,no,,{},{},0,[]
1485,,,"31 Moate Street, Georgetown NSW 2298",Chargefox,2,DC,60 kW,-32.90876,151.7296847,Newcastle City Council,2298,Kerbside Charging R1,0,0,0,0,0,0,0,0,0,0,0,0,0,0,0,0,0,0,0,0,0,0,0,0,0,0,0,0,0,0,0,0,0,2,0,0,0,0,0,0,Newcastle and Lake Macquarie,111,2298,unmatched,unmatched,,,,,,,{},,0,0,,,,False,unmatched,unmatched,,,,,,,{},,0,0,,,,False,unmatched,unmatched,,,,,,,{},,0,0,,,,False,unmatched,unmatched,,,,,,no,,{},{},0,[]
1518,,,"374 Peel Street, Tamworth NSW 2340",Evie Networks,4,DC,175 kW,-31.0900932,150.9304748,Tamworth Regional Council,2340,Fast Charging R1,0,0,0,0,0,0,0,0,0,0,4,0,0,0,0,0,0,0,0,0,0,0,0,0,0,0,0,0,0,0,0,0,0,0,0,0,0,0,0,0,New England and North West,110,2340,accepted,coordinate_only,37.02747547617924,0.4825657894736842,312659,"Cooper Lane, Tamworth, NSW, 2340",Evie 300kW Charger,Evie,"{""charger_capacities"": ""22 kW; 300 kW"", ""charging_point_count"": 1.0, ""connector_types_normalized"": ""CCS;Type2"", ""data_provider"": ""Open Charge Map"", ""is_operational"": true, ""last_verified"": ""2025-05-20T02:24:00Z"", ""number_of_plugs"": null, ""operator"": ""Evie"", ""plug_types"": ""CCS (Type 2); Type 2 (Socket Only)"", ""power_kw_max"": 300.0, ""power_kw_min"": 300.0, ""power_kw_values"": [300.0], ""power_scope"": ""dc_indicated_connection_ratings"", ""status"": ""Operational"", ""usage_cost"": ""63c""}",True,1,1,,,address evidence is inconsistent,False,unmatched,unmatched,,,,,,,{},,0,0,,,,False,unmatched,unmatched,,,,,,,{},,0,0,,,,False,accepted,accepted,OCM,OCM:312659,,,OCM: address evidence is inconsistent,yes,,"{""OCM::charger_capacities"": ""22 kW; 300 kW"", ""OCM::charging_point_count"": 1.0, ""OCM::connector_types_normalized"": ""CCS;Type2"", ""OCM::data_provider"": ""Open Charge Map"", ""OCM::is_operational"": true, ""OCM::last_verified"": ""2025-05-20T02:24:00Z"", ""OCM::operator"": ""Evie"", ""OCM::plug_types"": ""CCS (Type 2); Type 2 (Socket Only)"", ""OCM::power_kw_max"": 300.0, ""OCM::power_kw_min"": 300.0, ""OCM::power_kw_values"": [300.0], ""OCM::power_scope"": ""dc_indicated_connection_ratings"", ""OCM::status"": ""Operational"", ""OCM::usage_cost"": ""63c""}","{""OCM::connector_types_normalized"": ""CCS;Type2"", ""OCM::is_operational"": true, ""OCM::operator"": ""Evie"", ""OCM::plug_types"": ""CCS (Type 2); Type 2 (Socket Only)"", ""OCM::power_kw_max"": 300.0, ""OCM::power_kw_min"": 300.0, ""OCM::power_scope"": ""dc_indicated_connection_ratings"", ""OCM::status"": ""Operational"", ""OCM::usage_cost"": ""63c""}",5,"[{""binding"": ""same source address and OCM ID; search evidence only"", ""conclusion"": ""web_evidence_found_not_identity_proof"", ""file"": ""data/reference/web_review/task3_ocm_125_web_confidence.csv"", ""page_opened"": true, ""reported_confidence"": ""high"", ""url"": ""https://ev-charging-stations.com.au/chargers/evie-374-peel-street-tamworth-nsw-2340""}]"
1523,,,"392 Manns Road, West Gosford NSW 2250",Tesla,12,DC,175 kW,-33.4258966,151.3205356,Central Coast Council,2250,Fast Charging R1,0,0,0,0,0,0,0,0,0,0,12,0,0,0,0,0,0,0,0,0,0,0,0,0,0,0,0,0,0,0,0,0,0,0,0,0,0,0,0,0,Central Coast,102,2250,unmatched,unmatched,,,,,,,{},,0,0,,,,False,review,coordinate_only,105.96286581023199,0.0,https://www.openstreetmap.org/node/12167451932,,Tesla Supercharger,Tesla,"{""access_condition"": ""Free Access"", ""allows_card_payment"": false, ""allows_reservation"": false, ""charging_point_count"": 12, ""charging_point_count_raw"": 12, ""connector_types_normalized"": ""CCS"", ""data_provider"": ""OpenStreetMap"", ""is_free"": false, ""network"": ""Tesla Supercharger"", ""number_of_plugs"": null, ""opening_hours"": """", ""power_kw_max"": null, ""power_kw_min"": null, ""power_scope"": ""station_reported_maximum"", ""pricing_info"": """"}",True,2,2,92.6922415966732,candidate does not pass the automatic identity gate,,False,unmatched,unmatched,,,,,,,{},,0,0,,,,False,review,review,,,OSM,OSM: candidate does not pass the automatic identity gate,,no,,{},{},0,"[{""binding"": ""source_address_only; external identity not verified"", ""conclusion"": """", ""file"": ""data/reference/web_review/task3_104_non_ocm_web_verified.csv"", ""page_opened"": true, ""reported_confidence"": ""high"", ""url"": ""https://www.binglee.com.au/stores/west-gosford""}]"
1526,,,"3A Cowell Street, Gladesville NSW 2111",Evie Networks,2,DC,75 kW,-33.8329216,151.1276887,"Hunters Hill, The Council of the Municipality of",2111,Kerbside Charging R1,0,0,0,0,0,0,0,0,0,0,0,0,0,0,0,0,0,0,0,0,0,0,0,0,0,0,0,0,0,0,0,0,0,0,0,2,0,0,0,0,Sydney - Ryde,126,2111,unmatched,unmatched,,,,,,,{},,0,0,,,,False,accepted,coordinate_only,30.994900716692886,0.0,https://www.openstreetmap.org/node/13073547942,,,Evie Networks,"{""access_condition"": ""Free Access"", ""allows_card_payment"": false, ""allows_reservation"": false, ""charging_point_count"": 2, ""charging_point_count_raw"": 2, ""connector_types_normalized"": ""CCS"", ""data_provider"": ""OpenStreetMap"", ""is_free"": false, ""network"": """", ""number_of_plugs"": null, ""opening_hours"": """", ""power_kw_max"": null, ""power_kw_min"": null, ""power_scope"": ""station_reported_maximum"", ""pricing_info"": """"}",True,1,1,,,,False,unmatched,unmatched,,,,,,,{},,0,0,,,,False,accepted,accepted,OSM,OSM:https://www.openstreetmap.org/node/13073547942,,,OSM:https://www.openstreetmap.org/node/13073547942 is linked to multiple TfNSW rows,yes,,"{""OSM::access_condition"": ""Free Access"", ""OSM::allows_card_payment"": false, ""OSM::allows_reservation"": false, ""OSM::charging_point_count"": 2, ""OSM::charging_point_count_raw"": 2, ""OSM::connector_types_normalized"": ""CCS"", ""OSM::data_provider"": ""OpenStreetMap"", ""OSM::is_free"": false, ""OSM::power_scope"": ""station_reported_maximum""}","{""OSM::access_condition"": ""Free Access"", ""OSM::allows_card_payment"": false, ""OSM::allows_reservation"": false, ""OSM::connector_types_normalized"": ""CCS"", ""OSM::is_free"": false, ""OSM::power_scope"": ""station_reported_maximum""}",5,"[{""binding"": ""source_address_only; external identity not verified"", ""conclusion"": """", ""file"": ""data/reference/web_review/task3_104_non_ocm_web_verified.csv"", ""page_opened"": false, ""reported_confidence"": ""medium"", ""url"": ""https://www.plugroo.com.au/nsw/huntleys-point""}]"
1547,,,"424 Hoxton Park Road, Prestons NSW 2170",NRMA Electric,4,DC,175 kW,-33.9304674,150.8750193,Liverpool City Council,2170,Fast Charging R1,0,0,0,0,0,0,0,0,0,0,4,0,0,0,0,0,0,0,0,0,0,0,0,0,0,0,0,0,0,0,0,0,0,0,0,0,0,0,0,0,Sydney - South West,127,2170,unmatched,unmatched,,,,,,,{},,0,0,,,,False,unmatched,unmatched,,,,,,,{},,0,0,,,,False,review,coordinate_only,284.4731350332567,0.8925925925925927,15d06bf5-6b4a-425d-9312-bae4b17cc22b-214,"402 Hoxton Park Rd, Prestons, NSW 2170",Eagers Automotive - Hoxton Park,,"{""connector_types_normalized"": ""CCS"", ""data_provider"": ""Charge@Large"", ""dc_port_count"": 1, ""number_of_plugs"": null, ""power_kw_max"": 40.0, ""power_kw_min"": 40.0, ""power_kw_values"": [40.0], ""power_scope"": ""dc_indicated_ports"", ""site_power_range_raw"": ""40"", ""status_counts"": {""Missing"": 1}, ""status_observed_at"": null, ""total_port_count"": 1}",True,1,1,,house numbers conflict; address evidence is inconsistent; candidate does not pass the automatic identity gate,,False,review,review,,,Charge@Large,Charge@Large: house numbers conflict; address evidence is inconsistent; candidate does not pass the automatic identity gate,,no,,{},{},0,"[{""binding"": ""source_address_only; external identity not verified"", ""conclusion"": """", ""file"": ""data/reference/web_review/task3_104_non_ocm_web_verified.csv"", ""page_opened"": false, ""reported_confidence"": ""medium"", ""url"": ""https://apps.planningportal.nsw.gov.au/prweb/PRRestService/DocMgmt/v1/PublicDocuments/DATA-WORKATTACH-FILE%20PEC-DPE-EP-WORK%20PPS-2016SYW204%2120190614T224635.967%20GMT""}]"
1561,,,"46 Wynter Street, Taree NSW 2430",Tesla,12,DC,175 kW,-31.9091185,152.4602815,Mid-Coast Council,2430,Fast Charging R1,0,0,0,0,0,0,0,0,0,0,12,0,0,0,0,0,0,0,0,0,0,0,0,0,0,0,0,0,0,0,0,0,0,0,0,0,0,0,0,0,Mid North Coast,108,2430,review,coordinate_only,227.01983298028762,0.8777777777777779,460625,"37 Wynter Street, Taree, NSW, 2430",Tesla Supercharger Taree,Tesla (including non-tesla),"{""charger_capacities"": ""250 kW"", ""charging_point_count"": 12.0, ""connector_types_normalized"": ""CCS"", ""data_provider"": ""Open Charge Map"", ""is_operational"": true, ""last_verified"": ""2026-09-05T11:22:00Z"", ""number_of_plugs"": null, ""operator"": ""Tesla (including non-tesla)"", ""plug_types"": ""CCS (Type 2)"", ""power_kw_max"": 250.0, ""power_kw_min"": 250.0, ""power_kw_values"": [250.0], ""power_scope"": ""dc_indicated_connection_ratings"", ""status"": ""Operational"", ""usage_cost"": """"}",True,1,1,,house numbers conflict; address evidence is inconsistent; candidate does not pass the automatic identity gate,,False,review,coordinate_only,180.52025875490187,0.0,https://www.openstreetmap.org/node/11952634938,,Tesla Supercharger,Tesla,"{""access_condition"": ""Free Access"", ""allows_card_payment"": true, ""allows_reservation"": false, ""charging_point_count"": 12, ""charging_point_count_raw"": 12, ""connector_types_normalized"": ""CCS"", ""data_provider"": ""OpenStreetMap"", ""is_free"": false, ""network"": ""Tesla Supercharger"", ""number_of_plugs"": null, ""opening_hours"": """", ""power_kw_max"": null, ""power_kw_min"": null, ""power_scope"": ""station_reported_maximum"", ""pricing_info"": """"}",True,1,1,,candidate does not pass the automatic identity gate,,False,unmatched,unmatched,,,,,,,{},,0,0,,,,False,review,review,,,OCM;OSM,OCM: house numbers conflict; address evidence is inconsistent; candidate does not pass the automatic identity gate; OSM: candidate does not pass the automatic identity gate,,no,,{},{},0,[]
1563,,,"47-49A Cleary Street, Hamilton NSW 2303",Chargefox,2,DC,60 kW,-32.9212044,151.7479743,Newcastle City Council,2303,Kerbside Charging R1,0,0,0,0,0,0,0,0,0,0,0,0,0,0,0,0,0,0,0,0,0,0,0,0,0,0,0,0,0,0,0,0,0,2,0,0,0,0,0,0,Newcastle and Lake Macquarie,111,2303,unmatched,unmatched,,,,,,,{},,0,0,,,,False,unmatched,unmatched,,,,,,,{},,0,0,,,,False,unmatched,unmatched,,,,,,,{},,0,0,,,,False,unmatched,unmatched,,,,,,no,,{},{},0,[]
1564,,,477 Coolac Road Coolac NSW 2727,Tesla,12,DC,175 kW,-34.9244264,148.1654233,Cootamundra-gundagai Regional Council,2727,Fast Charging R1,0,0,0,0,0,0,0,0,0,0,12,0,0,0,0,0,0,0,0,0,0,0,0,0,0,0,0,0,0,0,0,0,0,0,0,0,0,0,0,0,Riverina,113,2727,accepted,coordinate_and_fuzzy_address,54.350034216859775,1.0,461335,"477 Coolac Road, Coolac, NSW, 2727",Tesla Supercharger Coolac ,Tesla (including non-tesla),"{""charger_capacities"": ""300 kW"", ""charging_point_count"": 12.0, ""connector_types_normalized"": ""CCS"", ""data_provider"": ""Open Charge Map"", ""is_operational"": true, ""last_verified"": ""2025-09-24T02:47:00Z"", ""number_of_plugs"": null, ""operator"": ""Tesla (including non-tesla)"", ""plug_types"": ""CCS (Type 2)"", ""power_kw_max"": 300.0, ""power_kw_min"": 300.0, ""power_kw_values"": [300.0], ""power_scope"": ""dc_indicated_connection_ratings"", ""status"": ""Operational"", ""usage_cost"": """"}",True,1,1,,,,False,accepted,coordinate_only,73.35595092059145,0.0,https://www.openstreetmap.org/node/13146732524,,Tesla Supercharger,Tesla,"{""access_condition"": ""Free Access"", ""allows_card_payment"": false, ""allows_reservation"": false, ""charging_point_count"": 12, ""charging_point_count_raw"": 12, ""connector_types_normalized"": ""CCS"", ""data_provider"": ""OpenStreetMap"", ""is_free"": false, ""network"": ""Supercharger"", ""number_of_plugs"": null, ""opening_hours"": ""24/7"", ""power_kw_max"": null, ""power_kw_min"": null, ""power_scope"": ""station_reported_maximum"", ""pricing_info"": """"}",True,1,1,,,,False,unmatched,unmatched,,,,,,,{},,0,0,,,,False,accepted,accepted,OCM;OSM,OCM:461335;OSM:https://www.openstreetmap.org/node/13146732524,,,,no,,"{""OCM::charger_capacities"": ""300 kW"", ""OCM::charging_point_count"": 12.0, ""OCM::connector_types_normalized"": ""CCS"", ""OCM::data_provider"": ""Open Charge Map"", ""OCM::is_operational"": true, ""OCM::last_verified"": ""2025-09-24T02:47:00Z"", ""OCM::operator"": ""Tesla (including non-tesla)"", ""OCM::plug_types"": ""CCS (Type 2)"", ""OCM::power_kw_max"": 300.0, ""OCM::power_kw_min"": 300.0, ""OCM::power_kw_values"": [300.0], ""OCM::power_scope"": ""dc_indicated_connection_ratings"", ""OCM::status"": ""Operational"", ""OSM::access_condition"": ""Free Access"", ""OSM::allows_card_payment"": false, ""OSM::allows_reservation"": false, ""OSM::charging_point_count"": 12, ""OSM::charging_point_count_raw"": 12, ""OSM::connector_types_normalized"": ""CCS"", ""OSM::data_provider"": ""OpenStreetMap"", ""OSM::is_free"": false, ""OSM::network"": ""Supercharger"", ""OSM::opening_hours"": ""24/7"", ""OSM::power_scope"": ""station_reported_maximum""}","{""OCM::connector_types_normalized"": ""CCS"", ""OCM::is_operational"": true, ""OCM::operator"": ""Tesla (including non-tesla)"", ""OCM::plug_types"": ""CCS (Type 2)"", ""OCM::power_kw_max"": 300.0, ""OCM::power_kw_min"": 300.0, ""OCM::power_scope"": ""dc_indicated_connection_ratings"", ""OCM::status"": ""Operational"", ""OSM::access_condition"": ""Free Access"", ""OSM::allows_card_payment"": false, ""OSM::allows_reservation"": false, ""OSM::connector_types_normalized"": ""CCS"", ""OSM::is_free"": false, ""OSM::network"": ""Supercharger"", ""OSM::opening_hours"": ""24/7"", ""OSM::power_scope"": ""station_reported_maximum""}",10,[]
1567,,,"481 Pacific Highway, Wyoming NSW 2250",BP,6,DC,175 kW,-33.4082245,151.3511059,Central Coast Council,2250,Fast Charging R1,0,0,0,0,0,0,0,0,0,0,6,0,0,0,0,0,0,0,0,0,0,0,0,0,0,0,0,0,0,0,0,0,0,0,0,0,0,0,0,0,Central Coast,102,2250,accepted,coordinate_and_fuzzy_address,24.19567012576189,0.880952380952381,508148,"Pacific Highway, Wyoming, New South Wales, 2250",Pacific Highway,BP Pulse (AU),"{""charger_capacities"": ""60 kW; 150 kW; 300 kW"", ""charging_point_count"": 6.0, ""connector_types_normalized"": ""CCS;CHAdeMO"", ""data_provider"": ""Open Charge Map"", ""is_operational"": true, ""last_verified"": ""2026-09-09T01:02:00Z"", ""number_of_plugs"": null, ""operator"": ""BP Pulse (AU)"", ""plug_types"": ""CCS (Type 2); CHAdeMO"", ""power_kw_max"": 300.0, ""power_kw_min"": 60.0, ""power_kw_values"": [60.0, 150.0, 300.0], ""power_scope"": ""dc_indicated_connection_ratings"", ""status"": ""Operational"", ""usage_cost"": ""55c/kWh""}",True,1,1,,,address evidence is street-level only,False,unmatched,unmatched,,,,,,,{},,0,0,,,,False,unmatched,unmatched,,,,,,,{},,0,0,,,,False,accepted,accepted,OCM,OCM:508148,,,OCM: address evidence is street-level only,yes,,"{""OCM::charger_capacities"": ""60 kW; 150 kW; 300 kW"", ""OCM::charging_point_count"": 6.0, ""OCM::connector_types_normalized"": ""CCS;CHAdeMO"", ""OCM::data_provider"": ""Open Charge Map"", ""OCM::is_operational"": true, ""OCM::last_verified"": ""2026-09-09T01:02:00Z"", ""OCM::operator"": ""BP Pulse (AU)"", ""OCM::plug_types"": ""CCS (Type 2); CHAdeMO"", ""OCM::power_kw_max"": 300.0, ""OCM::power_kw_min"": 60.0, ""OCM::power_kw_values"": [60.0, 150.0, 300.0], ""OCM::power_scope"": ""dc_indicated_connection_ratings"", ""OCM::status"": ""Operational"", ""OCM::usage_cost"": ""55c/kWh""}","{""OCM::connector_types_normalized"": ""CCS;CHAdeMO"", ""OCM::is_operational"": true, ""OCM::operator"": ""BP Pulse (AU)"", ""OCM::plug_types"": ""CCS (Type 2); CHAdeMO"", ""OCM::power_kw_max"": 300.0, ""OCM::power_kw_min"": 60.0, ""OCM::power_scope"": ""dc_indicated_connection_ratings"", ""OCM::status"": ""Operational"", ""OCM::usage_cost"": ""55c/kWh""}",5,[]
1621,,,"592 Anzac Parade, Kingsford NSW 2032",Evie Networks,4,DC,75 kW,-33.9260318,151.2312658,Randwick City Council,2032,Kerbside Charging R1,0,0,0,0,0,0,0,0,0,0,0,0,0,0,0,0,0,0,0,0,0,0,0,0,0,0,0,0,0,0,0,0,0,0,0,4,0,0,0,0,Sydney - Eastern Suburbs,118,2032,unmatched,unmatched,,,,,,,{},,0,0,,,,False,review,coordinate_only,79.0005240340087,0.0,https://www.openstreetmap.org/node/13206176474,,,Evie Networks,"{""access_condition"": ""Free Access"", ""allows_card_payment"": false, ""allows_reservation"": false, ""charging_point_count"": 4, ""charging_point_count_raw"": 4, ""connector_types_normalized"": ""CCS"", ""data_provider"": ""OpenStreetMap"", ""is_free"": false, ""network"": """", ""number_of_plugs"": null, ""opening_hours"": """", ""power_kw_max"": null, ""power_kw_min"": null, ""power_scope"": ""station_reported_maximum"", ""pricing_info"": """"}",True,1,1,,external ID https://www.openstreetmap.org/node/13206176474 is shared by distinct source sites,,False,unmatched,unmatched,,,,,,,{},,0,0,,,,False,review,review,,,OSM,OSM: external ID https://www.openstreetmap.org/node/13206176474 is shared by distinct source sites,,no,,{},{},0,"[{""binding"": ""source_address_only; external identity not verified"", ""conclusion"": """", ""file"": ""data/reference/web_review/task3_104_non_ocm_web_verified.csv"", ""page_opened"": false, ""reported_confidence"": ""medium"", ""url"": ""https://apps.planningportal.nsw.gov.au/prweb/PRRestService/DocMgmt/v1/PublicDocuments/DATA-WORKATTACH-FILE%20PEC-DPE-EP-WORK%20P5-2024-61%2120240507T013115.785%20GMT""}]"
1627,,,"60-62 Amherst Street, Cammeray NSW 2062",Evie Networks,4,DC,50 kW,-33.8227718,151.2109254,North Sydney Council,2062,Kerbside Charging R1,0,0,0,0,0,0,0,0,0,0,0,0,0,0,0,0,0,0,0,0,0,0,0,0,0,0,0,0,0,0,0,4,0,0,0,0,0,0,0,0,Sydney - North Sydney and Hornsby,121,2062,unmatched,unmatched,,,,,,,{},,0,0,,,,False,unmatched,unmatched,,,,,,,{},,0,0,,,,False,unmatched,unmatched,,,,,,,{},,0,0,,,,False,unmatched,unmatched,,,,,,no,,{},{},0,[]
1633,,,618 Dean Street Albury NSW 2640,Tesla,16,DC,175 kW,-36.0796606,146.9138899,Albury City Council,2640,Fast Charging R1,0,0,0,0,0,0,0,0,0,0,16,0,0,0,0,0,0,0,0,0,0,0,0,0,0,0,0,0,0,0,0,0,0,0,0,0,0,0,0,0,Murray,109,2640,accepted,coordinate_only,49.24924778316857,0.6106722689075631,300154,"Stanley Street, Albury, New South Wales, 2640",Tesla Supercharger Albury,Tesla (including non-tesla),"{""charger_capacities"": ""250 kW"", ""charging_point_count"": 12.0, ""connector_types_normalized"": ""CCS"", ""data_provider"": ""Open Charge Map"", ""is_operational"": true, ""last_verified"": ""2024-06-25T11:24:00Z"", ""number_of_plugs"": null, ""operator"": ""Tesla (including non-tesla)"", ""plug_types"": ""CCS (Type 2)"", ""power_kw_max"": 250.0, ""power_kw_min"": 250.0, ""power_kw_values"": [250.0], ""power_scope"": ""dc_indicated_connection_ratings"", ""status"": ""Operational"", ""usage_cost"": ""$0.69/kWh""}",True,1,1,,,address evidence is inconsistent,False,accepted,coordinate_only,51.527270216323814,0.0,https://www.openstreetmap.org/node/11386697708,,Tesla Supercharger,Tesla,"{""access_condition"": ""Free Access"", ""allows_card_payment"": false, ""allows_reservation"": false, ""charging_point_count"": 16, ""charging_point_count_raw"": 16, ""connector_types_normalized"": ""CCS"", ""data_provider"": ""OpenStreetMap"", ""is_free"": false, ""network"": ""Supercharger"", ""number_of_plugs"": null, ""opening_hours"": ""24/7"", ""power_kw_max"": null, ""power_kw_min"": null, ""power_scope"": ""station_reported_maximum"", ""pricing_info"": """"}",True,2,2,414.8701016133515,,,False,unmatched,unmatched,,,,,,,{},,0,0,,,,False,accepted,accepted,OCM;OSM,OCM:300154;OSM:https://www.openstreetmap.org/node/11386697708,,,OCM: address evidence is inconsistent,yes,,"{""OCM::charger_capacities"": ""250 kW"", ""OCM::charging_point_count"": 12.0, ""OCM::connector_types_normalized"": ""CCS"", ""OCM::data_provider"": ""Open Charge Map"", ""OCM::is_operational"": true, ""OCM::last_verified"": ""2024-06-25T11:24:00Z"", ""OCM::operator"": ""Tesla (including non-tesla)"", ""OCM::plug_types"": ""CCS (Type 2)"", ""OCM::power_kw_max"": 250.0, ""OCM::power_kw_min"": 250.0, ""OCM::power_kw_values"": [250.0], ""OCM::power_scope"": ""dc_indicated_connection_ratings"", ""OCM::status"": ""Operational"", ""OCM::usage_cost"": ""$0.69/kWh"", ""OSM::access_condition"": ""Free Access"", ""OSM::allows_card_payment"": false, ""OSM::allows_reservation"": false, ""OSM::charging_point_count"": 16, ""OSM::charging_point_count_raw"": 16, ""OSM::connector_types_normalized"": ""CCS"", ""OSM::data_provider"": ""OpenStreetMap"", ""OSM::is_free"": false, ""OSM::network"": ""Supercharger"", ""OSM::opening_hours"": ""24/7"", ""OSM::power_scope"": ""station_reported_maximum""}","{""OCM::connector_types_normalized"": ""CCS"", ""OCM::is_operational"": true, ""OCM::operator"": ""Tesla (including non-tesla)"", ""OCM::plug_types"": ""CCS (Type 2)"", ""OCM::power_kw_max"": 250.0, ""OCM::power_kw_min"": 250.0, ""OCM::power_scope"": ""dc_indicated_connection_ratings"", ""OCM::status"": ""Operational"", ""OCM::usage_cost"": ""$0.69/kWh"", ""OSM::access_condition"": ""Free Access"", ""OSM::allows_card_payment"": false, ""OSM::allows_reservation"": false, ""OSM::connector_types_normalized"": ""CCS"", ""OSM::is_free"": false, ""OSM::network"": ""Supercharger"", ""OSM::opening_hours"": ""24/7"", ""OSM::power_scope"": ""station_reported_maximum""}",11,"[{""binding"": ""same source address and OCM ID; search evidence only"", ""conclusion"": ""web_evidence_found_not_identity_proof"", ""file"": ""data/reference/web_review/task3_ocm_125_web_confidence.csv"", ""page_opened"": true, ""reported_confidence"": ""high"", ""url"": ""https://commercialclubalbury.com.au/facilities/car-park/""}]"
1646,,,"65 Hume Street, Crows Nest NSW 2065",Evie Networks,4,DC,75 kW,-33.8243185,151.2002301,North Sydney Council,2065,Kerbside Charging R1,0,0,0,0,0,0,0,0,0,0,0,0,0,0,0,0,0,0,0,0,0,0,0,0,0,0,0,0,0,0,0,0,0,0,0,4,0,0,0,0,Sydney - North Sydney and Hornsby,121,2065,review,coordinate_only,455.864795139043,0.5321513002364067,272632,"88 Christie St, St Leonards, NSW, 2065",Civic Plaza 88 Christie,Evie,"{""charger_capacities"": ""50 kW"", ""charging_point_count"": 2.0, ""connector_types_normalized"": ""CCS;CHAdeMO"", ""data_provider"": ""Open Charge Map"", ""is_operational"": true, ""last_verified"": ""2023-07-15T12:12:00Z"", ""number_of_plugs"": null, ""operator"": ""Evie"", ""plug_types"": ""CCS (Type 2); CHAdeMO"", ""power_kw_max"": 50.0, ""power_kw_min"": 50.0, ""power_kw_values"": [50.0], ""power_scope"": ""dc_indicated_connection_ratings"", ""status"": ""Operational"", ""usage_cost"": """"}",True,1,1,,house numbers conflict; address evidence is inconsistent; candidate does not pass the automatic identity gate,,False,review,coordinate_only,69.58608944520927,0.0,https://www.openstreetmap.org/node/13059026685,,,Evie Networks,"{""access_condition"": ""Free Access"", ""allows_card_payment"": false, ""allows_reservation"": false, ""charging_point_count"": 4, ""charging_point_count_raw"": 4, ""connector_types_normalized"": ""CCS"", ""data_provider"": ""OpenStreetMap"", ""is_free"": false, ""network"": """", ""number_of_plugs"": null, ""opening_hours"": """", ""power_kw_max"": null, ""power_kw_min"": null, ""power_scope"": ""station_reported_maximum"", ""pricing_info"": """"}",True,2,2,288.7685579478764,external ID https://www.openstreetmap.org/node/13059026685 is shared by distinct source sites,,False,review,coordinate_only,467.5678289535134,0.533816425120773,15d06bf5-6b4a-425d-9312-bae4b17cc22b-1993,"1 Plunkett St, New South Wales, St Leonards, NSW 2065",Willoughby City Council - Plunkett St,,"{""connector_types_normalized"": ""CCS"", ""data_provider"": ""Charge@Large"", ""dc_port_count"": 2, ""number_of_plugs"": null, ""power_kw_max"": 50.0, ""power_kw_min"": 50.0, ""power_kw_values"": [50.0], ""power_scope"": ""dc_indicated_ports"", ""site_power_range_raw"": ""50"", ""status_counts"": {""Available"": 2}, ""status_observed_at"": null, ""total_port_count"": 2}",True,1,1,,house numbers conflict; address evidence is inconsistent; candidate does not pass the automatic identity gate,,False,review,review,,,OCM;OSM;Charge@Large,OCM: house numbers conflict; address evidence is inconsistent; candidate does not pass the automatic identity gate; OSM: external ID https://www.openstreetmap.org/node/13059026685 is shared by distinct source sites; Charge@Large: house numbers conflict; address evidence is inconsistent; candidate does not pass the automatic identity gate,,no,,{},{},0,"[{""binding"": ""same source address and OCM ID; search evidence only"", ""conclusion"": ""web_evidence_found_not_identity_proof"", ""file"": ""data/reference/web_review/task3_ocm_125_web_confidence.csv"", ""page_opened"": true, ""reported_confidence"": ""high"", ""url"": ""https://contourclinics.com.au/contact-us/""}]"
1656,,,"68 Lead Street, Yass NSW 2582",Tesla,12,DC,175 kW,-34.8436036,148.9142289,Yass Valley Council,2582,Fast Charging R1,0,0,0,0,0,0,0,0,0,0,12,0,0,0,0,0,0,0,0,0,0,0,0,0,0,0,0,0,0,0,0,0,0,0,0,0,0,0,0,0,Capital Region,101,2582,accepted,coordinate_and_fuzzy_address,25.08357707561821,0.8777777777777779,296045,"Lead Street, Yass, New South Wales, 2582",Tesla Superchargers Yass,Tesla (including non-tesla),"{""charger_capacities"": ""250 kW"", ""charging_point_count"": 1.0, ""connector_types_normalized"": ""CCS"", ""data_provider"": ""Open Charge Map"", ""is_operational"": true, ""last_verified"": ""2024-03-06T09:49:00Z"", ""number_of_plugs"": null, ""operator"": ""Tesla (including non-tesla)"", ""plug_types"": ""CCS (Type 2)"", ""power_kw_max"": 250.0, ""power_kw_min"": 250.0, ""power_kw_values"": [250.0], ""power_scope"": ""dc_indicated_connection_ratings"", ""status"": ""Operational"", ""usage_cost"": ""$0.52/kWh""}",True,3,3,236.09756833594008,,address evidence is street-level only,False,accepted,coordinate_only,17.10938036206387,0.0,https://www.openstreetmap.org/node/11289934645,,Tesla Supercharger,Tesla,"{""access_condition"": ""Free Access"", ""allows_card_payment"": false, ""allows_reservation"": false, ""charging_point_count"": 12, ""charging_point_count_raw"": 12, ""connector_types_normalized"": ""CCS"", ""data_provider"": ""OpenStreetMap"", ""is_free"": false, ""network"": ""Tesla Supercharger"", ""number_of_plugs"": null, ""opening_hours"": """", ""power_kw_max"": null, ""power_kw_min"": null, ""power_scope"": ""station_reported_maximum"", ""pricing_info"": """"}",True,4,4,220.95903767212656,,,False,unmatched,unmatched,,,,,,,{},,0,0,,,,False,accepted,accepted,OCM;OSM,OCM:296045;OSM:https://www.openstreetmap.org/node/11289934645,,,OCM: address evidence is street-level only,yes,,"{""OCM::charger_capacities"": ""250 kW"", ""OCM::charging_point_count"": 1.0, ""OCM::connector_types_normalized"": ""CCS"", ""OCM::data_provider"": ""Open Charge Map"", ""OCM::is_operational"": true, ""OCM::last_verified"": ""2024-03-06T09:49:00Z"", ""OCM::operator"": ""Tesla (including non-tesla)"", ""OCM::plug_types"": ""CCS (Type 2)"", ""OCM::power_kw_max"": 250.0, ""OCM::power_kw_min"": 250.0, ""OCM::power_kw_values"": [250.0], ""OCM::power_scope"": ""dc_indicated_connection_ratings"", ""OCM::status"": ""Operational"", ""OCM::usage_cost"": ""$0.52/kWh"", ""OSM::access_condition"": ""Free Access"", ""OSM::allows_card_payment"": false, ""OSM::allows_reservation"": false, ""OSM::charging_point_count"": 12, ""OSM::charging_point_count_raw"": 12, ""OSM::connector_types_normalized"": ""CCS"", ""OSM::data_provider"": ""OpenStreetMap"", ""OSM::is_free"": false, ""OSM::network"": ""Tesla Supercharger"", ""OSM::power_scope"": ""station_reported_maximum""}","{""OCM::connector_types_normalized"": ""CCS"", ""OCM::is_operational"": true, ""OCM::operator"": ""Tesla (including non-tesla)"", ""OCM::plug_types"": ""CCS (Type 2)"", ""OCM::power_kw_max"": 250.0, ""OCM::power_kw_min"": 250.0, ""OCM::power_scope"": ""dc_indicated_connection_ratings"", ""OCM::status"": ""Operational"", ""OCM::usage_cost"": ""$0.52/kWh"", ""OSM::access_condition"": ""Free Access"", ""OSM::allows_card_payment"": false, ""OSM::allows_reservation"": false, ""OSM::connector_types_normalized"": ""CCS"", ""OSM::is_free"": false, ""OSM::network"": ""Tesla Supercharger"", ""OSM::power_scope"": ""station_reported_maximum""}",10,[]
1668,,,"7 Northwood Road, Longueville NSW 2066",BP,4,DC,175 kW,-33.8245399,151.172579,Lane Cove Municipal Council,2066,Fast Charging R1,0,0,0,0,0,0,0,0,0,0,4,0,0,0,0,0,0,0,0,0,0,0,0,0,0,0,0,0,0,0,0,0,0,0,0,0,0,0,0,0,Sydney - North Sydney and Hornsby,121,2066,unmatched,unmatched,,,,,,,{},,0,0,,,,False,accepted,coordinate_only,13.902178827157087,0.0,https://www.openstreetmap.org/node/13103099620,,,bp pulse,"{""access_condition"": ""Free Access"", ""allows_card_payment"": false, ""allows_reservation"": false, ""charging_point_count"": null, ""charging_point_count_raw"": null, ""connector_types_normalized"": ""CCS"", ""data_provider"": ""OpenStreetMap"", ""is_free"": false, ""network"": ""bp pulse"", ""number_of_plugs"": null, ""opening_hours"": """", ""power_kw_max"": null, ""power_kw_min"": null, ""power_scope"": ""station_reported_maximum"", ""pricing_info"": """"}",True,1,1,,,,False,unmatched,unmatched,,,,,,,{},,0,0,,,,False,accepted,accepted,OSM,OSM:https://www.openstreetmap.org/node/13103099620,,,,no,,"{""OSM::access_condition"": ""Free Access"", ""OSM::allows_card_payment"": false, ""OSM::allows_reservation"": false, ""OSM::connector_types_normalized"": ""CCS"", ""OSM::data_provider"": ""OpenStreetMap"", ""OSM::is_free"": false, ""OSM::network"": ""bp pulse"", ""OSM::power_scope"": ""station_reported_maximum""}","{""OSM::access_condition"": ""Free Access"", ""OSM::allows_card_payment"": false, ""OSM::allows_reservation"": false, ""OSM::connector_types_normalized"": ""CCS"", ""OSM::is_free"": false, ""OSM::network"": ""bp pulse"", ""OSM::power_scope"": ""station_reported_maximum""}",6,"[{""binding"": ""source_address_only; external identity not verified"", ""conclusion"": """", ""file"": ""data/reference/web_review/task3_104_non_ocm_web_verified.csv"", ""page_opened"": true, ""reported_confidence"": ""high"", ""url"": ""https://www.energy.nsw.gov.au/households/transport/electric-vehicles/fast-charging""}]"
1677,,,72 Lachlan Street Hay NSW 2711,Tesla,6,DC,175 kW,-34.5115082,144.8422816,Hay Shire Council,2711,Fast Charging R1,0,0,0,0,0,0,0,0,0,0,6,0,0,0,0,0,0,0,0,0,0,0,0,0,0,0,0,0,0,0,0,0,0,0,0,0,0,0,0,0,Murray,109,2711,review,coordinate_only,319.8088491562842,0.8714285714285716,190670,"134 Lachlan St, Hay, NSW, 2711",Hay [NRMA],NRMA,"{""charger_capacities"": ""50 kW"", ""charging_point_count"": 1.0, ""connector_types_normalized"": ""CCS;CHAdeMO"", ""data_provider"": ""Open Charge Map"", ""is_operational"": true, ""last_verified"": ""2021-12-17T02:59:00Z"", ""number_of_plugs"": null, ""operator"": ""NRMA"", ""plug_types"": ""CCS (Type 2); CHAdeMO"", ""power_kw_max"": 50.0, ""power_kw_min"": 50.0, ""power_kw_values"": [50.0], ""power_scope"": ""dc_indicated_connection_ratings"", ""status"": ""Operational"", ""usage_cost"": ""Currently free but will be fee at some point.""}",True,1,1,,house numbers conflict; address evidence is inconsistent; candidate does not pass the automatic identity gate,,False,accepted,coordinate_only,14.056200964152046,0.0,https://www.openstreetmap.org/node/12087095506,,Tesla Supercharger,Tesla,"{""access_condition"": ""Free Access"", ""allows_card_payment"": false, ""allows_reservation"": false, ""charging_point_count"": 6, ""charging_point_count_raw"": 6, ""connector_types_normalized"": ""CCS"", ""data_provider"": ""OpenStreetMap"", ""is_free"": false, ""network"": ""Tesla Supercharger"", ""number_of_plugs"": null, ""opening_hours"": """", ""power_kw_max"": null, ""power_kw_min"": null, ""power_scope"": ""station_reported_maximum"", ""pricing_info"": """"}",True,2,2,249.26687066309145,,,False,unmatched,unmatched,,,,,,,{},,0,0,,,,False,accepted,accepted,OSM,OSM:https://www.openstreetmap.org/node/12087095506,OCM,OCM: house numbers conflict; address evidence is inconsistent; candidate does not pass the automatic identity gate,,no,,"{""OSM::access_condition"": ""Free Access"", ""OSM::allows_card_payment"": false, ""OSM::allows_reservation"": false, ""OSM::charging_point_count"": 6, ""OSM::charging_point_count_raw"": 6, ""OSM::connector_types_normalized"": ""CCS"", ""OSM::data_provider"": ""OpenStreetMap"", ""OSM::is_free"": false, ""OSM::network"": ""Tesla Supercharger"", ""OSM::power_scope"": ""station_reported_maximum""}","{""OSM::access_condition"": ""Free Access"", ""OSM::allows_card_payment"": false, ""OSM::allows_reservation"": false, ""OSM::connector_types_normalized"": ""CCS"", ""OSM::is_free"": false, ""OSM::network"": ""Tesla Supercharger"", ""OSM::power_scope"": ""station_reported_maximum""}",6,[]
1687,,,"76 Glossop Street, North Street Marys NSW 2760",BP,4,DC,175 kW,-33.7601979,150.7816339,Penrith City Council,2760,Fast Charging R1,0,0,0,0,0,0,0,0,0,0,4,0,0,0,0,0,0,0,0,0,0,0,0,0,0,0,0,0,0,0,0,0,0,0,0,0,0,0,0,0,Sydney - Outer West and Blue Mountains,124,2760,unmatched,unmatched,,,,,,,{},,0,0,,,,False,review,coordinate_only,8.12592847725266,0.0,https://www.openstreetmap.org/node/13346922346,,,bp pulse,"{""access_condition"": ""Free Access"", ""allows_card_payment"": false, ""allows_reservation"": false, ""charging_point_count"": 2, ""charging_point_count_raw"": 2, ""connector_types_normalized"": ""CCS;CHAdeMO"", ""data_provider"": ""OpenStreetMap"", ""is_free"": false, ""network"": ""bp pulse"", ""number_of_plugs"": null, ""opening_hours"": """", ""power_kw_max"": null, ""power_kw_min"": null, ""power_scope"": ""station_reported_maximum"", ""pricing_info"": """"}",True,2,2,3.986396578844607,another coordinate candidate is similarly close; multiple candidates have similar evidence; candidate does not pass the automatic identity gate,,False,unmatched,unmatched,,,,,,,{},,0,0,,,,False,review,review,,,OSM,OSM: another coordinate candidate is similarly close; multiple candidates have similar evidence; candidate does not pass the automatic identity gate,,no,,{},{},0,"[{""binding"": ""source_address_only; external identity not verified"", ""conclusion"": """", ""file"": ""data/reference/web_review/task3_104_non_ocm_web_verified.csv"", ""page_opened"": false, ""reported_confidence"": ""medium"", ""url"": ""https://evchargepoint.au/fuel-stations""}]"
1694,,,"8 Federation Road, Camperdown NSW 2050",EVE Australia,2,DC,60 kW,-33.8934749,151.178294,Inner West Council,2050,Kerbside Charging R1,0,0,0,0,0,0,0,0,0,0,0,0,0,0,0,0,0,0,0,0,0,0,0,0,0,0,0,0,0,0,0,0,0,2,0,0,0,0,0,0,Sydney - City and Inner South,117,2050,unmatched,unmatched,,,,,,,{},,0,0,,,,False,unmatched,unmatched,,,,,,,{},,0,0,,,,False,accepted,coordinate_and_fuzzy_address,15.466545076003381,0.963265306122449,15d06bf5-6b4a-425d-9312-bae4b17cc22b-1742,"8 Federation Rd, Newtown, NSW 2050","8 Federation Rd, Newtown",,"{""connector_types_normalized"": ""CCS"", ""data_provider"": ""Charge@Large"", ""dc_port_count"": 2, ""number_of_plugs"": null, ""power_kw_max"": 47.0, ""power_kw_min"": 47.0, ""power_kw_values"": [47.0], ""power_scope"": ""dc_indicated_ports"", ""site_power_range_raw"": ""47"", ""status_counts"": {""Available"": 2}, ""status_observed_at"": null, ""total_port_count"": 2}",True,1,1,,,,False,accepted,accepted,Charge@Large,Charge@Large:15d06bf5-6b4a-425d-9312-bae4b17cc22b-1742,,,Charge@Large:15d06bf5-6b4a-425d-9312-bae4b17cc22b-1742 is linked to multiple TfNSW rows,yes,,"{""Charge@Large::connector_types_normalized"": ""CCS"", ""Charge@Large::data_provider"": ""Charge@Large"", ""Charge@Large::dc_port_count"": 2, ""Charge@Large::power_kw_max"": 47.0, ""Charge@Large::power_kw_min"": 47.0, ""Charge@Large::power_kw_values"": [47.0], ""Charge@Large::power_scope"": ""dc_indicated_ports"", ""Charge@Large::site_power_range_raw"": ""47"", ""Charge@Large::status_counts"": {""Available"": 2}, ""Charge@Large::total_port_count"": 2}","{""Charge@Large::connector_types_normalized"": ""CCS"", ""Charge@Large::dc_port_count"": 2, ""Charge@Large::power_kw_max"": 47.0, ""Charge@Large::power_kw_min"": 47.0, ""Charge@Large::power_scope"": ""dc_indicated_ports"", ""Charge@Large::status_counts"": {""Available"": 2}, ""Charge@Large::total_port_count"": 2}",2,"[{""binding"": ""source_address_only; external identity not verified"", ""conclusion"": """", ""file"": ""data/reference/web_review/task3_104_non_ocm_web_verified.csv"", ""page_opened"": true, ""reported_confidence"": ""high"", ""url"": ""https://ev-charging-stations.com.au/chargers/nsw/camperdown""}]"
1698,,,"8 Stanley Street, Bathurst NSW 2795",NRMA Electric,4,DC,175 kW,-33.413357,149.5853256,Bathurst Regional Council,2795,Fast Charging R1,0,0,0,0,0,0,0,0,0,0,4,0,0,0,0,0,0,0,0,0,0,0,0,0,0,0,0,0,0,0,0,0,0,0,0,0,0,0,0,0,Central West,103,2795,unmatched,unmatched,,,,,,,{},,0,0,,,,False,accepted,coordinate_only,31.736824357315662,0.0,https://www.openstreetmap.org/node/13013484065,,,NRMA,"{""access_condition"": ""Free Access"", ""allows_card_payment"": false, ""allows_reservation"": false, ""charging_point_count"": 4, ""charging_point_count_raw"": 4, ""connector_types_normalized"": ""CCS;CHAdeMO;Type2"", ""data_provider"": ""OpenStreetMap"", ""is_free"": false, ""network"": ""NRMA"", ""number_of_plugs"": null, ""opening_hours"": """", ""power_kw_max"": null, ""power_kw_min"": null, ""power_scope"": ""station_reported_maximum"", ""pricing_info"": """"}",True,2,2,166.6951057328004,,,False,unmatched,unmatched,,,,,,,{},,0,0,,,,False,accepted,accepted,OSM,OSM:https://www.openstreetmap.org/node/13013484065,,,,no,,"{""OSM::access_condition"": ""Free Access"", ""OSM::allows_card_payment"": false, ""OSM::allows_reservation"": false, ""OSM::charging_point_count"": 4, ""OSM::charging_point_count_raw"": 4, ""OSM::connector_types_normalized"": ""CCS;CHAdeMO;Type2"", ""OSM::data_provider"": ""OpenStreetMap"", ""OSM::is_free"": false, ""OSM::network"": ""NRMA"", ""OSM::power_scope"": ""station_reported_maximum""}","{""OSM::access_condition"": ""Free Access"", ""OSM::allows_card_payment"": false, ""OSM::allows_reservation"": false, ""OSM::connector_types_normalized"": ""CCS;CHAdeMO;Type2"", ""OSM::is_free"": false, ""OSM::network"": ""NRMA"", ""OSM::power_scope"": ""station_reported_maximum""}",6,"[{""binding"": ""source_address_only; external identity not verified"", ""conclusion"": """", ""file"": ""data/reference/web_review/task3_104_non_ocm_web_verified.csv"", ""page_opened"": false, ""reported_confidence"": ""medium"", ""url"": ""https://www.plugroo.com.au/nsw/brewongle""}]"
1701,,,"801-899R Bunnerong Road, Chifley NSW 2036",Chargefox,2,DC,50 kW,-33.9729613,151.2365649,Waverley Council,2036,Kerbside Charging R1,0,0,0,0,0,0,0,0,0,0,0,0,0,0,0,0,0,0,0,0,0,0,0,0,0,0,0,0,0,0,0,2,0,0,0,0,0,0,0,0,Sydney - Eastern Suburbs,118,2036,review,coordinate_only,86.90984825077263,0.8660377358490566,272619,"439 Bunnerong Road, Chifley, New South Wales, 2036",The Heffron Centre,Chargefox,"{""charger_capacities"": ""25 kW"", ""charging_point_count"": 8.0, ""connector_types_normalized"": ""CCS;CHAdeMO"", ""data_provider"": ""Open Charge Map"", ""is_operational"": true, ""last_verified"": ""2023-07-15T09:08:00Z"", ""number_of_plugs"": null, ""operator"": ""Chargefox"", ""plug_types"": ""CCS (Type 2); CHAdeMO"", ""power_kw_max"": 25.0, ""power_kw_min"": 25.0, ""power_kw_values"": [25.0], ""power_scope"": ""dc_indicated_connection_ratings"", ""status"": ""Operational"", ""usage_cost"": ""Free - $0.42/kWh""}",True,1,1,,house numbers conflict; address evidence is inconsistent; candidate does not pass the automatic identity gate,,False,unmatched,unmatched,,,,,,,{},,0,0,,,,False,unmatched,unmatched,,,,,,,{},,0,0,,,,False,review,review,,,OCM,OCM: house numbers conflict; address evidence is inconsistent; candidate does not pass the automatic identity gate,,no,,{},{},0,[]
1707,,,82 Summer Street Orange NSW 2800,Tesla,6,DC,175 kW,-33.2833264,149.0944601,Orange City Council,2800,Fast Charging R1,0,0,0,0,0,0,0,0,0,0,6,0,0,0,0,0,0,0,0,0,0,0,0,0,0,0,0,0,0,0,0,0,0,0,0,0,0,0,0,0,Central West,103,2800,unmatched,unmatched,,,,,,,{},,0,0,,,,False,unmatched,unmatched,,,,,,,{},,0,0,,,,False,unmatched,unmatched,,,,,,,{},,0,0,,,,False,unmatched,unmatched,,,,,,no,,{},{},0,[]
1709,,,"8275 Pacific Highway, New Italy NSW 2472",Tesla,12,DC,175 kW,-30.8015492,152.8689544,Richmond Valley Council,2472,Fast Charging R1,0,0,0,0,0,0,0,0,0,0,12,0,0,0,0,0,0,0,0,0,0,0,0,0,0,0,0,0,0,0,0,0,0,0,0,0,0,0,0,0,Mid North Coast,108,2472,unmatched,unmatched,,,,,,,{},,0,0,,,,False,unmatched,unmatched,,,,,,,{},,0,0,,,,False,unmatched,unmatched,,,,,,,{},,0,0,,,,False,unmatched,unmatched,,,,,,no,,{},{},0,[]
1717,,,"85 South Street, Ulladulla NSW 2539",Evie Networks,4,DC,175 kW,-35.3595567,150.4754013,Shoalhaven City Council,2539,Fast Charging R1,0,0,0,0,0,0,0,0,0,0,4,0,0,0,0,0,0,0,0,0,0,0,0,0,0,0,0,0,0,0,0,0,0,0,0,0,0,0,0,0,Southern Highlands and Shoalhaven,114,2539,unmatched,unmatched,,,,,,,{},,0,0,,,,False,review,coordinate_only,283.1563884782104,0.0,https://www.openstreetmap.org/node/12599800358,,,,"{""access_condition"": ""Free Access"", ""allows_card_payment"": false, ""allows_reservation"": false, ""charging_point_count"": null, ""charging_point_count_raw"": null, ""connector_types_normalized"": ""CCS;CHAdeMO"", ""data_provider"": ""OpenStreetMap"", ""is_free"": false, ""network"": """", ""number_of_plugs"": null, ""opening_hours"": """", ""power_kw_max"": null, ""power_kw_min"": null, ""power_scope"": ""station_reported_maximum"", ""pricing_info"": """"}",True,1,1,,candidate does not pass the automatic identity gate,,False,review,coordinate_only,280.26716811266897,0.3813450292397661,179ada28-f0c6-4431-a1fc-bbb2e5ec26d6-AUCHB25390001,"93 Princes Highway, Ulladulla, NSW 2539",Rowans Arcade,,"{""connector_types_normalized"": ""CCS;CHAdeMO"", ""data_provider"": ""Charge@Large"", ""dc_port_count"": 4, ""number_of_plugs"": null, ""power_kw_max"": 25.0, ""power_kw_min"": 25.0, ""power_kw_values"": [25.0], ""power_scope"": ""dc_indicated_ports"", ""site_power_range_raw"": ""25"", ""status_counts"": {""Available"": 4}, ""status_observed_at"": null, ""total_port_count"": 4}",True,1,1,,house numbers conflict; address evidence is inconsistent; candidate does not pass the automatic identity gate,,False,review,review,,,OSM;Charge@Large,OSM: candidate does not pass the automatic identity gate; Charge@Large: house numbers conflict; address evidence is inconsistent; candidate does not pass the automatic identity gate,,no,,{},{},0,"[{""binding"": ""source_address_only; external identity not verified"", ""conclusion"": """", ""file"": ""data/reference/web_review/task3_104_non_ocm_web_verified.csv"", ""page_opened"": true, ""reported_confidence"": ""high"", ""url"": ""https://ev-charging-stations.com.au/chargers/evie-85-south-street-ulladulla-nsw-2539""}]"
1718,,,"850 Woodville Road, Villawood 2163 NSW",Evie Networks,4,DC,175 kW,-33.8791212,150.9776442,Canterbury Bankstown Council,2163,Fast Charging R2,0,0,0,0,0,0,0,0,0,0,4,0,0,0,0,0,0,0,0,0,0,0,0,0,0,0,0,0,0,0,0,0,0,0,0,0,0,0,0,0,Sydney - Parramatta,125,2163,unmatched,unmatched,,,,,,,{},,0,0,,,,False,accepted,coordinate_only,61.785680181261576,0.0,https://www.openstreetmap.org/node/13185195202,,,Evie Networks,"{""access_condition"": ""Free Access"", ""allows_card_payment"": false, ""allows_reservation"": false, ""charging_point_count"": 4, ""charging_point_count_raw"": 4, ""connector_types_normalized"": ""CCS"", ""data_provider"": ""OpenStreetMap"", ""is_free"": false, ""network"": """", ""number_of_plugs"": null, ""opening_hours"": """", ""power_kw_max"": null, ""power_kw_min"": null, ""power_scope"": ""station_reported_maximum"", ""pricing_info"": """"}",True,1,1,,,,False,unmatched,unmatched,,,,,,,{},,0,0,,,,False,accepted,accepted,OSM,OSM:https://www.openstreetmap.org/node/13185195202,,,,no,,"{""OSM::access_condition"": ""Free Access"", ""OSM::allows_card_payment"": false, ""OSM::allows_reservation"": false, ""OSM::charging_point_count"": 4, ""OSM::charging_point_count_raw"": 4, ""OSM::connector_types_normalized"": ""CCS"", ""OSM::data_provider"": ""OpenStreetMap"", ""OSM::is_free"": false, ""OSM::power_scope"": ""station_reported_maximum""}","{""OSM::access_condition"": ""Free Access"", ""OSM::allows_card_payment"": false, ""OSM::allows_reservation"": false, ""OSM::connector_types_normalized"": ""CCS"", ""OSM::is_free"": false, ""OSM::power_scope"": ""station_reported_maximum""}",5,"[{""binding"": ""source_address_only; external identity not verified"", ""conclusion"": """", ""file"": ""data/reference/web_review/task3_104_non_ocm_web_verified.csv"", ""page_opened"": true, ""reported_confidence"": ""high"", ""url"": ""https://www.elevateclimbing.com.au/""}]"
1722,,,"872 Anzac Parade, Maroubra NSW 2035",Evie Networks,4,DC,75 kW,-33.9406054,151.2395169,Randwick City Council,2035,Kerbside Charging R1,0,0,0,0,0,0,0,0,0,0,0,0,0,0,0,0,0,0,0,0,0,0,0,0,0,0,0,0,0,0,0,0,0,0,0,4,0,0,0,0,Sydney - Eastern Suburbs,118,2035,unmatched,unmatched,,,,,,,{},,0,0,,,,False,review,coordinate_only,271.3904893792669,0.0,https://www.openstreetmap.org/node/13206154678,,,Evie Networks,"{""access_condition"": ""Free Access"", ""allows_card_payment"": false, ""allows_reservation"": false, ""charging_point_count"": 2, ""charging_point_count_raw"": 2, ""connector_types_normalized"": ""CCS"", ""data_provider"": ""OpenStreetMap"", ""is_free"": false, ""network"": """", ""number_of_plugs"": null, ""opening_hours"": """", ""power_kw_max"": null, ""power_kw_min"": null, ""power_scope"": ""station_reported_maximum"", ""pricing_info"": """"}",True,3,3,26.551651366271926,candidate does not pass the automatic identity gate,,False,unmatched,unmatched,,,,,,,{},,0,0,,,,False,review,review,,,OSM,OSM: candidate does not pass the automatic identity gate,,no,,{},{},0,"[{""binding"": ""source_address_only; external identity not verified"", ""conclusion"": """", ""file"": ""data/reference/web_review/task3_104_non_ocm_web_verified.csv"", ""page_opened"": false, ""reported_confidence"": ""medium"", ""url"": ""https://www.plugroo.com.au/nsw/chifley""}]"
1733,,,"9 Vickery Avenue, Rose Bay NSW 2029",Evie Networks,4,DC,75 kW,-33.8703543,151.2642569,Woollahra Municipal Council,2029,Kerbside Charging R1,0,0,0,0,0,0,0,0,0,0,0,0,0,0,0,0,0,0,0,0,0,0,0,0,0,0,0,0,0,0,0,0,0,0,0,4,0,0,0,0,Sydney - Eastern Suburbs,118,2029,unmatched,unmatched,,,,,,,{},,0,0,,,,False,unmatched,unmatched,,,,,,,{},,0,0,,,,False,unmatched,unmatched,,,,,,,{},,0,0,,,,False,unmatched,unmatched,,,,,,no,,{},{},0,[]
1740,,,"9-17 Short Street, Parkes NSW 2870",Tesla,4,DC,175 kW,-33.1413775,148.1740685,Parkes Shire Council,2870,Fast Charging R1,0,0,0,0,0,0,0,0,0,0,4,0,0,0,0,0,0,0,0,0,0,0,0,0,0,0,0,0,0,0,0,0,0,0,0,0,0,0,0,0,Central West,103,2870,review,coordinate_only,459.9052678665867,0.5507142857142857,191956,"Bogan Street, Parkes, New South Wales, 2870",NRMA Parkes,NRMA,"{""charger_capacities"": ""50 kW"", ""charging_point_count"": 1.0, ""connector_types_normalized"": ""CCS;CHAdeMO"", ""data_provider"": ""Open Charge Map"", ""is_operational"": true, ""last_verified"": ""2022-03-10T22:21:00Z"", ""number_of_plugs"": null, ""operator"": ""NRMA"", ""plug_types"": ""CCS (Type 2); CHAdeMO"", ""power_kw_max"": 50.0, ""power_kw_min"": 50.0, ""power_kw_values"": [50.0], ""power_scope"": ""dc_indicated_connection_ratings"", ""status"": ""Operational"", ""usage_cost"": ""FREE""}",True,1,1,,address evidence is inconsistent; candidate does not pass the automatic identity gate,,False,accepted,coordinate_only,71.1549915797971,0.0,https://www.openstreetmap.org/node/12221169446,,Parkes Supercharger,Tesla,"{""access_condition"": ""Free Access"", ""allows_card_payment"": false, ""allows_reservation"": false, ""charging_point_count"": 4, ""charging_point_count_raw"": 4, ""connector_types_normalized"": ""CCS"", ""data_provider"": ""OpenStreetMap"", ""is_free"": false, ""network"": ""Supercharger"", ""number_of_plugs"": null, ""opening_hours"": ""24/7"", ""power_kw_max"": null, ""power_kw_min"": null, ""power_scope"": ""station_reported_maximum"", ""pricing_info"": """"}",True,2,2,376.6643473545304,,,False,unmatched,unmatched,,,,,,,{},,0,0,,,,False,accepted,accepted,OSM,OSM:https://www.openstreetmap.org/node/12221169446,OCM,OCM: address evidence is inconsistent; candidate does not pass the automatic identity gate,,no,,"{""OSM::access_condition"": ""Free Access"", ""OSM::allows_card_payment"": false, ""OSM::allows_reservation"": false, ""OSM::charging_point_count"": 4, ""OSM::charging_point_count_raw"": 4, ""OSM::connector_types_normalized"": ""CCS"", ""OSM::data_provider"": ""OpenStreetMap"", ""OSM::is_free"": false, ""OSM::network"": ""Supercharger"", ""OSM::opening_hours"": ""24/7"", ""OSM::power_scope"": ""station_reported_maximum""}","{""OSM::access_condition"": ""Free Access"", ""OSM::allows_card_payment"": false, ""OSM::allows_reservation"": false, ""OSM::connector_types_normalized"": ""CCS"", ""OSM::is_free"": false, ""OSM::network"": ""Supercharger"", ""OSM::opening_hours"": ""24/7"", ""OSM::power_scope"": ""station_reported_maximum""}",7,"[{""binding"": ""same source address and OCM ID; search evidence only"", ""conclusion"": ""web_evidence_found_not_identity_proof"", ""file"": ""data/reference/web_review/task3_ocm_125_web_confidence.csv"", ""page_opened"": true, ""reported_confidence"": ""high"", ""url"": ""https://parkesservicesclub.com.au/""}]"
1741,,,"924 Anzac Parade, Maroubra NSW 2035",Evie Networks,2,DC,75 kW,-33.9427694,151.2401202,Randwick City Council,2035,Kerbside Charging R1,0,0,0,0,0,0,0,0,0,0,0,0,0,0,0,0,0,0,0,0,0,0,0,0,0,0,0,0,0,0,0,0,0,0,0,2,0,0,0,0,Sydney - Eastern Suburbs,118,2035,unmatched,unmatched,,,,,,,{},,0,0,,,,False,review,coordinate_only,60.32436240781645,0.0,https://www.openstreetmap.org/node/13206154678,,,Evie Networks,"{""access_condition"": ""Free Access"", ""allows_card_payment"": false, ""allows_reservation"": false, ""charging_point_count"": 2, ""charging_point_count_raw"": 2, ""connector_types_normalized"": ""CCS"", ""data_provider"": ""OpenStreetMap"", ""is_free"": false, ""network"": """", ""number_of_plugs"": null, ""opening_hours"": """", ""power_kw_max"": null, ""power_kw_min"": null, ""power_scope"": ""station_reported_maximum"", ""pricing_info"": """"}",True,2,2,36.46593709265605,external ID https://www.openstreetmap.org/node/13206154678 is shared by distinct source sites,,False,unmatched,unmatched,,,,,,,{},,0,0,,,,False,review,review,,,OSM,OSM: external ID https://www.openstreetmap.org/node/13206154678 is shared by distinct source sites,,no,,{},{},0,"[{""binding"": ""source_address_only; external identity not verified"", ""conclusion"": """", ""file"": ""data/reference/web_review/task3_104_non_ocm_web_verified.csv"", ""page_opened"": false, ""reported_confidence"": ""low"", ""url"": ""https://www.property.com.au/nsw/maroubra-2035/anzac-pde/924-pid-2178719/""}]"
1758,,,"Brewer Street, Concord NSW 2137",Evie Networks,4,DC,75 kW,-33.8538342,151.1054057,City Of Canada Bay Council,2137,Kerbside Charging R1,0,0,0,0,0,0,0,0,0,0,0,0,0,0,0,0,0,0,0,0,0,0,0,0,0,0,0,0,0,0,0,0,0,0,0,4,0,0,0,0,Sydney - Inner West,120,2137,unmatched,unmatched,,,,,,,{},,0,0,,,,False,review,coordinate_only,149.84664356876698,0.0,https://www.openstreetmap.org/node/13168689959,,,Evie Networks,"{""access_condition"": ""Free Access"", ""allows_card_payment"": false, ""allows_reservation"": false, ""charging_point_count"": 2, ""charging_point_count_raw"": 2, ""connector_types_normalized"": ""CCS"", ""data_provider"": ""OpenStreetMap"", ""is_free"": false, ""network"": """", ""number_of_plugs"": null, ""opening_hours"": """", ""power_kw_max"": null, ""power_kw_min"": null, ""power_scope"": ""station_reported_maximum"", ""pricing_info"": """"}",True,1,1,,candidate does not pass the automatic identity gate,,False,unmatched,unmatched,,,,,,,{},,0,0,,,,False,review,review,,,OSM,OSM: candidate does not pass the automatic identity gate,,no,,{},{},0,"[{""binding"": ""source_address_only; external identity not verified"", ""conclusion"": """", ""file"": ""data/reference/web_review/task3_104_non_ocm_web_verified.csv"", ""page_opened"": true, ""reported_confidence"": ""high"", ""url"": ""https://www.canadabay.nsw.gov.au/sites/default/files/Mayoral%20Notification%20-%20Edwards%20Park%20Bus%20Shelter%20Upgrade%20-%20October%202025.pdf""}]"
1763,,,"Cabarita Beach Bowls And Sports Club, Cabarita Beach NSW 2488",NRMA Electric,4,DC,175 kW,-28.332159,153.5641479,Tweed Shire Council,2488,Fast Charging R1,0,0,0,0,0,0,0,0,0,0,4,0,0,0,0,0,0,0,0,0,0,0,0,0,0,0,0,0,0,0,0,0,0,0,0,0,0,0,0,0,Richmond - Tweed,112,2488,accepted,coordinate_only,57.55557476064907,0.21486486486486486,295994,"45 Cabarita Road, Bogangar, New South Wales, 2488",NRMA Cabarita Beach,NRMA,"{""charger_capacities"": ""22 kW; 87 kW; 300 kW"", ""charging_point_count"": 4.0, ""connector_types_normalized"": ""CCS;CHAdeMO;Type2"", ""data_provider"": ""Open Charge Map"", ""is_operational"": true, ""last_verified"": ""2024-03-06T17:53:00Z"", ""number_of_plugs"": null, ""operator"": ""NRMA"", ""plug_types"": ""CCS (Type 2); CHAdeMO; Type 2 (Socket Only)"", ""power_kw_max"": 300.0, ""power_kw_min"": 87.0, ""power_kw_values"": [87.0, 300.0], ""power_scope"": ""dc_indicated_connection_ratings"", ""status"": ""Operational"", ""usage_cost"": ""$0.60/kWh""}",True,1,1,,,address evidence is inconsistent,False,unmatched,unmatched,,,,,,,{},,0,0,,,,False,unmatched,unmatched,,,,,,,{},,0,0,,,,False,accepted,accepted,OCM,OCM:295994,,,OCM: address evidence is inconsistent,yes,,"{""OCM::charger_capacities"": ""22 kW; 87 kW; 300 kW"", ""OCM::charging_point_count"": 4.0, ""OCM::connector_types_normalized"": ""CCS;CHAdeMO;Type2"", ""OCM::data_provider"": ""Open Charge Map"", ""OCM::is_operational"": true, ""OCM::last_verified"": ""2024-03-06T17:53:00Z"", ""OCM::operator"": ""NRMA"", ""OCM::plug_types"": ""CCS (Type 2); CHAdeMO; Type 2 (Socket Only)"", ""OCM::power_kw_max"": 300.0, ""OCM::power_kw_min"": 87.0, ""OCM::power_kw_values"": [87.0, 300.0], ""OCM::power_scope"": ""dc_indicated_connection_ratings"", ""OCM::status"": ""Operational"", ""OCM::usage_cost"": ""$0.60/kWh""}","{""OCM::connector_types_normalized"": ""CCS;CHAdeMO;Type2"", ""OCM::is_operational"": true, ""OCM::operator"": ""NRMA"", ""OCM::plug_types"": ""CCS (Type 2); CHAdeMO; Type 2 (Socket Only)"", ""OCM::power_kw_max"": 300.0, ""OCM::power_kw_min"": 87.0, ""OCM::power_scope"": ""dc_indicated_connection_ratings"", ""OCM::status"": ""Operational"", ""OCM::usage_cost"": ""$0.60/kWh""}",5,"[{""binding"": ""same source address and OCM ID; search evidence only"", ""conclusion"": ""web_evidence_found_not_identity_proof"", ""file"": ""data/reference/web_review/task3_ocm_125_web_confidence.csv"", ""page_opened"": false, ""reported_confidence"": ""medium"", ""url"": ""https://www.chargeroute.au/chargers/nsw/nrma-cabarita-beach-bowls-and-sports-club-cabarita-beach-bowls-and-sports-club""}]"
1766,,,"Cnr Cumberland Highway & Cabramatta Road W, Cabramatta NSW 2166",BP,4,DC,175 kW,-33.8993725,150.9191077,Fairfield City Council,2166,Fast Charging R1,0,0,0,0,0,0,0,0,0,0,4,0,0,0,0,0,0,0,0,0,0,0,0,0,0,0,0,0,0,0,0,0,0,0,0,0,0,0,0,0,Sydney - South West,127,2166,review,coordinate_only,100.01879146860568,0.3030007501875469,191161,"Hungry Jacks, 401 Cabramatta Road, Cabramatta, NSW",Evie Cabramatta,Evie,"{""charger_capacities"": ""50 kW"", ""charging_point_count"": 2.0, ""connector_types_normalized"": ""CCS;CHAdeMO"", ""data_provider"": ""Open Charge Map"", ""is_operational"": true, ""last_verified"": ""2023-07-15T14:01:00Z"", ""number_of_plugs"": null, ""operator"": ""Evie"", ""plug_types"": ""CCS (Type 2); CHAdeMO"", ""power_kw_max"": 50.0, ""power_kw_min"": 50.0, ""power_kw_values"": [50.0], ""power_scope"": ""dc_indicated_connection_ratings"", ""status"": ""Operational"", ""usage_cost"": ""$0.40/kWh""}",True,1,1,,address evidence is inconsistent; candidate does not pass the automatic identity gate,,False,review,coordinate_only,93.9911095065856,0.0,https://www.openstreetmap.org/node/9215252226,,,Evie Networks,"{""access_condition"": ""Free Access"", ""allows_card_payment"": false, ""allows_reservation"": false, ""charging_point_count"": null, ""charging_point_count_raw"": null, ""connector_types_normalized"": ""CCS;CHAdeMO"", ""data_provider"": ""OpenStreetMap"", ""is_free"": false, ""network"": """", ""number_of_plugs"": null, ""opening_hours"": """", ""power_kw_max"": null, ""power_kw_min"": null, ""power_scope"": ""station_reported_maximum"", ""pricing_info"": """"}",True,1,1,,external ID https://www.openstreetmap.org/node/9215252226 is shared by distinct source sites,,False,unmatched,unmatched,,,,,,,{},,0,0,,,,False,review,review,,,OCM;OSM,OCM: address evidence is inconsistent; candidate does not pass the automatic identity gate; OSM: external ID https://www.openstreetmap.org/node/9215252226 is shared by distinct source sites,,no,,{},{},0,"[{""binding"": ""same source address and OCM ID; search evidence only"", ""conclusion"": ""web_evidence_found_not_identity_proof"", ""file"": ""data/reference/web_review/task3_ocm_125_web_confidence.csv"", ""page_opened"": true, ""reported_confidence"": ""high"", ""url"": ""https://www.energy.nsw.gov.au/households/transport/electric-vehicles/fast-charging""}]"
1768,,,"Coonabarabran Visitor Cntr, Newell Highway, Coonabarabran NSW 2357",NRMA Electric,2,DC,50 kW,-31.27879984,149.2792432,Warrumbungle Shire Council,2357,Existing Fast Chargers,0,0,0,0,0,0,0,0,0,0,0,0,0,0,0,0,0,0,0,0,0,0,0,0,0,0,0,0,0,0,0,2,0,0,0,0,0,0,0,0,Far West and Orana,105,2357,accepted,coordinate_only,12.89505783793251,0.678,191959,"Newell Highway, Coonabarabran, New South Wales",NRMA Coonabarabran,NRMA,"{""charger_capacities"": ""50 kW"", ""charging_point_count"": 1.0, ""connector_types_normalized"": ""CCS;CHAdeMO"", ""data_provider"": ""Open Charge Map"", ""is_operational"": true, ""last_verified"": ""2022-03-10T22:20:00Z"", ""number_of_plugs"": null, ""operator"": ""NRMA"", ""plug_types"": ""CCS (Type 2); CHAdeMO"", ""power_kw_max"": 50.0, ""power_kw_min"": 50.0, ""power_kw_values"": [50.0], ""power_scope"": ""dc_indicated_connection_ratings"", ""status"": ""Operational"", ""usage_cost"": ""FREE""}",True,1,1,,,address evidence is inconsistent,False,accepted,coordinate_only,8.423337180986254,0.0,https://www.openstreetmap.org/node/7384135909,,,NRMA,"{""access_condition"": ""Free Access"", ""allows_card_payment"": false, ""allows_reservation"": false, ""charging_point_count"": 2, ""charging_point_count_raw"": 2, ""connector_types_normalized"": ""CCS;CHAdeMO"", ""data_provider"": ""OpenStreetMap"", ""is_free"": false, ""network"": """", ""number_of_plugs"": null, ""opening_hours"": """", ""power_kw_max"": null, ""power_kw_min"": null, ""power_scope"": ""station_reported_maximum"", ""pricing_info"": """"}",True,1,1,,,,False,unmatched,unmatched,,,,,,,{},,0,0,,,,False,accepted,accepted,OCM;OSM,OCM:191959;OSM:https://www.openstreetmap.org/node/7384135909,,,OCM: address evidence is inconsistent,yes,,"{""OCM::charger_capacities"": ""50 kW"", ""OCM::charging_point_count"": 1.0, ""OCM::connector_types_normalized"": ""CCS;CHAdeMO"", ""OCM::data_provider"": ""Open Charge Map"", ""OCM::is_operational"": true, ""OCM::last_verified"": ""2022-03-10T22:20:00Z"", ""OCM::operator"": ""NRMA"", ""OCM::plug_types"": ""CCS (Type 2); CHAdeMO"", ""OCM::power_kw_max"": 50.0, ""OCM::power_kw_min"": 50.0, ""OCM::power_kw_values"": [50.0], ""OCM::power_scope"": ""dc_indicated_connection_ratings"", ""OCM::status"": ""Operational"", ""OCM::usage_cost"": ""FREE"", ""OSM::access_condition"": ""Free Access"", ""OSM::allows_card_payment"": false, ""OSM::allows_reservation"": false, ""OSM::charging_point_count"": 2, ""OSM::charging_point_count_raw"": 2, ""OSM::connector_types_normalized"": ""CCS;CHAdeMO"", ""OSM::data_provider"": ""OpenStreetMap"", ""OSM::is_free"": false, ""OSM::power_scope"": ""station_reported_maximum""}","{""OCM::connector_types_normalized"": ""CCS;CHAdeMO"", ""OCM::is_operational"": true, ""OCM::operator"": ""NRMA"", ""OCM::plug_types"": ""CCS (Type 2); CHAdeMO"", ""OCM::power_kw_max"": 50.0, ""OCM::power_kw_min"": 50.0, ""OCM::power_scope"": ""dc_indicated_connection_ratings"", ""OCM::status"": ""Operational"", ""OCM::usage_cost"": ""FREE"", ""OSM::access_condition"": ""Free Access"", ""OSM::allows_card_payment"": false, ""OSM::allows_reservation"": false, ""OSM::connector_types_normalized"": ""CCS;CHAdeMO"", ""OSM::is_free"": false, ""OSM::power_scope"": ""station_reported_maximum""}",9,[]
1769,,,Corner Sturgeon Street & Glenelg Street Raymond Terrace NSW 2324,Tesla,12,DC,175 kW,-32.7645423,151.7425233,Port Stephens Council,2324,Fast Charging R1,0,0,0,0,0,0,0,0,0,0,12,0,0,0,0,0,0,0,0,0,0,0,0,0,0,0,0,0,0,0,0,0,0,0,0,0,0,0,0,0,Hunter Valley exc Newcastle,106,2324,accepted,coordinate_only,97.24625998959756,0.48611111111111116,297859,"Glenelg Street, Raymond Terrace, New South Wales, 2324",Terrace Central [Tesla],Tesla (including non-tesla),"{""charger_capacities"": ""250 kW"", ""charging_point_count"": 12.0, ""connector_types_normalized"": ""CCS"", ""data_provider"": ""Open Charge Map"", ""is_operational"": true, ""last_verified"": ""2026-03-05T09:39:00Z"", ""number_of_plugs"": null, ""operator"": ""Tesla (including non-tesla)"", ""plug_types"": ""CCS (Type 2)"", ""power_kw_max"": 250.0, ""power_kw_min"": 250.0, ""power_kw_values"": [250.0], ""power_scope"": ""dc_indicated_connection_ratings"", ""status"": ""Operational"", ""usage_cost"": ""$0.68/kWh""}",True,1,1,,,address evidence is inconsistent,False,unmatched,unmatched,,,,,,,{},,0,0,,,,False,unmatched,unmatched,,,,,,,{},,0,0,,,,False,accepted,accepted,OCM,OCM:297859,,,OCM: address evidence is inconsistent,yes,,"{""OCM::charger_capacities"": ""250 kW"", ""OCM::charging_point_count"": 12.0, ""OCM::connector_types_normalized"": ""CCS"", ""OCM::data_provider"": ""Open Charge Map"", ""OCM::is_operational"": true, ""OCM::last_verified"": ""2026-03-05T09:39:00Z"", ""OCM::operator"": ""Tesla (including non-tesla)"", ""OCM::plug_types"": ""CCS (Type 2)"", ""OCM::power_kw_max"": 250.0, ""OCM::power_kw_min"": 250.0, ""OCM::power_kw_values"": [250.0], ""OCM::power_scope"": ""dc_indicated_connection_ratings"", ""OCM::status"": ""Operational"", ""OCM::usage_cost"": ""$0.68/kWh""}","{""OCM::connector_types_normalized"": ""CCS"", ""OCM::is_operational"": true, ""OCM::operator"": ""Tesla (including non-tesla)"", ""OCM::plug_types"": ""CCS (Type 2)"", ""OCM::power_kw_max"": 250.0, ""OCM::power_kw_min"": 250.0, ""OCM::power_scope"": ""dc_indicated_connection_ratings"", ""OCM::status"": ""Operational"", ""OCM::usage_cost"": ""$0.68/kWh""}",5,"[{""binding"": ""same source address and OCM ID; search evidence only"", ""conclusion"": ""web_evidence_found_not_identity_proof"", ""file"": ""data/reference/web_review/task3_ocm_125_web_confidence.csv"", ""page_opened"": true, ""reported_confidence"": ""high"", ""url"": ""https://www.tesla.com/it_it/findus/list/superchargers/Australia""}]"
1770,,,Council Car Park Lot 4 / Dp251076 Between 46 Lowe Street Queanbeyan NSW 2620,NRMA Electric,4,DC,175 kW,-35.3549827,149.2329145,Queanbeyan-Palerang Regional Council,2620,Fast Charging R1,0,0,0,0,0,0,0,0,0,0,4,0,0,0,0,0,0,0,0,0,0,0,0,0,0,0,0,0,0,0,0,0,0,0,0,0,0,0,0,0,Capital Region,101,2620,unmatched,unmatched,,,,,,,{},,0,0,,,,False,unmatched,unmatched,,,,,,,{},,0,0,,,,False,unmatched,unmatched,,,,,,,{},,0,0,,,,False,unmatched,unmatched,,,,,,no,,{},{},0,[]
1778,,,"Gasworks Lane, Molong NSW 2866",NRMA Electric,4,DC,175 kW,-33.0912006,148.8706612,Cabonne Council,2866,Fast Charging R1,0,0,0,0,0,0,0,0,0,0,4,0,0,0,0,0,0,0,0,0,0,0,0,0,0,0,0,0,0,0,0,0,0,0,0,0,0,0,0,0,Central West,103,2866,unmatched,unmatched,,,,,,,{},,0,0,,,,False,accepted,coordinate_only,43.69351259537619,0.0,https://www.openstreetmap.org/way/1550315727,,,NRMA,"{""access_condition"": ""Free Access"", ""allows_card_payment"": false, ""allows_reservation"": false, ""charging_point_count"": 4, ""charging_point_count_raw"": 4, ""connector_types_normalized"": ""CCS;CHAdeMO;Type2"", ""data_provider"": ""OpenStreetMap"", ""is_free"": false, ""network"": """", ""number_of_plugs"": null, ""opening_hours"": ""24/7"", ""power_kw_max"": null, ""power_kw_min"": null, ""power_scope"": ""station_reported_maximum"", ""pricing_info"": """"}",True,1,1,,,,False,unmatched,unmatched,,,,,,,{},,0,0,,,,False,accepted,accepted,OSM,OSM:https://www.openstreetmap.org/way/1550315727,,,,no,,"{""OSM::access_condition"": ""Free Access"", ""OSM::allows_card_payment"": false, ""OSM::allows_reservation"": false, ""OSM::charging_point_count"": 4, ""OSM::charging_point_count_raw"": 4, ""OSM::connector_types_normalized"": ""CCS;CHAdeMO;Type2"", ""OSM::data_provider"": ""OpenStreetMap"", ""OSM::is_free"": false, ""OSM::opening_hours"": ""24/7"", ""OSM::power_scope"": ""station_reported_maximum""}","{""OSM::access_condition"": ""Free Access"", ""OSM::allows_card_payment"": false, ""OSM::allows_reservation"": false, ""OSM::connector_types_normalized"": ""CCS;CHAdeMO;Type2"", ""OSM::is_free"": false, ""OSM::opening_hours"": ""24/7"", ""OSM::power_scope"": ""station_reported_maximum""}",6,"[{""binding"": ""source_address_only; external identity not verified"", ""conclusion"": """", ""file"": ""data/reference/web_review/task3_104_non_ocm_web_verified.csv"", ""page_opened"": false, ""reported_confidence"": ""medium"", ""url"": ""https://www.cabonne.nsw.gov.au/files/sharedassets/public/v/1/planning-and-development/developments-on-exhibition/2026/east-molong/lucra-east-molong_-final-tf-25-06-24.pdf""}]"
1782,,,"Gouldsbury Street, Mosman NSW 2088",Evie Networks,2,DC,75 kW,-33.8276585,151.2423815,Mosman Municipal Council,2088,Kerbside Charging R1,0,0,0,0,0,0,0,0,0,0,0,0,0,0,0,0,0,0,0,0,0,0,0,0,0,0,0,0,0,0,0,0,0,0,0,2,0,0,0,0,Sydney - North Sydney and Hornsby,121,2088,review,coordinate_only,260.3337780309865,0.1879598662207358,191164,"6 Myahgah Road, Mosman, NSW",Evie Mosman,Evie,"{""charger_capacities"": ""50 kW"", ""charging_point_count"": 1.0, ""connector_types_normalized"": ""CCS;CHAdeMO"", ""data_provider"": ""Open Charge Map"", ""is_operational"": true, ""last_verified"": ""2023-07-16T22:01:00Z"", ""number_of_plugs"": null, ""operator"": ""Evie"", ""plug_types"": ""CCS (Type 2); CHAdeMO"", ""power_kw_max"": 50.0, ""power_kw_min"": 50.0, ""power_kw_values"": [50.0], ""power_scope"": ""dc_indicated_connection_ratings"", ""status"": ""Operational"", ""usage_cost"": ""$0.40/kWh""}",True,2,2,153.1672575599805,address evidence is inconsistent; candidate does not pass the automatic identity gate,,False,unmatched,unmatched,,,,,,,{},,0,0,,,,False,unmatched,unmatched,,,,,,,{},,0,0,,,,False,review,review,,,OCM,OCM: address evidence is inconsistent; candidate does not pass the automatic identity gate,,no,,{},{},0,"[{""binding"": ""same source address and OCM ID; search evidence only"", ""conclusion"": ""web_evidence_found_not_identity_proof"", ""file"": ""data/reference/web_review/task3_ocm_125_web_confidence.csv"", ""page_opened"": false, ""reported_confidence"": ""medium"", ""url"": ""https://www.plugroo.com.au/nsw/clontarf""}]"
1787,,,"Hope Street, Blaxland NSW 2774",Tesla,6,DC,175 kW,-33.7452292,150.6101288,Blue Mountains City Council,2774,Fast Charging R1,0,0,0,0,0,0,0,0,0,0,6,0,0,0,0,0,0,0,0,0,0,0,0,0,0,0,0,0,0,0,0,0,0,0,0,0,0,0,0,0,Sydney - Outer West and Blue Mountains,124,2774,accepted,coordinate_and_fuzzy_address,12.24012263461965,0.8777777777777779,266538,"126 Hope St, Blaxland, NSW, 2774",Blaxland Supercharger,Tesla (Tesla-only charging),"{""charger_capacities"": ""250 kW"", ""charging_point_count"": 6.0, ""connector_types_normalized"": ""CCS"", ""data_provider"": ""Open Charge Map"", ""is_operational"": true, ""last_verified"": ""2023-06-08T12:45:00Z"", ""number_of_plugs"": null, ""operator"": ""Tesla (Tesla-only charging)"", ""plug_types"": ""CCS (Type 2)"", ""power_kw_max"": 250.0, ""power_kw_min"": 250.0, ""power_kw_values"": [250.0], ""power_scope"": ""dc_indicated_connection_ratings"", ""status"": ""Operational"", ""usage_cost"": ""Supercharger rates""}",True,1,1,,,address evidence is street-level only,False,accepted,coordinate_only,26.177705695389953,0.0,https://www.openstreetmap.org/node/10861761260,,Tesla Supercharger,Tesla,"{""access_condition"": ""Free Access"", ""allows_card_payment"": false, ""allows_reservation"": false, ""charging_point_count"": 6, ""charging_point_count_raw"": 6, ""connector_types_normalized"": ""CCS"", ""data_provider"": ""OpenStreetMap"", ""is_free"": false, ""network"": ""Supercharger"", ""number_of_plugs"": null, ""opening_hours"": ""24/7"", ""power_kw_max"": null, ""power_kw_min"": null, ""power_scope"": ""station_reported_maximum"", ""pricing_info"": """"}",True,1,1,,,,False,unmatched,unmatched,,,,,,,{},,0,0,,,,False,accepted,accepted,OCM;OSM,OCM:266538;OSM:https://www.openstreetmap.org/node/10861761260,,,OCM: address evidence is street-level only,yes,,"{""OCM::charger_capacities"": ""250 kW"", ""OCM::charging_point_count"": 6.0, ""OCM::connector_types_normalized"": ""CCS"", ""OCM::data_provider"": ""Open Charge Map"", ""OCM::is_operational"": true, ""OCM::last_verified"": ""2023-06-08T12:45:00Z"", ""OCM::operator"": ""Tesla (Tesla-only charging)"", ""OCM::plug_types"": ""CCS (Type 2)"", ""OCM::power_kw_max"": 250.0, ""OCM::power_kw_min"": 250.0, ""OCM::power_kw_values"": [250.0], ""OCM::power_scope"": ""dc_indicated_connection_ratings"", ""OCM::status"": ""Operational"", ""OCM::usage_cost"": ""Supercharger rates"", ""OSM::access_condition"": ""Free Access"", ""OSM::allows_card_payment"": false, ""OSM::allows_reservation"": false, ""OSM::charging_point_count"": 6, ""OSM::charging_point_count_raw"": 6, ""OSM::connector_types_normalized"": ""CCS"", ""OSM::data_provider"": ""OpenStreetMap"", ""OSM::is_free"": false, ""OSM::network"": ""Supercharger"", ""OSM::opening_hours"": ""24/7"", ""OSM::power_scope"": ""station_reported_maximum""}","{""OCM::connector_types_normalized"": ""CCS"", ""OCM::is_operational"": true, ""OCM::operator"": ""Tesla (Tesla-only charging)"", ""OCM::plug_types"": ""CCS (Type 2)"", ""OCM::power_kw_max"": 250.0, ""OCM::power_kw_min"": 250.0, ""OCM::power_scope"": ""dc_indicated_connection_ratings"", ""OCM::status"": ""Operational"", ""OCM::usage_cost"": ""Supercharger rates"", ""OSM::access_condition"": ""Free Access"", ""OSM::allows_card_payment"": false, ""OSM::allows_reservation"": false, ""OSM::connector_types_normalized"": ""CCS"", ""OSM::is_free"": false, ""OSM::network"": ""Supercharger"", ""OSM::opening_hours"": ""24/7"", ""OSM::power_scope"": ""station_reported_maximum""}",11,[]
1788,,,"Jessie Street, Armidale NSW 2350",Tesla,4,DC,175 kW,-30.5132305,151.6633637,Armidale Regional Council,2350,Fast Charging R1,0,0,0,0,0,0,0,0,0,0,4,0,0,0,0,0,0,0,0,0,0,0,0,0,0,0,0,0,0,0,0,0,0,0,0,0,0,0,0,0,New England and North West,110,2350,accepted,coordinate_only,39.66744782794748,0.7300000000000001,460615,"117 Jessie Street, Armidale, NSW",Tesla Supercharger Armidale,Tesla (including non-tesla),"{""charger_capacities"": ""250 kW"", ""charging_point_count"": 4.0, ""connector_types_normalized"": ""CCS"", ""data_provider"": ""Open Charge Map"", ""is_operational"": true, ""last_verified"": ""2025-09-01T05:09:00Z"", ""number_of_plugs"": null, ""operator"": ""Tesla (including non-tesla)"", ""plug_types"": ""CCS (Type 2)"", ""power_kw_max"": 250.0, ""power_kw_min"": 250.0, ""power_kw_values"": [250.0], ""power_scope"": ""dc_indicated_connection_ratings"", ""status"": ""Operational"", ""usage_cost"": """"}",True,1,1,,,address evidence is inconsistent,False,accepted,coordinate_only,38.0863559023316,0.0,https://www.openstreetmap.org/node/12856495137,,Tesla Supercharger,Tesla,"{""access_condition"": ""Free Access"", ""allows_card_payment"": false, ""allows_reservation"": false, ""charging_point_count"": 4, ""charging_point_count_raw"": 4, ""connector_types_normalized"": ""CCS"", ""data_provider"": ""OpenStreetMap"", ""is_free"": false, ""network"": ""Tesla Supercharger"", ""number_of_plugs"": null, ""opening_hours"": """", ""power_kw_max"": null, ""power_kw_min"": null, ""power_scope"": ""station_reported_maximum"", ""pricing_info"": """"}",True,1,1,,,,False,review,coordinate_only,260.5494693795132,0.4436842105263158,15d06bf5-6b4a-425d-9312-bae4b17cc22b-2444,"12 Cinders Ln, Armidale, NSW 2350",EV Fast Charger 5 Cinders Ln,,"{""connector_types_normalized"": ""CCS"", ""data_provider"": ""Charge@Large"", ""dc_port_count"": 4, ""number_of_plugs"": null, ""power_kw_max"": 150.0, ""power_kw_min"": 150.0, ""power_kw_values"": [150.0], ""power_scope"": ""dc_indicated_ports"", ""site_power_range_raw"": ""150"", ""status_counts"": {""Available"": 3, ""Charging"": 1}, ""status_observed_at"": null, ""total_port_count"": 4}",True,1,1,,address evidence is inconsistent; candidate does not pass the automatic identity gate,,False,accepted,accepted,OCM;OSM,OCM:460615;OSM:https://www.openstreetmap.org/node/12856495137,Charge@Large,Charge@Large: address evidence is inconsistent; candidate does not pass the automatic identity gate,OCM: address evidence is inconsistent,yes,,"{""OCM::charger_capacities"": ""250 kW"", ""OCM::charging_point_count"": 4.0, ""OCM::connector_types_normalized"": ""CCS"", ""OCM::data_provider"": ""Open Charge Map"", ""OCM::is_operational"": true, ""OCM::last_verified"": ""2025-09-01T05:09:00Z"", ""OCM::operator"": ""Tesla (including non-tesla)"", ""OCM::plug_types"": ""CCS (Type 2)"", ""OCM::power_kw_max"": 250.0, ""OCM::power_kw_min"": 250.0, ""OCM::power_kw_values"": [250.0], ""OCM::power_scope"": ""dc_indicated_connection_ratings"", ""OCM::status"": ""Operational"", ""OSM::access_condition"": ""Free Access"", ""OSM::allows_card_payment"": false, ""OSM::allows_reservation"": false, ""OSM::charging_point_count"": 4, ""OSM::charging_point_count_raw"": 4, ""OSM::connector_types_normalized"": ""CCS"", ""OSM::data_provider"": ""OpenStreetMap"", ""OSM::is_free"": false, ""OSM::network"": ""Tesla Supercharger"", ""OSM::power_scope"": ""station_reported_maximum""}","{""OCM::connector_types_normalized"": ""CCS"", ""OCM::is_operational"": true, ""OCM::operator"": ""Tesla (including non-tesla)"", ""OCM::plug_types"": ""CCS (Type 2)"", ""OCM::power_kw_max"": 250.0, ""OCM::power_kw_min"": 250.0, ""OCM::power_scope"": ""dc_indicated_connection_ratings"", ""OCM::status"": ""Operational"", ""OSM::access_condition"": ""Free Access"", ""OSM::allows_card_payment"": false, ""OSM::allows_reservation"": false, ""OSM::connector_types_normalized"": ""CCS"", ""OSM::is_free"": false, ""OSM::network"": ""Tesla Supercharger"", ""OSM::power_scope"": ""station_reported_maximum""}",9,"[{""binding"": ""same source address and OCM ID; search evidence only"", ""conclusion"": ""web_evidence_found_not_identity_proof"", ""file"": ""data/reference/web_review/task3_ocm_125_web_confidence.csv"", ""page_opened"": false, ""reported_confidence"": ""medium"", ""url"": ""https://www.tesla.com/findus/location/supercharger/27610""}]"
1795,,,"Queens Road, Five Dock NSW 2046",Evie Networks,4,DC,75 kW,-33.8696308,151.1223747,City Of Canada Bay Council,2046,Kerbside Charging R1,0,0,0,0,0,0,0,0,0,0,0,0,0,0,0,0,0,0,0,0,0,0,0,0,0,0,0,0,0,0,0,0,0,0,0,4,0,0,0,0,Sydney - Inner West,120,2046,unmatched,unmatched,,,,,,,{},,0,0,,,,False,review,coordinate_only,363.98730401839924,0.0,https://www.openstreetmap.org/node/13586251301,,,Evie Networks,"{""access_condition"": ""Free Access"", ""allows_card_payment"": false, ""allows_reservation"": false, ""charging_point_count"": null, ""charging_point_count_raw"": null, ""connector_types_normalized"": ""CCS"", ""data_provider"": ""OpenStreetMap"", ""is_free"": false, ""network"": """", ""number_of_plugs"": null, ""opening_hours"": ""24/7"", ""power_kw_max"": null, ""power_kw_min"": null, ""power_scope"": ""station_reported_maximum"", ""pricing_info"": """"}",True,1,1,,candidate does not pass the automatic identity gate,,False,unmatched,unmatched,,,,,,,{},,0,0,,,,False,review,review,,,OSM,OSM: candidate does not pass the automatic identity gate,,no,,{},{},0,"[{""binding"": ""source_address_only; external identity not verified"", ""conclusion"": """", ""file"": ""data/reference/web_review/task3_104_non_ocm_web_verified.csv"", ""page_opened"": false, ""reported_confidence"": ""medium"", ""url"": ""https://samsautomotive.com.au/""}]"
1822,,,"1 Kendall Avenue, Bathurst NSW 2795",Tesla,12,DC,130 kW,-33.41901006,149.5867568,Bathurst Regional Council,2795,Existing Fast Chargers,0,0,0,0,12,0,0,0,0,0,0,0,0,0,0,0,0,0,0,0,0,0,0,0,0,0,0,0,0,0,0,0,0,0,0,0,0,0,0,0,Central West,103,2795,accepted,coordinate_and_fuzzy_address,15.464999093532013,0.85,121552,"1 Kendall Ave, Bathurst",Bathurst Supercharger,Tesla (including non-tesla),"{""charger_capacities"": ""120 kW"", ""charging_point_count"": 6.0, ""connector_types_normalized"": ""CCS"", ""data_provider"": ""Open Charge Map"", ""is_operational"": true, ""last_verified"": ""2023-06-06T12:12:00Z"", ""number_of_plugs"": null, ""operator"": ""Tesla (including non-tesla)"", ""plug_types"": ""CCS (Type 2)"", ""power_kw_max"": 120.0, ""power_kw_min"": 120.0, ""power_kw_values"": [120.0], ""power_scope"": ""dc_indicated_connection_ratings"", ""status"": ""Operational"", ""usage_cost"": ""AUD 0.66/kWh;other tariffs for older cars""}",True,2,2,179.60050760320775,,,False,accepted,coordinate_only,14.641980081167553,0.0,https://www.openstreetmap.org/node/6489744914,,,NRMA,"{""access_condition"": ""Free Access"", ""allows_card_payment"": false, ""allows_reservation"": false, ""charging_point_count"": 1, ""charging_point_count_raw"": 1, ""connector_types_normalized"": ""CCS;CHAdeMO"", ""data_provider"": ""OpenStreetMap"", ""is_free"": false, ""network"": """", ""number_of_plugs"": null, ""opening_hours"": """", ""power_kw_max"": null, ""power_kw_min"": null, ""power_scope"": ""station_reported_maximum"", ""pricing_info"": """"}",True,1,1,,,,False,unmatched,unmatched,,,,,,,{},,0,0,,,,False,accepted,accepted,OCM;OSM,OCM:121552;OSM:https://www.openstreetmap.org/node/6489744914,,,OCM:121552 is linked to multiple TfNSW rows; OSM:https://www.openstreetmap.org/node/6489744914 is linked to multiple TfNSW rows,yes,,"{""OCM::charger_capacities"": ""120 kW"", ""OCM::charging_point_count"": 6.0, ""OCM::connector_types_normalized"": ""CCS"", ""OCM::data_provider"": ""Open Charge Map"", ""OCM::is_operational"": true, ""OCM::last_verified"": ""2023-06-06T12:12:00Z"", ""OCM::operator"": ""Tesla (including non-tesla)"", ""OCM::plug_types"": ""CCS (Type 2)"", ""OCM::power_kw_max"": 120.0, ""OCM::power_kw_min"": 120.0, ""OCM::power_kw_values"": [120.0], ""OCM::power_scope"": ""dc_indicated_connection_ratings"", ""OCM::status"": ""Operational"", ""OCM::usage_cost"": ""AUD 0.66/kWh;other tariffs for older cars"", ""OSM::access_condition"": ""Free Access"", ""OSM::allows_card_payment"": false, ""OSM::allows_reservation"": false, ""OSM::charging_point_count"": 1, ""OSM::charging_point_count_raw"": 1, ""OSM::connector_types_normalized"": ""CCS;CHAdeMO"", ""OSM::data_provider"": ""OpenStreetMap"", ""OSM::is_free"": false, ""OSM::power_scope"": ""station_reported_maximum""}","{""OCM::connector_types_normalized"": ""CCS"", ""OCM::is_operational"": true, ""OCM::operator"": ""Tesla (including non-tesla)"", ""OCM::plug_types"": ""CCS (Type 2)"", ""OCM::power_kw_max"": 120.0, ""OCM::power_kw_min"": 120.0, ""OCM::power_scope"": ""dc_indicated_connection_ratings"", ""OCM::status"": ""Operational"", ""OCM::usage_cost"": ""AUD 0.66/kWh;other tariffs for older cars"", ""OSM::access_condition"": ""Free Access"", ""OSM::allows_card_payment"": false, ""OSM::allows_reservation"": false, ""OSM::connector_types_normalized"": ""CCS;CHAdeMO"", ""OSM::is_free"": false, ""OSM::power_scope"": ""station_reported_maximum""}",9,"[{""binding"": ""same source address and OCM ID; search evidence only"", ""conclusion"": ""web_evidence_found_not_identity_proof"", ""file"": ""data/reference/web_review/task3_ocm_125_web_confidence.csv"", ""page_opened"": true, ""reported_confidence"": ""high"", ""url"": ""https://www.nsw.gov.au/visiting-and-exploring-nsw/locations-and-attractions/bathurst-visitor-information-centre""}]"
1823,,,"1 Kendall Avenue, Bathurst NSW 2795",NRMA Electric,2,DC,50 kW,-33.41910215,149.5867528,Bathurst Regional Council,2795,Existing Fast Chargers,0,0,0,0,0,0,0,0,0,0,0,0,0,0,0,0,0,0,0,0,0,0,0,0,0,0,0,0,0,0,0,2,0,0,0,0,0,0,0,0,Central West,103,2795,accepted,coordinate_and_fuzzy_address,10.488644532399983,0.85,121552,"1 Kendall Ave, Bathurst",Bathurst Supercharger,Tesla (including non-tesla),"{""charger_capacities"": ""120 kW"", ""charging_point_count"": 6.0, ""connector_types_normalized"": ""CCS"", ""data_provider"": ""Open Charge Map"", ""is_operational"": true, ""last_verified"": ""2023-06-06T12:12:00Z"", ""number_of_plugs"": null, ""operator"": ""Tesla (including non-tesla)"", ""plug_types"": ""CCS (Type 2)"", ""power_kw_max"": 120.0, ""power_kw_min"": 120.0, ""power_kw_values"": [120.0], ""power_scope"": ""dc_indicated_connection_ratings"", ""status"": ""Operational"", ""usage_cost"": ""AUD 0.66/kWh;other tariffs for older cars""}",True,2,2,186.0901094339698,,,False,accepted,coordinate_only,4.412171507843153,0.0,https://www.openstreetmap.org/node/6489744914,,,NRMA,"{""access_condition"": ""Free Access"", ""allows_card_payment"": false, ""allows_reservation"": false, ""charging_point_count"": 1, ""charging_point_count_raw"": 1, ""connector_types_normalized"": ""CCS;CHAdeMO"", ""data_provider"": ""OpenStreetMap"", ""is_free"": false, ""network"": """", ""number_of_plugs"": null, ""opening_hours"": """", ""power_kw_max"": null, ""power_kw_min"": null, ""power_scope"": ""station_reported_maximum"", ""pricing_info"": """"}",True,1,1,,,,False,unmatched,unmatched,,,,,,,{},,0,0,,,,False,accepted,accepted,OCM;OSM,OCM:121552;OSM:https://www.openstreetmap.org/node/6489744914,,,OCM:121552 is linked to multiple TfNSW rows; OSM:https://www.openstreetmap.org/node/6489744914 is linked to multiple TfNSW rows,yes,,"{""OCM::charger_capacities"": ""120 kW"", ""OCM::charging_point_count"": 6.0, ""OCM::connector_types_normalized"": ""CCS"", ""OCM::data_provider"": ""Open Charge Map"", ""OCM::is_operational"": true, ""OCM::last_verified"": ""2023-06-06T12:12:00Z"", ""OCM::operator"": ""Tesla (including non-tesla)"", ""OCM::plug_types"": ""CCS (Type 2)"", ""OCM::power_kw_max"": 120.0, ""OCM::power_kw_min"": 120.0, ""OCM::power_kw_values"": [120.0], ""OCM::power_scope"": ""dc_indicated_connection_ratings"", ""OCM::status"": ""Operational"", ""OCM::usage_cost"": ""AUD 0.66/kWh;other tariffs for older cars"", ""OSM::access_condition"": ""Free Access"", ""OSM::allows_card_payment"": false, ""OSM::allows_reservation"": false, ""OSM::charging_point_count"": 1, ""OSM::charging_point_count_raw"": 1, ""OSM::connector_types_normalized"": ""CCS;CHAdeMO"", ""OSM::data_provider"": ""OpenStreetMap"", ""OSM::is_free"": false, ""OSM::power_scope"": ""station_reported_maximum""}","{""OCM::connector_types_normalized"": ""CCS"", ""OCM::is_operational"": true, ""OCM::operator"": ""Tesla (including non-tesla)"", ""OCM::plug_types"": ""CCS (Type 2)"", ""OCM::power_kw_max"": 120.0, ""OCM::power_kw_min"": 120.0, ""OCM::power_scope"": ""dc_indicated_connection_ratings"", ""OCM::status"": ""Operational"", ""OCM::usage_cost"": ""AUD 0.66/kWh;other tariffs for older cars"", ""OSM::access_condition"": ""Free Access"", ""OSM::allows_card_payment"": false, ""OSM::allows_reservation"": false, ""OSM::connector_types_normalized"": ""CCS;CHAdeMO"", ""OSM::is_free"": false, ""OSM::power_scope"": ""station_reported_maximum""}",9,"[{""binding"": ""same source address and OCM ID; search evidence only"", ""conclusion"": ""web_evidence_found_not_identity_proof"", ""file"": ""data/reference/web_review/task3_ocm_125_web_confidence.csv"", ""page_opened"": true, ""reported_confidence"": ""high"", ""url"": ""https://www.nsw.gov.au/visiting-and-exploring-nsw/locations-and-attractions/bathurst-visitor-information-centre""}]"
1838,,,"1 Tasman Road, Gumly Gumly NSW 2652",BP,6,DC,175 kW,-35.1262128,147.4209242,Wagga Wagga City Council,2652,Fast Charging R1,0,0,0,0,0,0,0,0,0,0,6,0,0,0,0,0,0,0,0,0,0,0,0,0,0,0,0,0,0,0,0,0,0,0,0,0,0,0,0,0,Riverina,113,2652,unmatched,unmatched,,,,,,,{},,0,0,,,,False,accepted,coordinate_only,53.91230406661545,0.0,https://www.openstreetmap.org/node/12884912873,,,bp pulse,"{""access_condition"": ""Free Access"", ""allows_card_payment"": false, ""allows_reservation"": false, ""charging_point_count"": null, ""charging_point_count_raw"": null, ""connector_types_normalized"": ""CCS"", ""data_provider"": ""OpenStreetMap"", ""is_free"": false, ""network"": ""bp pulse"", ""number_of_plugs"": null, ""opening_hours"": """", ""power_kw_max"": null, ""power_kw_min"": null, ""power_scope"": ""station_reported_maximum"", ""pricing_info"": """"}",True,1,1,,,,False,unmatched,unmatched,,,,,,,{},,0,0,,,,False,accepted,accepted,OSM,OSM:https://www.openstreetmap.org/node/12884912873,,,,no,,"{""OSM::access_condition"": ""Free Access"", ""OSM::allows_card_payment"": false, ""OSM::allows_reservation"": false, ""OSM::connector_types_normalized"": ""CCS"", ""OSM::data_provider"": ""OpenStreetMap"", ""OSM::is_free"": false, ""OSM::network"": ""bp pulse"", ""OSM::power_scope"": ""station_reported_maximum""}","{""OSM::access_condition"": ""Free Access"", ""OSM::allows_card_payment"": false, ""OSM::allows_reservation"": false, ""OSM::connector_types_normalized"": ""CCS"", ""OSM::is_free"": false, ""OSM::network"": ""bp pulse"", ""OSM::power_scope"": ""station_reported_maximum""}",6,"[{""binding"": ""source_address_only; external identity not verified"", ""conclusion"": """", ""file"": ""data/reference/web_review/task3_104_non_ocm_web_verified.csv"", ""page_opened"": true, ""reported_confidence"": ""high"", ""url"": ""https://www.energy.nsw.gov.au/households/transport/electric-vehicles/fast-charging""}]"
1842,,,"1/118 Bourke Road, Alexandria NSW 2015",Tesla,6,DC,175 kW,-33.9132474,151.1935823,"Sydney, Council of the City of",2015,Fast Charging R1,0,0,0,0,0,0,0,0,0,0,6,0,0,0,0,0,0,0,0,0,0,0,0,0,0,0,0,0,0,0,0,0,0,0,0,0,0,0,0,0,Sydney - City and Inner South,117,2015,unmatched,unmatched,,,,,,,{},,0,0,,,,False,accepted,coordinate_only,42.02035657235711,0.0,https://www.openstreetmap.org/node/13073638889,,Alexandria Supercharger,Tesla,"{""access_condition"": ""Free Access"", ""allows_card_payment"": false, ""allows_reservation"": false, ""charging_point_count"": 6, ""charging_point_count_raw"": 6, ""connector_types_normalized"": ""CCS"", ""data_provider"": ""OpenStreetMap"", ""is_free"": false, ""network"": ""Supercharger"", ""number_of_plugs"": null, ""opening_hours"": ""24/7"", ""power_kw_max"": null, ""power_kw_min"": null, ""power_scope"": ""station_reported_maximum"", ""pricing_info"": """"}",True,1,1,,,,False,unmatched,unmatched,,,,,,,{},,0,0,,,,False,accepted,accepted,OSM,OSM:https://www.openstreetmap.org/node/13073638889,,,,no,,"{""OSM::access_condition"": ""Free Access"", ""OSM::allows_card_payment"": false, ""OSM::allows_reservation"": false, ""OSM::charging_point_count"": 6, ""OSM::charging_point_count_raw"": 6, ""OSM::connector_types_normalized"": ""CCS"", ""OSM::data_provider"": ""OpenStreetMap"", ""OSM::is_free"": false, ""OSM::network"": ""Supercharger"", ""OSM::opening_hours"": ""24/7"", ""OSM::power_scope"": ""station_reported_maximum""}","{""OSM::access_condition"": ""Free Access"", ""OSM::allows_card_payment"": false, ""OSM::allows_reservation"": false, ""OSM::connector_types_normalized"": ""CCS"", ""OSM::is_free"": false, ""OSM::network"": ""Supercharger"", ""OSM::opening_hours"": ""24/7"", ""OSM::power_scope"": ""station_reported_maximum""}",7,"[{""binding"": ""source_address_only; external identity not verified"", ""conclusion"": """", ""file"": ""data/reference/web_review/task3_104_non_ocm_web_verified.csv"", ""page_opened"": true, ""reported_confidence"": ""high"", ""url"": ""https://www.hdlevel2electriciansydney.com.au/resources/nsw-tesla-supercharger-map-finder""}]"
1857,,,"105-107 Alt Street, Ashfield NSW 2131",EVE Australia,2,DC,25 kW,-33.8803158,151.1299199,Inner West Council,2131,Kerbside Charging R1,0,0,0,0,0,0,0,0,0,0,0,0,0,0,0,0,0,0,0,0,0,0,2,0,0,0,0,0,0,0,0,0,0,0,0,0,0,0,0,0,Sydney - Inner West,120,2131,unmatched,unmatched,,,,,,,{},,0,0,,,,False,review,coordinate_only,169.38835882210836,0.0,https://www.openstreetmap.org/node/13854720801,,,Chargefox,"{""access_condition"": ""Free Access"", ""allows_card_payment"": false, ""allows_reservation"": false, ""charging_point_count"": null, ""charging_point_count_raw"": null, ""connector_types_normalized"": ""CCS;Type2"", ""data_provider"": ""OpenStreetMap"", ""is_free"": false, ""network"": """", ""number_of_plugs"": null, ""opening_hours"": """", ""power_kw_max"": null, ""power_kw_min"": null, ""power_scope"": ""station_reported_maximum"", ""pricing_info"": """"}",True,1,1,,candidate does not pass the automatic identity gate,,False,unmatched,unmatched,,,,,,,{},,0,0,,,,False,review,review,,,OSM,OSM: candidate does not pass the automatic identity gate,,no,,{},{},0,"[{""binding"": ""source_address_only; external identity not verified"", ""conclusion"": """", ""file"": ""data/reference/web_review/task3_104_non_ocm_web_verified.csv"", ""page_opened"": true, ""reported_confidence"": ""low"", ""url"": ""https://www.property.com.au/nsw/ashfield-2131/alt-st/7-105-107-pid-43363/""}]"
1859,,,"106 Parraween Street, Cremorne NSW 2090",Evie Networks,4,DC,75 kW,-33.8272794,151.2301624,North Sydney Council,2090,Kerbside Charging R1,0,0,0,0,0,0,0,0,0,0,0,0,0,0,0,0,0,0,0,0,0,0,0,0,0,0,0,0,0,0,0,0,0,0,0,4,0,0,0,0,Sydney - North Sydney and Hornsby,121,2090,unmatched,unmatched,,,,,,,{},,0,0,,,,False,unmatched,unmatched,,,,,,,{},,0,0,,,,False,unmatched,unmatched,,,,,,,{},,0,0,,,,False,unmatched,unmatched,,,,,,no,,{},{},0,[]
1884,,,117 Tibbereena Street Narrabri NSW 2390,Tesla,4,DC,175 kW,-30.3226373,149.7801888,Narrabri Shire Council,2390,Fast Charging R1,0,0,0,0,0,0,0,0,0,0,4,0,0,0,0,0,0,0,0,0,0,0,0,0,0,0,0,0,0,0,0,0,0,0,0,0,0,0,0,0,New England and North West,110,2390,unmatched,unmatched,,,,,,,{},,0,0,,,,False,review,coordinate_only,166.74543303665396,0.0,https://www.openstreetmap.org/node/12259891801,,Tesla Supercharger,Tesla,"{""access_condition"": ""Free Access"", ""allows_card_payment"": false, ""allows_reservation"": false, ""charging_point_count"": 4, ""charging_point_count_raw"": 4, ""connector_types_normalized"": ""CCS"", ""data_provider"": ""OpenStreetMap"", ""is_free"": false, ""network"": ""Supercharger"", ""number_of_plugs"": null, ""opening_hours"": ""24/7"", ""power_kw_max"": null, ""power_kw_min"": null, ""power_scope"": ""station_reported_maximum"", ""pricing_info"": """"}",True,2,2,273.3326077433177,candidate does not pass the automatic identity gate,,False,unmatched,unmatched,,,,,,,{},,0,0,,,,False,review,review,,,OSM,OSM: candidate does not pass the automatic identity gate,,no,,{},{},0,"[{""binding"": ""source_address_only; external identity not verified"", ""conclusion"": """", ""file"": ""data/reference/web_review/task3_104_non_ocm_web_verified.csv"", ""page_opened"": true, ""reported_confidence"": ""high"", ""url"": ""https://www.solarcitizens.org.au/recharging_narrabri""}]"
1898,,,"1215 Anzac Parade, Matraville NSW 2036",Evie Networks,4,DC,75 kW,-33.9626402,151.245869,Randwick City Council,2036,Kerbside Charging R1,0,0,0,0,0,0,0,0,0,0,0,0,0,0,0,0,0,0,0,0,0,0,0,0,0,0,0,0,0,0,0,0,0,0,0,4,0,0,0,0,Sydney - Eastern Suburbs,118,2036,unmatched,unmatched,,,,,,,{},,0,0,,,,False,unmatched,unmatched,,,,,,,{},,0,0,,,,False,unmatched,unmatched,,,,,,,{},,0,0,,,,False,unmatched,unmatched,,,,,,no,,{},{},0,[]
1901,,,"1233 Victoria Road, West Ryde NSW 2114",BP,4,DC,175 kW,-33.8067305,151.0708812,"Ryde, Council of the City of",2114,Fast Charging R1,0,0,0,0,0,0,0,0,0,0,4,0,0,0,0,0,0,0,0,0,0,0,0,0,0,0,0,0,0,0,0,0,0,0,0,0,0,0,0,0,Sydney - Ryde,126,2114,unmatched,unmatched,,,,,,,{},,0,0,,,,False,unmatched,unmatched,,,,,,,{},,0,0,,,,False,unmatched,unmatched,,,,,,,{},,0,0,,,,False,unmatched,unmatched,,,,,,no,,{},{},0,[]
1902,,,"1234 Princes Highway, Engadine NSW 2233",BP,4,DC,175 kW,-34.0774032,151.0112053,Sutherland Shire Council,2233,Fast Charging R1,0,0,0,0,0,0,0,0,0,0,4,0,0,0,0,0,0,0,0,0,0,0,0,0,0,0,0,0,0,0,0,0,0,0,0,0,0,0,0,0,Sydney - Sutherland,128,2233,unmatched,unmatched,,,,,,,{},,0,0,,,,False,accepted,coordinate_only,27.9202376751592,0.0,https://www.openstreetmap.org/node/12605963234,,,bp pulse,"{""access_condition"": ""Free Access"", ""allows_card_payment"": false, ""allows_reservation"": false, ""charging_point_count"": null, ""charging_point_count_raw"": null, ""connector_types_normalized"": ""CCS;CHAdeMO"", ""data_provider"": ""OpenStreetMap"", ""is_free"": false, ""network"": ""bp pulse"", ""number_of_plugs"": null, ""opening_hours"": """", ""power_kw_max"": null, ""power_kw_min"": null, ""power_scope"": ""station_reported_maximum"", ""pricing_info"": """"}",True,1,1,,,,False,unmatched,unmatched,,,,,,,{},,0,0,,,,False,accepted,accepted,OSM,OSM:https://www.openstreetmap.org/node/12605963234,,,,no,,"{""OSM::access_condition"": ""Free Access"", ""OSM::allows_card_payment"": false, ""OSM::allows_reservation"": false, ""OSM::connector_types_normalized"": ""CCS;CHAdeMO"", ""OSM::data_provider"": ""OpenStreetMap"", ""OSM::is_free"": false, ""OSM::network"": ""bp pulse"", ""OSM::power_scope"": ""station_reported_maximum""}","{""OSM::access_condition"": ""Free Access"", ""OSM::allows_card_payment"": false, ""OSM::allows_reservation"": false, ""OSM::connector_types_normalized"": ""CCS;CHAdeMO"", ""OSM::is_free"": false, ""OSM::network"": ""bp pulse"", ""OSM::power_scope"": ""station_reported_maximum""}",6,"[{""binding"": ""source_address_only; external identity not verified"", ""conclusion"": """", ""file"": ""data/reference/web_review/task3_104_non_ocm_web_verified.csv"", ""page_opened"": true, ""reported_confidence"": ""high"", ""url"": ""https://www.energy.nsw.gov.au/households/transport/electric-vehicles/fast-charging""}]"
1909,,,"13 Southey Street, Jerilderie NSW 2716",BP,6,DC,175 kW,-35.3608978,145.7194667,Murrumbidgee Council,2716,Fast Charging R1,0,0,0,0,0,0,0,0,0,0,6,0,0,0,0,0,0,0,0,0,0,0,0,0,0,0,0,0,0,0,0,0,0,0,0,0,0,0,0,0,Murray,109,2716,unmatched,unmatched,,,,,,,{},,0,0,,,,False,accepted,coordinate_only,34.471394911395635,0.0,https://www.openstreetmap.org/node/12885318906,,,BP Pulse,"{""access_condition"": ""Free Access"", ""allows_card_payment"": false, ""allows_reservation"": false, ""charging_point_count"": 6, ""charging_point_count_raw"": 6, ""connector_types_normalized"": ""CCS"", ""data_provider"": ""OpenStreetMap"", ""is_free"": false, ""network"": ""BP Pulse"", ""number_of_plugs"": null, ""opening_hours"": """", ""power_kw_max"": null, ""power_kw_min"": null, ""power_scope"": ""station_reported_maximum"", ""pricing_info"": """"}",True,1,1,,,,False,unmatched,unmatched,,,,,,,{},,0,0,,,,False,accepted,accepted,OSM,OSM:https://www.openstreetmap.org/node/12885318906,,,,no,,"{""OSM::access_condition"": ""Free Access"", ""OSM::allows_card_payment"": false, ""OSM::allows_reservation"": false, ""OSM::charging_point_count"": 6, ""OSM::charging_point_count_raw"": 6, ""OSM::connector_types_normalized"": ""CCS"", ""OSM::data_provider"": ""OpenStreetMap"", ""OSM::is_free"": false, ""OSM::network"": ""BP Pulse"", ""OSM::power_scope"": ""station_reported_maximum""}","{""OSM::access_condition"": ""Free Access"", ""OSM::allows_card_payment"": false, ""OSM::allows_reservation"": false, ""OSM::connector_types_normalized"": ""CCS"", ""OSM::is_free"": false, ""OSM::network"": ""BP Pulse"", ""OSM::power_scope"": ""station_reported_maximum""}",6,"[{""binding"": ""source_address_only; external identity not verified"", ""conclusion"": """", ""file"": ""data/reference/web_review/task3_104_non_ocm_web_verified.csv"", ""page_opened"": false, ""reported_confidence"": ""medium"", ""url"": ""https://www.plugroo.com.au/nsw/oaklands""}]"
1918,,,"144 Bayshore Drive, Byron Bay NSW 2481",Chargefox,2,DC,50 kW,-28.62590795,153.586978,Byron Shire Council,2481,Existing Fast Chargers,0,0,0,0,0,0,0,0,0,0,0,0,0,0,0,0,0,0,0,0,0,0,0,0,0,0,0,0,0,0,0,2,0,0,0,0,0,0,0,0,Richmond - Tweed,112,2481,unmatched,unmatched,,,,,,,{},,0,0,,,,False,unmatched,unmatched,,,,,,,{},,0,0,,,,False,unmatched,unmatched,,,,,,,{},,0,0,,,,False,unmatched,unmatched,,,,,,no,,{},{},0,[]
1930,,,"154 Beach Road, Batemans Bay NSW 2536",Tesla,6,DC,175 kW,-35.7196933,150.1897432,Eurobodalla Shire Council,2536,Fast Charging R1,0,0,0,0,0,0,0,0,0,0,6,0,0,0,0,0,0,0,0,0,0,0,0,0,0,0,0,0,0,0,0,0,0,0,0,0,0,0,0,0,Capital Region,101,2536,unmatched,unmatched,,,,,,,{},,0,0,,,,False,review,coordinate_only,119.19581732773281,0.0,https://www.openstreetmap.org/node/12854473381,,Tesla Supercharger,Tesla,"{""access_condition"": ""Free Access"", ""allows_card_payment"": false, ""allows_reservation"": false, ""charging_point_count"": 6, ""charging_point_count_raw"": 6, ""connector_types_normalized"": ""CCS"", ""data_provider"": ""OpenStreetMap"", ""is_free"": false, ""network"": ""Tesla Supercharger"", ""number_of_plugs"": null, ""opening_hours"": """", ""power_kw_max"": null, ""power_kw_min"": null, ""power_scope"": ""station_reported_maximum"", ""pricing_info"": """"}",True,1,1,,candidate does not pass the automatic identity gate,,False,unmatched,unmatched,,,,,,,{},,0,0,,,,False,review,review,,,OSM,OSM: candidate does not pass the automatic identity gate,,no,,{},{},0,[]
1943,,,"162 Rouse Street, Tenterfield NSW 2372",Tesla,4,DC,175 kW,-29.0565237,152.0181884,Tenterfield Shire Council,2372,Fast Charging R1,0,0,0,0,0,0,0,0,0,0,4,0,0,0,0,0,0,0,0,0,0,0,0,0,0,0,0,0,0,0,0,0,0,0,0,0,0,0,0,0,New England and North West,110,2372,review,coordinate_only,78.68867618482412,0.6589673913043479,312274,"1 Crown St, Tenterfield, NSW, 2372",Tesla Supercharger - Coles Tenterfield,Tesla (including non-tesla),"{""charger_capacities"": ""250 kW"", ""charging_point_count"": 3.0, ""connector_types_normalized"": ""CCS"", ""data_provider"": ""Open Charge Map"", ""is_operational"": true, ""last_verified"": ""2025-05-07T05:24:00Z"", ""number_of_plugs"": null, ""operator"": ""Tesla (including non-tesla)"", ""plug_types"": ""CCS (Type 2)"", ""power_kw_max"": 250.0, ""power_kw_min"": 250.0, ""power_kw_values"": [250.0], ""power_scope"": ""dc_indicated_connection_ratings"", ""status"": ""Operational"", ""usage_cost"": ""$0.69/kWh""}",True,1,1,,house numbers conflict; address evidence is inconsistent; candidate does not pass the automatic identity gate,,False,accepted,coordinate_only,76.82746456743473,0.0,https://www.openstreetmap.org/node/10258355351,,Tesla Supercharger,Tesla,"{""access_condition"": ""Free Access"", ""allows_card_payment"": false, ""allows_reservation"": false, ""charging_point_count"": 4, ""charging_point_count_raw"": 4, ""connector_types_normalized"": ""CCS"", ""data_provider"": ""OpenStreetMap"", ""is_free"": false, ""network"": ""Supercharger"", ""number_of_plugs"": null, ""opening_hours"": ""24/7"", ""power_kw_max"": null, ""power_kw_min"": null, ""power_scope"": ""station_reported_maximum"", ""pricing_info"": """"}",True,1,1,,,,False,unmatched,unmatched,,,,,,,{},,0,0,,,,False,accepted,accepted,OSM,OSM:https://www.openstreetmap.org/node/10258355351,OCM,OCM: house numbers conflict; address evidence is inconsistent; candidate does not pass the automatic identity gate,,no,,"{""OSM::access_condition"": ""Free Access"", ""OSM::allows_card_payment"": false, ""OSM::allows_reservation"": false, ""OSM::charging_point_count"": 4, ""OSM::charging_point_count_raw"": 4, ""OSM::connector_types_normalized"": ""CCS"", ""OSM::data_provider"": ""OpenStreetMap"", ""OSM::is_free"": false, ""OSM::network"": ""Supercharger"", ""OSM::opening_hours"": ""24/7"", ""OSM::power_scope"": ""station_reported_maximum""}","{""OSM::access_condition"": ""Free Access"", ""OSM::allows_card_payment"": false, ""OSM::allows_reservation"": false, ""OSM::connector_types_normalized"": ""CCS"", ""OSM::is_free"": false, ""OSM::network"": ""Supercharger"", ""OSM::opening_hours"": ""24/7"", ""OSM::power_scope"": ""station_reported_maximum""}",7,"[{""binding"": ""same source address and OCM ID; search evidence only"", ""conclusion"": ""web_evidence_found_not_identity_proof"", ""file"": ""data/reference/web_review/task3_ocm_125_web_confidence.csv"", ""page_opened"": false, ""reported_confidence"": ""medium"", ""url"": ""https://ev-charging-stations.com.au/chargers/nsw/sunnyside""}]"
