source_index,OBJECTID,Station_name,Station_address,Operator,Number_of_plugs,Charger_Type,Charger_rating,Latitude,Longitude,LGANAME,PCODE,Source,Charger_rating.100kW,Charger_rating.11kW,Charger_rating.120kW,Charger_rating.125kW,Charger_rating.130kW,Charger_rating.13kW,Charger_rating.14kW,Charger_rating.150kW,Charger_rating.160kW,Charger_rating.165kW,Charger_rating.175kW,Charger_rating.17kW,Charger_rating.180kW,Charger_rating.185kW,Charger_rating.19kW,Charger_rating.200kW,Charger_rating.20kW,Charger_rating.22kW,Charger_rating.23kW,Charger_rating.240kW,Charger_rating.24kW,Charger_rating.250kW,Charger_rating.25kW,Charger_rating.270kW,Charger_rating.30kW,Charger_rating.350kW,Charger_rating.3kW,Charger_rating.400kW,Charger_rating.40kW,Charger_rating.42kW,Charger_rating.47kW,Charger_rating.50kW,Charger_rating.5kW,Charger_rating.60kW,Charger_rating.6kW,Charger_rating.75kW,Charger_rating.7kW,Charger_rating.80kW,Charger_rating.8kW,Charger_rating.9kW,SA4_NAME26,SA4_CODE26,PCODE_ORIGINAL,ocm_status,ocm_method,ocm_distance_m,ocm_address_score,ocm_id,ocm_address,ocm_station_name,ocm_operator,ocm_attributes,ocm_fast_dc_indicator,ocm_candidate_count,ocm_coordinate_candidate_count,ocm_nearest_coordinate_gap_m,ocm_review_reason,ocm_quality_flags,ocm_source_postcode_conflict,osm_fast_dc_status,osm_fast_dc_method,osm_fast_dc_distance_m,osm_fast_dc_address_score,osm_fast_dc_id,osm_fast_dc_address,osm_fast_dc_station_name,osm_fast_dc_operator,osm_fast_dc_attributes,osm_fast_dc_fast_dc_indicator,osm_fast_dc_candidate_count,osm_fast_dc_coordinate_candidate_count,osm_fast_dc_nearest_coordinate_gap_m,osm_fast_dc_review_reason,osm_fast_dc_quality_flags,osm_fast_dc_source_postcode_conflict,chargelarge_fast_dc_status,chargelarge_fast_dc_method,chargelarge_fast_dc_distance_m,chargelarge_fast_dc_address_score,chargelarge_fast_dc_id,chargelarge_fast_dc_address,chargelarge_fast_dc_station_name,chargelarge_fast_dc_operator,chargelarge_fast_dc_attributes,chargelarge_fast_dc_fast_dc_indicator,chargelarge_fast_dc_candidate_count,chargelarge_fast_dc_coordinate_candidate_count,chargelarge_fast_dc_nearest_coordinate_gap_m,chargelarge_fast_dc_review_reason,chargelarge_fast_dc_quality_flags,chargelarge_fast_dc_source_postcode_conflict,combined_dc_indicated_status,historical_web_evidence,ocm_strict_status,ocm_strict_method,osm_fast_dc_strict_status,osm_fast_dc_strict_method,chargelarge_fast_dc_strict_status,chargelarge_fast_dc_strict_method,strict_combined_dc_status,acceptance_basis,web_rule_selected_source,final_audit_status,matched_source,matched_external_ids,review_candidate_source,manual_review_reason,quality_review_reason,quality_review_required,augmentation_conflict_flags,accepted_source_attributes,augmented_attributes,new_attribute_count
2,,,"1 - 7 Ross Street, Wilcannia NSW 2836",NRMA Electric,4,DC,50 kW,-30.5118739,151.669395,Central Darling Shire Council,2836,TfNSW Regional,0,0,0,0,0,0,0,0,0,0,0,0,0,0,0,0,0,0,0,0,0,0,0,0,0,0,0,0,0,0,0,4,0,0,0,0,0,0,0,0,New England and North West,110,2350,accepted,coordinate_500m_historical_web_rule,29.225432400791746,0.4544715447154472,170824,"82 Marsh Street, Armidale, New South Wales, 2350",Armidale Visitors Centre,NRMA,"{""charger_capacities"": ""50 kW"", ""charging_point_count"": 1.0, ""connector_types_normalized"": ""CCS;CHAdeMO"", ""data_provider"": ""Open Charge Map"", ""is_operational"": true, ""last_verified"": ""2020-12-11T13:42:00Z"", ""number_of_plugs"": null, ""operator"": ""NRMA"", ""plug_types"": ""CCS (Type 2); CHAdeMO"", ""power_kw_max"": 50.0, ""power_kw_min"": 50.0, ""power_kw_values"": [50.0], ""power_scope"": ""dc_indicated_connection_ratings"", ""status"": ""Operational"", ""usage_cost"": ""Currently free but will be fee at some point.""}",True,2,1,,source address and original postcode conflict; external postcode conflicts with source; house numbers conflict; address evidence is inconsistent; candidate does not pass the automatic identity gate,source address and original postcode conflict; external postcode conflicts with source; house numbers conflict; address evidence is inconsistent; candidate does not pass the automatic identity gate; Accepted by 500 m and historical high/medium web-evidence policy; not independently identity-verified; strict rejection retained,True,unmatched,unmatched,,,,,,,{},,0,0,,,,True,review,coordinate_only,421.715462774147,0.26853625170998635,15d06bf5-6b4a-425d-9312-bae4b17cc22b-2444,"12 Cinders Ln, Armidale, NSW 2350",EV Fast Charger 5 Cinders Ln,,"{""connector_types_normalized"": ""CCS"", ""data_provider"": ""Charge@Large"", ""dc_port_count"": 4, ""number_of_plugs"": null, ""power_kw_max"": 150.0, ""power_kw_min"": 150.0, ""power_kw_values"": [150.0], ""power_scope"": ""dc_indicated_ports"", ""site_power_range_raw"": ""150"", ""status_counts"": {""Available"": 3, ""Charging"": 1}, ""status_observed_at"": null, ""total_port_count"": 4}",True,1,1,,source address and original postcode conflict; external postcode conflicts with source; house numbers conflict; address evidence is inconsistent; candidate does not pass the automatic identity gate,,True,accepted,"[{""binding"": ""same source address and OCM ID; search evidence only"", ""conclusion"": ""web_evidence_found_not_identity_proof"", ""file"": ""data/reference/web_review/task3_ocm_125_web_confidence.csv"", ""identity_decision"": ""web evidence only; same-station identity not automatically proven"", ""page_opened"": false, ""reported_confidence"": ""medium"", ""url"": ""https://www.plugroo.com.au/nsw/wilcannia""}]",review,coordinate_only,unmatched,unmatched,review,coordinate_only,review,coordinate_500m_historical_web_rule,ocm,accepted,OCM,OCM:170824,Charge@Large,Charge@Large: source address and original postcode conflict; external postcode conflicts with source; house numbers conflict; address evidence is inconsistent; candidate does not pass the automatic identity gate,OCM: source address and original postcode conflict; external postcode conflicts with source; house numbers conflict; address evidence is inconsistent; candidate does not pass the automatic identity gate; Accepted by 500 m and historical high/medium web-evidence policy; not independently identity-verified; strict rejection retained,yes,,"{""OCM::charger_capacities"": ""50 kW"", ""OCM::charging_point_count"": 1.0, ""OCM::connector_types_normalized"": ""CCS;CHAdeMO"", ""OCM::data_provider"": ""Open Charge Map"", ""OCM::is_operational"": true, ""OCM::last_verified"": ""2020-12-11T13:42:00Z"", ""OCM::operator"": ""NRMA"", ""OCM::plug_types"": ""CCS (Type 2); CHAdeMO"", ""OCM::power_kw_max"": 50.0, ""OCM::power_kw_min"": 50.0, ""OCM::power_kw_values"": [50.0], ""OCM::power_scope"": ""dc_indicated_connection_ratings"", ""OCM::status"": ""Operational"", ""OCM::usage_cost"": ""Currently free but will be fee at some point.""}","{""OCM::connector_types_normalized"": ""CCS;CHAdeMO"", ""OCM::is_operational"": true, ""OCM::operator"": ""NRMA"", ""OCM::plug_types"": ""CCS (Type 2); CHAdeMO"", ""OCM::power_kw_max"": 50.0, ""OCM::power_kw_min"": 50.0, ""OCM::power_scope"": ""dc_indicated_connection_ratings"", ""OCM::status"": ""Operational"", ""OCM::usage_cost"": ""Currently free but will be fee at some point.""}",5
5,,,"1 Bay Street, Sydney NSW 2037",Tesla,16,DC,130 kW,-33.88350355,151.1944334,"Sydney, Council of the City of",2037,Existing Fast Chargers,0,0,0,0,16,0,0,0,0,0,0,0,0,0,0,0,0,0,0,0,0,0,0,0,0,0,0,0,0,0,0,0,0,0,0,0,0,0,0,0,Sydney - City and Inner South,117,2037,accepted,coordinate_500m_historical_web_rule,19.442848781978107,0.775,311308,"1 Bay Street, Broadway, NSW, 2007",Tesla Destination Charger,Tesla (including non-tesla),"{""charger_capacities"": ""22 kW"", ""charging_point_count"": 3.0, ""connector_types_normalized"": ""CCS"", ""data_provider"": ""Open Charge Map"", ""is_operational"": true, ""last_verified"": ""2025-03-29T03:34:00Z"", ""number_of_plugs"": null, ""operator"": ""Tesla (including non-tesla)"", ""plug_types"": ""CCS (Type 2)"", ""power_kw_max"": 22.0, ""power_kw_min"": 22.0, ""power_kw_values"": [22.0], ""power_scope"": ""dc_indicated_connection_ratings"", ""status"": ""Operational"", ""usage_cost"": ""0""}",True,2,2,37.874801818931246,external postcode conflicts with source; address evidence is inconsistent; candidate does not pass the automatic identity gate,external postcode conflicts with source; address evidence is inconsistent; candidate does not pass the automatic identity gate; Accepted by 500 m and historical high/medium web-evidence policy; not independently identity-verified; strict rejection retained,False,unmatched,unmatched,,,,,,,{},,0,0,,,,False,unmatched,unmatched,,,,,,,{},,0,0,,,,False,accepted,"[{""binding"": ""same source address and OCM ID; search evidence only"", ""conclusion"": ""web_evidence_found_not_identity_proof"", ""file"": ""data/reference/web_review/task3_ocm_125_web_confidence.csv"", ""identity_decision"": ""web evidence only; same-station identity not automatically proven"", ""page_opened"": true, ""reported_confidence"": ""high"", ""url"": ""https://ev-charging-stations.com.au/chargers/nsw/glebe""}]",review,coordinate_only,unmatched,unmatched,unmatched,unmatched,review,coordinate_500m_historical_web_rule,ocm,accepted,OCM,OCM:311308,,,OCM: external postcode conflicts with source; address evidence is inconsistent; candidate does not pass the automatic identity gate; Accepted by 500 m and historical high/medium web-evidence policy; not independently identity-verified; strict rejection retained,yes,,"{""OCM::charger_capacities"": ""22 kW"", ""OCM::charging_point_count"": 3.0, ""OCM::connector_types_normalized"": ""CCS"", ""OCM::data_provider"": ""Open Charge Map"", ""OCM::is_operational"": true, ""OCM::last_verified"": ""2025-03-29T03:34:00Z"", ""OCM::operator"": ""Tesla (including non-tesla)"", ""OCM::plug_types"": ""CCS (Type 2)"", ""OCM::power_kw_max"": 22.0, ""OCM::power_kw_min"": 22.0, ""OCM::power_kw_values"": [22.0], ""OCM::power_scope"": ""dc_indicated_connection_ratings"", ""OCM::status"": ""Operational"", ""OCM::usage_cost"": ""0""}","{""OCM::connector_types_normalized"": ""CCS"", ""OCM::is_operational"": true, ""OCM::operator"": ""Tesla (including non-tesla)"", ""OCM::plug_types"": ""CCS (Type 2)"", ""OCM::power_kw_max"": 22.0, ""OCM::power_kw_min"": 22.0, ""OCM::power_scope"": ""dc_indicated_connection_ratings"", ""OCM::status"": ""Operational"", ""OCM::usage_cost"": ""0""}",5
16,,,"1 Frederick Street, Sydney NSW 2064",Evie Networks,6,DC,150 kW,-33.81707912,151.1889369,Willoughby City Council,2064,Existing Fast Chargers,0,0,0,0,0,0,0,6,0,0,0,0,0,0,0,0,0,0,0,0,0,0,0,0,0,0,0,0,0,0,0,0,0,0,0,0,0,0,0,0,Sydney - North Sydney and Hornsby,121,2064,accepted,coordinate_500m_historical_web_rule,157.01557144384634,0.33695652173913043,272613,"65 Reserve Road, St Leonards, New South Wales, 2065",TLE Electrical Artarmon,Chargefox,"{""charger_capacities"": ""22 kW"", ""charging_point_count"": 1.0, ""connector_types_normalized"": ""CCS;CHAdeMO"", ""data_provider"": ""Open Charge Map"", ""is_operational"": true, ""last_verified"": ""2023-07-15T07:52:00Z"", ""number_of_plugs"": null, ""operator"": ""Chargefox"", ""plug_types"": ""CCS (Type 2); CHAdeMO"", ""power_kw_max"": 22.0, ""power_kw_min"": 22.0, ""power_kw_values"": [22.0], ""power_scope"": ""dc_indicated_connection_ratings"", ""status"": ""Operational"", ""usage_cost"": ""$0.30/kWh""}",True,1,1,,external postcode conflicts with source; house numbers conflict; address evidence is inconsistent; candidate does not pass the automatic identity gate,external postcode conflicts with source; house numbers conflict; address evidence is inconsistent; candidate does not pass the automatic identity gate; Accepted by 500 m and historical high/medium web-evidence policy; not independently identity-verified; strict rejection retained,False,unmatched,unmatched,,,,,,,{},,0,0,,,,False,review,coordinate_only,480.3922950434002,0.33163265306122447,393dc550-5791-46d3-a359-20e9e5b406b3-6788b95616c263b357a1ec99,"18/39 Herbert Street, St Leonards, NSW 2065",Delta HQ,,"{""connector_types_normalized"": ""CCS;CHAdeMO"", ""data_provider"": ""Charge@Large"", ""dc_port_count"": 2, ""number_of_plugs"": null, ""power_kw_max"": 25.0, ""power_kw_min"": 25.0, ""power_kw_values"": [25.0], ""power_scope"": ""dc_indicated_ports"", ""site_power_range_raw"": ""25"", ""status_counts"": {""Available"": 2}, ""status_observed_at"": null, ""total_port_count"": 2}",True,1,1,,external postcode conflicts with source; house numbers conflict; address evidence is inconsistent; candidate does not pass the automatic identity gate,,False,accepted,"[{""binding"": ""same source address and OCM ID; search evidence only"", ""conclusion"": ""web_evidence_found_not_identity_proof"", ""file"": ""data/reference/web_review/task3_ocm_125_web_confidence.csv"", ""identity_decision"": ""web evidence only; same-station identity not automatically proven"", ""page_opened"": true, ""reported_confidence"": ""high"", ""url"": ""https://www.chargeroute.au/ev-chargers/nsw/sydney""}]",review,coordinate_only,unmatched,unmatched,review,coordinate_only,review,coordinate_500m_historical_web_rule,ocm,accepted,OCM,OCM:272613,Charge@Large,Charge@Large: external postcode conflicts with source; house numbers conflict; address evidence is inconsistent; candidate does not pass the automatic identity gate,OCM: external postcode conflicts with source; house numbers conflict; address evidence is inconsistent; candidate does not pass the automatic identity gate; Accepted by 500 m and historical high/medium web-evidence policy; not independently identity-verified; strict rejection retained,yes,,"{""OCM::charger_capacities"": ""22 kW"", ""OCM::charging_point_count"": 1.0, ""OCM::connector_types_normalized"": ""CCS;CHAdeMO"", ""OCM::data_provider"": ""Open Charge Map"", ""OCM::is_operational"": true, ""OCM::last_verified"": ""2023-07-15T07:52:00Z"", ""OCM::operator"": ""Chargefox"", ""OCM::plug_types"": ""CCS (Type 2); CHAdeMO"", ""OCM::power_kw_max"": 22.0, ""OCM::power_kw_min"": 22.0, ""OCM::power_kw_values"": [22.0], ""OCM::power_scope"": ""dc_indicated_connection_ratings"", ""OCM::status"": ""Operational"", ""OCM::usage_cost"": ""$0.30/kWh""}","{""OCM::connector_types_normalized"": ""CCS;CHAdeMO"", ""OCM::is_operational"": true, ""OCM::operator"": ""Chargefox"", ""OCM::plug_types"": ""CCS (Type 2); CHAdeMO"", ""OCM::power_kw_max"": 22.0, ""OCM::power_kw_min"": 22.0, ""OCM::power_scope"": ""dc_indicated_connection_ratings"", ""OCM::status"": ""Operational"", ""OCM::usage_cost"": ""$0.30/kWh""}",5
36,,,"1 Perry Street, Batemans Bay NSW 2536",Evie Networks,4,DC,75 kW,-35.70737242,150.1761672,Eurobodalla Shire Council,2536,Existing Fast Chargers,0,0,0,0,0,0,0,0,0,0,0,0,0,0,0,0,0,0,0,0,0,0,0,0,0,0,0,0,0,0,0,0,0,0,0,4,0,0,0,0,Capital Region,101,2536,accepted,coordinate_500m_historical_web_rule,138.42854106496608,0.4236702127659575,157566,"2A Beach Road, Batemans Bay, NSW, 2536",Batemans Bay Visitor Centre [NRMA],NRMA,"{""charger_capacities"": ""50 kW"", ""charging_point_count"": 1.0, ""connector_types_normalized"": ""CCS;CHAdeMO"", ""data_provider"": ""Open Charge Map"", ""is_operational"": true, ""last_verified"": ""2021-12-19T02:29:00Z"", ""number_of_plugs"": null, ""operator"": ""NRMA"", ""plug_types"": ""CCS (Type 2); CHAdeMO"", ""power_kw_max"": 50.0, ""power_kw_min"": 50.0, ""power_kw_values"": [50.0], ""power_scope"": ""dc_indicated_connection_ratings"", ""status"": ""Operational"", ""usage_cost"": """"}",True,3,3,179.54486260578992,house numbers conflict; address evidence is inconsistent; candidate does not pass the automatic identity gate,house numbers conflict; address evidence is inconsistent; candidate does not pass the automatic identity gate; Accepted by 500 m and historical high/medium web-evidence policy; not independently identity-verified; strict rejection retained,False,review,coordinate_only,149.62063319237546,0.0,https://www.openstreetmap.org/node/6512442081,,,NRMA,"{""access_condition"": ""Free Access"", ""allows_card_payment"": false, ""allows_reservation"": false, ""charging_point_count"": 1, ""charging_point_count_raw"": 1, ""connector_types_normalized"": ""CCS;CHAdeMO"", ""data_provider"": ""OpenStreetMap"", ""is_free"": true, ""network"": """", ""number_of_plugs"": null, ""opening_hours"": """", ""power_kw_max"": 50.0, ""power_kw_min"": null, ""power_scope"": ""station_reported_maximum"", ""pricing_info"": """"}",True,3,3,154.5363704601117,candidate does not pass the automatic identity gate,,False,unmatched,unmatched,,,,,,,{},,0,0,,,,False,accepted,"[{""binding"": ""same source address and OCM ID; search evidence only"", ""conclusion"": ""web_evidence_found_not_identity_proof"", ""file"": ""data/reference/web_review/task3_ocm_125_web_confidence.csv"", ""identity_decision"": ""web evidence only; same-station identity not automatically proven"", ""page_opened"": true, ""reported_confidence"": ""high"", ""url"": ""https://ev-charging-stations.com.au/chargers/evie-1-perry-street-batemans-bay-nsw-2536""}]",review,coordinate_only,review,coordinate_only,unmatched,unmatched,review,coordinate_500m_historical_web_rule,ocm,accepted,OCM,OCM:157566,OSM,OSM: candidate does not pass the automatic identity gate,OCM: house numbers conflict; address evidence is inconsistent; candidate does not pass the automatic identity gate; Accepted by 500 m and historical high/medium web-evidence policy; not independently identity-verified; strict rejection retained; OCM:157566 is linked to multiple TfNSW rows,yes,,"{""OCM::charger_capacities"": ""50 kW"", ""OCM::charging_point_count"": 1.0, ""OCM::connector_types_normalized"": ""CCS;CHAdeMO"", ""OCM::data_provider"": ""Open Charge Map"", ""OCM::is_operational"": true, ""OCM::last_verified"": ""2021-12-19T02:29:00Z"", ""OCM::operator"": ""NRMA"", ""OCM::plug_types"": ""CCS (Type 2); CHAdeMO"", ""OCM::power_kw_max"": 50.0, ""OCM::power_kw_min"": 50.0, ""OCM::power_kw_values"": [50.0], ""OCM::power_scope"": ""dc_indicated_connection_ratings"", ""OCM::status"": ""Operational""}","{""OCM::connector_types_normalized"": ""CCS;CHAdeMO"", ""OCM::is_operational"": true, ""OCM::operator"": ""NRMA"", ""OCM::plug_types"": ""CCS (Type 2); CHAdeMO"", ""OCM::power_kw_max"": 50.0, ""OCM::power_kw_min"": 50.0, ""OCM::power_scope"": ""dc_indicated_connection_ratings"", ""OCM::status"": ""Operational""}",4
94,,,"116 Liverpool Street, Scone NSW 2337",NRMA Electric,2,DC,50 kW,-31.9598511,141.4601038,Upper Hunter Shire Council,2337,TfNSW Regional,0,0,0,0,0,0,0,0,0,0,0,0,0,0,0,0,0,0,0,0,0,0,0,0,0,0,0,0,0,0,0,2,0,0,0,0,0,0,0,0,Far West and Orana,105,2880,accepted,coordinate_500m_historical_web_rule,47.316385278655176,0.3351063829787234,190677,"51 Bromide St, Broken Hill, New South Wales, 2880",Broken Hill [NRMA],NRMA,"{""charger_capacities"": ""50 kW"", ""charging_point_count"": 1.0, ""connector_types_normalized"": ""CCS;CHAdeMO"", ""data_provider"": ""Open Charge Map"", ""is_operational"": true, ""last_verified"": ""2021-12-17T03:14:00Z"", ""number_of_plugs"": null, ""operator"": ""NRMA"", ""plug_types"": ""CCS (Type 2); CHAdeMO"", ""power_kw_max"": 50.0, ""power_kw_min"": 50.0, ""power_kw_values"": [50.0], ""power_scope"": ""dc_indicated_connection_ratings"", ""status"": ""Operational"", ""usage_cost"": """"}",True,2,1,,source address and original postcode conflict; external postcode conflicts with source; house numbers conflict; address evidence is inconsistent; candidate does not pass the automatic identity gate,source address and original postcode conflict; external postcode conflicts with source; house numbers conflict; address evidence is inconsistent; candidate does not pass the automatic identity gate; Accepted by 500 m and historical high/medium web-evidence policy; not independently identity-verified; strict rejection retained,True,unmatched,unmatched,,,,,,,{},,0,0,,,,True,unmatched,unmatched,,,,,,,{},,0,0,,,,True,accepted,"[{""binding"": ""same source address and OCM ID; search evidence only"", ""conclusion"": ""web_evidence_found_not_identity_proof"", ""file"": ""data/reference/web_review/task3_ocm_125_web_confidence.csv"", ""identity_decision"": ""web evidence only; same-station identity not automatically proven"", ""page_opened"": true, ""reported_confidence"": ""high"", ""url"": ""https://openchargemap.org/poi?CountryIds=18&OperatorIds=3388""}]",review,coordinate_only,unmatched,unmatched,unmatched,unmatched,review,coordinate_500m_historical_web_rule,ocm,accepted,OCM,OCM:190677,,,OCM: source address and original postcode conflict; external postcode conflicts with source; house numbers conflict; address evidence is inconsistent; candidate does not pass the automatic identity gate; Accepted by 500 m and historical high/medium web-evidence policy; not independently identity-verified; strict rejection retained,yes,,"{""OCM::charger_capacities"": ""50 kW"", ""OCM::charging_point_count"": 1.0, ""OCM::connector_types_normalized"": ""CCS;CHAdeMO"", ""OCM::data_provider"": ""Open Charge Map"", ""OCM::is_operational"": true, ""OCM::last_verified"": ""2021-12-17T03:14:00Z"", ""OCM::operator"": ""NRMA"", ""OCM::plug_types"": ""CCS (Type 2); CHAdeMO"", ""OCM::power_kw_max"": 50.0, ""OCM::power_kw_min"": 50.0, ""OCM::power_kw_values"": [50.0], ""OCM::power_scope"": ""dc_indicated_connection_ratings"", ""OCM::status"": ""Operational""}","{""OCM::connector_types_normalized"": ""CCS;CHAdeMO"", ""OCM::is_operational"": true, ""OCM::operator"": ""NRMA"", ""OCM::plug_types"": ""CCS (Type 2); CHAdeMO"", ""OCM::power_kw_max"": 50.0, ""OCM::power_kw_min"": 50.0, ""OCM::power_scope"": ""dc_indicated_connection_ratings"", ""OCM::status"": ""Operational""}",4
124,,,"127 Conadilly Street, Gunnedah NSW 2380",Chargefox,4,DC,47 kW,-30.97681086,150.2501652,Gunnedah Shire Council,2380,Existing Fast Chargers,0,0,0,0,0,0,0,0,0,0,0,0,0,0,0,0,0,0,0,0,0,0,0,0,0,0,0,0,0,0,4,0,0,0,0,0,0,0,0,0,New England and North West,110,2380,accepted,coordinate_500m_historical_web_rule,196.9329083094799,0.4029175050301811,274452,"Kepreotes Carpark, 73 Little Barber Street, Gunnedah, NSW, 2380",NRMA Fast Charger Gunnedah,(Unknown Operator),"{""charger_capacities"": ""50 kW"", ""charging_point_count"": 1.0, ""connector_types_normalized"": ""CCS;CHAdeMO"", ""data_provider"": ""Open Charge Map"", ""is_operational"": true, ""last_verified"": ""2023-09-18T01:27:00Z"", ""number_of_plugs"": null, ""operator"": ""(Unknown Operator)"", ""plug_types"": ""CCS (Type 2); CHAdeMO"", ""power_kw_max"": 50.0, ""power_kw_min"": 50.0, ""power_kw_values"": [50.0], ""power_scope"": ""dc_indicated_connection_ratings"", ""status"": ""Operational"", ""usage_cost"": ""$0, but payment will be required Oct-Dec 2023""}",True,1,1,,house numbers conflict; address evidence is inconsistent; candidate does not pass the automatic identity gate,house numbers conflict; address evidence is inconsistent; candidate does not pass the automatic identity gate; Accepted by 500 m and historical high/medium web-evidence policy; not independently identity-verified; strict rejection retained,False,unmatched,unmatched,,,,,,,{},,0,0,,,,False,unmatched,unmatched,,,,,,,{},,0,0,,,,False,accepted,"[{""binding"": ""same source address and OCM ID; search evidence only"", ""conclusion"": ""web_evidence_found_not_identity_proof"", ""file"": ""data/reference/web_review/task3_ocm_125_web_confidence.csv"", ""identity_decision"": ""web evidence only; same-station identity not automatically proven"", ""page_opened"": false, ""reported_confidence"": ""medium"", ""url"": ""https://www.plugroo.com.au/nsw/piallaway""}]",review,coordinate_only,unmatched,unmatched,unmatched,unmatched,review,coordinate_500m_historical_web_rule,ocm,accepted,OCM,OCM:274452,,,OCM: house numbers conflict; address evidence is inconsistent; candidate does not pass the automatic identity gate; Accepted by 500 m and historical high/medium web-evidence policy; not independently identity-verified; strict rejection retained,yes,,"{""OCM::charger_capacities"": ""50 kW"", ""OCM::charging_point_count"": 1.0, ""OCM::connector_types_normalized"": ""CCS;CHAdeMO"", ""OCM::data_provider"": ""Open Charge Map"", ""OCM::is_operational"": true, ""OCM::last_verified"": ""2023-09-18T01:27:00Z"", ""OCM::operator"": ""(Unknown Operator)"", ""OCM::plug_types"": ""CCS (Type 2); CHAdeMO"", ""OCM::power_kw_max"": 50.0, ""OCM::power_kw_min"": 50.0, ""OCM::power_kw_values"": [50.0], ""OCM::power_scope"": ""dc_indicated_connection_ratings"", ""OCM::status"": ""Operational"", ""OCM::usage_cost"": ""$0, but payment will be required Oct-Dec 2023""}","{""OCM::connector_types_normalized"": ""CCS;CHAdeMO"", ""OCM::is_operational"": true, ""OCM::operator"": ""(Unknown Operator)"", ""OCM::plug_types"": ""CCS (Type 2); CHAdeMO"", ""OCM::power_kw_max"": 50.0, ""OCM::power_kw_min"": 50.0, ""OCM::power_scope"": ""dc_indicated_connection_ratings"", ""OCM::status"": ""Operational"", ""OCM::usage_cost"": ""$0, but payment will be required Oct-Dec 2023""}",5
135,,,"13-17 Princes Highway, Albion Park Rail NSW 2527",Evie Networks,2,DC,50 kW,-34.5504346,150.7877814,Shellharbour City Council,2527,ARENA - Driving the Nation,0,0,0,0,0,0,0,0,0,0,0,0,0,0,0,0,0,0,0,0,0,0,0,0,0,0,0,0,0,0,0,2,0,0,0,0,0,0,0,0,Illawarra,107,2527,unmatched,unmatched,,,,,,,{},,0,0,,,,False,accepted,coordinate_500m_historical_web_rule,176.35030699004847,0.0,https://www.openstreetmap.org/node/13309552143,,,AmpCharge,"{""access_condition"": ""Free Access"", ""allows_card_payment"": false, ""allows_reservation"": false, ""charging_point_count"": 2, ""charging_point_count_raw"": 2, ""connector_types_normalized"": ""CCS"", ""data_provider"": ""OpenStreetMap"", ""is_free"": false, ""network"": """", ""number_of_plugs"": null, ""opening_hours"": """", ""power_kw_max"": null, ""power_kw_min"": null, ""power_scope"": ""station_reported_maximum"", ""pricing_info"": """"}",True,1,1,,candidate does not pass the automatic identity gate,candidate does not pass the automatic identity gate; Accepted by 500 m and historical high/medium web-evidence policy; not independently identity-verified; strict rejection retained,False,unmatched,unmatched,,,,,,,{},,0,0,,,,False,accepted,"[{""binding"": ""source_address_only; external identity not verified"", ""conclusion"": """", ""file"": ""data/reference/web_review/task3_104_non_ocm_web_verified.csv"", ""identity_decision"": ""web evidence only; same-station identity not automatically proven"", ""page_opened"": true, ""reported_confidence"": ""high"", ""url"": ""https://ev-charging-stations.com.au/chargers/chargefox-13-17-princes-highway-albion-park-rail-nsw-2527""}]",unmatched,unmatched,review,coordinate_only,unmatched,unmatched,review,coordinate_500m_historical_web_rule,osm_fast_dc,accepted,OSM,OSM:https://www.openstreetmap.org/node/13309552143,,,OSM: candidate does not pass the automatic identity gate; Accepted by 500 m and historical high/medium web-evidence policy; not independently identity-verified; strict rejection retained,yes,,"{""OSM::access_condition"": ""Free Access"", ""OSM::allows_card_payment"": false, ""OSM::allows_reservation"": false, ""OSM::charging_point_count"": 2, ""OSM::charging_point_count_raw"": 2, ""OSM::connector_types_normalized"": ""CCS"", ""OSM::data_provider"": ""OpenStreetMap"", ""OSM::is_free"": false, ""OSM::power_scope"": ""station_reported_maximum""}","{""OSM::access_condition"": ""Free Access"", ""OSM::allows_card_payment"": false, ""OSM::allows_reservation"": false, ""OSM::connector_types_normalized"": ""CCS"", ""OSM::is_free"": false, ""OSM::power_scope"": ""station_reported_maximum""}",5
153,,,"140 Denison Street, Sydney NSW 2036",Exploren,2,DC,120 kW,-33.94916821,151.2247958,Bayside Council,2036,Existing Fast Chargers,0,0,2,0,0,0,0,0,0,0,0,0,0,0,0,0,0,0,0,0,0,0,0,0,0,0,0,0,0,0,0,0,0,0,0,0,0,0,0,0,Sydney - City and Inner South,117,2036,unmatched,unmatched,,,,,,,{},,0,0,,,,False,unmatched,unmatched,,,,,,,{},,0,0,,,,False,accepted,coordinate_500m_historical_web_rule,0.0898879958040246,0.8469387755102041,15d06bf5-6b4a-425d-9312-bae4b17cc22b-1879,"140-148 Denison St, Hillsdale, NSW 2036",Bunnings Eastgardens,,"{""connector_types_normalized"": ""CCS"", ""data_provider"": ""Charge@Large"", ""dc_port_count"": 2, ""number_of_plugs"": null, ""power_kw_max"": 120.0, ""power_kw_min"": 120.0, ""power_kw_values"": [120.0], ""power_scope"": ""dc_indicated_ports"", ""site_power_range_raw"": ""120"", ""status_counts"": {""Available"": 2}, ""status_observed_at"": null, ""total_port_count"": 2}",True,1,1,,house numbers conflict; address evidence is inconsistent; candidate does not pass the automatic identity gate,house numbers conflict; address evidence is inconsistent; candidate does not pass the automatic identity gate; Accepted by 500 m and historical high/medium web-evidence policy; not independently identity-verified; strict rejection retained,False,accepted,"[{""binding"": ""source_address_only; external identity not verified"", ""conclusion"": """", ""file"": ""data/reference/web_review/task3_104_non_ocm_web_verified.csv"", ""identity_decision"": ""web evidence only; same-station identity not automatically proven"", ""page_opened"": true, ""reported_confidence"": ""high"", ""url"": ""https://ev-charging-stations.com.au/chargers/nsw/eastgardens""}]",unmatched,unmatched,unmatched,unmatched,review,coordinate_only,review,coordinate_500m_historical_web_rule,chargelarge_fast_dc,accepted,Charge@Large,Charge@Large:15d06bf5-6b4a-425d-9312-bae4b17cc22b-1879,,,Charge@Large: house numbers conflict; address evidence is inconsistent; candidate does not pass the automatic identity gate; Accepted by 500 m and historical high/medium web-evidence policy; not independently identity-verified; strict rejection retained,yes,,"{""Charge@Large::connector_types_normalized"": ""CCS"", ""Charge@Large::data_provider"": ""Charge@Large"", ""Charge@Large::dc_port_count"": 2, ""Charge@Large::power_kw_max"": 120.0, ""Charge@Large::power_kw_min"": 120.0, ""Charge@Large::power_kw_values"": [120.0], ""Charge@Large::power_scope"": ""dc_indicated_ports"", ""Charge@Large::site_power_range_raw"": ""120"", ""Charge@Large::status_counts"": {""Available"": 2}, ""Charge@Large::total_port_count"": 2}","{""Charge@Large::connector_types_normalized"": ""CCS"", ""Charge@Large::dc_port_count"": 2, ""Charge@Large::power_kw_max"": 120.0, ""Charge@Large::power_kw_min"": 120.0, ""Charge@Large::power_scope"": ""dc_indicated_ports"", ""Charge@Large::status_counts"": {""Available"": 2}, ""Charge@Large::total_port_count"": 2}",2
166,,,"149 Alison Road, Sydney NSW 2031",JOLT,2,DC,50 kW,-33.91307612,151.2387948,Randwick City Council,2031,Existing Fast Chargers,0,0,0,0,0,0,0,0,0,0,0,0,0,0,0,0,0,0,0,0,0,0,0,0,0,0,0,0,0,0,0,2,0,0,0,0,0,0,0,0,Sydney - Eastern Suburbs,118,2031,review,coordinate_only,308.9609042279953,0.5156641604010025,272630,"73 Belmore Road, Randwick, NSW, 2031",Royal Randwick,Evie,"{""charger_capacities"": ""50 kW"", ""charging_point_count"": 2.0, ""connector_types_normalized"": ""CCS;CHAdeMO"", ""data_provider"": ""Open Charge Map"", ""is_operational"": true, ""last_verified"": ""2023-07-15T12:06:00Z"", ""number_of_plugs"": null, ""operator"": ""Evie"", ""plug_types"": ""CCS (Type 2); CHAdeMO"", ""power_kw_max"": 50.0, ""power_kw_min"": 50.0, ""power_kw_values"": [50.0], ""power_scope"": ""dc_indicated_connection_ratings"", ""status"": ""Operational"", ""usage_cost"": """"}",True,1,1,,house numbers conflict; address evidence is inconsistent; candidate does not pass the automatic identity gate,,False,accepted,coordinate_500m_historical_web_rule,86.42938762412163,0.0,https://www.openstreetmap.org/node/6965143040,,,Chargefox,"{""access_condition"": ""Free Access"", ""allows_card_payment"": false, ""allows_reservation"": false, ""charging_point_count"": 2, ""charging_point_count_raw"": 2, ""connector_types_normalized"": ""CCS"", ""data_provider"": ""OpenStreetMap"", ""is_free"": true, ""network"": """", ""number_of_plugs"": null, ""opening_hours"": """", ""power_kw_max"": null, ""power_kw_min"": null, ""power_scope"": ""station_reported_maximum"", ""pricing_info"": """"}",True,1,1,,external ID https://www.openstreetmap.org/node/6965143040 is shared by distinct source sites,external ID https://www.openstreetmap.org/node/6965143040 is shared by distinct source sites; Accepted by 500 m and historical high/medium web-evidence policy; not independently identity-verified; strict rejection retained,False,unmatched,unmatched,,,,,,,{},,0,0,,,,False,accepted,"[{""binding"": ""same source address and OCM ID; search evidence only"", ""conclusion"": ""web_evidence_found_not_identity_proof"", ""file"": ""data/reference/web_review/task3_ocm_125_web_confidence.csv"", ""identity_decision"": ""web evidence only; same-station identity not automatically proven"", ""page_opened"": true, ""reported_confidence"": ""high"", ""url"": ""https://ev-charging-stations.com.au/chargers/nsw/randwick""}]",review,coordinate_only,review,coordinate_only,unmatched,unmatched,review,coordinate_500m_historical_web_rule,osm_fast_dc,accepted,OSM,OSM:https://www.openstreetmap.org/node/6965143040,OCM,OCM: house numbers conflict; address evidence is inconsistent; candidate does not pass the automatic identity gate,OSM: external ID https://www.openstreetmap.org/node/6965143040 is shared by distinct source sites; Accepted by 500 m and historical high/medium web-evidence policy; not independently identity-verified; strict rejection retained; OSM:https://www.openstreetmap.org/node/6965143040 is linked to multiple TfNSW rows,yes,,"{""OSM::access_condition"": ""Free Access"", ""OSM::allows_card_payment"": false, ""OSM::allows_reservation"": false, ""OSM::charging_point_count"": 2, ""OSM::charging_point_count_raw"": 2, ""OSM::connector_types_normalized"": ""CCS"", ""OSM::data_provider"": ""OpenStreetMap"", ""OSM::is_free"": true, ""OSM::power_scope"": ""station_reported_maximum""}","{""OSM::access_condition"": ""Free Access"", ""OSM::allows_card_payment"": false, ""OSM::allows_reservation"": false, ""OSM::connector_types_normalized"": ""CCS"", ""OSM::is_free"": true, ""OSM::power_scope"": ""station_reported_maximum""}",5
179,,,"15 Victory Street, Braidwood NSW 2622",NRMA Electric,4,DC,50 kW,-31.4988197,145.8375768,Queanbeyan-Palerang Regional Council,2622,TfNSW Regional,0,0,0,0,0,0,0,0,0,0,0,0,0,0,0,0,0,0,0,0,0,0,0,0,0,0,0,0,0,0,0,4,0,0,0,0,0,0,0,0,Far West and Orana,105,2835,accepted,coordinate_500m_historical_web_rule,1.613311992061809,0.2640316205533597,190679,"3 Broomfield Street, Cobar, New South Wales, 2835",Cobar [NRMA],NRMA,"{""charger_capacities"": ""50 kW"", ""charging_point_count"": 1.0, ""connector_types_normalized"": ""CCS;CHAdeMO"", ""data_provider"": ""Open Charge Map"", ""is_operational"": true, ""last_verified"": ""2022-01-08T10:59:00Z"", ""number_of_plugs"": null, ""operator"": ""NRMA"", ""plug_types"": ""CCS (Type 2); CHAdeMO"", ""power_kw_max"": 50.0, ""power_kw_min"": 50.0, ""power_kw_values"": [50.0], ""power_scope"": ""dc_indicated_connection_ratings"", ""status"": ""Operational"", ""usage_cost"": ""FREE""}",True,1,1,,source address and original postcode conflict; external postcode conflicts with source; house numbers conflict; address evidence is inconsistent; candidate does not pass the automatic identity gate,source address and original postcode conflict; external postcode conflicts with source; house numbers conflict; address evidence is inconsistent; candidate does not pass the automatic identity gate; Accepted by 500 m and historical high/medium web-evidence policy; not independently identity-verified; strict rejection retained,True,unmatched,unmatched,,,,,,,{},,0,0,,,,True,unmatched,unmatched,,,,,,,{},,0,0,,,,True,accepted,"[{""binding"": ""same source address and OCM ID; search evidence only"", ""conclusion"": ""web_evidence_found_not_identity_proof"", ""file"": ""data/reference/web_review/task3_ocm_125_web_confidence.csv"", ""identity_decision"": ""web evidence only; same-station identity not automatically proven"", ""page_opened"": true, ""reported_confidence"": ""high"", ""url"": ""https://www.queanbeyanpalerang.com.au/taste/braidwood-servicemens-club/""}]",review,coordinate_only,unmatched,unmatched,unmatched,unmatched,review,coordinate_500m_historical_web_rule,ocm,accepted,OCM,OCM:190679,,,OCM: source address and original postcode conflict; external postcode conflicts with source; house numbers conflict; address evidence is inconsistent; candidate does not pass the automatic identity gate; Accepted by 500 m and historical high/medium web-evidence policy; not independently identity-verified; strict rejection retained,yes,,"{""OCM::charger_capacities"": ""50 kW"", ""OCM::charging_point_count"": 1.0, ""OCM::connector_types_normalized"": ""CCS;CHAdeMO"", ""OCM::data_provider"": ""Open Charge Map"", ""OCM::is_operational"": true, ""OCM::last_verified"": ""2022-01-08T10:59:00Z"", ""OCM::operator"": ""NRMA"", ""OCM::plug_types"": ""CCS (Type 2); CHAdeMO"", ""OCM::power_kw_max"": 50.0, ""OCM::power_kw_min"": 50.0, ""OCM::power_kw_values"": [50.0], ""OCM::power_scope"": ""dc_indicated_connection_ratings"", ""OCM::status"": ""Operational"", ""OCM::usage_cost"": ""FREE""}","{""OCM::connector_types_normalized"": ""CCS;CHAdeMO"", ""OCM::is_operational"": true, ""OCM::operator"": ""NRMA"", ""OCM::plug_types"": ""CCS (Type 2); CHAdeMO"", ""OCM::power_kw_max"": 50.0, ""OCM::power_kw_min"": 50.0, ""OCM::power_scope"": ""dc_indicated_connection_ratings"", ""OCM::status"": ""Operational"", ""OCM::usage_cost"": ""FREE""}",5
193,,,"157 Rouse Street, Tenterfield NSW 2372",NRMA Electric,2,DC,50 kW,-31.5645996,147.1969355,Tenterfield Shire Council,2372,TfNSW Regional,0,0,0,0,0,0,0,0,0,0,0,0,0,0,0,0,0,0,0,0,0,0,0,0,0,0,0,0,0,0,0,2,0,0,0,0,0,0,0,0,Far West and Orana,105,2825,accepted,coordinate_500m_historical_web_rule,3.491842523935569,0.3511904761904762,190680,"18 Cobar Street, Nyngan, New South Wales, 2825",Nyngan [NRMA],NRMA,"{""charger_capacities"": ""50 kW"", ""charging_point_count"": 1.0, ""connector_types_normalized"": ""CCS;CHAdeMO"", ""data_provider"": ""Open Charge Map"", ""is_operational"": true, ""last_verified"": ""2022-12-23T23:20:00Z"", ""number_of_plugs"": null, ""operator"": ""NRMA"", ""plug_types"": ""CCS (Type 2); CHAdeMO"", ""power_kw_max"": 50.0, ""power_kw_min"": 50.0, ""power_kw_values"": [50.0], ""power_scope"": ""dc_indicated_connection_ratings"", ""status"": ""Operational"", ""usage_cost"": ""Currently free but will be fee at some point for non NRMA Members""}",True,1,1,,source address and original postcode conflict; external postcode conflicts with source; house numbers conflict; address evidence is inconsistent; candidate does not pass the automatic identity gate,source address and original postcode conflict; external postcode conflicts with source; house numbers conflict; address evidence is inconsistent; candidate does not pass the automatic identity gate; Accepted by 500 m and historical high/medium web-evidence policy; not independently identity-verified; strict rejection retained,True,unmatched,unmatched,,,,,,,{},,0,0,,,,True,unmatched,unmatched,,,,,,,{},,0,0,,,,True,accepted,"[{""binding"": ""same source address and OCM ID; search evidence only"", ""conclusion"": ""web_evidence_found_not_identity_proof"", ""file"": ""data/reference/web_review/task3_ocm_125_web_confidence.csv"", ""identity_decision"": ""web evidence only; same-station identity not automatically proven"", ""page_opened"": false, ""reported_confidence"": ""medium"", ""url"": ""https://www.tenterfield.nsw.gov.au/content/uploads/2020/02/Agenda-_-Feb-26-2020.pdf""}]",review,coordinate_only,unmatched,unmatched,unmatched,unmatched,review,coordinate_500m_historical_web_rule,ocm,accepted,OCM,OCM:190680,,,OCM: source address and original postcode conflict; external postcode conflicts with source; house numbers conflict; address evidence is inconsistent; candidate does not pass the automatic identity gate; Accepted by 500 m and historical high/medium web-evidence policy; not independently identity-verified; strict rejection retained,yes,,"{""OCM::charger_capacities"": ""50 kW"", ""OCM::charging_point_count"": 1.0, ""OCM::connector_types_normalized"": ""CCS;CHAdeMO"", ""OCM::data_provider"": ""Open Charge Map"", ""OCM::is_operational"": true, ""OCM::last_verified"": ""2022-12-23T23:20:00Z"", ""OCM::operator"": ""NRMA"", ""OCM::plug_types"": ""CCS (Type 2); CHAdeMO"", ""OCM::power_kw_max"": 50.0, ""OCM::power_kw_min"": 50.0, ""OCM::power_kw_values"": [50.0], ""OCM::power_scope"": ""dc_indicated_connection_ratings"", ""OCM::status"": ""Operational"", ""OCM::usage_cost"": ""Currently free but will be fee at some point for non NRMA Members""}","{""OCM::connector_types_normalized"": ""CCS;CHAdeMO"", ""OCM::is_operational"": true, ""OCM::operator"": ""NRMA"", ""OCM::plug_types"": ""CCS (Type 2); CHAdeMO"", ""OCM::power_kw_max"": 50.0, ""OCM::power_kw_min"": 50.0, ""OCM::power_scope"": ""dc_indicated_connection_ratings"", ""OCM::status"": ""Operational"", ""OCM::usage_cost"": ""Currently free but will be fee at some point for non NRMA Members""}",5
195,,,"15C Mitchell Street, Bourke NSW 2840",NRMA Electric,4,DC,75 kW,-30.3383734,152.7125414,Bourke Shire Council,2840,TfNSW Regional,0,0,0,0,0,0,0,0,0,0,0,0,0,0,0,0,0,0,0,0,0,0,0,0,0,0,0,0,0,0,0,0,0,0,0,4,0,0,0,0,Coffs Harbour - Grafton,104,2453,unmatched,unmatched,,,,,,,{},,0,0,,,,True,accepted,coordinate_500m_historical_web_rule,29.97340819101068,0.0,https://www.openstreetmap.org/node/13928568814,,,NRMA,"{""access_condition"": ""Free Access"", ""allows_card_payment"": false, ""allows_reservation"": false, ""charging_point_count"": 2, ""charging_point_count_raw"": 2, ""connector_types_normalized"": ""CCS;CHAdeMO"", ""data_provider"": ""OpenStreetMap"", ""is_free"": false, ""network"": """", ""number_of_plugs"": null, ""opening_hours"": """", ""power_kw_max"": null, ""power_kw_min"": null, ""power_scope"": ""station_reported_maximum"", ""pricing_info"": """"}",True,1,1,,source address and original postcode conflict; candidate does not pass the automatic identity gate,source address and original postcode conflict; candidate does not pass the automatic identity gate; Accepted by 500 m and historical high/medium web-evidence policy; not independently identity-verified; strict rejection retained,True,unmatched,unmatched,,,,,,,{},,0,0,,,,True,accepted,"[{""binding"": ""source_address_only; external identity not verified"", ""conclusion"": """", ""file"": ""data/reference/web_review/task3_104_non_ocm_web_verified.csv"", ""identity_decision"": ""web evidence only; same-station identity not automatically proven"", ""page_opened"": false, ""reported_confidence"": ""medium"", ""url"": ""https://au.bold.pro/my/kayla-hines85""}]",unmatched,unmatched,review,coordinate_only,unmatched,unmatched,review,coordinate_500m_historical_web_rule,osm_fast_dc,accepted,OSM,OSM:https://www.openstreetmap.org/node/13928568814,,,OSM: source address and original postcode conflict; candidate does not pass the automatic identity gate; Accepted by 500 m and historical high/medium web-evidence policy; not independently identity-verified; strict rejection retained,yes,,"{""OSM::access_condition"": ""Free Access"", ""OSM::allows_card_payment"": false, ""OSM::allows_reservation"": false, ""OSM::charging_point_count"": 2, ""OSM::charging_point_count_raw"": 2, ""OSM::connector_types_normalized"": ""CCS;CHAdeMO"", ""OSM::data_provider"": ""OpenStreetMap"", ""OSM::is_free"": false, ""OSM::power_scope"": ""station_reported_maximum""}","{""OSM::access_condition"": ""Free Access"", ""OSM::allows_card_payment"": false, ""OSM::allows_reservation"": false, ""OSM::connector_types_normalized"": ""CCS;CHAdeMO"", ""OSM::is_free"": false, ""OSM::power_scope"": ""station_reported_maximum""}",5
210,,,"169 Willoughby Road, Sydney NSW 2065",BP,2,DC,75 kW,-33.8201522,151.2011902,Willoughby City Council,2065,Existing Fast Chargers,0,0,0,0,0,0,0,0,0,0,0,0,0,0,0,0,0,0,0,0,0,0,0,0,0,0,0,0,0,0,0,0,0,0,0,2,0,0,0,0,Sydney - North Sydney and Hornsby,121,2065,unmatched,unmatched,,,,,,,{},,0,0,,,,False,unmatched,unmatched,,,,,,,{},,0,0,,,,False,accepted,coordinate_500m_historical_web_rule,468.2657578672348,0.3528061224489796,15d06bf5-6b4a-425d-9312-bae4b17cc22b-1993,"1 Plunkett St, New South Wales, St Leonards, NSW 2065",Willoughby City Council - Plunkett St,,"{""connector_types_normalized"": ""CCS"", ""data_provider"": ""Charge@Large"", ""dc_port_count"": 2, ""number_of_plugs"": null, ""power_kw_max"": 50.0, ""power_kw_min"": 50.0, ""power_kw_values"": [50.0], ""power_scope"": ""dc_indicated_ports"", ""site_power_range_raw"": ""50"", ""status_counts"": {""Available"": 2}, ""status_observed_at"": null, ""total_port_count"": 2}",True,1,1,,house numbers conflict; address evidence is inconsistent; candidate does not pass the automatic identity gate,house numbers conflict; address evidence is inconsistent; candidate does not pass the automatic identity gate; Accepted by 500 m and historical high/medium web-evidence policy; not independently identity-verified; strict rejection retained,False,accepted,"[{""binding"": ""source_address_only; external identity not verified"", ""conclusion"": """", ""file"": ""data/reference/web_review/task3_104_non_ocm_web_verified.csv"", ""identity_decision"": ""web evidence only; same-station identity not automatically proven"", ""page_opened"": true, ""reported_confidence"": ""medium"", ""url"": ""https://www.chargeroute.au/ev-chargers/nsw/sydney""}]",unmatched,unmatched,unmatched,unmatched,review,coordinate_only,review,coordinate_500m_historical_web_rule,chargelarge_fast_dc,accepted,Charge@Large,Charge@Large:15d06bf5-6b4a-425d-9312-bae4b17cc22b-1993,,,Charge@Large: house numbers conflict; address evidence is inconsistent; candidate does not pass the automatic identity gate; Accepted by 500 m and historical high/medium web-evidence policy; not independently identity-verified; strict rejection retained; Charge@Large:15d06bf5-6b4a-425d-9312-bae4b17cc22b-1993 is linked to multiple TfNSW rows,yes,,"{""Charge@Large::connector_types_normalized"": ""CCS"", ""Charge@Large::data_provider"": ""Charge@Large"", ""Charge@Large::dc_port_count"": 2, ""Charge@Large::power_kw_max"": 50.0, ""Charge@Large::power_kw_min"": 50.0, ""Charge@Large::power_kw_values"": [50.0], ""Charge@Large::power_scope"": ""dc_indicated_ports"", ""Charge@Large::site_power_range_raw"": ""50"", ""Charge@Large::status_counts"": {""Available"": 2}, ""Charge@Large::total_port_count"": 2}","{""Charge@Large::connector_types_normalized"": ""CCS"", ""Charge@Large::dc_port_count"": 2, ""Charge@Large::power_kw_max"": 50.0, ""Charge@Large::power_kw_min"": 50.0, ""Charge@Large::power_scope"": ""dc_indicated_ports"", ""Charge@Large::status_counts"": {""Available"": 2}, ""Charge@Large::total_port_count"": 2}",2
214,,,"17 Stanley Street, Sydney NSW 2210",JOLT,2,DC,25 kW,-33.96212217,151.0635736,Georges River Council,2210,Existing Fast Chargers,0,0,0,0,0,0,0,0,0,0,0,0,0,0,0,0,0,0,0,0,0,0,2,0,0,0,0,0,0,0,0,0,0,0,0,0,0,0,0,0,Sydney - Inner South West,119,2210,accepted,coordinate_500m_historical_web_rule,236.6455732386289,0.8304347826086957,192687,"17-25 Stanley St, Peakhurst, Nsw, 2210",Stanley St Peakhurst NSW,Jolt,"{""charger_capacities"": ""25 kW"", ""charging_point_count"": 2.0, ""connector_types_normalized"": ""CCS;CHAdeMO"", ""data_provider"": ""Open Charge Map"", ""is_operational"": true, ""last_verified"": ""2023-06-06T12:14:00Z"", ""number_of_plugs"": null, ""operator"": ""Jolt"", ""plug_types"": ""CCS (Type 2); CHAdeMO"", ""power_kw_max"": 25.0, ""power_kw_min"": 25.0, ""power_kw_values"": [25.0], ""power_scope"": ""dc_indicated_connection_ratings"", ""status"": ""Operational"", ""usage_cost"": ""0.40""}",True,1,1,,house numbers conflict; address evidence is inconsistent; candidate does not pass the automatic identity gate,house numbers conflict; address evidence is inconsistent; candidate does not pass the automatic identity gate; Accepted by 500 m and historical high/medium web-evidence policy; not independently identity-verified; strict rejection retained,False,unmatched,unmatched,,,,,,,{},,0,0,,,,False,unmatched,unmatched,,,,,,,{},,0,0,,,,False,accepted,"[{""binding"": ""same source address and OCM ID; search evidence only"", ""conclusion"": ""web_evidence_found_not_identity_proof"", ""file"": ""data/reference/web_review/task3_ocm_125_web_confidence.csv"", ""identity_decision"": ""web evidence only; same-station identity not automatically proven"", ""page_opened"": true, ""reported_confidence"": ""high"", ""url"": ""https://ev-charging-stations.com.au/chargers/nsw/penshurst""}]",review,coordinate_only,unmatched,unmatched,unmatched,unmatched,review,coordinate_500m_historical_web_rule,ocm,accepted,OCM,OCM:192687,,,OCM: house numbers conflict; address evidence is inconsistent; candidate does not pass the automatic identity gate; Accepted by 500 m and historical high/medium web-evidence policy; not independently identity-verified; strict rejection retained,yes,,"{""OCM::charger_capacities"": ""25 kW"", ""OCM::charging_point_count"": 2.0, ""OCM::connector_types_normalized"": ""CCS;CHAdeMO"", ""OCM::data_provider"": ""Open Charge Map"", ""OCM::is_operational"": true, ""OCM::last_verified"": ""2023-06-06T12:14:00Z"", ""OCM::operator"": ""Jolt"", ""OCM::plug_types"": ""CCS (Type 2); CHAdeMO"", ""OCM::power_kw_max"": 25.0, ""OCM::power_kw_min"": 25.0, ""OCM::power_kw_values"": [25.0], ""OCM::power_scope"": ""dc_indicated_connection_ratings"", ""OCM::status"": ""Operational"", ""OCM::usage_cost"": ""0.40""}","{""OCM::connector_types_normalized"": ""CCS;CHAdeMO"", ""OCM::is_operational"": true, ""OCM::operator"": ""Jolt"", ""OCM::plug_types"": ""CCS (Type 2); CHAdeMO"", ""OCM::power_kw_max"": 25.0, ""OCM::power_kw_min"": 25.0, ""OCM::power_scope"": ""dc_indicated_connection_ratings"", ""OCM::status"": ""Operational"", ""OCM::usage_cost"": ""0.40""}",5
215,,,"17 Stewart Street, Wollongong NSW 2500",NRMA Electric,4,DC,75 kW,-29.7756503,151.1151033,Wollongong City Council,2500,TfNSW Regional,0,0,0,0,0,0,0,0,0,0,0,0,0,0,0,0,0,0,0,0,0,0,0,0,0,0,0,0,0,0,0,0,0,0,0,4,0,0,0,0,New England and North West,110,2453,accepted,coordinate_500m_historical_web_rule,119.78221368935911,0.3171717171717172,266480,"59 Evans Street, Inverell, NSW, 2360",NRMA Inverell,NRMA,"{""charger_capacities"": ""50 kW; 70 kW"", ""charging_point_count"": 1.0, ""connector_types_normalized"": ""CCS;CHAdeMO"", ""data_provider"": ""Open Charge Map"", ""is_operational"": true, ""last_verified"": ""2023-06-06T12:14:00Z"", ""number_of_plugs"": null, ""operator"": ""NRMA"", ""plug_types"": ""CCS (Type 2); CHAdeMO"", ""power_kw_max"": 70.0, ""power_kw_min"": 50.0, ""power_kw_values"": [50.0, 70.0], ""power_scope"": ""dc_indicated_connection_ratings"", ""status"": ""Operational"", ""usage_cost"": ""FREE""}",True,2,1,,source address and original postcode conflict; external postcode conflicts with source; house numbers conflict; address evidence is inconsistent; candidate does not pass the automatic identity gate,source address and original postcode conflict; external postcode conflicts with source; house numbers conflict; address evidence is inconsistent; candidate does not pass the automatic identity gate; Accepted by 500 m and historical high/medium web-evidence policy; not independently identity-verified; strict rejection retained,True,unmatched,unmatched,,,,,,,{},,0,0,,,,True,unmatched,unmatched,,,,,,,{},,0,0,,,,True,accepted,"[{""binding"": ""same source address and OCM ID; search evidence only"", ""conclusion"": ""web_evidence_found_not_identity_proof"", ""file"": ""data/reference/web_review/task3_ocm_125_web_confidence.csv"", ""identity_decision"": ""web evidence only; same-station identity not automatically proven"", ""page_opened"": true, ""reported_confidence"": ""high"", ""url"": ""https://ev-charging-stations.com.au/chargers/nrma-17-stewart-street-wollongong-nsw-2500""}]",review,coordinate_only,unmatched,unmatched,unmatched,unmatched,review,coordinate_500m_historical_web_rule,ocm,accepted,OCM,OCM:266480,,,OCM: source address and original postcode conflict; external postcode conflicts with source; house numbers conflict; address evidence is inconsistent; candidate does not pass the automatic identity gate; Accepted by 500 m and historical high/medium web-evidence policy; not independently identity-verified; strict rejection retained,yes,,"{""OCM::charger_capacities"": ""50 kW; 70 kW"", ""OCM::charging_point_count"": 1.0, ""OCM::connector_types_normalized"": ""CCS;CHAdeMO"", ""OCM::data_provider"": ""Open Charge Map"", ""OCM::is_operational"": true, ""OCM::last_verified"": ""2023-06-06T12:14:00Z"", ""OCM::operator"": ""NRMA"", ""OCM::plug_types"": ""CCS (Type 2); CHAdeMO"", ""OCM::power_kw_max"": 70.0, ""OCM::power_kw_min"": 50.0, ""OCM::power_kw_values"": [50.0, 70.0], ""OCM::power_scope"": ""dc_indicated_connection_ratings"", ""OCM::status"": ""Operational"", ""OCM::usage_cost"": ""FREE""}","{""OCM::connector_types_normalized"": ""CCS;CHAdeMO"", ""OCM::is_operational"": true, ""OCM::operator"": ""NRMA"", ""OCM::plug_types"": ""CCS (Type 2); CHAdeMO"", ""OCM::power_kw_max"": 70.0, ""OCM::power_kw_min"": 50.0, ""OCM::power_scope"": ""dc_indicated_connection_ratings"", ""OCM::status"": ""Operational"", ""OCM::usage_cost"": ""FREE""}",5
224,,,"18 Dandaloo Street, Nyngan NSW 2825",NRMA Electric,4,DC,75 kW,-32.0506213,150.8667598,Bogan Shire Council,2825,TfNSW Regional,0,0,0,0,0,0,0,0,0,0,0,0,0,0,0,0,0,0,0,0,0,0,0,0,0,0,0,0,0,0,0,0,0,0,0,4,0,0,0,0,Hunter Valley exc Newcastle,106,2360,accepted,coordinate_500m_historical_web_rule,26.575072069064042,0.37997977755308393,266500,"116 Liverpool Street, Scone, NSW, 2337",NRMA Scone,NRMA,"{""charger_capacities"": ""50 kW"", ""charging_point_count"": 1.0, ""connector_types_normalized"": ""CCS;CHAdeMO"", ""data_provider"": ""Open Charge Map"", ""is_operational"": true, ""last_verified"": ""2023-06-08T03:24:00Z"", ""number_of_plugs"": null, ""operator"": ""NRMA"", ""plug_types"": ""CCS (Type 2); CHAdeMO"", ""power_kw_max"": 50.0, ""power_kw_min"": 50.0, ""power_kw_values"": [50.0], ""power_scope"": ""dc_indicated_connection_ratings"", ""status"": ""Operational"", ""usage_cost"": ""FREE""}",True,1,1,,source address and original postcode conflict; external postcode conflicts with source; house numbers conflict; address evidence is inconsistent; candidate does not pass the automatic identity gate,source address and original postcode conflict; external postcode conflicts with source; house numbers conflict; address evidence is inconsistent; candidate does not pass the automatic identity gate; Accepted by 500 m and historical high/medium web-evidence policy; not independently identity-verified; strict rejection retained,True,unmatched,unmatched,,,,,,,{},,0,0,,,,True,unmatched,unmatched,,,,,,,{},,0,0,,,,True,accepted,"[{""binding"": ""same source address and OCM ID; search evidence only"", ""conclusion"": ""web_evidence_found_not_identity_proof"", ""file"": ""data/reference/web_review/task3_ocm_125_web_confidence.csv"", ""identity_decision"": ""web evidence only; same-station identity not automatically proven"", ""page_opened"": false, ""reported_confidence"": ""medium"", ""url"": ""https://www.plugroo.com.au/nsw/wilcannia""}]",review,coordinate_only,unmatched,unmatched,unmatched,unmatched,review,coordinate_500m_historical_web_rule,ocm,accepted,OCM,OCM:266500,,,OCM: source address and original postcode conflict; external postcode conflicts with source; house numbers conflict; address evidence is inconsistent; candidate does not pass the automatic identity gate; Accepted by 500 m and historical high/medium web-evidence policy; not independently identity-verified; strict rejection retained,yes,,"{""OCM::charger_capacities"": ""50 kW"", ""OCM::charging_point_count"": 1.0, ""OCM::connector_types_normalized"": ""CCS;CHAdeMO"", ""OCM::data_provider"": ""Open Charge Map"", ""OCM::is_operational"": true, ""OCM::last_verified"": ""2023-06-08T03:24:00Z"", ""OCM::operator"": ""NRMA"", ""OCM::plug_types"": ""CCS (Type 2); CHAdeMO"", ""OCM::power_kw_max"": 50.0, ""OCM::power_kw_min"": 50.0, ""OCM::power_kw_values"": [50.0], ""OCM::power_scope"": ""dc_indicated_connection_ratings"", ""OCM::status"": ""Operational"", ""OCM::usage_cost"": ""FREE""}","{""OCM::connector_types_normalized"": ""CCS;CHAdeMO"", ""OCM::is_operational"": true, ""OCM::operator"": ""NRMA"", ""OCM::plug_types"": ""CCS (Type 2); CHAdeMO"", ""OCM::power_kw_max"": 50.0, ""OCM::power_kw_min"": 50.0, ""OCM::power_scope"": ""dc_indicated_connection_ratings"", ""OCM::status"": ""Operational"", ""OCM::usage_cost"": ""FREE""}",5
226,,,"18 Silver Street, Sydney NSW 2031",Chargefox,2,DC,42 kW,-33.91374579,151.2390611,Randwick City Council,2031,Existing Fast Chargers,0,0,0,0,0,0,0,0,0,0,0,0,0,0,0,0,0,0,0,0,0,0,0,0,0,0,0,0,0,2,0,0,0,0,0,0,0,0,0,0,Sydney - Eastern Suburbs,118,2031,review,coordinate_only,238.27524174784776,0.34319640564826703,272630,"73 Belmore Road, Randwick, NSW, 2031",Royal Randwick,Evie,"{""charger_capacities"": ""50 kW"", ""charging_point_count"": 2.0, ""connector_types_normalized"": ""CCS;CHAdeMO"", ""data_provider"": ""Open Charge Map"", ""is_operational"": true, ""last_verified"": ""2023-07-15T12:06:00Z"", ""number_of_plugs"": null, ""operator"": ""Evie"", ""plug_types"": ""CCS (Type 2); CHAdeMO"", ""power_kw_max"": 50.0, ""power_kw_min"": 50.0, ""power_kw_values"": [50.0], ""power_scope"": ""dc_indicated_connection_ratings"", ""status"": ""Operational"", ""usage_cost"": """"}",True,1,1,,house numbers conflict; address evidence is inconsistent; candidate does not pass the automatic identity gate,,False,accepted,coordinate_500m_historical_web_rule,8.46977700145334,0.0,https://www.openstreetmap.org/node/6965143040,,,Chargefox,"{""access_condition"": ""Free Access"", ""allows_card_payment"": false, ""allows_reservation"": false, ""charging_point_count"": 2, ""charging_point_count_raw"": 2, ""connector_types_normalized"": ""CCS"", ""data_provider"": ""OpenStreetMap"", ""is_free"": true, ""network"": """", ""number_of_plugs"": null, ""opening_hours"": """", ""power_kw_max"": null, ""power_kw_min"": null, ""power_scope"": ""station_reported_maximum"", ""pricing_info"": """"}",True,1,1,,external ID https://www.openstreetmap.org/node/6965143040 is shared by distinct source sites,external ID https://www.openstreetmap.org/node/6965143040 is shared by distinct source sites; Accepted by 500 m and historical high/medium web-evidence policy; not independently identity-verified; strict rejection retained,False,unmatched,unmatched,,,,,,,{},,0,0,,,,False,accepted,"[{""binding"": ""same source address and OCM ID; search evidence only"", ""conclusion"": ""web_evidence_found_not_identity_proof"", ""file"": ""data/reference/web_review/task3_ocm_125_web_confidence.csv"", ""identity_decision"": ""web evidence only; same-station identity not automatically proven"", ""page_opened"": true, ""reported_confidence"": ""high"", ""url"": ""https://ev-charging-stations.com.au/chargers/nsw/randwick""}]",review,coordinate_only,review,coordinate_only,unmatched,unmatched,review,coordinate_500m_historical_web_rule,osm_fast_dc,accepted,OSM,OSM:https://www.openstreetmap.org/node/6965143040,OCM,OCM: house numbers conflict; address evidence is inconsistent; candidate does not pass the automatic identity gate,OSM: external ID https://www.openstreetmap.org/node/6965143040 is shared by distinct source sites; Accepted by 500 m and historical high/medium web-evidence policy; not independently identity-verified; strict rejection retained; OSM:https://www.openstreetmap.org/node/6965143040 is linked to multiple TfNSW rows,yes,,"{""OSM::access_condition"": ""Free Access"", ""OSM::allows_card_payment"": false, ""OSM::allows_reservation"": false, ""OSM::charging_point_count"": 2, ""OSM::charging_point_count_raw"": 2, ""OSM::connector_types_normalized"": ""CCS"", ""OSM::data_provider"": ""OpenStreetMap"", ""OSM::is_free"": true, ""OSM::power_scope"": ""station_reported_maximum""}","{""OSM::access_condition"": ""Free Access"", ""OSM::allows_card_payment"": false, ""OSM::allows_reservation"": false, ""OSM::connector_types_normalized"": ""CCS"", ""OSM::is_free"": true, ""OSM::power_scope"": ""station_reported_maximum""}",5
297,,,"20 Smidmore Street, Marrickville NSW 2204",Evie Networks,4,DC,50 kW,-33.907982,151.170899,Inner West Council,2204,ARENA - Driving the Nation,0,0,0,0,0,0,0,0,0,0,0,0,0,0,0,0,0,0,0,0,0,0,0,0,0,0,0,0,0,0,0,4,0,0,0,0,0,0,0,0,Sydney - City and Inner South,117,2204,accepted,coordinate_500m_historical_web_rule,28.55296262072268,0.6655555555555556,193048,"Smidmore Street, Sydney, New South Wales, 2044",Marrickville Metro,Evie,"{""charger_capacities"": ""50 kW"", ""charging_point_count"": 2.0, ""connector_types_normalized"": ""CCS;CHAdeMO"", ""data_provider"": ""Open Charge Map"", ""is_operational"": true, ""last_verified"": ""2023-07-16T13:40:00Z"", ""number_of_plugs"": null, ""operator"": ""Evie"", ""plug_types"": ""CCS (Type 2); CHAdeMO"", ""power_kw_max"": 50.0, ""power_kw_min"": 50.0, ""power_kw_values"": [50.0], ""power_scope"": ""dc_indicated_connection_ratings"", ""status"": ""Operational"", ""usage_cost"": """"}",True,1,1,,external postcode conflicts with source; address evidence is inconsistent; candidate does not pass the automatic identity gate,external postcode conflicts with source; address evidence is inconsistent; candidate does not pass the automatic identity gate; Accepted by 500 m and historical high/medium web-evidence policy; not independently identity-verified; strict rejection retained,False,unmatched,unmatched,,,,,,,{},,0,0,,,,False,unmatched,unmatched,,,,,,,{},,0,0,,,,False,accepted,"[{""binding"": ""same source address and OCM ID; search evidence only"", ""conclusion"": ""web_evidence_found_not_identity_proof"", ""file"": ""data/reference/web_review/task3_ocm_125_web_confidence.csv"", ""identity_decision"": ""web evidence only; same-station identity not automatically proven"", ""page_opened"": true, ""reported_confidence"": ""high"", ""url"": ""https://www.marrickvillemetro.com.au/centre-info/centre-services""}]",review,coordinate_only,unmatched,unmatched,unmatched,unmatched,review,coordinate_500m_historical_web_rule,ocm,accepted,OCM,OCM:193048,,,OCM: external postcode conflicts with source; address evidence is inconsistent; candidate does not pass the automatic identity gate; Accepted by 500 m and historical high/medium web-evidence policy; not independently identity-verified; strict rejection retained,yes,,"{""OCM::charger_capacities"": ""50 kW"", ""OCM::charging_point_count"": 2.0, ""OCM::connector_types_normalized"": ""CCS;CHAdeMO"", ""OCM::data_provider"": ""Open Charge Map"", ""OCM::is_operational"": true, ""OCM::last_verified"": ""2023-07-16T13:40:00Z"", ""OCM::operator"": ""Evie"", ""OCM::plug_types"": ""CCS (Type 2); CHAdeMO"", ""OCM::power_kw_max"": 50.0, ""OCM::power_kw_min"": 50.0, ""OCM::power_kw_values"": [50.0], ""OCM::power_scope"": ""dc_indicated_connection_ratings"", ""OCM::status"": ""Operational""}","{""OCM::connector_types_normalized"": ""CCS;CHAdeMO"", ""OCM::is_operational"": true, ""OCM::operator"": ""Evie"", ""OCM::plug_types"": ""CCS (Type 2); CHAdeMO"", ""OCM::power_kw_max"": 50.0, ""OCM::power_kw_min"": 50.0, ""OCM::power_scope"": ""dc_indicated_connection_ratings"", ""OCM::status"": ""Operational""}",4
330,,,"220 Taren Point Road, Caringbah NSW 2229",Evie Networks,4,DC,75 kW,-34.02927306,151.1220736,Sutherland Shire Council,2229,ARENA - Driving the Nation,0,0,0,0,0,0,0,0,0,0,0,0,0,0,0,0,0,0,0,0,0,0,0,0,0,0,0,0,0,0,0,0,0,0,0,4,0,0,0,0,Sydney - Sutherland,128,2229,unmatched,unmatched,,,,,,,{},,0,0,,,,False,review,coordinate_only,476.84071997862276,0.0,https://www.openstreetmap.org/node/13103102258,,,bp pulse,"{""access_condition"": ""Free Access"", ""allows_card_payment"": false, ""allows_reservation"": false, ""charging_point_count"": 4, ""charging_point_count_raw"": 4, ""connector_types_normalized"": ""CCS"", ""data_provider"": ""OpenStreetMap"", ""is_free"": false, ""network"": ""bp pulse"", ""number_of_plugs"": null, ""opening_hours"": """", ""power_kw_max"": null, ""power_kw_min"": null, ""power_scope"": ""station_reported_maximum"", ""pricing_info"": """"}",True,1,1,,candidate does not pass the automatic identity gate,,False,accepted,coordinate_500m_historical_web_rule,178.21078572321835,0.29583333333333334,15d06bf5-6b4a-425d-9312-bae4b17cc22b-174,"Koonya Cct, Caringbah, NSW 2229",Bunnings Caringbah,,"{""connector_types_normalized"": ""CCS;CHAdeMO"", ""data_provider"": ""Charge@Large"", ""dc_port_count"": 2, ""number_of_plugs"": null, ""power_kw_max"": 50.0, ""power_kw_min"": 50.0, ""power_kw_values"": [50.0], ""power_scope"": ""dc_indicated_ports"", ""site_power_range_raw"": ""50"", ""status_counts"": {""OutOfService"": 2}, ""status_observed_at"": null, ""total_port_count"": 2}",True,1,1,,address evidence is inconsistent; candidate does not pass the automatic identity gate,address evidence is inconsistent; candidate does not pass the automatic identity gate; Accepted by 500 m and historical high/medium web-evidence policy; not independently identity-verified; strict rejection retained,False,accepted,"[{""binding"": ""source_address_only; external identity not verified"", ""conclusion"": """", ""file"": ""data/reference/web_review/task3_104_non_ocm_web_verified.csv"", ""identity_decision"": ""web evidence only; same-station identity not automatically proven"", ""page_opened"": true, ""reported_confidence"": ""high"", ""url"": ""https://ev-charging-stations.com.au/chargers/nsw/caringbah""}]",unmatched,unmatched,review,coordinate_only,review,coordinate_only,review,coordinate_500m_historical_web_rule,chargelarge_fast_dc,accepted,Charge@Large,Charge@Large:15d06bf5-6b4a-425d-9312-bae4b17cc22b-174,OSM,OSM: candidate does not pass the automatic identity gate,Charge@Large: address evidence is inconsistent; candidate does not pass the automatic identity gate; Accepted by 500 m and historical high/medium web-evidence policy; not independently identity-verified; strict rejection retained; Charge@Large:15d06bf5-6b4a-425d-9312-bae4b17cc22b-174 is linked to multiple TfNSW rows,yes,,"{""Charge@Large::connector_types_normalized"": ""CCS;CHAdeMO"", ""Charge@Large::data_provider"": ""Charge@Large"", ""Charge@Large::dc_port_count"": 2, ""Charge@Large::power_kw_max"": 50.0, ""Charge@Large::power_kw_min"": 50.0, ""Charge@Large::power_kw_values"": [50.0], ""Charge@Large::power_scope"": ""dc_indicated_ports"", ""Charge@Large::site_power_range_raw"": ""50"", ""Charge@Large::status_counts"": {""OutOfService"": 2}, ""Charge@Large::total_port_count"": 2}","{""Charge@Large::connector_types_normalized"": ""CCS;CHAdeMO"", ""Charge@Large::dc_port_count"": 2, ""Charge@Large::power_kw_max"": 50.0, ""Charge@Large::power_kw_min"": 50.0, ""Charge@Large::power_scope"": ""dc_indicated_ports"", ""Charge@Large::status_counts"": {""OutOfService"": 2}, ""Charge@Large::total_port_count"": 2}",2
393,,,"28 Auburn Street, Moree NSW 2400",NRMA Electric,2,DC,50 kW,-35.3548636,145.725081,Moree Plains Shire Council,2400,TfNSW Regional,0,0,0,0,0,0,0,0,0,0,0,0,0,0,0,0,0,0,0,0,0,0,0,0,0,0,0,0,0,0,0,2,0,0,0,0,0,0,0,0,Murray,109,2716,accepted,coordinate_500m_historical_web_rule,41.576127894040205,0.25701754385964914,190915,"Powell Street, Jerilderie, New South Wales, 2716",NRMA Jerilderie,NRMA,"{""charger_capacities"": ""50 kW"", ""charging_point_count"": 1.0, ""connector_types_normalized"": ""CCS;CHAdeMO"", ""data_provider"": ""Open Charge Map"", ""is_operational"": true, ""last_verified"": ""2022-01-04T11:52:00Z"", ""number_of_plugs"": null, ""operator"": ""NRMA"", ""plug_types"": ""CCS (Type 2); CHAdeMO"", ""power_kw_max"": 50.0, ""power_kw_min"": 50.0, ""power_kw_values"": [50.0], ""power_scope"": ""dc_indicated_connection_ratings"", ""status"": ""Operational"", ""usage_cost"": ""FREE""}",True,1,1,,source address and original postcode conflict; external postcode conflicts with source; address evidence is inconsistent; candidate does not pass the automatic identity gate,source address and original postcode conflict; external postcode conflicts with source; address evidence is inconsistent; candidate does not pass the automatic identity gate; Accepted by 500 m and historical high/medium web-evidence policy; not independently identity-verified; strict rejection retained,True,review,coordinate_only,124.85995228127848,0.0,https://www.openstreetmap.org/node/8317195266,,,NRMA,"{""access_condition"": ""Free Access"", ""allows_card_payment"": false, ""allows_reservation"": false, ""charging_point_count"": 6, ""charging_point_count_raw"": 6, ""connector_types_normalized"": ""CCS"", ""data_provider"": ""OpenStreetMap"", ""is_free"": false, ""network"": """", ""number_of_plugs"": null, ""opening_hours"": """", ""power_kw_max"": null, ""power_kw_min"": null, ""power_scope"": ""station_reported_maximum"", ""pricing_info"": """"}",True,1,1,,source address and original postcode conflict; candidate does not pass the automatic identity gate,,True,unmatched,unmatched,,,,,,,{},,0,0,,,,True,accepted,"[{""binding"": ""same source address and OCM ID; search evidence only"", ""conclusion"": ""web_evidence_found_not_identity_proof"", ""file"": ""data/reference/web_review/task3_ocm_125_web_confidence.csv"", ""identity_decision"": ""web evidence only; same-station identity not automatically proven"", ""page_opened"": false, ""reported_confidence"": ""medium"", ""url"": ""https://www.plugroo.com.au/nsw/walgett""}]",review,coordinate_only,review,coordinate_only,unmatched,unmatched,review,coordinate_500m_historical_web_rule,ocm,accepted,OCM,OCM:190915,OSM,OSM: source address and original postcode conflict; candidate does not pass the automatic identity gate,OCM: source address and original postcode conflict; external postcode conflicts with source; address evidence is inconsistent; candidate does not pass the automatic identity gate; Accepted by 500 m and historical high/medium web-evidence policy; not independently identity-verified; strict rejection retained,yes,,"{""OCM::charger_capacities"": ""50 kW"", ""OCM::charging_point_count"": 1.0, ""OCM::connector_types_normalized"": ""CCS;CHAdeMO"", ""OCM::data_provider"": ""Open Charge Map"", ""OCM::is_operational"": true, ""OCM::last_verified"": ""2022-01-04T11:52:00Z"", ""OCM::operator"": ""NRMA"", ""OCM::plug_types"": ""CCS (Type 2); CHAdeMO"", ""OCM::power_kw_max"": 50.0, ""OCM::power_kw_min"": 50.0, ""OCM::power_kw_values"": [50.0], ""OCM::power_scope"": ""dc_indicated_connection_ratings"", ""OCM::status"": ""Operational"", ""OCM::usage_cost"": ""FREE""}","{""OCM::connector_types_normalized"": ""CCS;CHAdeMO"", ""OCM::is_operational"": true, ""OCM::operator"": ""NRMA"", ""OCM::plug_types"": ""CCS (Type 2); CHAdeMO"", ""OCM::power_kw_max"": 50.0, ""OCM::power_kw_min"": 50.0, ""OCM::power_scope"": ""dc_indicated_connection_ratings"", ""OCM::status"": ""Operational"", ""OCM::usage_cost"": ""FREE""}",5
434,,,"303 Henry Parry Drive, Central Coast NSW 2250",Chargefox,2,DC,60 kW,-33.40941346,151.3507447,Central Coast Council,2250,Existing Fast Chargers,0,0,0,0,0,0,0,0,0,0,0,0,0,0,0,0,0,0,0,0,0,0,0,0,0,0,0,0,0,0,0,0,0,2,0,0,0,0,0,0,Central Coast,102,2250,accepted,coordinate_500m_historical_web_rule,160.19369525117267,0.32905882352941174,508148,"Pacific Highway, Wyoming, New South Wales, 2250",Pacific Highway,BP Pulse (AU),"{""charger_capacities"": ""60 kW; 150 kW; 300 kW"", ""charging_point_count"": 6.0, ""connector_types_normalized"": ""CCS;CHAdeMO"", ""data_provider"": ""Open Charge Map"", ""is_operational"": true, ""last_verified"": ""2026-09-09T01:02:00Z"", ""number_of_plugs"": null, ""operator"": ""BP Pulse (AU)"", ""plug_types"": ""CCS (Type 2); CHAdeMO"", ""power_kw_max"": 300.0, ""power_kw_min"": 60.0, ""power_kw_values"": [60.0, 150.0, 300.0], ""power_scope"": ""dc_indicated_connection_ratings"", ""status"": ""Operational"", ""usage_cost"": ""55c/kWh""}",True,1,1,,address evidence is inconsistent; candidate does not pass the automatic identity gate,address evidence is inconsistent; candidate does not pass the automatic identity gate; Accepted by 500 m and historical high/medium web-evidence policy; not independently identity-verified; strict rejection retained,False,unmatched,unmatched,,,,,,,{},,0,0,,,,False,unmatched,unmatched,,,,,,,{},,0,0,,,,False,accepted,"[{""binding"": ""same source address and OCM ID; search evidence only"", ""conclusion"": ""web_evidence_found_not_identity_proof"", ""file"": ""data/reference/web_review/task3_ocm_125_web_confidence.csv"", ""identity_decision"": ""web evidence only; same-station identity not automatically proven"", ""page_opened"": true, ""reported_confidence"": ""high"", ""url"": ""https://ev-charging-stations.com.au/chargers/chargefox-303-henry-parry-drive-central-coast-nsw-2250""}]",review,coordinate_only,unmatched,unmatched,unmatched,unmatched,review,coordinate_500m_historical_web_rule,ocm,accepted,OCM,OCM:508148,,,OCM: address evidence is inconsistent; candidate does not pass the automatic identity gate; Accepted by 500 m and historical high/medium web-evidence policy; not independently identity-verified; strict rejection retained; OCM:508148 is linked to multiple TfNSW rows,yes,,"{""OCM::charger_capacities"": ""60 kW; 150 kW; 300 kW"", ""OCM::charging_point_count"": 6.0, ""OCM::connector_types_normalized"": ""CCS;CHAdeMO"", ""OCM::data_provider"": ""Open Charge Map"", ""OCM::is_operational"": true, ""OCM::last_verified"": ""2026-09-09T01:02:00Z"", ""OCM::operator"": ""BP Pulse (AU)"", ""OCM::plug_types"": ""CCS (Type 2); CHAdeMO"", ""OCM::power_kw_max"": 300.0, ""OCM::power_kw_min"": 60.0, ""OCM::power_kw_values"": [60.0, 150.0, 300.0], ""OCM::power_scope"": ""dc_indicated_connection_ratings"", ""OCM::status"": ""Operational"", ""OCM::usage_cost"": ""55c/kWh""}","{""OCM::connector_types_normalized"": ""CCS;CHAdeMO"", ""OCM::is_operational"": true, ""OCM::operator"": ""BP Pulse (AU)"", ""OCM::plug_types"": ""CCS (Type 2); CHAdeMO"", ""OCM::power_kw_max"": 300.0, ""OCM::power_kw_min"": 60.0, ""OCM::power_scope"": ""dc_indicated_connection_ratings"", ""OCM::status"": ""Operational"", ""OCM::usage_cost"": ""55c/kWh""}",5
518,,,"40 Gouldsbury Street, Sydney NSW 2088",Evie Networks,2,DC,75 kW,-33.82807512,151.2434454,Mosman Municipal Council,2088,Existing Fast Chargers,0,0,0,0,0,0,0,0,0,0,0,0,0,0,0,0,0,0,0,0,0,0,0,0,0,0,0,0,0,0,0,0,0,0,0,2,0,0,0,0,Sydney - North Sydney and Hornsby,121,2088,accepted,coordinate_500m_historical_web_rule,344.988466367611,0.1432712215320911,191164,"6 Myahgah Road, Mosman, NSW",Evie Mosman,Evie,"{""charger_capacities"": ""50 kW"", ""charging_point_count"": 1.0, ""connector_types_normalized"": ""CCS;CHAdeMO"", ""data_provider"": ""Open Charge Map"", ""is_operational"": true, ""last_verified"": ""2023-07-16T22:01:00Z"", ""number_of_plugs"": null, ""operator"": ""Evie"", ""plug_types"": ""CCS (Type 2); CHAdeMO"", ""power_kw_max"": 50.0, ""power_kw_min"": 50.0, ""power_kw_values"": [50.0], ""power_scope"": ""dc_indicated_connection_ratings"", ""status"": ""Operational"", ""usage_cost"": ""$0.40/kWh""}",True,2,2,5.0674719071013214,house numbers conflict; address evidence is inconsistent; another coordinate candidate is similarly close; multiple candidates have similar evidence; candidate does not pass the automatic identity gate,house numbers conflict; address evidence is inconsistent; another coordinate candidate is similarly close; multiple candidates have similar evidence; candidate does not pass the automatic identity gate; Accepted by 500 m and historical high/medium web-evidence policy; not independently identity-verified; strict rejection retained,False,unmatched,unmatched,,,,,,,{},,0,0,,,,False,unmatched,unmatched,,,,,,,{},,0,0,,,,False,accepted,"[{""binding"": ""same source address and OCM ID; search evidence only"", ""conclusion"": ""web_evidence_found_not_identity_proof"", ""file"": ""data/reference/web_review/task3_ocm_125_web_confidence.csv"", ""identity_decision"": ""web evidence only; same-station identity not automatically proven"", ""page_opened"": true, ""reported_confidence"": ""high"", ""url"": ""https://ev-charging-stations.com.au/chargers/nsw/mosman""}]",review,coordinate_only,unmatched,unmatched,unmatched,unmatched,review,coordinate_500m_historical_web_rule,ocm,accepted,OCM,OCM:191164,,,OCM: house numbers conflict; address evidence is inconsistent; another coordinate candidate is similarly close; multiple candidates have similar evidence; candidate does not pass the automatic identity gate; Accepted by 500 m and historical high/medium web-evidence policy; not independently identity-verified; strict rejection retained; OCM:191164 is linked to multiple TfNSW rows,yes,,"{""OCM::charger_capacities"": ""50 kW"", ""OCM::charging_point_count"": 1.0, ""OCM::connector_types_normalized"": ""CCS;CHAdeMO"", ""OCM::data_provider"": ""Open Charge Map"", ""OCM::is_operational"": true, ""OCM::last_verified"": ""2023-07-16T22:01:00Z"", ""OCM::operator"": ""Evie"", ""OCM::plug_types"": ""CCS (Type 2); CHAdeMO"", ""OCM::power_kw_max"": 50.0, ""OCM::power_kw_min"": 50.0, ""OCM::power_kw_values"": [50.0], ""OCM::power_scope"": ""dc_indicated_connection_ratings"", ""OCM::status"": ""Operational"", ""OCM::usage_cost"": ""$0.40/kWh""}","{""OCM::connector_types_normalized"": ""CCS;CHAdeMO"", ""OCM::is_operational"": true, ""OCM::operator"": ""Evie"", ""OCM::plug_types"": ""CCS (Type 2); CHAdeMO"", ""OCM::power_kw_max"": 50.0, ""OCM::power_kw_min"": 50.0, ""OCM::power_scope"": ""dc_indicated_connection_ratings"", ""OCM::status"": ""Operational"", ""OCM::usage_cost"": ""$0.40/kWh""}",5
641,,,"594 Anzac Parade, Sydney NSW 2032",Evie Networks,4,DC,75 kW,-33.92659564,151.2313293,Randwick City Council,2032,Existing Fast Chargers,0,0,0,0,0,0,0,0,0,0,0,0,0,0,0,0,0,0,0,0,0,0,0,0,0,0,0,0,0,0,0,0,0,0,0,4,0,0,0,0,Sydney - Eastern Suburbs,118,2032,unmatched,unmatched,,,,,,,{},,0,0,,,,False,accepted,coordinate_500m_historical_web_rule,16.777185865776122,0.0,https://www.openstreetmap.org/node/13206176474,,,Evie Networks,"{""access_condition"": ""Free Access"", ""allows_card_payment"": false, ""allows_reservation"": false, ""charging_point_count"": 4, ""charging_point_count_raw"": 4, ""connector_types_normalized"": ""CCS"", ""data_provider"": ""OpenStreetMap"", ""is_free"": false, ""network"": """", ""number_of_plugs"": null, ""opening_hours"": """", ""power_kw_max"": null, ""power_kw_min"": null, ""power_scope"": ""station_reported_maximum"", ""pricing_info"": """"}",True,1,1,,external ID https://www.openstreetmap.org/node/13206176474 is shared by distinct source sites,external ID https://www.openstreetmap.org/node/13206176474 is shared by distinct source sites; Accepted by 500 m and historical high/medium web-evidence policy; not independently identity-verified; strict rejection retained,False,unmatched,unmatched,,,,,,,{},,0,0,,,,False,accepted,"[{""binding"": ""source_address_only; external identity not verified"", ""conclusion"": """", ""file"": ""data/reference/web_review/task3_104_non_ocm_web_verified.csv"", ""identity_decision"": ""web evidence only; same-station identity not automatically proven"", ""page_opened"": false, ""reported_confidence"": ""medium"", ""url"": ""https://ev-charging-stations.com.au/chargers/nsw/daceyville""}]",unmatched,unmatched,review,coordinate_only,unmatched,unmatched,review,coordinate_500m_historical_web_rule,osm_fast_dc,accepted,OSM,OSM:https://www.openstreetmap.org/node/13206176474,,,OSM: external ID https://www.openstreetmap.org/node/13206176474 is shared by distinct source sites; Accepted by 500 m and historical high/medium web-evidence policy; not independently identity-verified; strict rejection retained; OSM:https://www.openstreetmap.org/node/13206176474 is linked to multiple TfNSW rows,yes,,"{""OSM::access_condition"": ""Free Access"", ""OSM::allows_card_payment"": false, ""OSM::allows_reservation"": false, ""OSM::charging_point_count"": 4, ""OSM::charging_point_count_raw"": 4, ""OSM::connector_types_normalized"": ""CCS"", ""OSM::data_provider"": ""OpenStreetMap"", ""OSM::is_free"": false, ""OSM::power_scope"": ""station_reported_maximum""}","{""OSM::access_condition"": ""Free Access"", ""OSM::allows_card_payment"": false, ""OSM::allows_reservation"": false, ""OSM::connector_types_normalized"": ""CCS"", ""OSM::is_free"": false, ""OSM::power_scope"": ""station_reported_maximum""}",5
648,,,6 Castlereagh Street Gilgandra NSW 2827,NRMA Electric,4,DC,75 kW,-30.0205758,148.1181013,Gilgandra Shire Council,2827,TfNSW Regional,0,0,0,0,0,0,0,0,0,0,0,0,0,0,0,0,0,0,0,0,0,0,0,0,0,0,0,0,0,0,0,0,0,0,0,4,0,0,0,0,Far West and Orana,105,2832,review,coordinate_only,202.6075058093174,0.26956521739130435,190683,"26 Neilly Street, Walgett, New South Wales, 2832",Walgett [NRMA],NRMA,"{""charger_capacities"": ""50 kW"", ""charging_point_count"": 1.0, ""connector_types_normalized"": ""CCS;CHAdeMO"", ""data_provider"": ""Open Charge Map"", ""is_operational"": true, ""last_verified"": ""2021-12-17T04:13:00Z"", ""number_of_plugs"": null, ""operator"": ""NRMA"", ""plug_types"": ""CCS (Type 2); CHAdeMO"", ""power_kw_max"": 50.0, ""power_kw_min"": 50.0, ""power_kw_values"": [50.0], ""power_scope"": ""dc_indicated_connection_ratings"", ""status"": ""Operational"", ""usage_cost"": ""FREE""}",True,1,1,,source address and original postcode conflict; external postcode conflicts with source; house numbers conflict; address evidence is inconsistent; candidate does not pass the automatic identity gate,,True,accepted,coordinate_500m_historical_web_rule,35.449123136180084,0.0,https://www.openstreetmap.org/node/9278741544,,,NRMA,"{""access_condition"": ""Free Access"", ""allows_card_payment"": false, ""allows_reservation"": false, ""charging_point_count"": 1, ""charging_point_count_raw"": 1, ""connector_types_normalized"": ""CCS;CHAdeMO"", ""data_provider"": ""OpenStreetMap"", ""is_free"": false, ""network"": """", ""number_of_plugs"": null, ""opening_hours"": """", ""power_kw_max"": null, ""power_kw_min"": null, ""power_scope"": ""station_reported_maximum"", ""pricing_info"": """"}",True,1,1,,source address and original postcode conflict; candidate does not pass the automatic identity gate,source address and original postcode conflict; candidate does not pass the automatic identity gate; Accepted by 500 m and historical high/medium web-evidence policy; not independently identity-verified; strict rejection retained,True,unmatched,unmatched,,,,,,,{},,0,0,,,,True,accepted,"[{""binding"": ""same source address and OCM ID; search evidence only"", ""conclusion"": ""web_evidence_found_not_identity_proof"", ""file"": ""data/reference/web_review/task3_ocm_125_web_confidence.csv"", ""identity_decision"": ""web evidence only; same-station identity not automatically proven"", ""page_opened"": false, ""reported_confidence"": ""medium"", ""url"": ""https://www.plugroo.com.au/nsw/mendooran""}]",review,coordinate_only,review,coordinate_only,unmatched,unmatched,review,coordinate_500m_historical_web_rule,osm_fast_dc,accepted,OSM,OSM:https://www.openstreetmap.org/node/9278741544,OCM,OCM: source address and original postcode conflict; external postcode conflicts with source; house numbers conflict; address evidence is inconsistent; candidate does not pass the automatic identity gate,OSM: source address and original postcode conflict; candidate does not pass the automatic identity gate; Accepted by 500 m and historical high/medium web-evidence policy; not independently identity-verified; strict rejection retained,yes,,"{""OSM::access_condition"": ""Free Access"", ""OSM::allows_card_payment"": false, ""OSM::allows_reservation"": false, ""OSM::charging_point_count"": 1, ""OSM::charging_point_count_raw"": 1, ""OSM::connector_types_normalized"": ""CCS;CHAdeMO"", ""OSM::data_provider"": ""OpenStreetMap"", ""OSM::is_free"": false, ""OSM::power_scope"": ""station_reported_maximum""}","{""OSM::access_condition"": ""Free Access"", ""OSM::allows_card_payment"": false, ""OSM::allows_reservation"": false, ""OSM::connector_types_normalized"": ""CCS;CHAdeMO"", ""OSM::is_free"": false, ""OSM::power_scope"": ""station_reported_maximum""}",5
698,,,"731-741 Military Road, Sydney NSW 2088",Chargefox,2,DC,47 kW,-33.82852457,151.2439029,Mosman Municipal Council,2088,Existing Fast Chargers,0,0,0,0,0,0,0,0,0,0,0,0,0,0,0,0,0,0,0,0,0,0,0,0,0,0,0,0,0,0,2,0,0,0,0,0,0,0,0,0,Sydney - North Sydney and Hornsby,121,2088,accepted,coordinate_500m_historical_web_rule,300.1081111703142,0.3034782608695652,272686,"188 Raglan St, Mosman, New South Wales, 2088",Raglan Street West,Evie,"{""charger_capacities"": ""50 kW"", ""charging_point_count"": 1.0, ""connector_types_normalized"": ""CCS;CHAdeMO"", ""data_provider"": ""Open Charge Map"", ""is_operational"": true, ""last_verified"": ""2023-07-16T22:00:00Z"", ""number_of_plugs"": null, ""operator"": ""Evie"", ""plug_types"": ""CCS (Type 2); CHAdeMO"", ""power_kw_max"": 50.0, ""power_kw_min"": 50.0, ""power_kw_values"": [50.0], ""power_scope"": ""dc_indicated_connection_ratings"", ""status"": ""Operational"", ""usage_cost"": """"}",True,2,2,109.7654789011562,house numbers conflict; address evidence is inconsistent; candidate does not pass the automatic identity gate,house numbers conflict; address evidence is inconsistent; candidate does not pass the automatic identity gate; Accepted by 500 m and historical high/medium web-evidence policy; not independently identity-verified; strict rejection retained,False,unmatched,unmatched,,,,,,,{},,0,0,,,,False,unmatched,unmatched,,,,,,,{},,0,0,,,,False,accepted,"[{""binding"": ""same source address and OCM ID; search evidence only"", ""conclusion"": ""web_evidence_found_not_identity_proof"", ""file"": ""data/reference/web_review/task3_ocm_125_web_confidence.csv"", ""identity_decision"": ""web evidence only; same-station identity not automatically proven"", ""page_opened"": false, ""reported_confidence"": ""medium"", ""url"": ""https://www.chargeroute.au/chargers/nsw/chargefox-sydney-sydney-3""}]",review,coordinate_only,unmatched,unmatched,unmatched,unmatched,review,coordinate_500m_historical_web_rule,ocm,accepted,OCM,OCM:272686,,,OCM: house numbers conflict; address evidence is inconsistent; candidate does not pass the automatic identity gate; Accepted by 500 m and historical high/medium web-evidence policy; not independently identity-verified; strict rejection retained; OCM:272686 is linked to multiple TfNSW rows,yes,,"{""OCM::charger_capacities"": ""50 kW"", ""OCM::charging_point_count"": 1.0, ""OCM::connector_types_normalized"": ""CCS;CHAdeMO"", ""OCM::data_provider"": ""Open Charge Map"", ""OCM::is_operational"": true, ""OCM::last_verified"": ""2023-07-16T22:00:00Z"", ""OCM::operator"": ""Evie"", ""OCM::plug_types"": ""CCS (Type 2); CHAdeMO"", ""OCM::power_kw_max"": 50.0, ""OCM::power_kw_min"": 50.0, ""OCM::power_kw_values"": [50.0], ""OCM::power_scope"": ""dc_indicated_connection_ratings"", ""OCM::status"": ""Operational""}","{""OCM::connector_types_normalized"": ""CCS;CHAdeMO"", ""OCM::is_operational"": true, ""OCM::operator"": ""Evie"", ""OCM::plug_types"": ""CCS (Type 2); CHAdeMO"", ""OCM::power_kw_max"": 50.0, ""OCM::power_kw_min"": 50.0, ""OCM::power_scope"": ""dc_indicated_connection_ratings"", ""OCM::status"": ""Operational""}",4
720,,,"8 Kosciuszko Road, Jindabyne NSW 2627",BP,4,DC,75 kW,-36.4147548,148.6177838,Snowy Monaro Regional Council,2627,Existing Fast Chargers,0,0,0,0,0,0,0,0,0,0,0,0,0,0,0,0,0,0,0,0,0,0,0,0,0,0,0,0,0,0,0,0,0,0,0,4,0,0,0,0,Capital Region,101,2627,review,coordinate_only,219.41352219609772,0.37554945054945055,190861,"3 Snowy River Ave, Jindabyne, NSW, 2627",Snowy River Ave Car Park,NRMA,"{""charger_capacities"": ""50 kW"", ""charging_point_count"": 2.0, ""connector_types_normalized"": ""CCS;CHAdeMO"", ""data_provider"": ""Open Charge Map"", ""is_operational"": true, ""last_verified"": ""2026-07-15T01:28:00Z"", ""number_of_plugs"": null, ""operator"": ""NRMA"", ""plug_types"": ""CCS (Type 2); CHAdeMO"", ""power_kw_max"": 50.0, ""power_kw_min"": 50.0, ""power_kw_values"": [50.0], ""power_scope"": ""dc_indicated_connection_ratings"", ""status"": ""Operational"", ""usage_cost"": ""$0.64/kWh""}",True,1,1,,house numbers conflict; address evidence is inconsistent; candidate does not pass the automatic identity gate,,False,accepted,coordinate_500m_historical_web_rule,15.614648190869158,0.0,https://www.openstreetmap.org/node/12398804433,,,bp pulse,"{""access_condition"": ""Restricted Access"", ""allows_card_payment"": false, ""allows_reservation"": false, ""charging_point_count"": null, ""charging_point_count_raw"": null, ""connector_types_normalized"": ""CCS;CHAdeMO"", ""data_provider"": ""OpenStreetMap"", ""is_free"": false, ""network"": ""bp pulse"", ""number_of_plugs"": null, ""opening_hours"": """", ""power_kw_max"": null, ""power_kw_min"": null, ""power_scope"": ""station_reported_maximum"", ""pricing_info"": """"}",True,3,3,2.393844623389711,another coordinate candidate is similarly close; multiple candidates have similar evidence; candidate does not pass the automatic identity gate,another coordinate candidate is similarly close; multiple candidates have similar evidence; candidate does not pass the automatic identity gate; Accepted by 500 m and historical high/medium web-evidence policy; not independently identity-verified; strict rejection retained,False,unmatched,unmatched,,,,,,,{},,0,0,,,,False,accepted,"[{""binding"": ""same source address and OCM ID; search evidence only"", ""conclusion"": ""web_evidence_found_not_identity_proof"", ""file"": ""data/reference/web_review/task3_ocm_125_web_confidence.csv"", ""identity_decision"": ""web evidence only; same-station identity not automatically proven"", ""page_opened"": false, ""reported_confidence"": ""medium"", ""url"": ""https://www.cylex-australia.com/company/bp-pulse-charging-station-25137942.html""}]",review,coordinate_only,review,coordinate_only,unmatched,unmatched,review,coordinate_500m_historical_web_rule,osm_fast_dc,accepted,OSM,OSM:https://www.openstreetmap.org/node/12398804433,OCM,OCM: house numbers conflict; address evidence is inconsistent; candidate does not pass the automatic identity gate,OSM: another coordinate candidate is similarly close; multiple candidates have similar evidence; candidate does not pass the automatic identity gate; Accepted by 500 m and historical high/medium web-evidence policy; not independently identity-verified; strict rejection retained,yes,,"{""OSM::access_condition"": ""Restricted Access"", ""OSM::allows_card_payment"": false, ""OSM::allows_reservation"": false, ""OSM::connector_types_normalized"": ""CCS;CHAdeMO"", ""OSM::data_provider"": ""OpenStreetMap"", ""OSM::is_free"": false, ""OSM::network"": ""bp pulse"", ""OSM::power_scope"": ""station_reported_maximum""}","{""OSM::access_condition"": ""Restricted Access"", ""OSM::allows_card_payment"": false, ""OSM::allows_reservation"": false, ""OSM::connector_types_normalized"": ""CCS;CHAdeMO"", ""OSM::is_free"": false, ""OSM::network"": ""bp pulse"", ""OSM::power_scope"": ""station_reported_maximum""}",6
725,,,"8/24 Cross Street, Wagga Wagga NSW 2650",NRMA Electric,2,DC,50 kW,-31.7223908,148.6571378,Wagga Wagga City Council,2650,TfNSW Regional,0,0,0,0,0,0,0,0,0,0,0,0,0,0,0,0,0,0,0,0,0,0,0,0,0,0,0,0,0,0,0,2,0,0,0,0,0,0,0,0,Far West and Orana,105,2827,unmatched,unmatched,,,,,,,{},,0,0,,,,True,accepted,coordinate_500m_historical_web_rule,152.66050167079814,0.0,https://www.openstreetmap.org/way/1513958639,,,NRMA,"{""access_condition"": ""Free Access"", ""allows_card_payment"": false, ""allows_reservation"": false, ""charging_point_count"": 2, ""charging_point_count_raw"": 2, ""connector_types_normalized"": ""CCS;CHAdeMO"", ""data_provider"": ""OpenStreetMap"", ""is_free"": false, ""network"": """", ""number_of_plugs"": null, ""opening_hours"": """", ""power_kw_max"": null, ""power_kw_min"": null, ""power_scope"": ""station_reported_maximum"", ""pricing_info"": """"}",True,1,1,,source address and original postcode conflict; candidate does not pass the automatic identity gate,source address and original postcode conflict; candidate does not pass the automatic identity gate; Accepted by 500 m and historical high/medium web-evidence policy; not independently identity-verified; strict rejection retained,True,unmatched,unmatched,,,,,,,{},,0,0,,,,True,accepted,"[{""binding"": ""source_address_only; external identity not verified"", ""conclusion"": """", ""file"": ""data/reference/web_review/task3_104_non_ocm_web_verified.csv"", ""identity_decision"": ""web evidence only; same-station identity not automatically proven"", ""page_opened"": false, ""reported_confidence"": ""medium"", ""url"": ""https://www.plugroo.com.au/nsw/brookdale""}]",unmatched,unmatched,review,coordinate_only,unmatched,unmatched,review,coordinate_500m_historical_web_rule,osm_fast_dc,accepted,OSM,OSM:https://www.openstreetmap.org/way/1513958639,,,OSM: source address and original postcode conflict; candidate does not pass the automatic identity gate; Accepted by 500 m and historical high/medium web-evidence policy; not independently identity-verified; strict rejection retained,yes,,"{""OSM::access_condition"": ""Free Access"", ""OSM::allows_card_payment"": false, ""OSM::allows_reservation"": false, ""OSM::charging_point_count"": 2, ""OSM::charging_point_count_raw"": 2, ""OSM::connector_types_normalized"": ""CCS;CHAdeMO"", ""OSM::data_provider"": ""OpenStreetMap"", ""OSM::is_free"": false, ""OSM::power_scope"": ""station_reported_maximum""}","{""OSM::access_condition"": ""Free Access"", ""OSM::allows_card_payment"": false, ""OSM::allows_reservation"": false, ""OSM::connector_types_normalized"": ""CCS;CHAdeMO"", ""OSM::is_free"": false, ""OSM::power_scope"": ""station_reported_maximum""}",5
729,,,"81 Meehan Street, Yass NSW 2582",NRMA Electric,2,DC,50 kW,-34.428348,150.9001506,Yass Valley Council,2582,TfNSW Regional,0,0,0,0,0,0,0,0,0,0,0,0,0,0,0,0,0,0,0,0,0,0,0,0,0,0,0,0,0,0,0,2,0,0,0,0,0,0,0,0,Illawarra,107,2500,accepted,coordinate_500m_historical_web_rule,8.324538406986585,0.3675224646983312,191177,"17 Stewart Street, Wollongong, NSW, 2500",Stewart Street Carpark [NRMA],NRMA,"{""charger_capacities"": ""50 kW; 75 kW; 150 kW"", ""charging_point_count"": 2.0, ""connector_types_normalized"": ""CCS;CHAdeMO"", ""data_provider"": ""Open Charge Map"", ""is_operational"": true, ""last_verified"": ""2023-02-20T17:51:00Z"", ""number_of_plugs"": null, ""operator"": ""NRMA"", ""plug_types"": ""CCS (Type 2); CHAdeMO"", ""power_kw_max"": 150.0, ""power_kw_min"": 50.0, ""power_kw_values"": [50.0, 75.0, 150.0], ""power_scope"": ""dc_indicated_connection_ratings"", ""status"": ""Operational"", ""usage_cost"": ""FREE""}",True,2,1,,source address and original postcode conflict; external postcode conflicts with source; house numbers conflict; address evidence is inconsistent; candidate does not pass the automatic identity gate,source address and original postcode conflict; external postcode conflicts with source; house numbers conflict; address evidence is inconsistent; candidate does not pass the automatic identity gate; Accepted by 500 m and historical high/medium web-evidence policy; not independently identity-verified; strict rejection retained,True,unmatched,unmatched,,,,,,,{},,0,0,,,,True,unmatched,unmatched,,,,,,,{},,0,0,,,,True,accepted,"[{""binding"": ""same source address and OCM ID; search evidence only"", ""conclusion"": ""web_evidence_found_not_identity_proof"", ""file"": ""data/reference/web_review/task3_ocm_125_web_confidence.csv"", ""identity_decision"": ""web evidence only; same-station identity not automatically proven"", ""page_opened"": false, ""reported_confidence"": ""medium"", ""url"": ""https://www.plugroo.com.au/location/nrma-nsw-yass-81-meehan-street""}]",review,coordinate_only,unmatched,unmatched,unmatched,unmatched,review,coordinate_500m_historical_web_rule,ocm,accepted,OCM,OCM:191177,,,OCM: source address and original postcode conflict; external postcode conflicts with source; house numbers conflict; address evidence is inconsistent; candidate does not pass the automatic identity gate; Accepted by 500 m and historical high/medium web-evidence policy; not independently identity-verified; strict rejection retained,yes,,"{""OCM::charger_capacities"": ""50 kW; 75 kW; 150 kW"", ""OCM::charging_point_count"": 2.0, ""OCM::connector_types_normalized"": ""CCS;CHAdeMO"", ""OCM::data_provider"": ""Open Charge Map"", ""OCM::is_operational"": true, ""OCM::last_verified"": ""2023-02-20T17:51:00Z"", ""OCM::operator"": ""NRMA"", ""OCM::plug_types"": ""CCS (Type 2); CHAdeMO"", ""OCM::power_kw_max"": 150.0, ""OCM::power_kw_min"": 50.0, ""OCM::power_kw_values"": [50.0, 75.0, 150.0], ""OCM::power_scope"": ""dc_indicated_connection_ratings"", ""OCM::status"": ""Operational"", ""OCM::usage_cost"": ""FREE""}","{""OCM::connector_types_normalized"": ""CCS;CHAdeMO"", ""OCM::is_operational"": true, ""OCM::operator"": ""NRMA"", ""OCM::plug_types"": ""CCS (Type 2); CHAdeMO"", ""OCM::power_kw_max"": 150.0, ""OCM::power_kw_min"": 50.0, ""OCM::power_scope"": ""dc_indicated_connection_ratings"", ""OCM::status"": ""Operational"", ""OCM::usage_cost"": ""FREE""}",5
734,,,"82 Marsh Street, Armidale NSW 2350",NRMA Electric,2,DC,50 kW,-34.4476103,147.5348555,Armidale Regional Council,2350,TfNSW Regional,0,0,0,0,0,0,0,0,0,0,0,0,0,0,0,0,0,0,0,0,0,0,0,0,0,0,0,0,0,0,0,2,0,0,0,0,0,0,0,0,Riverina,113,2666,review,coordinate_only,180.96852803711653,0.23963636363636365,190668,"Little Hoskins Street, Temora, New South Wales, 2666",Temora Council Chambers,NRMA,"{""charger_capacities"": ""50 kW"", ""charging_point_count"": 2.0, ""connector_types_normalized"": ""CCS"", ""data_provider"": ""Open Charge Map"", ""is_operational"": true, ""last_verified"": ""2026-07-15T02:08:00Z"", ""number_of_plugs"": null, ""operator"": ""NRMA"", ""plug_types"": ""CCS (Type 2)"", ""power_kw_max"": 50.0, ""power_kw_min"": 50.0, ""power_kw_values"": [50.0], ""power_scope"": ""dc_indicated_connection_ratings"", ""status"": ""Operational"", ""usage_cost"": ""$0.74/kWh""}",True,2,1,,source address and original postcode conflict; external postcode conflicts with source; address evidence is inconsistent; candidate does not pass the automatic identity gate,,True,accepted,coordinate_500m_historical_web_rule,149.77939536962992,0.0,https://www.openstreetmap.org/node/10772401236,,,NRMA,"{""access_condition"": ""Free Access"", ""allows_card_payment"": false, ""allows_reservation"": false, ""charging_point_count"": 2, ""charging_point_count_raw"": 2, ""connector_types_normalized"": ""CCS"", ""data_provider"": ""OpenStreetMap"", ""is_free"": false, ""network"": """", ""number_of_plugs"": null, ""opening_hours"": """", ""power_kw_max"": null, ""power_kw_min"": null, ""power_scope"": ""station_reported_maximum"", ""pricing_info"": """"}",True,1,1,,source address and original postcode conflict; candidate does not pass the automatic identity gate,source address and original postcode conflict; candidate does not pass the automatic identity gate; Accepted by 500 m and historical high/medium web-evidence policy; not independently identity-verified; strict rejection retained,True,unmatched,unmatched,,,,,,,{},,0,0,,,,True,accepted,"[{""binding"": ""same source address and OCM ID; search evidence only"", ""conclusion"": ""web_evidence_found_not_identity_proof"", ""file"": ""data/reference/web_review/task3_ocm_125_web_confidence.csv"", ""identity_decision"": ""web evidence only; same-station identity not automatically proven"", ""page_opened"": true, ""reported_confidence"": ""high"", ""url"": ""https://www.nsw.gov.au/visiting-and-exploring-nsw/locations-and-attractions/armidale-heritage-tours""}]",review,coordinate_only,review,coordinate_only,unmatched,unmatched,review,coordinate_500m_historical_web_rule,osm_fast_dc,accepted,OSM,OSM:https://www.openstreetmap.org/node/10772401236,OCM,OCM: source address and original postcode conflict; external postcode conflicts with source; address evidence is inconsistent; candidate does not pass the automatic identity gate,OSM: source address and original postcode conflict; candidate does not pass the automatic identity gate; Accepted by 500 m and historical high/medium web-evidence policy; not independently identity-verified; strict rejection retained,yes,,"{""OSM::access_condition"": ""Free Access"", ""OSM::allows_card_payment"": false, ""OSM::allows_reservation"": false, ""OSM::charging_point_count"": 2, ""OSM::charging_point_count_raw"": 2, ""OSM::connector_types_normalized"": ""CCS"", ""OSM::data_provider"": ""OpenStreetMap"", ""OSM::is_free"": false, ""OSM::power_scope"": ""station_reported_maximum""}","{""OSM::access_condition"": ""Free Access"", ""OSM::allows_card_payment"": false, ""OSM::allows_reservation"": false, ""OSM::connector_types_normalized"": ""CCS"", ""OSM::is_free"": false, ""OSM::power_scope"": ""station_reported_maximum""}",5
745,,,"872 Anzac Parade, Sydney NSW 2035",Evie Networks,2,DC,75 kW,-33.94314819,151.2396466,Randwick City Council,2035,Existing Fast Chargers,0,0,0,0,0,0,0,0,0,0,0,0,0,0,0,0,0,0,0,0,0,0,0,0,0,0,0,0,0,0,0,0,0,0,0,2,0,0,0,0,Sydney - Eastern Suburbs,118,2035,unmatched,unmatched,,,,,,,{},,0,0,,,,False,accepted,coordinate_500m_historical_web_rule,14.037215351642969,0.0,https://www.openstreetmap.org/node/13206154678,,,Evie Networks,"{""access_condition"": ""Free Access"", ""allows_card_payment"": false, ""allows_reservation"": false, ""charging_point_count"": 2, ""charging_point_count_raw"": 2, ""connector_types_normalized"": ""CCS"", ""data_provider"": ""OpenStreetMap"", ""is_free"": false, ""network"": """", ""number_of_plugs"": null, ""opening_hours"": """", ""power_kw_max"": null, ""power_kw_min"": null, ""power_scope"": ""station_reported_maximum"", ""pricing_info"": """"}",True,2,2,32.55615590684878,external ID https://www.openstreetmap.org/node/13206154678 is shared by distinct source sites,external ID https://www.openstreetmap.org/node/13206154678 is shared by distinct source sites; Accepted by 500 m and historical high/medium web-evidence policy; not independently identity-verified; strict rejection retained,False,unmatched,unmatched,,,,,,,{},,0,0,,,,False,accepted,"[{""binding"": ""source_address_only; external identity not verified"", ""conclusion"": """", ""file"": ""data/reference/web_review/task3_104_non_ocm_web_verified.csv"", ""identity_decision"": ""web evidence only; same-station identity not automatically proven"", ""page_opened"": true, ""reported_confidence"": ""high"", ""url"": ""https://ev-charging-stations.com.au/chargers/nsw/maroubra""}]",unmatched,unmatched,review,coordinate_only,unmatched,unmatched,review,coordinate_500m_historical_web_rule,osm_fast_dc,accepted,OSM,OSM:https://www.openstreetmap.org/node/13206154678,,,OSM: external ID https://www.openstreetmap.org/node/13206154678 is shared by distinct source sites; Accepted by 500 m and historical high/medium web-evidence policy; not independently identity-verified; strict rejection retained; OSM:https://www.openstreetmap.org/node/13206154678 is linked to multiple TfNSW rows,yes,,"{""OSM::access_condition"": ""Free Access"", ""OSM::allows_card_payment"": false, ""OSM::allows_reservation"": false, ""OSM::charging_point_count"": 2, ""OSM::charging_point_count_raw"": 2, ""OSM::connector_types_normalized"": ""CCS"", ""OSM::data_provider"": ""OpenStreetMap"", ""OSM::is_free"": false, ""OSM::power_scope"": ""station_reported_maximum""}","{""OSM::access_condition"": ""Free Access"", ""OSM::allows_card_payment"": false, ""OSM::allows_reservation"": false, ""OSM::connector_types_normalized"": ""CCS"", ""OSM::is_free"": false, ""OSM::power_scope"": ""station_reported_maximum""}",5
747,,,"87-91 Roberts Road Cnr Moondo Street, Greenacre NSW 2190",Ampol,2,DC,125 kW,-33.9047231,151.0645884,Strathfield Municipal Council,2190,ARENA - Driving the Nation,0,0,0,2,0,0,0,0,0,0,0,0,0,0,0,0,0,0,0,0,0,0,0,0,0,0,0,0,0,0,0,0,0,0,0,0,0,0,0,0,Sydney - Inner South West,119,2190,unmatched,unmatched,,,,,,,{},,0,0,,,,False,unmatched,unmatched,,,,,,,{},,0,0,,,,False,accepted,coordinate_500m_historical_web_rule,311.2000189931982,0.8396825396825397,15d06bf5-6b4a-425d-9312-bae4b17cc22b-1862,"67 Roberts Rd, Greenacre, NSW 2190",Bunnings Greenacre,,"{""connector_types_normalized"": ""CCS"", ""data_provider"": ""Charge@Large"", ""dc_port_count"": 2, ""number_of_plugs"": null, ""power_kw_max"": 120.0, ""power_kw_min"": 120.0, ""power_kw_values"": [120.0], ""power_scope"": ""dc_indicated_ports"", ""site_power_range_raw"": ""120"", ""status_counts"": {""Available"": 2}, ""status_observed_at"": null, ""total_port_count"": 2}",True,1,1,,house numbers conflict; address evidence is inconsistent; candidate does not pass the automatic identity gate,house numbers conflict; address evidence is inconsistent; candidate does not pass the automatic identity gate; Accepted by 500 m and historical high/medium web-evidence policy; not independently identity-verified; strict rejection retained,False,accepted,"[{""binding"": ""source_address_only; external identity not verified"", ""conclusion"": """", ""file"": ""data/reference/web_review/task3_104_non_ocm_web_verified.csv"", ""identity_decision"": ""web evidence only; same-station identity not automatically proven"", ""page_opened"": true, ""reported_confidence"": ""high"", ""url"": ""https://www.ampol.com.au/convenience/foodary-crave-n-save""}]",unmatched,unmatched,unmatched,unmatched,review,coordinate_only,review,coordinate_500m_historical_web_rule,chargelarge_fast_dc,accepted,Charge@Large,Charge@Large:15d06bf5-6b4a-425d-9312-bae4b17cc22b-1862,,,Charge@Large: house numbers conflict; address evidence is inconsistent; candidate does not pass the automatic identity gate; Accepted by 500 m and historical high/medium web-evidence policy; not independently identity-verified; strict rejection retained; Charge@Large:15d06bf5-6b4a-425d-9312-bae4b17cc22b-1862 is linked to multiple TfNSW rows,yes,,"{""Charge@Large::connector_types_normalized"": ""CCS"", ""Charge@Large::data_provider"": ""Charge@Large"", ""Charge@Large::dc_port_count"": 2, ""Charge@Large::power_kw_max"": 120.0, ""Charge@Large::power_kw_min"": 120.0, ""Charge@Large::power_kw_values"": [120.0], ""Charge@Large::power_scope"": ""dc_indicated_ports"", ""Charge@Large::site_power_range_raw"": ""120"", ""Charge@Large::status_counts"": {""Available"": 2}, ""Charge@Large::total_port_count"": 2}","{""Charge@Large::connector_types_normalized"": ""CCS"", ""Charge@Large::dc_port_count"": 2, ""Charge@Large::power_kw_max"": 120.0, ""Charge@Large::power_kw_min"": 120.0, ""Charge@Large::power_scope"": ""dc_indicated_ports"", ""Charge@Large::status_counts"": {""Available"": 2}, ""Charge@Large::total_port_count"": 2}",2
753,,,"88-90 Houston Road, Sydney NSW 2032",Evie Networks,2,DC,50 kW,-33.92407212,151.2266947,Randwick City Council,2032,Existing Fast Chargers,0,0,0,0,0,0,0,0,0,0,0,0,0,0,0,0,0,0,0,0,0,0,0,0,0,0,0,0,0,0,0,2,0,0,0,0,0,0,0,0,Sydney - Eastern Suburbs,118,2032,unmatched,unmatched,,,,,,,{},,0,0,,,,False,accepted,coordinate_500m_historical_web_rule,480.08361704932844,0.0,https://www.openstreetmap.org/node/13206142331,,,bp pulse,"{""access_condition"": ""Free Access"", ""allows_card_payment"": false, ""allows_reservation"": false, ""charging_point_count"": 2, ""charging_point_count_raw"": 2, ""connector_types_normalized"": ""CCS"", ""data_provider"": ""OpenStreetMap"", ""is_free"": false, ""network"": ""bp pulse"", ""number_of_plugs"": null, ""opening_hours"": """", ""power_kw_max"": null, ""power_kw_min"": null, ""power_scope"": ""station_reported_maximum"", ""pricing_info"": """"}",True,1,1,,candidate does not pass the automatic identity gate,candidate does not pass the automatic identity gate; Accepted by 500 m and historical high/medium web-evidence policy; not independently identity-verified; strict rejection retained,False,unmatched,unmatched,,,,,,,{},,0,0,,,,False,accepted,"[{""binding"": ""source_address_only; external identity not verified"", ""conclusion"": """", ""file"": ""data/reference/web_review/task3_104_non_ocm_web_verified.csv"", ""identity_decision"": ""web evidence only; same-station identity not automatically proven"", ""page_opened"": false, ""reported_confidence"": ""medium"", ""url"": ""https://ev-charging-stations.com.au/chargers/nsw/daceyville""}]",unmatched,unmatched,review,coordinate_only,unmatched,unmatched,review,coordinate_500m_historical_web_rule,osm_fast_dc,accepted,OSM,OSM:https://www.openstreetmap.org/node/13206142331,,,OSM: candidate does not pass the automatic identity gate; Accepted by 500 m and historical high/medium web-evidence policy; not independently identity-verified; strict rejection retained; OSM:https://www.openstreetmap.org/node/13206142331 is linked to multiple TfNSW rows,yes,,"{""OSM::access_condition"": ""Free Access"", ""OSM::allows_card_payment"": false, ""OSM::allows_reservation"": false, ""OSM::charging_point_count"": 2, ""OSM::charging_point_count_raw"": 2, ""OSM::connector_types_normalized"": ""CCS"", ""OSM::data_provider"": ""OpenStreetMap"", ""OSM::is_free"": false, ""OSM::network"": ""bp pulse"", ""OSM::power_scope"": ""station_reported_maximum""}","{""OSM::access_condition"": ""Free Access"", ""OSM::allows_card_payment"": false, ""OSM::allows_reservation"": false, ""OSM::connector_types_normalized"": ""CCS"", ""OSM::is_free"": false, ""OSM::network"": ""bp pulse"", ""OSM::power_scope"": ""station_reported_maximum""}",6
754,,,"89 Barwan Street, Narrabri NSW 2390",NRMA Electric,4,DC,50 kW,-29.0572067,152.0186837,Narrabri Shire Council,2390,TfNSW Regional,0,0,0,0,0,0,0,0,0,0,0,0,0,0,0,0,0,0,0,0,0,0,0,0,0,0,0,0,0,0,0,4,0,0,0,0,0,0,0,0,New England and North West,110,2372,review,coordinate_only,165.88117518922394,0.490560875512996,312274,"1 Crown St, Tenterfield, NSW, 2372",Tesla Supercharger - Coles Tenterfield,Tesla (including non-tesla),"{""charger_capacities"": ""250 kW"", ""charging_point_count"": 3.0, ""connector_types_normalized"": ""CCS"", ""data_provider"": ""Open Charge Map"", ""is_operational"": true, ""last_verified"": ""2025-05-07T05:24:00Z"", ""number_of_plugs"": null, ""operator"": ""Tesla (including non-tesla)"", ""plug_types"": ""CCS (Type 2)"", ""power_kw_max"": 250.0, ""power_kw_min"": 250.0, ""power_kw_values"": [250.0], ""power_scope"": ""dc_indicated_connection_ratings"", ""status"": ""Operational"", ""usage_cost"": ""$0.69/kWh""}",True,1,1,,source address and original postcode conflict; external postcode conflicts with source; house numbers conflict; address evidence is inconsistent; candidate does not pass the automatic identity gate,,True,accepted,coordinate_500m_historical_web_rule,164.7910834836061,0.0,https://www.openstreetmap.org/node/10258355351,,Tesla Supercharger,Tesla,"{""access_condition"": ""Free Access"", ""allows_card_payment"": false, ""allows_reservation"": false, ""charging_point_count"": 4, ""charging_point_count_raw"": 4, ""connector_types_normalized"": ""CCS"", ""data_provider"": ""OpenStreetMap"", ""is_free"": false, ""network"": ""Supercharger"", ""number_of_plugs"": null, ""opening_hours"": ""24/7"", ""power_kw_max"": null, ""power_kw_min"": null, ""power_scope"": ""station_reported_maximum"", ""pricing_info"": """"}",True,1,1,,source address and original postcode conflict; candidate does not pass the automatic identity gate,source address and original postcode conflict; candidate does not pass the automatic identity gate; Accepted by 500 m and historical high/medium web-evidence policy; not independently identity-verified; strict rejection retained,True,unmatched,unmatched,,,,,,,{},,0,0,,,,True,accepted,"[{""binding"": ""same source address and OCM ID; search evidence only"", ""conclusion"": ""web_evidence_found_not_identity_proof"", ""file"": ""data/reference/web_review/task3_ocm_125_web_confidence.csv"", ""identity_decision"": ""web evidence only; same-station identity not automatically proven"", ""page_opened"": true, ""reported_confidence"": ""high"", ""url"": ""https://apps.planningportal.nsw.gov.au/prweb/PRRestService/DocMgmt/v1/PublicDocuments/DATA-WORKATTACH-FILE%20PEC-DPE-EP-WORK%20PAN-378965%2120231017T043350.514%20GMT""}]",review,coordinate_only,review,coordinate_only,unmatched,unmatched,review,coordinate_500m_historical_web_rule,osm_fast_dc,accepted,OSM,OSM:https://www.openstreetmap.org/node/10258355351,OCM,OCM: source address and original postcode conflict; external postcode conflicts with source; house numbers conflict; address evidence is inconsistent; candidate does not pass the automatic identity gate,OSM: source address and original postcode conflict; candidate does not pass the automatic identity gate; Accepted by 500 m and historical high/medium web-evidence policy; not independently identity-verified; strict rejection retained; OSM:https://www.openstreetmap.org/node/10258355351 is linked to multiple TfNSW rows,yes,,"{""OSM::access_condition"": ""Free Access"", ""OSM::allows_card_payment"": false, ""OSM::allows_reservation"": false, ""OSM::charging_point_count"": 4, ""OSM::charging_point_count_raw"": 4, ""OSM::connector_types_normalized"": ""CCS"", ""OSM::data_provider"": ""OpenStreetMap"", ""OSM::is_free"": false, ""OSM::network"": ""Supercharger"", ""OSM::opening_hours"": ""24/7"", ""OSM::power_scope"": ""station_reported_maximum""}","{""OSM::access_condition"": ""Free Access"", ""OSM::allows_card_payment"": false, ""OSM::allows_reservation"": false, ""OSM::connector_types_normalized"": ""CCS"", ""OSM::is_free"": false, ""OSM::network"": ""Supercharger"", ""OSM::opening_hours"": ""24/7"", ""OSM::power_scope"": ""station_reported_maximum""}",7
814,,,"Bryant Drive, Central Coast NSW 2259",Tesla,12,DC,130 kW,-33.31010015,151.4206827,Central Coast Council,2259,Existing Fast Chargers,0,0,0,0,12,0,0,0,0,0,0,0,0,0,0,0,0,0,0,0,0,0,0,0,0,0,0,0,0,0,0,0,0,0,0,0,0,0,0,0,Central Coast,102,2259,accepted,coordinate_500m_historical_web_rule,127.2510121614661,0.654,128371,"Bryant Drive & Wyong Road, Tuggerah",Central Coast Supercharger [Tesla],Tesla (Tesla-only charging),"{""charger_capacities"": ""120 kW"", ""charging_point_count"": 6.0, ""connector_types_normalized"": ""CCS"", ""data_provider"": ""Open Charge Map"", ""is_operational"": true, ""last_verified"": ""2021-12-19T02:09:00Z"", ""number_of_plugs"": null, ""operator"": ""Tesla (Tesla-only charging)"", ""plug_types"": ""CCS (Type 2)"", ""power_kw_max"": 120.0, ""power_kw_min"": 120.0, ""power_kw_values"": [120.0], ""power_scope"": ""dc_indicated_connection_ratings"", ""status"": ""Operational"", ""usage_cost"": ""$0.52/kWh""}",True,1,1,,address evidence is inconsistent; candidate does not pass the automatic identity gate,address evidence is inconsistent; candidate does not pass the automatic identity gate; Accepted by 500 m and historical high/medium web-evidence policy; not independently identity-verified; strict rejection retained,False,unmatched,unmatched,,,,,,,{},,0,0,,,,False,unmatched,unmatched,,,,,,,{},,0,0,,,,False,accepted,"[{""binding"": ""same source address and OCM ID; search evidence only"", ""conclusion"": ""web_evidence_found_not_identity_proof"", ""file"": ""data/reference/web_review/task3_ocm_125_web_confidence.csv"", ""identity_decision"": ""web evidence only; same-station identity not automatically proven"", ""page_opened"": false, ""reported_confidence"": ""medium"", ""url"": ""https://www.tesla.com/findus/location/supercharger/centralcoastsupercharger""}]",review,coordinate_only,unmatched,unmatched,unmatched,unmatched,review,coordinate_500m_historical_web_rule,ocm,accepted,OCM,OCM:128371,,,OCM: address evidence is inconsistent; candidate does not pass the automatic identity gate; Accepted by 500 m and historical high/medium web-evidence policy; not independently identity-verified; strict rejection retained,yes,,"{""OCM::charger_capacities"": ""120 kW"", ""OCM::charging_point_count"": 6.0, ""OCM::connector_types_normalized"": ""CCS"", ""OCM::data_provider"": ""Open Charge Map"", ""OCM::is_operational"": true, ""OCM::last_verified"": ""2021-12-19T02:09:00Z"", ""OCM::operator"": ""Tesla (Tesla-only charging)"", ""OCM::plug_types"": ""CCS (Type 2)"", ""OCM::power_kw_max"": 120.0, ""OCM::power_kw_min"": 120.0, ""OCM::power_kw_values"": [120.0], ""OCM::power_scope"": ""dc_indicated_connection_ratings"", ""OCM::status"": ""Operational"", ""OCM::usage_cost"": ""$0.52/kWh""}","{""OCM::connector_types_normalized"": ""CCS"", ""OCM::is_operational"": true, ""OCM::operator"": ""Tesla (Tesla-only charging)"", ""OCM::plug_types"": ""CCS (Type 2)"", ""OCM::power_kw_max"": 120.0, ""OCM::power_kw_min"": 120.0, ""OCM::power_scope"": ""dc_indicated_connection_ratings"", ""OCM::status"": ""Operational"", ""OCM::usage_cost"": ""$0.52/kWh""}",5
818,,,"Camden Valley Way &, Somerset Avenue, Narellan NSW 2567",Evie Networks,4,DC,150 kW,-34.0397301,150.7385139,Camden Council,2567,ARENA - Driving the Nation,0,0,0,0,0,0,0,4,0,0,0,0,0,0,0,0,0,0,0,0,0,0,0,0,0,0,0,0,0,0,0,0,0,0,0,0,0,0,0,0,Sydney - Outer South West,123,2022,unmatched,unmatched,,,,,,,{},,0,0,,,,True,accepted,coordinate_500m_historical_web_rule,363.00083949899283,0.0,https://www.openstreetmap.org/node/11695236309,,,Evie Networks,"{""access_condition"": ""Free Access"", ""allows_card_payment"": false, ""allows_reservation"": false, ""charging_point_count"": null, ""charging_point_count_raw"": null, ""connector_types_normalized"": ""CCS;CHAdeMO"", ""data_provider"": ""OpenStreetMap"", ""is_free"": false, ""network"": """", ""number_of_plugs"": null, ""opening_hours"": """", ""power_kw_max"": null, ""power_kw_min"": null, ""power_scope"": ""station_reported_maximum"", ""pricing_info"": """"}",True,2,2,66.11182709638416,source address and original postcode conflict; candidate does not pass the automatic identity gate,source address and original postcode conflict; candidate does not pass the automatic identity gate; Accepted by 500 m and historical high/medium web-evidence policy; not independently identity-verified; strict rejection retained,True,unmatched,unmatched,,,,,,,{},,0,0,,,,True,accepted,"[{""binding"": ""source_address_only; external identity not verified"", ""conclusion"": """", ""file"": ""data/reference/web_review/task3_104_non_ocm_web_verified.csv"", ""identity_decision"": ""web evidence only; same-station identity not automatically proven"", ""page_opened"": false, ""reported_confidence"": ""medium"", ""url"": ""https://www.plugroo.com.au/nsw/lakesland""}]",unmatched,unmatched,review,coordinate_only,unmatched,unmatched,review,coordinate_500m_historical_web_rule,osm_fast_dc,accepted,OSM,OSM:https://www.openstreetmap.org/node/11695236309,,,OSM: source address and original postcode conflict; candidate does not pass the automatic identity gate; Accepted by 500 m and historical high/medium web-evidence policy; not independently identity-verified; strict rejection retained,yes,,"{""OSM::access_condition"": ""Free Access"", ""OSM::allows_card_payment"": false, ""OSM::allows_reservation"": false, ""OSM::connector_types_normalized"": ""CCS;CHAdeMO"", ""OSM::data_provider"": ""OpenStreetMap"", ""OSM::is_free"": false, ""OSM::power_scope"": ""station_reported_maximum""}","{""OSM::access_condition"": ""Free Access"", ""OSM::allows_card_payment"": false, ""OSM::allows_reservation"": false, ""OSM::connector_types_normalized"": ""CCS;CHAdeMO"", ""OSM::is_free"": false, ""OSM::power_scope"": ""station_reported_maximum""}",5
821,,,"Car Park, 51 Evans Street (Victoria Park), Inverell NSW 2360",NRMA Electric,2,DC,75 kW,-35.1086448,147.3732036,Inverell Shire Council,2360,TfNSW Regional,0,0,0,0,0,0,0,0,0,0,0,0,0,0,0,0,0,0,0,0,0,0,0,0,0,0,0,0,0,0,0,0,0,0,0,2,0,0,0,0,Riverina,113,2650,review,coordinate_only,57.255774185141654,0.33653846153846156,190500,"8 Cross Street, Wagga Wagga, NSW",Cross Street Carpark [NRMA],NRMA,"{""charger_capacities"": ""50 kW"", ""charging_point_count"": 1.0, ""connector_types_normalized"": ""CCS;CHAdeMO"", ""data_provider"": ""Open Charge Map"", ""is_operational"": true, ""last_verified"": ""2024-11-12T12:09:00Z"", ""number_of_plugs"": null, ""operator"": ""NRMA"", ""plug_types"": ""CCS (Type 2); CHAdeMO"", ""power_kw_max"": 50.0, ""power_kw_min"": 50.0, ""power_kw_values"": [50.0], ""power_scope"": ""dc_indicated_connection_ratings"", ""status"": ""Operational"", ""usage_cost"": ""$0.66/KWh""}",True,1,1,,source address and original postcode conflict; external postcode conflicts with source; house numbers conflict; address evidence is inconsistent; candidate does not pass the automatic identity gate,,True,accepted,coordinate_500m_historical_web_rule,47.2713723102401,0.0,https://www.openstreetmap.org/node/7932870081,,,NRMA,"{""access_condition"": ""Free Access"", ""allows_card_payment"": false, ""allows_reservation"": false, ""charging_point_count"": 2, ""charging_point_count_raw"": 2, ""connector_types_normalized"": ""CCS;CHAdeMO"", ""data_provider"": ""OpenStreetMap"", ""is_free"": false, ""network"": """", ""number_of_plugs"": null, ""opening_hours"": """", ""power_kw_max"": null, ""power_kw_min"": null, ""power_scope"": ""station_reported_maximum"", ""pricing_info"": """"}",True,1,1,,source address and original postcode conflict; candidate does not pass the automatic identity gate,source address and original postcode conflict; candidate does not pass the automatic identity gate; Accepted by 500 m and historical high/medium web-evidence policy; not independently identity-verified; strict rejection retained,True,unmatched,unmatched,,,,,,,{},,0,0,,,,True,accepted,"[{""binding"": ""same source address and OCM ID; search evidence only"", ""conclusion"": ""web_evidence_found_not_identity_proof"", ""file"": ""data/reference/web_review/task3_ocm_125_web_confidence.csv"", ""identity_decision"": ""web evidence only; same-station identity not automatically proven"", ""page_opened"": false, ""reported_confidence"": ""medium"", ""url"": ""https://inverell.nsw.gov.au/wp-content/uploads/2022/03/OrdinaryBusinessPaper_23March2022.pdf""}]",review,coordinate_only,review,coordinate_only,unmatched,unmatched,review,coordinate_500m_historical_web_rule,osm_fast_dc,accepted,OSM,OSM:https://www.openstreetmap.org/node/7932870081,OCM,OCM: source address and original postcode conflict; external postcode conflicts with source; house numbers conflict; address evidence is inconsistent; candidate does not pass the automatic identity gate,OSM: source address and original postcode conflict; candidate does not pass the automatic identity gate; Accepted by 500 m and historical high/medium web-evidence policy; not independently identity-verified; strict rejection retained,yes,,"{""OSM::access_condition"": ""Free Access"", ""OSM::allows_card_payment"": false, ""OSM::allows_reservation"": false, ""OSM::charging_point_count"": 2, ""OSM::charging_point_count_raw"": 2, ""OSM::connector_types_normalized"": ""CCS;CHAdeMO"", ""OSM::data_provider"": ""OpenStreetMap"", ""OSM::is_free"": false, ""OSM::power_scope"": ""station_reported_maximum""}","{""OSM::access_condition"": ""Free Access"", ""OSM::allows_card_payment"": false, ""OSM::allows_reservation"": false, ""OSM::connector_types_normalized"": ""CCS;CHAdeMO"", ""OSM::is_free"": false, ""OSM::power_scope"": ""station_reported_maximum""}",5
857,,,"Gardeners Road, Sydney NSW 2020",JOLT,2,DC,25 kW,-33.92049354,151.1907497,"Sydney, Council of the City of",2020,Existing Fast Chargers,0,0,0,0,0,0,0,0,0,0,0,0,0,0,0,0,0,0,0,0,0,0,2,0,0,0,0,0,0,0,0,0,0,0,0,0,0,0,0,0,Sydney - City and Inner South,117,2020,unmatched,unmatched,,,,,,,{},,0,0,,,,False,accepted,coordinate_500m_historical_web_rule,36.39240285675308,0.0,https://www.openstreetmap.org/node/10863588015,,,Jolt,"{""access_condition"": ""Free Access"", ""allows_card_payment"": false, ""allows_reservation"": false, ""charging_point_count"": 2, ""charging_point_count_raw"": 2, ""connector_types_normalized"": ""CCS;CHAdeMO"", ""data_provider"": ""OpenStreetMap"", ""is_free"": false, ""network"": """", ""number_of_plugs"": null, ""opening_hours"": """", ""power_kw_max"": null, ""power_kw_min"": null, ""power_scope"": ""station_reported_maximum"", ""pricing_info"": """"}",True,1,1,,external ID https://www.openstreetmap.org/node/10863588015 is shared by distinct source sites,external ID https://www.openstreetmap.org/node/10863588015 is shared by distinct source sites; Accepted by 500 m and historical high/medium web-evidence policy; not independently identity-verified; strict rejection retained,False,unmatched,unmatched,,,,,,,{},,0,0,,,,False,accepted,"[{""binding"": ""source_address_only; external identity not verified"", ""conclusion"": """", ""file"": ""data/reference/web_review/task3_104_non_ocm_web_verified.csv"", ""identity_decision"": ""web evidence only; same-station identity not automatically proven"", ""page_opened"": true, ""reported_confidence"": ""high"", ""url"": ""https://ev-charging-stations.com.au/chargers/nsw/eastlakes""}]",unmatched,unmatched,review,coordinate_only,unmatched,unmatched,review,coordinate_500m_historical_web_rule,osm_fast_dc,accepted,OSM,OSM:https://www.openstreetmap.org/node/10863588015,,,OSM: external ID https://www.openstreetmap.org/node/10863588015 is shared by distinct source sites; Accepted by 500 m and historical high/medium web-evidence policy; not independently identity-verified; strict rejection retained; OSM:https://www.openstreetmap.org/node/10863588015 is linked to multiple TfNSW rows,yes,,"{""OSM::access_condition"": ""Free Access"", ""OSM::allows_card_payment"": false, ""OSM::allows_reservation"": false, ""OSM::charging_point_count"": 2, ""OSM::charging_point_count_raw"": 2, ""OSM::connector_types_normalized"": ""CCS;CHAdeMO"", ""OSM::data_provider"": ""OpenStreetMap"", ""OSM::is_free"": false, ""OSM::power_scope"": ""station_reported_maximum""}","{""OSM::access_condition"": ""Free Access"", ""OSM::allows_card_payment"": false, ""OSM::allows_reservation"": false, ""OSM::connector_types_normalized"": ""CCS;CHAdeMO"", ""OSM::is_free"": false, ""OSM::power_scope"": ""station_reported_maximum""}",5
858,,,"Gardeners Road, Sydney NSW 2020",JOLT,2,DC,25 kW,-33.92059364,151.1914745,"Sydney, Council of the City of",2020,Existing Fast Chargers,0,0,0,0,0,0,0,0,0,0,0,0,0,0,0,0,0,0,0,0,0,0,2,0,0,0,0,0,0,0,0,0,0,0,0,0,0,0,0,0,Sydney - City and Inner South,117,2020,unmatched,unmatched,,,,,,,{},,0,0,,,,False,accepted,coordinate_500m_historical_web_rule,31.418634701048816,0.0,https://www.openstreetmap.org/node/10863588015,,,Jolt,"{""access_condition"": ""Free Access"", ""allows_card_payment"": false, ""allows_reservation"": false, ""charging_point_count"": 2, ""charging_point_count_raw"": 2, ""connector_types_normalized"": ""CCS;CHAdeMO"", ""data_provider"": ""OpenStreetMap"", ""is_free"": false, ""network"": """", ""number_of_plugs"": null, ""opening_hours"": """", ""power_kw_max"": null, ""power_kw_min"": null, ""power_scope"": ""station_reported_maximum"", ""pricing_info"": """"}",True,1,1,,external ID https://www.openstreetmap.org/node/10863588015 is shared by distinct source sites,external ID https://www.openstreetmap.org/node/10863588015 is shared by distinct source sites; Accepted by 500 m and historical high/medium web-evidence policy; not independently identity-verified; strict rejection retained,False,unmatched,unmatched,,,,,,,{},,0,0,,,,False,accepted,"[{""binding"": ""source_address_only; external identity not verified"", ""conclusion"": """", ""file"": ""data/reference/web_review/task3_104_non_ocm_web_verified.csv"", ""identity_decision"": ""web evidence only; same-station identity not automatically proven"", ""page_opened"": true, ""reported_confidence"": ""high"", ""url"": ""https://ev-charging-stations.com.au/chargers/nsw/eastlakes""}]",unmatched,unmatched,review,coordinate_only,unmatched,unmatched,review,coordinate_500m_historical_web_rule,osm_fast_dc,accepted,OSM,OSM:https://www.openstreetmap.org/node/10863588015,,,OSM: external ID https://www.openstreetmap.org/node/10863588015 is shared by distinct source sites; Accepted by 500 m and historical high/medium web-evidence policy; not independently identity-verified; strict rejection retained; OSM:https://www.openstreetmap.org/node/10863588015 is linked to multiple TfNSW rows,yes,,"{""OSM::access_condition"": ""Free Access"", ""OSM::allows_card_payment"": false, ""OSM::allows_reservation"": false, ""OSM::charging_point_count"": 2, ""OSM::charging_point_count_raw"": 2, ""OSM::connector_types_normalized"": ""CCS;CHAdeMO"", ""OSM::data_provider"": ""OpenStreetMap"", ""OSM::is_free"": false, ""OSM::power_scope"": ""station_reported_maximum""}","{""OSM::access_condition"": ""Free Access"", ""OSM::allows_card_payment"": false, ""OSM::allows_reservation"": false, ""OSM::connector_types_normalized"": ""CCS;CHAdeMO"", ""OSM::is_free"": false, ""OSM::power_scope"": ""station_reported_maximum""}",5
883,,,"Kable Avenue, Tamworth NSW 2340",NRMA Electric,2,DC,50 kW,-31.0903554,150.9274134,Tamworth Regional Council,2340,Existing Fast Chargers,0,0,0,0,0,0,0,0,0,0,0,0,0,0,0,0,0,0,0,0,0,0,0,0,0,0,0,0,0,0,0,2,0,0,0,0,0,0,0,0,New England and North West,110,2340,accepted,coordinate_500m_historical_web_rule,256.27459001743915,0.3222222222222222,312659,"Cooper Lane, Tamworth, NSW, 2340",Evie 300kW Charger,Evie,"{""charger_capacities"": ""22 kW; 300 kW"", ""charging_point_count"": 1.0, ""connector_types_normalized"": ""CCS;Type2"", ""data_provider"": ""Open Charge Map"", ""is_operational"": true, ""last_verified"": ""2025-05-20T02:24:00Z"", ""number_of_plugs"": null, ""operator"": ""Evie"", ""plug_types"": ""CCS (Type 2); Type 2 (Socket Only)"", ""power_kw_max"": 300.0, ""power_kw_min"": 300.0, ""power_kw_values"": [300.0], ""power_scope"": ""dc_indicated_connection_ratings"", ""status"": ""Operational"", ""usage_cost"": ""63c""}",True,1,1,,address evidence is inconsistent; candidate does not pass the automatic identity gate,address evidence is inconsistent; candidate does not pass the automatic identity gate; Accepted by 500 m and historical high/medium web-evidence policy; not independently identity-verified; strict rejection retained,False,unmatched,unmatched,,,,,,,{},,0,0,,,,False,unmatched,unmatched,,,,,,,{},,0,0,,,,False,accepted,"[{""binding"": ""same source address and OCM ID; search evidence only"", ""conclusion"": ""web_evidence_found_not_identity_proof"", ""file"": ""data/reference/web_review/task3_ocm_125_web_confidence.csv"", ""identity_decision"": ""web evidence only; same-station identity not automatically proven"", ""page_opened"": true, ""reported_confidence"": ""high"", ""url"": ""https://geelytamworth.com.au/""}]",review,coordinate_only,unmatched,unmatched,unmatched,unmatched,review,coordinate_500m_historical_web_rule,ocm,accepted,OCM,OCM:312659,,,OCM: address evidence is inconsistent; candidate does not pass the automatic identity gate; Accepted by 500 m and historical high/medium web-evidence policy; not independently identity-verified; strict rejection retained; OCM:312659 is linked to multiple TfNSW rows,yes,,"{""OCM::charger_capacities"": ""22 kW; 300 kW"", ""OCM::charging_point_count"": 1.0, ""OCM::connector_types_normalized"": ""CCS;Type2"", ""OCM::data_provider"": ""Open Charge Map"", ""OCM::is_operational"": true, ""OCM::last_verified"": ""2025-05-20T02:24:00Z"", ""OCM::operator"": ""Evie"", ""OCM::plug_types"": ""CCS (Type 2); Type 2 (Socket Only)"", ""OCM::power_kw_max"": 300.0, ""OCM::power_kw_min"": 300.0, ""OCM::power_kw_values"": [300.0], ""OCM::power_scope"": ""dc_indicated_connection_ratings"", ""OCM::status"": ""Operational"", ""OCM::usage_cost"": ""63c""}","{""OCM::connector_types_normalized"": ""CCS;Type2"", ""OCM::is_operational"": true, ""OCM::operator"": ""Evie"", ""OCM::plug_types"": ""CCS (Type 2); Type 2 (Socket Only)"", ""OCM::power_kw_max"": 300.0, ""OCM::power_kw_min"": 300.0, ""OCM::power_scope"": ""dc_indicated_connection_ratings"", ""OCM::status"": ""Operational"", ""OCM::usage_cost"": ""63c""}",5
898,,,"M4 Motorway Westbound, Sydney NSW 2766",Ampol,10,DC,400 kW,-33.80214519,150.8802132,Blacktown City Council,2766,Existing Fast Chargers,0,0,0,0,0,0,0,0,0,0,0,0,0,0,0,0,0,0,0,0,0,0,0,0,0,0,0,10,0,0,0,0,0,0,0,0,0,0,0,0,Sydney - Blacktown,116,2766,unmatched,unmatched,,,,,,,{},,0,0,,,,False,accepted,coordinate_500m_historical_web_rule,123.38645196167494,0.0,https://www.openstreetmap.org/node/13371885230,,,AmpCharge,"{""access_condition"": ""Free Access"", ""allows_card_payment"": false, ""allows_reservation"": false, ""charging_point_count"": 10, ""charging_point_count_raw"": 10, ""connector_types_normalized"": ""CCS"", ""data_provider"": ""OpenStreetMap"", ""is_free"": false, ""network"": """", ""number_of_plugs"": null, ""opening_hours"": """", ""power_kw_max"": null, ""power_kw_min"": null, ""power_scope"": ""station_reported_maximum"", ""pricing_info"": """"}",True,1,1,,candidate does not pass the automatic identity gate,candidate does not pass the automatic identity gate; Accepted by 500 m and historical high/medium web-evidence policy; not independently identity-verified; strict rejection retained,False,unmatched,unmatched,,,,,,,{},,0,0,,,,False,accepted,"[{""binding"": ""source_address_only; external identity not verified"", ""conclusion"": """", ""file"": ""data/reference/web_review/task3_104_non_ocm_web_verified.csv"", ""identity_decision"": ""web evidence only; same-station identity not automatically proven"", ""page_opened"": false, ""reported_confidence"": ""medium"", ""url"": ""https://www.chargeroute.au/chargers/nsw/ampol-sydney-sydney-7""}]",unmatched,unmatched,review,coordinate_only,unmatched,unmatched,review,coordinate_500m_historical_web_rule,osm_fast_dc,accepted,OSM,OSM:https://www.openstreetmap.org/node/13371885230,,,OSM: candidate does not pass the automatic identity gate; Accepted by 500 m and historical high/medium web-evidence policy; not independently identity-verified; strict rejection retained,yes,,"{""OSM::access_condition"": ""Free Access"", ""OSM::allows_card_payment"": false, ""OSM::allows_reservation"": false, ""OSM::charging_point_count"": 10, ""OSM::charging_point_count_raw"": 10, ""OSM::connector_types_normalized"": ""CCS"", ""OSM::data_provider"": ""OpenStreetMap"", ""OSM::is_free"": false, ""OSM::power_scope"": ""station_reported_maximum""}","{""OSM::access_condition"": ""Free Access"", ""OSM::allows_card_payment"": false, ""OSM::allows_reservation"": false, ""OSM::connector_types_normalized"": ""CCS"", ""OSM::is_free"": false, ""OSM::power_scope"": ""station_reported_maximum""}",5
931,,,"Pole Lane, Sydney NSW 2065",Evie Networks,4,DC,75 kW,-33.82462167,151.1997668,North Sydney Council,2065,Existing Fast Chargers,0,0,0,0,0,0,0,0,0,0,0,0,0,0,0,0,0,0,0,0,0,0,0,0,0,0,0,0,0,0,0,0,0,0,0,4,0,0,0,0,Sydney - North Sydney and Hornsby,121,2065,review,coordinate_only,418.84848376956006,0.31222222222222223,272632,"88 Christie St, St Leonards, NSW, 2065",Civic Plaza 88 Christie,Evie,"{""charger_capacities"": ""50 kW"", ""charging_point_count"": 2.0, ""connector_types_normalized"": ""CCS;CHAdeMO"", ""data_provider"": ""Open Charge Map"", ""is_operational"": true, ""last_verified"": ""2023-07-15T12:12:00Z"", ""number_of_plugs"": null, ""operator"": ""Evie"", ""plug_types"": ""CCS (Type 2); CHAdeMO"", ""power_kw_max"": 50.0, ""power_kw_min"": 50.0, ""power_kw_values"": [50.0], ""power_scope"": ""dc_indicated_connection_ratings"", ""status"": ""Operational"", ""usage_cost"": """"}",True,1,1,,address evidence is inconsistent; candidate does not pass the automatic identity gate,,False,accepted,coordinate_500m_historical_web_rule,20.925587158815887,0.0,https://www.openstreetmap.org/node/13059026685,,,Evie Networks,"{""access_condition"": ""Free Access"", ""allows_card_payment"": false, ""allows_reservation"": false, ""charging_point_count"": 4, ""charging_point_count_raw"": 4, ""connector_types_normalized"": ""CCS"", ""data_provider"": ""OpenStreetMap"", ""is_free"": false, ""network"": """", ""number_of_plugs"": null, ""opening_hours"": """", ""power_kw_max"": null, ""power_kw_min"": null, ""power_scope"": ""station_reported_maximum"", ""pricing_info"": """"}",True,2,2,326.7207242925149,external ID https://www.openstreetmap.org/node/13059026685 is shared by distinct source sites,external ID https://www.openstreetmap.org/node/13059026685 is shared by distinct source sites; Accepted by 500 m and historical high/medium web-evidence policy; not independently identity-verified; strict rejection retained,False,review,coordinate_only,460.5354317896542,0.4457264957264957,15d06bf5-6b4a-425d-9312-bae4b17cc22b-1993,"1 Plunkett St, New South Wales, St Leonards, NSW 2065",Willoughby City Council - Plunkett St,,"{""connector_types_normalized"": ""CCS"", ""data_provider"": ""Charge@Large"", ""dc_port_count"": 2, ""number_of_plugs"": null, ""power_kw_max"": 50.0, ""power_kw_min"": 50.0, ""power_kw_values"": [50.0], ""power_scope"": ""dc_indicated_ports"", ""site_power_range_raw"": ""50"", ""status_counts"": {""Available"": 2}, ""status_observed_at"": null, ""total_port_count"": 2}",True,1,1,,address evidence is inconsistent; candidate does not pass the automatic identity gate,,False,accepted,"[{""binding"": ""same source address and OCM ID; search evidence only"", ""conclusion"": ""web_evidence_found_not_identity_proof"", ""file"": ""data/reference/web_review/task3_ocm_125_web_confidence.csv"", ""identity_decision"": ""web evidence only; same-station identity not automatically proven"", ""page_opened"": true, ""reported_confidence"": ""high"", ""url"": ""https://www.plugroo.com.au/nsw/north-sydney""}]",review,coordinate_only,review,coordinate_only,review,coordinate_only,review,coordinate_500m_historical_web_rule,osm_fast_dc,accepted,OSM,OSM:https://www.openstreetmap.org/node/13059026685,OCM;Charge@Large,OCM: address evidence is inconsistent; candidate does not pass the automatic identity gate; Charge@Large: address evidence is inconsistent; candidate does not pass the automatic identity gate,OSM: external ID https://www.openstreetmap.org/node/13059026685 is shared by distinct source sites; Accepted by 500 m and historical high/medium web-evidence policy; not independently identity-verified; strict rejection retained; OSM:https://www.openstreetmap.org/node/13059026685 is linked to multiple TfNSW rows,yes,,"{""OSM::access_condition"": ""Free Access"", ""OSM::allows_card_payment"": false, ""OSM::allows_reservation"": false, ""OSM::charging_point_count"": 4, ""OSM::charging_point_count_raw"": 4, ""OSM::connector_types_normalized"": ""CCS"", ""OSM::data_provider"": ""OpenStreetMap"", ""OSM::is_free"": false, ""OSM::power_scope"": ""station_reported_maximum""}","{""OSM::access_condition"": ""Free Access"", ""OSM::allows_card_payment"": false, ""OSM::allows_reservation"": false, ""OSM::connector_types_normalized"": ""CCS"", ""OSM::is_free"": false, ""OSM::power_scope"": ""station_reported_maximum""}",5
937,,,"Prospect Street, Holbrook NSW 2644",NRMA Electric,2,DC,50 kW,-35.7181522,147.316019,Greater Hume Shire Council,2644,Existing Fast Chargers,0,0,0,0,0,0,0,0,0,0,0,0,0,0,0,0,0,0,0,0,0,0,0,0,0,0,0,0,0,0,0,2,0,0,0,0,0,0,0,0,Murray,109,2644,review,coordinate_only,174.37769186541783,0.6903508771929825,190359,"Submarine Park, 7 Prospect Street, Holbrook, NSW",Holbrook [NRMA],NRMA,"{""charger_capacities"": ""50 kW"", ""charging_point_count"": 1.0, ""connector_types_normalized"": ""CCS;CHAdeMO"", ""data_provider"": ""Open Charge Map"", ""is_operational"": true, ""last_verified"": ""2021-12-19T02:24:00Z"", ""number_of_plugs"": null, ""operator"": ""NRMA"", ""plug_types"": ""CCS (Type 2); CHAdeMO"", ""power_kw_max"": 50.0, ""power_kw_min"": 50.0, ""power_kw_values"": [50.0], ""power_scope"": ""dc_indicated_connection_ratings"", ""status"": ""Operational"", ""usage_cost"": """"}",True,1,1,,address evidence is inconsistent; candidate does not pass the automatic identity gate,,False,accepted,coordinate_500m_historical_web_rule,171.18446188936008,0.0,https://www.openstreetmap.org/node/6749392356,,,NRMA,"{""access_condition"": ""Free Access"", ""allows_card_payment"": false, ""allows_reservation"": false, ""charging_point_count"": 4, ""charging_point_count_raw"": 4, ""connector_types_normalized"": ""CCS"", ""data_provider"": ""OpenStreetMap"", ""is_free"": false, ""network"": """", ""number_of_plugs"": null, ""opening_hours"": """", ""power_kw_max"": null, ""power_kw_min"": null, ""power_scope"": ""station_reported_maximum"", ""pricing_info"": """"}",True,1,1,,candidate does not pass the automatic identity gate,candidate does not pass the automatic identity gate; Accepted by 500 m and historical high/medium web-evidence policy; not independently identity-verified; strict rejection retained,False,unmatched,unmatched,,,,,,,{},,0,0,,,,False,accepted,"[{""binding"": ""same source address and OCM ID; search evidence only"", ""conclusion"": ""web_evidence_found_not_identity_proof"", ""file"": ""data/reference/web_review/task3_ocm_125_web_confidence.csv"", ""identity_decision"": ""web evidence only; same-station identity not automatically proven"", ""page_opened"": true, ""reported_confidence"": ""high"", ""url"": ""https://ev-charging-stations.com.au/chargers/nsw/holbrook""}]",review,coordinate_only,review,coordinate_only,unmatched,unmatched,review,coordinate_500m_historical_web_rule,osm_fast_dc,accepted,OSM,OSM:https://www.openstreetmap.org/node/6749392356,OCM,OCM: address evidence is inconsistent; candidate does not pass the automatic identity gate,OSM: candidate does not pass the automatic identity gate; Accepted by 500 m and historical high/medium web-evidence policy; not independently identity-verified; strict rejection retained,yes,,"{""OSM::access_condition"": ""Free Access"", ""OSM::allows_card_payment"": false, ""OSM::allows_reservation"": false, ""OSM::charging_point_count"": 4, ""OSM::charging_point_count_raw"": 4, ""OSM::connector_types_normalized"": ""CCS"", ""OSM::data_provider"": ""OpenStreetMap"", ""OSM::is_free"": false, ""OSM::power_scope"": ""station_reported_maximum""}","{""OSM::access_condition"": ""Free Access"", ""OSM::allows_card_payment"": false, ""OSM::allows_reservation"": false, ""OSM::connector_types_normalized"": ""CCS"", ""OSM::is_free"": false, ""OSM::power_scope"": ""station_reported_maximum""}",5
954,,,"Skillman'S Lane, Coonamble NSW 2829",NRMA Electric,4,DC,50 kW,-34.8411047,148.912197,Coonamble Shire Council,2829,TfNSW Regional,0,0,0,0,0,0,0,0,0,0,0,0,0,0,0,0,0,0,0,0,0,0,0,0,0,0,0,0,0,0,0,4,0,0,0,0,0,0,0,0,Capital Region,101,2582,accepted,coordinate_500m_historical_web_rule,22.813150617495857,0.32,190005,"81 Meehan Street, Yass, New South Wales, 2582",Banjo Paterson Park [NRMA],NRMA,"{""charger_capacities"": ""50 kW"", ""charging_point_count"": 1.0, ""connector_types_normalized"": ""CCS;CHAdeMO"", ""data_provider"": ""Open Charge Map"", ""is_operational"": true, ""last_verified"": ""2021-12-19T02:14:00Z"", ""number_of_plugs"": null, ""operator"": ""NRMA"", ""plug_types"": ""CCS (Type 2); CHAdeMO"", ""power_kw_max"": 50.0, ""power_kw_min"": 50.0, ""power_kw_values"": [50.0], ""power_scope"": ""dc_indicated_connection_ratings"", ""status"": ""Operational"", ""usage_cost"": ""FREE""}",True,2,2,324.01066996749915,source address and original postcode conflict; external postcode conflicts with source; address evidence is inconsistent; candidate does not pass the automatic identity gate,source address and original postcode conflict; external postcode conflicts with source; address evidence is inconsistent; candidate does not pass the automatic identity gate; Accepted by 500 m and historical high/medium web-evidence policy; not independently identity-verified; strict rejection retained,True,review,coordinate_only,23.18395170060744,0.0,https://www.openstreetmap.org/node/7816558586,,,NRMA,"{""access_condition"": ""Free Access"", ""allows_card_payment"": false, ""allows_reservation"": false, ""charging_point_count"": 2, ""charging_point_count_raw"": 2, ""connector_types_normalized"": ""CHAdeMO"", ""data_provider"": ""OpenStreetMap"", ""is_free"": true, ""network"": """", ""number_of_plugs"": null, ""opening_hours"": """", ""power_kw_max"": 100.0, ""power_kw_min"": null, ""power_scope"": ""station_reported_maximum"", ""pricing_info"": """"}",True,3,3,309.1193962400524,source address and original postcode conflict; candidate does not pass the automatic identity gate,,True,unmatched,unmatched,,,,,,,{},,0,0,,,,True,accepted,"[{""binding"": ""same source address and OCM ID; search evidence only"", ""conclusion"": ""web_evidence_found_not_identity_proof"", ""file"": ""data/reference/web_review/task3_ocm_125_web_confidence.csv"", ""identity_decision"": ""web evidence only; same-station identity not automatically proven"", ""page_opened"": false, ""reported_confidence"": ""medium"", ""url"": ""https://www.chargeroute.au/chargers/nsw/evie-murrumbateman-murrumbateman""}]",review,coordinate_only,review,coordinate_only,unmatched,unmatched,review,coordinate_500m_historical_web_rule,ocm,accepted,OCM,OCM:190005,OSM,OSM: source address and original postcode conflict; candidate does not pass the automatic identity gate,OCM: source address and original postcode conflict; external postcode conflicts with source; address evidence is inconsistent; candidate does not pass the automatic identity gate; Accepted by 500 m and historical high/medium web-evidence policy; not independently identity-verified; strict rejection retained,yes,,"{""OCM::charger_capacities"": ""50 kW"", ""OCM::charging_point_count"": 1.0, ""OCM::connector_types_normalized"": ""CCS;CHAdeMO"", ""OCM::data_provider"": ""Open Charge Map"", ""OCM::is_operational"": true, ""OCM::last_verified"": ""2021-12-19T02:14:00Z"", ""OCM::operator"": ""NRMA"", ""OCM::plug_types"": ""CCS (Type 2); CHAdeMO"", ""OCM::power_kw_max"": 50.0, ""OCM::power_kw_min"": 50.0, ""OCM::power_kw_values"": [50.0], ""OCM::power_scope"": ""dc_indicated_connection_ratings"", ""OCM::status"": ""Operational"", ""OCM::usage_cost"": ""FREE""}","{""OCM::connector_types_normalized"": ""CCS;CHAdeMO"", ""OCM::is_operational"": true, ""OCM::operator"": ""NRMA"", ""OCM::plug_types"": ""CCS (Type 2); CHAdeMO"", ""OCM::power_kw_max"": 50.0, ""OCM::power_kw_min"": 50.0, ""OCM::power_scope"": ""dc_indicated_connection_ratings"", ""OCM::status"": ""Operational"", ""OCM::usage_cost"": ""FREE""}",5
974,,,"Western Motorway, Sydney NSW 2766",Ampol,15,DC,240 kW,-33.80154859,150.886,Blacktown City Council,2766,Existing Fast Chargers,0,0,0,0,0,0,0,0,0,0,0,0,0,0,0,0,0,0,0,15,0,0,0,0,0,0,0,0,0,0,0,0,0,0,0,0,0,0,0,0,Sydney - Blacktown,116,2766,unmatched,unmatched,,,,,,,{},,0,0,,,,False,accepted,coordinate_500m_historical_web_rule,168.55368362739804,0.0,https://www.openstreetmap.org/node/13036304448,,,AmpCharge,"{""access_condition"": ""Free Access"", ""allows_card_payment"": false, ""allows_reservation"": false, ""charging_point_count"": 10, ""charging_point_count_raw"": 10, ""connector_types_normalized"": ""CCS;CHAdeMO"", ""data_provider"": ""OpenStreetMap"", ""is_free"": false, ""network"": """", ""number_of_plugs"": null, ""opening_hours"": """", ""power_kw_max"": null, ""power_kw_min"": null, ""power_scope"": ""station_reported_maximum"", ""pricing_info"": """"}",True,2,2,254.2407631532689,candidate does not pass the automatic identity gate,candidate does not pass the automatic identity gate; Accepted by 500 m and historical high/medium web-evidence policy; not independently identity-verified; strict rejection retained,False,unmatched,unmatched,,,,,,,{},,0,0,,,,False,accepted,"[{""binding"": ""source_address_only; external identity not verified"", ""conclusion"": """", ""file"": ""data/reference/web_review/task3_104_non_ocm_web_verified.csv"", ""identity_decision"": ""web evidence only; same-station identity not automatically proven"", ""page_opened"": false, ""reported_confidence"": ""medium"", ""url"": ""https://www.chargeroute.au/chargers/nsw/ampol-sydney-sydney-10""}]",unmatched,unmatched,review,coordinate_only,unmatched,unmatched,review,coordinate_500m_historical_web_rule,osm_fast_dc,accepted,OSM,OSM:https://www.openstreetmap.org/node/13036304448,,,OSM: candidate does not pass the automatic identity gate; Accepted by 500 m and historical high/medium web-evidence policy; not independently identity-verified; strict rejection retained,yes,,"{""OSM::access_condition"": ""Free Access"", ""OSM::allows_card_payment"": false, ""OSM::allows_reservation"": false, ""OSM::charging_point_count"": 10, ""OSM::charging_point_count_raw"": 10, ""OSM::connector_types_normalized"": ""CCS;CHAdeMO"", ""OSM::data_provider"": ""OpenStreetMap"", ""OSM::is_free"": false, ""OSM::power_scope"": ""station_reported_maximum""}","{""OSM::access_condition"": ""Free Access"", ""OSM::allows_card_payment"": false, ""OSM::allows_reservation"": false, ""OSM::connector_types_normalized"": ""CCS;CHAdeMO"", ""OSM::is_free"": false, ""OSM::power_scope"": ""station_reported_maximum""}",5
1298,,,"173 Canterbury Road, Bankstown NSW 2200",Tesla,6,DC,175 kW,-33.9336017,151.0299345,Canterbury Bankstown Council,2200,Fast Charging R1,0,0,0,0,0,0,0,0,0,0,6,0,0,0,0,0,0,0,0,0,0,0,0,0,0,0,0,0,0,0,0,0,0,0,0,0,0,0,0,0,Sydney - Inner South West,119,2200,accepted,coordinate_500m_historical_web_rule,137.94298302376296,0.4391304347826087,308738,"Chapel Road, Bankstown, NSW",Tesla Supercharger Bankstown,Tesla (including non-tesla),"{""charger_capacities"": ""250 kW"", ""charging_point_count"": 6.0, ""connector_types_normalized"": ""CCS"", ""data_provider"": ""Open Charge Map"", ""is_operational"": true, ""last_verified"": ""2025-03-04T03:29:00Z"", ""number_of_plugs"": null, ""operator"": ""Tesla (including non-tesla)"", ""plug_types"": ""CCS (Type 2)"", ""power_kw_max"": 250.0, ""power_kw_min"": 250.0, ""power_kw_values"": [250.0], ""power_scope"": ""dc_indicated_connection_ratings"", ""status"": ""Operational"", ""usage_cost"": ""$0.69/kWh""}",True,2,2,39.71048871388646,address evidence is inconsistent; candidate does not pass the automatic identity gate,address evidence is inconsistent; candidate does not pass the automatic identity gate; Accepted by 500 m and historical high/medium web-evidence policy; not independently identity-verified; strict rejection retained,False,review,coordinate_only,168.2569404186566,0.0,https://www.openstreetmap.org/node/12560173013,,Bankstown Supercharger,Tesla,"{""access_condition"": ""Free Access"", ""allows_card_payment"": false, ""allows_reservation"": false, ""charging_point_count"": 6, ""charging_point_count_raw"": 6, ""connector_types_normalized"": ""CCS"", ""data_provider"": ""OpenStreetMap"", ""is_free"": false, ""network"": ""Supercharger"", ""number_of_plugs"": null, ""opening_hours"": ""24/7"", ""power_kw_max"": null, ""power_kw_min"": null, ""power_scope"": ""station_reported_maximum"", ""pricing_info"": """"}",True,2,2,4.504608864160275,another coordinate candidate is similarly close; multiple candidates have similar evidence; candidate does not pass the automatic identity gate,,False,review,coordinate_only,430.3341095817915,0.1706521739130435,15d06bf5-6b4a-425d-9312-bae4b17cc22b-2587,"44 Gibson Ave, Padstow, NSW 2211",RideLender Padstow,,"{""connector_types_normalized"": ""CCS"", ""data_provider"": ""Charge@Large"", ""dc_port_count"": 4, ""number_of_plugs"": null, ""power_kw_max"": 60.0, ""power_kw_min"": 60.0, ""power_kw_values"": [60.0], ""power_scope"": ""dc_indicated_ports"", ""site_power_range_raw"": ""60"", ""status_counts"": {""Available"": 4}, ""status_observed_at"": null, ""total_port_count"": 4}",True,1,1,,external postcode conflicts with source; house numbers conflict; address evidence is inconsistent; candidate does not pass the automatic identity gate,,False,accepted,"[{""binding"": ""same source address and OCM ID; search evidence only"", ""conclusion"": ""web_evidence_found_not_identity_proof"", ""file"": ""data/reference/web_review/task3_ocm_125_web_confidence.csv"", ""identity_decision"": ""web evidence only; same-station identity not automatically proven"", ""page_opened"": false, ""reported_confidence"": ""medium"", ""url"": ""https://plugroo.com.au/location/supercharger-nsw-bankstown-173-canterbury-road""}]",review,coordinate_only,review,coordinate_only,review,coordinate_only,review,coordinate_500m_historical_web_rule,ocm,accepted,OCM,OCM:308738,OSM;Charge@Large,OSM: another coordinate candidate is similarly close; multiple candidates have similar evidence; candidate does not pass the automatic identity gate; Charge@Large: external postcode conflicts with source; house numbers conflict; address evidence is inconsistent; candidate does not pass the automatic identity gate,OCM: address evidence is inconsistent; candidate does not pass the automatic identity gate; Accepted by 500 m and historical high/medium web-evidence policy; not independently identity-verified; strict rejection retained,yes,,"{""OCM::charger_capacities"": ""250 kW"", ""OCM::charging_point_count"": 6.0, ""OCM::connector_types_normalized"": ""CCS"", ""OCM::data_provider"": ""Open Charge Map"", ""OCM::is_operational"": true, ""OCM::last_verified"": ""2025-03-04T03:29:00Z"", ""OCM::operator"": ""Tesla (including non-tesla)"", ""OCM::plug_types"": ""CCS (Type 2)"", ""OCM::power_kw_max"": 250.0, ""OCM::power_kw_min"": 250.0, ""OCM::power_kw_values"": [250.0], ""OCM::power_scope"": ""dc_indicated_connection_ratings"", ""OCM::status"": ""Operational"", ""OCM::usage_cost"": ""$0.69/kWh""}","{""OCM::connector_types_normalized"": ""CCS"", ""OCM::is_operational"": true, ""OCM::operator"": ""Tesla (including non-tesla)"", ""OCM::plug_types"": ""CCS (Type 2)"", ""OCM::power_kw_max"": 250.0, ""OCM::power_kw_min"": 250.0, ""OCM::power_scope"": ""dc_indicated_connection_ratings"", ""OCM::status"": ""Operational"", ""OCM::usage_cost"": ""$0.69/kWh""}",5
1445,,,"2-8 Turramurra Avenue, Turramurra NSW 2074",Evie Networks,4,DC,75 kW,-33.732342,151.1304142,Ku-ring-gai Council,2074,Kerbside Charging R1,0,0,0,0,0,0,0,0,0,0,0,0,0,0,0,0,0,0,0,0,0,0,0,0,0,0,0,0,0,0,0,0,0,0,0,4,0,0,0,0,Sydney - North Sydney and Hornsby,121,2074,unmatched,unmatched,,,,,,,{},,0,0,,,,False,unmatched,unmatched,,,,,,,{},,0,0,,,,False,accepted,coordinate_500m_historical_web_rule,285.75970848451243,0.40666666666666673,15d06bf5-6b4a-425d-9312-bae4b17cc22b-1309,"5 Ray St, Turramurra, NSW 2074",Turramurra Library,,"{""connector_types_normalized"": ""CCS"", ""data_provider"": ""Charge@Large"", ""dc_port_count"": 2, ""number_of_plugs"": null, ""power_kw_max"": 40.0, ""power_kw_min"": 40.0, ""power_kw_values"": [40.0], ""power_scope"": ""dc_indicated_ports"", ""site_power_range_raw"": ""40"", ""status_counts"": {""Available"": 1, ""Charging"": 1}, ""status_observed_at"": null, ""total_port_count"": 2}",True,1,1,,house numbers conflict; address evidence is inconsistent; candidate does not pass the automatic identity gate,house numbers conflict; address evidence is inconsistent; candidate does not pass the automatic identity gate; Accepted by 500 m and historical high/medium web-evidence policy; not independently identity-verified; strict rejection retained,False,accepted,"[{""binding"": ""source_address_only; external identity not verified"", ""conclusion"": """", ""file"": ""data/reference/web_review/task3_104_non_ocm_web_verified.csv"", ""identity_decision"": ""web evidence only; same-station identity not automatically proven"", ""page_opened"": true, ""reported_confidence"": ""high"", ""url"": ""https://www.realestate.com.au/property/2-8-turramurra-ave-turramurra-nsw-2074/""}]",unmatched,unmatched,unmatched,unmatched,review,coordinate_only,review,coordinate_500m_historical_web_rule,chargelarge_fast_dc,accepted,Charge@Large,Charge@Large:15d06bf5-6b4a-425d-9312-bae4b17cc22b-1309,,,Charge@Large: house numbers conflict; address evidence is inconsistent; candidate does not pass the automatic identity gate; Accepted by 500 m and historical high/medium web-evidence policy; not independently identity-verified; strict rejection retained; Charge@Large:15d06bf5-6b4a-425d-9312-bae4b17cc22b-1309 is linked to multiple TfNSW rows,yes,,"{""Charge@Large::connector_types_normalized"": ""CCS"", ""Charge@Large::data_provider"": ""Charge@Large"", ""Charge@Large::dc_port_count"": 2, ""Charge@Large::power_kw_max"": 40.0, ""Charge@Large::power_kw_min"": 40.0, ""Charge@Large::power_kw_values"": [40.0], ""Charge@Large::power_scope"": ""dc_indicated_ports"", ""Charge@Large::site_power_range_raw"": ""40"", ""Charge@Large::status_counts"": {""Available"": 1, ""Charging"": 1}, ""Charge@Large::total_port_count"": 2}","{""Charge@Large::connector_types_normalized"": ""CCS"", ""Charge@Large::dc_port_count"": 2, ""Charge@Large::power_kw_max"": 40.0, ""Charge@Large::power_kw_min"": 40.0, ""Charge@Large::power_scope"": ""dc_indicated_ports"", ""Charge@Large::status_counts"": {""Available"": 1, ""Charging"": 1}, ""Charge@Large::total_port_count"": 2}",2
1523,,,"392 Manns Road, West Gosford NSW 2250",Tesla,12,DC,175 kW,-33.4258966,151.3205356,Central Coast Council,2250,Fast Charging R1,0,0,0,0,0,0,0,0,0,0,12,0,0,0,0,0,0,0,0,0,0,0,0,0,0,0,0,0,0,0,0,0,0,0,0,0,0,0,0,0,Central Coast,102,2250,unmatched,unmatched,,,,,,,{},,0,0,,,,False,accepted,coordinate_500m_historical_web_rule,105.96286581023199,0.0,https://www.openstreetmap.org/node/12167451932,,Tesla Supercharger,Tesla,"{""access_condition"": ""Free Access"", ""allows_card_payment"": false, ""allows_reservation"": false, ""charging_point_count"": 12, ""charging_point_count_raw"": 12, ""connector_types_normalized"": ""CCS"", ""data_provider"": ""OpenStreetMap"", ""is_free"": false, ""network"": ""Tesla Supercharger"", ""number_of_plugs"": null, ""opening_hours"": """", ""power_kw_max"": null, ""power_kw_min"": null, ""power_scope"": ""station_reported_maximum"", ""pricing_info"": """"}",True,2,2,92.6922415966732,candidate does not pass the automatic identity gate,candidate does not pass the automatic identity gate; Accepted by 500 m and historical high/medium web-evidence policy; not independently identity-verified; strict rejection retained,False,unmatched,unmatched,,,,,,,{},,0,0,,,,False,accepted,"[{""binding"": ""source_address_only; external identity not verified"", ""conclusion"": """", ""file"": ""data/reference/web_review/task3_104_non_ocm_web_verified.csv"", ""identity_decision"": ""web evidence only; same-station identity not automatically proven"", ""page_opened"": true, ""reported_confidence"": ""high"", ""url"": ""https://www.binglee.com.au/stores/west-gosford""}]",unmatched,unmatched,review,coordinate_only,unmatched,unmatched,review,coordinate_500m_historical_web_rule,osm_fast_dc,accepted,OSM,OSM:https://www.openstreetmap.org/node/12167451932,,,OSM: candidate does not pass the automatic identity gate; Accepted by 500 m and historical high/medium web-evidence policy; not independently identity-verified; strict rejection retained,yes,,"{""OSM::access_condition"": ""Free Access"", ""OSM::allows_card_payment"": false, ""OSM::allows_reservation"": false, ""OSM::charging_point_count"": 12, ""OSM::charging_point_count_raw"": 12, ""OSM::connector_types_normalized"": ""CCS"", ""OSM::data_provider"": ""OpenStreetMap"", ""OSM::is_free"": false, ""OSM::network"": ""Tesla Supercharger"", ""OSM::power_scope"": ""station_reported_maximum""}","{""OSM::access_condition"": ""Free Access"", ""OSM::allows_card_payment"": false, ""OSM::allows_reservation"": false, ""OSM::connector_types_normalized"": ""CCS"", ""OSM::is_free"": false, ""OSM::network"": ""Tesla Supercharger"", ""OSM::power_scope"": ""station_reported_maximum""}",6
1547,,,"424 Hoxton Park Road, Prestons NSW 2170",NRMA Electric,4,DC,175 kW,-33.9304674,150.8750193,Liverpool City Council,2170,Fast Charging R1,0,0,0,0,0,0,0,0,0,0,4,0,0,0,0,0,0,0,0,0,0,0,0,0,0,0,0,0,0,0,0,0,0,0,0,0,0,0,0,0,Sydney - South West,127,2170,unmatched,unmatched,,,,,,,{},,0,0,,,,False,unmatched,unmatched,,,,,,,{},,0,0,,,,False,accepted,coordinate_500m_historical_web_rule,284.4731350332567,0.8925925925925927,15d06bf5-6b4a-425d-9312-bae4b17cc22b-214,"402 Hoxton Park Rd, Prestons, NSW 2170",Eagers Automotive - Hoxton Park,,"{""connector_types_normalized"": ""CCS"", ""data_provider"": ""Charge@Large"", ""dc_port_count"": 1, ""number_of_plugs"": null, ""power_kw_max"": 40.0, ""power_kw_min"": 40.0, ""power_kw_values"": [40.0], ""power_scope"": ""dc_indicated_ports"", ""site_power_range_raw"": ""40"", ""status_counts"": {""Missing"": 1}, ""status_observed_at"": null, ""total_port_count"": 1}",True,1,1,,house numbers conflict; address evidence is inconsistent; candidate does not pass the automatic identity gate,house numbers conflict; address evidence is inconsistent; candidate does not pass the automatic identity gate; Accepted by 500 m and historical high/medium web-evidence policy; not independently identity-verified; strict rejection retained,False,accepted,"[{""binding"": ""source_address_only; external identity not verified"", ""conclusion"": """", ""file"": ""data/reference/web_review/task3_104_non_ocm_web_verified.csv"", ""identity_decision"": ""web evidence only; same-station identity not automatically proven"", ""page_opened"": false, ""reported_confidence"": ""medium"", ""url"": ""https://apps.planningportal.nsw.gov.au/prweb/PRRestService/DocMgmt/v1/PublicDocuments/DATA-WORKATTACH-FILE%20PEC-DPE-EP-WORK%20PPS-2016SYW204%2120190614T224635.967%20GMT""}]",unmatched,unmatched,unmatched,unmatched,review,coordinate_only,review,coordinate_500m_historical_web_rule,chargelarge_fast_dc,accepted,Charge@Large,Charge@Large:15d06bf5-6b4a-425d-9312-bae4b17cc22b-214,,,Charge@Large: house numbers conflict; address evidence is inconsistent; candidate does not pass the automatic identity gate; Accepted by 500 m and historical high/medium web-evidence policy; not independently identity-verified; strict rejection retained,yes,,"{""Charge@Large::connector_types_normalized"": ""CCS"", ""Charge@Large::data_provider"": ""Charge@Large"", ""Charge@Large::dc_port_count"": 1, ""Charge@Large::power_kw_max"": 40.0, ""Charge@Large::power_kw_min"": 40.0, ""Charge@Large::power_kw_values"": [40.0], ""Charge@Large::power_scope"": ""dc_indicated_ports"", ""Charge@Large::site_power_range_raw"": ""40"", ""Charge@Large::status_counts"": {""Missing"": 1}, ""Charge@Large::total_port_count"": 1}","{""Charge@Large::connector_types_normalized"": ""CCS"", ""Charge@Large::dc_port_count"": 1, ""Charge@Large::power_kw_max"": 40.0, ""Charge@Large::power_kw_min"": 40.0, ""Charge@Large::power_scope"": ""dc_indicated_ports"", ""Charge@Large::status_counts"": {""Missing"": 1}, ""Charge@Large::total_port_count"": 1}",2
1621,,,"592 Anzac Parade, Kingsford NSW 2032",Evie Networks,4,DC,75 kW,-33.9260318,151.2312658,Randwick City Council,2032,Kerbside Charging R1,0,0,0,0,0,0,0,0,0,0,0,0,0,0,0,0,0,0,0,0,0,0,0,0,0,0,0,0,0,0,0,0,0,0,0,4,0,0,0,0,Sydney - Eastern Suburbs,118,2032,unmatched,unmatched,,,,,,,{},,0,0,,,,False,accepted,coordinate_500m_historical_web_rule,79.0005240340087,0.0,https://www.openstreetmap.org/node/13206176474,,,Evie Networks,"{""access_condition"": ""Free Access"", ""allows_card_payment"": false, ""allows_reservation"": false, ""charging_point_count"": 4, ""charging_point_count_raw"": 4, ""connector_types_normalized"": ""CCS"", ""data_provider"": ""OpenStreetMap"", ""is_free"": false, ""network"": """", ""number_of_plugs"": null, ""opening_hours"": """", ""power_kw_max"": null, ""power_kw_min"": null, ""power_scope"": ""station_reported_maximum"", ""pricing_info"": """"}",True,1,1,,external ID https://www.openstreetmap.org/node/13206176474 is shared by distinct source sites,external ID https://www.openstreetmap.org/node/13206176474 is shared by distinct source sites; Accepted by 500 m and historical high/medium web-evidence policy; not independently identity-verified; strict rejection retained,False,unmatched,unmatched,,,,,,,{},,0,0,,,,False,accepted,"[{""binding"": ""source_address_only; external identity not verified"", ""conclusion"": """", ""file"": ""data/reference/web_review/task3_104_non_ocm_web_verified.csv"", ""identity_decision"": ""web evidence only; same-station identity not automatically proven"", ""page_opened"": false, ""reported_confidence"": ""medium"", ""url"": ""https://apps.planningportal.nsw.gov.au/prweb/PRRestService/DocMgmt/v1/PublicDocuments/DATA-WORKATTACH-FILE%20PEC-DPE-EP-WORK%20P5-2024-61%2120240507T013115.785%20GMT""}]",unmatched,unmatched,review,coordinate_only,unmatched,unmatched,review,coordinate_500m_historical_web_rule,osm_fast_dc,accepted,OSM,OSM:https://www.openstreetmap.org/node/13206176474,,,OSM: external ID https://www.openstreetmap.org/node/13206176474 is shared by distinct source sites; Accepted by 500 m and historical high/medium web-evidence policy; not independently identity-verified; strict rejection retained; OSM:https://www.openstreetmap.org/node/13206176474 is linked to multiple TfNSW rows,yes,,"{""OSM::access_condition"": ""Free Access"", ""OSM::allows_card_payment"": false, ""OSM::allows_reservation"": false, ""OSM::charging_point_count"": 4, ""OSM::charging_point_count_raw"": 4, ""OSM::connector_types_normalized"": ""CCS"", ""OSM::data_provider"": ""OpenStreetMap"", ""OSM::is_free"": false, ""OSM::power_scope"": ""station_reported_maximum""}","{""OSM::access_condition"": ""Free Access"", ""OSM::allows_card_payment"": false, ""OSM::allows_reservation"": false, ""OSM::connector_types_normalized"": ""CCS"", ""OSM::is_free"": false, ""OSM::power_scope"": ""station_reported_maximum""}",5
1646,,,"65 Hume Street, Crows Nest NSW 2065",Evie Networks,4,DC,75 kW,-33.8243185,151.2002301,North Sydney Council,2065,Kerbside Charging R1,0,0,0,0,0,0,0,0,0,0,0,0,0,0,0,0,0,0,0,0,0,0,0,0,0,0,0,0,0,0,0,0,0,0,0,4,0,0,0,0,Sydney - North Sydney and Hornsby,121,2065,review,coordinate_only,455.864795139043,0.5321513002364067,272632,"88 Christie St, St Leonards, NSW, 2065",Civic Plaza 88 Christie,Evie,"{""charger_capacities"": ""50 kW"", ""charging_point_count"": 2.0, ""connector_types_normalized"": ""CCS;CHAdeMO"", ""data_provider"": ""Open Charge Map"", ""is_operational"": true, ""last_verified"": ""2023-07-15T12:12:00Z"", ""number_of_plugs"": null, ""operator"": ""Evie"", ""plug_types"": ""CCS (Type 2); CHAdeMO"", ""power_kw_max"": 50.0, ""power_kw_min"": 50.0, ""power_kw_values"": [50.0], ""power_scope"": ""dc_indicated_connection_ratings"", ""status"": ""Operational"", ""usage_cost"": """"}",True,1,1,,house numbers conflict; address evidence is inconsistent; candidate does not pass the automatic identity gate,,False,accepted,coordinate_500m_historical_web_rule,69.58608944520927,0.0,https://www.openstreetmap.org/node/13059026685,,,Evie Networks,"{""access_condition"": ""Free Access"", ""allows_card_payment"": false, ""allows_reservation"": false, ""charging_point_count"": 4, ""charging_point_count_raw"": 4, ""connector_types_normalized"": ""CCS"", ""data_provider"": ""OpenStreetMap"", ""is_free"": false, ""network"": """", ""number_of_plugs"": null, ""opening_hours"": """", ""power_kw_max"": null, ""power_kw_min"": null, ""power_scope"": ""station_reported_maximum"", ""pricing_info"": """"}",True,2,2,288.7685579478764,external ID https://www.openstreetmap.org/node/13059026685 is shared by distinct source sites,external ID https://www.openstreetmap.org/node/13059026685 is shared by distinct source sites; Accepted by 500 m and historical high/medium web-evidence policy; not independently identity-verified; strict rejection retained,False,review,coordinate_only,467.5678289535134,0.533816425120773,15d06bf5-6b4a-425d-9312-bae4b17cc22b-1993,"1 Plunkett St, New South Wales, St Leonards, NSW 2065",Willoughby City Council - Plunkett St,,"{""connector_types_normalized"": ""CCS"", ""data_provider"": ""Charge@Large"", ""dc_port_count"": 2, ""number_of_plugs"": null, ""power_kw_max"": 50.0, ""power_kw_min"": 50.0, ""power_kw_values"": [50.0], ""power_scope"": ""dc_indicated_ports"", ""site_power_range_raw"": ""50"", ""status_counts"": {""Available"": 2}, ""status_observed_at"": null, ""total_port_count"": 2}",True,1,1,,house numbers conflict; address evidence is inconsistent; candidate does not pass the automatic identity gate,,False,accepted,"[{""binding"": ""same source address and OCM ID; search evidence only"", ""conclusion"": ""web_evidence_found_not_identity_proof"", ""file"": ""data/reference/web_review/task3_ocm_125_web_confidence.csv"", ""identity_decision"": ""web evidence only; same-station identity not automatically proven"", ""page_opened"": true, ""reported_confidence"": ""high"", ""url"": ""https://contourclinics.com.au/contact-us/""}]",review,coordinate_only,review,coordinate_only,review,coordinate_only,review,coordinate_500m_historical_web_rule,osm_fast_dc,accepted,OSM,OSM:https://www.openstreetmap.org/node/13059026685,OCM;Charge@Large,OCM: house numbers conflict; address evidence is inconsistent; candidate does not pass the automatic identity gate; Charge@Large: house numbers conflict; address evidence is inconsistent; candidate does not pass the automatic identity gate,OSM: external ID https://www.openstreetmap.org/node/13059026685 is shared by distinct source sites; Accepted by 500 m and historical high/medium web-evidence policy; not independently identity-verified; strict rejection retained; OSM:https://www.openstreetmap.org/node/13059026685 is linked to multiple TfNSW rows,yes,,"{""OSM::access_condition"": ""Free Access"", ""OSM::allows_card_payment"": false, ""OSM::allows_reservation"": false, ""OSM::charging_point_count"": 4, ""OSM::charging_point_count_raw"": 4, ""OSM::connector_types_normalized"": ""CCS"", ""OSM::data_provider"": ""OpenStreetMap"", ""OSM::is_free"": false, ""OSM::power_scope"": ""station_reported_maximum""}","{""OSM::access_condition"": ""Free Access"", ""OSM::allows_card_payment"": false, ""OSM::allows_reservation"": false, ""OSM::connector_types_normalized"": ""CCS"", ""OSM::is_free"": false, ""OSM::power_scope"": ""station_reported_maximum""}",5
1687,,,"76 Glossop Street, North Street Marys NSW 2760",BP,4,DC,175 kW,-33.7601979,150.7816339,Penrith City Council,2760,Fast Charging R1,0,0,0,0,0,0,0,0,0,0,4,0,0,0,0,0,0,0,0,0,0,0,0,0,0,0,0,0,0,0,0,0,0,0,0,0,0,0,0,0,Sydney - Outer West and Blue Mountains,124,2760,unmatched,unmatched,,,,,,,{},,0,0,,,,False,accepted,coordinate_500m_historical_web_rule,8.12592847725266,0.0,https://www.openstreetmap.org/node/13346922346,,,bp pulse,"{""access_condition"": ""Free Access"", ""allows_card_payment"": false, ""allows_reservation"": false, ""charging_point_count"": 2, ""charging_point_count_raw"": 2, ""connector_types_normalized"": ""CCS;CHAdeMO"", ""data_provider"": ""OpenStreetMap"", ""is_free"": false, ""network"": ""bp pulse"", ""number_of_plugs"": null, ""opening_hours"": """", ""power_kw_max"": null, ""power_kw_min"": null, ""power_scope"": ""station_reported_maximum"", ""pricing_info"": """"}",True,2,2,3.986396578844607,another coordinate candidate is similarly close; multiple candidates have similar evidence; candidate does not pass the automatic identity gate,another coordinate candidate is similarly close; multiple candidates have similar evidence; candidate does not pass the automatic identity gate; Accepted by 500 m and historical high/medium web-evidence policy; not independently identity-verified; strict rejection retained,False,unmatched,unmatched,,,,,,,{},,0,0,,,,False,accepted,"[{""binding"": ""source_address_only; external identity not verified"", ""conclusion"": """", ""file"": ""data/reference/web_review/task3_104_non_ocm_web_verified.csv"", ""identity_decision"": ""web evidence only; same-station identity not automatically proven"", ""page_opened"": false, ""reported_confidence"": ""medium"", ""url"": ""https://evchargepoint.au/fuel-stations""}]",unmatched,unmatched,review,coordinate_only,unmatched,unmatched,review,coordinate_500m_historical_web_rule,osm_fast_dc,accepted,OSM,OSM:https://www.openstreetmap.org/node/13346922346,,,OSM: another coordinate candidate is similarly close; multiple candidates have similar evidence; candidate does not pass the automatic identity gate; Accepted by 500 m and historical high/medium web-evidence policy; not independently identity-verified; strict rejection retained,yes,,"{""OSM::access_condition"": ""Free Access"", ""OSM::allows_card_payment"": false, ""OSM::allows_reservation"": false, ""OSM::charging_point_count"": 2, ""OSM::charging_point_count_raw"": 2, ""OSM::connector_types_normalized"": ""CCS;CHAdeMO"", ""OSM::data_provider"": ""OpenStreetMap"", ""OSM::is_free"": false, ""OSM::network"": ""bp pulse"", ""OSM::power_scope"": ""station_reported_maximum""}","{""OSM::access_condition"": ""Free Access"", ""OSM::allows_card_payment"": false, ""OSM::allows_reservation"": false, ""OSM::connector_types_normalized"": ""CCS;CHAdeMO"", ""OSM::is_free"": false, ""OSM::network"": ""bp pulse"", ""OSM::power_scope"": ""station_reported_maximum""}",6
1717,,,"85 South Street, Ulladulla NSW 2539",Evie Networks,4,DC,175 kW,-35.3595567,150.4754013,Shoalhaven City Council,2539,Fast Charging R1,0,0,0,0,0,0,0,0,0,0,4,0,0,0,0,0,0,0,0,0,0,0,0,0,0,0,0,0,0,0,0,0,0,0,0,0,0,0,0,0,Southern Highlands and Shoalhaven,114,2539,unmatched,unmatched,,,,,,,{},,0,0,,,,False,review,coordinate_only,283.1563884782104,0.0,https://www.openstreetmap.org/node/12599800358,,,,"{""access_condition"": ""Free Access"", ""allows_card_payment"": false, ""allows_reservation"": false, ""charging_point_count"": null, ""charging_point_count_raw"": null, ""connector_types_normalized"": ""CCS;CHAdeMO"", ""data_provider"": ""OpenStreetMap"", ""is_free"": false, ""network"": """", ""number_of_plugs"": null, ""opening_hours"": """", ""power_kw_max"": null, ""power_kw_min"": null, ""power_scope"": ""station_reported_maximum"", ""pricing_info"": """"}",True,1,1,,candidate does not pass the automatic identity gate,,False,accepted,coordinate_500m_historical_web_rule,280.26716811266897,0.3813450292397661,179ada28-f0c6-4431-a1fc-bbb2e5ec26d6-AUCHB25390001,"93 Princes Highway, Ulladulla, NSW 2539",Rowans Arcade,,"{""connector_types_normalized"": ""CCS;CHAdeMO"", ""data_provider"": ""Charge@Large"", ""dc_port_count"": 4, ""number_of_plugs"": null, ""power_kw_max"": 25.0, ""power_kw_min"": 25.0, ""power_kw_values"": [25.0], ""power_scope"": ""dc_indicated_ports"", ""site_power_range_raw"": ""25"", ""status_counts"": {""Available"": 4}, ""status_observed_at"": null, ""total_port_count"": 4}",True,1,1,,house numbers conflict; address evidence is inconsistent; candidate does not pass the automatic identity gate,house numbers conflict; address evidence is inconsistent; candidate does not pass the automatic identity gate; Accepted by 500 m and historical high/medium web-evidence policy; not independently identity-verified; strict rejection retained,False,accepted,"[{""binding"": ""source_address_only; external identity not verified"", ""conclusion"": """", ""file"": ""data/reference/web_review/task3_104_non_ocm_web_verified.csv"", ""identity_decision"": ""web evidence only; same-station identity not automatically proven"", ""page_opened"": true, ""reported_confidence"": ""high"", ""url"": ""https://ev-charging-stations.com.au/chargers/evie-85-south-street-ulladulla-nsw-2539""}]",unmatched,unmatched,review,coordinate_only,review,coordinate_only,review,coordinate_500m_historical_web_rule,chargelarge_fast_dc,accepted,Charge@Large,Charge@Large:179ada28-f0c6-4431-a1fc-bbb2e5ec26d6-AUCHB25390001,OSM,OSM: candidate does not pass the automatic identity gate,Charge@Large: house numbers conflict; address evidence is inconsistent; candidate does not pass the automatic identity gate; Accepted by 500 m and historical high/medium web-evidence policy; not independently identity-verified; strict rejection retained; Charge@Large:179ada28-f0c6-4431-a1fc-bbb2e5ec26d6-AUCHB25390001 is linked to multiple TfNSW rows,yes,,"{""Charge@Large::connector_types_normalized"": ""CCS;CHAdeMO"", ""Charge@Large::data_provider"": ""Charge@Large"", ""Charge@Large::dc_port_count"": 4, ""Charge@Large::power_kw_max"": 25.0, ""Charge@Large::power_kw_min"": 25.0, ""Charge@Large::power_kw_values"": [25.0], ""Charge@Large::power_scope"": ""dc_indicated_ports"", ""Charge@Large::site_power_range_raw"": ""25"", ""Charge@Large::status_counts"": {""Available"": 4}, ""Charge@Large::total_port_count"": 4}","{""Charge@Large::connector_types_normalized"": ""CCS;CHAdeMO"", ""Charge@Large::dc_port_count"": 4, ""Charge@Large::power_kw_max"": 25.0, ""Charge@Large::power_kw_min"": 25.0, ""Charge@Large::power_scope"": ""dc_indicated_ports"", ""Charge@Large::status_counts"": {""Available"": 4}, ""Charge@Large::total_port_count"": 4}",2
1722,,,"872 Anzac Parade, Maroubra NSW 2035",Evie Networks,4,DC,75 kW,-33.9406054,151.2395169,Randwick City Council,2035,Kerbside Charging R1,0,0,0,0,0,0,0,0,0,0,0,0,0,0,0,0,0,0,0,0,0,0,0,0,0,0,0,0,0,0,0,0,0,0,0,4,0,0,0,0,Sydney - Eastern Suburbs,118,2035,unmatched,unmatched,,,,,,,{},,0,0,,,,False,accepted,coordinate_500m_historical_web_rule,271.3904893792669,0.0,https://www.openstreetmap.org/node/13206154678,,,Evie Networks,"{""access_condition"": ""Free Access"", ""allows_card_payment"": false, ""allows_reservation"": false, ""charging_point_count"": 2, ""charging_point_count_raw"": 2, ""connector_types_normalized"": ""CCS"", ""data_provider"": ""OpenStreetMap"", ""is_free"": false, ""network"": """", ""number_of_plugs"": null, ""opening_hours"": """", ""power_kw_max"": null, ""power_kw_min"": null, ""power_scope"": ""station_reported_maximum"", ""pricing_info"": """"}",True,3,3,26.551651366271926,candidate does not pass the automatic identity gate,candidate does not pass the automatic identity gate; Accepted by 500 m and historical high/medium web-evidence policy; not independently identity-verified; strict rejection retained,False,unmatched,unmatched,,,,,,,{},,0,0,,,,False,accepted,"[{""binding"": ""source_address_only; external identity not verified"", ""conclusion"": """", ""file"": ""data/reference/web_review/task3_104_non_ocm_web_verified.csv"", ""identity_decision"": ""web evidence only; same-station identity not automatically proven"", ""page_opened"": false, ""reported_confidence"": ""medium"", ""url"": ""https://www.plugroo.com.au/nsw/chifley""}]",unmatched,unmatched,review,coordinate_only,unmatched,unmatched,review,coordinate_500m_historical_web_rule,osm_fast_dc,accepted,OSM,OSM:https://www.openstreetmap.org/node/13206154678,,,OSM: candidate does not pass the automatic identity gate; Accepted by 500 m and historical high/medium web-evidence policy; not independently identity-verified; strict rejection retained; OSM:https://www.openstreetmap.org/node/13206154678 is linked to multiple TfNSW rows,yes,,"{""OSM::access_condition"": ""Free Access"", ""OSM::allows_card_payment"": false, ""OSM::allows_reservation"": false, ""OSM::charging_point_count"": 2, ""OSM::charging_point_count_raw"": 2, ""OSM::connector_types_normalized"": ""CCS"", ""OSM::data_provider"": ""OpenStreetMap"", ""OSM::is_free"": false, ""OSM::power_scope"": ""station_reported_maximum""}","{""OSM::access_condition"": ""Free Access"", ""OSM::allows_card_payment"": false, ""OSM::allows_reservation"": false, ""OSM::connector_types_normalized"": ""CCS"", ""OSM::is_free"": false, ""OSM::power_scope"": ""station_reported_maximum""}",5
1758,,,"Brewer Street, Concord NSW 2137",Evie Networks,4,DC,75 kW,-33.8538342,151.1054057,City Of Canada Bay Council,2137,Kerbside Charging R1,0,0,0,0,0,0,0,0,0,0,0,0,0,0,0,0,0,0,0,0,0,0,0,0,0,0,0,0,0,0,0,0,0,0,0,4,0,0,0,0,Sydney - Inner West,120,2137,unmatched,unmatched,,,,,,,{},,0,0,,,,False,accepted,coordinate_500m_historical_web_rule,149.84664356876698,0.0,https://www.openstreetmap.org/node/13168689959,,,Evie Networks,"{""access_condition"": ""Free Access"", ""allows_card_payment"": false, ""allows_reservation"": false, ""charging_point_count"": 2, ""charging_point_count_raw"": 2, ""connector_types_normalized"": ""CCS"", ""data_provider"": ""OpenStreetMap"", ""is_free"": false, ""network"": """", ""number_of_plugs"": null, ""opening_hours"": """", ""power_kw_max"": null, ""power_kw_min"": null, ""power_scope"": ""station_reported_maximum"", ""pricing_info"": """"}",True,1,1,,candidate does not pass the automatic identity gate,candidate does not pass the automatic identity gate; Accepted by 500 m and historical high/medium web-evidence policy; not independently identity-verified; strict rejection retained,False,unmatched,unmatched,,,,,,,{},,0,0,,,,False,accepted,"[{""binding"": ""source_address_only; external identity not verified"", ""conclusion"": """", ""file"": ""data/reference/web_review/task3_104_non_ocm_web_verified.csv"", ""identity_decision"": ""web evidence only; same-station identity not automatically proven"", ""page_opened"": true, ""reported_confidence"": ""high"", ""url"": ""https://www.canadabay.nsw.gov.au/sites/default/files/Mayoral%20Notification%20-%20Edwards%20Park%20Bus%20Shelter%20Upgrade%20-%20October%202025.pdf""}]",unmatched,unmatched,review,coordinate_only,unmatched,unmatched,review,coordinate_500m_historical_web_rule,osm_fast_dc,accepted,OSM,OSM:https://www.openstreetmap.org/node/13168689959,,,OSM: candidate does not pass the automatic identity gate; Accepted by 500 m and historical high/medium web-evidence policy; not independently identity-verified; strict rejection retained; OSM:https://www.openstreetmap.org/node/13168689959 is linked to multiple TfNSW rows,yes,,"{""OSM::access_condition"": ""Free Access"", ""OSM::allows_card_payment"": false, ""OSM::allows_reservation"": false, ""OSM::charging_point_count"": 2, ""OSM::charging_point_count_raw"": 2, ""OSM::connector_types_normalized"": ""CCS"", ""OSM::data_provider"": ""OpenStreetMap"", ""OSM::is_free"": false, ""OSM::power_scope"": ""station_reported_maximum""}","{""OSM::access_condition"": ""Free Access"", ""OSM::allows_card_payment"": false, ""OSM::allows_reservation"": false, ""OSM::connector_types_normalized"": ""CCS"", ""OSM::is_free"": false, ""OSM::power_scope"": ""station_reported_maximum""}",5
1766,,,"Cnr Cumberland Highway & Cabramatta Road W, Cabramatta NSW 2166",BP,4,DC,175 kW,-33.8993725,150.9191077,Fairfield City Council,2166,Fast Charging R1,0,0,0,0,0,0,0,0,0,0,4,0,0,0,0,0,0,0,0,0,0,0,0,0,0,0,0,0,0,0,0,0,0,0,0,0,0,0,0,0,Sydney - South West,127,2166,review,coordinate_only,100.01879146860568,0.3030007501875469,191161,"Hungry Jacks, 401 Cabramatta Road, Cabramatta, NSW",Evie Cabramatta,Evie,"{""charger_capacities"": ""50 kW"", ""charging_point_count"": 2.0, ""connector_types_normalized"": ""CCS;CHAdeMO"", ""data_provider"": ""Open Charge Map"", ""is_operational"": true, ""last_verified"": ""2023-07-15T14:01:00Z"", ""number_of_plugs"": null, ""operator"": ""Evie"", ""plug_types"": ""CCS (Type 2); CHAdeMO"", ""power_kw_max"": 50.0, ""power_kw_min"": 50.0, ""power_kw_values"": [50.0], ""power_scope"": ""dc_indicated_connection_ratings"", ""status"": ""Operational"", ""usage_cost"": ""$0.40/kWh""}",True,1,1,,address evidence is inconsistent; candidate does not pass the automatic identity gate,,False,accepted,coordinate_500m_historical_web_rule,93.9911095065856,0.0,https://www.openstreetmap.org/node/9215252226,,,Evie Networks,"{""access_condition"": ""Free Access"", ""allows_card_payment"": false, ""allows_reservation"": false, ""charging_point_count"": null, ""charging_point_count_raw"": null, ""connector_types_normalized"": ""CCS;CHAdeMO"", ""data_provider"": ""OpenStreetMap"", ""is_free"": false, ""network"": """", ""number_of_plugs"": null, ""opening_hours"": """", ""power_kw_max"": null, ""power_kw_min"": null, ""power_scope"": ""station_reported_maximum"", ""pricing_info"": """"}",True,1,1,,external ID https://www.openstreetmap.org/node/9215252226 is shared by distinct source sites,external ID https://www.openstreetmap.org/node/9215252226 is shared by distinct source sites; Accepted by 500 m and historical high/medium web-evidence policy; not independently identity-verified; strict rejection retained,False,unmatched,unmatched,,,,,,,{},,0,0,,,,False,accepted,"[{""binding"": ""same source address and OCM ID; search evidence only"", ""conclusion"": ""web_evidence_found_not_identity_proof"", ""file"": ""data/reference/web_review/task3_ocm_125_web_confidence.csv"", ""identity_decision"": ""web evidence only; same-station identity not automatically proven"", ""page_opened"": true, ""reported_confidence"": ""high"", ""url"": ""https://www.energy.nsw.gov.au/households/transport/electric-vehicles/fast-charging""}]",review,coordinate_only,review,coordinate_only,unmatched,unmatched,review,coordinate_500m_historical_web_rule,osm_fast_dc,accepted,OSM,OSM:https://www.openstreetmap.org/node/9215252226,OCM,OCM: address evidence is inconsistent; candidate does not pass the automatic identity gate,OSM: external ID https://www.openstreetmap.org/node/9215252226 is shared by distinct source sites; Accepted by 500 m and historical high/medium web-evidence policy; not independently identity-verified; strict rejection retained,yes,,"{""OSM::access_condition"": ""Free Access"", ""OSM::allows_card_payment"": false, ""OSM::allows_reservation"": false, ""OSM::connector_types_normalized"": ""CCS;CHAdeMO"", ""OSM::data_provider"": ""OpenStreetMap"", ""OSM::is_free"": false, ""OSM::power_scope"": ""station_reported_maximum""}","{""OSM::access_condition"": ""Free Access"", ""OSM::allows_card_payment"": false, ""OSM::allows_reservation"": false, ""OSM::connector_types_normalized"": ""CCS;CHAdeMO"", ""OSM::is_free"": false, ""OSM::power_scope"": ""station_reported_maximum""}",5
1782,,,"Gouldsbury Street, Mosman NSW 2088",Evie Networks,2,DC,75 kW,-33.8276585,151.2423815,Mosman Municipal Council,2088,Kerbside Charging R1,0,0,0,0,0,0,0,0,0,0,0,0,0,0,0,0,0,0,0,0,0,0,0,0,0,0,0,0,0,0,0,0,0,0,0,2,0,0,0,0,Sydney - North Sydney and Hornsby,121,2088,accepted,coordinate_500m_historical_web_rule,260.3337780309865,0.1879598662207358,191164,"6 Myahgah Road, Mosman, NSW",Evie Mosman,Evie,"{""charger_capacities"": ""50 kW"", ""charging_point_count"": 1.0, ""connector_types_normalized"": ""CCS;CHAdeMO"", ""data_provider"": ""Open Charge Map"", ""is_operational"": true, ""last_verified"": ""2023-07-16T22:01:00Z"", ""number_of_plugs"": null, ""operator"": ""Evie"", ""plug_types"": ""CCS (Type 2); CHAdeMO"", ""power_kw_max"": 50.0, ""power_kw_min"": 50.0, ""power_kw_values"": [50.0], ""power_scope"": ""dc_indicated_connection_ratings"", ""status"": ""Operational"", ""usage_cost"": ""$0.40/kWh""}",True,2,2,153.1672575599805,address evidence is inconsistent; candidate does not pass the automatic identity gate,address evidence is inconsistent; candidate does not pass the automatic identity gate; Accepted by 500 m and historical high/medium web-evidence policy; not independently identity-verified; strict rejection retained,False,unmatched,unmatched,,,,,,,{},,0,0,,,,False,unmatched,unmatched,,,,,,,{},,0,0,,,,False,accepted,"[{""binding"": ""same source address and OCM ID; search evidence only"", ""conclusion"": ""web_evidence_found_not_identity_proof"", ""file"": ""data/reference/web_review/task3_ocm_125_web_confidence.csv"", ""identity_decision"": ""web evidence only; same-station identity not automatically proven"", ""page_opened"": false, ""reported_confidence"": ""medium"", ""url"": ""https://www.plugroo.com.au/nsw/clontarf""}]",review,coordinate_only,unmatched,unmatched,unmatched,unmatched,review,coordinate_500m_historical_web_rule,ocm,accepted,OCM,OCM:191164,,,OCM: address evidence is inconsistent; candidate does not pass the automatic identity gate; Accepted by 500 m and historical high/medium web-evidence policy; not independently identity-verified; strict rejection retained; OCM:191164 is linked to multiple TfNSW rows,yes,,"{""OCM::charger_capacities"": ""50 kW"", ""OCM::charging_point_count"": 1.0, ""OCM::connector_types_normalized"": ""CCS;CHAdeMO"", ""OCM::data_provider"": ""Open Charge Map"", ""OCM::is_operational"": true, ""OCM::last_verified"": ""2023-07-16T22:01:00Z"", ""OCM::operator"": ""Evie"", ""OCM::plug_types"": ""CCS (Type 2); CHAdeMO"", ""OCM::power_kw_max"": 50.0, ""OCM::power_kw_min"": 50.0, ""OCM::power_kw_values"": [50.0], ""OCM::power_scope"": ""dc_indicated_connection_ratings"", ""OCM::status"": ""Operational"", ""OCM::usage_cost"": ""$0.40/kWh""}","{""OCM::connector_types_normalized"": ""CCS;CHAdeMO"", ""OCM::is_operational"": true, ""OCM::operator"": ""Evie"", ""OCM::plug_types"": ""CCS (Type 2); CHAdeMO"", ""OCM::power_kw_max"": 50.0, ""OCM::power_kw_min"": 50.0, ""OCM::power_scope"": ""dc_indicated_connection_ratings"", ""OCM::status"": ""Operational"", ""OCM::usage_cost"": ""$0.40/kWh""}",5
1795,,,"Queens Road, Five Dock NSW 2046",Evie Networks,4,DC,75 kW,-33.8696308,151.1223747,City Of Canada Bay Council,2046,Kerbside Charging R1,0,0,0,0,0,0,0,0,0,0,0,0,0,0,0,0,0,0,0,0,0,0,0,0,0,0,0,0,0,0,0,0,0,0,0,4,0,0,0,0,Sydney - Inner West,120,2046,unmatched,unmatched,,,,,,,{},,0,0,,,,False,accepted,coordinate_500m_historical_web_rule,363.98730401839924,0.0,https://www.openstreetmap.org/node/13586251301,,,Evie Networks,"{""access_condition"": ""Free Access"", ""allows_card_payment"": false, ""allows_reservation"": false, ""charging_point_count"": null, ""charging_point_count_raw"": null, ""connector_types_normalized"": ""CCS"", ""data_provider"": ""OpenStreetMap"", ""is_free"": false, ""network"": """", ""number_of_plugs"": null, ""opening_hours"": ""24/7"", ""power_kw_max"": null, ""power_kw_min"": null, ""power_scope"": ""station_reported_maximum"", ""pricing_info"": """"}",True,1,1,,candidate does not pass the automatic identity gate,candidate does not pass the automatic identity gate; Accepted by 500 m and historical high/medium web-evidence policy; not independently identity-verified; strict rejection retained,False,unmatched,unmatched,,,,,,,{},,0,0,,,,False,accepted,"[{""binding"": ""source_address_only; external identity not verified"", ""conclusion"": """", ""file"": ""data/reference/web_review/task3_104_non_ocm_web_verified.csv"", ""identity_decision"": ""web evidence only; same-station identity not automatically proven"", ""page_opened"": false, ""reported_confidence"": ""medium"", ""url"": ""https://samsautomotive.com.au/""}]",unmatched,unmatched,review,coordinate_only,unmatched,unmatched,review,coordinate_500m_historical_web_rule,osm_fast_dc,accepted,OSM,OSM:https://www.openstreetmap.org/node/13586251301,,,OSM: candidate does not pass the automatic identity gate; Accepted by 500 m and historical high/medium web-evidence policy; not independently identity-verified; strict rejection retained; OSM:https://www.openstreetmap.org/node/13586251301 is linked to multiple TfNSW rows,yes,,"{""OSM::access_condition"": ""Free Access"", ""OSM::allows_card_payment"": false, ""OSM::allows_reservation"": false, ""OSM::connector_types_normalized"": ""CCS"", ""OSM::data_provider"": ""OpenStreetMap"", ""OSM::is_free"": false, ""OSM::opening_hours"": ""24/7"", ""OSM::power_scope"": ""station_reported_maximum""}","{""OSM::access_condition"": ""Free Access"", ""OSM::allows_card_payment"": false, ""OSM::allows_reservation"": false, ""OSM::connector_types_normalized"": ""CCS"", ""OSM::is_free"": false, ""OSM::opening_hours"": ""24/7"", ""OSM::power_scope"": ""station_reported_maximum""}",6
1884,,,117 Tibbereena Street Narrabri NSW 2390,Tesla,4,DC,175 kW,-30.3226373,149.7801888,Narrabri Shire Council,2390,Fast Charging R1,0,0,0,0,0,0,0,0,0,0,4,0,0,0,0,0,0,0,0,0,0,0,0,0,0,0,0,0,0,0,0,0,0,0,0,0,0,0,0,0,New England and North West,110,2390,unmatched,unmatched,,,,,,,{},,0,0,,,,False,accepted,coordinate_500m_historical_web_rule,166.74543303665396,0.0,https://www.openstreetmap.org/node/12259891801,,Tesla Supercharger,Tesla,"{""access_condition"": ""Free Access"", ""allows_card_payment"": false, ""allows_reservation"": false, ""charging_point_count"": 4, ""charging_point_count_raw"": 4, ""connector_types_normalized"": ""CCS"", ""data_provider"": ""OpenStreetMap"", ""is_free"": false, ""network"": ""Supercharger"", ""number_of_plugs"": null, ""opening_hours"": ""24/7"", ""power_kw_max"": null, ""power_kw_min"": null, ""power_scope"": ""station_reported_maximum"", ""pricing_info"": """"}",True,2,2,273.3326077433177,candidate does not pass the automatic identity gate,candidate does not pass the automatic identity gate; Accepted by 500 m and historical high/medium web-evidence policy; not independently identity-verified; strict rejection retained,False,unmatched,unmatched,,,,,,,{},,0,0,,,,False,accepted,"[{""binding"": ""source_address_only; external identity not verified"", ""conclusion"": """", ""file"": ""data/reference/web_review/task3_104_non_ocm_web_verified.csv"", ""identity_decision"": ""web evidence only; same-station identity not automatically proven"", ""page_opened"": true, ""reported_confidence"": ""high"", ""url"": ""https://www.solarcitizens.org.au/recharging_narrabri""}]",unmatched,unmatched,review,coordinate_only,unmatched,unmatched,review,coordinate_500m_historical_web_rule,osm_fast_dc,accepted,OSM,OSM:https://www.openstreetmap.org/node/12259891801,,,OSM: candidate does not pass the automatic identity gate; Accepted by 500 m and historical high/medium web-evidence policy; not independently identity-verified; strict rejection retained,yes,,"{""OSM::access_condition"": ""Free Access"", ""OSM::allows_card_payment"": false, ""OSM::allows_reservation"": false, ""OSM::charging_point_count"": 4, ""OSM::charging_point_count_raw"": 4, ""OSM::connector_types_normalized"": ""CCS"", ""OSM::data_provider"": ""OpenStreetMap"", ""OSM::is_free"": false, ""OSM::network"": ""Supercharger"", ""OSM::opening_hours"": ""24/7"", ""OSM::power_scope"": ""station_reported_maximum""}","{""OSM::access_condition"": ""Free Access"", ""OSM::allows_card_payment"": false, ""OSM::allows_reservation"": false, ""OSM::connector_types_normalized"": ""CCS"", ""OSM::is_free"": false, ""OSM::network"": ""Supercharger"", ""OSM::opening_hours"": ""24/7"", ""OSM::power_scope"": ""station_reported_maximum""}",7
