tfnsw_unique_id,tfnsw_table_row,tfnsw_raw_station_address,tfnsw_cleaned_station_address,tfnsw_raw_postcode,tfnsw_cleaned_postcode,tfnsw_pcode_before_address_repair,tfnsw_pcode_repaired_from_address,source_index,Station_name,Station_address,Operator,Number_of_plugs,Charger_Type,Charger_rating,Latitude,Longitude,LGANAME,PCODE,Source,PCODE_ORIGINAL,PCODE_REPAIRED_FROM_ADDRESS,ocm_status,ocm_method,ocm_distance_m,ocm_address_score,ocm_id,ocm_address,ocm_attributes,ocm_candidate_count,ocm_coordinate_candidate_count,ocm_nearest_coordinate_gap_m,ocm_review_reason,ocm_source_postcode_conflict,osm_all_status,osm_all_method,osm_all_distance_m,osm_all_address_score,osm_all_id,osm_all_address,osm_all_attributes,osm_all_candidate_count,osm_all_coordinate_candidate_count,osm_all_nearest_coordinate_gap_m,osm_all_review_reason,osm_all_source_postcode_conflict,osm_fast_dc_status,osm_fast_dc_method,osm_fast_dc_distance_m,osm_fast_dc_address_score,osm_fast_dc_id,osm_fast_dc_address,osm_fast_dc_attributes,osm_fast_dc_candidate_count,osm_fast_dc_coordinate_candidate_count,osm_fast_dc_nearest_coordinate_gap_m,osm_fast_dc_review_reason,osm_fast_dc_source_postcode_conflict,chargelarge_all_status,chargelarge_all_method,chargelarge_all_distance_m,chargelarge_all_address_score,chargelarge_all_id,chargelarge_all_address,chargelarge_all_attributes,chargelarge_all_candidate_count,chargelarge_all_coordinate_candidate_count,chargelarge_all_nearest_coordinate_gap_m,chargelarge_all_review_reason,chargelarge_all_source_postcode_conflict,chargelarge_fast_dc_status,chargelarge_fast_dc_method,chargelarge_fast_dc_distance_m,chargelarge_fast_dc_address_score,chargelarge_fast_dc_id,chargelarge_fast_dc_address,chargelarge_fast_dc_attributes,chargelarge_fast_dc_candidate_count,chargelarge_fast_dc_coordinate_candidate_count,chargelarge_fast_dc_nearest_coordinate_gap_m,chargelarge_fast_dc_review_reason,chargelarge_fast_dc_source_postcode_conflict,combined_broad_status,combined_dc_indicated_status,matched_source,matched_source_count,coordinate_supported_source,coordinate_supported_source_count,review_candidate_source,review_candidate_external_ids,address_only_source,matched_external_ids,matched_external_addresses,minimum_match_distance_m,augmentation_nearest_distance_m,augmentation_nearest_gap_m,augmentation_attributes_by_source,augmentation_attribute_count,new_attribute_count,has_new_attributes,match_method_summary,augmentation_conflict_flags,final_audit_status,identity_review_reason,identity_review_required,alternative_candidate_warning_reason,alternative_candidate_present,attribute_review_reason,attribute_review_required,quality_review_reason,quality_review_required,manual_review_reason,manual_review_required,manual_review_status,final_audit_confidence,manual_review_decision,match_source,match_method,external_id,external_address,match_distance_m,address_score,augmented_attributes,confidence,web_evidence_url,web_evidence_confidence,web_evidence_confidence_reason,match_identity_decision,evidence_screened_status,evidence_screened_reason,ocm_evidence_url,osm_evidence_url,chargelarge_evidence_url
TFNSW-0004,4,"1 - 7 Ross St, Wilcannia NSW 2836, Australia","1 - 7 Ross Street, Wilcannia NSW 2836",2350,2836,2350,True,2,,"1 - 7 Ross Street, Wilcannia NSW 2836",NRMA Electric,4,DC,50 kW,-30.5118739,151.669395,Central Darling Shire Council,2836,TfNSW Regional,2350,True,review,coordinate_500m,29.225432401106143,0.45723270440251573,170824,"82 Marsh Street, Armidale, New South Wales, 2350","{""charger_capacities"": ""50 kW"", ""connector_types_normalized"": ""CCS;CHAdeMO"", ""data_provider"": ""Open Charge Map"", ""general_comments"": """", ""is_operational"": true, ""last_verified"": ""2020-12-11T13:42:00Z"", ""latitude"": -30.511645241125954, ""longitude"": 151.66954542599308, ""number_of_plugs"": 1.0, ""number_of_plugs_quality"": ""reported_or_derived_from_connection_quantity"", ""number_of_plugs_semantics"": ""OCM NumberOfPoints or positive connection Quantity"", ""operational_status"": ""operational"", ""operator"": ""NRMA"", ""plug_types"": ""CCS (Type 2); CHAdeMO"", ""power_kw_max"": 50.0, ""power_kw_min"": 50.0, ""power_kw_values"": [50.0], ""station_address"": ""82 Marsh Street, Armidale, New South Wales, 2350"", ""station_name"": ""Armidale Visitors Centre"", ""status"": ""Operational"", ""usage_cost"": ""Currently free but will be fee at some point.""}",2,1,,source address postcode 2836 conflicts with PCODE 2836; external postcode 2350 conflicts with source PCODE 2836,True,review,coordinate_500m,29.526628596528386,0.0,8133502030,,"{""access_condition"": ""Free Access"", ""accessibility"": ""Unknown"", ""allows_card_payment"": false, ""allows_reservation"": false, ""charger_capacities"": null, ""connector_types_normalized"": """", ""data_provider"": ""OpenStreetMap"", ""is_free"": false, ""latitude"": -30.511932635847, ""longitude"": 151.669695585885, ""network"": """", ""number_of_plugs"": 1, ""number_of_plugs_quality"": ""valid"", ""number_of_plugs_raw"": 1, ""number_of_plugs_semantics"": ""OSM charge_points_count; values above 100 are withheld as suspicious"", ""opening_hours"": """", ""operator"": ""NRMA"", ""osm_last_updated"": ""2022-12-15"", ""plug_types"": """", ""power_kw_max"": null, ""power_kw_min"": null, ""power_kw_values"": [], ""pricing_info"": """", ""station_name"": """"}",1,1,,source address postcode 2836 conflicts with PCODE 2836,True,unmatched,unmatched,,,,,{},0,0,,,True,review,coordinate_500m,421.7154627740981,0.25811764705882356,15d06bf5-6b4a-425d-9312-bae4b17cc22b-2444,"12 Cinders Ln, Armidale, NSW 2350","{""charger_capacities"": 150.0, ""connector_types_normalized"": ""CCS"", ""data_provider"": ""Charge@Large"", ""dc_port_count"": 4, ""latitude"": -30.5141439, ""longitude"": 151.6658684, ""number_of_plugs"": 4, ""number_of_plugs_quality"": ""reported_from_dc_port_count"", ""number_of_plugs_semantics"": ""Charge@Large DC-indicated port count"", ""operator"": """", ""plug_types"": ""CCS2"", ""power_kw_max"": 150.0, ""power_kw_min"": null, ""power_kw_values"": [150.0], ""station_address"": ""12 Cinders Ln, Armidale, NSW 2350"", ""station_name"": ""EV Fast Charger 5 Cinders Ln"", ""status_counts"": ""{\""Available\"": 1, \""OutOfService\"": 3}"", ""total_port_count"": 4}",1,1,,source address postcode 2836 conflicts with PCODE 2836; external postcode 2350 conflicts with source PCODE 2836; coordinate exceeds 100m automatic threshold,True,review,coordinate_500m,421.7154627740981,0.25811764705882356,15d06bf5-6b4a-425d-9312-bae4b17cc22b-2444,"12 Cinders Ln, Armidale, NSW 2350","{""charger_capacities"": 150.0, ""connector_types_normalized"": ""CCS"", ""data_provider"": ""Charge@Large"", ""dc_port_count"": 4, ""latitude"": -30.5141439, ""longitude"": 151.6658684, ""number_of_plugs"": 4, ""number_of_plugs_quality"": ""reported_from_dc_port_count"", ""number_of_plugs_semantics"": ""Charge@Large DC-indicated port count"", ""operator"": """", ""plug_types"": ""CCS2"", ""power_kw_max"": 150.0, ""power_kw_min"": null, ""power_kw_values"": [150.0], ""station_address"": ""12 Cinders Ln, Armidale, NSW 2350"", ""station_name"": ""EV Fast Charger 5 Cinders Ln"", ""status_counts"": ""{\""Available\"": 1, \""OutOfService\"": 3}"", ""total_port_count"": 4}",1,1,,source address postcode 2836 conflicts with PCODE 2836; external postcode 2350 conflicts with source PCODE 2836; coordinate exceeds 100m automatic threshold,True,unmatched,review,,0,,0,OCM;Charge@Large,OCM:170824;Charge@Large:15d06bf5-6b4a-425d-9312-bae4b17cc22b-2444,,,,,,,{},0,0,False,,,review_candidate,OCM: source address postcode 2836 conflicts with PCODE 2836; external postcode 2350 conflicts with source PCODE 2836; Charge@Large: source address postcode 2836 conflicts with PCODE 2836; external postcode 2350 conflicts with source PCODE 2836; coordinate exceeds 100m automatic threshold,yes,,no,,no,,no,OCM: source address postcode 2836 conflicts with PCODE 2836; external postcode 2350 conflicts with source PCODE 2836; Charge@Large: source address postcode 2836 conflicts with PCODE 2836; external postcode 2350 conflicts with source PCODE 2836; coordinate exceeds 100m automatic threshold,yes,pending,medium_review,pending,,,,,,,{},medium_review,,none,,,not_screened,No accepted external match or no review bound to the current external record.,https://openchargemap.org/site/poi/details/170824,,https://chargeatlarge.app/
TFNSW-0007,7,"1 Bay St, Sydney, 2037","1 Bay Street, Sydney NSW 2037",2037,2037,2037,False,5,,"1 Bay Street, Sydney NSW 2037",Tesla,16,DC,130 kW,-33.88350355,151.1944334,"Sydney, Council of the City of",2037,Existing Fast Chargers,2037,False,review,coordinate_500m,19.442848782107593,0.7928571428571429,311308,"1 Bay Street, Broadway, NSW, 2007","{""charger_capacities"": ""22 kW"", ""connector_types_normalized"": ""CCS"", ""data_provider"": ""Open Charge Map"", ""general_comments"": """", ""is_operational"": true, ""last_verified"": ""2025-03-29T03:34:00Z"", ""latitude"": -33.883393295749826, ""longitude"": 151.1945968746586, ""number_of_plugs"": 3.0, ""number_of_plugs_quality"": ""reported_or_derived_from_connection_quantity"", ""number_of_plugs_semantics"": ""OCM NumberOfPoints or positive connection Quantity"", ""operational_status"": ""operational"", ""operator"": ""Tesla (including non-tesla)"", ""plug_types"": ""CCS (Type 2)"", ""power_kw_max"": 22.0, ""power_kw_min"": 22.0, ""power_kw_values"": [22.0], ""station_address"": ""1 Bay Street, Broadway, NSW, 2007"", ""station_name"": ""Tesla Destination Charger"", ""status"": ""Operational"", ""usage_cost"": ""0""}",2,2,37.87480181878523,external postcode 2007 conflicts with source PCODE 2037,False,accepted,coordinate_500m,66.31887271012747,0.0,5438383393,,"{""access_condition"": ""Free Access"", ""accessibility"": ""Unknown"", ""allows_card_payment"": false, ""allows_reservation"": false, ""charger_capacities"": null, ""connector_types_normalized"": """", ""data_provider"": ""OpenStreetMap"", ""is_free"": false, ""latitude"": -33.8829291547019, ""longitude"": 151.194626832187, ""network"": ""Supercharger"", ""number_of_plugs"": 8, ""number_of_plugs_quality"": ""valid"", ""number_of_plugs_raw"": 8, ""number_of_plugs_semantics"": ""OSM charge_points_count; values above 100 are withheld as suspicious"", ""opening_hours"": ""24/7"", ""operator"": ""Tesla"", ""osm_last_updated"": ""2026-03-29"", ""plug_types"": """", ""power_kw_max"": null, ""power_kw_min"": null, ""power_kw_values"": [], ""pricing_info"": """", ""station_name"": ""Tesla Supercharger""}",1,1,,,False,unmatched,unmatched,,,,,{},0,0,,,False,review,coordinate_500m,307.9174714299631,0.4035294117647059,d1cbdd86-205d-4538-b287-34032bf74788-ibxdE7VEtpT7LdkriyIUSgVk-paThlG_iOPe,"2 Buckland St, Chippendale, NSW 2008","{""charger_capacities"": 22.0, ""connector_types_normalized"": ""Type2"", ""data_provider"": ""Charge@Large"", ""dc_port_count"": 1, ""latitude"": -33.88472, ""longitude"": 151.19743, ""number_of_plugs"": 1, ""number_of_plugs_quality"": ""reported_from_dc_port_count"", ""number_of_plugs_semantics"": ""Charge@Large DC-indicated port count"", ""operator"": """", ""plug_types"": ""TYPE2"", ""power_kw_max"": 22.0, ""power_kw_min"": null, ""power_kw_values"": [22.0], ""station_address"": ""2 Buckland St, Chippendale, NSW 2008"", ""station_name"": ""2 Buckland St Chippendale NSW 2008"", ""status_counts"": ""{\""Available\"": 1}"", ""total_port_count"": 1}",3,3,62.40520893133697,external postcode 2008 conflicts with source PCODE 2037; coordinate exceeds 100m automatic threshold,False,unmatched,unmatched,,,,,{},0,0,,,False,accepted,review,,0,,0,OCM,OCM:311308,,,,,,,{},0,0,False,,,review_candidate,OCM: external postcode 2007 conflicts with source PCODE 2037,yes,,no,,no,,no,OCM: external postcode 2007 conflicts with source PCODE 2037,yes,pending,medium_review,pending,,,,,,,{},medium_review,,none,,,not_screened,No accepted external match or no review bound to the current external record.,https://openchargemap.org/site/poi/details/311308,,
TFNSW-0018,18,"1 Frederick St, Sydney, 2064","1 Frederick Street, Sydney NSW 2064",2064,2064,2064,False,16,,"1 Frederick Street, Sydney NSW 2064",Evie Networks,6,DC,150 kW,-33.81707912,151.1889369,Willoughby City Council,2064,Existing Fast Chargers,2064,False,review,coordinate_500m,157.01557144383443,0.35,272613,"65 Reserve Road, St Leonards, New South Wales, 2065","{""charger_capacities"": ""22 kW"", ""connector_types_normalized"": ""CCS;CHAdeMO"", ""data_provider"": ""Open Charge Map"", ""general_comments"": """", ""is_operational"": true, ""last_verified"": ""2023-07-15T07:52:00Z"", ""latitude"": -33.81845312500111, ""longitude"": 151.18932889926964, ""number_of_plugs"": 1.0, ""number_of_plugs_quality"": ""reported_or_derived_from_connection_quantity"", ""number_of_plugs_semantics"": ""OCM NumberOfPoints or positive connection Quantity"", ""operational_status"": ""operational"", ""operator"": ""Chargefox"", ""plug_types"": ""CCS (Type 2); CHAdeMO"", ""power_kw_max"": 22.0, ""power_kw_min"": 22.0, ""power_kw_values"": [22.0], ""station_address"": ""65 Reserve Road, St Leonards, New South Wales, 2065"", ""station_name"": ""TLE Electrical Artarmon"", ""status"": ""Operational"", ""usage_cost"": ""$0.30/kWh""}",1,1,,external postcode 2065 conflicts with source PCODE 2064; coordinate exceeds 100m automatic threshold,False,unmatched,unmatched,,,,,{},0,0,,,False,unmatched,unmatched,,,,,{},0,0,,,False,review,coordinate_500m,92.58060399570518,0.6590909090909092,ac6d79e9-3d3d-4a6b-a3b2-99a06fe51e25-82,"12 Frederick St, St Leonards NSW 2065, Austra, St Leonards, NSW 2065","{""charger_capacities"": 22.0, ""connector_types_normalized"": ""Type2"", ""data_provider"": ""Charge@Large"", ""dc_port_count"": 2, ""latitude"": -33.817909, ""longitude"": 151.188856, ""number_of_plugs"": 2, ""number_of_plugs_quality"": ""reported_from_dc_port_count"", ""number_of_plugs_semantics"": ""Charge@Large DC-indicated port count"", ""operator"": """", ""plug_types"": ""TYPE2"", ""power_kw_max"": 22.0, ""power_kw_min"": null, ""power_kw_values"": [22.0], ""station_address"": ""12 Frederick St, St Leonards NSW 2065, Austra, St Leonards, NSW 2065"", ""station_name"": ""12 Frederick St-St Leonards"", ""status_counts"": ""{\""Available\"": 2}"", ""total_port_count"": 2}",2,2,387.8116910476986,external postcode 2065 conflicts with source PCODE 2064,False,review,coordinate_500m,480.3922950434038,0.32407407407407407,393dc550-5791-46d3-a359-20e9e5b406b3-6788b95616c263b357a1ec99,"18/39 Herbert Street, St Leonards, NSW 2065","{""charger_capacities"": 25.0, ""connector_types_normalized"": ""CCS;CHAdeMO"", ""data_provider"": ""Charge@Large"", ""dc_port_count"": 2, ""latitude"": -33.819741, ""longitude"": 151.1930327, ""number_of_plugs"": 2, ""number_of_plugs_quality"": ""reported_from_dc_port_count"", ""number_of_plugs_semantics"": ""Charge@Large DC-indicated port count"", ""operator"": """", ""plug_types"": ""CCS2|CHADEMO"", ""power_kw_max"": 25.0, ""power_kw_min"": null, ""power_kw_values"": [25.0], ""station_address"": ""18/39 Herbert Street, St Leonards, NSW 2065"", ""station_name"": ""Delta HQ"", ""status_counts"": ""{\""Available\"": 2}"", ""total_port_count"": 2}",1,1,,external postcode 2065 conflicts with source PCODE 2064; coordinate exceeds 100m automatic threshold,False,unmatched,review,,0,,0,OCM;Charge@Large,OCM:272613;Charge@Large:393dc550-5791-46d3-a359-20e9e5b406b3-6788b95616c263b357a1ec99,,,,,,,{},0,0,False,,,review_candidate,OCM: external postcode 2065 conflicts with source PCODE 2064; coordinate exceeds 100m automatic threshold; Charge@Large: external postcode 2065 conflicts with source PCODE 2064; coordinate exceeds 100m automatic threshold,yes,,no,,no,,no,OCM: external postcode 2065 conflicts with source PCODE 2064; coordinate exceeds 100m automatic threshold; Charge@Large: external postcode 2065 conflicts with source PCODE 2064; coordinate exceeds 100m automatic threshold,yes,pending,medium_review,pending,,,,,,,{},medium_review,,none,,,not_screened,No accepted external match or no review bound to the current external record.,https://openchargemap.org/site/poi/details/272613,,https://chargeatlarge.app/
TFNSW-0029,29,"1 Little Walker St, Casino, NSW 2470, Australia","1 Little Walker Street, Casino NSW 2470",2622,2470,2622,True,27,,"1 Little Walker Street, Casino NSW 2470",NRMA Electric,4,DC,50 kW,-35.442745,149.7913305,Richmond Valley Council,2470,TfNSW Regional,2622,True,review,fuzzy_address_only,792872.5121487658,0.8647058823529412,260392,"Little Walker Street, New South Wales, 2470","{""charger_capacities"": ""50 kW"", ""connector_types_normalized"": ""CCS;CHAdeMO"", ""data_provider"": ""Open Charge Map"", ""general_comments"": """", ""is_operational"": true, ""last_verified"": ""2023-04-23T10:48:00Z"", ""latitude"": -28.865746474795223, ""longitude"": 153.04878848507587, ""number_of_plugs"": 2.0, ""number_of_plugs_quality"": ""reported_or_derived_from_connection_quantity"", ""number_of_plugs_semantics"": ""OCM NumberOfPoints or positive connection Quantity"", ""operational_status"": ""operational"", ""operator"": ""NRMA"", ""plug_types"": ""CCS (Type 2); CHAdeMO"", ""power_kw_max"": 50.0, ""power_kw_min"": 50.0, ""power_kw_values"": [50.0], ""station_address"": ""Little Walker Street, New South Wales, 2470"", ""station_name"": ""Little Walker Street"", ""status"": ""Operational"", ""usage_cost"": """"}",1,0,,source address postcode 2470 conflicts with PCODE 2470; fuzzy address only; coordinate exceeds 500m,True,review,coordinate_500m,37.93703118299952,0.0,12644131941,,"{""access_condition"": ""Free Access"", ""accessibility"": ""Unknown"", ""allows_card_payment"": false, ""allows_reservation"": false, ""charger_capacities"": null, ""connector_types_normalized"": ""CCS;CHAdeMO"", ""data_provider"": ""OpenStreetMap"", ""is_free"": false, ""latitude"": -35.4426269078878, ""longitude"": 149.791723390517, ""network"": """", ""number_of_plugs"": 2, ""number_of_plugs_quality"": ""valid"", ""number_of_plugs_raw"": 2, ""number_of_plugs_semantics"": ""OSM charge_points_count; values above 100 are withheld as suspicious"", ""opening_hours"": """", ""operator"": ""NRMA"", ""osm_last_updated"": ""2025-10-20"", ""plug_types"": ""CCS|CHAdeMO"", ""power_kw_max"": null, ""power_kw_min"": null, ""power_kw_values"": [], ""pricing_info"": """", ""station_name"": """"}",1,1,,source address postcode 2470 conflicts with PCODE 2470,True,review,coordinate_500m,37.93703118299952,0.0,12644131941,,"{""access_condition"": ""Free Access"", ""accessibility"": ""Unknown"", ""allows_card_payment"": false, ""allows_reservation"": false, ""charger_capacities"": null, ""connector_types_normalized"": ""CCS;CHAdeMO"", ""data_provider"": ""OpenStreetMap"", ""is_free"": false, ""latitude"": -35.4426269078878, ""longitude"": 149.791723390517, ""network"": """", ""number_of_plugs"": 2, ""number_of_plugs_quality"": ""valid"", ""number_of_plugs_raw"": 2, ""number_of_plugs_semantics"": ""OSM charge_points_count; values above 100 are withheld as suspicious"", ""opening_hours"": """", ""operator"": ""NRMA"", ""osm_last_updated"": ""2025-10-20"", ""plug_types"": ""CCS|CHAdeMO"", ""power_kw_max"": null, ""power_kw_min"": null, ""power_kw_values"": [], ""pricing_info"": """", ""station_name"": """"}",1,1,,source address postcode 2470 conflicts with PCODE 2470,True,unmatched,unmatched,,,,,{},0,0,,,True,unmatched,unmatched,,,,,{},0,0,,,True,unmatched,review,,0,,0,OCM;OSM,OCM:260392;OSM:12644131941,OCM,,,,,,{},0,0,False,,,review_candidate,OCM: source address postcode 2470 conflicts with PCODE 2470; fuzzy address only; coordinate exceeds 500m; OSM: source address postcode 2470 conflicts with PCODE 2470,yes,,no,,no,,no,OCM: source address postcode 2470 conflicts with PCODE 2470; fuzzy address only; coordinate exceeds 500m; OSM: source address postcode 2470 conflicts with PCODE 2470,yes,pending,medium_review,pending,,,,,,,{},medium_review,,none,,,not_screened,No accepted external match or no review bound to the current external record.,https://openchargemap.org/site/poi/details/260392,https://www.openstreetmap.org/node/12644131941,
TFNSW-0038,38,"1 Perry St, Batemans Bay, 2536","1 Perry Street, Batemans Bay NSW 2536",2536,2536,2536,False,36,,"1 Perry Street, Batemans Bay NSW 2536",Evie Networks,4,DC,75 kW,-35.70737242,150.1761672,Eurobodalla Shire Council,2536,Existing Fast Chargers,2536,False,review,coordinate_500m,138.42854106527693,0.43486842105263157,157566,"2A Beach Road, Batemans Bay, NSW, 2536","{""charger_capacities"": ""50 kW"", ""connector_types_normalized"": ""CCS;CHAdeMO"", ""data_provider"": ""Open Charge Map"", ""general_comments"": """", ""is_operational"": true, ""last_verified"": ""2021-12-19T02:29:00Z"", ""latitude"": -35.70850475831435, ""longitude"": 150.175530096314, ""number_of_plugs"": 1.0, ""number_of_plugs_quality"": ""reported_or_derived_from_connection_quantity"", ""number_of_plugs_semantics"": ""OCM NumberOfPoints or positive connection Quantity"", ""operational_status"": ""operational"", ""operator"": ""NRMA"", ""plug_types"": ""CCS (Type 2); CHAdeMO"", ""power_kw_max"": 50.0, ""power_kw_min"": 50.0, ""power_kw_values"": [50.0], ""station_address"": ""2A Beach Road, Batemans Bay, NSW, 2536"", ""station_name"": ""Batemans Bay Visitor Centre [NRMA]"", ""status"": ""Operational"", ""usage_cost"": """"}",3,3,179.54486260556519,coordinate exceeds 100m automatic threshold,False,review,coordinate_500m,149.62063319241864,0.0,6512442081,,"{""access_condition"": ""Free Access"", ""accessibility"": ""Unknown"", ""allows_card_payment"": false, ""allows_reservation"": false, ""charger_capacities"": 50.0, ""connector_types_normalized"": ""CCS;CHAdeMO"", ""data_provider"": ""OpenStreetMap"", ""is_free"": true, ""latitude"": -35.7084845318405, ""longitude"": 150.175234352736, ""network"": """", ""number_of_plugs"": 1, ""number_of_plugs_quality"": ""valid"", ""number_of_plugs_raw"": 1, ""number_of_plugs_semantics"": ""OSM charge_points_count; values above 100 are withheld as suspicious"", ""opening_hours"": """", ""operator"": ""NRMA"", ""osm_last_updated"": ""2022-12-18"", ""plug_types"": ""CCS|CHAdeMO"", ""power_kw_max"": 50.0, ""power_kw_min"": null, ""power_kw_values"": [50.0], ""pricing_info"": """", ""station_name"": """"}",3,3,154.53637045999548,coordinate exceeds 100m automatic threshold,False,review,coordinate_500m,149.62063319241864,0.0,6512442081,,"{""access_condition"": ""Free Access"", ""accessibility"": ""Unknown"", ""allows_card_payment"": false, ""allows_reservation"": false, ""charger_capacities"": 50.0, ""connector_types_normalized"": ""CCS;CHAdeMO"", ""data_provider"": ""OpenStreetMap"", ""is_free"": true, ""latitude"": -35.7084845318405, ""longitude"": 150.175234352736, ""network"": """", ""number_of_plugs"": 1, ""number_of_plugs_quality"": ""valid"", ""number_of_plugs_raw"": 1, ""number_of_plugs_semantics"": ""OSM charge_points_count; values above 100 are withheld as suspicious"", ""opening_hours"": """", ""operator"": ""NRMA"", ""osm_last_updated"": ""2022-12-18"", ""plug_types"": ""CCS|CHAdeMO"", ""power_kw_max"": 50.0, ""power_kw_min"": null, ""power_kw_values"": [50.0], ""pricing_info"": """", ""station_name"": """"}",3,3,154.53637045999548,coordinate exceeds 100m automatic threshold,False,review,coordinate_500m,352.1770243955108,0.40825471698113214,15d06bf5-6b4a-425d-9312-bae4b17cc22b-324,"4-6 Beach Rd, Batemans Bay, NSW 2536","{""charger_capacities"": 22.0, ""connector_types_normalized"": ""Type2"", ""data_provider"": ""Charge@Large"", ""dc_port_count"": 2, ""latitude"": -35.7094784, ""longitude"": 150.1790805, ""number_of_plugs"": 2, ""number_of_plugs_quality"": ""reported_from_dc_port_count"", ""number_of_plugs_semantics"": ""Charge@Large DC-indicated port count"", ""operator"": """", ""plug_types"": ""TYPE2"", ""power_kw_max"": 22.0, ""power_kw_min"": null, ""power_kw_values"": [22.0], ""station_address"": ""4-6 Beach Rd, Batemans Bay, NSW 2536"", ""station_name"": ""Batemans Bay Soldiers Club"", ""status_counts"": ""{\""Available\"": 2}"", ""total_port_count"": 2}",1,1,,coordinate exceeds 100m automatic threshold,False,unmatched,unmatched,,,,,{},0,0,,,False,unmatched,review,,0,,0,OCM;OSM,OCM:157566;OSM:6512442081,,,,,,,{},0,0,False,,,review_candidate,OCM: coordinate exceeds 100m automatic threshold; OSM: coordinate exceeds 100m automatic threshold,yes,,no,,no,,no,OCM: coordinate exceeds 100m automatic threshold; OSM: coordinate exceeds 100m automatic threshold,yes,pending,medium_review,pending,,,,,,,{},medium_review,,none,,,not_screened,No accepted external match or no review bound to the current external record.,https://openchargemap.org/site/poi/details/157566,https://www.openstreetmap.org/node/6512442081,
TFNSW-0078,78,"10W Apsley St, Walcha NSW 2354, Australia","10W Apsley Street, Walcha NSW 2354",2839,2354,2839,True,76,,"10W Apsley Street, Walcha NSW 2354",NRMA Electric,4,DC,50 kW,-29.960127,146.8578887,Walcha Council,2354,TfNSW Regional,2839,True,review,fuzzy_address_only,467745.5242272914,1.0,480135,"10W Apsley Street, Walcha, NSW, 2354","{""charger_capacities"": """", ""connector_types_normalized"": ""CCS;CHAdeMO"", ""data_provider"": ""Open Charge Map"", ""general_comments"": """", ""is_operational"": true, ""last_verified"": ""2026-03-15T08:37:00Z"", ""latitude"": -30.983013170871303, ""longitude"": 151.59251668897264, ""number_of_plugs"": 2.0, ""number_of_plugs_quality"": ""reported_or_derived_from_connection_quantity"", ""number_of_plugs_semantics"": ""OCM NumberOfPoints or positive connection Quantity"", ""operational_status"": ""operational"", ""operator"": ""NRMA"", ""plug_types"": ""CCS (Type 2); CHAdeMO"", ""power_kw_max"": null, ""power_kw_min"": null, ""power_kw_values"": [], ""station_address"": ""10W Apsley Street, Walcha, NSW, 2354"", ""station_name"": ""NRMA EV Charger Walcha"", ""status"": ""Operational"", ""usage_cost"": """"}",1,0,,source address postcode 2354 conflicts with PCODE 2354; fuzzy address only; coordinate exceeds 500m,True,review,coordinate_500m,73.30717875298141,0.0,9771012967,,"{""access_condition"": ""Free Access"", ""accessibility"": ""Unknown"", ""allows_card_payment"": false, ""allows_reservation"": false, ""charger_capacities"": null, ""connector_types_normalized"": """", ""data_provider"": ""OpenStreetMap"", ""is_free"": false, ""latitude"": -29.9607798383013, ""longitude"": 146.857782688639, ""network"": """", ""number_of_plugs"": 2, ""number_of_plugs_quality"": ""valid"", ""number_of_plugs_raw"": 2, ""number_of_plugs_semantics"": ""OSM charge_points_count; values above 100 are withheld as suspicious"", ""opening_hours"": """", ""operator"": ""NRMA"", ""osm_last_updated"": ""2022-12-18"", ""plug_types"": """", ""power_kw_max"": null, ""power_kw_min"": null, ""power_kw_values"": [], ""pricing_info"": """", ""station_name"": """"}",1,1,,source address postcode 2354 conflicts with PCODE 2354,True,unmatched,unmatched,,,,,{},0,0,,,True,unmatched,unmatched,,,,,{},0,0,,,True,unmatched,unmatched,,,,,{},0,0,,,True,unmatched,review,,0,,0,OCM,OCM:480135,OCM,,,,,,{},0,0,False,,,review_candidate,OCM: source address postcode 2354 conflicts with PCODE 2354; fuzzy address only; coordinate exceeds 500m,yes,,no,,no,,no,OCM: source address postcode 2354 conflicts with PCODE 2354; fuzzy address only; coordinate exceeds 500m,yes,pending,medium_review,pending,,,,,,,{},medium_review,,none,,,not_screened,No accepted external match or no review bound to the current external record.,https://openchargemap.org/site/poi/details/480135,,
TFNSW-0096,96,"116 Liverpool St, Scone, NSW 2337, Australia","116 Liverpool Street, Scone NSW 2337",2880,2337,2880,True,94,,"116 Liverpool Street, Scone NSW 2337",NRMA Electric,2,DC,50 kW,-31.9598511,141.4601038,Upper Hunter Shire Council,2337,TfNSW Regional,2880,True,review,coordinate_500m,47.316385278679924,0.33421052631578946,190677,"51 Bromide St, Broken Hill, New South Wales, 2880","{""charger_capacities"": ""50 kW"", ""connector_types_normalized"": ""CCS;CHAdeMO"", ""data_provider"": ""Open Charge Map"", ""general_comments"": """", ""is_operational"": true, ""last_verified"": ""2021-12-17T03:14:00Z"", ""latitude"": -31.959754641960238, ""longitude"": 141.45961530379066, ""number_of_plugs"": 1.0, ""number_of_plugs_quality"": ""reported_or_derived_from_connection_quantity"", ""number_of_plugs_semantics"": ""OCM NumberOfPoints or positive connection Quantity"", ""operational_status"": ""operational"", ""operator"": ""NRMA"", ""plug_types"": ""CCS (Type 2); CHAdeMO"", ""power_kw_max"": 50.0, ""power_kw_min"": 50.0, ""power_kw_values"": [50.0], ""station_address"": ""51 Bromide St, Broken Hill, New South Wales, 2880"", ""station_name"": ""Broken Hill [NRMA]"", ""status"": ""Operational"", ""usage_cost"": """"}",2,1,,source address postcode 2337 conflicts with PCODE 2337; external postcode 2880 conflicts with source PCODE 2337,True,review,coordinate_500m,58.93521758541744,0.0,9344898113,,"{""access_condition"": ""Free Access"", ""accessibility"": ""Unknown"", ""allows_card_payment"": false, ""allows_reservation"": false, ""charger_capacities"": null, ""connector_types_normalized"": """", ""data_provider"": ""OpenStreetMap"", ""is_free"": false, ""latitude"": -31.9596719672399, ""longitude"": 141.459515850366, ""network"": """", ""number_of_plugs"": null, ""number_of_plugs_quality"": ""missing_or_suspicious"", ""number_of_plugs_raw"": null, ""number_of_plugs_semantics"": ""OSM charge_points_count; values above 100 are withheld as suspicious"", ""opening_hours"": """", ""operator"": ""NRMA"", ""osm_last_updated"": ""2021-12-16"", ""plug_types"": """", ""power_kw_max"": null, ""power_kw_min"": null, ""power_kw_values"": [], ""pricing_info"": """", ""station_name"": """"}",1,1,,source address postcode 2337 conflicts with PCODE 2337,True,unmatched,unmatched,,,,,{},0,0,,,True,review,coordinate_500m,301.49935715974755,0.3330188679245283,179ada28-f0c6-4431-a1fc-bbb2e5ec26d6-AUCHB28800001,"170 Crystal Street, Broken Hill, NSW 2880","{""charger_capacities"": 22.0, ""connector_types_normalized"": ""Type2"", ""data_provider"": ""Charge@Large"", ""dc_port_count"": 4, ""latitude"": -31.9609178, ""longitude"": 141.463042, ""number_of_plugs"": 4, ""number_of_plugs_quality"": ""reported_from_dc_port_count"", ""number_of_plugs_semantics"": ""Charge@Large DC-indicated port count"", ""operator"": """", ""plug_types"": ""TYPE2"", ""power_kw_max"": 22.0, ""power_kw_min"": null, ""power_kw_values"": [22.0], ""station_address"": ""170 Crystal Street, Broken Hill, NSW 2880"", ""station_name"": ""Thrive Medical Broken Hill"", ""status_counts"": ""{\""Available\"": 3, \""Charging\"": 1}"", ""total_port_count"": 4}",1,1,,source address postcode 2337 conflicts with PCODE 2337; external postcode 2880 conflicts with source PCODE 2337; coordinate exceeds 100m automatic threshold,True,unmatched,unmatched,,,,,{},0,0,,,True,unmatched,review,,0,,0,OCM,OCM:190677,,,,,,,{},0,0,False,,,review_candidate,OCM: source address postcode 2337 conflicts with PCODE 2337; external postcode 2880 conflicts with source PCODE 2337,yes,,no,,no,,no,OCM: source address postcode 2337 conflicts with PCODE 2337; external postcode 2880 conflicts with source PCODE 2337,yes,pending,medium_review,pending,,,,,,,{},medium_review,,none,,,not_screened,No accepted external match or no review bound to the current external record.,https://openchargemap.org/site/poi/details/190677,,
TFNSW-0111,111,"12 Jacksons Rd, Warriewood NSW 2102","12 Jacksons Road, Warriewood NSW 2102",2102,2102,2102,False,109,,"12 Jacksons Road, Warriewood NSW 2102",Engie,2,DC,150 kW,-33.6971741,151.2956935,Northern Beaches Council,2102,ARENA - Driving the Nation,2102,False,review,coordinate_500m,183.25181388239093,0.8433333333333334,272615,"12 Jacksons Road, Warriewood, New South Wales, 2101","{""charger_capacities"": ""120 kW"", ""connector_types_normalized"": ""CCS"", ""data_provider"": ""Open Charge Map"", ""general_comments"": """", ""is_operational"": true, ""last_verified"": ""2023-07-15T07:59:00Z"", ""latitude"": -33.695602, ""longitude"": 151.2962878, ""number_of_plugs"": 2.0, ""number_of_plugs_quality"": ""reported_or_derived_from_connection_quantity"", ""number_of_plugs_semantics"": ""OCM NumberOfPoints or positive connection Quantity"", ""operational_status"": ""operational"", ""operator"": ""Chargefox"", ""plug_types"": ""CCS (Type 2)"", ""power_kw_max"": 120.0, ""power_kw_min"": 120.0, ""power_kw_values"": [120.0], ""station_address"": ""12 Jacksons Road, Warriewood, New South Wales, 2101"", ""station_name"": ""ENGIE - Warriewood Square"", ""status"": ""Operational"", ""usage_cost"": ""$0.45/kWh""}",1,1,,external postcode 2101 conflicts with source PCODE 2102; coordinate exceeds 100m automatic threshold,False,unmatched,unmatched,,,,,{},0,0,,,False,unmatched,unmatched,,,,,{},0,0,,,False,review,coordinate_and_fuzzy_address,191.97793541755075,0.9612903225806452,15d06bf5-6b4a-425d-9312-bae4b17cc22b-2518,"Square, 12 Jacksons Rd, Warriewood, NSW 2102","{""charger_capacities"": 150.0, ""connector_types_normalized"": ""CCS;Type2"", ""data_provider"": ""Charge@Large"", ""dc_port_count"": 2, ""latitude"": -33.6956998, ""longitude"": 151.2967734, ""number_of_plugs"": 2, ""number_of_plugs_quality"": ""reported_from_dc_port_count"", ""number_of_plugs_semantics"": ""Charge@Large DC-indicated port count"", ""operator"": """", ""plug_types"": ""CCS2|TYPE2"", ""power_kw_max"": 150.0, ""power_kw_min"": null, ""power_kw_values"": [150.0], ""station_address"": ""Square, 12 Jacksons Rd, Warriewood, NSW 2102"", ""station_name"": ""Warriewood Square"", ""status_counts"": ""{\""Available\"": 3, \""OutOfService\"": 1}"", ""total_port_count"": 4}",1,1,,coordinate exceeds 100m automatic threshold,False,review,coordinate_and_fuzzy_address,191.97793541755075,0.9612903225806452,15d06bf5-6b4a-425d-9312-bae4b17cc22b-2518,"Square, 12 Jacksons Rd, Warriewood, NSW 2102","{""charger_capacities"": 150.0, ""connector_types_normalized"": ""CCS;Type2"", ""data_provider"": ""Charge@Large"", ""dc_port_count"": 2, ""latitude"": -33.6956998, ""longitude"": 151.2967734, ""number_of_plugs"": 2, ""number_of_plugs_quality"": ""reported_from_dc_port_count"", ""number_of_plugs_semantics"": ""Charge@Large DC-indicated port count"", ""operator"": """", ""plug_types"": ""CCS2|TYPE2"", ""power_kw_max"": 150.0, ""power_kw_min"": null, ""power_kw_values"": [150.0], ""station_address"": ""Square, 12 Jacksons Rd, Warriewood, NSW 2102"", ""station_name"": ""Warriewood Square"", ""status_counts"": ""{\""Available\"": 3, \""OutOfService\"": 1}"", ""total_port_count"": 4}",1,1,,coordinate exceeds 100m automatic threshold,False,unmatched,review,,0,,0,OCM;Charge@Large,OCM:272615;Charge@Large:15d06bf5-6b4a-425d-9312-bae4b17cc22b-2518,,,,,,,{},0,0,False,,,review_candidate,OCM: external postcode 2101 conflicts with source PCODE 2102; coordinate exceeds 100m automatic threshold; Charge@Large: coordinate exceeds 100m automatic threshold,yes,,no,,no,,no,OCM: external postcode 2101 conflicts with source PCODE 2102; coordinate exceeds 100m automatic threshold; Charge@Large: coordinate exceeds 100m automatic threshold,yes,pending,medium_review,pending,,,,,,,{},medium_review,,none,,,not_screened,No accepted external match or no review bound to the current external record.,https://openchargemap.org/site/poi/details/272615,,https://chargeatlarge.app/
TFNSW-0126,126,"127 Conadilly St, Gunnedah, 2380","127 Conadilly Street, Gunnedah NSW 2380",2380,2380,2380,False,124,,"127 Conadilly Street, Gunnedah NSW 2380",Chargefox,4,DC,47 kW,-30.97681086,150.2501652,Gunnedah Shire Council,2380,Existing Fast Chargers,2380,False,review,coordinate_500m,196.93290830952947,0.4157848324514991,274452,"Kepreotes Carpark, 73 Little Barber Street, Gunnedah, NSW, 2380","{""charger_capacities"": ""50 kW"", ""connector_types_normalized"": ""CCS;CHAdeMO"", ""data_provider"": ""Open Charge Map"", ""general_comments"": ""CCS2 and Chademo connectors share a common charger"", ""is_operational"": true, ""last_verified"": ""2023-09-18T01:27:00Z"", ""latitude"": -30.978295982227706, ""longitude"": 150.25129064038157, ""number_of_plugs"": 1.0, ""number_of_plugs_quality"": ""reported_or_derived_from_connection_quantity"", ""number_of_plugs_semantics"": ""OCM NumberOfPoints or positive connection Quantity"", ""operational_status"": ""operational"", ""operator"": ""(Unknown Operator)"", ""plug_types"": ""CCS (Type 2); CHAdeMO"", ""power_kw_max"": 50.0, ""power_kw_min"": 50.0, ""power_kw_values"": [50.0], ""station_address"": ""Kepreotes Carpark, 73 Little Barber Street, Gunnedah, NSW, 2380"", ""station_name"": ""NRMA Fast Charger Gunnedah"", ""status"": ""Operational"", ""usage_cost"": ""$0, but payment will be required Oct-Dec 2023""}",1,1,,coordinate exceeds 100m automatic threshold,False,review,coordinate_500m,262.4184539608296,0.0,6839163294,,"{""access_condition"": ""Free Access"", ""accessibility"": ""Unknown"", ""allows_card_payment"": false, ""allows_reservation"": false, ""charger_capacities"": null, ""connector_types_normalized"": """", ""data_provider"": ""OpenStreetMap"", ""is_free"": false, ""latitude"": -30.978633567968, ""longitude"": 150.251913679348, ""network"": """", ""number_of_plugs"": null, ""number_of_plugs_quality"": ""missing_or_suspicious"", ""number_of_plugs_raw"": null, ""number_of_plugs_semantics"": ""OSM charge_points_count; values above 100 are withheld as suspicious"", ""opening_hours"": """", ""operator"": ""NRMA"", ""osm_last_updated"": ""2022-12-15"", ""plug_types"": """", ""power_kw_max"": null, ""power_kw_min"": null, ""power_kw_values"": [], ""pricing_info"": """", ""station_name"": """"}",1,1,,coordinate exceeds 100m automatic threshold,False,unmatched,unmatched,,,,,{},0,0,,,False,review,coordinate_500m,147.26319992875312,0.5153846153846153,15d06bf5-6b4a-425d-9312-bae4b17cc22b-1734,"83 Chandos St, Gunnedah, NSW 2380","{""charger_capacities"": 22.0, ""connector_types_normalized"": ""Type2"", ""data_provider"": ""Charge@Large"", ""dc_port_count"": 4, ""latitude"": -30.9761991, ""longitude"": 150.2515352, ""number_of_plugs"": 4, ""number_of_plugs_quality"": ""reported_from_dc_port_count"", ""number_of_plugs_semantics"": ""Charge@Large DC-indicated port count"", ""operator"": """", ""plug_types"": ""TYPE2"", ""power_kw_max"": 22.0, ""power_kw_min"": null, ""power_kw_values"": [22.0], ""station_address"": ""83 Chandos St, Gunnedah, NSW 2380"", ""station_name"": ""Civic Gunnedah"", ""status_counts"": ""{\""Available\"": 4}"", ""total_port_count"": 4}",1,1,,coordinate exceeds 100m automatic threshold,False,unmatched,unmatched,,,,,{},0,0,,,False,unmatched,review,,0,,0,OCM,OCM:274452,,,,,,,{},0,0,False,,,review_candidate,OCM: coordinate exceeds 100m automatic threshold,yes,,no,,no,,no,OCM: coordinate exceeds 100m automatic threshold,yes,pending,medium_review,pending,,,,,,,{},medium_review,,none,,,not_screened,No accepted external match or no review bound to the current external record.,https://openchargemap.org/site/poi/details/274452,,
TFNSW-0128,128,"128 Flood Street, Leichhardt NSW 2040","128 Flood Street, Leichhardt NSW 2040",2040,2040,2040,False,126,,"128 Flood Street, Leichhardt NSW 2040",Evie Networks,4,DC,75 kW,-33.88518,151.148629,Inner West Council,2040,ARENA - Driving the Nation,2040,False,review,coordinate_and_fuzzy_address,225.24257355465556,1.0,272673,"128 Flood Street, Leichhardt, New South Wales, 2040","{""charger_capacities"": ""50 kW"", ""connector_types_normalized"": ""CCS;CHAdeMO"", ""data_provider"": ""Open Charge Map"", ""general_comments"": """", ""is_operational"": true, ""last_verified"": ""2023-07-16T12:44:00Z"", ""latitude"": -33.883514, ""longitude"": 151.150017, ""number_of_plugs"": 2.0, ""number_of_plugs_quality"": ""reported_or_derived_from_connection_quantity"", ""number_of_plugs_semantics"": ""OCM NumberOfPoints or positive connection Quantity"", ""operational_status"": ""operational"", ""operator"": ""Evie"", ""plug_types"": ""CCS (Type 2); CHAdeMO"", ""power_kw_max"": 50.0, ""power_kw_min"": 50.0, ""power_kw_values"": [50.0], ""station_address"": ""128 Flood Street, Leichhardt, New South Wales, 2040"", ""station_name"": ""Leichhardt Marketplace"", ""status"": ""Operational"", ""usage_cost"": """"}",1,1,,coordinate exceeds 100m automatic threshold,False,accepted,coordinate_500m,65.61933147046709,0.0,10180321115,,"{""access_condition"": ""Free Access"", ""accessibility"": ""Unknown"", ""allows_card_payment"": false, ""allows_reservation"": false, ""charger_capacities"": null, ""connector_types_normalized"": """", ""data_provider"": ""OpenStreetMap"", ""is_free"": false, ""latitude"": -33.8848452577674, ""longitude"": 151.149214435165, ""network"": """", ""number_of_plugs"": 4, ""number_of_plugs_quality"": ""valid"", ""number_of_plugs_raw"": 4, ""number_of_plugs_semantics"": ""OSM charge_points_count; values above 100 are withheld as suspicious"", ""opening_hours"": """", ""operator"": ""Evie Networks"", ""osm_last_updated"": ""2026-03-03"", ""plug_types"": """", ""power_kw_max"": null, ""power_kw_min"": null, ""power_kw_values"": [], ""pricing_info"": """", ""station_name"": """"}",1,1,,,False,unmatched,unmatched,,,,,{},0,0,,,False,review,coordinate_500m,222.96897910488943,0.8419354838709678,ac6d79e9-3d3d-4a6b-a3b2-99a06fe51e25-96,"146 Flood Street Leichhardt, Leichhardt, NSW 2040","{""charger_capacities"": 22.0, ""connector_types_normalized"": ""Type2"", ""data_provider"": ""Charge@Large"", ""dc_port_count"": 2, ""latitude"": -33.883498, ""longitude"": 151.149944, ""number_of_plugs"": 2, ""number_of_plugs_quality"": ""reported_from_dc_port_count"", ""number_of_plugs_semantics"": ""Charge@Large DC-indicated port count"", ""operator"": """", ""plug_types"": ""TYPE2"", ""power_kw_max"": 22.0, ""power_kw_min"": null, ""power_kw_values"": [22.0], ""station_address"": ""146 Flood Street Leichhardt, Leichhardt, NSW 2040"", ""station_name"": ""146 Flood Street-Leichhardt"", ""status_counts"": ""{\""Available\"": 2}"", ""total_port_count"": 2}",2,2,99.88395921773278,coordinate exceeds 100m automatic threshold,False,unmatched,unmatched,,,,,{},0,0,,,False,accepted,review,,0,,0,OCM,OCM:272673,,,,,,,{},0,0,False,,,review_candidate,OCM: coordinate exceeds 100m automatic threshold,yes,,no,,no,,no,OCM: coordinate exceeds 100m automatic threshold,yes,pending,medium_review,pending,,,,,,,{},medium_review,,none,,,not_screened,No accepted external match or no review bound to the current external record.,https://openchargemap.org/site/poi/details/272673,,
TFNSW-0137,137,"13-17 Princes Hwy, Albion Park Rail NSW 2527","13-17 Princes Highway, Albion Park Rail NSW 2527",2527,2527,2527,False,135,,"13-17 Princes Highway, Albion Park Rail NSW 2527",Evie Networks,2,DC,50 kW,-34.5504346,150.7877814,Shellharbour City Council,2527,ARENA - Driving the Nation,2527,False,unmatched,unmatched,,,,,{},0,0,,,False,review,coordinate_500m,176.350306990109,0.0,13309552143,,"{""access_condition"": ""Free Access"", ""accessibility"": ""Unknown"", ""allows_card_payment"": false, ""allows_reservation"": false, ""charger_capacities"": null, ""connector_types_normalized"": ""CCS"", ""data_provider"": ""OpenStreetMap"", ""is_free"": false, ""latitude"": -34.5519973088071, ""longitude"": 150.78810989269, ""network"": """", ""number_of_plugs"": 2, ""number_of_plugs_quality"": ""valid"", ""number_of_plugs_raw"": 2, ""number_of_plugs_semantics"": ""OSM charge_points_count; values above 100 are withheld as suspicious"", ""opening_hours"": """", ""operator"": ""AmpCharge"", ""osm_last_updated"": ""2025-11-16"", ""plug_types"": ""CCS"", ""power_kw_max"": null, ""power_kw_min"": null, ""power_kw_values"": [], ""pricing_info"": """", ""station_name"": """"}",1,1,,coordinate exceeds 100m automatic threshold,False,review,coordinate_500m,176.350306990109,0.0,13309552143,,"{""access_condition"": ""Free Access"", ""accessibility"": ""Unknown"", ""allows_card_payment"": false, ""allows_reservation"": false, ""charger_capacities"": null, ""connector_types_normalized"": ""CCS"", ""data_provider"": ""OpenStreetMap"", ""is_free"": false, ""latitude"": -34.5519973088071, ""longitude"": 150.78810989269, ""network"": """", ""number_of_plugs"": 2, ""number_of_plugs_quality"": ""valid"", ""number_of_plugs_raw"": 2, ""number_of_plugs_semantics"": ""OSM charge_points_count; values above 100 are withheld as suspicious"", ""opening_hours"": """", ""operator"": ""AmpCharge"", ""osm_last_updated"": ""2025-11-16"", ""plug_types"": ""CCS"", ""power_kw_max"": null, ""power_kw_min"": null, ""power_kw_values"": [], ""pricing_info"": """", ""station_name"": """"}",1,1,,coordinate exceeds 100m automatic threshold,False,unmatched,unmatched,,,,,{},0,0,,,False,unmatched,unmatched,,,,,{},0,0,,,False,unmatched,review,,0,,0,OSM,OSM:13309552143,,,,,,,{},0,0,False,,,review_candidate,OSM: coordinate exceeds 100m automatic threshold,yes,,no,,no,,no,OSM: coordinate exceeds 100m automatic threshold,yes,pending,medium_review,pending,,,,,,,{},medium_review,,none,,,not_screened,No accepted external match or no review bound to the current external record.,,https://www.openstreetmap.org/node/13309552143,
TFNSW-0143,143,"134 Lachlan St, Hay, 2711","134 Lachlan Street, Hay NSW 2711",2711,2711,2711,False,141,,"134 Lachlan Street, Hay NSW 2711",NRMA Electric,2,DC,50 kW,-34.50908013,144.8410701,Hay Shire Council,2711,Existing Fast Chargers,2711,False,review,coordinate_and_fuzzy_address,174.10103174469847,1.0,190670,"134 Lachlan St, Hay, NSW, 2711","{""charger_capacities"": ""50 kW"", ""connector_types_normalized"": ""CCS;CHAdeMO"", ""data_provider"": ""Open Charge Map"", ""general_comments"": """", ""is_operational"": true, ""last_verified"": ""2021-12-17T02:59:00Z"", ""latitude"": -34.50867857950999, ""longitude"": 144.84290661775623, ""number_of_plugs"": 1.0, ""number_of_plugs_quality"": ""reported_or_derived_from_connection_quantity"", ""number_of_plugs_semantics"": ""OCM NumberOfPoints or positive connection Quantity"", ""operational_status"": ""operational"", ""operator"": ""NRMA"", ""plug_types"": ""CCS (Type 2); CHAdeMO"", ""power_kw_max"": 50.0, ""power_kw_min"": 50.0, ""power_kw_values"": [50.0], ""station_address"": ""134 Lachlan St, Hay, NSW, 2711"", ""station_name"": ""Hay [NRMA]"", ""status"": ""Operational"", ""usage_cost"": ""Currently free but will be fee at some point.""}",1,1,,coordinate exceeds 100m automatic threshold,False,review,coordinate_500m,147.65710113979773,0.0,6926483227,,"{""access_condition"": ""Free Access"", ""accessibility"": ""Unknown"", ""allows_card_payment"": false, ""allows_reservation"": false, ""charger_capacities"": null, ""connector_types_normalized"": ""CCS;CHAdeMO"", ""data_provider"": ""OpenStreetMap"", ""is_free"": false, ""latitude"": -34.5091627661053, ""longitude"": 144.84267845022, ""network"": ""NRMA"", ""number_of_plugs"": null, ""number_of_plugs_quality"": ""missing_or_suspicious"", ""number_of_plugs_raw"": null, ""number_of_plugs_semantics"": ""OSM charge_points_count; values above 100 are withheld as suspicious"", ""opening_hours"": """", ""operator"": ""NRMA"", ""osm_last_updated"": ""2023-03-19"", ""plug_types"": ""CCS|CHAdeMO"", ""power_kw_max"": null, ""power_kw_min"": null, ""power_kw_values"": [], ""pricing_info"": """", ""station_name"": """"}",2,2,147.27308398910557,coordinate exceeds 100m automatic threshold,False,review,coordinate_500m,147.65710113979773,0.0,6926483227,,"{""access_condition"": ""Free Access"", ""accessibility"": ""Unknown"", ""allows_card_payment"": false, ""allows_reservation"": false, ""charger_capacities"": null, ""connector_types_normalized"": ""CCS;CHAdeMO"", ""data_provider"": ""OpenStreetMap"", ""is_free"": false, ""latitude"": -34.5091627661053, ""longitude"": 144.84267845022, ""network"": ""NRMA"", ""number_of_plugs"": null, ""number_of_plugs_quality"": ""missing_or_suspicious"", ""number_of_plugs_raw"": null, ""number_of_plugs_semantics"": ""OSM charge_points_count; values above 100 are withheld as suspicious"", ""opening_hours"": """", ""operator"": ""NRMA"", ""osm_last_updated"": ""2023-03-19"", ""plug_types"": ""CCS|CHAdeMO"", ""power_kw_max"": null, ""power_kw_min"": null, ""power_kw_values"": [], ""pricing_info"": """", ""station_name"": """"}",2,2,147.27308398910557,coordinate exceeds 100m automatic threshold,False,unmatched,unmatched,,,,,{},0,0,,,False,unmatched,unmatched,,,,,{},0,0,,,False,unmatched,review,,0,,0,OCM;OSM,OCM:190670;OSM:6926483227,,,,,,,{},0,0,False,,,review_candidate,OCM: coordinate exceeds 100m automatic threshold; OSM: coordinate exceeds 100m automatic threshold,yes,,no,,no,,no,OCM: coordinate exceeds 100m automatic threshold; OSM: coordinate exceeds 100m automatic threshold,yes,pending,medium_review,pending,,,,,,,{},medium_review,,none,,,not_screened,No accepted external match or no review bound to the current external record.,https://openchargemap.org/site/poi/details/190670,https://www.openstreetmap.org/node/6926483227,
TFNSW-0181,181,"15 Victory St, Braidwood, NSW 2622, Australia","15 Victory Street, Braidwood NSW 2622",2835,2622,2835,True,179,,"15 Victory Street, Braidwood NSW 2622",NRMA Electric,4,DC,50 kW,-31.4988197,145.8375768,Queanbeyan-Palerang Regional Council,2622,TfNSW Regional,2835,True,review,coordinate_500m,1.6133119921190047,0.26537842190016103,190679,"3 Broomfield Street, Cobar, New South Wales, 2835","{""charger_capacities"": ""50 kW"", ""connector_types_normalized"": ""CCS;CHAdeMO"", ""data_provider"": ""Open Charge Map"", ""general_comments"": """", ""is_operational"": true, ""last_verified"": ""2022-01-08T10:59:00Z"", ""latitude"": -31.49883300000129, ""longitude"": 145.83757000000242, ""number_of_plugs"": 1.0, ""number_of_plugs_quality"": ""reported_or_derived_from_connection_quantity"", ""number_of_plugs_semantics"": ""OCM NumberOfPoints or positive connection Quantity"", ""operational_status"": ""operational"", ""operator"": ""NRMA"", ""plug_types"": ""CCS (Type 2); CHAdeMO"", ""power_kw_max"": 50.0, ""power_kw_min"": 50.0, ""power_kw_values"": [50.0], ""station_address"": ""3 Broomfield Street, Cobar, New South Wales, 2835"", ""station_name"": ""Cobar [NRMA]"", ""status"": ""Operational"", ""usage_cost"": ""FREE""}",1,1,,source address postcode 2622 conflicts with PCODE 2622; external postcode 2835 conflicts with source PCODE 2622,True,review,coordinate_500m,5.209471727167741,0.0,9712759905,,"{""access_condition"": ""Free Access"", ""accessibility"": ""Unknown"", ""allows_card_payment"": false, ""allows_reservation"": false, ""charger_capacities"": null, ""connector_types_normalized"": """", ""data_provider"": ""OpenStreetMap"", ""is_free"": false, ""latitude"": -31.4988063484702, ""longitude"": 145.837629467656, ""network"": """", ""number_of_plugs"": null, ""number_of_plugs_quality"": ""missing_or_suspicious"", ""number_of_plugs_raw"": null, ""number_of_plugs_semantics"": ""OSM charge_points_count; values above 100 are withheld as suspicious"", ""opening_hours"": """", ""operator"": ""NRMA"", ""osm_last_updated"": ""2022-05-04"", ""plug_types"": """", ""power_kw_max"": null, ""power_kw_min"": null, ""power_kw_values"": [], ""pricing_info"": """", ""station_name"": """"}",1,1,,source address postcode 2622 conflicts with PCODE 2622,True,unmatched,unmatched,,,,,{},0,0,,,True,unmatched,unmatched,,,,,{},0,0,,,True,unmatched,unmatched,,,,,{},0,0,,,True,unmatched,review,,0,,0,OCM,OCM:190679,,,,,,,{},0,0,False,,,review_candidate,OCM: source address postcode 2622 conflicts with PCODE 2622; external postcode 2835 conflicts with source PCODE 2622,yes,,no,,no,,no,OCM: source address postcode 2622 conflicts with PCODE 2622; external postcode 2835 conflicts with source PCODE 2622,yes,pending,medium_review,pending,,,,,,,{},medium_review,,none,,,not_screened,No accepted external match or no review bound to the current external record.,https://openchargemap.org/site/poi/details/190679,,
TFNSW-0187,187,"152 Pacific Hwy, 36 Josephson St, Swansea NSW 2281","152 Pacific Highway, 36 Josephson Street, Swansea NSW 2281",2281,2281,2281,False,185,,"152 Pacific Highway, 36 Josephson Street, Swansea NSW 2281",Evie Networks,4,DC,50 kW,-33.088721,151.637587,Lake Macquarie City Council,2281,ARENA - Driving the Nation,2281,False,review,fuzzy_address_only,723.0986751645918,0.9555555555555556,272675,"152 Pacific Hwy, Swansea, New South Wales, 2281","{""charger_capacities"": ""50 kW"", ""connector_types_normalized"": ""CCS;CHAdeMO"", ""data_provider"": ""Open Charge Map"", ""general_comments"": """", ""is_operational"": true, ""last_verified"": ""2023-07-16T12:52:00Z"", ""latitude"": -33.0833, ""longitude"": 151.6333, ""number_of_plugs"": 2.0, ""number_of_plugs_quality"": ""reported_or_derived_from_connection_quantity"", ""number_of_plugs_semantics"": ""OCM NumberOfPoints or positive connection Quantity"", ""operational_status"": ""operational"", ""operator"": ""Evie"", ""plug_types"": ""CCS (Type 2); CHAdeMO"", ""power_kw_max"": 50.0, ""power_kw_min"": 50.0, ""power_kw_values"": [50.0], ""station_address"": ""152 Pacific Hwy, Swansea, New South Wales, 2281"", ""station_name"": ""Swansea"", ""status"": ""Operational"", ""usage_cost"": """"}",1,0,,fuzzy address only; coordinate exceeds 500m,False,unmatched,unmatched,,,,,{},0,0,,,False,unmatched,unmatched,,,,,{},0,0,,,False,review,coordinate_500m,329.1409236121714,0.8066666666666668,ac6d79e9-3d3d-4a6b-a3b2-99a06fe51e25-172,"Swansea Centre, 228 Pacific Hwy, Swansea NSW, Swansea, NSW 2281","{""charger_capacities"": 22.0, ""connector_types_normalized"": ""Type2"", ""data_provider"": ""Charge@Large"", ""dc_port_count"": 2, ""latitude"": -33.091679, ""longitude"": 151.637718, ""number_of_plugs"": 2, ""number_of_plugs_quality"": ""reported_from_dc_port_count"", ""number_of_plugs_semantics"": ""Charge@Large DC-indicated port count"", ""operator"": """", ""plug_types"": ""TYPE2"", ""power_kw_max"": 22.0, ""power_kw_min"": null, ""power_kw_values"": [22.0], ""station_address"": ""Swansea Centre, 228 Pacific Hwy, Swansea NSW, Swansea, NSW 2281"", ""station_name"": ""228 Pacific Hwy-Swansea"", ""status_counts"": ""{\""Available\"": 2}"", ""total_port_count"": 2}",1,1,,coordinate exceeds 100m automatic threshold,False,unmatched,unmatched,,,,,{},0,0,,,False,unmatched,review,,0,,0,OCM,OCM:272675,OCM,,,,,,{},0,0,False,,,review_candidate,OCM: fuzzy address only; coordinate exceeds 500m,yes,,no,,no,,no,OCM: fuzzy address only; coordinate exceeds 500m,yes,pending,medium_review,pending,,,,,,,{},medium_review,,none,,,not_screened,No accepted external match or no review bound to the current external record.,https://openchargemap.org/site/poi/details/272675,,
TFNSW-0195,195,"157 Rouse Street, Tenterfield, NSW 2372, Australia","157 Rouse Street, Tenterfield NSW 2372",2825,2372,2825,True,193,,"157 Rouse Street, Tenterfield NSW 2372",NRMA Electric,2,DC,50 kW,-31.5645996,147.1969355,Tenterfield Shire Council,2372,TfNSW Regional,2825,True,review,coordinate_500m,3.491842523819788,0.35961538461538467,190680,"18 Cobar Street, Nyngan, New South Wales, 2825","{""charger_capacities"": ""50 kW"", ""connector_types_normalized"": ""CCS;CHAdeMO"", ""data_provider"": ""Open Charge Map"", ""general_comments"": """", ""is_operational"": true, ""last_verified"": ""2022-12-23T23:20:00Z"", ""latitude"": -31.564631000004198, ""longitude"": 147.1969360000096, ""number_of_plugs"": 1.0, ""number_of_plugs_quality"": ""reported_or_derived_from_connection_quantity"", ""number_of_plugs_semantics"": ""OCM NumberOfPoints or positive connection Quantity"", ""operational_status"": ""operational"", ""operator"": ""NRMA"", ""plug_types"": ""CCS (Type 2); CHAdeMO"", ""power_kw_max"": 50.0, ""power_kw_min"": 50.0, ""power_kw_values"": [50.0], ""station_address"": ""18 Cobar Street, Nyngan, New South Wales, 2825"", ""station_name"": ""Nyngan [NRMA]"", ""status"": ""Operational"", ""usage_cost"": ""Currently free but will be fee at some point for non NRMA Members""}",1,1,,source address postcode 2372 conflicts with PCODE 2372; external postcode 2825 conflicts with source PCODE 2372,True,review,coordinate_500m,29.503221962670022,0.0,10048386532,,"{""access_condition"": ""Free Access"", ""accessibility"": ""Unknown"", ""allows_card_payment"": false, ""allows_reservation"": false, ""charger_capacities"": null, ""connector_types_normalized"": """", ""data_provider"": ""OpenStreetMap"", ""is_free"": false, ""latitude"": -31.5643351454714, ""longitude"": 147.196960759145, ""network"": """", ""number_of_plugs"": null, ""number_of_plugs_quality"": ""missing_or_suspicious"", ""number_of_plugs_raw"": null, ""number_of_plugs_semantics"": ""OSM charge_points_count; values above 100 are withheld as suspicious"", ""opening_hours"": """", ""operator"": ""NRMA"", ""osm_last_updated"": ""2022-09-23"", ""plug_types"": """", ""power_kw_max"": null, ""power_kw_min"": null, ""power_kw_values"": [], ""pricing_info"": """", ""station_name"": """"}",1,1,,source address postcode 2372 conflicts with PCODE 2372,True,unmatched,unmatched,,,,,{},0,0,,,True,unmatched,unmatched,,,,,{},0,0,,,True,unmatched,unmatched,,,,,{},0,0,,,True,unmatched,review,,0,,0,OCM,OCM:190680,,,,,,,{},0,0,False,,,review_candidate,OCM: source address postcode 2372 conflicts with PCODE 2372; external postcode 2825 conflicts with source PCODE 2372,yes,,no,,no,,no,OCM: source address postcode 2372 conflicts with PCODE 2372; external postcode 2825 conflicts with source PCODE 2372,yes,pending,medium_review,pending,,,,,,,{},medium_review,,none,,,not_screened,No accepted external match or no review bound to the current external record.,https://openchargemap.org/site/poi/details/190680,,
TFNSW-0197,197,"15c Mitchell St, Bourke, NSW 2840, Australia","15C Mitchell Street, Bourke NSW 2840",2453,2840,2453,True,195,,"15C Mitchell Street, Bourke NSW 2840",NRMA Electric,4,DC,75 kW,-30.3383734,152.7125414,Bourke Shire Council,2840,TfNSW Regional,2453,True,unmatched,unmatched,,,,,{},0,0,,,True,review,coordinate_500m,29.973408190983168,0.0,13928568814,,"{""access_condition"": ""Free Access"", ""accessibility"": ""Unknown"", ""allows_card_payment"": false, ""allows_reservation"": false, ""charger_capacities"": null, ""connector_types_normalized"": ""CCS;CHAdeMO"", ""data_provider"": ""OpenStreetMap"", ""is_free"": false, ""latitude"": -30.3382377253245, ""longitude"": 152.712811282069, ""network"": """", ""number_of_plugs"": 2, ""number_of_plugs_quality"": ""valid"", ""number_of_plugs_raw"": 2, ""number_of_plugs_semantics"": ""OSM charge_points_count; values above 100 are withheld as suspicious"", ""opening_hours"": """", ""operator"": ""NRMA"", ""osm_last_updated"": ""2026-06-11"", ""plug_types"": ""CCS|CHAdeMO"", ""power_kw_max"": null, ""power_kw_min"": null, ""power_kw_values"": [], ""pricing_info"": """", ""station_name"": """"}",2,2,86.2657668755173,source address postcode 2840 conflicts with PCODE 2840,True,review,coordinate_500m,29.973408190983168,0.0,13928568814,,"{""access_condition"": ""Free Access"", ""accessibility"": ""Unknown"", ""allows_card_payment"": false, ""allows_reservation"": false, ""charger_capacities"": null, ""connector_types_normalized"": ""CCS;CHAdeMO"", ""data_provider"": ""OpenStreetMap"", ""is_free"": false, ""latitude"": -30.3382377253245, ""longitude"": 152.712811282069, ""network"": """", ""number_of_plugs"": 2, ""number_of_plugs_quality"": ""valid"", ""number_of_plugs_raw"": 2, ""number_of_plugs_semantics"": ""OSM charge_points_count; values above 100 are withheld as suspicious"", ""opening_hours"": """", ""operator"": ""NRMA"", ""osm_last_updated"": ""2026-06-11"", ""plug_types"": ""CCS|CHAdeMO"", ""power_kw_max"": null, ""power_kw_min"": null, ""power_kw_values"": [], ""pricing_info"": """", ""station_name"": """"}",1,1,,source address postcode 2840 conflicts with PCODE 2840,True,unmatched,unmatched,,,,,{},0,0,,,True,unmatched,unmatched,,,,,{},0,0,,,True,unmatched,review,,0,,0,OSM,OSM:13928568814,,,,,,,{},0,0,False,,,review_candidate,OSM: source address postcode 2840 conflicts with PCODE 2840,yes,,no,,no,,no,OSM: source address postcode 2840 conflicts with PCODE 2840,yes,pending,medium_review,pending,,,,,,,{},medium_review,,none,,,not_screened,No accepted external match or no review bound to the current external record.,,https://www.openstreetmap.org/node/13928568814,
TFNSW-0212,212,"169 Willoughby Rd, Sydney, 2065","169 Willoughby Road, Sydney NSW 2065",2065,2065,2065,False,210,,"169 Willoughby Road, Sydney NSW 2065",BP,2,DC,75 kW,-33.8201522,151.2011902,Willoughby City Council,2065,Existing Fast Chargers,2065,False,unmatched,unmatched,,,,,{},0,0,,,False,unmatched,unmatched,,,,,{},0,0,,,False,unmatched,unmatched,,,,,{},0,0,,,False,review,coordinate_500m,343.0065388817482,0.245,15d06bf5-6b4a-425d-9312-bae4b17cc22b-585,"80 Hume Ln, Crows Nest, NSW 2065","{""charger_capacities"": 22.0, ""connector_types_normalized"": ""Type2"", ""data_provider"": ""Charge@Large"", ""dc_port_count"": 1, ""latitude"": -33.823146, ""longitude"": 151.2002953, ""number_of_plugs"": 1, ""number_of_plugs_quality"": ""reported_from_dc_port_count"", ""number_of_plugs_semantics"": ""Charge@Large DC-indicated port count"", ""operator"": """", ""plug_types"": ""TYPE2"", ""power_kw_max"": 22.0, ""power_kw_min"": null, ""power_kw_values"": [22.0], ""station_address"": ""80 Hume Ln, Crows Nest, NSW 2065"", ""station_name"": ""Rosemont"", ""status_counts"": ""{\""Available\"": 1}"", ""total_port_count"": 1}",3,3,108.85387592913816,coordinate exceeds 100m automatic threshold,False,review,coordinate_500m,468.2657578671068,0.34675925925925927,15d06bf5-6b4a-425d-9312-bae4b17cc22b-1993,"1 Plunkett St, New South Wales, St Leonards, NSW 2065","{""charger_capacities"": 50.0, ""connector_types_normalized"": ""CCS"", ""data_provider"": ""Charge@Large"", ""dc_port_count"": 2, ""latitude"": -33.821558, ""longitude"": 151.196412, ""number_of_plugs"": 2, ""number_of_plugs_quality"": ""reported_from_dc_port_count"", ""number_of_plugs_semantics"": ""Charge@Large DC-indicated port count"", ""operator"": """", ""plug_types"": ""CCS2"", ""power_kw_max"": 50.0, ""power_kw_min"": null, ""power_kw_values"": [50.0], ""station_address"": ""1 Plunkett St, New South Wales, St Leonards, NSW 2065"", ""station_name"": ""Willoughby City Council - Plunkett St"", ""status_counts"": ""{\""Available\"": 2}"", ""total_port_count"": 2}",1,1,,coordinate exceeds 100m automatic threshold,False,unmatched,review,,0,,0,Charge@Large,Charge@Large:15d06bf5-6b4a-425d-9312-bae4b17cc22b-1993,,,,,,,{},0,0,False,,,review_candidate,Charge@Large: coordinate exceeds 100m automatic threshold,yes,,no,,no,,no,Charge@Large: coordinate exceeds 100m automatic threshold,yes,pending,medium_review,pending,,,,,,,{},medium_review,,none,,,not_screened,No accepted external match or no review bound to the current external record.,,,https://chargeatlarge.app/
TFNSW-0216,216,"17 Stanley St, Sydney, 2210","17 Stanley Street, Sydney NSW 2210",2210,2210,2210,False,214,,"17 Stanley Street, Sydney NSW 2210",JOLT,2,DC,25 kW,-33.96212217,151.0635736,Georges River Council,2210,Existing Fast Chargers,2210,False,review,coordinate_500m,236.6455732386321,0.842857142857143,192687,"17-25 Stanley St, Peakhurst, Nsw, 2210","{""charger_capacities"": ""25 kW"", ""connector_types_normalized"": ""CCS;CHAdeMO"", ""data_provider"": ""Open Charge Map"", ""general_comments"": ""Jolt DC 25KW CCs 2 and CHadeMO"", ""is_operational"": true, ""last_verified"": ""2023-06-06T12:14:00Z"", ""latitude"": -33.961219, ""longitude"": 151.065897, ""number_of_plugs"": 2.0, ""number_of_plugs_quality"": ""reported_or_derived_from_connection_quantity"", ""number_of_plugs_semantics"": ""OCM NumberOfPoints or positive connection Quantity"", ""operational_status"": ""operational"", ""operator"": ""Jolt"", ""plug_types"": ""CCS (Type 2); CHAdeMO"", ""power_kw_max"": 25.0, ""power_kw_min"": 25.0, ""power_kw_values"": [25.0], ""station_address"": ""17-25 Stanley St, Peakhurst, Nsw, 2210"", ""station_name"": ""Stanley St Peakhurst NSW"", ""status"": ""Operational"", ""usage_cost"": ""0.40""}",1,1,,coordinate exceeds 100m automatic threshold,False,accepted,coordinate_500m,6.771065288975535,0.0,9603490031,,"{""access_condition"": ""Free Access"", ""accessibility"": ""Unknown"", ""allows_card_payment"": false, ""allows_reservation"": false, ""charger_capacities"": null, ""connector_types_normalized"": """", ""data_provider"": ""OpenStreetMap"", ""is_free"": false, ""latitude"": -33.9621828152355, ""longitude"": 151.063566975071, ""network"": """", ""number_of_plugs"": 1, ""number_of_plugs_quality"": ""valid"", ""number_of_plugs_raw"": 1, ""number_of_plugs_semantics"": ""OSM charge_points_count; values above 100 are withheld as suspicious"", ""opening_hours"": """", ""operator"": ""Jolt"", ""osm_last_updated"": ""2022-03-24"", ""plug_types"": """", ""power_kw_max"": null, ""power_kw_min"": null, ""power_kw_values"": [], ""pricing_info"": """", ""station_name"": """"}",1,1,,,False,unmatched,unmatched,,,,,{},0,0,,,False,unmatched,unmatched,,,,,{},0,0,,,False,unmatched,unmatched,,,,,{},0,0,,,False,accepted,review,,0,,0,OCM,OCM:192687,,,,,,,{},0,0,False,,,review_candidate,OCM: coordinate exceeds 100m automatic threshold,yes,,no,,no,,no,OCM: coordinate exceeds 100m automatic threshold,yes,pending,medium_review,pending,,,,,,,{},medium_review,,none,,,not_screened,No accepted external match or no review bound to the current external record.,https://openchargemap.org/site/poi/details/192687,,
TFNSW-0217,217,"17 Stewart St, Wollongong NSW 2500, Australia","17 Stewart Street, Wollongong NSW 2500",2453,2500,2453,True,215,,"17 Stewart Street, Wollongong NSW 2500",NRMA Electric,4,DC,75 kW,-29.7756503,151.1151033,Wollongong City Council,2500,TfNSW Regional,2453,True,review,coordinate_500m,119.78221368969913,0.32592592592592595,266480,"59 Evans Street, Inverell, NSW, 2360","{""charger_capacities"": ""70 kW; 50 kW"", ""connector_types_normalized"": ""CCS;CHAdeMO"", ""data_provider"": ""Open Charge Map"", ""general_comments"": ""Charging free initially. Eventually free access only for members or paid access if not an NRMA member.  FYI While there is a 2nd unit installed (pictured) it is *not* operational at this time. I read this is a spare for later or a backup unit."", ""is_operational"": true, ""last_verified"": ""2023-06-06T12:14:00Z"", ""latitude"": -29.774658191367415, ""longitude"": 151.11461977623674, ""number_of_plugs"": 1.0, ""number_of_plugs_quality"": ""reported_or_derived_from_connection_quantity"", ""number_of_plugs_semantics"": ""OCM NumberOfPoints or positive connection Quantity"", ""operational_status"": ""operational"", ""operator"": ""NRMA"", ""plug_types"": ""CCS (Type 2); CHAdeMO"", ""power_kw_max"": 70.0, ""power_kw_min"": 50.0, ""power_kw_values"": [50.0, 70.0], ""station_address"": ""59 Evans Street, Inverell, NSW, 2360"", ""station_name"": ""NRMA Inverell"", ""status"": ""Operational"", ""usage_cost"": ""FREE""}",2,1,,source address postcode 2500 conflicts with PCODE 2500; external postcode 2360 conflicts with source PCODE 2500; coordinate exceeds 100m automatic threshold,True,unmatched,unmatched,,,,,{},0,0,,,True,unmatched,unmatched,,,,,{},0,0,,,True,unmatched,unmatched,,,,,{},0,0,,,True,unmatched,unmatched,,,,,{},0,0,,,True,unmatched,review,,0,,0,OCM,OCM:266480,,,,,,,{},0,0,False,,,review_candidate,OCM: source address postcode 2500 conflicts with PCODE 2500; external postcode 2360 conflicts with source PCODE 2500; coordinate exceeds 100m automatic threshold,yes,,no,,no,,no,OCM: source address postcode 2500 conflicts with PCODE 2500; external postcode 2360 conflicts with source PCODE 2500; coordinate exceeds 100m automatic threshold,yes,pending,medium_review,pending,,,,,,,{},medium_review,,none,,,not_screened,No accepted external match or no review bound to the current external record.,https://openchargemap.org/site/poi/details/266480,,
TFNSW-0219,219,"173 The Vineyards Rd, Lake George, 2581","173 The Vineyards Road, Lake George NSW 2581",2581,2581,2581,False,217,,"173 The Vineyards Road, Lake George NSW 2581",Exploren,2,DC,60 kW,-34.99682987,149.3848398,Yass Valley Council,2581,Existing Fast Chargers,2581,False,review,fuzzy_address_only,1284.0744951158736,1.0,489555,"173 The Vineyards Road, Lake George, New South Wales, 2581","{""charger_capacities"": ""60 kW"", ""connector_types_normalized"": ""CCS"", ""data_provider"": ""Open Charge Map"", ""general_comments"": """", ""is_operational"": true, ""last_verified"": ""2026-05-18T12:30:00Z"", ""latitude"": -34.985300158763444, ""longitude"": 149.38404767579334, ""number_of_plugs"": 1.0, ""number_of_plugs_quality"": ""reported_or_derived_from_connection_quantity"", ""number_of_plugs_semantics"": ""OCM NumberOfPoints or positive connection Quantity"", ""operational_status"": ""operational"", ""operator"": ""Exploren"", ""plug_types"": ""CCS (Type 2)"", ""power_kw_max"": 60.0, ""power_kw_min"": 60.0, ""power_kw_values"": [60.0], ""station_address"": ""173 The Vineyards Road, Lake George, New South Wales, 2581"", ""station_name"": ""Lake George Winery"", ""status"": ""Operational"", ""usage_cost"": ""$0.58/kWh""}",1,0,,fuzzy address only; coordinate exceeds 500m,False,unmatched,unmatched,,,,,{},0,0,,,False,unmatched,unmatched,,,,,{},0,0,,,False,unmatched,unmatched,,,,,{},0,0,,,False,unmatched,unmatched,,,,,{},0,0,,,False,unmatched,review,,0,,0,OCM,OCM:489555,OCM,,,,,,{},0,0,False,,,review_candidate,OCM: fuzzy address only; coordinate exceeds 500m,yes,,no,,no,,no,OCM: fuzzy address only; coordinate exceeds 500m,yes,pending,medium_review,pending,,,,,,,{},medium_review,,none,,,not_screened,No accepted external match or no review bound to the current external record.,https://openchargemap.org/site/poi/details/489555,,
TFNSW-0226,226,"18 Dandaloo St, Nyngan, NSW 2825, Australia","18 Dandaloo Street, Nyngan NSW 2825",2360,2825,2360,True,224,,"18 Dandaloo Street, Nyngan NSW 2825",NRMA Electric,4,DC,75 kW,-32.0506213,150.8667598,Bogan Shire Council,2825,TfNSW Regional,2360,True,review,coordinate_500m,26.575072069254972,0.3775225594749795,266500,"116 Liverpool Street, Scone, NSW, 2337","{""charger_capacities"": ""50 kW"", ""connector_types_normalized"": ""CCS;CHAdeMO"", ""data_provider"": ""Open Charge Map"", ""general_comments"": ""Charging free initially. Eventually free access only for members or paid access if not an NRMA member.   Public toilets available at the library on the corner of Liverpool and Main Sts, or Coles on Kelly St."", ""is_operational"": true, ""last_verified"": ""2023-06-08T03:24:00Z"", ""latitude"": -32.050443549876185, ""longitude"": 150.86657130895486, ""number_of_plugs"": 1.0, ""number_of_plugs_quality"": ""reported_or_derived_from_connection_quantity"", ""number_of_plugs_semantics"": ""OCM NumberOfPoints or positive connection Quantity"", ""operational_status"": ""operational"", ""operator"": ""NRMA"", ""plug_types"": ""CCS (Type 2); CHAdeMO"", ""power_kw_max"": 50.0, ""power_kw_min"": 50.0, ""power_kw_values"": [50.0], ""station_address"": ""116 Liverpool Street, Scone, NSW, 2337"", ""station_name"": ""NRMA Scone"", ""status"": ""Operational"", ""usage_cost"": ""FREE""}",1,1,,source address postcode 2825 conflicts with PCODE 2825; external postcode 2337 conflicts with source PCODE 2825,True,review,coordinate_500m,32.57765008973878,0.0,7959130026,,"{""access_condition"": ""Free Access"", ""accessibility"": ""Unknown"", ""allows_card_payment"": false, ""allows_reservation"": false, ""charger_capacities"": null, ""connector_types_normalized"": """", ""data_provider"": ""OpenStreetMap"", ""is_free"": false, ""latitude"": -32.0503836055926, ""longitude"": 150.866557717053, ""network"": """", ""number_of_plugs"": 2, ""number_of_plugs_quality"": ""valid"", ""number_of_plugs_raw"": 2, ""number_of_plugs_semantics"": ""OSM charge_points_count; values above 100 are withheld as suspicious"", ""opening_hours"": """", ""operator"": ""NRMA"", ""osm_last_updated"": ""2024-07-04"", ""plug_types"": """", ""power_kw_max"": null, ""power_kw_min"": null, ""power_kw_values"": [], ""pricing_info"": """", ""station_name"": """"}",1,1,,source address postcode 2825 conflicts with PCODE 2825,True,unmatched,unmatched,,,,,{},0,0,,,True,unmatched,unmatched,,,,,{},0,0,,,True,unmatched,unmatched,,,,,{},0,0,,,True,unmatched,review,,0,,0,OCM,OCM:266500,,,,,,,{},0,0,False,,,review_candidate,OCM: source address postcode 2825 conflicts with PCODE 2825; external postcode 2337 conflicts with source PCODE 2825,yes,,no,,no,,no,OCM: source address postcode 2825 conflicts with PCODE 2825; external postcode 2337 conflicts with source PCODE 2825,yes,pending,medium_review,pending,,,,,,,{},medium_review,,none,,,not_screened,No accepted external match or no review bound to the current external record.,https://openchargemap.org/site/poi/details/266500,,
TFNSW-0247,247,"19 Princes Hwy, Figtree NSW 2525, Australia","19 Princes Highway, Figtree NSW 2525",2525,2525,2525,False,245,,"19 Princes Highway, Figtree NSW 2525",Tesla,6,DC,175 kW,-34.4366153,150.8632982,Wollongong City Council,2525,Fast Charging R1,2525,False,review,coordinate_500m,151.1060032235541,0.45159090909090904,171646,"Figtree Grove Shopping Centre, The Avenue, Figtree, New South Wales, 2525","{""charger_capacities"": ""250 kW"", ""connector_types_normalized"": ""CCS"", ""data_provider"": ""Open Charge Map"", ""general_comments"": """", ""is_operational"": true, ""last_verified"": ""2023-08-30T06:17:00Z"", ""latitude"": -34.43797320339262, ""longitude"": 150.8633622012107, ""number_of_plugs"": 6.0, ""number_of_plugs_quality"": ""reported_or_derived_from_connection_quantity"", ""number_of_plugs_semantics"": ""OCM NumberOfPoints or positive connection Quantity"", ""operational_status"": ""operational"", ""operator"": ""Tesla (including non-tesla)"", ""plug_types"": ""CCS (Type 2)"", ""power_kw_max"": 250.0, ""power_kw_min"": 250.0, ""power_kw_values"": [250.0], ""station_address"": ""Figtree Grove Shopping Centre, The Avenue, Figtree, New South Wales, 2525"", ""station_name"": ""Wollongong Supercharger"", ""status"": ""Operational"", ""usage_cost"": ""$0.69/kWh""}",1,1,,coordinate exceeds 100m automatic threshold,False,accepted,coordinate_500m,5.023245389456757,0.0,6914659544,,"{""access_condition"": ""Free Access"", ""accessibility"": ""Unknown"", ""allows_card_payment"": false, ""allows_reservation"": false, ""charger_capacities"": null, ""connector_types_normalized"": """", ""data_provider"": ""OpenStreetMap"", ""is_free"": false, ""latitude"": -34.4365810166788, ""longitude"": 150.863333869454, ""network"": """", ""number_of_plugs"": null, ""number_of_plugs_quality"": ""missing_or_suspicious"", ""number_of_plugs_raw"": null, ""number_of_plugs_semantics"": ""OSM charge_points_count; values above 100 are withheld as suspicious"", ""opening_hours"": """", ""operator"": ""Chargefox"", ""osm_last_updated"": ""2022-12-15"", ""plug_types"": """", ""power_kw_max"": null, ""power_kw_min"": null, ""power_kw_values"": [], ""pricing_info"": """", ""station_name"": """"}",2,2,129.25699935587707,,False,review,coordinate_500m,134.28024474533382,0.0,10815562193,,"{""access_condition"": ""Free Access"", ""accessibility"": ""Unknown"", ""allows_card_payment"": false, ""allows_reservation"": false, ""charger_capacities"": null, ""connector_types_normalized"": ""CCS"", ""data_provider"": ""OpenStreetMap"", ""is_free"": false, ""latitude"": -34.4378190237775, ""longitude"": 150.86341559301, ""network"": ""Supercharger"", ""number_of_plugs"": 4, ""number_of_plugs_quality"": ""valid"", ""number_of_plugs_raw"": 4, ""number_of_plugs_semantics"": ""OSM charge_points_count; values above 100 are withheld as suspicious"", ""opening_hours"": ""24/7"", ""operator"": ""Tesla"", ""osm_last_updated"": ""2026-03-29"", ""plug_types"": ""CCS"", ""power_kw_max"": null, ""power_kw_min"": null, ""power_kw_values"": [], ""pricing_info"": """", ""station_name"": ""Wollongong Supercharger""}",1,1,,coordinate exceeds 100m automatic threshold,False,unmatched,unmatched,,,,,{},0,0,,,False,unmatched,unmatched,,,,,{},0,0,,,False,accepted,review,,0,,0,OCM;OSM,OCM:171646;OSM:10815562193,,,,,,,{},0,0,False,,,review_candidate,OCM: coordinate exceeds 100m automatic threshold; OSM: coordinate exceeds 100m automatic threshold,yes,,no,,no,,no,OCM: coordinate exceeds 100m automatic threshold; OSM: coordinate exceeds 100m automatic threshold,yes,pending,medium_review,pending,,,,,,,{},medium_review,,none,,,not_screened,No accepted external match or no review bound to the current external record.,https://openchargemap.org/site/poi/details/171646,https://www.openstreetmap.org/node/10815562193,
TFNSW-0299,299,"20 Smidmore St, Marrickville NSW 2204","20 Smidmore Street, Marrickville NSW 2204",2204,2204,2204,False,297,,"20 Smidmore Street, Marrickville NSW 2204",Evie Networks,4,DC,50 kW,-33.907982,151.170899,Inner West Council,2204,ARENA - Driving the Nation,2204,False,review,coordinate_500m,28.55296262066656,0.6736363636363637,193048,"Smidmore Street, Sydney, New South Wales, 2044","{""charger_capacities"": ""50 kW"", ""connector_types_normalized"": ""CCS;CHAdeMO"", ""data_provider"": ""Open Charge Map"", ""general_comments"": """", ""is_operational"": true, ""last_verified"": ""2023-07-16T13:40:00Z"", ""latitude"": -33.90782667980605, ""longitude"": 151.17114538375472, ""number_of_plugs"": 2.0, ""number_of_plugs_quality"": ""reported_or_derived_from_connection_quantity"", ""number_of_plugs_semantics"": ""OCM NumberOfPoints or positive connection Quantity"", ""operational_status"": ""operational"", ""operator"": ""Evie"", ""plug_types"": ""CCS (Type 2); CHAdeMO"", ""power_kw_max"": 50.0, ""power_kw_min"": 50.0, ""power_kw_values"": [50.0], ""station_address"": ""Smidmore Street, Sydney, New South Wales, 2044"", ""station_name"": ""Marrickville Metro"", ""status"": ""Operational"", ""usage_cost"": """"}",1,1,,external postcode 2044 conflicts with source PCODE 2204,False,accepted,coordinate_500m,16.046282474856138,0.0,9737993455,,"{""access_condition"": ""Free Access"", ""accessibility"": ""Unknown"", ""allows_card_payment"": false, ""allows_reservation"": false, ""charger_capacities"": null, ""connector_types_normalized"": """", ""data_provider"": ""OpenStreetMap"", ""is_free"": false, ""latitude"": -33.9079872733343, ""longitude"": 151.17107276226, ""network"": """", ""number_of_plugs"": 2, ""number_of_plugs_quality"": ""valid"", ""number_of_plugs_raw"": 2, ""number_of_plugs_semantics"": ""OSM charge_points_count; values above 100 are withheld as suspicious"", ""opening_hours"": """", ""operator"": ""Evie Networks"", ""osm_last_updated"": ""2022-05-13"", ""plug_types"": """", ""power_kw_max"": null, ""power_kw_min"": null, ""power_kw_values"": [], ""pricing_info"": """", ""station_name"": """"}",2,2,55.90273023975746,,False,unmatched,unmatched,,,,,{},0,0,,,False,review,coordinate_and_fuzzy_address,119.00110193728082,0.9830508474576272,15d06bf5-6b4a-425d-9312-bae4b17cc22b-1043,"20 Smidmore St, Marrickville, NSW 2204","{""charger_capacities"": 22.0, ""connector_types_normalized"": ""Type2"", ""data_provider"": ""Charge@Large"", ""dc_port_count"": 4, ""latitude"": -33.908086, ""longitude"": 151.1721824, ""number_of_plugs"": 4, ""number_of_plugs_quality"": ""reported_from_dc_port_count"", ""number_of_plugs_semantics"": ""Charge@Large DC-indicated port count"", ""operator"": """", ""plug_types"": ""TYPE2"", ""power_kw_max"": 22.0, ""power_kw_min"": null, ""power_kw_values"": [22.0], ""station_address"": ""20 Smidmore St, Marrickville, NSW 2204"", ""station_name"": ""Marrickville Metro"", ""status_counts"": ""{\""Available\"": 4}"", ""total_port_count"": 4}",2,2,221.8342887008623,coordinate exceeds 100m automatic threshold,False,unmatched,unmatched,,,,,{},0,0,,,False,accepted,review,,0,,0,OCM,OCM:193048,,,,,,,{},0,0,False,,,review_candidate,OCM: external postcode 2044 conflicts with source PCODE 2204,yes,,no,,no,,no,OCM: external postcode 2044 conflicts with source PCODE 2204,yes,pending,medium_review,pending,,,,,,,{},medium_review,,none,,,not_screened,No accepted external match or no review bound to the current external record.,https://openchargemap.org/site/poi/details/193048,,
TFNSW-0307,307,20-22 Camden Rd Campbelltown NSW 2560 Australia,20-22 Camden Road Campbelltown NSW 2560,2560,2560,2560,False,305,,20-22 Camden Road Campbelltown NSW 2560,Tesla,12,DC,175 kW,-34.0725934,150.8078816,Campbelltown City Council,2560,Fast Charging R1,2560,False,review,coordinate_and_fuzzy_address,131.0057767900788,1.0,266501,"20-22 Camden Road, Campbelltown, New South Wales, 2560","{""charger_capacities"": ""250 kW"", ""connector_types_normalized"": ""CCS"", ""data_provider"": ""Open Charge Map"", ""general_comments"": """", ""is_operational"": true, ""last_verified"": ""2023-06-08T03:24:00Z"", ""latitude"": -34.07151792013103, ""longitude"": 150.80730085250025, ""number_of_plugs"": 12.0, ""number_of_plugs_quality"": ""reported_or_derived_from_connection_quantity"", ""number_of_plugs_semantics"": ""OCM NumberOfPoints or positive connection Quantity"", ""operational_status"": ""operational"", ""operator"": ""Tesla (Tesla-only charging)"", ""plug_types"": ""CCS (Type 2)"", ""power_kw_max"": 250.0, ""power_kw_min"": 250.0, ""power_kw_values"": [250.0], ""station_address"": ""20-22 Camden Road, Campbelltown, New South Wales, 2560"", ""station_name"": ""Campbelltown Supercharger"", ""status"": ""Operational"", ""usage_cost"": ""$0.66/kWh""}",2,2,92.47955297929263,coordinate exceeds 100m automatic threshold,False,review,coordinate_500m,133.18445977313647,0.0,10774220953,,"{""access_condition"": ""Free Access"", ""accessibility"": ""Unknown"", ""allows_card_payment"": false, ""allows_reservation"": false, ""charger_capacities"": null, ""connector_types_normalized"": ""CCS"", ""data_provider"": ""OpenStreetMap"", ""is_free"": false, ""latitude"": -34.0714958245681, ""longitude"": 150.807302690758, ""network"": ""Tesla Supercharger"", ""number_of_plugs"": 12, ""number_of_plugs_quality"": ""valid"", ""number_of_plugs_raw"": 12, ""number_of_plugs_semantics"": ""OSM charge_points_count; values above 100 are withheld as suspicious"", ""opening_hours"": """", ""operator"": ""Tesla"", ""osm_last_updated"": ""2025-10-03"", ""plug_types"": ""CCS"", ""power_kw_max"": null, ""power_kw_min"": null, ""power_kw_values"": [], ""pricing_info"": """", ""station_name"": ""Tesla Supercharger""}",3,3,81.6427480678802,coordinate exceeds 100m automatic threshold,False,review,coordinate_500m,133.18445977313647,0.0,10774220953,,"{""access_condition"": ""Free Access"", ""accessibility"": ""Unknown"", ""allows_card_payment"": false, ""allows_reservation"": false, ""charger_capacities"": null, ""connector_types_normalized"": ""CCS"", ""data_provider"": ""OpenStreetMap"", ""is_free"": false, ""latitude"": -34.0714958245681, ""longitude"": 150.807302690758, ""network"": ""Tesla Supercharger"", ""number_of_plugs"": 12, ""number_of_plugs_quality"": ""valid"", ""number_of_plugs_raw"": 12, ""number_of_plugs_semantics"": ""OSM charge_points_count; values above 100 are withheld as suspicious"", ""opening_hours"": """", ""operator"": ""Tesla"", ""osm_last_updated"": ""2025-10-03"", ""plug_types"": ""CCS"", ""power_kw_max"": null, ""power_kw_min"": null, ""power_kw_values"": [], ""pricing_info"": """", ""station_name"": ""Tesla Supercharger""}",3,3,81.6427480678802,coordinate exceeds 100m automatic threshold,False,review,coordinate_and_fuzzy_address,206.81164772929608,0.8586206896551725,15d06bf5-6b4a-425d-9312-bae4b17cc22b-2578,"38 Camden Rd, Campbelltown, NSW 2560","{""charger_capacities"": 200.0, ""connector_types_normalized"": ""CCS;CHAdeMO"", ""data_provider"": ""Charge@Large"", ""dc_port_count"": 4, ""latitude"": -34.0716105, ""longitude"": 150.8059754, ""number_of_plugs"": 4, ""number_of_plugs_quality"": ""reported_from_dc_port_count"", ""number_of_plugs_semantics"": ""Charge@Large DC-indicated port count"", ""operator"": """", ""plug_types"": ""CCS2|CHADEMO"", ""power_kw_max"": 200.0, ""power_kw_min"": null, ""power_kw_values"": [200.0], ""station_address"": ""38 Camden Rd, Campbelltown, NSW 2560"", ""station_name"": ""Genesis Care Campbelltown"", ""status_counts"": ""{\""Available\"": 4}"", ""total_port_count"": 4}",1,1,,coordinate exceeds 100m automatic threshold,False,review,coordinate_and_fuzzy_address,206.81164772929608,0.8586206896551725,15d06bf5-6b4a-425d-9312-bae4b17cc22b-2578,"38 Camden Rd, Campbelltown, NSW 2560","{""charger_capacities"": 200.0, ""connector_types_normalized"": ""CCS;CHAdeMO"", ""data_provider"": ""Charge@Large"", ""dc_port_count"": 4, ""latitude"": -34.0716105, ""longitude"": 150.8059754, ""number_of_plugs"": 4, ""number_of_plugs_quality"": ""reported_from_dc_port_count"", ""number_of_plugs_semantics"": ""Charge@Large DC-indicated port count"", ""operator"": """", ""plug_types"": ""CCS2|CHADEMO"", ""power_kw_max"": 200.0, ""power_kw_min"": null, ""power_kw_values"": [200.0], ""station_address"": ""38 Camden Rd, Campbelltown, NSW 2560"", ""station_name"": ""Genesis Care Campbelltown"", ""status_counts"": ""{\""Available\"": 4}"", ""total_port_count"": 4}",1,1,,coordinate exceeds 100m automatic threshold,False,unmatched,review,,0,,0,OCM;OSM;Charge@Large,OCM:266501;OSM:10774220953;Charge@Large:15d06bf5-6b4a-425d-9312-bae4b17cc22b-2578,,,,,,,{},0,0,False,,,review_candidate,OCM: coordinate exceeds 100m automatic threshold; OSM: coordinate exceeds 100m automatic threshold; Charge@Large: coordinate exceeds 100m automatic threshold,yes,,no,,no,,no,OCM: coordinate exceeds 100m automatic threshold; OSM: coordinate exceeds 100m automatic threshold; Charge@Large: coordinate exceeds 100m automatic threshold,yes,pending,medium_review,pending,,,,,,,{},medium_review,,none,,,not_screened,No accepted external match or no review bound to the current external record.,https://openchargemap.org/site/poi/details/266501,https://www.openstreetmap.org/node/10774220953,https://chargeatlarge.app/
TFNSW-0324,324,"211 Lake Entrance Rd, Shellharbour City Centre, 2529","211 Lake Entrance Road, Shellharbour City Centre NSW 2529",2529,2529,2529,False,322,,"211 Lake Entrance Road, Shellharbour City Centre NSW 2529",Ampol,10,DC,150 kW,-34.56639944,150.8394074,Shellharbour City Council,2529,Existing Fast Chargers,2529,False,review,coordinate_and_fuzzy_address,401.71876110655325,0.8916666666666667,479816,"Lake Entrance Road, Shellharbour City Centre, New South Wales, 2529","{""charger_capacities"": ""180 kW"", ""connector_types_normalized"": ""CCS"", ""data_provider"": ""Open Charge Map"", ""general_comments"": """", ""is_operational"": true, ""last_verified"": ""2026-03-09T04:11:00Z"", ""latitude"": -34.56282332623376, ""longitude"": 150.84003054738014, ""number_of_plugs"": 10.0, ""number_of_plugs_quality"": ""reported_or_derived_from_connection_quantity"", ""number_of_plugs_semantics"": ""OCM NumberOfPoints or positive connection Quantity"", ""operational_status"": ""operational"", ""operator"": ""Ampol AmpCharge"", ""plug_types"": ""CCS (Type 2)"", ""power_kw_max"": 180.0, ""power_kw_min"": 180.0, ""power_kw_values"": [180.0], ""station_address"": ""Lake Entrance Road, Shellharbour City Centre, New South Wales, 2529"", ""station_name"": ""Shellharbour Ampcharge"", ""status"": ""Operational"", ""usage_cost"": ""$0.60/kWh for pay-as-you-go charging.""}",1,1,,coordinate exceeds 100m automatic threshold,False,review,coordinate_500m,441.0122641869741,0.0,12963857532,,"{""access_condition"": ""Free Access"", ""accessibility"": ""Unknown"", ""allows_card_payment"": false, ""allows_reservation"": false, ""charger_capacities"": null, ""connector_types_normalized"": ""CCS"", ""data_provider"": ""OpenStreetMap"", ""is_free"": false, ""latitude"": -34.5624354604672, ""longitude"": 150.839565558082, ""network"": """", ""number_of_plugs"": 10, ""number_of_plugs_quality"": ""valid"", ""number_of_plugs_raw"": 10, ""number_of_plugs_semantics"": ""OSM charge_points_count; values above 100 are withheld as suspicious"", ""opening_hours"": """", ""operator"": ""AmpCharge"", ""osm_last_updated"": ""2026-06-30"", ""plug_types"": ""CCS"", ""power_kw_max"": null, ""power_kw_min"": null, ""power_kw_values"": [], ""pricing_info"": """", ""station_name"": """"}",1,1,,coordinate exceeds 100m automatic threshold,False,review,coordinate_500m,441.0122641869741,0.0,12963857532,,"{""access_condition"": ""Free Access"", ""accessibility"": ""Unknown"", ""allows_card_payment"": false, ""allows_reservation"": false, ""charger_capacities"": null, ""connector_types_normalized"": ""CCS"", ""data_provider"": ""OpenStreetMap"", ""is_free"": false, ""latitude"": -34.5624354604672, ""longitude"": 150.839565558082, ""network"": """", ""number_of_plugs"": 10, ""number_of_plugs_quality"": ""valid"", ""number_of_plugs_raw"": 10, ""number_of_plugs_semantics"": ""OSM charge_points_count; values above 100 are withheld as suspicious"", ""opening_hours"": """", ""operator"": ""AmpCharge"", ""osm_last_updated"": ""2026-06-30"", ""plug_types"": ""CCS"", ""power_kw_max"": null, ""power_kw_min"": null, ""power_kw_values"": [], ""pricing_info"": """", ""station_name"": """"}",1,1,,coordinate exceeds 100m automatic threshold,False,unmatched,unmatched,,,,,{},0,0,,,False,unmatched,unmatched,,,,,{},0,0,,,False,unmatched,review,,0,,0,OCM;OSM,OCM:479816;OSM:12963857532,,,,,,,{},0,0,False,,,review_candidate,OCM: coordinate exceeds 100m automatic threshold; OSM: coordinate exceeds 100m automatic threshold,yes,,no,,no,,no,OCM: coordinate exceeds 100m automatic threshold; OSM: coordinate exceeds 100m automatic threshold,yes,pending,medium_review,pending,,,,,,,{},medium_review,,none,,,not_screened,No accepted external match or no review bound to the current external record.,https://openchargemap.org/site/poi/details/479816,https://www.openstreetmap.org/node/12963857532,
TFNSW-0332,332,"220 Taren Point Rd, Caringbah NSW 2229","220 Taren Point Road, Caringbah NSW 2229",2229,2229,2229,False,330,,"220 Taren Point Road, Caringbah NSW 2229",Evie Networks,4,DC,75 kW,-34.02927306,151.1220736,Sutherland Shire Council,2229,ARENA - Driving the Nation,2229,False,unmatched,unmatched,,,,,{},0,0,,,False,accepted,coordinate_500m,3.623875359876849,0.0,11345075655,,"{""access_condition"": ""Free Access"", ""accessibility"": ""Unknown"", ""allows_card_payment"": false, ""allows_reservation"": false, ""charger_capacities"": null, ""connector_types_normalized"": """", ""data_provider"": ""OpenStreetMap"", ""is_free"": false, ""latitude"": -34.0293010725355, ""longitude"": 151.122093697799, ""network"": """", ""number_of_plugs"": 4, ""number_of_plugs_quality"": ""valid"", ""number_of_plugs_raw"": 4, ""number_of_plugs_semantics"": ""OSM charge_points_count; values above 100 are withheld as suspicious"", ""opening_hours"": """", ""operator"": ""Evie Networks"", ""osm_last_updated"": ""2023-11-12"", ""plug_types"": """", ""power_kw_max"": null, ""power_kw_min"": null, ""power_kw_values"": [], ""pricing_info"": """", ""station_name"": """"}",3,3,363.85436406009615,,False,review,coordinate_500m,476.84071997837856,0.0,13103102258,,"{""access_condition"": ""Free Access"", ""accessibility"": ""Unknown"", ""allows_card_payment"": false, ""allows_reservation"": false, ""charger_capacities"": null, ""connector_types_normalized"": ""CCS"", ""data_provider"": ""OpenStreetMap"", ""is_free"": false, ""latitude"": -34.0328846714183, ""longitude"": 151.124863581522, ""network"": ""bp pulse"", ""number_of_plugs"": 4, ""number_of_plugs_quality"": ""valid"", ""number_of_plugs_raw"": 4, ""number_of_plugs_semantics"": ""OSM charge_points_count; values above 100 are withheld as suspicious"", ""opening_hours"": """", ""operator"": ""bp pulse"", ""osm_last_updated"": ""2025-08-28"", ""plug_types"": ""CCS"", ""power_kw_max"": null, ""power_kw_min"": null, ""power_kw_values"": [], ""pricing_info"": """", ""station_name"": """"}",1,1,,coordinate exceeds 100m automatic threshold,False,review,coordinate_500m,178.21078572312183,0.2863993710691824,15d06bf5-6b4a-425d-9312-bae4b17cc22b-174,"Koonya Cct, Caringbah, NSW 2229","{""charger_capacities"": 50.0, ""connector_types_normalized"": ""CCS;CHAdeMO"", ""data_provider"": ""Charge@Large"", ""dc_port_count"": 2, ""latitude"": -34.0279242, ""longitude"": 151.1210292, ""number_of_plugs"": 2, ""number_of_plugs_quality"": ""reported_from_dc_port_count"", ""number_of_plugs_semantics"": ""Charge@Large DC-indicated port count"", ""operator"": """", ""plug_types"": ""CCS2|CHADEMO"", ""power_kw_max"": 50.0, ""power_kw_min"": null, ""power_kw_values"": [50.0], ""station_address"": ""Koonya Cct, Caringbah, NSW 2229"", ""station_name"": ""Bunnings Caringbah"", ""status_counts"": ""{\""OutOfService\"": 2}"", ""total_port_count"": 2}",1,1,,coordinate exceeds 100m automatic threshold,False,review,coordinate_500m,178.21078572312183,0.2863993710691824,15d06bf5-6b4a-425d-9312-bae4b17cc22b-174,"Koonya Cct, Caringbah, NSW 2229","{""charger_capacities"": 50.0, ""connector_types_normalized"": ""CCS;CHAdeMO"", ""data_provider"": ""Charge@Large"", ""dc_port_count"": 2, ""latitude"": -34.0279242, ""longitude"": 151.1210292, ""number_of_plugs"": 2, ""number_of_plugs_quality"": ""reported_from_dc_port_count"", ""number_of_plugs_semantics"": ""Charge@Large DC-indicated port count"", ""operator"": """", ""plug_types"": ""CCS2|CHADEMO"", ""power_kw_max"": 50.0, ""power_kw_min"": null, ""power_kw_values"": [50.0], ""station_address"": ""Koonya Cct, Caringbah, NSW 2229"", ""station_name"": ""Bunnings Caringbah"", ""status_counts"": ""{\""OutOfService\"": 2}"", ""total_port_count"": 2}",1,1,,coordinate exceeds 100m automatic threshold,False,accepted,review,,0,,0,OSM;Charge@Large,OSM:13103102258;Charge@Large:15d06bf5-6b4a-425d-9312-bae4b17cc22b-174,,,,,,,{},0,0,False,,,review_candidate,OSM: coordinate exceeds 100m automatic threshold; Charge@Large: coordinate exceeds 100m automatic threshold,yes,,no,,no,,no,OSM: coordinate exceeds 100m automatic threshold; Charge@Large: coordinate exceeds 100m automatic threshold,yes,pending,medium_review,pending,,,,,,,{},medium_review,,none,,,not_screened,No accepted external match or no review bound to the current external record.,,https://www.openstreetmap.org/node/13103102258,https://chargeatlarge.app/
TFNSW-0333,333,"221 Wolseley St, Jamisontown NSW 2750","221 Wolseley Street, Jamisontown NSW 2750",2614,2750,2614,True,331,,"221 Wolseley Street, Jamisontown NSW 2750",Evie Networks,4,DC,350 kW,-33.770295,150.673823,Penrith City Council,2750,ARENA - Driving the Nation,2614,True,review,coordinate_and_fuzzy_address,13.439288316752267,1.0,272693,"221 Wolseley Street, Jamisontown, New South Wales, 2750","{""charger_capacities"": ""350 kW; 50 kW"", ""connector_types_normalized"": ""CCS;CHAdeMO"", ""data_provider"": ""Open Charge Map"", ""general_comments"": """", ""is_operational"": true, ""last_verified"": ""2023-07-16T23:05:00Z"", ""latitude"": -33.770379031934034, ""longitude"": 150.67371849780716, ""number_of_plugs"": 2.0, ""number_of_plugs_quality"": ""reported_or_derived_from_connection_quantity"", ""number_of_plugs_semantics"": ""OCM NumberOfPoints or positive connection Quantity"", ""operational_status"": ""operational"", ""operator"": ""Evie"", ""plug_types"": ""CCS (Type 2); CHAdeMO"", ""power_kw_max"": 350.0, ""power_kw_min"": 50.0, ""power_kw_values"": [50.0, 350.0], ""station_address"": ""221 Wolseley Street, Jamisontown, New South Wales, 2750"", ""station_name"": ""Jamisontown"", ""status"": ""Operational"", ""usage_cost"": """"}",1,1,,source address postcode 2750 conflicts with PCODE 2750,True,review,coordinate_500m,5.407924325101975,0.0,9712774534,,"{""access_condition"": ""Free Access"", ""accessibility"": ""Unknown"", ""allows_card_payment"": false, ""allows_reservation"": false, ""charger_capacities"": null, ""connector_types_normalized"": """", ""data_provider"": ""OpenStreetMap"", ""is_free"": false, ""latitude"": -33.770260869529, ""longitude"": 150.673781320136, ""network"": """", ""number_of_plugs"": 4, ""number_of_plugs_quality"": ""valid"", ""number_of_plugs_raw"": 4, ""number_of_plugs_semantics"": ""OSM charge_points_count; values above 100 are withheld as suspicious"", ""opening_hours"": """", ""operator"": ""Evie Networks"", ""osm_last_updated"": ""2023-11-11"", ""plug_types"": """", ""power_kw_max"": null, ""power_kw_min"": null, ""power_kw_values"": [], ""pricing_info"": """", ""station_name"": """"}",1,1,,source address postcode 2750 conflicts with PCODE 2750,True,unmatched,unmatched,,,,,{},0,0,,,True,review,coordinate_500m,71.51900547707633,0.4076923076923077,15d06bf5-6b4a-425d-9312-bae4b17cc22b-221,"Mulgoa Rd & Wolseley St, Jamisontown, NSW 2750","{""charger_capacities"": 22.0, ""connector_types_normalized"": ""Type2"", ""data_provider"": ""Charge@Large"", ""dc_port_count"": 4, ""latitude"": -33.770938, ""longitude"": 150.6738044, ""number_of_plugs"": 4, ""number_of_plugs_quality"": ""reported_from_dc_port_count"", ""number_of_plugs_semantics"": ""Charge@Large DC-indicated port count"", ""operator"": """", ""plug_types"": ""TYPE2"", ""power_kw_max"": 22.0, ""power_kw_min"": null, ""power_kw_values"": [22.0], ""station_address"": ""Mulgoa Rd & Wolseley St, Jamisontown, NSW 2750"", ""station_name"": ""Penrith Homemaker Centre"", ""status_counts"": ""{\""Available\"": 4}"", ""total_port_count"": 4}",2,2,332.6849791863494,source address postcode 2750 conflicts with PCODE 2750,True,unmatched,unmatched,,,,,{},0,0,,,True,unmatched,review,,0,,0,OCM,OCM:272693,,,,,,,{},0,0,False,,,review_candidate,OCM: source address postcode 2750 conflicts with PCODE 2750,yes,,no,,no,,no,OCM: source address postcode 2750 conflicts with PCODE 2750,yes,pending,medium_review,pending,,,,,,,{},medium_review,,none,,,not_screened,No accepted external match or no review bound to the current external record.,https://openchargemap.org/site/poi/details/272693,,
TFNSW-0343,343,"228-234 Pacific Hwy, Swansea NSW, 2281","228-234 Pacific Highway, Swansea NSW 2281",2281,2281,2281,False,341,,"228-234 Pacific Highway, Swansea NSW 2281",Everty,2,DC,25 kW,-33.09176581,151.6374214,Lake Macquarie City Council,2281,Existing Fast Chargers,2281,False,review,fuzzy_address_only,1016.6499721984943,0.8733333333333334,272675,"152 Pacific Hwy, Swansea, New South Wales, 2281","{""charger_capacities"": ""50 kW"", ""connector_types_normalized"": ""CCS;CHAdeMO"", ""data_provider"": ""Open Charge Map"", ""general_comments"": """", ""is_operational"": true, ""last_verified"": ""2023-07-16T12:52:00Z"", ""latitude"": -33.0833, ""longitude"": 151.6333, ""number_of_plugs"": 2.0, ""number_of_plugs_quality"": ""reported_or_derived_from_connection_quantity"", ""number_of_plugs_semantics"": ""OCM NumberOfPoints or positive connection Quantity"", ""operational_status"": ""operational"", ""operator"": ""Evie"", ""plug_types"": ""CCS (Type 2); CHAdeMO"", ""power_kw_max"": 50.0, ""power_kw_min"": 50.0, ""power_kw_values"": [50.0], ""station_address"": ""152 Pacific Hwy, Swansea, New South Wales, 2281"", ""station_name"": ""Swansea"", ""status"": ""Operational"", ""usage_cost"": """"}",1,0,,fuzzy address only; coordinate exceeds 500m,False,unmatched,unmatched,,,,,{},0,0,,,False,unmatched,unmatched,,,,,{},0,0,,,False,accepted,coordinate_500m,29.2684899419192,0.8230769230769232,ac6d79e9-3d3d-4a6b-a3b2-99a06fe51e25-172,"Swansea Centre, 228 Pacific Hwy, Swansea NSW, Swansea, NSW 2281","{""charger_capacities"": 22.0, ""connector_types_normalized"": ""Type2"", ""data_provider"": ""Charge@Large"", ""dc_port_count"": 2, ""latitude"": -33.091679, ""longitude"": 151.637718, ""number_of_plugs"": 2, ""number_of_plugs_quality"": ""reported_from_dc_port_count"", ""number_of_plugs_semantics"": ""Charge@Large DC-indicated port count"", ""operator"": """", ""plug_types"": ""TYPE2"", ""power_kw_max"": 22.0, ""power_kw_min"": null, ""power_kw_values"": [22.0], ""station_address"": ""Swansea Centre, 228 Pacific Hwy, Swansea NSW, Swansea, NSW 2281"", ""station_name"": ""228 Pacific Hwy-Swansea"", ""status_counts"": ""{\""Available\"": 2}"", ""total_port_count"": 2}",1,1,,,False,unmatched,unmatched,,,,,{},0,0,,,False,accepted,review,,0,,0,OCM,OCM:272675,OCM,,,,,,{},0,0,False,,,review_candidate,OCM: fuzzy address only; coordinate exceeds 500m,yes,,no,,no,,no,OCM: fuzzy address only; coordinate exceeds 500m,yes,pending,medium_review,pending,,,,,,,{},medium_review,,none,,,not_screened,No accepted external match or no review bound to the current external record.,https://openchargemap.org/site/poi/details/272675,,
TFNSW-0367,367,"247 Belmore Rd, Riverwood NSW 2210","247 Belmore Road, Riverwood NSW 2210",2210,2210,2210,False,365,,"247 Belmore Road, Riverwood NSW 2210",Evie Networks,4,DC,75 kW,-33.952562,151.05103,Georges River Council,2210,ARENA - Driving the Nation,2210,False,unmatched,unmatched,,,,,{},0,0,,,False,unmatched,unmatched,,,,,{},0,0,,,False,unmatched,unmatched,,,,,{},0,0,,,False,review,fuzzy_address_only,1020.518975191437,0.8584905660377359,15d06bf5-6b4a-425d-9312-bae4b17cc22b-2841,"150 Belmore Rd, Riverwood, NSW 2210","{""charger_capacities"": 60.0, ""connector_types_normalized"": ""CCS;Type2"", ""data_provider"": ""Charge@Large"", ""dc_port_count"": 2, ""latitude"": -33.9438716, ""longitude"": 151.0545873, ""number_of_plugs"": 2, ""number_of_plugs_quality"": ""reported_from_dc_port_count"", ""number_of_plugs_semantics"": ""Charge@Large DC-indicated port count"", ""operator"": """", ""plug_types"": ""CCS2|TYPE2"", ""power_kw_max"": 60.0, ""power_kw_min"": null, ""power_kw_values"": [60.0], ""station_address"": ""150 Belmore Rd, Riverwood, NSW 2210"", ""station_name"": ""Morris Iemma Sports Centre"", ""status_counts"": ""{\""Available\"": 4}"", ""total_port_count"": 4}",1,0,,fuzzy address only; coordinate exceeds 500m,False,review,fuzzy_address_only,1020.518975191437,0.8584905660377359,15d06bf5-6b4a-425d-9312-bae4b17cc22b-2841,"150 Belmore Rd, Riverwood, NSW 2210","{""charger_capacities"": 60.0, ""connector_types_normalized"": ""CCS;Type2"", ""data_provider"": ""Charge@Large"", ""dc_port_count"": 2, ""latitude"": -33.9438716, ""longitude"": 151.0545873, ""number_of_plugs"": 2, ""number_of_plugs_quality"": ""reported_from_dc_port_count"", ""number_of_plugs_semantics"": ""Charge@Large DC-indicated port count"", ""operator"": """", ""plug_types"": ""CCS2|TYPE2"", ""power_kw_max"": 60.0, ""power_kw_min"": null, ""power_kw_values"": [60.0], ""station_address"": ""150 Belmore Rd, Riverwood, NSW 2210"", ""station_name"": ""Morris Iemma Sports Centre"", ""status_counts"": ""{\""Available\"": 4}"", ""total_port_count"": 4}",1,0,,fuzzy address only; coordinate exceeds 500m,False,unmatched,review,,0,,0,Charge@Large,Charge@Large:15d06bf5-6b4a-425d-9312-bae4b17cc22b-2841,Charge@Large,,,,,,{},0,0,False,,,review_candidate,Charge@Large: fuzzy address only; coordinate exceeds 500m,yes,,no,,no,,no,Charge@Large: fuzzy address only; coordinate exceeds 500m,yes,pending,medium_review,pending,,,,,,,{},medium_review,,none,,,not_screened,No accepted external match or no review bound to the current external record.,,,https://chargeatlarge.app/
TFNSW-0378,378,"26 Aspect Dr, Coffs Harbour, 2450","26 Aspect Drive, Coffs Harbour NSW 2450",2450,2450,2450,False,376,,"26 Aspect Drive, Coffs Harbour NSW 2450",Tesla,4,DC,60 kW,-30.27522227,153.1319389,Coffs Harbour City Council,2450,Existing Fast Chargers,2450,False,review,coordinate_500m,136.24668971124947,0.45653846153846156,474459,"351 Pacific Highway, Coffs Harbour, New South Wales, 2450","{""charger_capacities"": ""300 kW"", ""connector_types_normalized"": ""CCS"", ""data_provider"": ""Open Charge Map"", ""general_comments"": """", ""is_operational"": true, ""last_verified"": ""2026-09-12T22:44:00Z"", ""latitude"": -30.274110914833187, ""longitude"": 153.13253636781275, ""number_of_plugs"": 16.0, ""number_of_plugs_quality"": ""reported_or_derived_from_connection_quantity"", ""number_of_plugs_semantics"": ""OCM NumberOfPoints or positive connection Quantity"", ""operational_status"": ""operational"", ""operator"": ""(Unknown Operator)"", ""plug_types"": ""CCS (Type 2)"", ""power_kw_max"": 300.0, ""power_kw_min"": 300.0, ""power_kw_values"": [300.0], ""station_address"": ""351 Pacific Highway, Coffs Harbour, New South Wales, 2450"", ""station_name"": ""Big Banana Tesla Supercharger"", ""status"": ""Operational"", ""usage_cost"": """"}",1,1,,coordinate exceeds 100m automatic threshold,False,review,coordinate_500m,156.41350838928793,0.0,1459249999,,"{""access_condition"": ""Free Access"", ""accessibility"": ""Unknown"", ""allows_card_payment"": false, ""allows_reservation"": false, ""charger_capacities"": null, ""connector_types_normalized"": ""CCS"", ""data_provider"": ""OpenStreetMap"", ""is_free"": false, ""latitude"": -30.2739314248882, ""longitude"": 153.132586105066, ""network"": ""Supercharger"", ""number_of_plugs"": 16, ""number_of_plugs_quality"": ""valid"", ""number_of_plugs_raw"": 16, ""number_of_plugs_semantics"": ""OSM charge_points_count; values above 100 are withheld as suspicious"", ""opening_hours"": ""24/7"", ""operator"": ""Tesla"", ""osm_last_updated"": ""2026-03-29"", ""plug_types"": ""CCS"", ""power_kw_max"": null, ""power_kw_min"": null, ""power_kw_values"": [], ""pricing_info"": """", ""station_name"": ""Tesla Supercharger""}",1,1,,coordinate exceeds 100m automatic threshold,False,review,coordinate_500m,156.41350838928793,0.0,1459249999,,"{""access_condition"": ""Free Access"", ""accessibility"": ""Unknown"", ""allows_card_payment"": false, ""allows_reservation"": false, ""charger_capacities"": null, ""connector_types_normalized"": ""CCS"", ""data_provider"": ""OpenStreetMap"", ""is_free"": false, ""latitude"": -30.2739314248882, ""longitude"": 153.132586105066, ""network"": ""Supercharger"", ""number_of_plugs"": 16, ""number_of_plugs_quality"": ""valid"", ""number_of_plugs_raw"": 16, ""number_of_plugs_semantics"": ""OSM charge_points_count; values above 100 are withheld as suspicious"", ""opening_hours"": ""24/7"", ""operator"": ""Tesla"", ""osm_last_updated"": ""2026-03-29"", ""plug_types"": ""CCS"", ""power_kw_max"": null, ""power_kw_min"": null, ""power_kw_values"": [], ""pricing_info"": """", ""station_name"": ""Tesla Supercharger""}",1,1,,coordinate exceeds 100m automatic threshold,False,unmatched,unmatched,,,,,{},0,0,,,False,unmatched,unmatched,,,,,{},0,0,,,False,unmatched,review,,0,,0,OCM;OSM,OCM:474459;OSM:1459249999,,,,,,,{},0,0,False,,,review_candidate,OCM: coordinate exceeds 100m automatic threshold; OSM: coordinate exceeds 100m automatic threshold,yes,,no,,no,,no,OCM: coordinate exceeds 100m automatic threshold; OSM: coordinate exceeds 100m automatic threshold,yes,pending,medium_review,pending,,,,,,,{},medium_review,,none,,,not_screened,No accepted external match or no review bound to the current external record.,https://openchargemap.org/site/poi/details/474459,https://www.openstreetmap.org/node/1459249999,
TFNSW-0380,380,"26 Neilly St, Walgett, NSW 2832, Australia","26 Neilly Street, Walgett NSW 2832",2337,2832,2337,True,378,,"26 Neilly Street, Walgett NSW 2832",NRMA Electric,2,DC,75 kW,-28.8659158,153.0485564,Walgett Shire Council,2832,TfNSW Regional,2337,True,review,coordinate_500m,29.415466331250652,0.28086956521739137,260392,"Little Walker Street, New South Wales, 2470","{""charger_capacities"": ""50 kW"", ""connector_types_normalized"": ""CCS;CHAdeMO"", ""data_provider"": ""Open Charge Map"", ""general_comments"": """", ""is_operational"": true, ""last_verified"": ""2023-04-23T10:48:00Z"", ""latitude"": -28.865746474795223, ""longitude"": 153.04878848507587, ""number_of_plugs"": 2.0, ""number_of_plugs_quality"": ""reported_or_derived_from_connection_quantity"", ""number_of_plugs_semantics"": ""OCM NumberOfPoints or positive connection Quantity"", ""operational_status"": ""operational"", ""operator"": ""NRMA"", ""plug_types"": ""CCS (Type 2); CHAdeMO"", ""power_kw_max"": 50.0, ""power_kw_min"": 50.0, ""power_kw_values"": [50.0], ""station_address"": ""Little Walker Street, New South Wales, 2470"", ""station_name"": ""Little Walker Street"", ""status"": ""Operational"", ""usage_cost"": """"}",2,1,,source address postcode 2832 conflicts with PCODE 2832; external postcode 2470 conflicts with source PCODE 2832,True,review,coordinate_500m,17.162799441533295,0.0,10011175454,,"{""access_condition"": ""Free Access"", ""accessibility"": ""Unknown"", ""allows_card_payment"": false, ""allows_reservation"": false, ""charger_capacities"": null, ""connector_types_normalized"": """", ""data_provider"": ""OpenStreetMap"", ""is_free"": false, ""latitude"": -28.8659126793622, ""longitude"": 153.048380188887, ""network"": """", ""number_of_plugs"": null, ""number_of_plugs_quality"": ""missing_or_suspicious"", ""number_of_plugs_raw"": null, ""number_of_plugs_semantics"": ""OSM charge_points_count; values above 100 are withheld as suspicious"", ""opening_hours"": """", ""operator"": ""NRMA"", ""osm_last_updated"": ""2022-09-09"", ""plug_types"": """", ""power_kw_max"": null, ""power_kw_min"": null, ""power_kw_values"": [], ""pricing_info"": """", ""station_name"": """"}",1,1,,source address postcode 2832 conflicts with PCODE 2832,True,unmatched,unmatched,,,,,{},0,0,,,True,review,coordinate_500m,360.2593764419647,0.3721311475409836,ac6d79e9-3d3d-4a6b-a3b2-99a06fe51e25-111,"154 Canterbury St, Casino NSW 2470, Australia, Casino, NSW 2470","{""charger_capacities"": 22.0, ""connector_types_normalized"": ""Type2"", ""data_provider"": ""Charge@Large"", ""dc_port_count"": 2, ""latitude"": -28.862708, ""longitude"": 153.048037, ""number_of_plugs"": 2, ""number_of_plugs_quality"": ""reported_from_dc_port_count"", ""number_of_plugs_semantics"": ""Charge@Large DC-indicated port count"", ""operator"": """", ""plug_types"": ""TYPE2"", ""power_kw_max"": 22.0, ""power_kw_min"": null, ""power_kw_values"": [22.0], ""station_address"": ""154 Canterbury St, Casino NSW 2470, Australia, Casino, NSW 2470"", ""station_name"": ""154 Canterbury Street-Casino"", ""status_counts"": ""{\""Available\"": 2}"", ""total_port_count"": 2}",1,1,,source address postcode 2832 conflicts with PCODE 2832; external postcode 2470 conflicts with source PCODE 2832; coordinate exceeds 100m automatic threshold,True,unmatched,unmatched,,,,,{},0,0,,,True,unmatched,review,,0,,0,OCM,OCM:260392,,,,,,,{},0,0,False,,,review_candidate,OCM: source address postcode 2832 conflicts with PCODE 2832; external postcode 2470 conflicts with source PCODE 2832,yes,,no,,no,,no,OCM: source address postcode 2832 conflicts with PCODE 2832; external postcode 2470 conflicts with source PCODE 2832,yes,pending,medium_review,pending,,,,,,,{},medium_review,,none,,,not_screened,No accepted external match or no review bound to the current external record.,https://openchargemap.org/site/poi/details/260392,,
TFNSW-0395,395,"28 Auburn Street, Moree, NSW 2400, Australia","28 Auburn Street, Moree NSW 2400",2716,2400,2716,True,393,,"28 Auburn Street, Moree NSW 2400",NRMA Electric,2,DC,50 kW,-35.3548636,145.725081,Moree Plains Shire Council,2400,TfNSW Regional,2716,True,review,coordinate_500m,41.576127894393146,0.25833333333333336,190915,"Powell Street, Jerilderie, New South Wales, 2716","{""charger_capacities"": ""50 kW"", ""connector_types_normalized"": ""CCS;CHAdeMO"", ""data_provider"": ""Open Charge Map"", ""general_comments"": """", ""is_operational"": true, ""last_verified"": ""2022-01-04T11:52:00Z"", ""latitude"": -35.3544948219656, ""longitude"": 145.72500535480856, ""number_of_plugs"": 1.0, ""number_of_plugs_quality"": ""reported_or_derived_from_connection_quantity"", ""number_of_plugs_semantics"": ""OCM NumberOfPoints or positive connection Quantity"", ""operational_status"": ""operational"", ""operator"": ""NRMA"", ""plug_types"": ""CCS (Type 2); CHAdeMO"", ""power_kw_max"": 50.0, ""power_kw_min"": 50.0, ""power_kw_values"": [50.0], ""station_address"": ""Powell Street, Jerilderie, New South Wales, 2716"", ""station_name"": ""NRMA Jerilderie"", ""status"": ""Operational"", ""usage_cost"": ""FREE""}",1,1,,source address postcode 2400 conflicts with PCODE 2400; external postcode 2716 conflicts with source PCODE 2400,True,review,coordinate_500m,124.85995228095281,0.0,8317195266,,"{""access_condition"": ""Free Access"", ""accessibility"": ""Unknown"", ""allows_card_payment"": false, ""allows_reservation"": false, ""charger_capacities"": null, ""connector_types_normalized"": ""CCS"", ""data_provider"": ""OpenStreetMap"", ""is_free"": false, ""latitude"": -35.3556886347057, ""longitude"": 145.724147048228, ""network"": """", ""number_of_plugs"": 6, ""number_of_plugs_quality"": ""valid"", ""number_of_plugs_raw"": 6, ""number_of_plugs_semantics"": ""OSM charge_points_count; values above 100 are withheld as suspicious"", ""opening_hours"": """", ""operator"": ""NRMA"", ""osm_last_updated"": ""2026-05-09"", ""plug_types"": ""CCS"", ""power_kw_max"": null, ""power_kw_min"": null, ""power_kw_values"": [], ""pricing_info"": """", ""station_name"": """"}",1,1,,source address postcode 2400 conflicts with PCODE 2400; coordinate exceeds 100m automatic threshold,True,review,coordinate_500m,124.85995228095281,0.0,8317195266,,"{""access_condition"": ""Free Access"", ""accessibility"": ""Unknown"", ""allows_card_payment"": false, ""allows_reservation"": false, ""charger_capacities"": null, ""connector_types_normalized"": ""CCS"", ""data_provider"": ""OpenStreetMap"", ""is_free"": false, ""latitude"": -35.3556886347057, ""longitude"": 145.724147048228, ""network"": """", ""number_of_plugs"": 6, ""number_of_plugs_quality"": ""valid"", ""number_of_plugs_raw"": 6, ""number_of_plugs_semantics"": ""OSM charge_points_count; values above 100 are withheld as suspicious"", ""opening_hours"": """", ""operator"": ""NRMA"", ""osm_last_updated"": ""2026-05-09"", ""plug_types"": ""CCS"", ""power_kw_max"": null, ""power_kw_min"": null, ""power_kw_values"": [], ""pricing_info"": """", ""station_name"": """"}",1,1,,source address postcode 2400 conflicts with PCODE 2400; coordinate exceeds 100m automatic threshold,True,unmatched,unmatched,,,,,{},0,0,,,True,unmatched,unmatched,,,,,{},0,0,,,True,unmatched,review,,0,,0,OCM;OSM,OCM:190915;OSM:8317195266,,,,,,,{},0,0,False,,,review_candidate,OCM: source address postcode 2400 conflicts with PCODE 2400; external postcode 2716 conflicts with source PCODE 2400; OSM: source address postcode 2400 conflicts with PCODE 2400; coordinate exceeds 100m automatic threshold,yes,,no,,no,,no,OCM: source address postcode 2400 conflicts with PCODE 2400; external postcode 2716 conflicts with source PCODE 2400; OSM: source address postcode 2400 conflicts with PCODE 2400; coordinate exceeds 100m automatic threshold,yes,pending,medium_review,pending,,,,,,,{},medium_review,,none,,,not_screened,No accepted external match or no review bound to the current external record.,https://openchargemap.org/site/poi/details/190915,https://www.openstreetmap.org/node/8317195266,
TFNSW-0399,399,"2-8 Turramurra Ave, Sydney, 2074","2-8 Turramurra Avenue, Sydney NSW 2074",2074,2074,2074,False,397,,"2-8 Turramurra Avenue, Sydney NSW 2074",Evie Networks,4,DC,75 kW,-33.7323514,151.1307097,Ku-ring-gai Council,2074,Existing Fast Chargers,2074,False,unmatched,unmatched,,,,,{},0,0,,,False,unmatched,unmatched,,,,,{},0,0,,,False,unmatched,unmatched,,,,,{},0,0,,,False,review,coordinate_500m,313.0083609082256,0.40479591836734696,15d06bf5-6b4a-425d-9312-bae4b17cc22b-1309,"5 Ray St, Turramurra, NSW 2074","{""charger_capacities"": 40.0, ""connector_types_normalized"": ""CCS"", ""data_provider"": ""Charge@Large"", ""dc_port_count"": 2, ""latitude"": -33.7320174, ""longitude"": 151.1273488, ""number_of_plugs"": 2, ""number_of_plugs_quality"": ""reported_from_dc_port_count"", ""number_of_plugs_semantics"": ""Charge@Large DC-indicated port count"", ""operator"": """", ""plug_types"": ""CCS2"", ""power_kw_max"": 40.0, ""power_kw_min"": null, ""power_kw_values"": [40.0], ""station_address"": ""5 Ray St, Turramurra, NSW 2074"", ""station_name"": ""Turramurra Library"", ""status_counts"": ""{\""Available\"": 2}"", ""total_port_count"": 2}",1,1,,coordinate exceeds 100m automatic threshold,False,review,coordinate_500m,313.0083609082256,0.40479591836734696,15d06bf5-6b4a-425d-9312-bae4b17cc22b-1309,"5 Ray St, Turramurra, NSW 2074","{""charger_capacities"": 40.0, ""connector_types_normalized"": ""CCS"", ""data_provider"": ""Charge@Large"", ""dc_port_count"": 2, ""latitude"": -33.7320174, ""longitude"": 151.1273488, ""number_of_plugs"": 2, ""number_of_plugs_quality"": ""reported_from_dc_port_count"", ""number_of_plugs_semantics"": ""Charge@Large DC-indicated port count"", ""operator"": """", ""plug_types"": ""CCS2"", ""power_kw_max"": 40.0, ""power_kw_min"": null, ""power_kw_values"": [40.0], ""station_address"": ""5 Ray St, Turramurra, NSW 2074"", ""station_name"": ""Turramurra Library"", ""status_counts"": ""{\""Available\"": 2}"", ""total_port_count"": 2}",1,1,,coordinate exceeds 100m automatic threshold,False,unmatched,review,,0,,0,Charge@Large,Charge@Large:15d06bf5-6b4a-425d-9312-bae4b17cc22b-1309,,,,,,,{},0,0,False,,,review_candidate,Charge@Large: coordinate exceeds 100m automatic threshold,yes,,no,,no,,no,Charge@Large: coordinate exceeds 100m automatic threshold,yes,pending,medium_review,pending,,,,,,,{},medium_review,,none,,,not_screened,No accepted external match or no review bound to the current external record.,,,https://chargeatlarge.app/
TFNSW-0410,410,"29-55 Twynam St, Narrandera, 2700","29-55 Twynam Street, Narrandera NSW 2700",2700,2700,2700,False,408,,"29-55 Twynam Street, Narrandera NSW 2700",NRMA Electric,2,DC,50 kW,-34.74651756,146.548011,Narrandera Shire Council,2700,Existing Fast Chargers,2700,False,review,coordinate_and_fuzzy_address,203.66989536876557,0.876271186440678,126130,"31 Twynam Street, Narrandera, NSW, 2700","{""charger_capacities"": ""50 kW"", ""connector_types_normalized"": ""CHAdeMO;CCS"", ""data_provider"": ""Open Charge Map"", ""general_comments"": """", ""is_operational"": true, ""last_verified"": ""2024-11-12T12:09:00Z"", ""latitude"": -34.74657009261118, ""longitude"": 146.55023922868645, ""number_of_plugs"": 1.0, ""number_of_plugs_quality"": ""reported_or_derived_from_connection_quantity"", ""number_of_plugs_semantics"": ""OCM NumberOfPoints or positive connection Quantity"", ""operational_status"": ""operational"", ""operator"": ""NRMA"", ""plug_types"": ""CHAdeMO; CCS (Type 2)"", ""power_kw_max"": 50.0, ""power_kw_min"": 50.0, ""power_kw_values"": [50.0], ""station_address"": ""31 Twynam Street, Narrandera, NSW, 2700"", ""station_name"": ""Narrandera Marie Bashir Park [NRMA]"", ""status"": ""Operational"", ""usage_cost"": ""$0.66/kWh""}",1,1,,coordinate exceeds 100m automatic threshold,False,review,coordinate_500m,172.07828917633012,0.0,10159370719,,"{""access_condition"": ""Free Access"", ""accessibility"": ""Unknown"", ""allows_card_payment"": false, ""allows_reservation"": false, ""charger_capacities"": null, ""connector_types_normalized"": ""CCS;CHAdeMO"", ""data_provider"": ""OpenStreetMap"", ""is_free"": false, ""latitude"": -34.7464753158864, ""longitude"": 146.549893675947, ""network"": """", ""number_of_plugs"": 4, ""number_of_plugs_quality"": ""valid"", ""number_of_plugs_raw"": 4, ""number_of_plugs_semantics"": ""OSM charge_points_count; values above 100 are withheld as suspicious"", ""opening_hours"": """", ""operator"": ""NRMA"", ""osm_last_updated"": ""2026-05-09"", ""plug_types"": ""CCS|CHAdeMO"", ""power_kw_max"": null, ""power_kw_min"": null, ""power_kw_values"": [], ""pricing_info"": """", ""station_name"": """"}",1,1,,coordinate exceeds 100m automatic threshold,False,review,coordinate_500m,172.07828917633012,0.0,10159370719,,"{""access_condition"": ""Free Access"", ""accessibility"": ""Unknown"", ""allows_card_payment"": false, ""allows_reservation"": false, ""charger_capacities"": null, ""connector_types_normalized"": ""CCS;CHAdeMO"", ""data_provider"": ""OpenStreetMap"", ""is_free"": false, ""latitude"": -34.7464753158864, ""longitude"": 146.549893675947, ""network"": """", ""number_of_plugs"": 4, ""number_of_plugs_quality"": ""valid"", ""number_of_plugs_raw"": 4, ""number_of_plugs_semantics"": ""OSM charge_points_count; values above 100 are withheld as suspicious"", ""opening_hours"": """", ""operator"": ""NRMA"", ""osm_last_updated"": ""2026-05-09"", ""plug_types"": ""CCS|CHAdeMO"", ""power_kw_max"": null, ""power_kw_min"": null, ""power_kw_values"": [], ""pricing_info"": """", ""station_name"": """"}",1,1,,coordinate exceeds 100m automatic threshold,False,unmatched,unmatched,,,,,{},0,0,,,False,unmatched,unmatched,,,,,{},0,0,,,False,unmatched,review,,0,,0,OCM;OSM,OCM:126130;OSM:10159370719,,,,,,,{},0,0,False,,,review_candidate,OCM: coordinate exceeds 100m automatic threshold; OSM: coordinate exceeds 100m automatic threshold,yes,,no,,no,,no,OCM: coordinate exceeds 100m automatic threshold; OSM: coordinate exceeds 100m automatic threshold,yes,pending,medium_review,pending,,,,,,,{},medium_review,,none,,,not_screened,No accepted external match or no review bound to the current external record.,https://openchargemap.org/site/poi/details/126130,https://www.openstreetmap.org/node/10159370719,
TFNSW-0417,417,"3 Broomfield St, Cobar, NSW 2835, Australia","3 Broomfield Street, Cobar NSW 2835",2840,2835,2840,True,415,,"3 Broomfield Street, Cobar NSW 2835",NRMA Electric,2,DC,50 kW,-30.08825,145.9351051,Cobar Shire Council,2835,TfNSW Regional,2840,True,review,fuzzy_address_only,157126.08368159586,1.0,190679,"3 Broomfield Street, Cobar, New South Wales, 2835","{""charger_capacities"": ""50 kW"", ""connector_types_normalized"": ""CCS;CHAdeMO"", ""data_provider"": ""Open Charge Map"", ""general_comments"": """", ""is_operational"": true, ""last_verified"": ""2022-01-08T10:59:00Z"", ""latitude"": -31.49883300000129, ""longitude"": 145.83757000000242, ""number_of_plugs"": 1.0, ""number_of_plugs_quality"": ""reported_or_derived_from_connection_quantity"", ""number_of_plugs_semantics"": ""OCM NumberOfPoints or positive connection Quantity"", ""operational_status"": ""operational"", ""operator"": ""NRMA"", ""plug_types"": ""CCS (Type 2); CHAdeMO"", ""power_kw_max"": 50.0, ""power_kw_min"": 50.0, ""power_kw_values"": [50.0], ""station_address"": ""3 Broomfield Street, Cobar, New South Wales, 2835"", ""station_name"": ""Cobar [NRMA]"", ""status"": ""Operational"", ""usage_cost"": ""FREE""}",1,0,,source address postcode 2835 conflicts with PCODE 2835; fuzzy address only; coordinate exceeds 500m,True,review,coordinate_500m,28.23171318416689,0.0,9771012966,,"{""access_condition"": ""Free Access"", ""accessibility"": ""Unknown"", ""allows_card_payment"": false, ""allows_reservation"": false, ""charger_capacities"": null, ""connector_types_normalized"": """", ""data_provider"": ""OpenStreetMap"", ""is_free"": false, ""latitude"": -30.0884156041521, ""longitude"": 145.934882678521, ""network"": """", ""number_of_plugs"": 2, ""number_of_plugs_quality"": ""valid"", ""number_of_plugs_raw"": 2, ""number_of_plugs_semantics"": ""OSM charge_points_count; values above 100 are withheld as suspicious"", ""opening_hours"": """", ""operator"": ""NRMA"", ""osm_last_updated"": ""2022-12-18"", ""plug_types"": """", ""power_kw_max"": null, ""power_kw_min"": null, ""power_kw_values"": [], ""pricing_info"": """", ""station_name"": """"}",1,1,,source address postcode 2835 conflicts with PCODE 2835,True,unmatched,unmatched,,,,,{},0,0,,,True,unmatched,unmatched,,,,,{},0,0,,,True,unmatched,unmatched,,,,,{},0,0,,,True,unmatched,review,,0,,0,OCM,OCM:190679,OCM,,,,,,{},0,0,False,,,review_candidate,OCM: source address postcode 2835 conflicts with PCODE 2835; fuzzy address only; coordinate exceeds 500m,yes,,no,,no,,no,OCM: source address postcode 2835 conflicts with PCODE 2835; fuzzy address only; coordinate exceeds 500m,yes,pending,medium_review,pending,,,,,,,{},medium_review,,none,,,not_screened,No accepted external match or no review bound to the current external record.,https://openchargemap.org/site/poi/details/190679,,
TFNSW-0436,436,"303 Henry Parry Dr, Central Coast, 2250","303 Henry Parry Drive, Central Coast NSW 2250",2250,2250,2250,False,434,,"303 Henry Parry Drive, Central Coast NSW 2250",Chargefox,2,DC,60 kW,-33.40941346,151.3507447,Central Coast Council,2250,Existing Fast Chargers,2250,False,review,coordinate_500m,160.1936952510829,0.3541311475409836,508148,"Pacific Highway, Wyoming, New South Wales, 2250","{""charger_capacities"": ""150 kW; 300 kW; 60 kW"", ""connector_types_normalized"": ""CCS;CHAdeMO"", ""data_provider"": ""Open Charge Map"", ""general_comments"": """", ""is_operational"": true, ""last_verified"": ""2026-09-09T01:02:00Z"", ""latitude"": -33.40800720332305, ""longitude"": 151.35111958796483, ""number_of_plugs"": 6.0, ""number_of_plugs_quality"": ""reported_or_derived_from_connection_quantity"", ""number_of_plugs_semantics"": ""OCM NumberOfPoints or positive connection Quantity"", ""operational_status"": ""operational"", ""operator"": ""BP Pulse (AU)"", ""plug_types"": ""CCS (Type 2); CHAdeMO"", ""power_kw_max"": 300.0, ""power_kw_min"": 60.0, ""power_kw_values"": [60.0, 150.0, 300.0], ""station_address"": ""Pacific Highway, Wyoming, New South Wales, 2250"", ""station_name"": ""Pacific Highway"", ""status"": ""Operational"", ""usage_cost"": ""55c/kWh""}",1,1,,coordinate exceeds 100m automatic threshold,False,unmatched,unmatched,,,,,{},0,0,,,False,unmatched,unmatched,,,,,{},0,0,,,False,review,coordinate_500m,480.7602652671261,0.322,32c163d9-84aa-4c71-b092-9aab18f2e771-241000083,"512 Pacific Highway, Wyoming, NSW 2250","{""charger_capacities"": 22.0, ""connector_types_normalized"": ""Type2"", ""data_provider"": ""Charge@Large"", ""dc_port_count"": 2, ""latitude"": -33.40509398, ""longitude"": 151.35051917, ""number_of_plugs"": 2, ""number_of_plugs_quality"": ""reported_from_dc_port_count"", ""number_of_plugs_semantics"": ""Charge@Large DC-indicated port count"", ""operator"": """", ""plug_types"": ""TYPE2"", ""power_kw_max"": 22.0, ""power_kw_min"": null, ""power_kw_values"": [22.0], ""station_address"": ""512 Pacific Highway, Wyoming, NSW 2250"", ""station_name"": ""The Select Inn Gosford"", ""status_counts"": ""{\""Available\"": 2}"", ""total_port_count"": 2}",1,1,,coordinate exceeds 100m automatic threshold,False,unmatched,unmatched,,,,,{},0,0,,,False,unmatched,review,,0,,0,OCM,OCM:508148,,,,,,,{},0,0,False,,,review_candidate,OCM: coordinate exceeds 100m automatic threshold,yes,,no,,no,,no,OCM: coordinate exceeds 100m automatic threshold,yes,pending,medium_review,pending,,,,,,,{},medium_review,,none,,,not_screened,No accepted external match or no review bound to the current external record.,https://openchargemap.org/site/poi/details/508148,,
TFNSW-0503,503,"38 Flora St, Sydney, 2232","38 Flora Street, Sydney NSW 2232",2232,2232,2232,False,501,,"38 Flora Street, Sydney NSW 2232",Chargefox,4,DC,47 kW,-34.03434039,151.0726517,Sutherland Shire Council,2232,Existing Fast Chargers,2232,False,review,coordinate_500m,181.72073244144894,0.34078947368421053,191280,"Princes Highway, Kirrawee, NSW, 2232","{""charger_capacities"": ""250 kW"", ""connector_types_normalized"": ""CCS"", ""data_provider"": ""Open Charge Map"", ""general_comments"": """", ""is_operational"": true, ""last_verified"": ""2022-02-02T13:08:00Z"", ""latitude"": -34.033063649505685, ""longitude"": 151.07388271966875, ""number_of_plugs"": 6.0, ""number_of_plugs_quality"": ""reported_or_derived_from_connection_quantity"", ""number_of_plugs_semantics"": ""OCM NumberOfPoints or positive connection Quantity"", ""operational_status"": ""operational"", ""operator"": ""Tesla (Tesla-only charging)"", ""plug_types"": ""CCS (Type 2)"", ""power_kw_max"": 250.0, ""power_kw_min"": 250.0, ""power_kw_values"": [250.0], ""station_address"": ""Princes Highway, Kirrawee, NSW, 2232"", ""station_name"": ""Tesla Supercharger South Village"", ""status"": ""Operational"", ""usage_cost"": ""$0.52/kWh""}",1,1,,coordinate exceeds 100m automatic threshold,False,accepted,coordinate_500m,92.56805234273116,0.0,9467315676,,"{""access_condition"": ""Free Access"", ""accessibility"": ""Unknown"", ""allows_card_payment"": false, ""allows_reservation"": false, ""charger_capacities"": null, ""connector_types_normalized"": """", ""data_provider"": ""OpenStreetMap"", ""is_free"": false, ""latitude"": -34.0338237798499, ""longitude"": 151.073439432086, ""network"": ""Supercharger"", ""number_of_plugs"": 6, ""number_of_plugs_quality"": ""valid"", ""number_of_plugs_raw"": 6, ""number_of_plugs_semantics"": ""OSM charge_points_count; values above 100 are withheld as suspicious"", ""opening_hours"": ""24/7"", ""operator"": ""Tesla"", ""osm_last_updated"": ""2026-03-29"", ""plug_types"": """", ""power_kw_max"": null, ""power_kw_min"": null, ""power_kw_values"": [], ""pricing_info"": """", ""station_name"": ""Tesla Supercharger""}",1,1,,,False,unmatched,unmatched,,,,,{},0,0,,,False,review,coordinate_500m,256.33529453609464,0.30546613011401746,baaffa39-0adb-422e-a7bf-4b391d232b5d-504,"459 President Ave, Kirrawee NSW 2232, Austral, Kirrawee, NSW 2232","{""charger_capacities"": 22.0, ""connector_types_normalized"": ""Type2"", ""data_provider"": ""Charge@Large"", ""dc_port_count"": 1, ""latitude"": -34.034617, ""longitude"": 151.06989, ""number_of_plugs"": 1, ""number_of_plugs_quality"": ""reported_from_dc_port_count"", ""number_of_plugs_semantics"": ""Charge@Large DC-indicated port count"", ""operator"": """", ""plug_types"": ""TYPE2"", ""power_kw_max"": 22.0, ""power_kw_min"": null, ""power_kw_values"": [22.0], ""station_address"": ""459 President Ave, Kirrawee NSW 2232, Austral, Kirrawee, NSW 2232"", ""station_name"": ""459 President Ave, Kirrawee NSW 2232"", ""status_counts"": ""{\""Unknown\"": 1}"", ""total_port_count"": 1}",2,2,0.0,coordinate exceeds 100m automatic threshold; another coordinate candidate is within 20m of the nearest,False,unmatched,unmatched,,,,,{},0,0,,,False,accepted,review,,0,,0,OCM,OCM:191280,,,,,,,{},0,0,False,,,review_candidate,OCM: coordinate exceeds 100m automatic threshold,yes,,no,,no,,no,OCM: coordinate exceeds 100m automatic threshold,yes,pending,medium_review,pending,,,,,,,{},medium_review,,none,,,not_screened,No accepted external match or no review bound to the current external record.,https://openchargemap.org/site/poi/details/191280,,
TFNSW-0520,520,"40 Gouldsbury St, Sydney, 2088","40 Gouldsbury Street, Sydney NSW 2088",2088,2088,2088,False,518,,"40 Gouldsbury Street, Sydney NSW 2088",Evie Networks,2,DC,75 kW,-33.82807512,151.2434454,Mosman Municipal Council,2088,Existing Fast Chargers,2088,False,review,coordinate_500m,344.9884663673368,0.1382053654024052,191164,"6 Myahgah Road, Mosman, NSW","{""charger_capacities"": ""50 kW"", ""connector_types_normalized"": ""CHAdeMO;CCS"", ""data_provider"": ""Open Charge Map"", ""general_comments"": """", ""is_operational"": true, ""last_verified"": ""2023-07-16T22:01:00Z"", ""latitude"": -33.82544433087931, ""longitude"": 151.24146564876457, ""number_of_plugs"": 1.0, ""number_of_plugs_quality"": ""reported_or_derived_from_connection_quantity"", ""number_of_plugs_semantics"": ""OCM NumberOfPoints or positive connection Quantity"", ""operational_status"": ""operational"", ""operator"": ""Evie"", ""plug_types"": ""CHAdeMO; CCS (Type 2)"", ""power_kw_max"": 50.0, ""power_kw_min"": 50.0, ""power_kw_values"": [50.0], ""station_address"": ""6 Myahgah Road, Mosman, NSW"", ""station_name"": ""Evie Mosman"", ""status"": ""Operational"", ""usage_cost"": ""$0.40/kWh""}",2,2,5.067471907475692,coordinate exceeds 100m automatic threshold; another coordinate candidate is within 20m of the nearest,False,review,coordinate_500m,335.91966603118954,0.0,8241597113,,"{""access_condition"": ""Free Access"", ""accessibility"": ""Unknown"", ""allows_card_payment"": false, ""allows_reservation"": false, ""charger_capacities"": null, ""connector_types_normalized"": """", ""data_provider"": ""OpenStreetMap"", ""is_free"": false, ""latitude"": -33.8255622359159, ""longitude"": 151.241426853281, ""network"": """", ""number_of_plugs"": 2, ""number_of_plugs_quality"": ""valid"", ""number_of_plugs_raw"": 2, ""number_of_plugs_semantics"": ""OSM charge_points_count; values above 100 are withheld as suspicious"", ""opening_hours"": """", ""operator"": ""Evie Networks"", ""osm_last_updated"": ""2025-03-26"", ""plug_types"": """", ""power_kw_max"": null, ""power_kw_min"": null, ""power_kw_values"": [], ""pricing_info"": """", ""station_name"": """"}",2,2,3.10711100000907,coordinate exceeds 100m automatic threshold; another coordinate candidate is within 20m of the nearest,False,unmatched,unmatched,,,,,{},0,0,,,False,unmatched,unmatched,,,,,{},0,0,,,False,unmatched,unmatched,,,,,{},0,0,,,False,unmatched,review,,0,,0,OCM,OCM:191164,,,,,,,{},0,0,False,,,review_candidate,OCM: coordinate exceeds 100m automatic threshold; another coordinate candidate is within 20m of the nearest,yes,,no,,no,,no,OCM: coordinate exceeds 100m automatic threshold; another coordinate candidate is within 20m of the nearest,yes,pending,medium_review,pending,,,,,,,{},medium_review,,none,,,not_screened,No accepted external match or no review bound to the current external record.,https://openchargemap.org/site/poi/details/191164,,
TFNSW-0531,531,"405 Pacific Hwy, Sydney, 2064","405 Pacific Highway, Sydney NSW 2064",2064,2064,2064,False,529,,"405 Pacific Highway, Sydney NSW 2064",Chargefox,2,DC,50 kW,-33.81391396,151.1777027,Willoughby City Council,2064,Existing Fast Chargers,2064,False,unmatched,unmatched,,,,,{},0,0,,,False,review,coordinate_500m,488.5484740822566,0.0,11447868870,,"{""access_condition"": ""Free Access"", ""accessibility"": ""Unknown"", ""allows_card_payment"": false, ""allows_reservation"": false, ""charger_capacities"": 22.0, ""connector_types_normalized"": """", ""data_provider"": ""OpenStreetMap"", ""is_free"": false, ""latitude"": -33.8140860693669, ""longitude"": 151.172418644453, ""network"": ""Intellihub EV Street Side Charging Project"", ""number_of_plugs"": 1, ""number_of_plugs_quality"": ""valid"", ""number_of_plugs_raw"": 1, ""number_of_plugs_semantics"": ""OSM charge_points_count; values above 100 are withheld as suspicious"", ""opening_hours"": ""24/7"", ""operator"": ""Exploren"", ""osm_last_updated"": ""2024-09-11"", ""plug_types"": """", ""power_kw_max"": 22.0, ""power_kw_min"": null, ""power_kw_values"": [22.0], ""pricing_info"": """", ""station_name"": """"}",1,1,,coordinate exceeds 100m automatic threshold,False,unmatched,unmatched,,,,,{},0,0,,,False,review,coordinate_500m,291.5537267753507,0.24319727891156462,15d06bf5-6b4a-425d-9312-bae4b17cc22b-2401,"43 Hotham Parade, Artarmon, NSW 2064","{""charger_capacities"": 60.0, ""connector_types_normalized"": ""Type2"", ""data_provider"": ""Charge@Large"", ""dc_port_count"": 8, ""latitude"": -33.8149793, ""longitude"": 151.1805863, ""number_of_plugs"": 8, ""number_of_plugs_quality"": ""reported_from_dc_port_count"", ""number_of_plugs_semantics"": ""Charge@Large DC-indicated port count"", ""operator"": """", ""plug_types"": ""TYPE2"", ""power_kw_max"": 60.0, ""power_kw_min"": null, ""power_kw_values"": [60.0], ""station_address"": ""43 Hotham Parade, Artarmon, NSW 2064"", ""station_name"": ""Porsche Willoughby - Artarmon"", ""status_counts"": ""{\""Available\"": 8}"", ""total_port_count"": 8}",3,3,130.5220028319427,coordinate exceeds 100m automatic threshold,False,review,coordinate_500m,291.5537267753507,0.24319727891156462,15d06bf5-6b4a-425d-9312-bae4b17cc22b-2401,"43 Hotham Parade, Artarmon, NSW 2064","{""charger_capacities"": 60.0, ""connector_types_normalized"": ""Type2"", ""data_provider"": ""Charge@Large"", ""dc_port_count"": 8, ""latitude"": -33.8149793, ""longitude"": 151.1805863, ""number_of_plugs"": 8, ""number_of_plugs_quality"": ""reported_from_dc_port_count"", ""number_of_plugs_semantics"": ""Charge@Large DC-indicated port count"", ""operator"": """", ""plug_types"": ""TYPE2"", ""power_kw_max"": 60.0, ""power_kw_min"": null, ""power_kw_values"": [60.0], ""station_address"": ""43 Hotham Parade, Artarmon, NSW 2064"", ""station_name"": ""Porsche Willoughby - Artarmon"", ""status_counts"": ""{\""Available\"": 8}"", ""total_port_count"": 8}",1,1,,coordinate exceeds 100m automatic threshold,False,unmatched,review,,0,,0,Charge@Large,Charge@Large:15d06bf5-6b4a-425d-9312-bae4b17cc22b-2401,,,,,,,{},0,0,False,,,review_candidate,Charge@Large: coordinate exceeds 100m automatic threshold,yes,,no,,no,,no,Charge@Large: coordinate exceeds 100m automatic threshold,yes,pending,medium_review,pending,,,,,,,{},medium_review,,none,,,not_screened,No accepted external match or no review bound to the current external record.,,,https://chargeatlarge.app/
TFNSW-0593,593,"50 Bathurst St, Brewarrina, NSW 2839, Australia","50 Bathurst Street, Brewarrina NSW 2839",2390,2839,2390,True,591,,"50 Bathurst Street, Brewarrina NSW 2839",NRMA Electric,4,DC,75 kW,-30.3247856,149.784033,Brewarrina Shire Council,2839,TfNSW Regional,2390,True,unmatched,unmatched,,,,,{},0,0,,,True,review,coordinate_500m,32.23044425578564,0.0,12583296437,,"{""access_condition"": ""Free Access"", ""accessibility"": ""Unknown"", ""allows_card_payment"": false, ""allows_reservation"": false, ""charger_capacities"": null, ""connector_types_normalized"": ""CCS;CHAdeMO"", ""data_provider"": ""OpenStreetMap"", ""is_free"": false, ""latitude"": -30.3250256666283, ""longitude"": 149.783844820629, ""network"": """", ""number_of_plugs"": 4, ""number_of_plugs_quality"": ""valid"", ""number_of_plugs_raw"": 4, ""number_of_plugs_semantics"": ""OSM charge_points_count; values above 100 are withheld as suspicious"", ""opening_hours"": """", ""operator"": ""NRMA"", ""osm_last_updated"": ""2026-06-11"", ""plug_types"": ""CCS|CHAdeMO"", ""power_kw_max"": null, ""power_kw_min"": null, ""power_kw_values"": [], ""pricing_info"": """", ""station_name"": """"}",2,2,268.4231344779488,source address postcode 2839 conflicts with PCODE 2839,True,review,coordinate_500m,32.23044425578564,0.0,12583296437,,"{""access_condition"": ""Free Access"", ""accessibility"": ""Unknown"", ""allows_card_payment"": false, ""allows_reservation"": false, ""charger_capacities"": null, ""connector_types_normalized"": ""CCS;CHAdeMO"", ""data_provider"": ""OpenStreetMap"", ""is_free"": false, ""latitude"": -30.3250256666283, ""longitude"": 149.783844820629, ""network"": """", ""number_of_plugs"": 4, ""number_of_plugs_quality"": ""valid"", ""number_of_plugs_raw"": 4, ""number_of_plugs_semantics"": ""OSM charge_points_count; values above 100 are withheld as suspicious"", ""opening_hours"": """", ""operator"": ""NRMA"", ""osm_last_updated"": ""2026-06-11"", ""plug_types"": ""CCS|CHAdeMO"", ""power_kw_max"": null, ""power_kw_min"": null, ""power_kw_values"": [], ""pricing_info"": """", ""station_name"": """"}",2,2,268.4231344779488,source address postcode 2839 conflicts with PCODE 2839,True,review,coordinate_500m,323.1882872600499,0.3314814814814815,15d06bf5-6b4a-425d-9312-bae4b17cc22b-1726,"174 Maitland St, Narrabri, NSW 2390","{""charger_capacities"": 22.0, ""connector_types_normalized"": ""Type2"", ""data_provider"": ""Charge@Large"", ""dc_port_count"": 2, ""latitude"": -30.3224988, ""longitude"": 149.7819547, ""number_of_plugs"": 2, ""number_of_plugs_quality"": ""reported_from_dc_port_count"", ""number_of_plugs_semantics"": ""Charge@Large DC-indicated port count"", ""operator"": """", ""plug_types"": ""TYPE2"", ""power_kw_max"": 22.0, ""power_kw_min"": null, ""power_kw_values"": [22.0], ""station_address"": ""174 Maitland St, Narrabri, NSW 2390"", ""station_name"": ""Adelong Motel"", ""status_counts"": ""{\""Available\"": 1, \""OutOfService\"": 1}"", ""total_port_count"": 2}",2,2,54.77029725096514,source address postcode 2839 conflicts with PCODE 2839; external postcode 2390 conflicts with source PCODE 2839; coordinate exceeds 100m automatic threshold,True,unmatched,unmatched,,,,,{},0,0,,,True,unmatched,review,,0,,0,OSM,OSM:12583296437,,,,,,,{},0,0,False,,,review_candidate,OSM: source address postcode 2839 conflicts with PCODE 2839,yes,,no,,no,,no,OSM: source address postcode 2839 conflicts with PCODE 2839,yes,pending,medium_review,pending,,,,,,,{},medium_review,,none,,,not_screened,No accepted external match or no review bound to the current external record.,,https://www.openstreetmap.org/node/12583296437,
TFNSW-0650,650,"6 Castlereagh St Gilgandra, NSW 2827, Australia",6 Castlereagh Street Gilgandra NSW 2827,2832,2827,2832,True,648,,6 Castlereagh Street Gilgandra NSW 2827,NRMA Electric,4,DC,75 kW,-30.0205758,148.1181013,Gilgandra Shire Council,2827,TfNSW Regional,2832,True,review,coordinate_500m,202.60750580928922,0.2841614906832298,190683,"26 Neilly Street, Walgett, New South Wales, 2832","{""charger_capacities"": ""50 kW"", ""connector_types_normalized"": ""CCS;CHAdeMO"", ""data_provider"": ""Open Charge Map"", ""general_comments"": """", ""is_operational"": true, ""last_verified"": ""2021-12-17T04:13:00Z"", ""latitude"": -30.02045011043731, ""longitude"": 148.11600190575848, ""number_of_plugs"": 1.0, ""number_of_plugs_quality"": ""reported_or_derived_from_connection_quantity"", ""number_of_plugs_semantics"": ""OCM NumberOfPoints or positive connection Quantity"", ""operational_status"": ""operational"", ""operator"": ""NRMA"", ""plug_types"": ""CCS (Type 2); CHAdeMO"", ""power_kw_max"": 50.0, ""power_kw_min"": 50.0, ""power_kw_values"": [50.0], ""station_address"": ""26 Neilly Street, Walgett, New South Wales, 2832"", ""station_name"": ""Walgett [NRMA]"", ""status"": ""Operational"", ""usage_cost"": ""FREE""}",1,1,,source address postcode 2827 conflicts with PCODE 2827; external postcode 2832 conflicts with source PCODE 2827; coordinate exceeds 100m automatic threshold,True,review,coordinate_500m,35.44912313626508,0.0,9278741544,,"{""access_condition"": ""Free Access"", ""accessibility"": ""Unknown"", ""allows_card_payment"": false, ""allows_reservation"": false, ""charger_capacities"": null, ""connector_types_normalized"": ""CCS;CHAdeMO"", ""data_provider"": ""OpenStreetMap"", ""is_free"": false, ""latitude"": -30.0207154751338, ""longitude"": 148.117770322611, ""network"": """", ""number_of_plugs"": 1, ""number_of_plugs_quality"": ""valid"", ""number_of_plugs_raw"": 1, ""number_of_plugs_semantics"": ""OSM charge_points_count; values above 100 are withheld as suspicious"", ""opening_hours"": """", ""operator"": ""NRMA"", ""osm_last_updated"": ""2025-06-20"", ""plug_types"": ""CCS|CHAdeMO"", ""power_kw_max"": null, ""power_kw_min"": null, ""power_kw_values"": [], ""pricing_info"": """", ""station_name"": """"}",1,1,,source address postcode 2827 conflicts with PCODE 2827,True,review,coordinate_500m,35.44912313626508,0.0,9278741544,,"{""access_condition"": ""Free Access"", ""accessibility"": ""Unknown"", ""allows_card_payment"": false, ""allows_reservation"": false, ""charger_capacities"": null, ""connector_types_normalized"": ""CCS;CHAdeMO"", ""data_provider"": ""OpenStreetMap"", ""is_free"": false, ""latitude"": -30.0207154751338, ""longitude"": 148.117770322611, ""network"": """", ""number_of_plugs"": 1, ""number_of_plugs_quality"": ""valid"", ""number_of_plugs_raw"": 1, ""number_of_plugs_semantics"": ""OSM charge_points_count; values above 100 are withheld as suspicious"", ""opening_hours"": """", ""operator"": ""NRMA"", ""osm_last_updated"": ""2025-06-20"", ""plug_types"": ""CCS|CHAdeMO"", ""power_kw_max"": null, ""power_kw_min"": null, ""power_kw_values"": [], ""pricing_info"": """", ""station_name"": """"}",1,1,,source address postcode 2827 conflicts with PCODE 2827,True,unmatched,unmatched,,,,,{},0,0,,,True,unmatched,unmatched,,,,,{},0,0,,,True,unmatched,review,,0,,0,OCM;OSM,OCM:190683;OSM:9278741544,,,,,,,{},0,0,False,,,review_candidate,OCM: source address postcode 2827 conflicts with PCODE 2827; external postcode 2832 conflicts with source PCODE 2827; coordinate exceeds 100m automatic threshold; OSM: source address postcode 2827 conflicts with PCODE 2827,yes,,no,,no,,no,OCM: source address postcode 2827 conflicts with PCODE 2827; external postcode 2832 conflicts with source PCODE 2827; coordinate exceeds 100m automatic threshold; OSM: source address postcode 2827 conflicts with PCODE 2827,yes,pending,medium_review,pending,,,,,,,{},medium_review,,none,,,not_screened,No accepted external match or no review bound to the current external record.,https://openchargemap.org/site/poi/details/190683,https://www.openstreetmap.org/node/9278741544,
TFNSW-0697,697,"725 Pittwater Rd, Sydney, 2099","725 Pittwater Road, Sydney NSW 2099",2099,2099,2099,False,695,,"725 Pittwater Road, Sydney NSW 2099",JOLT,2,DC,25 kW,-33.7523594,151.2865606,Northern Beaches Council,2099,Existing Fast Chargers,2099,False,unmatched,unmatched,,,,,{},0,0,,,False,accepted,coordinate_500m,9.92288717917219,0.0,12565112258,,"{""access_condition"": ""Free Access"", ""accessibility"": ""Unknown"", ""allows_card_payment"": true, ""allows_reservation"": false, ""charger_capacities"": null, ""connector_types_normalized"": """", ""data_provider"": ""OpenStreetMap"", ""is_free"": false, ""latitude"": -33.7523425398388, ""longitude"": 151.286665996365, ""network"": ""Jolt"", ""number_of_plugs"": 1, ""number_of_plugs_quality"": ""valid"", ""number_of_plugs_raw"": 1, ""number_of_plugs_semantics"": ""OSM charge_points_count; values above 100 are withheld as suspicious"", ""opening_hours"": """", ""operator"": ""Jolt"", ""osm_last_updated"": ""2025-08-23"", ""plug_types"": """", ""power_kw_max"": null, ""power_kw_min"": null, ""power_kw_values"": [], ""pricing_info"": ""7 kW"", ""station_name"": ""Jolt Dee Why B-Line""}",3,3,120.55747045191328,,False,review,coordinate_500m,157.86899402268213,0.0,9491233549,,"{""access_condition"": ""Free Access"", ""accessibility"": ""Unknown"", ""allows_card_payment"": false, ""allows_reservation"": false, ""charger_capacities"": null, ""connector_types_normalized"": ""CHAdeMO"", ""data_provider"": ""OpenStreetMap"", ""is_free"": false, ""latitude"": -33.7537328461182, ""longitude"": 151.286993142046, ""network"": ""JOLT"", ""number_of_plugs"": 1, ""number_of_plugs_quality"": ""valid"", ""number_of_plugs_raw"": 1, ""number_of_plugs_semantics"": ""OSM charge_points_count; values above 100 are withheld as suspicious"", ""opening_hours"": ""24/7"", ""operator"": ""Jolt"", ""osm_last_updated"": ""2022-12-20"", ""plug_types"": ""CHAdeMO"", ""power_kw_max"": null, ""power_kw_min"": null, ""power_kw_values"": [], ""pricing_info"": """", ""station_name"": """"}",1,1,,coordinate exceeds 100m automatic threshold,False,review,coordinate_500m,230.03728263697215,0.20106382978723403,15d06bf5-6b4a-425d-9312-bae4b17cc22b-1060,"40 Kingsway, Dee Why, NSW 2099","{""charger_capacities"": 7.0, ""connector_types_normalized"": ""Type2"", ""data_provider"": ""Charge@Large"", ""dc_port_count"": 3, ""latitude"": -33.7503059, ""longitude"": 151.2862588, ""number_of_plugs"": 3, ""number_of_plugs_quality"": ""reported_from_dc_port_count"", ""number_of_plugs_semantics"": ""Charge@Large DC-indicated port count"", ""operator"": """", ""plug_types"": ""TYPE2"", ""power_kw_max"": 7.0, ""power_kw_min"": null, ""power_kw_values"": [7.0], ""station_address"": ""40 Kingsway, Dee Why, NSW 2099"", ""station_name"": ""PCYC - Northern Beaches Council"", ""status_counts"": ""{\""Available\"": 3}"", ""total_port_count"": 3}",1,1,,coordinate exceeds 100m automatic threshold,False,unmatched,unmatched,,,,,{},0,0,,,False,accepted,review,,0,,0,OSM,OSM:9491233549,,,,,,,{},0,0,False,,,review_candidate,OSM: coordinate exceeds 100m automatic threshold,yes,,no,,no,,no,OSM: coordinate exceeds 100m automatic threshold,yes,pending,medium_review,pending,,,,,,,{},medium_review,,none,,,not_screened,No accepted external match or no review bound to the current external record.,,https://www.openstreetmap.org/node/9491233549,
TFNSW-0700,700,"731-741 Military Rd, Sydney, 2088","731-741 Military Road, Sydney NSW 2088",2088,2088,2088,False,698,,"731-741 Military Road, Sydney NSW 2088",Chargefox,2,DC,47 kW,-33.82852457,151.2439029,Mosman Municipal Council,2088,Existing Fast Chargers,2088,False,review,coordinate_500m,300.1081111703517,0.3314285714285714,272686,"188 Raglan St, Mosman, New South Wales, 2088","{""charger_capacities"": ""50 kW"", ""connector_types_normalized"": ""CCS;CHAdeMO"", ""data_provider"": ""Open Charge Map"", ""general_comments"": """", ""is_operational"": true, ""last_verified"": ""2023-07-16T22:00:00Z"", ""latitude"": -33.83121718107124, ""longitude"": 151.24368057896396, ""number_of_plugs"": 1.0, ""number_of_plugs_quality"": ""reported_or_derived_from_connection_quantity"", ""number_of_plugs_semantics"": ""OCM NumberOfPoints or positive connection Quantity"", ""operational_status"": ""operational"", ""operator"": ""Evie"", ""plug_types"": ""CCS (Type 2); CHAdeMO"", ""power_kw_max"": 50.0, ""power_kw_min"": 50.0, ""power_kw_values"": [50.0], ""station_address"": ""188 Raglan St, Mosman, New South Wales, 2088"", ""station_name"": ""Raglan Street West"", ""status"": ""Operational"", ""usage_cost"": """"}",2,2,109.76547890090103,coordinate exceeds 100m automatic threshold,False,review,coordinate_500m,289.2578243619969,0.0,13149077271,,"{""access_condition"": ""Free Access"", ""accessibility"": ""Unknown"", ""allows_card_payment"": false, ""allows_reservation"": false, ""charger_capacities"": null, ""connector_types_normalized"": """", ""data_provider"": ""OpenStreetMap"", ""is_free"": false, ""latitude"": -33.8311185157106, ""longitude"": 151.243666665447, ""network"": """", ""number_of_plugs"": null, ""number_of_plugs_quality"": ""missing_or_suspicious"", ""number_of_plugs_raw"": null, ""number_of_plugs_semantics"": ""OSM charge_points_count; values above 100 are withheld as suspicious"", ""opening_hours"": """", ""operator"": """", ""osm_last_updated"": ""2025-09-17"", ""plug_types"": """", ""power_kw_max"": null, ""power_kw_min"": null, ""power_kw_values"": [], ""pricing_info"": """", ""station_name"": """"}",2,2,111.7580962549074,coordinate exceeds 100m automatic threshold,False,unmatched,unmatched,,,,,{},0,0,,,False,unmatched,unmatched,,,,,{},0,0,,,False,unmatched,unmatched,,,,,{},0,0,,,False,unmatched,review,,0,,0,OCM,OCM:272686,,,,,,,{},0,0,False,,,review_candidate,OCM: coordinate exceeds 100m automatic threshold,yes,,no,,no,,no,OCM: coordinate exceeds 100m automatic threshold,yes,pending,medium_review,pending,,,,,,,{},medium_review,,none,,,not_screened,No accepted external match or no review bound to the current external record.,https://openchargemap.org/site/poi/details/272686,,
TFNSW-0722,722,"8 Kosciuszko Rd, Jindabyne, 2627","8 Kosciuszko Road, Jindabyne NSW 2627",2627,2627,2627,False,720,,"8 Kosciuszko Road, Jindabyne NSW 2627",BP,4,DC,75 kW,-36.4147548,148.6177838,Snowy Monaro Regional Council,2627,Existing Fast Chargers,2627,False,review,coordinate_500m,219.41352219599796,0.3904377880184332,190861,"3 Snowy River Ave, Jindabyne, NSW, 2627","{""charger_capacities"": ""50 kW"", ""connector_types_normalized"": ""CCS;CHAdeMO"", ""data_provider"": ""Open Charge Map"", ""general_comments"": """", ""is_operational"": true, ""last_verified"": ""2026-07-15T01:28:00Z"", ""latitude"": -36.41589877494651, ""longitude"": 148.61978170531108, ""number_of_plugs"": 2.0, ""number_of_plugs_quality"": ""reported_or_derived_from_connection_quantity"", ""number_of_plugs_semantics"": ""OCM NumberOfPoints or positive connection Quantity"", ""operational_status"": ""operational"", ""operator"": ""NRMA"", ""plug_types"": ""CCS (Type 2); CHAdeMO"", ""power_kw_max"": 50.0, ""power_kw_min"": 50.0, ""power_kw_values"": [50.0], ""station_address"": ""3 Snowy River Ave, Jindabyne, NSW, 2627"", ""station_name"": ""Snowy River Ave Car Park"", ""status"": ""Operational"", ""usage_cost"": ""$0.64/kWh""}",1,1,,coordinate exceeds 100m automatic threshold,False,review,coordinate_500m,15.614648190891167,0.0,12398804433,,"{""access_condition"": ""Restricted Access"", ""accessibility"": ""Unknown"", ""allows_card_payment"": false, ""allows_reservation"": false, ""charger_capacities"": null, ""connector_types_normalized"": ""CCS;CHAdeMO"", ""data_provider"": ""OpenStreetMap"", ""is_free"": false, ""latitude"": -36.4146517437631, ""longitude"": 148.61766526768, ""network"": ""bp pulse"", ""number_of_plugs"": null, ""number_of_plugs_quality"": ""missing_or_suspicious"", ""number_of_plugs_raw"": null, ""number_of_plugs_semantics"": ""OSM charge_points_count; values above 100 are withheld as suspicious"", ""opening_hours"": """", ""operator"": ""bp pulse"", ""osm_last_updated"": ""2026-08-19"", ""plug_types"": ""CCS|CHAdeMO"", ""power_kw_max"": null, ""power_kw_min"": null, ""power_kw_values"": [], ""pricing_info"": """", ""station_name"": """"}",4,4,2.3938446233808506,another coordinate candidate is within 20m of the nearest,False,review,coordinate_500m,15.614648190891167,0.0,12398804433,,"{""access_condition"": ""Restricted Access"", ""accessibility"": ""Unknown"", ""allows_card_payment"": false, ""allows_reservation"": false, ""charger_capacities"": null, ""connector_types_normalized"": ""CCS;CHAdeMO"", ""data_provider"": ""OpenStreetMap"", ""is_free"": false, ""latitude"": -36.4146517437631, ""longitude"": 148.61766526768, ""network"": ""bp pulse"", ""number_of_plugs"": null, ""number_of_plugs_quality"": ""missing_or_suspicious"", ""number_of_plugs_raw"": null, ""number_of_plugs_semantics"": ""OSM charge_points_count; values above 100 are withheld as suspicious"", ""opening_hours"": """", ""operator"": ""bp pulse"", ""osm_last_updated"": ""2026-08-19"", ""plug_types"": ""CCS|CHAdeMO"", ""power_kw_max"": null, ""power_kw_min"": null, ""power_kw_values"": [], ""pricing_info"": """", ""station_name"": """"}",3,3,2.3938446233808506,another coordinate candidate is within 20m of the nearest,False,unmatched,unmatched,,,,,{},0,0,,,False,unmatched,unmatched,,,,,{},0,0,,,False,unmatched,review,,0,,0,OCM;OSM,OCM:190861;OSM:12398804433,,,,,,,{},0,0,False,,,review_candidate,OCM: coordinate exceeds 100m automatic threshold; OSM: another coordinate candidate is within 20m of the nearest,yes,,no,,no,,no,OCM: coordinate exceeds 100m automatic threshold; OSM: another coordinate candidate is within 20m of the nearest,yes,pending,medium_review,pending,,,,,,,{},medium_review,,none,,,not_screened,No accepted external match or no review bound to the current external record.,https://openchargemap.org/site/poi/details/190861,https://www.openstreetmap.org/node/12398804433,
TFNSW-0727,727,"8/24 Cross St, Wagga Wagga, NSW 2650","8/24 Cross Street, Wagga Wagga NSW 2650",2827,2650,2827,True,725,,"8/24 Cross Street, Wagga Wagga NSW 2650",NRMA Electric,2,DC,50 kW,-31.7223908,148.6571378,Wagga Wagga City Council,2650,TfNSW Regional,2827,True,unmatched,unmatched,,,,,{},0,0,,,True,review,coordinate_500m,152.66050167103958,0.0,1513958639,,"{""access_condition"": ""Free Access"", ""accessibility"": ""Unknown"", ""allows_card_payment"": false, ""allows_reservation"": false, ""charger_capacities"": null, ""connector_types_normalized"": ""CCS;CHAdeMO"", ""data_provider"": ""OpenStreetMap"", ""is_free"": false, ""latitude"": -31.7210638860231, ""longitude"": 148.656723522762, ""network"": """", ""number_of_plugs"": 2, ""number_of_plugs_quality"": ""valid"", ""number_of_plugs_raw"": 2, ""number_of_plugs_semantics"": ""OSM charge_points_count; values above 100 are withheld as suspicious"", ""opening_hours"": """", ""operator"": ""NRMA"", ""osm_last_updated"": ""2026-05-15"", ""plug_types"": ""CCS|CHAdeMO"", ""power_kw_max"": null, ""power_kw_min"": null, ""power_kw_values"": [], ""pricing_info"": """", ""station_name"": """"}",1,1,,source address postcode 2650 conflicts with PCODE 2650; coordinate exceeds 100m automatic threshold,True,review,coordinate_500m,152.66050167103958,0.0,1513958639,,"{""access_condition"": ""Free Access"", ""accessibility"": ""Unknown"", ""allows_card_payment"": false, ""allows_reservation"": false, ""charger_capacities"": null, ""connector_types_normalized"": ""CCS;CHAdeMO"", ""data_provider"": ""OpenStreetMap"", ""is_free"": false, ""latitude"": -31.7210638860231, ""longitude"": 148.656723522762, ""network"": """", ""number_of_plugs"": 2, ""number_of_plugs_quality"": ""valid"", ""number_of_plugs_raw"": 2, ""number_of_plugs_semantics"": ""OSM charge_points_count; values above 100 are withheld as suspicious"", ""opening_hours"": """", ""operator"": ""NRMA"", ""osm_last_updated"": ""2026-05-15"", ""plug_types"": ""CCS|CHAdeMO"", ""power_kw_max"": null, ""power_kw_min"": null, ""power_kw_values"": [], ""pricing_info"": """", ""station_name"": """"}",1,1,,source address postcode 2650 conflicts with PCODE 2650; coordinate exceeds 100m automatic threshold,True,unmatched,unmatched,,,,,{},0,0,,,True,unmatched,unmatched,,,,,{},0,0,,,True,unmatched,review,,0,,0,OSM,OSM:1513958639,,,,,,,{},0,0,False,,,review_candidate,OSM: source address postcode 2650 conflicts with PCODE 2650; coordinate exceeds 100m automatic threshold,yes,,no,,no,,no,OSM: source address postcode 2650 conflicts with PCODE 2650; coordinate exceeds 100m automatic threshold,yes,pending,medium_review,pending,,,,,,,{},medium_review,,none,,,not_screened,No accepted external match or no review bound to the current external record.,,https://www.openstreetmap.org/node/1513958639,
TFNSW-0731,731,"81 Meehan St, Yass NSW 2582, Australia","81 Meehan Street, Yass NSW 2582",2500,2582,2500,True,729,,"81 Meehan Street, Yass NSW 2582",NRMA Electric,2,DC,50 kW,-34.428348,150.9001506,Yass Valley Council,2582,TfNSW Regional,2500,True,review,coordinate_500m,8.32453840703528,0.3757481940144479,191177,"17 Stewart Street, Wollongong, NSW, 2500","{""charger_capacities"": ""150 kW; 50 kW; 75 kW"", ""connector_types_normalized"": ""CCS;CHAdeMO"", ""data_provider"": ""Open Charge Map"", ""general_comments"": """", ""is_operational"": true, ""last_verified"": ""2023-02-20T17:51:00Z"", ""latitude"": -34.42839437417402, ""longitude"": 150.9002218527666, ""number_of_plugs"": 2.0, ""number_of_plugs_quality"": ""reported_or_derived_from_connection_quantity"", ""number_of_plugs_semantics"": ""OCM NumberOfPoints or positive connection Quantity"", ""operational_status"": ""operational"", ""operator"": ""NRMA"", ""plug_types"": ""CCS (Type 2); CHAdeMO"", ""power_kw_max"": 150.0, ""power_kw_min"": 50.0, ""power_kw_values"": [50.0, 75.0, 150.0], ""station_address"": ""17 Stewart Street, Wollongong, NSW, 2500"", ""station_name"": ""Stewart Street Carpark [NRMA]"", ""status"": ""Operational"", ""usage_cost"": ""FREE""}",2,1,,source address postcode 2582 conflicts with PCODE 2582; external postcode 2500 conflicts with source PCODE 2582,True,unmatched,unmatched,,,,,{},0,0,,,True,unmatched,unmatched,,,,,{},0,0,,,True,review,coordinate_500m,168.19715850267724,0.2924485125858124,15d06bf5-6b4a-425d-9312-bae4b17cc22b-905,"41 Burelli St, Wollongong, NSW 2500","{""charger_capacities"": 22.0, ""connector_types_normalized"": ""Type2"", ""data_provider"": ""Charge@Large"", ""dc_port_count"": 3, ""latitude"": -34.4274805, ""longitude"": 150.8986483, ""number_of_plugs"": 3, ""number_of_plugs_quality"": ""reported_from_dc_port_count"", ""number_of_plugs_semantics"": ""Charge@Large DC-indicated port count"", ""operator"": """", ""plug_types"": ""TYPE2"", ""power_kw_max"": 22.0, ""power_kw_min"": null, ""power_kw_values"": [22.0], ""station_address"": ""41 Burelli St, Wollongong, NSW 2500"", ""station_name"": ""Wollongong Council - Administration Building"", ""status_counts"": ""{\""Missing\"": 3}"", ""total_port_count"": 3}",2,2,266.0615768219027,source address postcode 2582 conflicts with PCODE 2582; external postcode 2500 conflicts with source PCODE 2582; coordinate exceeds 100m automatic threshold,True,unmatched,unmatched,,,,,{},0,0,,,True,unmatched,review,,0,,0,OCM,OCM:191177,,,,,,,{},0,0,False,,,review_candidate,OCM: source address postcode 2582 conflicts with PCODE 2582; external postcode 2500 conflicts with source PCODE 2582,yes,,no,,no,,no,OCM: source address postcode 2582 conflicts with PCODE 2582; external postcode 2500 conflicts with source PCODE 2582,yes,pending,medium_review,pending,,,,,,,{},medium_review,,none,,,not_screened,No accepted external match or no review bound to the current external record.,https://openchargemap.org/site/poi/details/191177,,
TFNSW-0736,736,"82 Marsh St, Armidale, NSW 2350, Australia","82 Marsh Street, Armidale NSW 2350",2666,2350,2666,True,734,,"82 Marsh Street, Armidale NSW 2350",NRMA Electric,2,DC,50 kW,-34.4476103,147.5348555,Armidale Regional Council,2350,TfNSW Regional,2666,True,review,coordinate_500m,180.96852803711062,0.2426666666666667,190668,"Little Hoskins Street, Temora, New South Wales, 2666","{""charger_capacities"": ""50 kW"", ""connector_types_normalized"": ""CCS"", ""data_provider"": ""Open Charge Map"", ""general_comments"": """", ""is_operational"": true, ""last_verified"": ""2026-07-15T02:08:00Z"", ""latitude"": -34.44602848720433, ""longitude"": 147.534391219815, ""number_of_plugs"": 2.0, ""number_of_plugs_quality"": ""reported_or_derived_from_connection_quantity"", ""number_of_plugs_semantics"": ""OCM NumberOfPoints or positive connection Quantity"", ""operational_status"": ""operational"", ""operator"": ""NRMA"", ""plug_types"": ""CCS (Type 2)"", ""power_kw_max"": 50.0, ""power_kw_min"": 50.0, ""power_kw_values"": [50.0], ""station_address"": ""Little Hoskins Street, Temora, New South Wales, 2666"", ""station_name"": ""Temora Council Chambers"", ""status"": ""Operational"", ""usage_cost"": ""$0.74/kWh""}",2,1,,source address postcode 2350 conflicts with PCODE 2350; external postcode 2666 conflicts with source PCODE 2350; coordinate exceeds 100m automatic threshold,True,review,coordinate_500m,149.7793953691669,0.0,10772401236,,"{""access_condition"": ""Free Access"", ""accessibility"": ""Unknown"", ""allows_card_payment"": false, ""allows_reservation"": false, ""charger_capacities"": null, ""connector_types_normalized"": ""CCS"", ""data_provider"": ""OpenStreetMap"", ""is_free"": false, ""latitude"": -34.4463073771213, ""longitude"": 147.534441075163, ""network"": """", ""number_of_plugs"": 2, ""number_of_plugs_quality"": ""valid"", ""number_of_plugs_raw"": 2, ""number_of_plugs_semantics"": ""OSM charge_points_count; values above 100 are withheld as suspicious"", ""opening_hours"": """", ""operator"": ""NRMA"", ""osm_last_updated"": ""2026-06-11"", ""plug_types"": ""CCS"", ""power_kw_max"": null, ""power_kw_min"": null, ""power_kw_values"": [], ""pricing_info"": """", ""station_name"": """"}",1,1,,source address postcode 2350 conflicts with PCODE 2350; coordinate exceeds 100m automatic threshold,True,review,coordinate_500m,149.7793953691669,0.0,10772401236,,"{""access_condition"": ""Free Access"", ""accessibility"": ""Unknown"", ""allows_card_payment"": false, ""allows_reservation"": false, ""charger_capacities"": null, ""connector_types_normalized"": ""CCS"", ""data_provider"": ""OpenStreetMap"", ""is_free"": false, ""latitude"": -34.4463073771213, ""longitude"": 147.534441075163, ""network"": """", ""number_of_plugs"": 2, ""number_of_plugs_quality"": ""valid"", ""number_of_plugs_raw"": 2, ""number_of_plugs_semantics"": ""OSM charge_points_count; values above 100 are withheld as suspicious"", ""opening_hours"": """", ""operator"": ""NRMA"", ""osm_last_updated"": ""2026-06-11"", ""plug_types"": ""CCS"", ""power_kw_max"": null, ""power_kw_min"": null, ""power_kw_values"": [], ""pricing_info"": """", ""station_name"": """"}",1,1,,source address postcode 2350 conflicts with PCODE 2350; coordinate exceeds 100m automatic threshold,True,review,coordinate_500m,198.78776462811504,0.323109243697479,ac6d79e9-3d3d-4a6b-a3b2-99a06fe51e25-232,"91 Loftus Street, Temora NSW, Australia, 2666, Temora, NSW 2666","{""charger_capacities"": 22.0, ""connector_types_normalized"": ""Type2"", ""data_provider"": ""Charge@Large"", ""dc_port_count"": 2, ""latitude"": -34.44703, ""longitude"": 147.532805, ""number_of_plugs"": 2, ""number_of_plugs_quality"": ""reported_from_dc_port_count"", ""number_of_plugs_semantics"": ""Charge@Large DC-indicated port count"", ""operator"": """", ""plug_types"": ""TYPE2"", ""power_kw_max"": 22.0, ""power_kw_min"": null, ""power_kw_values"": [22.0], ""station_address"": ""91 Loftus Street, Temora NSW, Australia, 2666, Temora, NSW 2666"", ""station_name"": ""91 Loftus St-Temora"", ""status_counts"": ""{\""Available\"": 2}"", ""total_port_count"": 2}",2,1,,source address postcode 2350 conflicts with PCODE 2350; external postcode 2666 conflicts with source PCODE 2350; coordinate exceeds 100m automatic threshold,True,unmatched,unmatched,,,,,{},0,0,,,True,unmatched,review,,0,,0,OCM;OSM,OCM:190668;OSM:10772401236,,,,,,,{},0,0,False,,,review_candidate,OCM: source address postcode 2350 conflicts with PCODE 2350; external postcode 2666 conflicts with source PCODE 2350; coordinate exceeds 100m automatic threshold; OSM: source address postcode 2350 conflicts with PCODE 2350; coordinate exceeds 100m automatic threshold,yes,,no,,no,,no,OCM: source address postcode 2350 conflicts with PCODE 2350; external postcode 2666 conflicts with source PCODE 2350; coordinate exceeds 100m automatic threshold; OSM: source address postcode 2350 conflicts with PCODE 2350; coordinate exceeds 100m automatic threshold,yes,pending,medium_review,pending,,,,,,,{},medium_review,,none,,,not_screened,No accepted external match or no review bound to the current external record.,https://openchargemap.org/site/poi/details/190668,https://www.openstreetmap.org/node/10772401236,
TFNSW-0749,749,"87-91 Roberts Rd Cnr Moondo St, Greenacre, NSW, 2190","87-91 Roberts Road Cnr Moondo Street, Greenacre NSW 2190",2190,2190,2190,False,747,,"87-91 Roberts Road Cnr Moondo Street, Greenacre NSW 2190",Ampol,2,DC,125 kW,-33.9047231,151.0645884,Strathfield Municipal Council,2190,ARENA - Driving the Nation,2190,False,unmatched,unmatched,,,,,{},0,0,,,False,accepted,coordinate_500m,2.971334725930099,0.0,11079299253,,"{""access_condition"": ""Free Access"", ""accessibility"": ""Unknown"", ""allows_card_payment"": false, ""allows_reservation"": false, ""charger_capacities"": null, ""connector_types_normalized"": """", ""data_provider"": ""OpenStreetMap"", ""is_free"": false, ""latitude"": -33.9047467457484, ""longitude"": 151.064603397399, ""network"": """", ""number_of_plugs"": 2, ""number_of_plugs_quality"": ""valid"", ""number_of_plugs_raw"": 2, ""number_of_plugs_semantics"": ""OSM charge_points_count; values above 100 are withheld as suspicious"", ""opening_hours"": """", ""operator"": ""AmpCharge"", ""osm_last_updated"": ""2023-07-31"", ""plug_types"": """", ""power_kw_max"": null, ""power_kw_min"": null, ""power_kw_values"": [], ""pricing_info"": """", ""station_name"": """"}",1,1,,,False,unmatched,unmatched,,,,,{},0,0,,,False,review,coordinate_500m,311.20001899336705,0.8294117647058824,15d06bf5-6b4a-425d-9312-bae4b17cc22b-1862,"67 Roberts Rd, Greenacre, NSW 2190","{""charger_capacities"": 120.0, ""connector_types_normalized"": ""CCS"", ""data_provider"": ""Charge@Large"", ""dc_port_count"": 2, ""latitude"": -33.9020478, ""longitude"": 151.0655786, ""number_of_plugs"": 2, ""number_of_plugs_quality"": ""reported_from_dc_port_count"", ""number_of_plugs_semantics"": ""Charge@Large DC-indicated port count"", ""operator"": """", ""plug_types"": ""CCS2"", ""power_kw_max"": 120.0, ""power_kw_min"": null, ""power_kw_values"": [120.0], ""station_address"": ""67 Roberts Rd, Greenacre, NSW 2190"", ""station_name"": ""Bunnings Greenacre"", ""status_counts"": ""{\""Available\"": 2}"", ""total_port_count"": 2}",1,1,,coordinate exceeds 100m automatic threshold,False,review,coordinate_500m,311.20001899336705,0.8294117647058824,15d06bf5-6b4a-425d-9312-bae4b17cc22b-1862,"67 Roberts Rd, Greenacre, NSW 2190","{""charger_capacities"": 120.0, ""connector_types_normalized"": ""CCS"", ""data_provider"": ""Charge@Large"", ""dc_port_count"": 2, ""latitude"": -33.9020478, ""longitude"": 151.0655786, ""number_of_plugs"": 2, ""number_of_plugs_quality"": ""reported_from_dc_port_count"", ""number_of_plugs_semantics"": ""Charge@Large DC-indicated port count"", ""operator"": """", ""plug_types"": ""CCS2"", ""power_kw_max"": 120.0, ""power_kw_min"": null, ""power_kw_values"": [120.0], ""station_address"": ""67 Roberts Rd, Greenacre, NSW 2190"", ""station_name"": ""Bunnings Greenacre"", ""status_counts"": ""{\""Available\"": 2}"", ""total_port_count"": 2}",1,1,,coordinate exceeds 100m automatic threshold,False,accepted,review,,0,,0,Charge@Large,Charge@Large:15d06bf5-6b4a-425d-9312-bae4b17cc22b-1862,,,,,,,{},0,0,False,,,review_candidate,Charge@Large: coordinate exceeds 100m automatic threshold,yes,,no,,no,,no,Charge@Large: coordinate exceeds 100m automatic threshold,yes,pending,medium_review,pending,,,,,,,{},medium_review,,none,,,not_screened,No accepted external match or no review bound to the current external record.,,,https://chargeatlarge.app/
TFNSW-0755,755,"88-90 Houston Rd, Sydney, 2032","88-90 Houston Road, Sydney NSW 2032",2032,2032,2032,False,753,,"88-90 Houston Road, Sydney NSW 2032",Evie Networks,2,DC,50 kW,-33.92407212,151.2266947,Randwick City Council,2032,Existing Fast Chargers,2032,False,unmatched,unmatched,,,,,{},0,0,,,False,review,coordinate_500m,480.08361704972543,0.0,13206142331,,"{""access_condition"": ""Free Access"", ""accessibility"": ""Unknown"", ""allows_card_payment"": false, ""allows_reservation"": false, ""charger_capacities"": null, ""connector_types_normalized"": ""CCS"", ""data_provider"": ""OpenStreetMap"", ""is_free"": false, ""latitude"": -33.9197629252837, ""longitude"": 151.227017188259, ""network"": ""bp pulse"", ""number_of_plugs"": 2, ""number_of_plugs_quality"": ""valid"", ""number_of_plugs_raw"": 2, ""number_of_plugs_semantics"": ""OSM charge_points_count; values above 100 are withheld as suspicious"", ""opening_hours"": """", ""operator"": ""bp pulse"", ""osm_last_updated"": ""2025-10-10"", ""plug_types"": ""CCS"", ""power_kw_max"": null, ""power_kw_min"": null, ""power_kw_values"": [], ""pricing_info"": """", ""station_name"": """"}",1,1,,coordinate exceeds 100m automatic threshold,False,review,coordinate_500m,480.08361704972543,0.0,13206142331,,"{""access_condition"": ""Free Access"", ""accessibility"": ""Unknown"", ""allows_card_payment"": false, ""allows_reservation"": false, ""charger_capacities"": null, ""connector_types_normalized"": ""CCS"", ""data_provider"": ""OpenStreetMap"", ""is_free"": false, ""latitude"": -33.9197629252837, ""longitude"": 151.227017188259, ""network"": ""bp pulse"", ""number_of_plugs"": 2, ""number_of_plugs_quality"": ""valid"", ""number_of_plugs_raw"": 2, ""number_of_plugs_semantics"": ""OSM charge_points_count; values above 100 are withheld as suspicious"", ""opening_hours"": """", ""operator"": ""bp pulse"", ""osm_last_updated"": ""2025-10-10"", ""plug_types"": ""CCS"", ""power_kw_max"": null, ""power_kw_min"": null, ""power_kw_values"": [], ""pricing_info"": """", ""station_name"": """"}",1,1,,coordinate exceeds 100m automatic threshold,False,review,coordinate_500m,221.81926643748238,0.5928571428571429,15d06bf5-6b4a-425d-9312-bae4b17cc22b-872,"45-49 Harbourne Rd, Kingsford, NSW 2032","{""charger_capacities"": 22.0, ""connector_types_normalized"": ""Type2"", ""data_provider"": ""Charge@Large"", ""dc_port_count"": 1, ""latitude"": -33.9231777, ""longitude"": 151.2288436, ""number_of_plugs"": 1, ""number_of_plugs_quality"": ""reported_from_dc_port_count"", ""number_of_plugs_semantics"": ""Charge@Large DC-indicated port count"", ""operator"": """", ""plug_types"": ""TYPE2"", ""power_kw_max"": 22.0, ""power_kw_min"": null, ""power_kw_values"": [22.0], ""station_address"": ""45-49 Harbourne Rd, Kingsford, NSW 2032"", ""station_name"": ""Intellihub - Harbourne Road, Kingsford"", ""status_counts"": ""{\""Available\"": 1}"", ""total_port_count"": 1}",2,2,53.68062032717796,coordinate exceeds 100m automatic threshold,False,unmatched,unmatched,,,,,{},0,0,,,False,unmatched,review,,0,,0,OSM,OSM:13206142331,,,,,,,{},0,0,False,,,review_candidate,OSM: coordinate exceeds 100m automatic threshold,yes,,no,,no,,no,OSM: coordinate exceeds 100m automatic threshold,yes,pending,medium_review,pending,,,,,,,{},medium_review,,none,,,not_screened,No accepted external match or no review bound to the current external record.,,https://www.openstreetmap.org/node/13206142331,
TFNSW-0756,756,"89 Barwan St, Narrabri, NSW 2390, Australia,","89 Barwan Street, Narrabri NSW 2390",2372,2390,2372,True,754,,"89 Barwan Street, Narrabri NSW 2390",NRMA Electric,4,DC,50 kW,-29.0572067,152.0186837,Narrabri Shire Council,2390,TfNSW Regional,2372,True,review,coordinate_500m,165.88117518948525,0.49389567147613767,312274,"1 Crown St, Tenterfield, NSW, 2372","{""charger_capacities"": ""250 kW"", ""connector_types_normalized"": ""CCS"", ""data_provider"": ""Open Charge Map"", ""general_comments"": """", ""is_operational"": true, ""last_verified"": ""2025-05-07T05:24:00Z"", ""latitude"": -29.05609836727929, ""longitude"": 152.0175413889591, ""number_of_plugs"": 3.0, ""number_of_plugs_quality"": ""reported_or_derived_from_connection_quantity"", ""number_of_plugs_semantics"": ""OCM NumberOfPoints or positive connection Quantity"", ""operational_status"": ""operational"", ""operator"": ""Tesla (including non-tesla)"", ""plug_types"": ""CCS (Type 2)"", ""power_kw_max"": 250.0, ""power_kw_min"": 250.0, ""power_kw_values"": [250.0], ""station_address"": ""1 Crown St, Tenterfield, NSW, 2372"", ""station_name"": ""Tesla Supercharger - Coles Tenterfield"", ""status"": ""Operational"", ""usage_cost"": ""$0.69/kWh""}",1,1,,source address postcode 2390 conflicts with PCODE 2390; external postcode 2372 conflicts with source PCODE 2390; coordinate exceeds 100m automatic threshold,True,review,coordinate_500m,28.094465520418044,0.0,8209129030,,"{""access_condition"": ""Free Access"", ""accessibility"": ""Unknown"", ""allows_card_payment"": false, ""allows_reservation"": false, ""charger_capacities"": null, ""connector_types_normalized"": """", ""data_provider"": ""OpenStreetMap"", ""is_free"": false, ""latitude"": -29.0573208144042, ""longitude"": 152.018941579387, ""network"": """", ""number_of_plugs"": null, ""number_of_plugs_quality"": ""missing_or_suspicious"", ""number_of_plugs_raw"": null, ""number_of_plugs_semantics"": ""OSM charge_points_count; values above 100 are withheld as suspicious"", ""opening_hours"": """", ""operator"": ""NRMA"", ""osm_last_updated"": ""2025-06-01"", ""plug_types"": """", ""power_kw_max"": null, ""power_kw_min"": null, ""power_kw_values"": [], ""pricing_info"": """", ""station_name"": """"}",2,2,136.69661796328427,source address postcode 2390 conflicts with PCODE 2390,True,review,coordinate_500m,164.79108348370232,0.0,10258355351,,"{""access_condition"": ""Free Access"", ""accessibility"": ""Unknown"", ""allows_card_payment"": false, ""allows_reservation"": false, ""charger_capacities"": null, ""connector_types_normalized"": ""CCS"", ""data_provider"": ""OpenStreetMap"", ""is_free"": false, ""latitude"": -29.0560795383632, ""longitude"": 152.017582956702, ""network"": ""Supercharger"", ""number_of_plugs"": 4, ""number_of_plugs_quality"": ""valid"", ""number_of_plugs_raw"": 4, ""number_of_plugs_semantics"": ""OSM charge_points_count; values above 100 are withheld as suspicious"", ""opening_hours"": ""24/7"", ""operator"": ""Tesla"", ""osm_last_updated"": ""2026-03-29"", ""plug_types"": ""CCS"", ""power_kw_max"": null, ""power_kw_min"": null, ""power_kw_values"": [], ""pricing_info"": """", ""station_name"": ""Tesla Supercharger""}",1,1,,source address postcode 2390 conflicts with PCODE 2390; coordinate exceeds 100m automatic threshold,True,review,fuzzy_address_only,257839.1417549914,0.8617021276595745,393dc550-5791-46d3-a359-20e9e5b406b3-641010f3a41369b96184b991,"65 Barwan Street,, Narrabri, NSW 2390","{""charger_capacities"": 22.0, ""connector_types_normalized"": ""Type2"", ""data_provider"": ""Charge@Large"", ""dc_port_count"": 1, ""latitude"": -30.327859, ""longitude"": 149.785715, ""number_of_plugs"": 1, ""number_of_plugs_quality"": ""reported_from_dc_port_count"", ""number_of_plugs_semantics"": ""Charge@Large DC-indicated port count"", ""operator"": """", ""plug_types"": ""TYPE2"", ""power_kw_max"": 22.0, ""power_kw_min"": null, ""power_kw_values"": [22.0], ""station_address"": ""65 Barwan Street,, Narrabri, NSW 2390"", ""station_name"": ""Aperture Digital"", ""status_counts"": ""{\""Available\"": 1}"", ""total_port_count"": 1}",1,0,,source address postcode 2390 conflicts with PCODE 2390; fuzzy address only; coordinate exceeds 500m,True,unmatched,unmatched,,,,,{},0,0,,,True,unmatched,review,,0,,0,OCM;OSM,OCM:312274;OSM:10258355351,,,,,,,{},0,0,False,,,review_candidate,OCM: source address postcode 2390 conflicts with PCODE 2390; external postcode 2372 conflicts with source PCODE 2390; coordinate exceeds 100m automatic threshold; OSM: source address postcode 2390 conflicts with PCODE 2390; coordinate exceeds 100m automatic threshold,yes,,no,,no,,no,OCM: source address postcode 2390 conflicts with PCODE 2390; external postcode 2372 conflicts with source PCODE 2390; coordinate exceeds 100m automatic threshold; OSM: source address postcode 2390 conflicts with PCODE 2390; coordinate exceeds 100m automatic threshold,yes,pending,medium_review,pending,,,,,,,{},medium_review,,none,,,not_screened,No accepted external match or no review bound to the current external record.,https://openchargemap.org/site/poi/details/312274,https://www.openstreetmap.org/node/10258355351,
TFNSW-0776,776,"92 Houston Rd
Kingsford NSW 2032
Australia","92 Houston Road, Kingsford NSW 2032",2032,2032,2032,False,774,,"92 Houston Road, Kingsford NSW 2032",Evie Networks,2,DC,50 kW,-33.9242319,151.2266791,Randwick City Council,2032,Kerbside Charging R1,2032,False,unmatched,unmatched,,,,,{},0,0,,,False,review,coordinate_500m,497.9055094934751,0.0,13206142331,,"{""access_condition"": ""Free Access"", ""accessibility"": ""Unknown"", ""allows_card_payment"": false, ""allows_reservation"": false, ""charger_capacities"": null, ""connector_types_normalized"": ""CCS"", ""data_provider"": ""OpenStreetMap"", ""is_free"": false, ""latitude"": -33.9197629252837, ""longitude"": 151.227017188259, ""network"": ""bp pulse"", ""number_of_plugs"": 2, ""number_of_plugs_quality"": ""valid"", ""number_of_plugs_raw"": 2, ""number_of_plugs_semantics"": ""OSM charge_points_count; values above 100 are withheld as suspicious"", ""opening_hours"": """", ""operator"": ""bp pulse"", ""osm_last_updated"": ""2025-10-10"", ""plug_types"": ""CCS"", ""power_kw_max"": null, ""power_kw_min"": null, ""power_kw_values"": [], ""pricing_info"": """", ""station_name"": """"}",1,1,,coordinate exceeds 100m automatic threshold,False,review,coordinate_500m,497.9055094934751,0.0,13206142331,,"{""access_condition"": ""Free Access"", ""accessibility"": ""Unknown"", ""allows_card_payment"": false, ""allows_reservation"": false, ""charger_capacities"": null, ""connector_types_normalized"": ""CCS"", ""data_provider"": ""OpenStreetMap"", ""is_free"": false, ""latitude"": -33.9197629252837, ""longitude"": 151.227017188259, ""network"": ""bp pulse"", ""number_of_plugs"": 2, ""number_of_plugs_quality"": ""valid"", ""number_of_plugs_raw"": 2, ""number_of_plugs_semantics"": ""OSM charge_points_count; values above 100 are withheld as suspicious"", ""opening_hours"": """", ""operator"": ""bp pulse"", ""osm_last_updated"": ""2025-10-10"", ""plug_types"": ""CCS"", ""power_kw_max"": null, ""power_kw_min"": null, ""power_kw_values"": [], ""pricing_info"": """", ""station_name"": """"}",1,1,,coordinate exceeds 100m automatic threshold,False,review,coordinate_500m,231.57331232159547,0.6357142857142858,15d06bf5-6b4a-425d-9312-bae4b17cc22b-872,"45-49 Harbourne Rd, Kingsford, NSW 2032","{""charger_capacities"": 22.0, ""connector_types_normalized"": ""Type2"", ""data_provider"": ""Charge@Large"", ""dc_port_count"": 1, ""latitude"": -33.9231777, ""longitude"": 151.2288436, ""number_of_plugs"": 1, ""number_of_plugs_quality"": ""reported_from_dc_port_count"", ""number_of_plugs_semantics"": ""Charge@Large DC-indicated port count"", ""operator"": """", ""plug_types"": ""TYPE2"", ""power_kw_max"": 22.0, ""power_kw_min"": null, ""power_kw_values"": [22.0], ""station_address"": ""45-49 Harbourne Rd, Kingsford, NSW 2032"", ""station_name"": ""Intellihub - Harbourne Road, Kingsford"", ""status_counts"": ""{\""Available\"": 1}"", ""total_port_count"": 1}",2,2,57.50261217573822,coordinate exceeds 100m automatic threshold,False,unmatched,unmatched,,,,,{},0,0,,,False,unmatched,review,,0,,0,OSM,OSM:13206142331,,,,,,,{},0,0,False,,,review_candidate,OSM: coordinate exceeds 100m automatic threshold,yes,,no,,no,,no,OSM: coordinate exceeds 100m automatic threshold,yes,pending,medium_review,pending,,,,,,,{},medium_review,,none,,,not_screened,No accepted external match or no review bound to the current external record.,,https://www.openstreetmap.org/node/13206142331,
TFNSW-0812,812,"Berowra Railway Station, Pacific Highway, Berowra, New South Wales 2081, Australia","Berowra Railway Station, Pacific Highway, Berowra, New South Wales NSW 2081",2081,2081,2081,False,810,,"Berowra Railway Station, Pacific Highway, Berowra, New South Wales NSW 2081",JOLT,1,DC,25 kW,-33.623906,151.151802,"Hornsby, The Council of the Shire of",2081,TfNSW Commuter Car Parks,2081,False,review,coordinate_500m,355.62727833955904,0.39618096357226795,272620,"6 Boundary Street, Berowra, New South Wales, 2081","{""charger_capacities"": ""75 kW"", ""connector_types_normalized"": ""CCS"", ""data_provider"": ""Open Charge Map"", ""general_comments"": """", ""is_operational"": true, ""last_verified"": ""2023-07-15T09:11:00Z"", ""latitude"": -33.621379, ""longitude"": 151.1494478, ""number_of_plugs"": 2.0, ""number_of_plugs_quality"": ""reported_or_derived_from_connection_quantity"", ""number_of_plugs_semantics"": ""OCM NumberOfPoints or positive connection Quantity"", ""operational_status"": ""operational"", ""operator"": ""Chargefox"", ""plug_types"": ""CCS (Type 2)"", ""power_kw_max"": 75.0, ""power_kw_min"": 75.0, ""power_kw_values"": [75.0], ""station_address"": ""6 Boundary Street, Berowra, New South Wales, 2081"", ""station_name"": ""Berowra Tennis Centre"", ""status"": ""Operational"", ""usage_cost"": ""$0.60/kWh""}",1,1,,coordinate exceeds 100m automatic threshold,False,review,coordinate_500m,351.8952368417858,0.0,12167440484,,"{""access_condition"": ""Free Access"", ""accessibility"": ""Unknown"", ""allows_card_payment"": false, ""allows_reservation"": false, ""charger_capacities"": null, ""connector_types_normalized"": ""CCS"", ""data_provider"": ""OpenStreetMap"", ""is_free"": false, ""latitude"": -33.6214768076001, ""longitude"": 151.149366147612, ""network"": """", ""number_of_plugs"": null, ""number_of_plugs_quality"": ""missing_or_suspicious"", ""number_of_plugs_raw"": null, ""number_of_plugs_semantics"": ""OSM charge_points_count; values above 100 are withheld as suspicious"", ""opening_hours"": """", ""operator"": ""Chargefox"", ""osm_last_updated"": ""2024-09-10"", ""plug_types"": ""CCS"", ""power_kw_max"": null, ""power_kw_min"": null, ""power_kw_values"": [], ""pricing_info"": """", ""station_name"": """"}",1,1,,coordinate exceeds 100m automatic threshold,False,review,coordinate_500m,351.8952368417858,0.0,12167440484,,"{""access_condition"": ""Free Access"", ""accessibility"": ""Unknown"", ""allows_card_payment"": false, ""allows_reservation"": false, ""charger_capacities"": null, ""connector_types_normalized"": ""CCS"", ""data_provider"": ""OpenStreetMap"", ""is_free"": false, ""latitude"": -33.6214768076001, ""longitude"": 151.149366147612, ""network"": """", ""number_of_plugs"": null, ""number_of_plugs_quality"": ""missing_or_suspicious"", ""number_of_plugs_raw"": null, ""number_of_plugs_semantics"": ""OSM charge_points_count; values above 100 are withheld as suspicious"", ""opening_hours"": """", ""operator"": ""Chargefox"", ""osm_last_updated"": ""2024-09-10"", ""plug_types"": ""CCS"", ""power_kw_max"": null, ""power_kw_min"": null, ""power_kw_values"": [], ""pricing_info"": """", ""station_name"": """"}",1,1,,coordinate exceeds 100m automatic threshold,False,unmatched,unmatched,,,,,{},0,0,,,False,unmatched,unmatched,,,,,{},0,0,,,False,unmatched,review,,0,,0,OCM;OSM,OCM:272620;OSM:12167440484,,,,,,,{},0,0,False,,,review_candidate,OCM: coordinate exceeds 100m automatic threshold; OSM: coordinate exceeds 100m automatic threshold,yes,,no,,no,,no,OCM: coordinate exceeds 100m automatic threshold; OSM: coordinate exceeds 100m automatic threshold,yes,pending,medium_review,pending,,,,,,,{},medium_review,,none,,,not_screened,No accepted external match or no review bound to the current external record.,https://openchargemap.org/site/poi/details/272620,https://www.openstreetmap.org/node/12167440484,
TFNSW-0816,816,"Bryant Dr, Central Coast, 2259","Bryant Drive, Central Coast NSW 2259",2259,2259,2259,False,814,,"Bryant Drive, Central Coast NSW 2259",Tesla,12,DC,130 kW,-33.31010015,151.4206827,Central Coast Council,2259,Existing Fast Chargers,2259,False,review,coordinate_500m,127.25101216099883,0.6445454545454545,128371,"Bryant Drive & Wyong Road, Tuggerah","{""charger_capacities"": ""120 kW"", ""connector_types_normalized"": ""CCS"", ""data_provider"": ""Open Charge Map"", ""general_comments"": """", ""is_operational"": true, ""last_verified"": ""2021-12-19T02:09:00Z"", ""latitude"": -33.309014, ""longitude"": 151.421114, ""number_of_plugs"": 6.0, ""number_of_plugs_quality"": ""reported_or_derived_from_connection_quantity"", ""number_of_plugs_semantics"": ""OCM NumberOfPoints or positive connection Quantity"", ""operational_status"": ""operational"", ""operator"": ""Tesla (Tesla-only charging)"", ""plug_types"": ""CCS (Type 2)"", ""power_kw_max"": 120.0, ""power_kw_min"": 120.0, ""power_kw_values"": [120.0], ""station_address"": ""Bryant Drive & Wyong Road, Tuggerah"", ""station_name"": ""Central Coast Supercharger [Tesla]"", ""status"": ""Operational"", ""usage_cost"": ""$0.52/kWh""}",1,1,,coordinate exceeds 100m automatic threshold,False,accepted,coordinate_500m,13.172748970380386,0.0,6517096170,,"{""access_condition"": ""Free Access"", ""accessibility"": ""Unknown"", ""allows_card_payment"": false, ""allows_reservation"": false, ""charger_capacities"": null, ""connector_types_normalized"": """", ""data_provider"": ""OpenStreetMap"", ""is_free"": false, ""latitude"": -33.3101932079415, ""longitude"": 151.420594978937, ""network"": ""Supercharger"", ""number_of_plugs"": null, ""number_of_plugs_quality"": ""missing_or_suspicious"", ""number_of_plugs_raw"": null, ""number_of_plugs_semantics"": ""OSM charge_points_count; values above 100 are withheld as suspicious"", ""opening_hours"": ""24/7"", ""operator"": ""Tesla"", ""osm_last_updated"": ""2026-03-29"", ""plug_types"": """", ""power_kw_max"": null, ""power_kw_min"": null, ""power_kw_values"": [], ""pricing_info"": """", ""station_name"": ""Tesla Supercharger""}",1,1,,,False,unmatched,unmatched,,,,,{},0,0,,,False,unmatched,unmatched,,,,,{},0,0,,,False,unmatched,unmatched,,,,,{},0,0,,,False,accepted,review,,0,,0,OCM,OCM:128371,,,,,,,{},0,0,False,,,review_candidate,OCM: coordinate exceeds 100m automatic threshold,yes,,no,,no,,no,OCM: coordinate exceeds 100m automatic threshold,yes,pending,medium_review,pending,,,,,,,{},medium_review,,none,,,not_screened,No accepted external match or no review bound to the current external record.,https://openchargemap.org/site/poi/details/128371,,
TFNSW-0820,820,"Camden Valley Way &, Somerset Ave, Narellan NSW 2567","Camden Valley Way &, Somerset Avenue, Narellan NSW 2567",2022,2567,2022,True,818,,"Camden Valley Way &, Somerset Avenue, Narellan NSW 2567",Evie Networks,4,DC,150 kW,-34.0397301,150.7385139,Camden Council,2567,ARENA - Driving the Nation,2022,True,unmatched,unmatched,,,,,{},0,0,,,True,review,coordinate_500m,363.00083949899454,0.0,11695236309,,"{""access_condition"": ""Free Access"", ""accessibility"": ""Unknown"", ""allows_card_payment"": false, ""allows_reservation"": false, ""charger_capacities"": null, ""connector_types_normalized"": ""CCS;CHAdeMO"", ""data_provider"": ""OpenStreetMap"", ""is_free"": false, ""latitude"": -34.0418122364884, ""longitude"": 150.735479587387, ""network"": """", ""number_of_plugs"": null, ""number_of_plugs_quality"": ""missing_or_suspicious"", ""number_of_plugs_raw"": null, ""number_of_plugs_semantics"": ""OSM charge_points_count; values above 100 are withheld as suspicious"", ""opening_hours"": """", ""operator"": ""Evie Networks"", ""osm_last_updated"": ""2024-03-05"", ""plug_types"": ""CCS|CHAdeMO"", ""power_kw_max"": null, ""power_kw_min"": null, ""power_kw_values"": [], ""pricing_info"": """", ""station_name"": """"}",3,3,66.11182709638985,source address postcode 2567 conflicts with PCODE 2567; coordinate exceeds 100m automatic threshold,True,review,coordinate_500m,363.00083949899454,0.0,11695236309,,"{""access_condition"": ""Free Access"", ""accessibility"": ""Unknown"", ""allows_card_payment"": false, ""allows_reservation"": false, ""charger_capacities"": null, ""connector_types_normalized"": ""CCS;CHAdeMO"", ""data_provider"": ""OpenStreetMap"", ""is_free"": false, ""latitude"": -34.0418122364884, ""longitude"": 150.735479587387, ""network"": """", ""number_of_plugs"": null, ""number_of_plugs_quality"": ""missing_or_suspicious"", ""number_of_plugs_raw"": null, ""number_of_plugs_semantics"": ""OSM charge_points_count; values above 100 are withheld as suspicious"", ""opening_hours"": """", ""operator"": ""Evie Networks"", ""osm_last_updated"": ""2024-03-05"", ""plug_types"": ""CCS|CHAdeMO"", ""power_kw_max"": null, ""power_kw_min"": null, ""power_kw_values"": [], ""pricing_info"": """", ""station_name"": """"}",2,2,66.11182709638985,source address postcode 2567 conflicts with PCODE 2567; coordinate exceeds 100m automatic threshold,True,review,coordinate_500m,486.42587244272494,0.4098974358974359,15d06bf5-6b4a-425d-9312-bae4b17cc22b-145,"Corner Queen &, Elyard St, Narellan, NSW 2567","{""charger_capacities"": 22.0, ""connector_types_normalized"": ""Type2"", ""data_provider"": ""Charge@Large"", ""dc_port_count"": 2, ""latitude"": -34.0438854, ""longitude"": 150.7368636, ""number_of_plugs"": 2, ""number_of_plugs_quality"": ""reported_from_dc_port_count"", ""number_of_plugs_semantics"": ""Charge@Large DC-indicated port count"", ""operator"": """", ""plug_types"": ""TYPE2"", ""power_kw_max"": 22.0, ""power_kw_min"": null, ""power_kw_values"": [22.0], ""station_address"": ""Corner Queen &, Elyard St, Narellan, NSW 2567"", ""station_name"": ""Camden Council - Narellan Library"", ""status_counts"": ""{\""Available\"": 2}"", ""total_port_count"": 2}",1,1,,source address postcode 2567 conflicts with PCODE 2567; coordinate exceeds 100m automatic threshold,True,unmatched,unmatched,,,,,{},0,0,,,True,unmatched,review,,0,,0,OSM,OSM:11695236309,,,,,,,{},0,0,False,,,review_candidate,OSM: source address postcode 2567 conflicts with PCODE 2567; coordinate exceeds 100m automatic threshold,yes,,no,,no,,no,OSM: source address postcode 2567 conflicts with PCODE 2567; coordinate exceeds 100m automatic threshold,yes,pending,medium_review,pending,,,,,,,{},medium_review,,none,,,not_screened,No accepted external match or no review bound to the current external record.,,https://www.openstreetmap.org/node/11695236309,
TFNSW-0823,823,"Car park, 51 Evans St (Victoria Park), Inverell, NSW 2360, Australia","Car Park, 51 Evans Street (Victoria Park), Inverell NSW 2360",2650,2360,2650,True,821,,"Car Park, 51 Evans Street (Victoria Park), Inverell NSW 2360",NRMA Electric,2,DC,75 kW,-35.1086448,147.3732036,Inverell Shire Council,2360,TfNSW Regional,2650,True,review,coordinate_500m,57.25577418517359,0.3321428571428572,190500,"8 Cross Street, Wagga Wagga, NSW","{""charger_capacities"": ""50 kW"", ""connector_types_normalized"": ""CCS;CHAdeMO"", ""data_provider"": ""Open Charge Map"", ""general_comments"": """", ""is_operational"": true, ""last_verified"": ""2024-11-12T12:09:00Z"", ""latitude"": -35.10849079265241, ""longitude"": 147.37380421671998, ""number_of_plugs"": 1.0, ""number_of_plugs_quality"": ""reported_or_derived_from_connection_quantity"", ""number_of_plugs_semantics"": ""OCM NumberOfPoints or positive connection Quantity"", ""operational_status"": ""operational"", ""operator"": ""NRMA"", ""plug_types"": ""CCS (Type 2); CHAdeMO"", ""power_kw_max"": 50.0, ""power_kw_min"": 50.0, ""power_kw_values"": [50.0], ""station_address"": ""8 Cross Street, Wagga Wagga, NSW"", ""station_name"": ""Cross Street Carpark [NRMA]"", ""status"": ""Operational"", ""usage_cost"": ""$0.66/KWh""}",1,1,,source address postcode 2360 conflicts with PCODE 2360; external postcode NSW conflicts with source PCODE 2360,True,review,coordinate_500m,47.27137231048085,0.0,7932870081,,"{""access_condition"": ""Free Access"", ""accessibility"": ""Unknown"", ""allows_card_payment"": false, ""allows_reservation"": false, ""charger_capacities"": null, ""connector_types_normalized"": ""CCS;CHAdeMO"", ""data_provider"": ""OpenStreetMap"", ""is_free"": false, ""latitude"": -35.1083685116306, ""longitude"": 147.373598555872, ""network"": """", ""number_of_plugs"": 2, ""number_of_plugs_quality"": ""valid"", ""number_of_plugs_raw"": 2, ""number_of_plugs_semantics"": ""OSM charge_points_count; values above 100 are withheld as suspicious"", ""opening_hours"": """", ""operator"": ""NRMA"", ""osm_last_updated"": ""2023-03-17"", ""plug_types"": ""CCS|CHAdeMO"", ""power_kw_max"": null, ""power_kw_min"": null, ""power_kw_values"": [], ""pricing_info"": """", ""station_name"": """"}",1,1,,source address postcode 2360 conflicts with PCODE 2360,True,review,coordinate_500m,47.27137231048085,0.0,7932870081,,"{""access_condition"": ""Free Access"", ""accessibility"": ""Unknown"", ""allows_card_payment"": false, ""allows_reservation"": false, ""charger_capacities"": null, ""connector_types_normalized"": ""CCS;CHAdeMO"", ""data_provider"": ""OpenStreetMap"", ""is_free"": false, ""latitude"": -35.1083685116306, ""longitude"": 147.373598555872, ""network"": """", ""number_of_plugs"": 2, ""number_of_plugs_quality"": ""valid"", ""number_of_plugs_raw"": 2, ""number_of_plugs_semantics"": ""OSM charge_points_count; values above 100 are withheld as suspicious"", ""opening_hours"": """", ""operator"": ""NRMA"", ""osm_last_updated"": ""2023-03-17"", ""plug_types"": ""CCS|CHAdeMO"", ""power_kw_max"": null, ""power_kw_min"": null, ""power_kw_values"": [], ""pricing_info"": """", ""station_name"": """"}",1,1,,source address postcode 2360 conflicts with PCODE 2360,True,unmatched,unmatched,,,,,{},0,0,,,True,unmatched,unmatched,,,,,{},0,0,,,True,unmatched,review,,0,,0,OCM;OSM,OCM:190500;OSM:7932870081,,,,,,,{},0,0,False,,,review_candidate,OCM: source address postcode 2360 conflicts with PCODE 2360; external postcode NSW conflicts with source PCODE 2360; OSM: source address postcode 2360 conflicts with PCODE 2360,yes,,no,,no,,no,OCM: source address postcode 2360 conflicts with PCODE 2360; external postcode NSW conflicts with source PCODE 2360; OSM: source address postcode 2360 conflicts with PCODE 2360,yes,pending,medium_review,pending,,,,,,,{},medium_review,,none,,,not_screened,No accepted external match or no review bound to the current external record.,https://openchargemap.org/site/poi/details/190500,https://www.openstreetmap.org/node/7932870081,
TFNSW-0824,824,"Car park, Little Hoskins St, Temora, NSW 2666","Car Park, Little Hoskins Street, Temora NSW 2666",2354,2666,2354,True,822,,"Car Park, Little Hoskins Street, Temora NSW 2666",NRMA Electric,2,DC,50 kW,-30.9827002,151.5928644,Temora Shire Council,2666,TfNSW Regional,2354,True,review,coordinate_500m,48.06071019439999,0.2898412698412699,480135,"10W Apsley Street, Walcha, NSW, 2354","{""charger_capacities"": """", ""connector_types_normalized"": ""CCS;CHAdeMO"", ""data_provider"": ""Open Charge Map"", ""general_comments"": """", ""is_operational"": true, ""last_verified"": ""2026-03-15T08:37:00Z"", ""latitude"": -30.983013170871303, ""longitude"": 151.59251668897264, ""number_of_plugs"": 2.0, ""number_of_plugs_quality"": ""reported_or_derived_from_connection_quantity"", ""number_of_plugs_semantics"": ""OCM NumberOfPoints or positive connection Quantity"", ""operational_status"": ""operational"", ""operator"": ""NRMA"", ""plug_types"": ""CCS (Type 2); CHAdeMO"", ""power_kw_max"": null, ""power_kw_min"": null, ""power_kw_values"": [], ""station_address"": ""10W Apsley Street, Walcha, NSW, 2354"", ""station_name"": ""NRMA EV Charger Walcha"", ""status"": ""Operational"", ""usage_cost"": """"}",2,1,,source address postcode 2666 conflicts with PCODE 2666; external postcode 2354 conflicts with source PCODE 2666,True,unmatched,unmatched,,,,,{},0,0,,,True,unmatched,unmatched,,,,,{},0,0,,,True,unmatched,unmatched,,,,,{},0,0,,,True,unmatched,unmatched,,,,,{},0,0,,,True,unmatched,review,,0,,0,OCM,OCM:480135,,,,,,,{},0,0,False,,,review_candidate,OCM: source address postcode 2666 conflicts with PCODE 2666; external postcode 2354 conflicts with source PCODE 2666,yes,,no,,no,,no,OCM: source address postcode 2666 conflicts with PCODE 2666; external postcode 2354 conflicts with source PCODE 2666,yes,pending,medium_review,pending,,,,,,,{},medium_review,,none,,,not_screened,No accepted external match or no review bound to the current external record.,https://openchargemap.org/site/poi/details/480135,,
TFNSW-0835,835,"Cnr Herring & Waterloo Rd, North Ryde NSW 2113","Cnr Herring & Waterloo Road, North Ryde NSW 2113",2113,2113,2113,False,833,,"Cnr Herring & Waterloo Road, North Ryde NSW 2113",Evie Networks,4,DC,50 kW,-33.776893,151.122247,"Ryde, Council of the City of",2113,ARENA - Driving the Nation,2113,False,review,coordinate_and_fuzzy_address,172.6282110806007,0.8588088088088088,272627,"Cnr Herring Rd & Waterloo Rd, North Ryde, NSW, 2113","{""charger_capacities"": ""50 kW"", ""connector_types_normalized"": ""CCS;CHAdeMO"", ""data_provider"": ""Open Charge Map"", ""general_comments"": """", ""is_operational"": true, ""last_verified"": ""2026-03-05T06:26:00Z"", ""latitude"": -33.777565954445315, ""longitude"": 151.12056384466786, ""number_of_plugs"": 2.0, ""number_of_plugs_quality"": ""reported_or_derived_from_connection_quantity"", ""number_of_plugs_semantics"": ""OCM NumberOfPoints or positive connection Quantity"", ""operational_status"": ""operational"", ""operator"": ""Evie"", ""plug_types"": ""CCS (Type 2); CHAdeMO"", ""power_kw_max"": 50.0, ""power_kw_min"": 50.0, ""power_kw_values"": [50.0], ""station_address"": ""Cnr Herring Rd & Waterloo Rd, North Ryde, NSW, 2113"", ""station_name"": ""Macquarie Centre"", ""status"": ""Operational"", ""usage_cost"": """"}",2,2,63.38944557060468,coordinate exceeds 100m automatic threshold; selected address candidate is not the nearest coordinate candidate,False,review,coordinate_500m,195.01964908785268,0.0,7270664150,,"{""access_condition"": ""Free Access"", ""accessibility"": ""Unknown"", ""allows_card_payment"": false, ""allows_reservation"": false, ""charger_capacities"": null, ""connector_types_normalized"": """", ""data_provider"": ""OpenStreetMap"", ""is_free"": false, ""latitude"": -33.778152934281, ""longitude"": 151.120779163925, ""network"": ""Supercharger"", ""number_of_plugs"": 10, ""number_of_plugs_quality"": ""valid"", ""number_of_plugs_raw"": 10, ""number_of_plugs_semantics"": ""OSM charge_points_count; values above 100 are withheld as suspicious"", ""opening_hours"": ""24/7"", ""operator"": ""Tesla"", ""osm_last_updated"": ""2026-03-29"", ""plug_types"": """", ""power_kw_max"": null, ""power_kw_min"": null, ""power_kw_values"": [], ""pricing_info"": """", ""station_name"": ""Tesla Supercharger""}",2,2,1.9692794367079216,coordinate exceeds 100m automatic threshold; another coordinate candidate is within 20m of the nearest,False,review,coordinate_500m,196.9889285245606,0.0,9536966801,,"{""access_condition"": ""Free Access"", ""accessibility"": ""Unknown"", ""allows_card_payment"": false, ""allows_reservation"": false, ""charger_capacities"": null, ""connector_types_normalized"": ""CCS"", ""data_provider"": ""OpenStreetMap"", ""is_free"": false, ""latitude"": -33.7780797602663, ""longitude"": 151.120664583308, ""network"": """", ""number_of_plugs"": 4, ""number_of_plugs_quality"": ""valid"", ""number_of_plugs_raw"": 4, ""number_of_plugs_semantics"": ""OSM charge_points_count; values above 100 are withheld as suspicious"", ""opening_hours"": """", ""operator"": ""Evie Networks"", ""osm_last_updated"": ""2025-07-09"", ""plug_types"": ""CCS"", ""power_kw_max"": null, ""power_kw_min"": null, ""power_kw_values"": [], ""pricing_info"": """", ""station_name"": """"}",1,1,,coordinate exceeds 100m automatic threshold,False,review,coordinate_500m,171.24610347921188,0.4088235294117647,e01de15b-1ce6-4c05-8f89-81b463696ce1-66f5faa6-420d-48fd-91cd-91314f4494b1,"88 Talavera Rd, Macquarie Park, NSW 2113","{""charger_capacities"": 22.17, ""connector_types_normalized"": ""Type2"", ""data_provider"": ""Charge@Large"", ""dc_port_count"": 3, ""latitude"": -33.775362, ""longitude"": 151.1220464, ""number_of_plugs"": 3, ""number_of_plugs_quality"": ""reported_from_dc_port_count"", ""number_of_plugs_semantics"": ""Charge@Large DC-indicated port count"", ""operator"": """", ""plug_types"": ""TYPE2"", ""power_kw_max"": 22.17, ""power_kw_min"": null, ""power_kw_values"": [22.17], ""station_address"": ""88 Talavera Rd, Macquarie Park, NSW 2113"", ""station_name"": ""Meriton North Ryde"", ""status_counts"": ""{\""Available\"": 3}"", ""total_port_count"": 3}",1,1,,coordinate exceeds 100m automatic threshold,False,unmatched,unmatched,,,,,{},0,0,,,False,unmatched,review,,0,,0,OCM;OSM,OCM:272627;OSM:9536966801,,,,,,,{},0,0,False,,,review_candidate,OCM: coordinate exceeds 100m automatic threshold; selected address candidate is not the nearest coordinate candidate; OSM: coordinate exceeds 100m automatic threshold,yes,,no,,no,,no,OCM: coordinate exceeds 100m automatic threshold; selected address candidate is not the nearest coordinate candidate; OSM: coordinate exceeds 100m automatic threshold,yes,pending,medium_review,pending,,,,,,,{},medium_review,,none,,,not_screened,No accepted external match or no review bound to the current external record.,https://openchargemap.org/site/poi/details/272627,https://www.openstreetmap.org/node/9536966801,
TFNSW-0885,885,"Kable Ave, Tamworth, 2340","Kable Avenue, Tamworth NSW 2340",2340,2340,2340,False,883,,"Kable Avenue, Tamworth NSW 2340",NRMA Electric,2,DC,50 kW,-31.0903554,150.9274134,Tamworth Regional Council,2340,Existing Fast Chargers,2340,False,review,coordinate_500m,256.2745900174027,0.4415458937198068,312659,"Cooper Lane, Tamworth, NSW, 2340","{""charger_capacities"": ""300 kW; 22 kW"", ""connector_types_normalized"": ""CCS;Type2"", ""data_provider"": ""Open Charge Map"", ""general_comments"": """", ""is_operational"": true, ""last_verified"": ""2025-05-20T02:24:00Z"", ""latitude"": -31.090167611011005, ""longitude"": 150.93009578041267, ""number_of_plugs"": 1.0, ""number_of_plugs_quality"": ""reported_or_derived_from_connection_quantity"", ""number_of_plugs_semantics"": ""OCM NumberOfPoints or positive connection Quantity"", ""operational_status"": ""operational"", ""operator"": ""Evie"", ""plug_types"": ""CCS (Type 2); Type 2 (Socket Only)"", ""power_kw_max"": 300.0, ""power_kw_min"": 22.0, ""power_kw_values"": [22.0, 300.0], ""station_address"": ""Cooper Lane, Tamworth, NSW, 2340"", ""station_name"": ""Evie 300kW Charger"", ""status"": ""Operational"", ""usage_cost"": ""63c""}",1,1,,coordinate exceeds 100m automatic threshold,False,unmatched,unmatched,,,,,{},0,0,,,False,unmatched,unmatched,,,,,{},0,0,,,False,review,coordinate_500m,237.64770191282784,0.41934782608695653,393dc550-5791-46d3-a359-20e9e5b406b3-670c57177d3ed025b338c362,"52 Brisbane Street, Tamworth, NSW 2340","{""charger_capacities"": 7.0, ""connector_types_normalized"": ""Type2"", ""data_provider"": ""Charge@Large"", ""dc_port_count"": 4, ""latitude"": -31.0894491, ""longitude"": 150.9296736, ""number_of_plugs"": 4, ""number_of_plugs_quality"": ""reported_from_dc_port_count"", ""number_of_plugs_semantics"": ""Charge@Large DC-indicated port count"", ""operator"": """", ""plug_types"": ""TYPE2"", ""power_kw_max"": 7.0, ""power_kw_min"": null, ""power_kw_values"": [7.0], ""station_address"": ""52 Brisbane Street, Tamworth, NSW 2340"", ""station_name"": ""CH Boutique Hotel Tamworth"", ""status_counts"": ""{\""Available\"": 3, \""OutOfService\"": 1}"", ""total_port_count"": 4}",1,1,,coordinate exceeds 100m automatic threshold,False,unmatched,unmatched,,,,,{},0,0,,,False,unmatched,review,,0,,0,OCM,OCM:312659,,,,,,,{},0,0,False,,,review_candidate,OCM: coordinate exceeds 100m automatic threshold,yes,,no,,no,,no,OCM: coordinate exceeds 100m automatic threshold,yes,pending,medium_review,pending,,,,,,,{},medium_review,,none,,,not_screened,No accepted external match or no review bound to the current external record.,https://openchargemap.org/site/poi/details/312659,,
TFNSW-0888,888,"Kintore Headframe Car Park, 51 Bromide St, Broken Hill, NSW 2880, Australia","Kintore Headframe Car Park, 51 Bromide Street, Broken Hill NSW 2880",2836,2880,2836,True,886,,"Kintore Headframe Car Park, 51 Bromide Street, Broken Hill NSW 2880",NRMA Electric,2,DC,50 kW,-31.557857,143.3855021,Broken Hill City Council,2880,TfNSW Regional,2836,True,review,coordinate_500m,56.875388234506694,0.3813607370659107,190678,"1-7 Ross St, Wilcannia, New South Wales, 2836","{""charger_capacities"": ""75 kW"", ""connector_types_normalized"": ""CCS;CHAdeMO"", ""data_provider"": ""Open Charge Map"", ""general_comments"": """", ""is_operational"": true, ""last_verified"": ""2022-05-04T03:08:00Z"", ""latitude"": -31.55748024734784, ""longitude"": 143.38590809166777, ""number_of_plugs"": 1.0, ""number_of_plugs_quality"": ""reported_or_derived_from_connection_quantity"", ""number_of_plugs_semantics"": ""OCM NumberOfPoints or positive connection Quantity"", ""operational_status"": ""operational"", ""operator"": ""NRMA"", ""plug_types"": ""CCS (Type 2); CHAdeMO"", ""power_kw_max"": 75.0, ""power_kw_min"": 75.0, ""power_kw_values"": [75.0], ""station_address"": ""1-7 Ross St, Wilcannia, New South Wales, 2836"", ""station_name"": ""Wilcannia [NRMA]"", ""status"": ""Operational"", ""usage_cost"": """"}",2,1,,source address postcode 2880 conflicts with PCODE 2880; external postcode 2836 conflicts with source PCODE 2880,True,review,coordinate_500m,47.17441175904079,0.0,9470340169,,"{""access_condition"": ""Free Access"", ""accessibility"": ""Unknown"", ""allows_card_payment"": false, ""allows_reservation"": false, ""charger_capacities"": null, ""connector_types_normalized"": """", ""data_provider"": ""OpenStreetMap"", ""is_free"": false, ""latitude"": -31.5575066604131, ""longitude"": 143.385782895439, ""network"": """", ""number_of_plugs"": null, ""number_of_plugs_quality"": ""missing_or_suspicious"", ""number_of_plugs_raw"": null, ""number_of_plugs_semantics"": ""OSM charge_points_count; values above 100 are withheld as suspicious"", ""opening_hours"": """", ""operator"": ""NRMA"", ""osm_last_updated"": ""2022-02-03"", ""plug_types"": """", ""power_kw_max"": null, ""power_kw_min"": null, ""power_kw_values"": [], ""pricing_info"": """", ""station_name"": """"}",1,1,,source address postcode 2880 conflicts with PCODE 2880,True,unmatched,unmatched,,,,,{},0,0,,,True,unmatched,unmatched,,,,,{},0,0,,,True,unmatched,unmatched,,,,,{},0,0,,,True,unmatched,review,,0,,0,OCM,OCM:190678,,,,,,,{},0,0,False,,,review_candidate,OCM: source address postcode 2880 conflicts with PCODE 2880; external postcode 2836 conflicts with source PCODE 2880,yes,,no,,no,,no,OCM: source address postcode 2880 conflicts with PCODE 2880; external postcode 2836 conflicts with source PCODE 2880,yes,pending,medium_review,pending,,,,,,,{},medium_review,,none,,,not_screened,No accepted external match or no review bound to the current external record.,https://openchargemap.org/site/poi/details/190678,,
TFNSW-0892,892,"Lake Haven Dr, Lake Haven NSW 2263","Lake Haven Drive, Lake Haven NSW 2263",2263,2263,2263,False,890,,"Lake Haven Drive, Lake Haven NSW 2263",Engie,2,DC,150 kW,-33.2445959,151.498974,Camden Council,2263,ARENA - Driving the Nation,2263,False,review,fuzzy_address_only,580.9281647912452,1.0,272708,"Lake Haven Drive, Lake Haven, New South Wales, 2263","{""charger_capacities"": ""120 kW"", ""connector_types_normalized"": ""CCS"", ""data_provider"": ""Open Charge Map"", ""general_comments"": """", ""is_operational"": true, ""last_verified"": ""2023-07-17T12:19:00Z"", ""latitude"": -33.24078932377033, ""longitude"": 151.50325247968817, ""number_of_plugs"": 2.0, ""number_of_plugs_quality"": ""reported_or_derived_from_connection_quantity"", ""number_of_plugs_semantics"": ""OCM NumberOfPoints or positive connection Quantity"", ""operational_status"": ""operational"", ""operator"": ""Chargefox"", ""plug_types"": ""CCS (Type 2)"", ""power_kw_max"": 120.0, ""power_kw_min"": 120.0, ""power_kw_values"": [120.0], ""station_address"": ""Lake Haven Drive, Lake Haven, New South Wales, 2263"", ""station_name"": ""ENGIE - Lake Haven Centre"", ""status"": ""Operational"", ""usage_cost"": """"}",1,0,,fuzzy address only; coordinate exceeds 500m,False,unmatched,unmatched,,,,,{},0,0,,,False,unmatched,unmatched,,,,,{},0,0,,,False,unmatched,unmatched,,,,,{},0,0,,,False,unmatched,unmatched,,,,,{},0,0,,,False,unmatched,review,,0,,0,OCM,OCM:272708,OCM,,,,,,{},0,0,False,,,review_candidate,OCM: fuzzy address only; coordinate exceeds 500m,yes,,no,,no,,no,OCM: fuzzy address only; coordinate exceeds 500m,yes,pending,medium_review,pending,,,,,,,{},medium_review,,none,,,not_screened,No accepted external match or no review bound to the current external record.,https://openchargemap.org/site/poi/details/272708,,
TFNSW-0900,900,"M4 Motorway Westbound, Sydney, 2766","M4 Motorway Westbound, Sydney NSW 2766",2766,2766,2766,False,898,,"M4 Motorway Westbound, Sydney NSW 2766",Ampol,10,DC,400 kW,-33.80214519,150.8802132,Blacktown City Council,2766,Existing Fast Chargers,2766,False,unmatched,unmatched,,,,,{},0,0,,,False,accepted,coordinate_500m,81.45578136466452,0.0,13613244882,,"{""access_condition"": ""Free Access"", ""accessibility"": ""Unknown"", ""allows_card_payment"": false, ""allows_reservation"": false, ""charger_capacities"": null, ""connector_types_normalized"": """", ""data_provider"": ""OpenStreetMap"", ""is_free"": false, ""latitude"": -33.8022938212492, ""longitude"": 150.881076430635, ""network"": """", ""number_of_plugs"": null, ""number_of_plugs_quality"": ""missing_or_suspicious"", ""number_of_plugs_raw"": null, ""number_of_plugs_semantics"": ""OSM charge_points_count; values above 100 are withheld as suspicious"", ""opening_hours"": """", ""operator"": ""AmpCharge"", ""osm_last_updated"": ""2026-03-03"", ""plug_types"": """", ""power_kw_max"": null, ""power_kw_min"": null, ""power_kw_values"": [], ""pricing_info"": """", ""station_name"": """"}",2,2,41.93067059705719,,False,review,coordinate_500m,123.3864519617217,0.0,13371885230,,"{""access_condition"": ""Free Access"", ""accessibility"": ""Unknown"", ""allows_card_payment"": false, ""allows_reservation"": false, ""charger_capacities"": null, ""connector_types_normalized"": ""CCS"", ""data_provider"": ""OpenStreetMap"", ""is_free"": false, ""latitude"": -33.8023470463343, ""longitude"": 150.881526287378, ""network"": """", ""number_of_plugs"": 10, ""number_of_plugs_quality"": ""valid"", ""number_of_plugs_raw"": 10, ""number_of_plugs_semantics"": ""OSM charge_points_count; values above 100 are withheld as suspicious"", ""opening_hours"": """", ""operator"": ""AmpCharge"", ""osm_last_updated"": ""2026-05-07"", ""plug_types"": ""CCS"", ""power_kw_max"": null, ""power_kw_min"": null, ""power_kw_values"": [], ""pricing_info"": """", ""station_name"": """"}",1,1,,coordinate exceeds 100m automatic threshold,False,unmatched,unmatched,,,,,{},0,0,,,False,unmatched,unmatched,,,,,{},0,0,,,False,accepted,review,,0,,0,OSM,OSM:13371885230,,,,,,,{},0,0,False,,,review_candidate,OSM: coordinate exceeds 100m automatic threshold,yes,,no,,no,,no,OSM: coordinate exceeds 100m automatic threshold,yes,pending,medium_review,pending,,,,,,,{},medium_review,,none,,,not_screened,No accepted external match or no review bound to the current external record.,,https://www.openstreetmap.org/node/13371885230,
TFNSW-0939,939,"Prospect St, Holbrook, 2644","Prospect Street, Holbrook NSW 2644",2644,2644,2644,False,937,,"Prospect Street, Holbrook NSW 2644",NRMA Electric,2,DC,50 kW,-35.7181522,147.316019,Greater Hume Shire Council,2644,Existing Fast Chargers,2644,False,review,coordinate_500m,174.37769186531364,0.6790322580645162,190359,"Submarine Park, 7 Prospect Street, Holbrook, NSW","{""charger_capacities"": ""50 kW"", ""connector_types_normalized"": ""CCS;CHAdeMO"", ""data_provider"": ""Open Charge Map"", ""general_comments"": """", ""is_operational"": true, ""last_verified"": ""2021-12-19T02:24:00Z"", ""latitude"": -35.71746030083052, ""longitude"": 147.31775237395414, ""number_of_plugs"": 1.0, ""number_of_plugs_quality"": ""reported_or_derived_from_connection_quantity"", ""number_of_plugs_semantics"": ""OCM NumberOfPoints or positive connection Quantity"", ""operational_status"": ""operational"", ""operator"": ""NRMA"", ""plug_types"": ""CCS (Type 2); CHAdeMO"", ""power_kw_max"": 50.0, ""power_kw_min"": 50.0, ""power_kw_values"": [50.0], ""station_address"": ""Submarine Park, 7 Prospect Street, Holbrook, NSW"", ""station_name"": ""Holbrook [NRMA]"", ""status"": ""Operational"", ""usage_cost"": """"}",1,1,,coordinate exceeds 100m automatic threshold,False,review,coordinate_500m,171.18446188933527,0.0,6749392356,,"{""access_condition"": ""Free Access"", ""accessibility"": ""Unknown"", ""allows_card_payment"": false, ""allows_reservation"": false, ""charger_capacities"": null, ""connector_types_normalized"": ""CCS"", ""data_provider"": ""OpenStreetMap"", ""is_free"": false, ""latitude"": -35.7175328801354, ""longitude"": 147.317754964169, ""network"": """", ""number_of_plugs"": 4, ""number_of_plugs_quality"": ""valid"", ""number_of_plugs_raw"": 4, ""number_of_plugs_semantics"": ""OSM charge_points_count; values above 100 are withheld as suspicious"", ""opening_hours"": """", ""operator"": ""NRMA"", ""osm_last_updated"": ""2026-08-04"", ""plug_types"": ""CCS"", ""power_kw_max"": null, ""power_kw_min"": null, ""power_kw_values"": [], ""pricing_info"": """", ""station_name"": """"}",1,1,,coordinate exceeds 100m automatic threshold,False,review,coordinate_500m,171.18446188933527,0.0,6749392356,,"{""access_condition"": ""Free Access"", ""accessibility"": ""Unknown"", ""allows_card_payment"": false, ""allows_reservation"": false, ""charger_capacities"": null, ""connector_types_normalized"": ""CCS"", ""data_provider"": ""OpenStreetMap"", ""is_free"": false, ""latitude"": -35.7175328801354, ""longitude"": 147.317754964169, ""network"": """", ""number_of_plugs"": 4, ""number_of_plugs_quality"": ""valid"", ""number_of_plugs_raw"": 4, ""number_of_plugs_semantics"": ""OSM charge_points_count; values above 100 are withheld as suspicious"", ""opening_hours"": """", ""operator"": ""NRMA"", ""osm_last_updated"": ""2026-08-04"", ""plug_types"": ""CCS"", ""power_kw_max"": null, ""power_kw_min"": null, ""power_kw_values"": [], ""pricing_info"": """", ""station_name"": """"}",1,1,,coordinate exceeds 100m automatic threshold,False,unmatched,unmatched,,,,,{},0,0,,,False,unmatched,unmatched,,,,,{},0,0,,,False,unmatched,review,,0,,0,OCM;OSM,OCM:190359;OSM:6749392356,,,,,,,{},0,0,False,,,review_candidate,OCM: coordinate exceeds 100m automatic threshold; OSM: coordinate exceeds 100m automatic threshold,yes,,no,,no,,no,OCM: coordinate exceeds 100m automatic threshold; OSM: coordinate exceeds 100m automatic threshold,yes,pending,medium_review,pending,,,,,,,{},medium_review,,none,,,not_screened,No accepted external match or no review bound to the current external record.,https://openchargemap.org/site/poi/details/190359,https://www.openstreetmap.org/node/6749392356,
TFNSW-0956,956,"Skillman's Lane, Coonamble, NSW 2829, Australia","Skillman'S Lane, Coonamble NSW 2829",2582,2829,2582,True,954,,"Skillman'S Lane, Coonamble NSW 2829",NRMA Electric,4,DC,50 kW,-34.8411047,148.912197,Coonamble Shire Council,2829,TfNSW Regional,2582,True,review,coordinate_500m,22.813150617507542,0.338,190005,"81 Meehan Street, Yass, New South Wales, 2582","{""charger_capacities"": ""50 kW"", ""connector_types_normalized"": ""CCS;CHAdeMO"", ""data_provider"": ""Open Charge Map"", ""general_comments"": """", ""is_operational"": true, ""last_verified"": ""2021-12-19T02:14:00Z"", ""latitude"": -34.84109672768463, ""longitude"": 148.9124467852405, ""number_of_plugs"": 1.0, ""number_of_plugs_quality"": ""reported_or_derived_from_connection_quantity"", ""number_of_plugs_semantics"": ""OCM NumberOfPoints or positive connection Quantity"", ""operational_status"": ""operational"", ""operator"": ""NRMA"", ""plug_types"": ""CCS (Type 2); CHAdeMO"", ""power_kw_max"": 50.0, ""power_kw_min"": 50.0, ""power_kw_values"": [50.0], ""station_address"": ""81 Meehan Street, Yass, New South Wales, 2582"", ""station_name"": ""Banjo Paterson Park [NRMA]"", ""status"": ""Operational"", ""usage_cost"": ""FREE""}",2,2,324.0106699675088,source address postcode 2829 conflicts with PCODE 2829; external postcode 2582 conflicts with source PCODE 2829,True,review,coordinate_500m,23.18395170040723,0.0,7816558586,,"{""access_condition"": ""Free Access"", ""accessibility"": ""Unknown"", ""allows_card_payment"": false, ""allows_reservation"": false, ""charger_capacities"": 100.0, ""connector_types_normalized"": ""CHAdeMO"", ""data_provider"": ""OpenStreetMap"", ""is_free"": true, ""latitude"": -34.8412265286547, ""longitude"": 148.912403158112, ""network"": """", ""number_of_plugs"": 2, ""number_of_plugs_quality"": ""valid"", ""number_of_plugs_raw"": 2, ""number_of_plugs_semantics"": ""OSM charge_points_count; values above 100 are withheld as suspicious"", ""opening_hours"": """", ""operator"": ""NRMA"", ""osm_last_updated"": ""2022-12-15"", ""plug_types"": ""CHAdeMO"", ""power_kw_max"": 100.0, ""power_kw_min"": null, ""power_kw_values"": [100.0], ""pricing_info"": """", ""station_name"": """"}",4,4,77.6317433546736,source address postcode 2829 conflicts with PCODE 2829,True,review,coordinate_500m,23.18395170040723,0.0,7816558586,,"{""access_condition"": ""Free Access"", ""accessibility"": ""Unknown"", ""allows_card_payment"": false, ""allows_reservation"": false, ""charger_capacities"": 100.0, ""connector_types_normalized"": ""CHAdeMO"", ""data_provider"": ""OpenStreetMap"", ""is_free"": true, ""latitude"": -34.8412265286547, ""longitude"": 148.912403158112, ""network"": """", ""number_of_plugs"": 2, ""number_of_plugs_quality"": ""valid"", ""number_of_plugs_raw"": 2, ""number_of_plugs_semantics"": ""OSM charge_points_count; values above 100 are withheld as suspicious"", ""opening_hours"": """", ""operator"": ""NRMA"", ""osm_last_updated"": ""2022-12-15"", ""plug_types"": ""CHAdeMO"", ""power_kw_max"": 100.0, ""power_kw_min"": null, ""power_kw_values"": [100.0], ""pricing_info"": """", ""station_name"": """"}",3,3,309.1193962402532,source address postcode 2829 conflicts with PCODE 2829,True,unmatched,unmatched,,,,,{},0,0,,,True,unmatched,unmatched,,,,,{},0,0,,,True,unmatched,review,,0,,0,OCM;OSM,OCM:190005;OSM:7816558586,,,,,,,{},0,0,False,,,review_candidate,OCM: source address postcode 2829 conflicts with PCODE 2829; external postcode 2582 conflicts with source PCODE 2829; OSM: source address postcode 2829 conflicts with PCODE 2829,yes,,no,,no,,no,OCM: source address postcode 2829 conflicts with PCODE 2829; external postcode 2582 conflicts with source PCODE 2829; OSM: source address postcode 2829 conflicts with PCODE 2829,yes,pending,medium_review,pending,,,,,,,{},medium_review,,none,,,not_screened,No accepted external match or no review bound to the current external record.,https://openchargemap.org/site/poi/details/190005,https://www.openstreetmap.org/node/7816558586,
TFNSW-0970,970,"Valder Way, Charles Sturt University, 2678","Valder Way, Charles Sturt University NSW 2678",2678,2678,2678,False,968,,"Valder Way, Charles Sturt University NSW 2678",Exploren,2,DC,120 kW,-35.05693398,147.3512593,Wagga Wagga City Council,2678,Existing Fast Chargers,2678,False,unmatched,unmatched,,,,,{},0,0,,,False,review,coordinate_500m,350.7822083012386,0.0,12885058151,,"{""access_condition"": ""Free Access"", ""accessibility"": ""Unknown"", ""allows_card_payment"": false, ""allows_reservation"": false, ""charger_capacities"": null, ""connector_types_normalized"": ""CCS"", ""data_provider"": ""OpenStreetMap"", ""is_free"": false, ""latitude"": -35.0550616191038, ""longitude"": 147.34815771954, ""network"": """", ""number_of_plugs"": null, ""number_of_plugs_quality"": ""missing_or_suspicious"", ""number_of_plugs_raw"": null, ""number_of_plugs_semantics"": ""OSM charge_points_count; values above 100 are withheld as suspicious"", ""opening_hours"": """", ""operator"": ""Exploren"", ""osm_last_updated"": ""2026-03-08"", ""plug_types"": ""CCS"", ""power_kw_max"": null, ""power_kw_min"": null, ""power_kw_values"": [], ""pricing_info"": """", ""station_name"": """"}",1,1,,coordinate exceeds 100m automatic threshold,False,review,coordinate_500m,350.7822083012386,0.0,12885058151,,"{""access_condition"": ""Free Access"", ""accessibility"": ""Unknown"", ""allows_card_payment"": false, ""allows_reservation"": false, ""charger_capacities"": null, ""connector_types_normalized"": ""CCS"", ""data_provider"": ""OpenStreetMap"", ""is_free"": false, ""latitude"": -35.0550616191038, ""longitude"": 147.34815771954, ""network"": """", ""number_of_plugs"": null, ""number_of_plugs_quality"": ""missing_or_suspicious"", ""number_of_plugs_raw"": null, ""number_of_plugs_semantics"": ""OSM charge_points_count; values above 100 are withheld as suspicious"", ""opening_hours"": """", ""operator"": ""Exploren"", ""osm_last_updated"": ""2026-03-08"", ""plug_types"": ""CCS"", ""power_kw_max"": null, ""power_kw_min"": null, ""power_kw_values"": [], ""pricing_info"": """", ""station_name"": """"}",1,1,,coordinate exceeds 100m automatic threshold,False,accepted,coordinate_500m,0.12009052044132051,0.30000000000000004,15d06bf5-6b4a-425d-9312-bae4b17cc22b-891,"Charles Sturt University, NSW 2678","{""charger_capacities"": 7.0, ""connector_types_normalized"": ""Type2"", ""data_provider"": ""Charge@Large"", ""dc_port_count"": 1, ""latitude"": -35.0569329, ""longitude"": 147.3512593, ""number_of_plugs"": 1, ""number_of_plugs_quality"": ""reported_from_dc_port_count"", ""number_of_plugs_semantics"": ""Charge@Large DC-indicated port count"", ""operator"": """", ""plug_types"": ""TYPE2"", ""power_kw_max"": 7.0, ""power_kw_min"": null, ""power_kw_values"": [7.0], ""station_address"": ""Charles Sturt University, NSW 2678"", ""station_name"": ""Charles Sturt University - Wagga Wagga Campus"", ""status_counts"": ""{\""Available\"": 1}"", ""total_port_count"": 1}",1,1,,,False,unmatched,unmatched,,,,,{},0,0,,,False,accepted,review,,0,,0,OSM,OSM:12885058151,,,,,,,{},0,0,False,,,review_candidate,OSM: coordinate exceeds 100m automatic threshold,yes,,no,,no,,no,OSM: coordinate exceeds 100m automatic threshold,yes,pending,medium_review,pending,,,,,,,{},medium_review,,none,,,not_screened,No accepted external match or no review bound to the current external record.,,https://www.openstreetmap.org/node/12885058151,
TFNSW-0976,976,"Western Motorway, Sydney, 2766","Western Motorway, Sydney NSW 2766",2766,2766,2766,False,974,,"Western Motorway, Sydney NSW 2766",Ampol,15,DC,240 kW,-33.80154859,150.886,Blacktown City Council,2766,Existing Fast Chargers,2766,False,unmatched,unmatched,,,,,{},0,0,,,False,review,coordinate_500m,168.55368362739188,0.0,13036304448,,"{""access_condition"": ""Free Access"", ""accessibility"": ""Unknown"", ""allows_card_payment"": false, ""allows_reservation"": false, ""charger_capacities"": null, ""connector_types_normalized"": ""CCS;CHAdeMO"", ""data_provider"": ""OpenStreetMap"", ""is_free"": false, ""latitude"": -33.80164363702, ""longitude"": 150.887820593747, ""network"": """", ""number_of_plugs"": 10, ""number_of_plugs_quality"": ""valid"", ""number_of_plugs_raw"": 10, ""number_of_plugs_semantics"": ""OSM charge_points_count; values above 100 are withheld as suspicious"", ""opening_hours"": """", ""operator"": ""AmpCharge"", ""osm_last_updated"": ""2026-05-07"", ""plug_types"": ""CCS|CHAdeMO"", ""power_kw_max"": null, ""power_kw_min"": null, ""power_kw_values"": [], ""pricing_info"": """", ""station_name"": """"}",4,4,18.550544427971516,coordinate exceeds 100m automatic threshold; another coordinate candidate is within 20m of the nearest,False,review,coordinate_500m,168.55368362739188,0.0,13036304448,,"{""access_condition"": ""Free Access"", ""accessibility"": ""Unknown"", ""allows_card_payment"": false, ""allows_reservation"": false, ""charger_capacities"": null, ""connector_types_normalized"": ""CCS;CHAdeMO"", ""data_provider"": ""OpenStreetMap"", ""is_free"": false, ""latitude"": -33.80164363702, ""longitude"": 150.887820593747, ""network"": """", ""number_of_plugs"": 10, ""number_of_plugs_quality"": ""valid"", ""number_of_plugs_raw"": 10, ""number_of_plugs_semantics"": ""OSM charge_points_count; values above 100 are withheld as suspicious"", ""opening_hours"": """", ""operator"": ""AmpCharge"", ""osm_last_updated"": ""2026-05-07"", ""plug_types"": ""CCS|CHAdeMO"", ""power_kw_max"": null, ""power_kw_min"": null, ""power_kw_values"": [], ""pricing_info"": """", ""station_name"": """"}",2,2,254.2407631532813,coordinate exceeds 100m automatic threshold,False,unmatched,unmatched,,,,,{},0,0,,,False,unmatched,unmatched,,,,,{},0,0,,,False,unmatched,review,,0,,0,OSM,OSM:13036304448,,,,,,,{},0,0,False,,,review_candidate,OSM: coordinate exceeds 100m automatic threshold,yes,,no,,no,,no,OSM: coordinate exceeds 100m automatic threshold,yes,pending,medium_review,pending,,,,,,,{},medium_review,,none,,,not_screened,No accepted external match or no review bound to the current external record.,,https://www.openstreetmap.org/node/13036304448,
TFNSW-1037,1037,"92 Houston Rd, Kingsford NSW 2032, Australia","92 Houston Road, Kingsford NSW 2032",,2032,,True,1035,Evie Networks,"92 Houston Road, Kingsford NSW 2032",Evie Networks,2,DC,50 kW,-33.9242319,151.2266791,,2032,,,True,unmatched,unmatched,,,,,{},0,0,,,False,review,coordinate_500m,497.9055094934751,0.0,13206142331,,"{""access_condition"": ""Free Access"", ""accessibility"": ""Unknown"", ""allows_card_payment"": false, ""allows_reservation"": false, ""charger_capacities"": null, ""connector_types_normalized"": ""CCS"", ""data_provider"": ""OpenStreetMap"", ""is_free"": false, ""latitude"": -33.9197629252837, ""longitude"": 151.227017188259, ""network"": ""bp pulse"", ""number_of_plugs"": 2, ""number_of_plugs_quality"": ""valid"", ""number_of_plugs_raw"": 2, ""number_of_plugs_semantics"": ""OSM charge_points_count; values above 100 are withheld as suspicious"", ""opening_hours"": """", ""operator"": ""bp pulse"", ""osm_last_updated"": ""2025-10-10"", ""plug_types"": ""CCS"", ""power_kw_max"": null, ""power_kw_min"": null, ""power_kw_values"": [], ""pricing_info"": """", ""station_name"": """"}",1,1,,coordinate exceeds 100m automatic threshold,False,review,coordinate_500m,497.9055094934751,0.0,13206142331,,"{""access_condition"": ""Free Access"", ""accessibility"": ""Unknown"", ""allows_card_payment"": false, ""allows_reservation"": false, ""charger_capacities"": null, ""connector_types_normalized"": ""CCS"", ""data_provider"": ""OpenStreetMap"", ""is_free"": false, ""latitude"": -33.9197629252837, ""longitude"": 151.227017188259, ""network"": ""bp pulse"", ""number_of_plugs"": 2, ""number_of_plugs_quality"": ""valid"", ""number_of_plugs_raw"": 2, ""number_of_plugs_semantics"": ""OSM charge_points_count; values above 100 are withheld as suspicious"", ""opening_hours"": """", ""operator"": ""bp pulse"", ""osm_last_updated"": ""2025-10-10"", ""plug_types"": ""CCS"", ""power_kw_max"": null, ""power_kw_min"": null, ""power_kw_values"": [], ""pricing_info"": """", ""station_name"": """"}",1,1,,coordinate exceeds 100m automatic threshold,False,review,coordinate_500m,231.57331232159547,0.6357142857142858,15d06bf5-6b4a-425d-9312-bae4b17cc22b-872,"45-49 Harbourne Rd, Kingsford, NSW 2032","{""charger_capacities"": 22.0, ""connector_types_normalized"": ""Type2"", ""data_provider"": ""Charge@Large"", ""dc_port_count"": 1, ""latitude"": -33.9231777, ""longitude"": 151.2288436, ""number_of_plugs"": 1, ""number_of_plugs_quality"": ""reported_from_dc_port_count"", ""number_of_plugs_semantics"": ""Charge@Large DC-indicated port count"", ""operator"": """", ""plug_types"": ""TYPE2"", ""power_kw_max"": 22.0, ""power_kw_min"": null, ""power_kw_values"": [22.0], ""station_address"": ""45-49 Harbourne Rd, Kingsford, NSW 2032"", ""station_name"": ""Intellihub - Harbourne Road, Kingsford"", ""status_counts"": ""{\""Available\"": 1}"", ""total_port_count"": 1}",2,2,57.50261217573822,coordinate exceeds 100m automatic threshold,False,unmatched,unmatched,,,,,{},0,0,,,False,unmatched,review,,0,,0,OSM,OSM:13206142331,,,,,,,{},0,0,False,,,review_candidate,OSM: coordinate exceeds 100m automatic threshold,yes,,no,,no,,no,OSM: coordinate exceeds 100m automatic threshold,yes,pending,medium_review,pending,,,,,,,{},medium_review,,none,,,not_screened,No accepted external match or no review bound to the current external record.,,https://www.openstreetmap.org/node/13206142331,
TFNSW-1090,1090,"19 Princes Hwy, Figtree NSW 2525, Australia","19 Princes Highway, Figtree NSW 2525",,2525,,True,1088,,"19 Princes Highway, Figtree NSW 2525",Tesla Motors,6,DC,2x350kW & 2x175kW,-34.4366153,150.8632982,,2525,,,True,review,coordinate_500m,151.1060032235541,0.45159090909090904,171646,"Figtree Grove Shopping Centre, The Avenue, Figtree, New South Wales, 2525","{""charger_capacities"": ""250 kW"", ""connector_types_normalized"": ""CCS"", ""data_provider"": ""Open Charge Map"", ""general_comments"": """", ""is_operational"": true, ""last_verified"": ""2023-08-30T06:17:00Z"", ""latitude"": -34.43797320339262, ""longitude"": 150.8633622012107, ""number_of_plugs"": 6.0, ""number_of_plugs_quality"": ""reported_or_derived_from_connection_quantity"", ""number_of_plugs_semantics"": ""OCM NumberOfPoints or positive connection Quantity"", ""operational_status"": ""operational"", ""operator"": ""Tesla (including non-tesla)"", ""plug_types"": ""CCS (Type 2)"", ""power_kw_max"": 250.0, ""power_kw_min"": 250.0, ""power_kw_values"": [250.0], ""station_address"": ""Figtree Grove Shopping Centre, The Avenue, Figtree, New South Wales, 2525"", ""station_name"": ""Wollongong Supercharger"", ""status"": ""Operational"", ""usage_cost"": ""$0.69/kWh""}",1,1,,coordinate exceeds 100m automatic threshold,False,accepted,coordinate_500m,5.023245389456757,0.0,6914659544,,"{""access_condition"": ""Free Access"", ""accessibility"": ""Unknown"", ""allows_card_payment"": false, ""allows_reservation"": false, ""charger_capacities"": null, ""connector_types_normalized"": """", ""data_provider"": ""OpenStreetMap"", ""is_free"": false, ""latitude"": -34.4365810166788, ""longitude"": 150.863333869454, ""network"": """", ""number_of_plugs"": null, ""number_of_plugs_quality"": ""missing_or_suspicious"", ""number_of_plugs_raw"": null, ""number_of_plugs_semantics"": ""OSM charge_points_count; values above 100 are withheld as suspicious"", ""opening_hours"": """", ""operator"": ""Chargefox"", ""osm_last_updated"": ""2022-12-15"", ""plug_types"": """", ""power_kw_max"": null, ""power_kw_min"": null, ""power_kw_values"": [], ""pricing_info"": """", ""station_name"": """"}",2,2,129.25699935587707,,False,review,coordinate_500m,134.28024474533382,0.0,10815562193,,"{""access_condition"": ""Free Access"", ""accessibility"": ""Unknown"", ""allows_card_payment"": false, ""allows_reservation"": false, ""charger_capacities"": null, ""connector_types_normalized"": ""CCS"", ""data_provider"": ""OpenStreetMap"", ""is_free"": false, ""latitude"": -34.4378190237775, ""longitude"": 150.86341559301, ""network"": ""Supercharger"", ""number_of_plugs"": 4, ""number_of_plugs_quality"": ""valid"", ""number_of_plugs_raw"": 4, ""number_of_plugs_semantics"": ""OSM charge_points_count; values above 100 are withheld as suspicious"", ""opening_hours"": ""24/7"", ""operator"": ""Tesla"", ""osm_last_updated"": ""2026-03-29"", ""plug_types"": ""CCS"", ""power_kw_max"": null, ""power_kw_min"": null, ""power_kw_values"": [], ""pricing_info"": """", ""station_name"": ""Wollongong Supercharger""}",1,1,,coordinate exceeds 100m automatic threshold,False,unmatched,unmatched,,,,,{},0,0,,,False,unmatched,unmatched,,,,,{},0,0,,,False,accepted,review,,0,,0,OCM;OSM,OCM:171646;OSM:10815562193,,,,,,,{},0,0,False,,,review_candidate,OCM: coordinate exceeds 100m automatic threshold; OSM: coordinate exceeds 100m automatic threshold,yes,,no,,no,,no,OCM: coordinate exceeds 100m automatic threshold; OSM: coordinate exceeds 100m automatic threshold,yes,pending,medium_review,pending,,,,,,,{},medium_review,,none,,,not_screened,No accepted external match or no review bound to the current external record.,https://openchargemap.org/site/poi/details/171646,https://www.openstreetmap.org/node/10815562193,
TFNSW-1300,1300,"173 Canterbury Road, Bankstown NSW 2200","173 Canterbury Road, Bankstown NSW 2200",2200,2200,2200,False,1298,,"173 Canterbury Road, Bankstown NSW 2200",Tesla,6,DC,175 kW,-33.9336017,151.0299345,Canterbury Bankstown Council,2200,Fast Charging R1,2200,False,review,coordinate_500m,137.94298302397812,0.42549019607843136,308738,"Chapel Road, Bankstown, NSW","{""charger_capacities"": ""250 kW"", ""connector_types_normalized"": ""CCS"", ""data_provider"": ""Open Charge Map"", ""general_comments"": """", ""is_operational"": true, ""last_verified"": ""2025-03-04T03:29:00Z"", ""latitude"": -33.933123083981414, ""longitude"": 151.0285550577326, ""number_of_plugs"": 6.0, ""number_of_plugs_quality"": ""reported_or_derived_from_connection_quantity"", ""number_of_plugs_semantics"": ""OCM NumberOfPoints or positive connection Quantity"", ""operational_status"": ""operational"", ""operator"": ""Tesla (including non-tesla)"", ""plug_types"": ""CCS (Type 2)"", ""power_kw_max"": 250.0, ""power_kw_min"": 250.0, ""power_kw_values"": [250.0], ""station_address"": ""Chapel Road, Bankstown, NSW"", ""station_name"": ""Tesla Supercharger Bankstown"", ""status"": ""Operational"", ""usage_cost"": ""$0.69/kWh""}",2,2,39.71048871366378,coordinate exceeds 100m automatic threshold,False,review,coordinate_500m,168.25694041898552,0.0,12560173013,,"{""access_condition"": ""Free Access"", ""accessibility"": ""Unknown"", ""allows_card_payment"": false, ""allows_reservation"": false, ""charger_capacities"": null, ""connector_types_normalized"": ""CCS"", ""data_provider"": ""OpenStreetMap"", ""is_free"": false, ""latitude"": -33.9327164022671, ""longitude"": 151.028455434134, ""network"": ""Supercharger"", ""number_of_plugs"": 6, ""number_of_plugs_quality"": ""valid"", ""number_of_plugs_raw"": 6, ""number_of_plugs_semantics"": ""OSM charge_points_count; values above 100 are withheld as suspicious"", ""opening_hours"": ""24/7"", ""operator"": ""Tesla"", ""osm_last_updated"": ""2026-03-29"", ""plug_types"": ""CCS"", ""power_kw_max"": null, ""power_kw_min"": null, ""power_kw_values"": [], ""pricing_info"": """", ""station_name"": ""Bankstown Supercharger""}",2,2,4.504608864100618,coordinate exceeds 100m automatic threshold; another coordinate candidate is within 20m of the nearest,False,review,coordinate_500m,168.25694041898552,0.0,12560173013,,"{""access_condition"": ""Free Access"", ""accessibility"": ""Unknown"", ""allows_card_payment"": false, ""allows_reservation"": false, ""charger_capacities"": null, ""connector_types_normalized"": ""CCS"", ""data_provider"": ""OpenStreetMap"", ""is_free"": false, ""latitude"": -33.9327164022671, ""longitude"": 151.028455434134, ""network"": ""Supercharger"", ""number_of_plugs"": 6, ""number_of_plugs_quality"": ""valid"", ""number_of_plugs_raw"": 6, ""number_of_plugs_semantics"": ""OSM charge_points_count; values above 100 are withheld as suspicious"", ""opening_hours"": ""24/7"", ""operator"": ""Tesla"", ""osm_last_updated"": ""2026-03-29"", ""plug_types"": ""CCS"", ""power_kw_max"": null, ""power_kw_min"": null, ""power_kw_values"": [], ""pricing_info"": """", ""station_name"": ""Bankstown Supercharger""}",2,2,4.504608864100618,coordinate exceeds 100m automatic threshold; another coordinate candidate is within 20m of the nearest,False,review,coordinate_500m,430.3341095812931,0.16357670221493026,15d06bf5-6b4a-425d-9312-bae4b17cc22b-2587,"44 Gibson Ave, Padstow, NSW 2211","{""charger_capacities"": 60.0, ""connector_types_normalized"": ""CCS"", ""data_provider"": ""Charge@Large"", ""dc_port_count"": 4, ""latitude"": -33.9368796, ""longitude"": 151.0274547, ""number_of_plugs"": 4, ""number_of_plugs_quality"": ""reported_from_dc_port_count"", ""number_of_plugs_semantics"": ""Charge@Large DC-indicated port count"", ""operator"": """", ""plug_types"": ""CCS2"", ""power_kw_max"": 60.0, ""power_kw_min"": null, ""power_kw_values"": [60.0], ""station_address"": ""44 Gibson Ave, Padstow, NSW 2211"", ""station_name"": ""RideLender Padstow"", ""status_counts"": ""{\""Available\"": 4}"", ""total_port_count"": 4}",1,1,,external postcode 2211 conflicts with source PCODE 2200; coordinate exceeds 100m automatic threshold,False,review,coordinate_500m,430.3341095812931,0.16357670221493026,15d06bf5-6b4a-425d-9312-bae4b17cc22b-2587,"44 Gibson Ave, Padstow, NSW 2211","{""charger_capacities"": 60.0, ""connector_types_normalized"": ""CCS"", ""data_provider"": ""Charge@Large"", ""dc_port_count"": 4, ""latitude"": -33.9368796, ""longitude"": 151.0274547, ""number_of_plugs"": 4, ""number_of_plugs_quality"": ""reported_from_dc_port_count"", ""number_of_plugs_semantics"": ""Charge@Large DC-indicated port count"", ""operator"": """", ""plug_types"": ""CCS2"", ""power_kw_max"": 60.0, ""power_kw_min"": null, ""power_kw_values"": [60.0], ""station_address"": ""44 Gibson Ave, Padstow, NSW 2211"", ""station_name"": ""RideLender Padstow"", ""status_counts"": ""{\""Available\"": 4}"", ""total_port_count"": 4}",1,1,,external postcode 2211 conflicts with source PCODE 2200; coordinate exceeds 100m automatic threshold,False,unmatched,review,,0,,0,OCM;OSM;Charge@Large,OCM:308738;OSM:12560173013;Charge@Large:15d06bf5-6b4a-425d-9312-bae4b17cc22b-2587,,,,,,,{},0,0,False,,,review_candidate,OCM: coordinate exceeds 100m automatic threshold; OSM: coordinate exceeds 100m automatic threshold; another coordinate candidate is within 20m of the nearest; Charge@Large: external postcode 2211 conflicts with source PCODE 2200; coordinate exceeds 100m automatic threshold,yes,,no,,no,,no,OCM: coordinate exceeds 100m automatic threshold; OSM: coordinate exceeds 100m automatic threshold; another coordinate candidate is within 20m of the nearest; Charge@Large: external postcode 2211 conflicts with source PCODE 2200; coordinate exceeds 100m automatic threshold,yes,pending,medium_review,pending,,,,,,,{},medium_review,,none,,,not_screened,No accepted external match or no review bound to the current external record.,https://openchargemap.org/site/poi/details/308738,https://www.openstreetmap.org/node/12560173013,https://chargeatlarge.app/
TFNSW-1419,1419,25 Danks St Waterloo NSW 2017,25 Danks Street Waterloo NSW 2017,2017,2017,2017,False,1417,,25 Danks Street Waterloo NSW 2017,Tesla,8,DC,175 kW,-33.898174,151.2117721,"Sydney, Council of the City of",2017,Fast Charging R1,2017,False,unmatched,unmatched,,,,,{},0,0,,,False,review,coordinate_500m,175.992231396788,0.0,13167181353,,"{""access_condition"": ""Free Access"", ""accessibility"": ""Unknown"", ""allows_card_payment"": false, ""allows_reservation"": false, ""charger_capacities"": null, ""connector_types_normalized"": ""CCS"", ""data_provider"": ""OpenStreetMap"", ""is_free"": false, ""latitude"": -33.8977300031447, ""longitude"": 151.213602371325, ""network"": ""Supercharger"", ""number_of_plugs"": 8, ""number_of_plugs_quality"": ""valid"", ""number_of_plugs_raw"": 8, ""number_of_plugs_semantics"": ""OSM charge_points_count; values above 100 are withheld as suspicious"", ""opening_hours"": ""24/7"", ""operator"": ""Tesla"", ""osm_last_updated"": ""2026-03-29"", ""plug_types"": ""CCS"", ""power_kw_max"": null, ""power_kw_min"": null, ""power_kw_values"": [], ""pricing_info"": """", ""station_name"": ""Waterloo Supercharger""}",1,1,,coordinate exceeds 100m automatic threshold,False,review,coordinate_500m,175.992231396788,0.0,13167181353,,"{""access_condition"": ""Free Access"", ""accessibility"": ""Unknown"", ""allows_card_payment"": false, ""allows_reservation"": false, ""charger_capacities"": null, ""connector_types_normalized"": ""CCS"", ""data_provider"": ""OpenStreetMap"", ""is_free"": false, ""latitude"": -33.8977300031447, ""longitude"": 151.213602371325, ""network"": ""Supercharger"", ""number_of_plugs"": 8, ""number_of_plugs_quality"": ""valid"", ""number_of_plugs_raw"": 8, ""number_of_plugs_semantics"": ""OSM charge_points_count; values above 100 are withheld as suspicious"", ""opening_hours"": ""24/7"", ""operator"": ""Tesla"", ""osm_last_updated"": ""2026-03-29"", ""plug_types"": ""CCS"", ""power_kw_max"": null, ""power_kw_min"": null, ""power_kw_values"": [], ""pricing_info"": """", ""station_name"": ""Waterloo Supercharger""}",1,1,,coordinate exceeds 100m automatic threshold,False,review,coordinate_and_fuzzy_address,317.07791718111616,0.8600000000000001,e01de15b-1ce6-4c05-8f89-81b463696ce1-05499c79-aa94-4945-b4be-302838998794,"30 Danks St, Waterloo, NSW 2017","{""charger_capacities"": 22.17, ""connector_types_normalized"": ""Type2"", ""data_provider"": ""Charge@Large"", ""dc_port_count"": 1, ""latitude"": -33.898145, ""longitude"": 151.2152074, ""number_of_plugs"": 1, ""number_of_plugs_quality"": ""reported_from_dc_port_count"", ""number_of_plugs_semantics"": ""Charge@Large DC-indicated port count"", ""operator"": """", ""plug_types"": ""TYPE2"", ""power_kw_max"": 22.17, ""power_kw_min"": null, ""power_kw_values"": [22.17], ""station_address"": ""30 Danks St, Waterloo, NSW 2017"", ""station_name"": ""Meriton Suites Dank St Waterloo"", ""status_counts"": ""{\""Available\"": 1}"", ""total_port_count"": 1}",2,2,42.13813343889399,coordinate exceeds 100m automatic threshold,False,unmatched,unmatched,,,,,{},0,0,,,False,unmatched,review,,0,,0,OSM,OSM:13167181353,,,,,,,{},0,0,False,,,review_candidate,OSM: coordinate exceeds 100m automatic threshold,yes,,no,,no,,no,OSM: coordinate exceeds 100m automatic threshold,yes,pending,medium_review,pending,,,,,,,{},medium_review,,none,,,not_screened,No accepted external match or no review bound to the current external record.,,https://www.openstreetmap.org/node/13167181353,
TFNSW-1433,1433,"260 Victoria Avenue, Chatswood, NSW 2067","260 Victoria Avenue, Chatswood NSW 2067",2067,2067,2067,False,1431,,"260 Victoria Avenue, Chatswood NSW 2067",Tesla,8,DC,175 kW,-33.7949453,151.188291,Willoughby City Council,2067,Fast Charging R1,2067,False,review,coordinate_and_fuzzy_address,172.08314753559858,0.8806451612903227,266872,"345 Victoria Avenue, Chatswood, NSW, 2067","{""charger_capacities"": ""120 kW"", ""connector_types_normalized"": ""CCS"", ""data_provider"": ""Open Charge Map"", ""general_comments"": ""While marked as 120kW on both ports this will be split 60/60kW if two cars are plugged in."", ""is_operational"": true, ""last_verified"": ""2023-07-13T08:44:00Z"", ""latitude"": -33.79511781061279, ""longitude"": 151.18644036778977, ""number_of_plugs"": 2.0, ""number_of_plugs_quality"": ""reported_or_derived_from_connection_quantity"", ""number_of_plugs_semantics"": ""OCM NumberOfPoints or positive connection Quantity"", ""operational_status"": ""operational"", ""operator"": ""Chargefox"", ""plug_types"": ""CCS (Type 2)"", ""power_kw_max"": 120.0, ""power_kw_min"": 120.0, ""power_kw_values"": [120.0], ""station_address"": ""345 Victoria Avenue, Chatswood, NSW, 2067"", ""station_name"": ""Chatswood Chase Chargefox"", ""status"": ""Operational"", ""usage_cost"": ""$0.45/kWh""}",1,1,,coordinate exceeds 100m automatic threshold,False,review,coordinate_500m,486.8674059497807,0.0,6753244994,,"{""access_condition"": ""Free Access"", ""accessibility"": ""Unknown"", ""allows_card_payment"": false, ""allows_reservation"": false, ""charger_capacities"": null, ""connector_types_normalized"": """", ""data_provider"": ""OpenStreetMap"", ""is_free"": false, ""latitude"": -33.796509050774, ""longitude"": 151.183369684768, ""network"": ""EVLink"", ""number_of_plugs"": 2, ""number_of_plugs_quality"": ""valid"", ""number_of_plugs_raw"": 2, ""number_of_plugs_semantics"": ""OSM charge_points_count; values above 100 are withheld as suspicious"", ""opening_hours"": """", ""operator"": ""JET Charge"", ""osm_last_updated"": ""2026-06-28"", ""plug_types"": """", ""power_kw_max"": null, ""power_kw_min"": null, ""power_kw_values"": [], ""pricing_info"": """", ""station_name"": """"}",1,1,,coordinate exceeds 100m automatic threshold,False,unmatched,unmatched,,,,,{},0,0,,,False,review,coordinate_and_fuzzy_address,188.19270240340757,0.86140350877193,15d06bf5-6b4a-425d-9312-bae4b17cc22b-2543,"345 Victoria Ave, Chatswood, NSW 2067","{""charger_capacities"": 180.0, ""connector_types_normalized"": ""CCS;Type2"", ""data_provider"": ""Charge@Large"", ""dc_port_count"": 2, ""latitude"": -33.7940051, ""longitude"": 151.1865976, ""number_of_plugs"": 2, ""number_of_plugs_quality"": ""reported_from_dc_port_count"", ""number_of_plugs_semantics"": ""Charge@Large DC-indicated port count"", ""operator"": """", ""plug_types"": ""CCS2|TYPE2"", ""power_kw_max"": 180.0, ""power_kw_min"": null, ""power_kw_values"": [180.0], ""station_address"": ""345 Victoria Ave, Chatswood, NSW 2067"", ""station_name"": ""Chatswood Chase"", ""status_counts"": ""{\""Available\"": 4}"", ""total_port_count"": 4}",5,5,77.37151851206482,coordinate exceeds 100m automatic threshold,False,review,coordinate_and_fuzzy_address,188.19270240340757,0.86140350877193,15d06bf5-6b4a-425d-9312-bae4b17cc22b-2543,"345 Victoria Ave, Chatswood, NSW 2067","{""charger_capacities"": 180.0, ""connector_types_normalized"": ""CCS;Type2"", ""data_provider"": ""Charge@Large"", ""dc_port_count"": 2, ""latitude"": -33.7940051, ""longitude"": 151.1865976, ""number_of_plugs"": 2, ""number_of_plugs_quality"": ""reported_from_dc_port_count"", ""number_of_plugs_semantics"": ""Charge@Large DC-indicated port count"", ""operator"": """", ""plug_types"": ""CCS2|TYPE2"", ""power_kw_max"": 180.0, ""power_kw_min"": null, ""power_kw_values"": [180.0], ""station_address"": ""345 Victoria Ave, Chatswood, NSW 2067"", ""station_name"": ""Chatswood Chase"", ""status_counts"": ""{\""Available\"": 4}"", ""total_port_count"": 4}",3,3,77.37151851206482,coordinate exceeds 100m automatic threshold,False,unmatched,review,,0,,0,OCM;Charge@Large,OCM:266872;Charge@Large:15d06bf5-6b4a-425d-9312-bae4b17cc22b-2543,,,,,,,{},0,0,False,,,review_candidate,OCM: coordinate exceeds 100m automatic threshold; Charge@Large: coordinate exceeds 100m automatic threshold,yes,,no,,no,,no,OCM: coordinate exceeds 100m automatic threshold; Charge@Large: coordinate exceeds 100m automatic threshold,yes,pending,medium_review,pending,,,,,,,{},medium_review,,none,,,not_screened,No accepted external match or no review bound to the current external record.,https://openchargemap.org/site/poi/details/266872,,https://chargeatlarge.app/
TFNSW-1447,1447,"2-8 Turramurra Ave
Turramurra NSW 2074
Australia","2-8 Turramurra Avenue, Turramurra NSW 2074",2074,2074,2074,False,1445,,"2-8 Turramurra Avenue, Turramurra NSW 2074",Evie Networks,4,DC,75 kW,-33.732342,151.1304142,Ku-ring-gai Council,2074,Kerbside Charging R1,2074,False,unmatched,unmatched,,,,,{},0,0,,,False,unmatched,unmatched,,,,,{},0,0,,,False,unmatched,unmatched,,,,,{},0,0,,,False,review,coordinate_500m,285.7597084844761,0.39801886792452834,15d06bf5-6b4a-425d-9312-bae4b17cc22b-1309,"5 Ray St, Turramurra, NSW 2074","{""charger_capacities"": 40.0, ""connector_types_normalized"": ""CCS"", ""data_provider"": ""Charge@Large"", ""dc_port_count"": 2, ""latitude"": -33.7320174, ""longitude"": 151.1273488, ""number_of_plugs"": 2, ""number_of_plugs_quality"": ""reported_from_dc_port_count"", ""number_of_plugs_semantics"": ""Charge@Large DC-indicated port count"", ""operator"": """", ""plug_types"": ""CCS2"", ""power_kw_max"": 40.0, ""power_kw_min"": null, ""power_kw_values"": [40.0], ""station_address"": ""5 Ray St, Turramurra, NSW 2074"", ""station_name"": ""Turramurra Library"", ""status_counts"": ""{\""Available\"": 2}"", ""total_port_count"": 2}",1,1,,coordinate exceeds 100m automatic threshold,False,review,coordinate_500m,285.7597084844761,0.39801886792452834,15d06bf5-6b4a-425d-9312-bae4b17cc22b-1309,"5 Ray St, Turramurra, NSW 2074","{""charger_capacities"": 40.0, ""connector_types_normalized"": ""CCS"", ""data_provider"": ""Charge@Large"", ""dc_port_count"": 2, ""latitude"": -33.7320174, ""longitude"": 151.1273488, ""number_of_plugs"": 2, ""number_of_plugs_quality"": ""reported_from_dc_port_count"", ""number_of_plugs_semantics"": ""Charge@Large DC-indicated port count"", ""operator"": """", ""plug_types"": ""CCS2"", ""power_kw_max"": 40.0, ""power_kw_min"": null, ""power_kw_values"": [40.0], ""station_address"": ""5 Ray St, Turramurra, NSW 2074"", ""station_name"": ""Turramurra Library"", ""status_counts"": ""{\""Available\"": 2}"", ""total_port_count"": 2}",1,1,,coordinate exceeds 100m automatic threshold,False,unmatched,review,,0,,0,Charge@Large,Charge@Large:15d06bf5-6b4a-425d-9312-bae4b17cc22b-1309,,,,,,,{},0,0,False,,,review_candidate,Charge@Large: coordinate exceeds 100m automatic threshold,yes,,no,,no,,no,Charge@Large: coordinate exceeds 100m automatic threshold,yes,pending,medium_review,pending,,,,,,,{},medium_review,,none,,,not_screened,No accepted external match or no review bound to the current external record.,,,https://chargeatlarge.app/
TFNSW-1525,1525,"392 Manns Road, West Gosford NSW 2250 Australia","392 Manns Road, West Gosford NSW 2250",2250,2250,2250,False,1523,,"392 Manns Road, West Gosford NSW 2250",Tesla,12,DC,175 kW,-33.4258966,151.3205356,Central Coast Council,2250,Fast Charging R1,2250,False,unmatched,unmatched,,,,,{},0,0,,,False,review,coordinate_500m,105.96286581023912,0.0,12167451932,,"{""access_condition"": ""Free Access"", ""accessibility"": ""Unknown"", ""allows_card_payment"": false, ""allows_reservation"": false, ""charger_capacities"": null, ""connector_types_normalized"": ""CCS"", ""data_provider"": ""OpenStreetMap"", ""is_free"": false, ""latitude"": -33.4249948551101, ""longitude"": 151.320166367873, ""network"": ""Tesla Supercharger"", ""number_of_plugs"": 12, ""number_of_plugs_quality"": ""valid"", ""number_of_plugs_raw"": 12, ""number_of_plugs_semantics"": ""OSM charge_points_count; values above 100 are withheld as suspicious"", ""opening_hours"": """", ""operator"": ""Tesla"", ""osm_last_updated"": ""2025-10-07"", ""plug_types"": ""CCS"", ""power_kw_max"": null, ""power_kw_min"": null, ""power_kw_values"": [], ""pricing_info"": """", ""station_name"": ""Tesla Supercharger""}",2,2,92.69224159638975,coordinate exceeds 100m automatic threshold,False,review,coordinate_500m,105.96286581023912,0.0,12167451932,,"{""access_condition"": ""Free Access"", ""accessibility"": ""Unknown"", ""allows_card_payment"": false, ""allows_reservation"": false, ""charger_capacities"": null, ""connector_types_normalized"": ""CCS"", ""data_provider"": ""OpenStreetMap"", ""is_free"": false, ""latitude"": -33.4249948551101, ""longitude"": 151.320166367873, ""network"": ""Tesla Supercharger"", ""number_of_plugs"": 12, ""number_of_plugs_quality"": ""valid"", ""number_of_plugs_raw"": 12, ""number_of_plugs_semantics"": ""OSM charge_points_count; values above 100 are withheld as suspicious"", ""opening_hours"": """", ""operator"": ""Tesla"", ""osm_last_updated"": ""2025-10-07"", ""plug_types"": ""CCS"", ""power_kw_max"": null, ""power_kw_min"": null, ""power_kw_values"": [], ""pricing_info"": """", ""station_name"": ""Tesla Supercharger""}",2,2,92.69224159638975,coordinate exceeds 100m automatic threshold,False,review,coordinate_500m,363.57435725029916,0.39628571428571424,15d06bf5-6b4a-425d-9312-bae4b17cc22b-1609,"26 Central Coast Hwy, West Gosford, NSW 2250","{""charger_capacities"": 22.0, ""connector_types_normalized"": ""Type2"", ""data_provider"": ""Charge@Large"", ""dc_port_count"": 4, ""latitude"": -33.4289794, ""longitude"": 151.3218412, ""number_of_plugs"": 4, ""number_of_plugs_quality"": ""reported_from_dc_port_count"", ""number_of_plugs_semantics"": ""Charge@Large DC-indicated port count"", ""operator"": """", ""plug_types"": ""TYPE2"", ""power_kw_max"": 22.0, ""power_kw_min"": null, ""power_kw_values"": [22.0], ""station_address"": ""26 Central Coast Hwy, West Gosford, NSW 2250"", ""station_name"": ""Gosford RSL Club"", ""status_counts"": ""{\""Available\"": 3, \""Charging\"": 1}"", ""total_port_count"": 4}",1,1,,coordinate exceeds 100m automatic threshold,False,unmatched,unmatched,,,,,{},0,0,,,False,unmatched,review,,0,,0,OSM,OSM:12167451932,,,,,,,{},0,0,False,,,review_candidate,OSM: coordinate exceeds 100m automatic threshold,yes,,no,,no,,no,OSM: coordinate exceeds 100m automatic threshold,yes,pending,medium_review,pending,,,,,,,{},medium_review,,none,,,not_screened,No accepted external match or no review bound to the current external record.,,https://www.openstreetmap.org/node/12167451932,
TFNSW-1549,1549,"424 Hoxton Park Rd, Prestons, NSW, 2170","424 Hoxton Park Road, Prestons NSW 2170",2170,2170,2170,False,1547,,"424 Hoxton Park Road, Prestons NSW 2170",NRMA Electric,4,DC,175 kW,-33.9304674,150.8750193,Liverpool City Council,2170,Fast Charging R1,2170,False,unmatched,unmatched,,,,,{},0,0,,,False,accepted,coordinate_500m,60.33294372753167,0.0,12434721630,,"{""access_condition"": ""Free Access"", ""accessibility"": ""Unknown"", ""allows_card_payment"": false, ""allows_reservation"": false, ""charger_capacities"": null, ""connector_types_normalized"": """", ""data_provider"": ""OpenStreetMap"", ""is_free"": false, ""latitude"": -33.9300967222492, ""longitude"": 150.875496849149, ""network"": """", ""number_of_plugs"": null, ""number_of_plugs_quality"": ""missing_or_suspicious"", ""number_of_plugs_raw"": null, ""number_of_plugs_semantics"": ""OSM charge_points_count; values above 100 are withheld as suspicious"", ""opening_hours"": """", ""operator"": ""NRMA"", ""osm_last_updated"": ""2024-12-20"", ""plug_types"": """", ""power_kw_max"": null, ""power_kw_min"": null, ""power_kw_values"": [], ""pricing_info"": """", ""station_name"": """"}",1,1,,,False,unmatched,unmatched,,,,,{},0,0,,,False,review,coordinate_and_fuzzy_address,284.4731350331443,0.876271186440678,15d06bf5-6b4a-425d-9312-bae4b17cc22b-214,"402 Hoxton Park Rd, Prestons, NSW 2170","{""charger_capacities"": 40.0, ""connector_types_normalized"": ""CCS"", ""data_provider"": ""Charge@Large"", ""dc_port_count"": 1, ""latitude"": -33.9289188, ""longitude"": 150.8774736, ""number_of_plugs"": 1, ""number_of_plugs_quality"": ""reported_from_dc_port_count"", ""number_of_plugs_semantics"": ""Charge@Large DC-indicated port count"", ""operator"": """", ""plug_types"": ""CCS2"", ""power_kw_max"": 40.0, ""power_kw_min"": null, ""power_kw_values"": [40.0], ""station_address"": ""402 Hoxton Park Rd, Prestons, NSW 2170"", ""station_name"": ""Eagers Automotive - Hoxton Park"", ""status_counts"": ""{\""Missing\"": 1}"", ""total_port_count"": 1}",1,1,,coordinate exceeds 100m automatic threshold,False,review,coordinate_and_fuzzy_address,284.4731350331443,0.876271186440678,15d06bf5-6b4a-425d-9312-bae4b17cc22b-214,"402 Hoxton Park Rd, Prestons, NSW 2170","{""charger_capacities"": 40.0, ""connector_types_normalized"": ""CCS"", ""data_provider"": ""Charge@Large"", ""dc_port_count"": 1, ""latitude"": -33.9289188, ""longitude"": 150.8774736, ""number_of_plugs"": 1, ""number_of_plugs_quality"": ""reported_from_dc_port_count"", ""number_of_plugs_semantics"": ""Charge@Large DC-indicated port count"", ""operator"": """", ""plug_types"": ""CCS2"", ""power_kw_max"": 40.0, ""power_kw_min"": null, ""power_kw_values"": [40.0], ""station_address"": ""402 Hoxton Park Rd, Prestons, NSW 2170"", ""station_name"": ""Eagers Automotive - Hoxton Park"", ""status_counts"": ""{\""Missing\"": 1}"", ""total_port_count"": 1}",1,1,,coordinate exceeds 100m automatic threshold,False,accepted,review,,0,,0,Charge@Large,Charge@Large:15d06bf5-6b4a-425d-9312-bae4b17cc22b-214,,,,,,,{},0,0,False,,,review_candidate,Charge@Large: coordinate exceeds 100m automatic threshold,yes,,no,,no,,no,Charge@Large: coordinate exceeds 100m automatic threshold,yes,pending,medium_review,pending,,,,,,,{},medium_review,,none,,,not_screened,No accepted external match or no review bound to the current external record.,,,https://chargeatlarge.app/
TFNSW-1563,1563,"46 Wynter St, Taree NSW 2430, Australia","46 Wynter Street, Taree NSW 2430",2430,2430,2430,False,1561,,"46 Wynter Street, Taree NSW 2430",Tesla,12,DC,175 kW,-31.9091185,152.4602815,Mid-Coast Council,2430,Fast Charging R1,2430,False,review,coordinate_and_fuzzy_address,227.0198329803968,0.882608695652174,460625,"37 Wynter Street, Taree, NSW, 2430","{""charger_capacities"": ""250 kW"", ""connector_types_normalized"": ""CCS"", ""data_provider"": ""Open Charge Map"", ""general_comments"": """", ""is_operational"": true, ""last_verified"": ""2026-09-05T11:22:00Z"", ""latitude"": -31.90775175578876, ""longitude"": 152.46206814642426, ""number_of_plugs"": 12.0, ""number_of_plugs_quality"": ""reported_or_derived_from_connection_quantity"", ""number_of_plugs_semantics"": ""OCM NumberOfPoints or positive connection Quantity"", ""operational_status"": ""operational"", ""operator"": ""Tesla (including non-tesla)"", ""plug_types"": ""CCS (Type 2)"", ""power_kw_max"": 250.0, ""power_kw_min"": 250.0, ""power_kw_values"": [250.0], ""station_address"": ""37 Wynter Street, Taree, NSW, 2430"", ""station_name"": ""Tesla Supercharger Taree"", ""status"": ""Operational"", ""usage_cost"": """"}",1,1,,coordinate exceeds 100m automatic threshold,False,review,coordinate_500m,180.52025875529836,0.0,11952634938,,"{""access_condition"": ""Free Access"", ""accessibility"": ""Unknown"", ""allows_card_payment"": true, ""allows_reservation"": false, ""charger_capacities"": null, ""connector_types_normalized"": ""CCS"", ""data_provider"": ""OpenStreetMap"", ""is_free"": false, ""latitude"": -31.907986637701, ""longitude"": 152.461652498797, ""network"": ""Tesla Supercharger"", ""number_of_plugs"": 12, ""number_of_plugs_quality"": ""valid"", ""number_of_plugs_raw"": 12, ""number_of_plugs_semantics"": ""OSM charge_points_count; values above 100 are withheld as suspicious"", ""opening_hours"": """", ""operator"": ""Tesla"", ""osm_last_updated"": ""2026-06-20"", ""plug_types"": ""CCS"", ""power_kw_max"": null, ""power_kw_min"": null, ""power_kw_values"": [], ""pricing_info"": """", ""station_name"": ""Tesla Supercharger""}",1,1,,coordinate exceeds 100m automatic threshold,False,review,coordinate_500m,180.52025875529836,0.0,11952634938,,"{""access_condition"": ""Free Access"", ""accessibility"": ""Unknown"", ""allows_card_payment"": true, ""allows_reservation"": false, ""charger_capacities"": null, ""connector_types_normalized"": ""CCS"", ""data_provider"": ""OpenStreetMap"", ""is_free"": false, ""latitude"": -31.907986637701, ""longitude"": 152.461652498797, ""network"": ""Tesla Supercharger"", ""number_of_plugs"": 12, ""number_of_plugs_quality"": ""valid"", ""number_of_plugs_raw"": 12, ""number_of_plugs_semantics"": ""OSM charge_points_count; values above 100 are withheld as suspicious"", ""opening_hours"": """", ""operator"": ""Tesla"", ""osm_last_updated"": ""2026-06-20"", ""plug_types"": ""CCS"", ""power_kw_max"": null, ""power_kw_min"": null, ""power_kw_values"": [], ""pricing_info"": """", ""station_name"": ""Tesla Supercharger""}",1,1,,coordinate exceeds 100m automatic threshold,False,unmatched,unmatched,,,,,{},0,0,,,False,unmatched,unmatched,,,,,{},0,0,,,False,unmatched,review,,0,,0,OCM;OSM,OCM:460625;OSM:11952634938,,,,,,,{},0,0,False,,,review_candidate,OCM: coordinate exceeds 100m automatic threshold; OSM: coordinate exceeds 100m automatic threshold,yes,,no,,no,,no,OCM: coordinate exceeds 100m automatic threshold; OSM: coordinate exceeds 100m automatic threshold,yes,pending,medium_review,pending,,,,,,,{},medium_review,,none,,,not_screened,No accepted external match or no review bound to the current external record.,https://openchargemap.org/site/poi/details/460625,https://www.openstreetmap.org/node/11952634938,
TFNSW-1689,1689,"76 Glossop St, North St Marys NSW 2760, Australia","76 Glossop Street, North Street Marys NSW 2760",2760,2760,2760,False,1687,,"76 Glossop Street, North Street Marys NSW 2760",BP,4,DC,175 kW,-33.7601979,150.7816339,Penrith City Council,2760,Fast Charging R1,2760,False,unmatched,unmatched,,,,,{},0,0,,,False,review,coordinate_500m,8.125928477336457,0.0,13346922346,,"{""access_condition"": ""Free Access"", ""accessibility"": ""Unknown"", ""allows_card_payment"": false, ""allows_reservation"": false, ""charger_capacities"": null, ""connector_types_normalized"": ""CCS;CHAdeMO"", ""data_provider"": ""OpenStreetMap"", ""is_free"": false, ""latitude"": -33.7602342693148, ""longitude"": 150.781710141979, ""network"": ""bp pulse"", ""number_of_plugs"": 2, ""number_of_plugs_quality"": ""valid"", ""number_of_plugs_raw"": 2, ""number_of_plugs_semantics"": ""OSM charge_points_count; values above 100 are withheld as suspicious"", ""opening_hours"": """", ""operator"": ""bp pulse"", ""osm_last_updated"": ""2025-12-02"", ""plug_types"": ""CCS|CHAdeMO"", ""power_kw_max"": null, ""power_kw_min"": null, ""power_kw_values"": [], ""pricing_info"": """", ""station_name"": """"}",2,2,3.9863965785807967,another coordinate candidate is within 20m of the nearest,False,review,coordinate_500m,8.125928477336457,0.0,13346922346,,"{""access_condition"": ""Free Access"", ""accessibility"": ""Unknown"", ""allows_card_payment"": false, ""allows_reservation"": false, ""charger_capacities"": null, ""connector_types_normalized"": ""CCS;CHAdeMO"", ""data_provider"": ""OpenStreetMap"", ""is_free"": false, ""latitude"": -33.7602342693148, ""longitude"": 150.781710141979, ""network"": ""bp pulse"", ""number_of_plugs"": 2, ""number_of_plugs_quality"": ""valid"", ""number_of_plugs_raw"": 2, ""number_of_plugs_semantics"": ""OSM charge_points_count; values above 100 are withheld as suspicious"", ""opening_hours"": """", ""operator"": ""bp pulse"", ""osm_last_updated"": ""2025-12-02"", ""plug_types"": ""CCS|CHAdeMO"", ""power_kw_max"": null, ""power_kw_min"": null, ""power_kw_values"": [], ""pricing_info"": """", ""station_name"": """"}",2,2,3.9863965785807967,another coordinate candidate is within 20m of the nearest,False,unmatched,unmatched,,,,,{},0,0,,,False,unmatched,unmatched,,,,,{},0,0,,,False,unmatched,review,,0,,0,OSM,OSM:13346922346,,,,,,,{},0,0,False,,,review_candidate,OSM: another coordinate candidate is within 20m of the nearest,yes,,no,,no,,no,OSM: another coordinate candidate is within 20m of the nearest,yes,pending,medium_review,pending,,,,,,,{},medium_review,,none,,,not_screened,No accepted external match or no review bound to the current external record.,,https://www.openstreetmap.org/node/13346922346,
TFNSW-1719,1719,"85 South St, Ulladulla NSW 2539, Australia","85 South Street, Ulladulla NSW 2539",2539,2539,2539,False,1717,,"85 South Street, Ulladulla NSW 2539",Evie Networks,4,DC,175 kW,-35.3595567,150.4754013,Shoalhaven City Council,2539,Fast Charging R1,2539,False,unmatched,unmatched,,,,,{},0,0,,,False,review,coordinate_500m,283.15638847846026,0.0,12599800358,,"{""access_condition"": ""Free Access"", ""accessibility"": ""Unknown"", ""allows_card_payment"": false, ""allows_reservation"": false, ""charger_capacities"": null, ""connector_types_normalized"": ""CCS;CHAdeMO"", ""data_provider"": ""OpenStreetMap"", ""is_free"": false, ""latitude"": -35.357667602045, ""longitude"": 150.47330748626, ""network"": """", ""number_of_plugs"": null, ""number_of_plugs_quality"": ""missing_or_suspicious"", ""number_of_plugs_raw"": null, ""number_of_plugs_semantics"": ""OSM charge_points_count; values above 100 are withheld as suspicious"", ""opening_hours"": """", ""operator"": """", ""osm_last_updated"": ""2025-02-19"", ""plug_types"": ""CCS|CHAdeMO"", ""power_kw_max"": null, ""power_kw_min"": null, ""power_kw_values"": [], ""pricing_info"": """", ""station_name"": """"}",1,1,,coordinate exceeds 100m automatic threshold,False,review,coordinate_500m,283.15638847846026,0.0,12599800358,,"{""access_condition"": ""Free Access"", ""accessibility"": ""Unknown"", ""allows_card_payment"": false, ""allows_reservation"": false, ""charger_capacities"": null, ""connector_types_normalized"": ""CCS;CHAdeMO"", ""data_provider"": ""OpenStreetMap"", ""is_free"": false, ""latitude"": -35.357667602045, ""longitude"": 150.47330748626, ""network"": """", ""number_of_plugs"": null, ""number_of_plugs_quality"": ""missing_or_suspicious"", ""number_of_plugs_raw"": null, ""number_of_plugs_semantics"": ""OSM charge_points_count; values above 100 are withheld as suspicious"", ""opening_hours"": """", ""operator"": """", ""osm_last_updated"": ""2025-02-19"", ""plug_types"": ""CCS|CHAdeMO"", ""power_kw_max"": null, ""power_kw_min"": null, ""power_kw_values"": [], ""pricing_info"": """", ""station_name"": """"}",1,1,,coordinate exceeds 100m automatic threshold,False,review,coordinate_500m,280.26716811293534,0.36978947368421056,179ada28-f0c6-4431-a1fc-bbb2e5ec26d6-AUCHB25390001,"93 Princes Highway, Ulladulla, NSW 2539","{""charger_capacities"": 25.0, ""connector_types_normalized"": ""CCS;CHAdeMO"", ""data_provider"": ""Charge@Large"", ""dc_port_count"": 4, ""latitude"": -35.35765, ""longitude"": 150.47338, ""number_of_plugs"": 4, ""number_of_plugs_quality"": ""reported_from_dc_port_count"", ""number_of_plugs_semantics"": ""Charge@Large DC-indicated port count"", ""operator"": """", ""plug_types"": ""CCS2|CHADEMO"", ""power_kw_max"": 25.0, ""power_kw_min"": null, ""power_kw_values"": [25.0], ""station_address"": ""93 Princes Highway, Ulladulla, NSW 2539"", ""station_name"": ""Rowans Arcade"", ""status_counts"": ""{\""Available\"": 4}"", ""total_port_count"": 4}",1,1,,coordinate exceeds 100m automatic threshold,False,review,coordinate_500m,280.26716811293534,0.36978947368421056,179ada28-f0c6-4431-a1fc-bbb2e5ec26d6-AUCHB25390001,"93 Princes Highway, Ulladulla, NSW 2539","{""charger_capacities"": 25.0, ""connector_types_normalized"": ""CCS;CHAdeMO"", ""data_provider"": ""Charge@Large"", ""dc_port_count"": 4, ""latitude"": -35.35765, ""longitude"": 150.47338, ""number_of_plugs"": 4, ""number_of_plugs_quality"": ""reported_from_dc_port_count"", ""number_of_plugs_semantics"": ""Charge@Large DC-indicated port count"", ""operator"": """", ""plug_types"": ""CCS2|CHADEMO"", ""power_kw_max"": 25.0, ""power_kw_min"": null, ""power_kw_values"": [25.0], ""station_address"": ""93 Princes Highway, Ulladulla, NSW 2539"", ""station_name"": ""Rowans Arcade"", ""status_counts"": ""{\""Available\"": 4}"", ""total_port_count"": 4}",1,1,,coordinate exceeds 100m automatic threshold,False,unmatched,review,,0,,0,OSM;Charge@Large,OSM:12599800358;Charge@Large:179ada28-f0c6-4431-a1fc-bbb2e5ec26d6-AUCHB25390001,,,,,,,{},0,0,False,,,review_candidate,OSM: coordinate exceeds 100m automatic threshold; Charge@Large: coordinate exceeds 100m automatic threshold,yes,,no,,no,,no,OSM: coordinate exceeds 100m automatic threshold; Charge@Large: coordinate exceeds 100m automatic threshold,yes,pending,medium_review,pending,,,,,,,{},medium_review,,none,,,not_screened,No accepted external match or no review bound to the current external record.,,https://www.openstreetmap.org/node/12599800358,https://chargeatlarge.app/
TFNSW-1724,1724,"872 Anzac Pde, Maroubra, NSW, 2035","872 Anzac Parade, Maroubra NSW 2035",2035,2035,2035,False,1722,,"872 Anzac Parade, Maroubra NSW 2035",Evie Networks,4,DC,75 kW,-33.9406054,151.2395169,Randwick City Council,2035,Kerbside Charging R1,2035,False,unmatched,unmatched,,,,,{},0,0,,,False,review,coordinate_500m,271.39048937920495,0.0,13206154678,,"{""access_condition"": ""Free Access"", ""accessibility"": ""Unknown"", ""allows_card_payment"": false, ""allows_reservation"": false, ""charger_capacities"": null, ""connector_types_normalized"": ""CCS"", ""data_provider"": ""OpenStreetMap"", ""is_free"": false, ""latitude"": -33.943045840643, ""longitude"": 151.239557521235, ""network"": """", ""number_of_plugs"": 2, ""number_of_plugs_quality"": ""valid"", ""number_of_plugs_raw"": 2, ""number_of_plugs_semantics"": ""OSM charge_points_count; values above 100 are withheld as suspicious"", ""opening_hours"": """", ""operator"": ""Evie Networks"", ""osm_last_updated"": ""2025-10-10"", ""plug_types"": ""CCS"", ""power_kw_max"": null, ""power_kw_min"": null, ""power_kw_values"": [], ""pricing_info"": """", ""station_name"": """"}",3,3,26.551651365879593,coordinate exceeds 100m automatic threshold,False,review,coordinate_500m,271.39048937920495,0.0,13206154678,,"{""access_condition"": ""Free Access"", ""accessibility"": ""Unknown"", ""allows_card_payment"": false, ""allows_reservation"": false, ""charger_capacities"": null, ""connector_types_normalized"": ""CCS"", ""data_provider"": ""OpenStreetMap"", ""is_free"": false, ""latitude"": -33.943045840643, ""longitude"": 151.239557521235, ""network"": """", ""number_of_plugs"": 2, ""number_of_plugs_quality"": ""valid"", ""number_of_plugs_raw"": 2, ""number_of_plugs_semantics"": ""OSM charge_points_count; values above 100 are withheld as suspicious"", ""opening_hours"": """", ""operator"": ""Evie Networks"", ""osm_last_updated"": ""2025-10-10"", ""plug_types"": ""CCS"", ""power_kw_max"": null, ""power_kw_min"": null, ""power_kw_values"": [], ""pricing_info"": """", ""station_name"": """"}",3,3,26.551651365879593,coordinate exceeds 100m automatic threshold,False,review,coordinate_500m,245.66896561492297,0.30436105476673425,baaffa39-0adb-422e-a7bf-4b391d232b5d-122,"5-17 Robey St, Maroubra, Maroubra, NSW 2035","{""charger_capacities"": 22.0, ""connector_types_normalized"": ""Type2"", ""data_provider"": ""Charge@Large"", ""dc_port_count"": 1, ""latitude"": -33.942371, ""longitude"": 151.237916, ""number_of_plugs"": 1, ""number_of_plugs_quality"": ""reported_from_dc_port_count"", ""number_of_plugs_semantics"": ""Charge@Large DC-indicated port count"", ""operator"": """", ""plug_types"": ""TYPE2"", ""power_kw_max"": 22.0, ""power_kw_min"": null, ""power_kw_values"": [22.0], ""station_address"": ""5-17 Robey St, Maroubra, Maroubra, NSW 2035"", ""station_name"": ""5-17 Robey St Maroubra NSW 2035"", ""status_counts"": ""{\""Available\"": 1}"", ""total_port_count"": 1}",2,2,115.69759252681047,coordinate exceeds 100m automatic threshold,False,unmatched,unmatched,,,,,{},0,0,,,False,unmatched,review,,0,,0,OSM,OSM:13206154678,,,,,,,{},0,0,False,,,review_candidate,OSM: coordinate exceeds 100m automatic threshold,yes,,no,,no,,no,OSM: coordinate exceeds 100m automatic threshold,yes,pending,medium_review,pending,,,,,,,{},medium_review,,none,,,not_screened,No accepted external match or no review bound to the current external record.,,https://www.openstreetmap.org/node/13206154678,
TFNSW-1760,1760,"Brewer St
Concord NSW 2137
Australia","Brewer Street, Concord NSW 2137",2137,2137,2137,False,1758,,"Brewer Street, Concord NSW 2137",Evie Networks,4,DC,75 kW,-33.8538342,151.1054057,City Of Canada Bay Council,2137,Kerbside Charging R1,2137,False,unmatched,unmatched,,,,,{},0,0,,,False,review,coordinate_500m,149.84664356889374,0.0,13168689959,,"{""access_condition"": ""Free Access"", ""accessibility"": ""Unknown"", ""allows_card_payment"": false, ""allows_reservation"": false, ""charger_capacities"": null, ""connector_types_normalized"": ""CCS"", ""data_provider"": ""OpenStreetMap"", ""is_free"": false, ""latitude"": -33.8544347072255, ""longitude"": 151.103952996218, ""network"": """", ""number_of_plugs"": 2, ""number_of_plugs_quality"": ""valid"", ""number_of_plugs_raw"": 2, ""number_of_plugs_semantics"": ""OSM charge_points_count; values above 100 are withheld as suspicious"", ""opening_hours"": """", ""operator"": ""Evie Networks"", ""osm_last_updated"": ""2025-09-25"", ""plug_types"": ""CCS"", ""power_kw_max"": null, ""power_kw_min"": null, ""power_kw_values"": [], ""pricing_info"": """", ""station_name"": """"}",1,1,,coordinate exceeds 100m automatic threshold,False,review,coordinate_500m,149.84664356889374,0.0,13168689959,,"{""access_condition"": ""Free Access"", ""accessibility"": ""Unknown"", ""allows_card_payment"": false, ""allows_reservation"": false, ""charger_capacities"": null, ""connector_types_normalized"": ""CCS"", ""data_provider"": ""OpenStreetMap"", ""is_free"": false, ""latitude"": -33.8544347072255, ""longitude"": 151.103952996218, ""network"": """", ""number_of_plugs"": 2, ""number_of_plugs_quality"": ""valid"", ""number_of_plugs_raw"": 2, ""number_of_plugs_semantics"": ""OSM charge_points_count; values above 100 are withheld as suspicious"", ""opening_hours"": """", ""operator"": ""Evie Networks"", ""osm_last_updated"": ""2025-09-25"", ""plug_types"": ""CCS"", ""power_kw_max"": null, ""power_kw_min"": null, ""power_kw_values"": [], ""pricing_info"": """", ""station_name"": """"}",1,1,,coordinate exceeds 100m automatic threshold,False,unmatched,unmatched,,,,,{},0,0,,,False,unmatched,unmatched,,,,,{},0,0,,,False,unmatched,review,,0,,0,OSM,OSM:13168689959,,,,,,,{},0,0,False,,,review_candidate,OSM: coordinate exceeds 100m automatic threshold,yes,,no,,no,,no,OSM: coordinate exceeds 100m automatic threshold,yes,pending,medium_review,pending,,,,,,,{},medium_review,,none,,,not_screened,No accepted external match or no review bound to the current external record.,,https://www.openstreetmap.org/node/13168689959,
TFNSW-1784,1784,"Gouldsbury St
Mosman NSW 2088
Australia","Gouldsbury Street, Mosman NSW 2088",2088,2088,2088,False,1782,,"Gouldsbury Street, Mosman NSW 2088",Evie Networks,2,DC,75 kW,-33.8276585,151.2423815,Mosman Municipal Council,2088,Kerbside Charging R1,2088,False,review,coordinate_500m,260.33377803097267,0.17747035573122533,191164,"6 Myahgah Road, Mosman, NSW","{""charger_capacities"": ""50 kW"", ""connector_types_normalized"": ""CHAdeMO;CCS"", ""data_provider"": ""Open Charge Map"", ""general_comments"": """", ""is_operational"": true, ""last_verified"": ""2023-07-16T22:01:00Z"", ""latitude"": -33.82544433087931, ""longitude"": 151.24146564876457, ""number_of_plugs"": 1.0, ""number_of_plugs_quality"": ""reported_or_derived_from_connection_quantity"", ""number_of_plugs_semantics"": ""OCM NumberOfPoints or positive connection Quantity"", ""operational_status"": ""operational"", ""operator"": ""Evie"", ""plug_types"": ""CHAdeMO; CCS (Type 2)"", ""power_kw_max"": 50.0, ""power_kw_min"": 50.0, ""power_kw_values"": [50.0], ""station_address"": ""6 Myahgah Road, Mosman, NSW"", ""station_name"": ""Evie Mosman"", ""status"": ""Operational"", ""usage_cost"": ""$0.40/kWh""}",2,2,153.1672575597949,coordinate exceeds 100m automatic threshold,False,review,coordinate_500m,249.21686059816668,0.0,8241597113,,"{""access_condition"": ""Free Access"", ""accessibility"": ""Unknown"", ""allows_card_payment"": false, ""allows_reservation"": false, ""charger_capacities"": null, ""connector_types_normalized"": """", ""data_provider"": ""OpenStreetMap"", ""is_free"": false, ""latitude"": -33.8255622359159, ""longitude"": 151.241426853281, ""network"": """", ""number_of_plugs"": 2, ""number_of_plugs_quality"": ""valid"", ""number_of_plugs_raw"": 2, ""number_of_plugs_semantics"": ""OSM charge_points_count; values above 100 are withheld as suspicious"", ""opening_hours"": """", ""operator"": ""Evie Networks"", ""osm_last_updated"": ""2025-03-26"", ""plug_types"": """", ""power_kw_max"": null, ""power_kw_min"": null, ""power_kw_values"": [], ""pricing_info"": """", ""station_name"": """"}",2,2,153.4170038650179,coordinate exceeds 100m automatic threshold,False,unmatched,unmatched,,,,,{},0,0,,,False,unmatched,unmatched,,,,,{},0,0,,,False,unmatched,unmatched,,,,,{},0,0,,,False,unmatched,review,,0,,0,OCM,OCM:191164,,,,,,,{},0,0,False,,,review_candidate,OCM: coordinate exceeds 100m automatic threshold,yes,,no,,no,,no,OCM: coordinate exceeds 100m automatic threshold,yes,pending,medium_review,pending,,,,,,,{},medium_review,,none,,,not_screened,No accepted external match or no review bound to the current external record.,https://openchargemap.org/site/poi/details/191164,,
TFNSW-1797,1797,"Queens Rd
Five Dock NSW 2046
Australia","Queens Road, Five Dock NSW 2046",2046,2046,2046,False,1795,,"Queens Road, Five Dock NSW 2046",Evie Networks,4,DC,75 kW,-33.8696308,151.1223747,City Of Canada Bay Council,2046,Kerbside Charging R1,2046,False,unmatched,unmatched,,,,,{},0,0,,,False,review,coordinate_500m,363.987304018483,0.0,13586251301,,"{""access_condition"": ""Free Access"", ""accessibility"": ""Unknown"", ""allows_card_payment"": false, ""allows_reservation"": false, ""charger_capacities"": null, ""connector_types_normalized"": ""CCS"", ""data_provider"": ""OpenStreetMap"", ""is_free"": false, ""latitude"": -33.8686703639373, ""longitude"": 151.118605820251, ""network"": """", ""number_of_plugs"": null, ""number_of_plugs_quality"": ""missing_or_suspicious"", ""number_of_plugs_raw"": null, ""number_of_plugs_semantics"": ""OSM charge_points_count; values above 100 are withheld as suspicious"", ""opening_hours"": ""24/7"", ""operator"": ""Evie Networks"", ""osm_last_updated"": ""2026-07-09"", ""plug_types"": ""CCS"", ""power_kw_max"": null, ""power_kw_min"": null, ""power_kw_values"": [], ""pricing_info"": """", ""station_name"": """"}",1,1,,coordinate exceeds 100m automatic threshold,False,review,coordinate_500m,363.987304018483,0.0,13586251301,,"{""access_condition"": ""Free Access"", ""accessibility"": ""Unknown"", ""allows_card_payment"": false, ""allows_reservation"": false, ""charger_capacities"": null, ""connector_types_normalized"": ""CCS"", ""data_provider"": ""OpenStreetMap"", ""is_free"": false, ""latitude"": -33.8686703639373, ""longitude"": 151.118605820251, ""network"": """", ""number_of_plugs"": null, ""number_of_plugs_quality"": ""missing_or_suspicious"", ""number_of_plugs_raw"": null, ""number_of_plugs_semantics"": ""OSM charge_points_count; values above 100 are withheld as suspicious"", ""opening_hours"": ""24/7"", ""operator"": ""Evie Networks"", ""osm_last_updated"": ""2026-07-09"", ""plug_types"": ""CCS"", ""power_kw_max"": null, ""power_kw_min"": null, ""power_kw_values"": [], ""pricing_info"": """", ""station_name"": """"}",1,1,,coordinate exceeds 100m automatic threshold,False,unmatched,unmatched,,,,,{},0,0,,,False,unmatched,unmatched,,,,,{},0,0,,,False,unmatched,review,,0,,0,OSM,OSM:13586251301,,,,,,,{},0,0,False,,,review_candidate,OSM: coordinate exceeds 100m automatic threshold,yes,,no,,no,,no,OSM: coordinate exceeds 100m automatic threshold,yes,pending,medium_review,pending,,,,,,,{},medium_review,,none,,,not_screened,No accepted external match or no review bound to the current external record.,,https://www.openstreetmap.org/node/13586251301,
TFNSW-1859,1859,"105-107 Alt St
Ashfield NSW 2131
Australia","105-107 Alt Street, Ashfield NSW 2131",2131,2131,2131,False,1857,,"105-107 Alt Street, Ashfield NSW 2131",EVE Australia,2,DC,25 kW,-33.8803158,151.1299199,Inner West Council,2131,Kerbside Charging R1,2131,False,unmatched,unmatched,,,,,{},0,0,,,False,review,coordinate_500m,169.38835882211637,0.0,13854720801,,"{""access_condition"": ""Free Access"", ""accessibility"": ""Unknown"", ""allows_card_payment"": false, ""allows_reservation"": false, ""charger_capacities"": null, ""connector_types_normalized"": ""CCS;Type2"", ""data_provider"": ""OpenStreetMap"", ""is_free"": false, ""latitude"": -33.8808278115763, ""longitude"": 151.131648061589, ""network"": """", ""number_of_plugs"": null, ""number_of_plugs_quality"": ""missing_or_suspicious"", ""number_of_plugs_raw"": null, ""number_of_plugs_semantics"": ""OSM charge_points_count; values above 100 are withheld as suspicious"", ""opening_hours"": """", ""operator"": ""Chargefox"", ""osm_last_updated"": ""2026-06-12"", ""plug_types"": ""CCS|Type2"", ""power_kw_max"": null, ""power_kw_min"": null, ""power_kw_values"": [], ""pricing_info"": """", ""station_name"": """"}",1,1,,coordinate exceeds 100m automatic threshold,False,review,coordinate_500m,169.38835882211637,0.0,13854720801,,"{""access_condition"": ""Free Access"", ""accessibility"": ""Unknown"", ""allows_card_payment"": false, ""allows_reservation"": false, ""charger_capacities"": null, ""connector_types_normalized"": ""CCS;Type2"", ""data_provider"": ""OpenStreetMap"", ""is_free"": false, ""latitude"": -33.8808278115763, ""longitude"": 151.131648061589, ""network"": """", ""number_of_plugs"": null, ""number_of_plugs_quality"": ""missing_or_suspicious"", ""number_of_plugs_raw"": null, ""number_of_plugs_semantics"": ""OSM charge_points_count; values above 100 are withheld as suspicious"", ""opening_hours"": """", ""operator"": ""Chargefox"", ""osm_last_updated"": ""2026-06-12"", ""plug_types"": ""CCS|Type2"", ""power_kw_max"": null, ""power_kw_min"": null, ""power_kw_values"": [], ""pricing_info"": """", ""station_name"": """"}",1,1,,coordinate exceeds 100m automatic threshold,False,accepted,coordinate_and_fuzzy_address,0.0,0.8617021276595745,15d06bf5-6b4a-425d-9312-bae4b17cc22b-2032,"107 Alt St, Ashfield, NSW 2131","{""charger_capacities"": 22.0, ""connector_types_normalized"": ""Type2"", ""data_provider"": ""Charge@Large"", ""dc_port_count"": 2, ""latitude"": -33.8803158, ""longitude"": 151.1299199, ""number_of_plugs"": 2, ""number_of_plugs_quality"": ""reported_from_dc_port_count"", ""number_of_plugs_semantics"": ""Charge@Large DC-indicated port count"", ""operator"": """", ""plug_types"": ""TYPE2"", ""power_kw_max"": 22.0, ""power_kw_min"": null, ""power_kw_values"": [22.0], ""station_address"": ""107 Alt St, Ashfield, NSW 2131"", ""station_name"": ""107 Alt St, Ashfield"", ""status_counts"": ""{\""Available\"": 2}"", ""total_port_count"": 2}",3,3,316.8803071539012,,False,unmatched,unmatched,,,,,{},0,0,,,False,accepted,review,,0,,0,OSM,OSM:13854720801,,,,,,,{},0,0,False,,,review_candidate,OSM: coordinate exceeds 100m automatic threshold,yes,,no,,no,,no,OSM: coordinate exceeds 100m automatic threshold,yes,pending,medium_review,pending,,,,,,,{},medium_review,,none,,,not_screened,No accepted external match or no review bound to the current external record.,,https://www.openstreetmap.org/node/13854720801,
TFNSW-1886,1886,117 Tibbereena St Narrabri NSW 2390 Australia,117 Tibbereena Street Narrabri NSW 2390,2390,2390,2390,False,1884,,117 Tibbereena Street Narrabri NSW 2390,Tesla,4,DC,175 kW,-30.3226373,149.7801888,Narrabri Shire Council,2390,Fast Charging R1,2390,False,unmatched,unmatched,,,,,{},0,0,,,False,review,coordinate_500m,166.74543303606038,0.0,12259891801,,"{""access_condition"": ""Free Access"", ""accessibility"": ""Unknown"", ""allows_card_payment"": false, ""allows_reservation"": false, ""charger_capacities"": null, ""connector_types_normalized"": ""CCS"", ""data_provider"": ""OpenStreetMap"", ""is_free"": false, ""latitude"": -30.3239348457493, ""longitude"": 149.781059681843, ""network"": ""Supercharger"", ""number_of_plugs"": 4, ""number_of_plugs_quality"": ""valid"", ""number_of_plugs_raw"": 4, ""number_of_plugs_semantics"": ""OSM charge_points_count; values above 100 are withheld as suspicious"", ""opening_hours"": ""24/7"", ""operator"": ""Tesla"", ""osm_last_updated"": ""2026-03-29"", ""plug_types"": ""CCS"", ""power_kw_max"": null, ""power_kw_min"": null, ""power_kw_values"": [], ""pricing_info"": """", ""station_name"": ""Tesla Supercharger""}",2,2,273.3326077436119,coordinate exceeds 100m automatic threshold,False,review,coordinate_500m,166.74543303606038,0.0,12259891801,,"{""access_condition"": ""Free Access"", ""accessibility"": ""Unknown"", ""allows_card_payment"": false, ""allows_reservation"": false, ""charger_capacities"": null, ""connector_types_normalized"": ""CCS"", ""data_provider"": ""OpenStreetMap"", ""is_free"": false, ""latitude"": -30.3239348457493, ""longitude"": 149.781059681843, ""network"": ""Supercharger"", ""number_of_plugs"": 4, ""number_of_plugs_quality"": ""valid"", ""number_of_plugs_raw"": 4, ""number_of_plugs_semantics"": ""OSM charge_points_count; values above 100 are withheld as suspicious"", ""opening_hours"": ""24/7"", ""operator"": ""Tesla"", ""osm_last_updated"": ""2026-03-29"", ""plug_types"": ""CCS"", ""power_kw_max"": null, ""power_kw_min"": null, ""power_kw_values"": [], ""pricing_info"": """", ""station_name"": ""Tesla Supercharger""}",2,2,273.3326077436119,coordinate exceeds 100m automatic threshold,False,review,coordinate_500m,170.19476475037612,0.5028030303030303,15d06bf5-6b4a-425d-9312-bae4b17cc22b-1726,"174 Maitland St, Narrabri, NSW 2390","{""charger_capacities"": 22.0, ""connector_types_normalized"": ""Type2"", ""data_provider"": ""Charge@Large"", ""dc_port_count"": 2, ""latitude"": -30.3224988, ""longitude"": 149.7819547, ""number_of_plugs"": 2, ""number_of_plugs_quality"": ""reported_from_dc_port_count"", ""number_of_plugs_semantics"": ""Charge@Large DC-indicated port count"", ""operator"": """", ""plug_types"": ""TYPE2"", ""power_kw_max"": 22.0, ""power_kw_min"": null, ""power_kw_values"": [22.0], ""station_address"": ""174 Maitland St, Narrabri, NSW 2390"", ""station_name"": ""Adelong Motel"", ""status_counts"": ""{\""Available\"": 1, \""OutOfService\"": 1}"", ""total_port_count"": 2}",1,1,,coordinate exceeds 100m automatic threshold,False,unmatched,unmatched,,,,,{},0,0,,,False,unmatched,review,,0,,0,OSM,OSM:12259891801,,,,,,,{},0,0,False,,,review_candidate,OSM: coordinate exceeds 100m automatic threshold,yes,,no,,no,,no,OSM: coordinate exceeds 100m automatic threshold,yes,pending,medium_review,pending,,,,,,,{},medium_review,,none,,,not_screened,No accepted external match or no review bound to the current external record.,,https://www.openstreetmap.org/node/12259891801,
TFNSW-1932,1932,"154 Beach Rd, Batemans Bay NSW 2536","154 Beach Road, Batemans Bay NSW 2536",2536,2536,2536,False,1930,,"154 Beach Road, Batemans Bay NSW 2536",Tesla,6,DC,175 kW,-35.7196933,150.1897432,Eurobodalla Shire Council,2536,Fast Charging R1,2536,False,review,fuzzy_address_only,1787.298421185898,0.8830508474576272,157566,"2A Beach Road, Batemans Bay, NSW, 2536","{""charger_capacities"": ""50 kW"", ""connector_types_normalized"": ""CCS;CHAdeMO"", ""data_provider"": ""Open Charge Map"", ""general_comments"": """", ""is_operational"": true, ""last_verified"": ""2021-12-19T02:29:00Z"", ""latitude"": -35.70850475831435, ""longitude"": 150.175530096314, ""number_of_plugs"": 1.0, ""number_of_plugs_quality"": ""reported_or_derived_from_connection_quantity"", ""number_of_plugs_semantics"": ""OCM NumberOfPoints or positive connection Quantity"", ""operational_status"": ""operational"", ""operator"": ""NRMA"", ""plug_types"": ""CCS (Type 2); CHAdeMO"", ""power_kw_max"": 50.0, ""power_kw_min"": 50.0, ""power_kw_values"": [50.0], ""station_address"": ""2A Beach Road, Batemans Bay, NSW, 2536"", ""station_name"": ""Batemans Bay Visitor Centre [NRMA]"", ""status"": ""Operational"", ""usage_cost"": """"}",1,0,,fuzzy address only; coordinate exceeds 500m,False,review,coordinate_500m,119.19581732719259,0.0,12854473381,,"{""access_condition"": ""Free Access"", ""accessibility"": ""Unknown"", ""allows_card_payment"": false, ""allows_reservation"": false, ""charger_capacities"": null, ""connector_types_normalized"": ""CCS"", ""data_provider"": ""OpenStreetMap"", ""is_free"": false, ""latitude"": -35.718659659379, ""longitude"": 150.190093036311, ""network"": ""Tesla Supercharger"", ""number_of_plugs"": 6, ""number_of_plugs_quality"": ""valid"", ""number_of_plugs_raw"": 6, ""number_of_plugs_semantics"": ""OSM charge_points_count; values above 100 are withheld as suspicious"", ""opening_hours"": """", ""operator"": ""Tesla"", ""osm_last_updated"": ""2025-11-01"", ""plug_types"": ""CCS"", ""power_kw_max"": null, ""power_kw_min"": null, ""power_kw_values"": [], ""pricing_info"": """", ""station_name"": ""Tesla Supercharger""}",1,1,,coordinate exceeds 100m automatic threshold,False,review,coordinate_500m,119.19581732719259,0.0,12854473381,,"{""access_condition"": ""Free Access"", ""accessibility"": ""Unknown"", ""allows_card_payment"": false, ""allows_reservation"": false, ""charger_capacities"": null, ""connector_types_normalized"": ""CCS"", ""data_provider"": ""OpenStreetMap"", ""is_free"": false, ""latitude"": -35.718659659379, ""longitude"": 150.190093036311, ""network"": ""Tesla Supercharger"", ""number_of_plugs"": 6, ""number_of_plugs_quality"": ""valid"", ""number_of_plugs_raw"": 6, ""number_of_plugs_semantics"": ""OSM charge_points_count; values above 100 are withheld as suspicious"", ""opening_hours"": """", ""operator"": ""Tesla"", ""osm_last_updated"": ""2025-11-01"", ""plug_types"": ""CCS"", ""power_kw_max"": null, ""power_kw_min"": null, ""power_kw_values"": [], ""pricing_info"": """", ""station_name"": ""Tesla Supercharger""}",1,1,,coordinate exceeds 100m automatic threshold,False,review,fuzzy_address_only,1488.9124459888126,0.8672727272727273,15d06bf5-6b4a-425d-9312-bae4b17cc22b-324,"4-6 Beach Rd, Batemans Bay, NSW 2536","{""charger_capacities"": 22.0, ""connector_types_normalized"": ""Type2"", ""data_provider"": ""Charge@Large"", ""dc_port_count"": 2, ""latitude"": -35.7094784, ""longitude"": 150.1790805, ""number_of_plugs"": 2, ""number_of_plugs_quality"": ""reported_from_dc_port_count"", ""number_of_plugs_semantics"": ""Charge@Large DC-indicated port count"", ""operator"": """", ""plug_types"": ""TYPE2"", ""power_kw_max"": 22.0, ""power_kw_min"": null, ""power_kw_values"": [22.0], ""station_address"": ""4-6 Beach Rd, Batemans Bay, NSW 2536"", ""station_name"": ""Batemans Bay Soldiers Club"", ""status_counts"": ""{\""Available\"": 2}"", ""total_port_count"": 2}",1,0,,fuzzy address only; coordinate exceeds 500m,False,unmatched,unmatched,,,,,{},0,0,,,False,unmatched,review,,0,,0,OCM;OSM,OCM:157566;OSM:12854473381,OCM,,,,,,{},0,0,False,,,review_candidate,OCM: fuzzy address only; coordinate exceeds 500m; OSM: coordinate exceeds 100m automatic threshold,yes,,no,,no,,no,OCM: fuzzy address only; coordinate exceeds 500m; OSM: coordinate exceeds 100m automatic threshold,yes,pending,medium_review,pending,,,,,,,{},medium_review,,none,,,not_screened,No accepted external match or no review bound to the current external record.,https://openchargemap.org/site/poi/details/157566,https://www.openstreetmap.org/node/12854473381,
